SMILE A,SMILE B,SMILE C,SMILE D,SMILE E,Glass Transition Temperature (°„C),¿¥‘¥
O=C([*])C(C)O[*],OCC(C(C(C1N)O)O[*])OC1OC2C(OC(C(C2O)N)[*])CO,,,,59.1,10.3390_polym13132167_part_2.txt_∂Œ1_Material1
COC(C(C[*])([*])C)=O,OC1=C2C(C3(O)C4C5C6=C7C8C(C9=CC(C(O)=O)=C(C=C(C=C%10C(O)=O)C%11%12)C(C%11=C%13C%14C%15%16C%17(O%16)C%18C%19=C%20C%21=C%22C(C(O)=C%23)=C%24C%25C%21=C%26C%19=C%27C%17=C%28C%14(O)C%12=C%10C=C%28CC%27=CC%26=CC%25=C(C(O)=O)C=C%24)C9=C7C%13(O)C5=C%15C3=C%18C%29%30C%20(O%30)C%31C%22C%23=C%32)=CC(C(O)=O)=CC8=CC6=C(C(O)=O)C4=C2)=C%29C%33=C%31C%32=C(C(O)=O)C=C%331,[Cu],,,100,10.1002_app.41378_part_1.txt_∂Œ1_Material1
[*]NC(C(N1CCCC1C(NCC(N2CC(CC2C(NC(C(NCC([*])=O)=O)CO)=O)O)=O)=O)=O)CCCCN,,,,,41.2,10.1016_j.ijbiomac.2017.11.015_part_1.txt_∂Œ1_Material1
[*]C(NC1=C(C)C(NC(OCCO[*])=O)=CC=C1)=O,,,,,27,10.1002_pi.4783_part_1.txt_∂Œ1_Material1
O=C([*])C(C)O[*],,,,,56,10.1016_j.compositesb.2017.11.048_part_3.txt_∂Œ1_Material1
[*]CC(COC1=CC=C(C=C1)C(C)(C)C2=CC=C(C=C2)O[*])O,[*]C([H])([H])C(O)([H])[*],,,,54,10.1177_0021998320969793_part_2.txt_∂Œ1_Material1
O=C(C1=CC=C(C=C1)C(OCC[*])=O)O[*],[*]C(NC1=C(C)C(NC(OCCO[*])=O)=CC=C1)=O,,,,56.4,10.1002_app.41246_part_1.txt_∂Œ1_Material1
[*]C(NC1=C(C)C(NC(OCCO[*])=O)=CC=C1)=O,C12=C3C(C=CC4C3=C5C(CC6=CC7=C8C9=C(C(C=C%10)=CC=C9C=C7)C%11=C%10C%12)=CC4)=CC=C1C=C%12C%13=C%11C8=C6C5=C2%13,OC1=C2C(C3(O)C4C5C6=C7C8C(C9=CC(C(O)=O)=C(C=C(C=C%10C(O)=O)C%11%12)C(C%11=C%13C%14C%15%16C%17(O%16)C%18C%19=C%20C%21=C%22C(C(O)=C%23)=C%24C%25C%21=C%26C%19=C%27C%17=C%28C%14(O)C%12=C%10C=C%28CC%27=CC%26=CC%25=C(C(O)=O)C=C%24)C9=C7C%13(O)C5=C%15C3=C%18C%29%30C%20(O%30)C%31C%22C%23=C%32)=CC(C(O)=O)=CC8=CC6=C(C(O)=O)C4=C2)=C%29C%33=C%31C%32=C(C(O)=O)C=C%331,OC1=C2C(C3(O)C4C5C6=C7C8C(C9=CC(C(O)=O)=C(C=C(C=C%10C(O)=O)C%11%12)C(C%11=C%13C%14C%15%16C%17(O%16)C%18C%19=C%20C%21=C%22C(C(O)=C%23)=C%24C%25C%21=C%26C%19=C%27C%17=C%28C%14(O)C%12=C%10C=C%28CC%27=CC%26=CC%25=C(C(O)=O)C=C%24)C9=C7C%13(O)C5=C%15C3=C%18C%29%30C%20(O%30)C%31C%22C%23=C%32)=CC(C(O)=O)=CC8=CC6=C(C(O)=O)C4=C2)=C%29C%33=C%31C%32=C(C(O)=O)C=C%331,,6,10.1002_ejlt.201500029_part_1.txt_∂Œ1_Material1
[*]C(C)C[*],O=C([*])OC1=CC=C(C=C1)C(C)(C)C2=CC=C(C=C2)O[*],,,,110,10.1002_app.38764_part_1.txt_∂Œ1_Material1
[*]OCC[*],CCCC[Sn](OC(CC(C)CCCCCCCC)=O)(OC(CCCCCCCCCCC)=O)CCCC,,,,56.4,10.1002_app.38486_part_1.txt_∂Œ1_Material1
[*]CC(COC1=CC=C(C=C1)C(C)(C)C2=CC=C(C=C2)O[*])O,[Zn]=O,[Zn]=O,,,77.7,10.1016_j.porgcoat.2011.03.004_part_1.txt_∂Œ1_Material1
O=C([*])OC1=CC=C(C=C1)C(C)(C)C2=CC=C(C=C2)O[*],,,,,124,10.1021_ie302035e_part_1.txt_∂Œ1_Material1
O=C([*])CCCCCN[*],,,,,10,10.4028_www.scientific.net_amr.332-334.1490_part_1.txt_∂Œ1_Material1
O=C(C1=CC=C(C=C1)C(OCC[*])=O)O[*],O=[Al]O[Al]=O,O=[Ti]=O,O=[Si]=O,O=[Si]=O,89.6,10.1016_j.porgcoat.2013.07.009_part_1.txt_∂Œ1_Material1
[*]C(C)C[*],OCC1OC(C(C(C1[*])O)O)OC2C(C(C(OC2CO)O[*])O)O,,,,117.3,10.1016_j.conbuildmat.2013.09.028_part_1.txt_∂Œ1_Material1
[*]C1C(OC(C(C1O)O)OC2C(OC(C(C2O)O)O[*])CO)CO,O=C([*])C(C)O[*],OCC(O)CO,OC[C@@H]([C@H]([C@@H]([C@@H](CO)O)O)O)O,[*]OCC[*],50,10.1007_s10924-021-02207-1_part_1.txt_∂Œ1_Material1
[*]CC([*])Cl,O=C([O-])[O-].[Ca+2],[Mg]=O,O=[Al]O[Al]=O,O=[Si]=O,50,10.1002_app.51469_part_1.txt_∂Œ1_Material1
O=C(O)C([*])C[*],[*]C(CCCCC(OCCCCO[*])=O)=O,[*]C1C(O)C(O)C(OC2C(O)C(O)C(O[*])OC2COCCO)OC1COCCO,O=[Al]O[Al]=O.O=[Si]=O.O=[Si]=O.O=[Si]=O,O=[Al]O[Al]=O.O=[Si]=O.O=[Si]=O.O=[Si]=O,81.8,10.1002_pc.25429_part_2.txt_∂Œ1_Material1
[*]NCCCCCCCCCCCC([*])=O,,,,,12,10.1016_j.eurpolymj.2013.06.004_part_2.txt_∂Œ1_Material2
[*]C1C(O)C(O)C(OC2C(O)C(O)C(O[*])OC2COC(C)=O)OC1COC(C)=O,[*]C1C(O)C(O)C(OC2C(O)C(O)C(O[*])OC2COCCO)OC1COCCO,O=C(C1=CC=C(C=C1)OCCOC(C=C)=O)C(C)(C)O,[C],,125.14,10.1016_j.carbpol.2018.12.026_part_1.txt_∂Œ1_Material1
[*]C(C)C[*],[*]CC(C1=CC=CC=C1)[*],O=[Al]O[Al]=O.O=[Si]=O.O=[Si]=O.O.O,O=[Al]O[Al]=O.O=[Si]=O.O=[Si]=O.O.O,O=[Al]O[Al]=O.O=[Si]=O.O=[Si]=O.O.O,114.95,10.1002_app.38043_part_1.txt_∂Œ1_Material1
O=C(O[*])CCCCCCCCCCN[*],,,,,11,10.1016_j.eurpolymj.2013.06.004_part_2.txt_∂Œ1_Material1
OCC1OC(C(C(C1[*])O)O)OC2C(C(C(OC2CO)O[*])O)O,OCC1OC(C(C(C1[*])O)O)OC2C(C(C(OC2CO)O[*])O)O,OCC1OC(C(C(C1[*])O)O)OC2C(C(C(OC2CO)O[*])O)O,,,69.22,10.1179_174328409x410827_part_1.txt_∂Œ1_Material1
O=C([*])OC1=CC=C(C=C1)C(C)(C)C2=CC=C(C=C2)O[*],[*]OCCOC(CC(C([*])=O)C(C1CCCCC1)CC(CC(O)=O)C(OCCO)=O)=O,[H][Si]([H])([H])[H],[H][Si]([H])([H])[H],,145,10.1016_j.polymertesting.2018.11.013_part_1.txt_∂Œ1_Material1
[*]C(C)C[*],[*]CCCC([*])OC(C)=O,OCC1OC(C(C(C1[*])O)O)OC2C(C(C(OC2CO)O[*])O)O,NC1=CC=C(C=C1)/C2=C3C=C/C(N\3)=C(C4=N/C(C=C4)=C(C5=CC=C(N5)/C(C6=CC=CC=C6)=C7N=C2C=C\7)/C8=CC=CC=C8)\C9=CC=CC=C9,,85.1,10.1108_rpj-10-2018-0260_part_1.txt_∂Œ1_Material1
O=C(C1=CC=C(C=C1)C(OCC[*])=O)O[*],,,,,78.67,10.1002_adv.21720_part_1.txt_∂Œ1_Material1
[*]CC(C#N)[*],C12=C3C(C=CC4C3=C5C(CC6=CC7=C8C9=C(C(C=C%10)=CC=C9C=C7)C%11=C%10C%12)=CC4)=CC=C1C=C%12C%13=C%11C8=C6C5=C2%13,[Fe]12O[Fe]O[Fe](O2)O1,,,90.8,10.1007_s12221-025-00926-z_OA_part_1.txt_∂Œ1_Material1
O=C([*])C(C)O[*],OC1=C2C(C3(O)C4C5C6=C7C8C(C9=CC(C(O)=O)=C(C=C(C=C%10C(O)=O)C%11%12)C(C%11=C%13C%14C%15%16C%17(O%16)C%18C%19=C%20C%21=C%22C(C(O)=C%23)=C%24C%25C%21=C%26C%19=C%27C%17=C%28C%14(O)C%12=C%10C=C%28CC%27=CC%26=CC%25=C(C(O)=O)C=C%24)C9=C7C%13(O)C5=C%15C3=C%18C%29%30C%20(O%30)C%31C%22C%23=C%32)=CC(C(O)=O)=CC8=CC6=C(C(O)=O)C4=C2)=C%29C%33=C%31C%32=C(C(O)=O)C=C%331,,,,42,10.1179_174328910x12691245470031_part_1.txt_∂Œ1_Material1
[*]C(CCCCCO[*])=O,OCC(C(C(C1N)O)O[*])OC1OC2C(OC(C(C2O)N)[*])CO,,,,61,10.1021_acsomega.9b02217_part_1.txt_∂Œ1_Material1
[*]CC(COC1=CC=C(C=C1)C(C)(C)C2=CC=C(C=C2)O[*])O,O=C(C1=CC=C(C=C1)C(OCC[*])=O)O[*],[*]C(C)C[*],[H][Si]([H])([H])[H],,50,10.1080_15440478.2020.1848723_part_5.txt_∂Œ1_Material1
[*]CC(C1=CC=CC=C1)[*],,,,,105.46,10.1002_pen.23382_part_1.txt_∂Œ1_Material1
O=C(C1=CC=C(C=C1)C(OCC[*])=O)O[*],O=[Mg].O=[Si]=O.O=[Si]=O.O=[Si]=O.O=[Si]=O.O=[Mg].O=[Mg].O,OC1=C2C(C3(O)C4C5C6=C7C8C(C9=CC(C(O)=O)=C(C=C(C=C%10C(O)=O)C%11%12)C(C%11=C%13C%14C%15%16C%17(O%16)C%18C%19=C%20C%21=C%22C(C(O)=C%23)=C%24C%25C%21=C%26C%19=C%27C%17=C%28C%14(O)C%12=C%10C=C%28CC%27=CC%26=CC%25=C(C(O)=O)C=C%24)C9=C7C%13(O)C5=C%15C3=C%18C%29%30C%20(O%30)C%31C%22C%23=C%32)=CC(C(O)=O)=CC8=CC6=C(C(O)=O)C4=C2)=C%29C%33=C%31C%32=C(C(O)=O)C=C%331,,,35,10.1016_j.porgcoat.2010.04.002_part_1.txt_∂Œ1_Material1
O=C(C1=CC=C(C=C1)C(OCC[*])=O)O[*],[*]CC(CCCC(CC)CC([*])C1=CC=CC=C1)C2=CC=CC=C2,[*]CC(CCCC(CC)CC([*])C1=CC=CC=C1)C2=CC=CC=C2,,,82,10.1002_pi.6079_part_1.txt_∂Œ1_Material1
[*]CC(COC1=CC=C(C=C1)C(C)(C)C2=CC=C(C=C2)O[*])O,,,,,120,10.1002_pen.25109_part_1.txt_∂Œ1_Material1
O=C([*])C(C)O[*],[*]O[C@@]([H])(C)C(O[C@](C)([H])C([*])=O)=O,C/C(C[*])=C/C[*],,,60.9,10.1002_pi.5916_part_1.txt_∂Œ1_Material1
[*]C([H])([H])C(O)([H])[*],,,,,99.2,10.1002_pc.25894_part_2.txt_∂Œ1_Material1
O=C([*])OC1=CC=C(C=C1)C(C)(C)C2=CC=C(C=C2)O[*],[*]CC(CC=CCC([*])C1=CC=CC=C1)C#N,[H][Si]([H])([H])[H],,,148,10.1080_03602559.2014.909478_part_1.txt_∂Œ1_Material2
O=C([*])OC1=CC=C(C=C1)C(C)(C)C2=CC=C(C=C2)O[*],[H][Si]([H])([H])[H],,,,145,10.1016_j.sna.2013.11.022_part_1.txt_∂Œ1_Material1
O=C([*])OC1=CC=C(C=C1)C(C)(C)C2=CC=C(C=C2)O[*],[*]C(C1=CC=C(C(OCCCCO[*])=O)C=C1)=O,OC1=C2C(C3(O)C4C5C6=C7C8C(C9=CC(C(O)=O)=C(C=C(C=C%10C(O)=O)C%11%12)C(C%11=C%13C%14C%15%16C%17(O%16)C%18C%19=C%20C%21=C%22C(C(O)=C%23)=C%24C%25C%21=C%26C%19=C%27C%17=C%28C%14(O)C%12=C%10C=C%28CC%27=CC%26=CC%25=C(C(O)=O)C=C%24)C9=C7C%13(O)C5=C%15C3=C%18C%29%30C%20(O%30)C%31C%22C%23=C%32)=CC(C(O)=O)=CC8=CC6=C(C(O)=O)C4=C2)=C%29C%33=C%31C%32=C(C(O)=O)C=C%331,,,140,10.1080_02533839.2019.1613929_part_1.txt_∂Œ1_Material1
[*]C([H])([H])C(O)([H])[*],[*]C([H])([H])C(O)([H])[*],O=C([O-])[O-].[Ca+2],,,33,10.1016_j.ijadhadh.2019.102539_part_1.txt_∂Œ1_Material1
[*]C(C1=CC=C(C(OCCCCO[*])=O)C=C1)=O,O=[Al]O[Al]=O.O=[Si]=O.O=[Si]=O.O=[Si]=O,O=[Al]O[Al]=O.O=[Si]=O.O=[Si]=O.O=[Si]=O,O=[Al]O[Al]=O.O=[Si]=O.O=[Si]=O.O=[Si]=O,,65,10.1002_app.32616_part_1.txt_∂Œ1_Material1
O=C([*])C(C)O[*],OP(O)(O)=O,,,,50,10.4028_www.scientific.net_kem.798.322_part_1.txt_∂Œ1_Material1
[*]CC([*])Cl,O=[Si]=O,O=C([O-])[O-].[Ca+2],,,34.5,10.1002_app.51469_part_2.txt_∂Œ1_Material1
[*]CC(COC1=CC=C(C=C1)C(C)(C)C2=CC=C(C=C2)O[*])O,O=C(C1=CC=C(C=C1)C(OCC[*])=O)O[*],,,,99.42,10.1007_s10854-019-00893-1_part_1.txt_∂Œ1_Material1
OCC(C(C(C1N)O)O[*])OC1OC2C(OC(C(C2O)N)[*])CO,[*]NC(C(N1CCCC1C(NCC(N2CC(CC2C(NC(C(NCC([*])=O)=O)CO)=O)O)=O)=O)=O)CCCCN,[O-][Si]([O-])([O-])O[Si]([O-])([O-])[O-].[Ca+2],OC1=C2C(C3(O)C4C5C6=C7C8C(C9=CC(C(O)=O)=C(C=C(C=C%10C(O)=O)C%11%12)C(C%11=C%13C%14C%15%16C%17(O%16)C%18C%19=C%20C%21=C%22C(C(O)=C%23)=C%24C%25C%21=C%26C%19=C%27C%17=C%28C%14(O)C%12=C%10C=C%28CC%27=CC%26=CC%25=C(C(O)=O)C=C%24)C9=C7C%13(O)C5=C%15C3=C%18C%29%30C%20(O%30)C%31C%22C%23=C%32)=CC(C(O)=O)=CC8=CC6=C(C(O)=O)C4=C2)=C%29C%33=C%31C%32=C(C(O)=O)C=C%331,,50,10.1016_j.ijbiomac.2019.04.115_part_1.txt_∂Œ1_Material1
O=C([*])OC1=CC=C(C=C1)C(C)(C)C2=CC=C(C=C2)O[*],C12=C3C(C=CC4C3=C5C(CC6=CC7=C8C9=C(C(C=C%10)=CC=C9C=C7)C%11=C%10C%12)=CC4)=CC=C1C=C%12C%13=C%11C8=C6C5=C2%13,[C],,,146,10.3390_ma10050545_part_4.txt_∂Œ1_Material1
[*]C(C)C[*],OC1=C2C(C3(O)C4C5C6=C7C8C(C9=CC(C(O)=O)=C(C=C(C=C%10C(O)=O)C%11%12)C(C%11=C%13C%14C%15%16C%17(O%16)C%18C%19=C%20C%21=C%22C(C(O)=C%23)=C%24C%25C%21=C%26C%19=C%27C%17=C%28C%14(O)C%12=C%10C=C%28CC%27=CC%26=CC%25=C(C(O)=O)C=C%24)C9=C7C%13(O)C5=C%15C3=C%18C%29%30C%20(O%30)C%31C%22C%23=C%32)=CC(C(O)=O)=CC8=CC6=C(C(O)=O)C4=C2)=C%29C%33=C%31C%32=C(C(O)=O)C=C%331,,,,105,10.1080_15583724.2015.1019136_part_6.txt_∂Œ1_Material1
[*]CC([*])Cl,[*]CC(CC=CCC([*])C1=CC=CC=C1)C#N,O=C(CCCCCCCCCCCCCCCCC)O[Ca]OC(CCCCCCCCCCCCCCCCC)=O,,,93,10.1002_vnl.21381_part_1.txt_∂Œ1_Material1
O=C(O)C(C[*])CC(CC(C(C(O)=O)[*])C(O)=O)C(O)=O,N#CC(C1=CC=CC=N1)C1=CC=CC=C1,,,,35,10.3390_polym12051137_part_1.txt_∂Œ1_Material1
[*]NC(C(N1CCCC1C(NCC(N2CC(CC2C(NC(C(NCC([*])=O)=O)CO)=O)O)=O)=O)=O)CCCCN,OCC(O)CO,,,,43.26,10.1016_j.foodhyd.2019.105201_part_2.txt_∂Œ1_Material1
[*]C(C)C[*],OC1=C2C(C3(O)C4C5C6=C7C8C(C9=CC(C(O)=O)=C(C=C(C=C%10C(O)=O)C%11%12)C(C%11=C%13C%14C%15%16C%17(O%16)C%18C%19=C%20C%21=C%22C(C(O)=C%23)=C%24C%25C%21=C%26C%19=C%27C%17=C%28C%14(O)C%12=C%10C=C%28CC%27=CC%26=CC%25=C(C(O)=O)C=C%24)C9=C7C%13(O)C5=C%15C3=C%18C%29%30C%20(O%30)C%31C%22C%23=C%32)=CC(C(O)=O)=CC8=CC6=C(C(O)=O)C4=C2)=C%29C%33=C%31C%32=C(C(O)=O)C=C%331,O=[Si]=O,[H][Si]([H])([H])[H],,124.4,10.1002_app.44382_part_1.txt_∂Œ1_Material1
[*]CC([*])Cl,[*]C(NC1=C(C)C(NC(OCCO[*])=O)=CC=C1)=O,O=C(CCCCCCCCCCCCCCCCC)O[Ca]OC(CCCCCCCCCCCCCCCCC)=O,,,83.05,10.1007_s12221-020-9665-6_part_1.txt_∂Œ1_Material1
O=C([*])C(C)O[*],C=C([CH3])C(=O)O[CH3],C=C(C(OCC1CO1)=O)C,,,57.8,10.1080_15440478.2021.1916672_part_1.txt_∂Œ1_Material1
[*]C1C(OC(C(C1O)O)OC2C(OC(C(C2O)O)O[*])CO)CO,OCC(O)CO,OC1=C2C(C3(O)C4C5C6=C7C8C(C9=CC(C(O)=O)=C(C=C(C=C%10C(O)=O)C%11%12)C(C%11=C%13C%14C%15%16C%17(O%16)C%18C%19=C%20C%21=C%22C(C(O)=C%23)=C%24C%25C%21=C%26C%19=C%27C%17=C%28C%14(O)C%12=C%10C=C%28CC%27=CC%26=CC%25=C(C(O)=O)C=C%24)C9=C7C%13(O)C5=C%15C3=C%18C%29%30C%20(O%30)C%31C%22C%23=C%32)=CC(C(O)=O)=CC8=CC6=C(C(O)=O)C4=C2)=C%29C%33=C%31C%32=C(C(O)=O)C=C%331,,,77.4,10.1016_j.indcrop.2021.113525_part_1.txt_∂Œ1_Material1
[*]CC(C#N)[*],[*]CC([*])N1CCCC1=O,,,,98,10.1016_j.jhazmat.2015.04.020_part_1.txt_∂Œ1_Material1
[*]C(NC1=C(C)C(NC(OCCO[*])=O)=CC=C1)=O,[*]CC(C1=CC=CC=C1)[*],OC1=C2C(C3(O)C4C5C6=C7C8C(C9=CC(C(O)=O)=C(C=C(C=C%10C(O)=O)C%11%12)C(C%11=C%13C%14C%15%16C%17(O%16)C%18C%19=C%20C%21=C%22C(C(O)=C%23)=C%24C%25C%21=C%26C%19=C%27C%17=C%28C%14(O)C%12=C%10C=C%28CC%27=CC%26=CC%25=C(C(O)=O)C=C%24)C9=C7C%13(O)C5=C%15C3=C%18C%29%30C%20(O%30)C%31C%22C%23=C%32)=CC(C(O)=O)=CC8=CC6=C(C(O)=O)C4=C2)=C%29C%33=C%31C%32=C(C(O)=O)C=C%331,C[Si](C)(C[*])O[*],,43.3,10.1016_j.polymer.2020.122575_part_2.txt_∂Œ1_Material1
O=C([*])C(C)O[*],OP(O)(O)=O,O=C([O-])[O-].[Ca+2],,,26.96,10.3390_polym11111857_part_3.txt_∂Œ1_Material3
[*]C(CCCCCO[*])=O,[*]C1C(OC(C(C1O)O)OC2C(OC(C(C2O)O)O[*])CO)CO,,,,59,10.1016_j.bioactmat.2020.02.006_part_1.txt_∂Œ1_Material1
[*]C([C@H](C)OC([C@H](C)O[*])=O)=O,OP(O)(O)=O,C[N+](CCO)(CCO)[3H],[*]C1=NC2=CC3=C(C=C2O1)OC(C4=CC=C(C=C4)[*])=N3,,58,10.1002_pi.4700_part_1.txt_∂Œ1_Material1
[*]CC([*])Cl,O=C([O-])[O-].[Ca+2],,,,80,10.1080_09593330.2018.1461247_part_1.txt_∂Œ1_Material1
[*]C/C=C/CCC([*])C#N,O=[Si]=O,[H][Si]([H])([H])[H],,,55,10.3139_217.2522_part_1.txt_∂Œ1_Material1
[*]OCC[*],[*]CC(C#N)[*],,,,65,10.4028_www.scientific.net_amr.584.361_part_1.txt_∂Œ1_Material1
O=C([*])OC1=CC=C(C=C1)C(C)(C)C2=CC=C(C=C2)O[*],[H][Si]([H])([H])[H],O=[Si]=O,[H][Si]([H])([H])[H],[H][Si]([H])([H])[H],135,10.1007_s10971-012-2715-9_part_1.txt_∂Œ1_Material1
[*]CC(COC1=CC=C(C=C1)C(C)(C)C2=CC=C(C=C2)O[*])O,O=C(C1=CC=C(C=C1)C(OCC[*])=O)O[*],C=C(C)C(=O)OCC(O)COC1=CC=C(C(C2=CC=C(O)C=C2)(C)C)C=C1,,,50,10.1016_j.conbuildmat.2021.123565_part_1.txt_∂Œ1_Material1
[*]OCCCCOC(CCC([*])=O)=O,[Ti](OCCCC)(OCCCC)(OCCCC)OCCCC,,,,57.9,10.1021_ie501504b_part_1.txt_∂Œ1_Material1
O=C=NC(C=C1)=CC=C1CC2=CC=C(C=C2)N=C=O,OCC1OC(C(C(C1[*])O)O)OC2C(C(C(OC2CO)O[*])O)O,,,,104,10.1039_c2ra00646d_part_1.txt_∂Œ1_Material1
O=C([*])OC1=CC=C(C=C1)C(C)(C)C2=CC=C(C=C2)O[*],O=[Si]=O,OC1=C2C(C3(O)C4C5C6=C7C8C(C9=CC(C(O)=O)=C(C=C(C=C%10C(O)=O)C%11%12)C(C%11=C%13C%14C%15%16C%17(O%16)C%18C%19=C%20C%21=C%22C(C(O)=C%23)=C%24C%25C%21=C%26C%19=C%27C%17=C%28C%14(O)C%12=C%10C=C%28CC%27=CC%26=CC%25=C(C(O)=O)C=C%24)C9=C7C%13(O)C5=C%15C3=C%18C%29%30C%20(O%30)C%31C%22C%23=C%32)=CC(C(O)=O)=CC8=CC6=C(C(O)=O)C4=C2)=C%29C%33=C%31C%32=C(C(O)=O)C=C%331,,,150,10.1039_c5nj00426h_part_1.txt_∂Œ1_Material1
O=C(CCCCC(N(CCCCCCN([*])[H])[H])=O)[*],C12=CC3=CC4=CC=CN=C4N=C3N=C1N=C5N=C6N=CC=CC6=CC5=C2,NC1=NC2=C(N=CN2C2O[C@H](COP(=O)(O)OP(=O)(O)O)[C@H](O)[C@@H]2O)C(=O)N1,[*]C1=NC2=CC3=C(C=C2O1)OC(C4=CC=C(C=C4)[*])=N3,,55.71,10.1016_j.compositesb.2019.01.014_part_2.txt_∂Œ1_Material1
[*]CCCC([*])OC(C)=O,OC1=C2C(C3(O)C4C5C6=C7C8C(C9=CC(C(O)=O)=C(C=C(C=C%10C(O)=O)C%11%12)C(C%11=C%13C%14C%15%16C%17(O%16)C%18C%19=C%20C%21=C%22C(C(O)=C%23)=C%24C%25C%21=C%26C%19=C%27C%17=C%28C%14(O)C%12=C%10C=C%28CC%27=CC%26=CC%25=C(C(O)=O)C=C%24)C9=C7C%13(O)C5=C%15C3=C%18C%29%30C%20(O%30)C%31C%22C%23=C%32)=CC(C(O)=O)=CC8=CC6=C(C(O)=O)C4=C2)=C%29C%33=C%31C%32=C(C(O)=O)C=C%331,,,,67.18,10.1016_j.compscitech.2020.108609_part_1.txt_∂Œ1_Material1
[*]C([C@H](C)OC([C@H](C)O[*])=O)=O,OP(O)(O)=O,[*]C1=NC2=CC3=C(C=C2O1)OC(C4=CC=C(C=C4)[*])=N3,,,57,10.1002_pi.4700_part_1.txt_∂Œ1_Material2
[*]CC(COC1=CC=C(C=C1)C(C)(C)C2=CC=C(C=C2)O[*])O,O=C(C1=CC=C(C=C1)C(OCC[*])=O)O[*],O=[Si]=O.[Ca]=O,[*]CC[*],,78,10.1134_s1995421217040141_part_1.txt_∂Œ1_Material1
[*]NCC(NC(C(ONCC(NC(C(NCC(NC(C([*])=O)C)=O)=O)C)=O)=O)CO)=O,,,,,164,10.1016_j.mtla.2020.100709_part_2.txt_∂Œ1_Material1
O=C([*])CCCCCN[*],COC(C(C[*])([*])C)=O,COC(C(C[*])([*])C)=O,C(C)(C1=CC=C(OCC2CO2)C=C1)(C)C1=CC=C(OCC2CO2)C=C1,,50,10.1002_app.33662_part_1.txt_∂Œ1_Material1
O=C(C1=CC=C(C=C1)C(OCC[*])=O)O[*],C12=C3C(C=CC4C3=C5C(CC6=CC7=C8C9=C(C(C=C%10)=CC=C9C=C7)C%11=C%10C%12)=CC4)=CC=C1C=C%12C%13=C%11C8=C6C5=C2%13,,,,70,10.1002_pc.23366_part_1.txt_∂Œ1_Material1
[*]C1C(OC(C(C1O)O)OC2C(OC(C(C2O)O)O[*])CO)CO,OC(C(CC(O)=O)(CC(O)=O)O)=O,OCC(O)CO,O=[Ti]=O,,60,10.1002_pc.24598_part_1.txt_∂Œ1_Material1
[*]CC([*])Cl,C=C([CH3])C(=O)O[CH3],,,,66,10.3144_expresspolymlett.2011.58_part_2.txt_∂Œ1_Material1
[*]CC([*])Cl,O=C(CCCCCCCCCCCCCCCCC)O[Ca]OC(CCCCCCCCCCCCCCCCC)=O,,,,100,10.1002_app.43046_part_1.txt_∂Œ1_Material1
[*]C1C(OC(C(C1O)O)OC2C(OC(C(C2O)O)O[*])CO)CO,O=C([*])C(C)O[*],OC(C(CC(O)=O)(CC(O)=O)O)=O,O1C(=O)C=CC1=O,O=C=NC(C=C1)=CC=C1CC2=CC=C(C=C2)N=C=O,60.1,10.1007_s10924-014-0666-7_part_1.txt_∂Œ1_Material1
[*]CC(COC1=CC=C(C=C1)C(C)(C)C2=CC=C(C=C2)O[*])O,O=[Si]=O,,,,131.85000000000002,10.3390_polym13152451_part_3.txt_∂Œ1_Material1
O=C(CCCCC(N(CCCCCCN([*])[H])[H])=O)[*],[*]C(C1=CC=C(C(OCCCCO[*])=O)C=C1)=O,[*]C(C=C1)=CC=C1S[*],O=C([*])OC1=CC=C(C=C1)C(C)(C)C2=CC=C(C=C2)O[*],O=[Si]=O,60,10.1111_ffe.12363_part_1.txt_∂Œ1_Material1
[*]OCCOC(CC(C([*])=O)C(C1CCCCC1)CC(CC(O)=O)C(OCCO)=O)=O,O=[Ti]=O,O=[Si]=O,,,112,10.1016_j.pnsc.2017.12.005_part_2.txt_∂Œ1_Material1
[*]NCC(NC(C(ONCC(NC(C(NCC(NC(C([*])=O)C)=O)=O)C)=O)=O)CO)=O,[*]C1C(C(C(OC1C(O[Na])=O)OC2C(C(O[Na])=O)OC(O[*])C(O)C2O)O)O,[*]OCC[*],Cl[Ca]Cl,,55,10.1007_s12221-020-9445-3_part_1.txt_∂Œ1_Material1
O=C(C1=CC=C(C=C1)C(OCC[*])=O)O[*],[O-][Si]([O-])([O-])O[Si]([O-])([O-])[O-].[Ca+2],O=C([*])CCCCCN[*],,,67,10.1016_j.compositesb.2021.108928_part_1.txt_∂Œ1_Material1
OCC1OC(C(C(C1O[*])O)O)[*],OCC(O)CO,[H][Si]([H])([H])[H],,,100,10.1007_s10570-015-0643-x_part_4.txt_∂Œ1_Material1
[*]C(N(CN(C(OCOC(N(CN(C(OCCO[*])=O)[H])[H])=O)=O)[H])[H])=O,C=C([CH3])C(=O)O[CH3],N(CC)(CC)CC,,,65,10.4028_www.scientific.net_amr.535-537.1386_part_1.txt_∂Œ1_Material1
[*]OCCOC(CC(C([*])=O)C(C1CCCCC1)CC(CC(O)=O)C(OCCO)=O)=O,OC1=C2C(C3(O)C4C5C6=C7C8C(C9=CC(C(O)=O)=C(C=C(C=C%10C(O)=O)C%11%12)C(C%11=C%13C%14C%15%16C%17(O%16)C%18C%19=C%20C%21=C%22C(C(O)=C%23)=C%24C%25C%21=C%26C%19=C%27C%17=C%28C%14(O)C%12=C%10C=C%28CC%27=CC%26=CC%25=C(C(O)=O)C=C%24)C9=C7C%13(O)C5=C%15C3=C%18C%29%30C%20(O%30)C%31C%22C%23=C%32)=CC(C(O)=O)=CC8=CC6=C(C(O)=O)C4=C2)=C%29C%33=C%31C%32=C(C(O)=O)C=C%331,OC1=C2C(C3(O)C4C5C6=C7C8C(C9=CC(C(O)=O)=C(C=C(C=C%10C(O)=O)C%11%12)C(C%11=C%13C%14C%15%16C%17(O%16)C%18C%19=C%20C%21=C%22C(C(O)=C%23)=C%24C%25C%21=C%26C%19=C%27C%17=C%28C%14(O)C%12=C%10C=C%28CC%27=CC%26=CC%25=C(C(O)=O)C=C%24)C9=C7C%13(O)C5=C%15C3=C%18C%29%30C%20(O%30)C%31C%22C%23=C%32)=CC(C(O)=O)=CC8=CC6=C(C(O)=O)C4=C2)=C%29C%33=C%31C%32=C(C(O)=O)C=C%331,,,100,10.1016_j.conbuildmat.2009.08.006_part_3.txt_∂Œ1_Material1
[*]C(C)C[*],[H][Si]([H])([H])[H],,,,102.3,10.1002_app.34069_part_1.txt_∂Œ1_Material1
[*]C([H])([H])C(O)([H])[*],OC1=C2C(C3(O)C4C5C6=C7C8C(C9=CC(C(O)=O)=C(C=C(C=C%10C(O)=O)C%11%12)C(C%11=C%13C%14C%15%16C%17(O%16)C%18C%19=C%20C%21=C%22C(C(O)=C%23)=C%24C%25C%21=C%26C%19=C%27C%17=C%28C%14(O)C%12=C%10C=C%28CC%27=CC%26=CC%25=C(C(O)=O)C=C%24)C9=C7C%13(O)C5=C%15C3=C%18C%29%30C%20(O%30)C%31C%22C%23=C%32)=CC(C(O)=O)=CC8=CC6=C(C(O)=O)C4=C2)=C%29C%33=C%31C%32=C(C(O)=O)C=C%331,[Cu],,,75,10.1002_pen.24855_part_1.txt_∂Œ1_Material1
[*]CC(COC1=CC=C(C=C1)C(C)(C)C2=CC=C(C=C2)O[*])O,O=[Al]O[Al]=O.O=[Si]=O.O=[Si]=O.O.O,,,,75,10.1177_096739111001800905_part_1.txt_∂Œ1_Material1
O=C([*])OC1=CC=C(C=C1)C(C)(C)C2=CC=C(C=C2)O[*],[*]CCN[*],O=[Si]=O,,,145,10.4172_2165-8064.1000366_part_1.txt_∂Œ1_Material1
[*]C(C)C[*],[*]CCC(CCCC(CCCC(C[*])C)C)C,[*]CCC(CCCC(CCCC(C[*])C)C)C,[*]CC[*],,115.9,10.1002_app.36633_part_1.txt_∂Œ1_Material1
[*]NC(C(N1CCCC1C(NCC(N2CC(CC2C(NC(C(NCC([*])=O)=O)CO)=O)O)=O)=O)=O)CCCCN,OCCOC1C(OCCO)C(C(OCCO)COCCOC(CCCCCCCCCCCCCCCCC)=O)OC1,,,,49.77,10.1016_j.foodhyd.2015.12.005_part_1.txt_∂Œ1_Material1
OCC(C(C(C1N)O)O[*])OC1OC2C(OC(C(C2O)N)[*])CO,[*]OCC[*],,,,70,10.1007_s10570-014-0231-5_part_2.txt_∂Œ1_Material1
[*]OCC[*],OCCCCO,,,,43.6,10.1016_j.porgcoat.2021.106148_part_1.txt_∂Œ1_Material1
O=C(CCCCC(N(CCCCCCN([*])[H])[H])=O)[*],,,,,85,10.1016_j.compscitech.2010.04.020_part_1.txt_∂Œ1_Material1
[*]C(NC1=C(C)C(NC(OCCO[*])=O)=CC=C1)=O,[*]CC(COC1=CC=C(C=C1)C(C)(C)C2=CC=C(C=C2)O[*])O,,,,65.1,10.1007_s10973-014-3849-5_part_1.txt_∂Œ1_Material1
[*]C1C(OC(C(C1O)O)OC2C(OC(C(C2O)O)O[*])CO)CO,O=C([*])C(C)O[*],OC1=C2C(C3(O)C4C5C6=C7C8C(C9=CC(C(O)=O)=C(C=C(C=C%10C(O)=O)C%11%12)C(C%11=C%13C%14C%15%16C%17(O%16)C%18C%19=C%20C%21=C%22C(C(O)=C%23)=C%24C%25C%21=C%26C%19=C%27C%17=C%28C%14(O)C%12=C%10C=C%28CC%27=CC%26=CC%25=C(C(O)=O)C=C%24)C9=C7C%13(O)C5=C%15C3=C%18C%29%30C%20(O%30)C%31C%22C%23=C%32)=CC(C(O)=O)=CC8=CC6=C(C(O)=O)C4=C2)=C%29C%33=C%31C%32=C(C(O)=O)C=C%331,,,25,10.5935_0103-5053.20150126_part_1.txt_∂Œ1_Material1
[*]C(CCCCCO[*])=O,[*]C(N(CN(C(OCOC(N(CN(C(OCCO[*])=O)[H])[H])=O)=O)[H])[H])=O,C[N+](CCO)(CCO)[3H],C[N+](CCO)(CCO)[3H],C[N+](CCO)(CCO)[3H],35,10.1002_app.38408_part_1.txt_∂Œ1_Material1
O=C(C1=CC=C(C=C1)C(OCC[*])=O)O[*],[H][O-],[H][O-],,,70.7,10.1007_s10973-010-1027-y_part_1.txt_∂Œ1_Material1
O=C([*])OC1=CC=C(C=C1)C(C)(C)C2=CC=C(C=C2)O[*],O=[Mg].O=[Si]=O.O=[Si]=O.O=[Si]=O.O=[Si]=O.O=[Mg].O=[Mg].O,,,,143.3,10.1016_j.polymertesting.2020.106408_part_2.txt_∂Œ1_Material1
C[Si](C)(C[*])O[*],O=C(C1=CC=C(C=C1)OCCOC(C=C)=O)C(C)(C)O,,,,56.96,10.1002_pc.22424_part_1.txt_∂Œ1_Material1
[*]C([C@H](C)OC([C@H](C)O[*])=O)=O,[*]C1C(OC(C(C1O)O)OC2C(OC(C(C2O)O)O[*])CO)CO,O=C=NC(C=C1)=CC=C1CC2=CC=C(C=C2)N=C=O,,,46.9,10.1002_app.41095_part_1.txt_∂Œ1_Material1
[*]C(NC1=C(C)C(NC(OCCO[*])=O)=CC=C1)=O,O=[Si]=O,OC1=C2C(C3(O)C4C5C6=C7C8C(C9=CC(C(O)=O)=C(C=C(C=C%10C(O)=O)C%11%12)C(C%11=C%13C%14C%15%16C%17(O%16)C%18C%19=C%20C%21=C%22C(C(O)=C%23)=C%24C%25C%21=C%26C%19=C%27C%17=C%28C%14(O)C%12=C%10C=C%28CC%27=CC%26=CC%25=C(C(O)=O)C=C%24)C9=C7C%13(O)C5=C%15C3=C%18C%29%30C%20(O%30)C%31C%22C%23=C%32)=CC(C(O)=O)=CC8=CC6=C(C(O)=O)C4=C2)=C%29C%33=C%31C%32=C(C(O)=O)C=C%331,,,29.6,10.1007_s11998-020-00374-9_part_1.txt_∂Œ1_Material1
[*]CC([*])Cl,[*]CC(C(OC)=O)(CC(C/C=C/CCC(C1=CC=CC=C1)[*])C#N)C,[*]C/C=C/CCC([*])C#N,O=C(CCCCCCCCCCCCCCCCC)O[Ca]OC(CCCCCCCCCCCCCCCCC)=O,,89.9,10.1515_polyeng-2019-0192_part_1.txt_∂Œ1_Material1
[*]C(NC1=C(C)C(NC(OCCO[*])=O)=CC=C1)=O,O=C([O-])[O-].[Ca+2],,,,8.850000000000023,10.1007_s11998-020-00407-3_part_1.txt_∂Œ1_Material1
[*]C(C)C[*],[*]C(C)C[*],OCC1OC(C(C(C1[*])O)O)OC2C(C(C(OC2CO)O[*])O)O,CCCCCCCCCCCCCCCCCCOC(CCC1=CC(C(C)(C)C)=C(C(C(C)(C)C)=C1)O)=O,,122.1,10.1002_vnl.21711_part_1.txt_∂Œ1_Material1
O=C(O)C([*])C[*],C[Si](C)(C[*])O[*],CCCCCCCCCCCCOS([O-])(=O)=O.[Na+],,,45,10.1016_j.porgcoat.2016.10.009_part_2.txt_∂Œ1_Material1
[*]C(CCCCC(OCCCCO[*])=O)=O,,,,,76,10.1016_j.eurpolymj.2021.110717_part_1.txt_∂Œ1_Material2
O=C([*])OC1=CC=C(C=C1)C(C)(C)C2=CC=C(C=C2)O[*],C12=C3C(C=CC4C3=C5C(CC6=CC7=C8C9=C(C(C=C%10)=CC=C9C=C7)C%11=C%10C%12)=CC4)=CC=C1C=C%12C%13=C%11C8=C6C5=C2%13,,,,150,10.1016_j.compositesb.2016.03.032_part_2.txt_∂Œ1_Material1
OCC1OC(C(C(C1O)O[*])O)OC2C(C(C(OC2COS(=O)(O)=O)[*])NC(C)=O)O,[*]C([H])([H])C(O)([H])[*],[*]C1C(OC(C(C1O)O)OC2C(OC(C(C2O)O)O[*])CO)CO,,,100,10.1080_10601325.2014.967108_part_1.txt_∂Œ1_Material1
[*]C(NC1=C(C)C(NC(OCCO[*])=O)=CC=C1)=O,O=C(O)C(C[*])CC(CC(C(C(O)=O)[*])C(O)=O)C(O)=O,N(CC)(CC)CC,,,45,10.1016_j.polymer.2013.07.005_part_1.txt_∂Œ1_Material1
[*]C1C(OC(C(C1O)O)OC2C(OC(C(C2O)O)O[*])CO)CO,OCC(C(C(C1N)O)O[*])OC1OC2C(OC(C(C2O)N)[*])CO,C(CC=O)CC=O,OCC(O)CO,,108,10.4028_www.scientific.net_amr.415-417.1626_part_1.txt_∂Œ1_Material1
[*]CC[*],[*]CCC1C([*])C2CCC1C2,C[N+](CCO)(CCO)[3H],C[N+](CCO)(CCO)[3H],[*]OCC[*],80,10.1002_pc.23514_part_1.txt_∂Œ1_Material1
[*]C([H])([H])C(O)([H])[*],OCC(O)CO,,,,71.79,10.1016_j.fpsl.2018.10.003_part_1.txt_∂Œ1_Material1
O=C([*])OC1=CC=C(C=C1)C(C)(C)C2=CC=C(C=C2)O[*],[*]CC(CC=CCC([*])C1=CC=CC=C1)C#N,[*]CC(C1=CC=CC=C1)[*],,,129.3,10.1007_s11665-015-1743-3_part_1.txt_∂Œ1_Material1
O=C([*])C(C)O[*],C[Si](O[*])(C)[*],[H][Si]([H])([H])[H],O=C(C1=CC=C(C=C1)C(OCC[*])=O)O[*],O=[Mg].O=[Si]=O.O=[Si]=O.O=[Si]=O.O=[Si]=O.O=[Mg].O=[Mg].O,55,10.1016_j.rinp.2018.04.028_part_1.txt_∂Œ1_Material1
[*]OC(CC(OC(CC([*])=O)CC)=O)C,OCC1OC(C(C(C1[*])O)O)OC2C(C(C(OC2CO)O[*])O)O,,,,45,10.3390_polym12123006_part_2.txt_∂Œ1_Material2
O=C(C1=CC=C(C=C1)C(OCC[*])=O)O[*],[H][Si]([H])([H])[H],O=C([O-])[O-].[Ca+2],,,100,10.1016_j.conbuildmat.2019.116820_part_1.txt_∂Œ1_Material1
[*]C(C(OC(CO[*])=O)C)=O,[*]CC(OC(O[*])=O)C,,,,37,10.1002_advs.202000649_part_2.txt_∂Œ1_Material1
O=C([*])CCCCCN[*],[*]NCCCCCCCCCCCC([*])=O,,,,40,10.1002_pen.25171_part_2.txt_∂Œ1_Material1
[*]C(C)C[*],C12=CC3=CC4=CC=CN=C4N=C3N=C1N=C5N=C6N=CC=CC6=CC5=C2,NC1=CC=C(C=C1)/C2=C3C=C/C(N\3)=C(C4=N/C(C=C4)=C(C5=CC=C(N5)/C(C6=CC=CC=C6)=C7N=C2C=C\7)/C8=CC=CC=C8)\C9=CC=CC=C9,,,118.43,10.1002_pcr2.10010_part_1.txt_∂Œ1_Material1
O=C(C1=CC=C(C=C1)C(OCC[*])=O)O[*],O=[Si]=O,,,,89.51,10.1007_s00170-020-05570-w_part_3.txt_∂Œ1_Material1
[*]C(C)C[*],OCC1OC(C(C(C1[*])O)O)OC2C(C(C(OC2CO)O[*])O)O,NC1=CC=C(C=C1)/C2=C3C=C/C(N\3)=C(C4=N/C(C=C4)=C(C5=CC=C(N5)/C(C6=CC=CC=C6)=C7N=C2C=C\7)/C8=CC=CC=C8)\C9=CC=CC=C9,C[N+](CCO)(CCO)[3H],,120.8,10.1002_app.32985_part_1.txt_∂Œ1_Material1
[*]C(C)C[*],CC(CC(C(C(O1)=O)CC1=O)[*])C[*],,,,95,10.1002_pc.22558_part_1.txt_∂Œ1_Material1
[*]C([H])([H])C(O)([H])[*],C(CC=O)CC=O,OCC1OC(C(C(C1[*])O)O)OC2C(C(C(OC2CO)O[*])O)O,,,80,10.3390_polym12061364_part_1.txt_∂Œ1_Material1
O=C([*])C(C)O[*],O[Si](O)(O[Si](O)(O)O)O.[Al].[Al].O,O=C([*])C(C)O[*],OCC1OC(C(C(C1[*])O)O)OC2C(C(C(OC2CO)O[*])O)O,,60.4,10.1002_pc.25284_part_1.txt_∂Œ1_Material1
O=C([*])C(C)O[*],OCC1OC(C(C(C1[*])O)O)OC2C(C(C(OC2CO)O[*])O)O,,,,55,10.3390_polym12123006_part_2.txt_∂Œ1_Material1
[*]C(C)C[*],[*]CCCC(C1C([*])C2CC1C/C2=C/C)C,,,,126.14,10.3139_217.3286_part_2.txt_∂Œ1_Material1
OCC1OC(OC2C(O)C(O)C(O[*])OC2CO)C(O)C(O)C1[*],O=S([CH3])[CH3],,,,100,10.1002_mame.201800029_part_1.txt_∂Œ1_Material1
[*]C([H])([H])C(O)([H])[*],[*]C1C(OC(C(C1O)O)OC2C(OC(C(C2O)O)O[*])CO)CO,OCC(O)CO,C(CC=O)CC=O,,69.87,10.3390_ma11040640_part_1.txt_∂Œ1_Material1
[*]NC(C)C(N1CCCC1C([*])=O)=O,C(CC=O)CC=O,OC[C@@H]([C@H]([C@@H]([C@@H](CO)O)O)O)O,OCC(O)CO,,37.8,10.1016_j.fbio.2016.12.002_part_3.txt_∂Œ1_Material1
O=C([*])C(C)O[*],[*]C(C)C[*],[C],C12=C3C(C=CC4C3=C5C(CC6=CC7=C8C9=C(C(C=C%10)=CC=C9C=C7)C%11=C%10C%12)=CC4)=CC=C1C=C%12C%13=C%11C8=C6C5=C2%13,,60.5,10.1016_j.compositesb.2019.107717_part_2.txt_∂Œ1_Material1
[*]C(C)C[*],O=C(C1=CC=C(C=C1)C(OCC[*])=O)O[*],CC(CC(C(C(O1)=O)CC1=O)[*])C[*],,,111.7,10.1177_0040517517703600_part_1.txt_∂Œ1_Material1
[*]C1C(OC(C(C1O)O)OC2C(OC(C(C2O)O)O[*])CO)CO,,,,,65,10.1016_j.foodres.2015.07.019_part_2.txt_∂Œ1_Material1
[*]C(CCCCCO[*])=O,O=C=NC(C=C1)=CC=C1CC2=CC=C(C=C2)N=C=O,CC1(CC(CC(C)(C1)C)N=C=O)CN=C=O,,,45.58,10.4028_www.scientific.net_msf.1010.142_part_1.txt_∂Œ1_Material1
[*]CC(COC1=CC=C(C=C1)C(C)(C)C2=CC=C(C=C2)O[*])O,[H][Si]([H])([H])[H],O=C([O-])[O-].[Ca+2],,,75,10.1016_j.conbuildmat.2019.116820_part_1.txt_∂Œ1_Material2
[*]CC(C1=CC=CC=C1)[*],[*]CC(CC=CCC([*])C1=CC=CC=C1)C#N,[*]CC(C1=CC=CC=C1)[*],,,94.4,10.1002_app.48329_part_1.txt_∂Œ1_Material1
OCC(C(C(C1N)O)O[*])OC1OC2C(OC(C(C2O)N)[*])CO,[*]C1C(O)C(O)C(OC2C(O)C(O)C(O[*])OC2COCCO)OC1COCCO,[Ag+],[Zn]=O,,80,10.1016_j.ijbiomac.2015.02.016_part_1.txt_∂Œ1_Material1
O=C([*])OC1=CC=C(C=C1)C(C)(C)C2=CC=C(C=C2)O[*],O=[Si]=O,[H][Si]([H])([H])[H],,,147,10.1007_s10971-015-3781-6_part_1.txt_∂Œ1_Material1
[*]OC(CC(OC(CC([*])=O)CC)=O)C,[*]C(CCCCC(OCCCCO[*])=O)=O,,,,55,10.3389_fmats.2019.00275_part_1.txt_∂Œ1_Material1
[*]CC([*])Cl,[*]C(N(CN(C(OCOC(N(CN(C(OCCO[*])=O)[H])[H])=O)=O)[H])[H])=O,[O-][Si]([O-])([O-])O[Si]([O-])([O-])[O-].[Ca+2],[H][Si]([H])([H])[H],,78.78,10.4028_www.scientific.net_amr.941-944.266_part_1.txt_∂Œ1_Material1
O=C([*])OC1=CC=C(C=C1)C(C)(C)C2=CC=C(C=C2)O[*],OC1=C2C(C3(O)C4C5C6=C7C8C(C9=CC(C(O)=O)=C(C=C(C=C%10C(O)=O)C%11%12)C(C%11=C%13C%14C%15%16C%17(O%16)C%18C%19=C%20C%21=C%22C(C(O)=C%23)=C%24C%25C%21=C%26C%19=C%27C%17=C%28C%14(O)C%12=C%10C=C%28CC%27=CC%26=CC%25=C(C(O)=O)C=C%24)C9=C7C%13(O)C5=C%15C3=C%18C%29%30C%20(O%30)C%31C%22C%23=C%32)=CC(C(O)=O)=CC8=CC6=C(C(O)=O)C4=C2)=C%29C%33=C%31C%32=C(C(O)=O)C=C%331,,,,158,10.1016_j.compscitech.2020.108370_part_1.txt_∂Œ1_Material1
O=C([*])OC1=CC=C(C=C1)C(C)(C)C2=CC=C(C=C2)O[*],[*]CCCC([*])C(OC)=O,,,,141,10.1002_vnl.21763_part_1.txt_∂Œ1_Material1
O=C([*])OC1=CC=C(C=C1)C(C)(C)C2=CC=C(C=C2)O[*],O=[Ti]=O,,,,144,10.4236_oalib.1104229_OA_part_2.txt_∂Œ1_Material1
[*]CC[*],O=C([*])OC1=CC=C(C=C1)C(C)(C)C2=CC=C(C=C2)O[*],O=C1C=CC(O1)=O.C=C,,,147.3,10.1016_j.indcrop.2021.113638_part_1.txt_∂Œ1_Material1
O=C([*])C(C)O[*],[*]CC(C1=CC=CC=C1)[*],O=[Al]O[Al]=O.O=[Si]=O.O=[Si]=O.O=[Si]=O,,,55,10.3144_expresspolymlett.2015.42_part_2.txt_∂Œ1_Material1
[*]CC(C1=CC=C(C=C1)S(O)(=O)=O)[*],[Ag],,,,58.7,10.1016_j.measurement.2020.108406_part_1.txt_∂Œ1_Material1
O=C([*])OC1=CC=C(C=C1)C(C)(C)C2=CC=C(C=C2)O[*],[C],,,,148,10.3390_ma10050545_part_1.txt_∂Œ1_Material1
[*]C(NC1=C(C)C(NC(OCCO[*])=O)=CC=C1)=O,FC(F)([*])C([H])([*])[H],,,,22,10.1016_j.colsurfa.2014.03.008_part_1.txt_∂Œ1_Material1
O=C([*])C(C)O[*],[*]CC(CC)([*])C(OCC1=CC=CC=C1)=O,[*]CCCC([*])C(OC)=O,,,60,10.1021_acsami.5b01145_part_1.txt_∂Œ1_Material1
[*]C(N(CN(C(OCOC(N(CN(C(OCCO[*])=O)[H])[H])=O)=O)[H])[H])=O,O=C([*])OC1=CC=C(C=C1)C(C)(C)C2=CC=C(C=C2)O[*],,,,150,10.1007_s12221-021-0113-z_part_1.txt_∂Œ1_Material1
O=C([*])OC1=CC=C(C=C1)C(C)(C)C2=CC=C(C=C2)O[*],[*]C/C=C(C[*])\Cl,,,,149,10.1179_1743289811x12988633927952_part_1.txt_∂Œ1_Material1
O=C([*])C(C)O[*],O=[Si]=O,OCC1OC(C(C(C1[*])O)O)OC2C(C(C(OC2CO)O[*])O)O,C12=C3C(C=CC4C3=C5C(CC6=CC7=C8C9=C(C(C=C%10)=CC=C9C=C7)C%11=C%10C%12)=CC4)=CC=C1C=C%12C%13=C%11C8=C6C5=C2%13,[Ag],55,10.1016_j.progpolymsci.2013.05.014_part_1.txt_∂Œ1_Material1
O=C([*])C(C)O[*],O=C([*])C(C)O[*],CC1=CC(O)=C(C=C1CCCC(C2=C(C=C(C(C(C)(C)C)=C2)O)C)C3=CC(C(C)(C)C)=C(C=C3C)O)C(C)(C)C,,,55,10.1016_j.polymertesting.2014.04.001_part_1.txt_∂Œ1_Material1
[*]C(NC1=C(C)C(NC(OCCO[*])=O)=CC=C1)=O,[*]C(NC1=C(C)C(NC(OCCO[*])=O)=CC=C1)=O,[*]CCCC(C1C([*])C2CC1C/C2=C/C)C,C[Si](C)(C[*])O[*],C[Si](C)(C[*])O[*],47,10.1007_s11837-017-2572-7_part_2.txt_∂Œ1_Material1
[*]CC[*],OCC1OC(C(C(C1[*])O)O)OC2C(C(C(OC2CO)O[*])O)O,O=C1C=CC(O1)=O.C=C,[*]C([H])([H])C(O)([H])[*],,50,10.1016_j.jobab.2021.02.007_part_1.txt_∂Œ1_Material1
O=C(C1=CC=C(C=C1)C(OCC[*])=O)O[*],C=C(C)C(=O)OCC(O)COC1=CC=C(C(C2=CC=C(O)C=C2)(C)C)C=C1,[*]CC(COC1=CC=C(C=C1)C(C)(C)C2=CC=C(C=C2)O[*])O,O=[Si]=O,C12=CC3=CC4=CC=CN=C4N=C3N=C1N=C5N=C6N=CC=CC6=CC5=C2,95,10.3390_polym12112600_part_2.txt_∂Œ1_Material1
O=C([*])OC1=CC=C(C=C1)C(C)(C)C2=CC=C(C=C2)O[*],O=C([*])C(C)O[*],C=C(C(OCC1CO1)=O)C,,,55,10.1039_c6ra21208e_part_1.txt_∂Œ1_Material1
[*]CC(O)COC(CCCCCCCCC(O[*])=O)=O,[Mg],,,,45,10.1016_j.ijpharm.2010.01.017_part_2.txt_∂Œ1_Material1
OCC(C(C(C1N)O)O[*])OC1OC2C(OC(C(C2O)N)[*])CO,O=[Al]O[Al]=O.O=[Si]=O.O=[Si]=O.O=[Si]=O,,,,87,10.1016_j.polymertesting.2020.106380_part_6.txt_∂Œ1_Material1
[*]CC(COC1=CC=C(C=C1)C(C)(C)C2=CC=C(C=C2)O[*])O,OCC1OC(C(C(C1[*])O)O)OC2C(C(C(OC2CO)O[*])O)O,,,,114,10.1016_j.compstruct.2009.12.009_part_1.txt_∂Œ1_Material1
[*]C(C)C[*],[*]CC(C1=CC=CC=C1)[*],O=[Al]O[Al]=O.O=[Si]=O.O=[Si]=O.O.O,,,115.89,10.1002_pat.3333_part_1.txt_∂Œ1_Material1
[*]CC(COC1=CC=C(C=C1)C(C)(C)C2=CC=C(C=C2)O[*])O,C=C(C(OCC1CO1)=O)C,O=[Si]=O,C=C(C(OCC1CO1)=O)C,O=[Si]=O,112,10.1016_j.polymer.2013.05.033_part_1.txt_∂Œ1_Material1
[*]CC(C1=CC=CC=C1)[*],[*]CC(CC(C#N)[*])C1=CC=CC=C1,,,,95.6,10.1088_2053-1591_ab38e7_part_2.txt_∂Œ1_Material1
O=C([*])C(C)O[*],[*]OCCCCOC(CCC([*])=O)=O,O=C=NCCCCCCN=C=O,,,87,10.3390_ma14010197_part_2.txt_∂Œ1_Material1
O=C([*])C(C)O[*],[*]C(CCCCC(OCCCCO[*])=O)=O,OCC(O)CO,,,60.18,10.3390_polym12091904_part_2.txt_∂Œ1_Material1
O=C([*])C(C)O[*],O=C([O-])[O-].[Ca+2],O=[Mg].O=[Si]=O.O=[Si]=O.O=[Si]=O.O=[Si]=O.O=[Mg].O=[Mg].O,,,60,10.1007_s10973-016-5802-2_part_1.txt_∂Œ1_Material1
C/C(C[*])=C/C[*],O=C([*])C(C)O[*],[*]C(CCCCC(OCCCCO[*])=O)=O,CCCCCCCCCCCCCCCCCCOC(CCC1=CC(C(C)(C)C)=C(C(C(C)(C)C)=C1)O)=O,[C],55.55,10.4028_www.scientific.net_amr.335-336.762_part_1.txt_∂Œ1_Material1
O=C([*])C(C)O[*],[*]C1C(OC(C(C1O)O)OC2C(OC(C(C2O)O)O[*])CO)CO,OCC(O)CO,OC[C@@H]([C@H]([C@@H]([C@@H](CO)O)O)O)O,,57.6,10.1002_app.33981_part_2.txt_∂Œ1_Material1
O=C([*])C(C)O[*],O=C([O-])[O-].[Ca+2],O=C([O-])[O-].[Ca+2],,,55,10.1016_j.compositesa.2020.105827_part_1.txt_∂Œ1_Material1
[*]CC(C1=CC=CC=C1)[*],COC(C(C[*])([*])C)=O,O=[Ti]=O,,,100,10.1021_mz400407m_part_1.txt_∂Œ1_Material1
O=C([*])C(C)O[*],OP(O)(O)=O,C[N+](CCO)(CCO)[3H],,,60,10.3390_polym9080350_part_1.txt_∂Œ1_Material1
O=C([*])C(C)O[*],C/C(C[*])=C/C[*],O=C([O-])[O-].[Ca+2],O=[Mg].O=[Si]=O.O=[Si]=O.O=[Si]=O.O=[Si]=O.O=[Mg].O=[Mg].O,,56.44,10.1007_s10924-010-0278-9_part_1.txt_∂Œ1_Material1
O=C([*])C(C)O[*],[*]CCCC([*])OC(C)=O,O=[Si]=O,[*]CC(CCCC(CC)CC([*])C1=CC=CC=C1)C2=CC=CC=C2,,60.7,10.1016_j.polymertesting.2020.106735_part_2.txt_∂Œ1_Material1
O=C([*])OC1=CC=C(C=C1)C(C)(C)C2=CC=C(C=C2)O[*],COC(C(C[*])([*])C)=O,O=[Al]O[Al]=O.O=[Si]=O.O=[Si]=O.O=[Si]=O,,,141,10.1002_app.36678_part_1.txt_∂Œ1_Material2
COC1=CC(/C=C/C=O)=CC(OC2=CC(C(C(OC3=CC=C(C=C3OC)C(C(CO)=O)O)CO)O)=CC=C2OC4=CC(C(C(COC5=CC=C(C=C5)C(C(CO)=O)O)=O)O)=CC=C4O)=C1,[*]C(NC1=C(C)C(NC(OCCO[*])=O)=CC=C1)=O,,,,63.3,10.1002_app.49864_part_3.txt_∂Œ1_Material2
[*]CC([*])Cl,[*]C1C(O)C(O)C(OC2C(O)C(O)C(O[*])OC2COC(C)=O)OC1COC(C)=O,,,,82,10.1016_j.aej.2019.08.003_part_1.txt_∂Œ1_Material1
[*]C(CCCCCO[*])=O,[*]C([C@H](C)OC([C@H](C)O[*])=O)=O,,,,48.8,10.1002_marc.201600414_part_1.txt_∂Œ1_Material1
O=C([*])OC1=CC=C(C=C1)C(C)(C)C2=CC=C(C=C2)O[*],[*]CCN[*],,,,150,10.1021_acs.langmuir.1c00383_part_1.txt_∂Œ1_Material1
[*]C([C@H](C)OC([C@H](C)O[*])=O)=O,[*]OCC[*],,,,57.7,10.1007_s11164-013-1256-3_part_2.txt_∂Œ1_Material1
O=C([*])CCCCCN[*],C12=CC3=CC4=CC=CN=C4N=C3N=C1N=C5N=C6N=CC=CC6=CC5=C2,[O-][Si]([O-])([O-])O[Si]([O-])([O-])[O-].[Ca+2],C12=CC3=CC4=CC=CN=C4N=C3N=C1N=C5N=C6N=CC=CC6=CC5=C2,,62.4,10.1016_j.compositesb.2021.109119_part_1.txt_∂Œ1_Material1
[*]OC1C(C(OC(C1O)OC2C3C(C(OC2CO3)[*])O)CO)O,[*]NC(C)C(N1CCCC1C([*])=O)=O,,,,36,10.1016_j.bprint.2019.e00069_part_2.txt_∂Œ1_Material1
O=C([*])C(C)O[*],[*]O[C@H](C)CC([*])=O,OCC1OC(C(C(C1[*])O)O)OC2C(C(C(OC2CO)O[*])O)O,,,55,10.1016_j.carbpol.2015.12.059_part_1.txt_∂Œ1_Material1
O=C(CCCCC(N(CCCCCCN([*])[H])[H])=O)[*],[O-][Si]([O-])([O-])O[Si]([O-])([O-])[O-].[Ca+2],,,,69.06,10.1002_pc.22293_part_1.txt_∂Œ1_Material1
O=C(O[Na])COCC(OC(C(C1O)O)[*])C1OC(C(C(C2O[*])O)O)OC2COCC(O[Na])=O,N#CC(C1=CC=CC=N1)C1=CC=CC=C1,OCC(O)CO,,,75,10.1016_j.carbpol.2009.07.035_part_1.txt_∂Œ1_Material1
[*]CC(COC1=CC=C(C=C1)C(C)(C)C2=CC=C(C=C2)O[*])O,OC(C(C)(CC(C1=CC=CC=C1)[*])CC(C[*])(C(OCC2CO2)=O)C)=O,O=[Ti]=O,,,120,10.1007_s10570-016-1005-z_part_3.txt_∂Œ1_Material1
O=C([*])OC1=CC=C(C=C1)C(C)(C)C2=CC=C(C=C2)O[*],[*]C(NC1=C(C)C(NC(OCCO[*])=O)=CC=C1)=O,,,,140,10.1016_j.matchemphys.2019.122334_part_2.txt_∂Œ1_Material1
FC(F)([*])C([H])([*])[H],C=C([CH3])C(=O)O[CH3],,,,116.1,10.1002_app.40494_part_2.txt_∂Œ1_Material1
O=C([*])OC1=CC=C(C=C1)C(C)(C)C2=CC=C(C=C2)O[*],[*]CC(CC=CCC([*])C1=CC=CC=C1)C#N,C12=C3C(C=CC4C3=C5C(CC6=CC7=C8C9=C(C(C=C%10)=CC=C9C=C7)C%11=C%10C%12)=CC4)=CC=C1C=C%12C%13=C%11C8=C6C5=C2%13,,,145,10.1016_j.polymdegradstab.2015.06.013_part_1.txt_∂Œ1_Material1
O=C([*])C(C)O[*],[*]CC[*],O=[Ti]=O,O=C([O-])[O-].[Ca+2],,55.3,10.1002_pen.25124_part_1.txt_∂Œ1_Material1
[*]C([H])([H])C(O)([H])[*],[*]C([H])([H])C(O)([H])[*],C(CC=O)CC=O,,,54,10.1002_gch2.202100026_part_1.txt_∂Œ1_Material1
O=C(C1=CC=C(C=C1)C(OCC[*])=O)O[*],O=[Al]O[Al]=O,,,,94.62,10.1080_15440478.2019.1636745_part_2.txt_∂Œ1_Material1
[*]C(N(CN(C(OCOC(N(CN(C(OCCO[*])=O)[H])[H])=O)=O)[H])[H])=O,CC1(CC(CC(C)(C1)C)N=C=O)CN=C=O,,,,56.3,10.4028_www.scientific.net_amr.430-432.92_part_1.txt_∂Œ1_Material2
O=C([*])OC1=CC=C(C=C1)C(C)(C)C2=CC=C(C=C2)O[*],[*]CC(CC=CCC([*])C1=CC=CC=C1)C#N,O=[Al]O[Al]=O.O=[Si]=O.O=[Si]=O.O=[Si]=O,,,111,10.4028_www.scientific.net_kem.674.173_part_1.txt_∂Œ1_Material1
CC(C[*])O[*],CC1(CC(CC(C)(C1)C)N=C=O)CN=C=O,,,,95,10.1007_s12209-014-2208-8_part_2.txt_∂Œ1_Material1
[*]C(CCCCCO[*])=O,[*]C(N(CN(C(OCOC(N(CN(C(OCCO[*])=O)[H])[H])=O)=O)[H])[H])=O,,,,53.08,10.1039_c4ra14601h_part_4.txt_∂Œ1_Material1
O=C([*])C(C)O[*],O=C=NC(C=C1)=CC=C1CC2=CC=C(C=C2)N=C=O,OCC(O)CO,,,58,10.1002_app.31666_part_1.txt_∂Œ1_Material1
OCC1OC(C(C(C1O)O[*])O)OC2C(C(C(OC2COS(=O)(O)=O)[*])NC(C)=O)O,,,,,78.8,10.1039_c6py01283c_part_2.txt_∂Œ1_Material1
[*]CC([*])Cl,OC1=C2C(C3(O)C4C5C6=C7C8C(C9=CC(C(O)=O)=C(C=C(C=C%10C(O)=O)C%11%12)C(C%11=C%13C%14C%15%16C%17(O%16)C%18C%19=C%20C%21=C%22C(C(O)=C%23)=C%24C%25C%21=C%26C%19=C%27C%17=C%28C%14(O)C%12=C%10C=C%28CC%27=CC%26=CC%25=C(C(O)=O)C=C%24)C9=C7C%13(O)C5=C%15C3=C%18C%29%30C%20(O%30)C%31C%22C%23=C%32)=CC(C(O)=O)=CC8=CC6=C(C(O)=O)C4=C2)=C%29C%33=C%31C%32=C(C(O)=O)C=C%331,OCC(C(C(C1N)O)O[*])OC1OC2C(OC(C(C2O)N)[*])CO,,,50,10.1016_j.carbpol.2020.117575_part_1.txt_∂Œ1_Material1
O=C([*])C(C)O[*],[*]C(C)C[*],,,,59,10.1007_s10924-011-0382-5_part_1.txt_∂Œ1_Material1
O=C([*])C(C)O[*],COC1=CC(/C=C/C=O)=CC(OC2=CC(C(C(OC3=CC=C(C=C3OC)C(C(CO)=O)O)CO)O)=CC=C2OC4=CC(C(C(COC5=CC=C(C=C5)C(C(CO)=O)O)=O)O)=CC=C4O)=C1,,,,54,10.3390_polym12010074_part_1.txt_∂Œ1_Material1
O=C([*])C(C)O[*],O=C([*])OC1=CC=C(C=C1)C(C)(C)C2=CC=C(C=C2)O[*],[*]C(C1=CC=CC=C1)CC2C(OC(C2[*])=O)=O,,,65,10.1007_s12221-017-6671-4_part_1.txt_∂Œ1_Material1
[*]C([H])([H])C(O)([H])[*],O=[Si]=O.[Ca]=O,O=[Si]=O,O=[Si]=O,,66,10.55248_gengpi.4.1123.113114_OA_part_1.txt_∂Œ1_Material1
[*]C(C)C[*],O=C([*])C(C)O[*],[*]OC(CC(OC(CC([*])=O)CC)=O)C,O=[Mg].O=[Si]=O.O=[Si]=O.O=[Si]=O.O=[Si]=O.O=[Mg].O=[Mg].O,,57,10.1021_acsomega.7b00983_part_1.txt_∂Œ1_Material1
O=C([*])CCCCCCCCCCC(NCCCCCCCCCCN[*])=O,O=[Si]=O,,,,64.6,10.1002_pc.22318_part_1.txt_∂Œ1_Material1
O=C(C1=CC=C(C=C1)C(OCC[*])=O)O[*],[H][O-],,,,110,10.1016_j.compositesb.2015.05.033_part_1.txt_∂Œ1_Material1
[*]C(C)C[*],O=C([O-])[O-].[Ca+2],,,,117.75,10.4028_www.scientific.net_amr.1055.27_part_1.txt_∂Œ1_Material1
O=C([*])C(C)O[*],[*]OCC[*],[Zn]=O,,,44,10.3390_molecules26071967_part_2.txt_∂Œ1_Material4
[*]C(C1=CC=C(C(OCCCCO[*])=O)C=C1)=O,O=C([*])C1=CC=C2C=C(C=CC2=C1)OC(C3=CC=C(C=C3)O[*])=O,O=[Si]=O,,,60,10.1016_j.matdes.2012.05.052_part_1.txt_∂Œ1_Material1
[*]NC(C(N1CCCC1C(NCC(N2CC(CC2C(NC(C(NCC([*])=O)=O)CO)=O)O)=O)=O)=O)CCCCN,[*]NCC(NC(C(ONCC(NC(C(NCC(NC(C([*])=O)C)=O)=O)C)=O)=O)CO)=O,C(CC=O)CC=O,[*]OCC[*],,60,10.1007_s12039-019-1671-0_part_2.txt_∂Œ1_Material1
O=C([*])C(C)O[*],O=C(C1=CC=C(C([*])=O)C=C1)NC2=CCC(N[*])C=C2,[*]OC1OC(CO)C(OC2C(O)C(O)C([*])C(CO)O2)C(O)C1O,,,55,10.1016_j.matpr.2020.02.457_part_1.txt_∂Œ1_Material1
C(C)(C1=CC=C(OCC2CO2)C=C1)(C)C1=CC=C(OCC2CO2)C=C1,[*]C1C(C(C(OC1C(O[Na])=O)OC2C(C(O[Na])=O)OC(O[*])C(O)C2O)O)O,,,,31.1,10.1007_s10118-018-2027-9_part_1.txt_∂Œ1_Material1
OCC(C(C(C1N)O)O[*])OC1OC2C(OC(C(C2O)N)[*])CO,O=C(O[Na])COCC(OC(C(C1O)O)[*])C1OC(C(C(C2O[*])O)O)OC2COCC(O[Na])=O,OCC(O)CO,,,93,10.1016_j.eurpolymj.2020.110225_part_1.txt_∂Œ1_Material2
O=C([*])C(C)O[*],C/C(C[*])=C/C[*],C/C(C[*])=C/C[*],,,56.98,10.4028_www.scientific.net_amr.410.59_part_1.txt_∂Œ1_Material3
OC(C(CC(O)=O)(CC(O)=O)O)=O,[*]C(CCCCCO[*])=O,,,,17.64,10.4161_biom.1.1.17301_part_1.txt_∂Œ1_Material1
O=C(C1=CC=C(C=C1)C(OCC[*])=O)O[*],[*]CC(COC1=CC=C(C=C1)C(C)(C)C2=CC=C(C=C2)O[*])O,,,,56,10.1039_c6gc01198e_part_2.txt_∂Œ1_Material1
[*]C(C)C[*],O=C(C1=CC=C(C=C1)C(OCC[*])=O)O[*],C[N+](CCO)(CCO)[3H],,,120.1,10.1016_j.matdes.2012.08.051_part_1.txt_∂Œ1_Material1
[*]C(NC1=C(C)C(NC(OCCO[*])=O)=CC=C1)=O,OC1=C2C(C3(O)C4C5C6=C7C8C(C9=CC(C(O)=O)=C(C=C(C=C%10C(O)=O)C%11%12)C(C%11=C%13C%14C%15%16C%17(O%16)C%18C%19=C%20C%21=C%22C(C(O)=C%23)=C%24C%25C%21=C%26C%19=C%27C%17=C%28C%14(O)C%12=C%10C=C%28CC%27=CC%26=CC%25=C(C(O)=O)C=C%24)C9=C7C%13(O)C5=C%15C3=C%18C%29%30C%20(O%30)C%31C%22C%23=C%32)=CC(C(O)=O)=CC8=CC6=C(C(O)=O)C4=C2)=C%29C%33=C%31C%32=C(C(O)=O)C=C%331,,,,31.8,10.3390_polym10020133_part_3.txt_∂Œ1_Material1
[*]OCCOC(CC(C([*])=O)C(C1CCCCC1)CC(CC(O)=O)C(OCCO)=O)=O,[*]OC1OC(CO)C(OC2C(O)C(O)C([*])C(CO)O2)C(O)C1O,[H][O-],[H][Si]([H])([H])[H],,69.69,10.1016_j.jestch.2016.10.016_part_1.txt_∂Œ1_Material1
[*]CC[*],[*]C1C(OC(C(C1O)O)OC2C(OC(C(C2O)O)O[*])CO)CO,,,,52,10.1016_j.carbpol.2015.09.090_part_4.txt_∂Œ1_Material1
[*]CC(COC1=CC=C(C=C1)C(C)(C)C2=CC=C(C=C2)O[*])O,[Zn]=O,NCCC[Si](OCC)(OCC)OCC,,,86.7,10.1016_j.polymer.2019.121621_part_1.txt_∂Œ1_Material1
O=C([*])C(C)O[*],OP(O)(O)=O,O=[Al]O[Al]=O.O=[Si]=O.O=[Si]=O.O=[Si]=O,,,41.8,10.1007_s10118-018-2043-9_part_1.txt_∂Œ1_Material1
[*]CC(COC1=CC=C(C=C1)C(C)(C)C2=CC=C(C=C2)O[*])O,[*]C([H])([H])C(O)([H])[*],OC1=C2C(C3(O)C4C5C6=C7C8C(C9=CC(C(O)=O)=C(C=C(C=C%10C(O)=O)C%11%12)C(C%11=C%13C%14C%15%16C%17(O%16)C%18C%19=C%20C%21=C%22C(C(O)=C%23)=C%24C%25C%21=C%26C%19=C%27C%17=C%28C%14(O)C%12=C%10C=C%28CC%27=CC%26=CC%25=C(C(O)=O)C=C%24)C9=C7C%13(O)C5=C%15C3=C%18C%29%30C%20(O%30)C%31C%22C%23=C%32)=CC(C(O)=O)=CC8=CC6=C(C(O)=O)C4=C2)=C%29C%33=C%31C%32=C(C(O)=O)C=C%331,,,100.85000000000002,10.1007_s11003-011-9312-x_part_1.txt_∂Œ1_Material1
O=C([*])C(C)O[*],[*]C(CCCCC(OCCCCO[*])=O)=O,C=C(C(OCC1CO1)=O)C,NC1=NC2=C(N=CN2C2O[C@H](COP(=O)(O)OP(=O)(O)O)[C@H](O)[C@@H]2O)C(=O)N1,,50,10.11113_mjfas.v14n4.1233_OA_part_2.txt_∂Œ1_Material1
O=C([*])C(C)O[*],O=C([*])C(C)O[*],[*]OC1C(C(O)=O)OC(OC2C(NC(C)=O)C([*])OC(CO)C2O)C(O)C1O,O=C([*])C(C)O[*],,62.8,10.1002_app.43381_part_2.txt_∂Œ1_Material1
[*]CC(COC1=CC=C(C=C1)C(C)(C)C2=CC=C(C=C2)O[*])O,[H][Si]([H])([H])[H],,,,73,10.1002_pc.25479_part_1.txt_∂Œ1_Material1
O=C(C1=CC=C(C=C1)C(OCC[*])=O)O[*],N(CC)(CC)CC,,,,66.3,10.4028_www.scientific.net_amr.430-432.92_part_1.txt_∂Œ1_Material1
O=C([*])CCCCCCCCCCC(NCCCCCCCCCCN[*])=O,,,,,45,10.1002_pi.5919_part_1.txt_∂Œ1_Material4
OCC(C(C(C1N)O)O[*])OC1OC2C(OC(C(C2O)N)[*])CO,[Zn]=O,,,,91.28,10.1016_j.polymertesting.2019.106004_part_2.txt_∂Œ1_Material1
[*]C1C(OC(C(C1O)O)OC2C(OC(C(C2O)O)O[*])CO)CO,C[N+](CCO)(CCO)[3H],,,,60,10.1177_8756087916682553_part_1.txt_∂Œ1_Material1
O=C([*])C(C)O[*],[*]C(CCCCCO[*])=O,O=[Ti]=O,OC(C(C)(CC(C1=CC=CC=C1)[*])CC(C[*])(C(OCC2CO2)=O)C)=O,,55,10.1016_j.matchemphys.2017.03.051_part_4.txt_∂Œ1_Material1
O=C([*])C(C)O[*],[*]O[C@H](C)CC([*])=O,[*]OCC[*],OCC1OC(C(C(C1[*])O)O)OC2C(C(C(OC2CO)O[*])O)O,,58,10.3390_ma10091008_part_2.txt_∂Œ1_Material1
[*]C(NC1=C(C)C(NC(OCCO[*])=O)=CC=C1)=O,[*]C(CCCCC(OCCCCO[*])=O)=O,,,,80.4,10.1039_c9py00261h_part_1.txt_∂Œ1_Material1
O=C([*])C(C)O[*],[*]C(N(CN(C(OCOC(N(CN(C(OCCO[*])=O)[H])[H])=O)=O)[H])[H])=O,[*]OCC[*],[C],,58.1,10.1016_j.eurpolymj.2019.109372_part_2.txt_∂Œ1_Material1
CC(C[*])O[*],O=[Al]O[Al]=O.O=[Si]=O.O=[Si]=O.O=[Si]=O,,,,57,10.1002_pc.22543_part_1.txt_∂Œ1_Material1
O=C([*])OC1=CC=C(C=C1)C(C)(C)C2=CC=C(C=C2)O[*],C[N+](CCO)(CCO)[3H],,,,152,10.1002_app.42973_part_1.txt_∂Œ1_Material1
O=[Si]=O,[*]C(NC1=C(C)C(NC(OCCO[*])=O)=CC=C1)=O,,,,60,10.3390_jcs3020040_part_3.txt_∂Œ1_Material1
[*]C1C(OC(C(C1O)O)OC2C(OC(C(C2O)O)O[*])CO)CO,[*]C([H])([H])C(O)([H])[*],OCC(O)CO,,,49.28,10.1002_app.42544_part_1.txt_∂Œ1_Material1
O=C([*])C(C)O[*],[*][C@H]1[C@H](O)[C@@H](O)[C@H](OC2C(O)C(OC(C)=O)C(O[*])OC2CO)O[C@@H]1CO,C[N+](CCO)(CCO)[3H],C[N+](CCO)(CCO)[3H],,82.5,10.1016_j.matlet.2015.03.019_part_1.txt_∂Œ1_Material1
[*]CC([*])Cl,[*]OCC[*],O=[Al]O[Al]=O.O=[Si]=O.O=[Si]=O.O=[Si]=O,,,55,10.1177_0892705719854495_part_1.txt_∂Œ1_Material1
OCC(C(C(C1N)O)O[*])OC1OC2C(OC(C(C2O)N)[*])CO,[*]CC([*])N1CCCC1=O,OCC1OC(C(C(C1[*])O)O)OC2C(C(C(OC2CO)O[*])O)O,O=C(CC(/C=C/C1=CC=C(C(OC)=C1)O)=O)/C=C/C2=CC=C(O)C(OC)=C2,,99,10.1002_jbm.a.36097_part_3.txt_∂Œ1_Material1
[*]C([H])([H])C(O)([H])[*],[*]OCC[*],OCC(O)CO,,,42.07,10.1177_0885328217739451_part_1.txt_∂Œ1_Material2
[*]NC(C(N1CCCC1C(NCC(N2CC(CC2C(NC(C(NCC([*])=O)=O)CO)=O)O)=O)=O)=O)CCCCN,O=[Ti]=O,,,,52.2,10.1016_j.foodhyd.2020.105695_part_1.txt_∂Œ1_Material1
O=C([*])C(C)O[*],[*]CCCC([*])C(OC)=O,,,,57.3,10.1002_app.44677_part_1.txt_∂Œ1_Material1
CC(COC(C(CC(C(C(C(OC(C)C)=O)C1=CC=CC=C1)C(OCC(OC(C2=CC=CC=C2C(O)=O)=O)C)=O)C3=CC=CC=C3)C(C(OC(C)C[*])=O)C4=CC=CC=C4)=O)OC(C5=CC=CC=C5C(O[*])=O)=O,[*]C(F)(C(F)([*])F)F,,,,70,10.1016_j.triboint.2016.03.013_part_1.txt_∂Œ1_Material1
[*]CC[*],O=C(C1=CC=C(C=C1)C(OCC[*])=O)O[*],OCC1OC(C(C(C1[*])O)O)OC2C(C(C(OC2CO)O[*])O)O,C=C(C(OCC1CO1)=O)C,,110,10.1016_j.biortech.2009.12.069_part_1.txt_∂Œ1_Material1
[*]C([H])([H])C(O)([H])[*],[*]CC([*])N1CCCC1=O,,,,70,10.1007_s10854-017-8110-0_part_2.txt_∂Œ1_Material1
O=C([*])CCCCCN[*],C[N+](CCO)(CCO)[3H],,,,54.5,10.1002_pen.25106_part_2.txt_∂Œ1_Material1
[*]CC(C1=CC=CC=C1)[*],O=[Si]=O,,,,100,10.1007_s10570-016-1005-z_part_3.txt_∂Œ1_Material2
[*]C(CCCCCO[*])=O,[*]C(NC1=C(C)C(NC(OCCO[*])=O)=CC=C1)=O,N(CC)(CC)CC,,,32.8,10.1007_s13726-015-0341-4_part_1.txt_∂Œ1_Material4
[*]C(C)C[*],[*]C(C)C[*],O=[Mg].O=[Si]=O.O=[Si]=O.O=[Si]=O.O=[Si]=O.O=[Mg].O=[Mg].O,,,91,10.1504_ijmmm.2017.082905_part_2.txt_∂Œ1_Material1
[*]NCC(NC(C(ONCC(NC(C(NCC(NC(C([*])=O)C)=O)=O)C)=O)=O)CO)=O,[*]C1C(C(C(OC1C(O[Na])=O)OC2C(C(O[Na])=O)OC(O[*])C(O)C2O)O)O,O=P([O-])([O-])[O-].[Ca+2].[Ca+2].[OH-],,,98,10.1002_pen.23542_part_1.txt_∂Œ1_Material1
[*]C(NC1=C(C)C(NC(OCCO[*])=O)=CC=C1)=O,[*]C([H])([H])C(O)([H])[*],O=C([O-])[O-].[Ca+2],,,22.5,10.1002_pc.23293_part_1.txt_∂Œ1_Material2
O=C([*])C(C)O[*],O=[Si]=O,OC1=C2C(C3(O)C4C5C6=C7C8C(C9=CC(C(O)=O)=C(C=C(C=C%10C(O)=O)C%11%12)C(C%11=C%13C%14C%15%16C%17(O%16)C%18C%19=C%20C%21=C%22C(C(O)=C%23)=C%24C%25C%21=C%26C%19=C%27C%17=C%28C%14(O)C%12=C%10C=C%28CC%27=CC%26=CC%25=C(C(O)=O)C=C%24)C9=C7C%13(O)C5=C%15C3=C%18C%29%30C%20(O%30)C%31C%22C%23=C%32)=CC(C(O)=O)=CC8=CC6=C(C(O)=O)C4=C2)=C%29C%33=C%31C%32=C(C(O)=O)C=C%331,OC(C(C)(CC(C1=CC=CC=C1)[*])CC(C[*])(C(OCC2CO2)=O)C)=O,,25,10.1080_00222348.2014.998556_part_3.txt_∂Œ1_Material1
[*]C(C)C[*],NCCC[Si](OCC)(OCC)OCC,CO[Si](OC)(OC)CCCOCC1CO1,O=[Si]=O,,112,10.1002_pc.21190_part_3.txt_∂Œ1_Material1
O=C(C1=CC=C(C=C1)C(OCC[*])=O)O[*],[H][Si]([H])([H])[H],,,,67,10.1080_14658011.2020.1862978_part_1.txt_∂Œ1_Material1
[*]NC(C(N1CCCC1C(NCC(N2CC(CC2C(NC(C(NCC([*])=O)=O)CO)=O)O)=O)=O)=O)CCCCN,[*]C1C(C(C(OC1C(O[Na])=O)OC2C(C(O[Na])=O)OC(O[*])C(O)C2O)O)O,[*]OC1C(C(O)=O)OC(OC2C(NC(C)=O)C([*])OC(CO)C2O)C(O)C1O,CCN=C=NCCCN(C)C,,33.98,10.1016_j.carbpol.2016.06.033_part_1.txt_∂Œ1_Material1
O=C(C1=CC=C(C=C1)C(OCC[*])=O)O[*],[*]CC[*],,,,70,10.1177_0021998316645850_part_1.txt_∂Œ1_Material1
[*]OCCCCOC(CCC([*])=O)=O,O=C(C1=CC=C(C=C1)C(OCC[*])=O)O[*],,,,36.1,10.1021_ie101798n_part_2.txt_∂Œ1_Material1
[*]C1C(OC(C(C1O)O)OC2C(OC(C(C2O)O)O[*])CO)CO,OCC1OC(C(C(C1[*])O)O)OC2C(C(C(OC2CO)O[*])O)O,OCC(O)CO,,,94.5,10.1007_s10570-021-04039-7_part_1.txt_∂Œ1_Material1
[*]CC([*])Cl,[O-][Si]([O-])([O-])O[Si]([O-])([O-])[O-].[Ca+2],,,,83.7,10.1016_j.mtcomm.2020.101273_part_2.txt_∂Œ1_Material1
O=C([*])CCCCCN[*],[*]C(NC1=C(C)C(NC(OCCO[*])=O)=CC=C1)=O,,,,17.8,10.4028_www.scientific.net_amr.532-533.40_part_1.txt_∂Œ1_Material1
[*]C(C)C[*],[*]CC(CCCC(CC)CC([*])C1=CC=CC=C1)C2=CC=CC=C2,[*]CC(CCCC(CC)CC([*])C1=CC=CC=C1)C2=CC=CC=C2,,,107.8,10.1007_s10570-021-03995-4_part_3.txt_∂Œ1_Material1
[*]CCN[*],O=C([*])OC1=CC=C(C=C1)C(C)(C)C2=CC=C(C=C2)O[*],,,,122.5,10.5762_kais.2014.15.2.1216_OA_part_1.txt_∂Œ1_Material1
[*]C(C)C[*],OC1=C2C(C3(O)C4C5C6=C7C8C(C9=CC(C(O)=O)=C(C=C(C=C%10C(O)=O)C%11%12)C(C%11=C%13C%14C%15%16C%17(O%16)C%18C%19=C%20C%21=C%22C(C(O)=C%23)=C%24C%25C%21=C%26C%19=C%27C%17=C%28C%14(O)C%12=C%10C=C%28CC%27=CC%26=CC%25=C(C(O)=O)C=C%24)C9=C7C%13(O)C5=C%15C3=C%18C%29%30C%20(O%30)C%31C%22C%23=C%32)=CC(C(O)=O)=CC8=CC6=C(C(O)=O)C4=C2)=C%29C%33=C%31C%32=C(C(O)=O)C=C%331,[O-][Si]([O-])([O-])O[Si]([O-])([O-])[O-].[Ca+2],,,105,10.3390_ma12010152_part_2.txt_∂Œ1_Material7
[*]C(C)C[*],CC1=CC(O)=C(C=C1CCCC(C2=C(C=C(C(C(C)(C)C)=C2)O)C)C3=CC(C(C)(C)C)=C(C=C3C)O)C(C)(C)C,CC1=CC(O)=C(C=C1CCCC(C2=C(C=C(C(C(C)(C)C)=C2)O)C)C3=CC(C(C)(C)C)=C(C=C3C)O)C(C)(C)C,O=C(CCCCCCCCCCCCCCCCC)O[Ca]OC(CCCCCCCCCCCCCCCCC)=O,,110,10.4028_www.scientific.net_amr.239-242.288_part_1.txt_∂Œ1_Material1
O=C([*])C(C)O[*],[*]CCCC([*])OC(C)=O,OC1=C2C(C3(O)C4C5C6=C7C8C(C9=CC(C(O)=O)=C(C=C(C=C%10C(O)=O)C%11%12)C(C%11=C%13C%14C%15%16C%17(O%16)C%18C%19=C%20C%21=C%22C(C(O)=C%23)=C%24C%25C%21=C%26C%19=C%27C%17=C%28C%14(O)C%12=C%10C=C%28CC%27=CC%26=CC%25=C(C(O)=O)C=C%24)C9=C7C%13(O)C5=C%15C3=C%18C%29%30C%20(O%30)C%31C%22C%23=C%32)=CC(C(O)=O)=CC8=CC6=C(C(O)=O)C4=C2)=C%29C%33=C%31C%32=C(C(O)=O)C=C%331,,,61,10.1002_pat.5435_part_2.txt_∂Œ1_Material1
[*]C(C)C[*],[*]C(C)C[*],[*]CC(CCCC(CC)CC([*])C1=CC=CC=C1)C2=CC=CC=C2,,,116.4,10.3390_ma8125451_part_2.txt_∂Œ1_Material1
O=C([*])C(C)O[*],[H][Si]([H])([H])[H],,,,30.6,10.1016_j.compscitech.2017.05.020_part_2.txt_∂Œ1_Material1
O=C([*])C(C)O[*],[*]C(CCCCC(OCCCCO[*])=O)=O,OC1=C2C(C3(O)C4C5C6=C7C8C(C9=CC(C(O)=O)=C(C=C(C=C%10C(O)=O)C%11%12)C(C%11=C%13C%14C%15%16C%17(O%16)C%18C%19=C%20C%21=C%22C(C(O)=C%23)=C%24C%25C%21=C%26C%19=C%27C%17=C%28C%14(O)C%12=C%10C=C%28CC%27=CC%26=CC%25=C(C(O)=O)C=C%24)C9=C7C%13(O)C5=C%15C3=C%18C%29%30C%20(O%30)C%31C%22C%23=C%32)=CC(C(O)=O)=CC8=CC6=C(C(O)=O)C4=C2)=C%29C%33=C%31C%32=C(C(O)=O)C=C%331,OC(C(C)(CC(C1=CC=CC=C1)[*])CC(C[*])(C(OCC2CO2)=O)C)=O,,45,10.3390_polym13152489_part_3.txt_∂Œ1_Material1
OCC1OC(C(C(C1[*])O)O)OC2C(C(C(OC2CO)O[*])O)O,O=C([*])C(C)O[*],,,,50,10.1007_s10570-018-1822-3_part_1.txt_∂Œ1_Material1
O=C([*])C(C)O[*],O=C(O[*])CCCCCCCCCCN[*],,,,52,10.3144_expresspolymlett.2015.67_part_2.txt_∂Œ1_Material1
O=C([*])C(C)O[*],C[N+](CCO)(CCO)[3H],,,,57,10.1002_pen.24955_part_1.txt_∂Œ1_Material1
OCC1OC(C(C(C1[*])O)O)OC2C(C(C(OC2CO)O[*])O)O,COC1=CC(/C=C/C=O)=CC(OC2=CC(C(C(OC3=CC=C(C=C3OC)C(C(CO)=O)O)CO)O)=CC=C2OC4=CC(C(C(COC5=CC=C(C=C5)C(C(CO)=O)O)=O)O)=CC=C4O)=C1,,,,114.5,10.1007_s10570-020-03583-y_part_1.txt_∂Œ1_Material1
[*]C(NC1=C(C)C(NC(OCCO[*])=O)=CC=C1)=O,O=[Si]=O,[*]OCC[*],,,46.8,10.1016_j.memsci.2012.10.002_part_1.txt_∂Œ1_Material1
[*]CC([*])Cl,[*]CC(C(OC)=O)(CC(C/C=C/CCC(C1=CC=CC=C1)[*])C#N)C,CCCC[Sn](OC(CC(C)CCCCCCCC)=O)(OC(CCCCCCCCCCC)=O)CCCC,,,92,10.1002_app.39405_part_1.txt_∂Œ1_Material1
O=C([*])C(C)O[*],[*]OCCCCOC(CCC([*])=O)=O,,,,59.83,10.1016_j.compositesb.2019.107384_part_5.txt_∂Œ1_Material1
[*]CC(COC1=CC=C(C=C1)C(C)(C)C2=CC=C(C=C2)O[*])O,O=[Al]O[Al]=O,[O-][Si]([O-])([O-])O[Si]([O-])([O-])[O-].[Ca+2],,,98,10.1002_pc.25050_part_1.txt_∂Œ1_Material1
[*]CC(C1=CC=CC=C1)[*],C/C(C[*])=C/C[*],O=C([*])CCCCCN[*],,,109,10.1177_096739111302100807_part_2.txt_∂Œ1_Material1
O=C([*])C1=CC=C(C=C1)OC2=CC=C(C=C2)OC3=CC=C(C=C3)[*],,,,,147,10.1177_0954008316661616_part_2.txt_∂Œ1_Material1
[*]C([H])([H])C(O)([H])[*],[*]C1C(OC(C(C1O)O)OC2C(OC(C(C2O)O)O[*])CO)CO,CC1=CC(O)=C(C=C1CCCC(C2=C(C=C(C(C(C)(C)C)=C2)O)C)C3=CC(C(C)(C)C)=C(C=C3C)O)C(C)(C)C,OC(C(CC(O)=O)(CC(O)=O)O)=O,,80,10.1007_s10924-020-01678-y_part_4.txt_∂Œ1_Material1
[*]C(C)C[*],[*]C(C)C[*],O=[Ti]=O,,,58,10.1515_secm-2020-0012_part_1.txt_∂Œ1_Material1
C(C)(C1=CC=C(OCC2CO2)C=C1)(C)C1=CC=C(OCC2CO2)C=C1,[*]OCCOC(CC(C([*])=O)C(C1CCCCC1)CC(CC(O)=O)C(OCCO)=O)=O,,,,117,10.1002_polb.24004_part_1.txt_∂Œ1_Material3
[*]NC(C(N1CCCC1C(NCC(N2CC(CC2C(NC(C(NCC([*])=O)=O)CO)=O)O)=O)=O)=O)CCCCN,[*]C1C(OC(C(C1O)O)OC2C(OC(C(C2O)O)O[*])CO)CO,O=[Al]O[Al]=O.O=[Si]=O.O=[Si]=O.O=[Si]=O,,,76,10.1016_j.jfoodeng.2010.02.023_part_1.txt_∂Œ1_Material1
OCC1OC(OC2C(O)C(O)C(O[*])OC2CO)C(O)C(O)C1[*],OCC1OC(C(C(C1[*])O)O)OC2C(C(C(OC2CO)O[*])O)O,,,,115,10.1016_j.carbpol.2017.06.053_part_1.txt_∂Œ1_Material1
O=C([*])C(C)O[*],[*]CC(CC=CCC([*])C1=CC=CC=C1)C#N,,,,105,10.1088_1757-899x_701_1_012055_part_1.txt_∂Œ1_Material1
[*]O[C@H](C)CC([*])=O,O=[Si]=O,[*]CC(CCCC(CC)CC([*])C1=CC=CC=C1)C2=CC=CC=C2,[*]CC(CCCC(CC)CC([*])C1=CC=CC=C1)C2=CC=CC=C2,,45.28,10.1002_pc.24188_part_3.txt_∂Œ1_Material1
[*]NC(C(N1CCCC1C(NCC(N2CC(CC2C(NC(C(NCC([*])=O)=O)CO)=O)O)=O)=O)=O)CCCCN,OCC1OC(C(C(C1[*])O)O)OC2C(C(C(OC2CO)O[*])O)O,O=[Al]O[Al]=O.O=[Si]=O.O=[Si]=O.O=[Si]=O,,,95,10.7569_jrm.2016.634106_part_1.txt_∂Œ1_Material1
[*]C(CCCCCO[*])=O,[*]NC(C(N1CCCC1C(NCC(N2CC(CC2C(NC(C(NCC([*])=O)=O)CO)=O)O)=O)=O)=O)CCCCN,,,,46,10.1016_j.biomaterials.2014.07.060_part_1.txt_∂Œ1_Material1
[*]C(NC1=C(C)C(NC(OCCO[*])=O)=CC=C1)=O,O=[Si]=O,O=[Si]=O,O=[Si]=O,,32.9,10.1016_j.colsurfa.2013.12.019_part_2.txt_∂Œ1_Material1
O=C([*])C(C)O[*],O=C(C1=CC=C(C=C1)C(OCC[*])=O)O[*],O=[Al]O[Al]=O,,,60,10.1007_s11665-021-05711-6_part_1.txt_∂Œ1_Material1
[*]NC(C(N1CCCC1C(NCC(N2CC(CC2C(NC(C(NCC([*])=O)=O)CO)=O)O)=O)=O)=O)CCCCN,O=C(C1=CC=C(C=C1)OCCOC(C=C)=O)C(C)(C)O,OCC(O)CO,,,11,10.1007_s13738-017-1194-x_part_1.txt_∂Œ1_Material1
O=C([*])C(C)O[*],[*]O[C@H](C)CC([*])=O,C=C([CH3])C(=O)OC([CH3])[CH3],O=[Al]O[Al]=O.O=[Si]=O.O=[Si]=O.O=[Si]=O,,44.2,10.1021_sc400395s_part_2.txt_∂Œ1_Material1
OCC(C(C(C1N)O)O[*])OC1OC2C(OC(C(C2O)N)[*])CO,[*]C([H])([H])C(O)([H])[*],O=[Al]O[Al]=O.O=[Si]=O.O=[Si]=O.O=[Si]=O,O=[Al]O[Al]=O.O=[Si]=O.O=[Si]=O.O=[Si]=O,,78,10.1016_j.carbpol.2015.12.072_part_3.txt_∂Œ1_Material1
O=C([*])C(C)O[*],[Mg],[Fe]12O[Fe]O[Fe](O2)O1,,,55.4,10.1021_acsami.6b02828_part_7.txt_∂Œ1_Material1
[*]C(C1=CC=C(C(OCCCCO[*])=O)C=C1)=O,O=C([*])OC1=CC=C(C=C1)C(C)(C)C2=CC=C(C=C2)O[*],[*]C(C)C[*],,,56.3,10.1007_s10965-015-0869-1_part_2.txt_∂Œ1_Material1
[*]CC(COC1=CC=C(C=C1)C(C)(C)C2=CC=C(C=C2)O[*])O,NCCC[Si](OCC)(OCC)OCC,,,,137,10.1007_s00289-020-03375-1_part_2.txt_∂Œ1_Material1
[*]NC(C)C(N1CCCC1C([*])=O)=O,,,,,26.2,10.1039_c8bm00675j_part_2.txt_∂Œ1_Material1
[*]C(CCCCCO[*])=O,CC1=CC(O)=C(C=C1CCCC(C2=C(C=C(C(C(C)(C)C)=C2)O)C)C3=CC(C(C)(C)C)=C(C=C3C)O)C(C)(C)C,,,,62,10.1088_1755-1315_233_2_022004_part_1.txt_∂Œ1_Material1
[*]C(C)C[*],[H][O-],[*]C(C)C[*],,,60,10.1002_pc.26171_part_2.txt_∂Œ1_Material1
O=C([*])C(C)O[*],O=[Mg].O=[Si]=O.O=[Si]=O.O=[Si]=O.O=[Si]=O.O=[Mg].O=[Mg].O,[*]OCC[*],CC(CO[*])[*],,60,10.1002_adma.201305413_part_1.txt_∂Œ1_Material1
[*]C(CCCCCO[*])=O,[*]NCC(NC(C(ONCC(NC(C(NCC(NC(C([*])=O)C)=O)=O)C)=O)=O)CO)=O,[Na+].[Cl-],,,45,10.1002_bip.22016_part_1.txt_∂Œ1_Material1
O=C([*])CCCCCN[*],[*]C(C)C[*],O=[Al]O[Al]=O.O=[Si]=O.O=[Si]=O.O=[Si]=O,[*]C(C)C[*],[*]CC(CCCC(CC)CC([*])C1=CC=CC=C1)C2=CC=CC=C2,55.5,10.1002_pen.21622_part_1.txt_∂Œ1_Material1
O=C([*])CCCCCN[*],[H][Si]([H])([H])[H],O[Si](O)(O[Si](O)(O)O)O.[Al].[Al].O,,,55,10.1002_pc.22787_part_2.txt_∂Œ1_Material1
O=C([*])C(C)O[*],O=C([*])OC1=CC=C(C=C1)C(C)(C)C2=CC=C(C=C2)O[*],C=C(C(OCC1CO1)=O)C,,,56.4,10.1039_c6ra21208e_part_2.txt_∂Œ1_Material1
[*]CC[*],C12=CC3=CC4=CC=CN=C4N=C3N=C1N=C5N=C6N=CC=CC6=CC5=C2,,,,116.04,10.1002_app.42237_part_2.txt_∂Œ1_Material1
O=C([*])C(C)O[*],OP(O)(O)=O,O=[Mg].O=[Si]=O.O=[Si]=O.O=[Si]=O.O=[Si]=O.O=[Mg].O=[Mg].O,,,54.6,10.1002_app.51557_part_2.txt_∂Œ1_Material1
C/C(C[*])=C/C[*],[*]C(N(CN(C(OCOC(N(CN(C(OCCO[*])=O)[H])[H])=O)=O)[H])[H])=O,O=C(C1=CC=C(C([*])=O)C=C1)NC2=CCC(N[*])C=C2,,,49,10.1016_j.dt.2019.06.004_part_1.txt_∂Œ1_Material1
[*]C1C(OC(C(C1O)O)OC2C(OC(C(C2O)O)O[*])CO)CO,[*]C(CCCCC(OCCCCO[*])=O)=O,OC(C(CC(O)=O)(CC(O)=O)O)=O,OCC(O)CO,,56.8,10.4322_polimeros.2013.014_part_1.txt_∂Œ1_Material1
OCC1OC(C(C(C1[*])O)O)OC2C(C(C(OC2CO)O[*])O)O,[H][O-],,,,80,10.1007_s10570-019-02941-9_part_1.txt_∂Œ1_Material1
O=C([*])C(C)O[*],[*]OCC[*],OCC(C(C(C1N)O)O[*])OC1OC2C(OC(C(C2O)N)[*])CO,,,58,10.3390_polym11060941_part_1.txt_∂Œ1_Material1
[*]C1C(OC(C(C1O)O)OC2C(OC(C(C2O)O)O[*])CO)CO,[*]C1C(O)C(O)C(OC2C(O)C(O)C(O[*])OC2COC(C)=O)OC1COC(C)=O,[Ag],,,110.9,10.1016_j.polymertesting.2013.06.012_part_1.txt_∂Œ1_Material1
[*]CC(COC1=CC=C(C=C1)C(C)(C)C2=CC=C(C=C2)O[*])O,NCCC[Si](OCC)(OCC)OCC,[Zn]=O,,,102.6,10.1016_j.polymer.2019.121621_part_1.txt_∂Œ1_Material3
O=C([*])C(C)O[*],O=[Ti]=O,,,,64,10.3390_molecules26071967_part_2.txt_∂Œ1_Material1
[*]C(C)C[*],O=C(CCCCC(N(CCCCCCN([*])[H])[H])=O)[*],,,,50,10.1016_j.compositesb.2015.05.046_part_4.txt_∂Œ1_Material1
O=C([*])C(C)O[*],[*]C1C(OC(C(C1O)O)OC2C(OC(C(C2O)O)O[*])CO)CO,O=C=NCCCCCCN=C=O,,,61.8,10.1016_j.carbpol.2013.01.038_part_1.txt_∂Œ1_Material1
[*]C([H])([H])C(O)([H])[*],O=[Ti]=O,OC(C(C)(CC(C1=CC=CC=C1)[*])CC(C[*])(C(OCC2CO2)=O)C)=O,,,85,10.3389_fmats.2023.1276785_OA_part_3.txt_∂Œ1_Material1
O=C(C1=CC=C(C=C1)C(OCC[*])=O)O[*],[*]C(F)(C(F)([*])F)F,,,,70,10.1080_03602559.2016.1247281_part_6.txt_∂Œ1_Material2
O=C(O)C(C[*])CC(CC(C(C(O)=O)[*])C(O)=O)C(O)=O,O=[Si]=O,,,,58,10.1177_0021998312457099_part_1.txt_∂Œ1_Material1
[*]C([H])([H])C(O)([H])[*],O=C([*])C(C)O[*],,,,55.16,10.1021_ie502531w_part_1.txt_∂Œ1_Material1
O=C([*])C(C)O[*],[*]C(CCCCCO[*])=O,OCC1OC(C(C(C1[*])O)O)OC2C(C(C(OC2CO)O[*])O)O,,,55,10.1016_j.polymdegradstab.2018.04.012_part_2.txt_∂Œ1_Material1
[*]CC([*])Cl,O=C(O)CCCCCCCCCCCCCCCCC,,,,91,10.1002_pc.23968_part_1.txt_∂Œ1_Material1
[*]CC(COC1=CC=C(C=C1)C(C)(C)C2=CC=C(C=C2)O[*])O,C[Si](C)(C[*])O[*],,,,77.6,10.1039_c9sm01952a_part_1.txt_∂Œ1_Material1
[*]CC(OC(O[*])=O)C,[*]CC(OC(O[*])=O)C,OC1=C2C(C3(O)C4C5C6=C7C8C(C9=CC(C(O)=O)=C(C=C(C=C%10C(O)=O)C%11%12)C(C%11=C%13C%14C%15%16C%17(O%16)C%18C%19=C%20C%21=C%22C(C(O)=C%23)=C%24C%25C%21=C%26C%19=C%27C%17=C%28C%14(O)C%12=C%10C=C%28CC%27=CC%26=CC%25=C(C(O)=O)C=C%24)C9=C7C%13(O)C5=C%15C3=C%18C%29%30C%20(O%30)C%31C%22C%23=C%32)=CC(C(O)=O)=CC8=CC6=C(C(O)=O)C4=C2)=C%29C%33=C%31C%32=C(C(O)=O)C=C%331,,,34.1,10.1016_j.eurpolymj.2013.11.008_part_2.txt_∂Œ1_Material1
[*]C(C)C[*],[*]C(C)C[*],[*]C(C)C[*],,,116,10.1002_pen.25206_part_1.txt_∂Œ1_Material1
O=C([*])C1=CC=C(C=C1)OC2=CC=C(C=C2)OC3=CC=C(C=C3)[*],C12=CC3=CC4=CC=CN=C4N=C3N=C1N=C5N=C6N=CC=CC6=CC5=C2,,,,143,10.1002_pc.20916_part_1.txt_∂Œ1_Material1
[*]C(CCCCCO[*])=O,O=[Ti]=O,,,,45,10.1038_s41467-022-33283-z_OA_part_1.txt_∂Œ1_Material1
[*]CC(C)(C(OCCO)=O)[*],O=[Si]=O,,,,85,10.1002_pi.5536_part_1.txt_∂Œ1_Material1
O=C([*])C(C)O[*],[*]OCC[*],O=C([*])C(C)O[*],,,55,10.1002_pc.24314_part_1.txt_∂Œ1_Material1
C=C([CH3])C(=O)O[CH3],[*]OCC[*],CNC(CNC(CN)=O)=O,,,94.5,10.1080_03602559.2017.1315642_part_3.txt_∂Œ1_Material1
O=C([*])C(C)O[*],[*]C(CCCCC(OCCCCO[*])=O)=O,O=C([*])C(C)O[*],O=C([O-])[O-].[Ca+2],,57.5,10.1134_s0965545x1703018x_part_2.txt_∂Œ1_Material3
[*]CC[*],NC1=NC2=C(N=CN2C2O[C@H](COP(=O)(O)OP(=O)(O)O)[C@H](O)[C@@H]2O)C(=O)N1,,,,113.3,10.3390_ma14144024_part_2.txt_∂Œ1_Material1
O=C([*])C(C)O[*],OP(O)(O)=O,OCC1OC(OC2C(O)C(O)C(O[*])OC2CO)C(O)C(O)C1[*],,,57.5,10.1002_app.44895_part_1.txt_∂Œ1_Material1
[*]NC(C(N1CCCC1C(NCC(N2CC(CC2C(NC(C(NCC([*])=O)=O)CO)=O)O)=O)=O)=O)CCCCN,OCC(C(C(C1N)O)O[*])OC1OC2C(OC(C(C2O)N)[*])CO,,,,45.6,10.1016_j.foodhyd.2017.12.012_part_2.txt_∂Œ1_Material1
[*]C(NC1=C(C)C(NC(OCCO[*])=O)=CC=C1)=O,[Fe]12O[Fe]O[Fe](O2)O1,,,,42,10.1016_j.msec.2016.04.064_part_7.txt_∂Œ1_Material1
[*]C(N(CN(C(OCOC(N(CN(C(OCCO[*])=O)[H])[H])=O)=O)[H])[H])=O,C12=C3C(C=CC4C3=C5C(CC6=CC7=C8C9=C(C(C=C%10)=CC=C9C=C7)C%11=C%10C%12)=CC4)=CC=C1C=C%12C%13=C%11C8=C6C5=C2%13,,,,47,10.1002_app.49364_part_1.txt_∂Œ1_Material1
OCC1OC(C(C(C1[*])O)O)OC2C(C(C(OC2CO)O[*])O)O,[*]C(C)C[*],[Ag+],,,130,10.1016_j.compositesb.2019.02.006_part_2.txt_∂Œ1_Material1
[*]C(CCCCCO[*])=O,[*]OCC[*],OCC(C(C(C1N)O)O[*])OC1OC2C(OC(C(C2O)N)[*])CO,OCC1OC(C(C(C1O)O[*])O)OC2C(C(C(OC2COS(=O)(O)=O)[*])NC(C)=O)O,,69.2,10.1016_j.msec.2020.111696_part_2.txt_∂Œ1_Material1
O=C([*])C(C)O[*],[*]C(CCCCC(OCCCCO[*])=O)=O,O=C=NC(C=C1)=CC=C1CC2=CC=C(C=C2)N=C=O,C=C([CH3])C(=O)OC([CH3])[CH3],,58,10.4028_www.scientific.net_msf.695.178_part_1.txt_∂Œ1_Material1
O=C([*])C(C)O[*],[*]OCC[*],O=C([*])C(C)O[*],OC1=C2C(C3(O)C4C5C6=C7C8C(C9=CC(C(O)=O)=C(C=C(C=C%10C(O)=O)C%11%12)C(C%11=C%13C%14C%15%16C%17(O%16)C%18C%19=C%20C%21=C%22C(C(O)=C%23)=C%24C%25C%21=C%26C%19=C%27C%17=C%28C%14(O)C%12=C%10C=C%28CC%27=CC%26=CC%25=C(C(O)=O)C=C%24)C9=C7C%13(O)C5=C%15C3=C%18C%29%30C%20(O%30)C%31C%22C%23=C%32)=CC(C(O)=O)=CC8=CC6=C(C(O)=O)C4=C2)=C%29C%33=C%31C%32=C(C(O)=O)C=C%331,,61.5,10.1002_pc.24314_part_2.txt_∂Œ1_Material1
OCC(C(C(C1N)O)O[*])OC1OC2C(OC(C(C2O)N)[*])CO,OCC(O)CO,[Na+].[Cl-],,,126.6,10.1016_j.carbpol.2017.06.069_part_5.txt_∂Œ1_Material1
O=C(C1=CC=C(C=C1)C(OCC[*])=O)O[*],[*]C(CCCCC(OCCCCO[*])=O)=O,O=[Ti]=O,[Zn]=O,,56.1,10.1016_j.matpr.2017.06.173_part_1.txt_∂Œ1_Material1
C[Si](C)(C[*])O[*],O=[Si]=O,,,,78,10.1016_j.cej.2021.128675_part_1.txt_∂Œ1_Material1
O=C([*])C(C)O[*],[*]CCCC([*])OC(C)=O,[*]CC(CCCC(CC)CC([*])C1=CC=CC=C1)C2=CC=CC=C2,O=[Si]=O,,61.14,10.1016_j.polymertesting.2020.106735_part_2.txt_∂Œ1_Material3
O=C([*])OC1=CC=C(C=C1)C(C)(C)C2=CC=C(C=C2)O[*],[*]CC([*])N1CCCC1=O,[Na+].[Cl-],,,147,10.1088_0957-4484_24_27_275603_part_1.txt_∂Œ1_Material1
OCC1OC(C(C(C1[*])O)O)OC2C(C(C(OC2CO)O[*])O)O,O=C(O)CCCCCCCCCCCCCCCCC,,,,104,10.1039_c5ra12671a_part_2.txt_∂Œ1_Material1
[*]C(C(OC(CO[*])=O)C)=O,C=C([CH3])C(=O)O[CH3],,,,43.4,10.4322_polimeros.2013.097_part_1.txt_∂Œ1_Material1
O=C([*])CCCCCN[*],[*]C(C)C[*],C[N+](CCO)(CCO)[3H],,,31,10.1016_j.matdes.2010.05.024_part_1.txt_∂Œ1_Material1
[*]CC([*])Cl,[*]CC(CC=CCC([*])C1=CC=CC=C1)C#N,,,,71.8,10.1080_00222348.2017.1360684_part_2.txt_∂Œ1_Material1
O=C([*])CCCCCN[*],[H][O-],,,,38.5,10.1016_j.compositesb.2015.04.040_part_1.txt_∂Œ1_Material1
[*]CC([*])Cl,O=[Ti]=O,,,,87,10.1007_s10118-013-1219-6_part_1.txt_∂Œ1_Material1
O=C([*])C(C)O[*],OCC1OC(OC2C(O)C(O)C(O[*])OC2CO)C(O)C(O)C1[*],,,,63.2,10.1007_s10570-019-02931-x_part_3.txt_∂Œ1_Material1
[*]O[C@H](C)CC([*])=O,OCC1OC(C(C(C1O[*])O)O)[*],,,,40,10.11113_jt.v75.5338_part_1.txt_∂Œ1_Material1
[*]CC(COC1=CC=C(C=C1)C(C)(C)C2=CC=C(C=C2)O[*])O,[*]OCCOC(CC(C([*])=O)C(C1CCCCC1)CC(CC(O)=O)C(OCCO)=O)=O,NCCC[Si](OCC)(OCC)OCC,,,101,10.1002_vnl.21491_part_2.txt_∂Œ1_Material1
C/C(C[*])=C/C[*],[*]C(CCCCCO[*])=O,,,,29.77,10.4028_www.scientific.net_kem.798.337_part_1.txt_∂Œ1_Material1
[*]C([H])([H])C(O)([H])[*],O=[Al]O[Al]=O.O=[Si]=O.O=[Si]=O.O=[Si]=O,OC1=C2C(C3(O)C4C5C6=C7C8C(C9=CC(C(O)=O)=C(C=C(C=C%10C(O)=O)C%11%12)C(C%11=C%13C%14C%15%16C%17(O%16)C%18C%19=C%20C%21=C%22C(C(O)=C%23)=C%24C%25C%21=C%26C%19=C%27C%17=C%28C%14(O)C%12=C%10C=C%28CC%27=CC%26=CC%25=C(C(O)=O)C=C%24)C9=C7C%13(O)C5=C%15C3=C%18C%29%30C%20(O%30)C%31C%22C%23=C%32)=CC(C(O)=O)=CC8=CC6=C(C(O)=O)C4=C2)=C%29C%33=C%31C%32=C(C(O)=O)C=C%331,,,98.37,10.1007_s13726-021-00964-3_part_1.txt_∂Œ1_Material1
O=C([*])OC1=CC=C(C=C1)C(C)(C)C2=CC=C(C=C2)O[*],N(CC)(CC)CC,,,,134,10.1166_jnn.2017.14809_part_1.txt_∂Œ1_Material1
O=C([*])C(C)O[*],[*]OCC[*],,,,62,10.1016_j.ijbiomac.2016.11.003_part_1.txt_∂Œ1_Material1
O=C([*])C(C)O[*],O[Si](O)(O[Si](O)(O)O)O.[Al].[Al].O,,,,73,10.1002_app.49134_part_1.txt_∂Œ1_Material1
OP(O)(O)=O,[*]CCCC(C(O)=O)[*],[*]CCCC(C(O)=O)[*],,,47.5,10.1002_vnl.21485_part_1.txt_∂Œ1_Material1
[*]CCC1C([*])C2CCC1C2,O=C(O)C([*])C[*],,,,78,10.1016_j.snb.2011.05.012_part_1.txt_∂Œ1_Material1
O=C(C1=CC=C(C=C1)C(OCC[*])=O)O[*],OC1=C2C(C3(O)C4C5C6=C7C8C(C9=CC(C(O)=O)=C(C=C(C=C%10C(O)=O)C%11%12)C(C%11=C%13C%14C%15%16C%17(O%16)C%18C%19=C%20C%21=C%22C(C(O)=C%23)=C%24C%25C%21=C%26C%19=C%27C%17=C%28C%14(O)C%12=C%10C=C%28CC%27=CC%26=CC%25=C(C(O)=O)C=C%24)C9=C7C%13(O)C5=C%15C3=C%18C%29%30C%20(O%30)C%31C%22C%23=C%32)=CC(C(O)=O)=CC8=CC6=C(C(O)=O)C4=C2)=C%29C%33=C%31C%32=C(C(O)=O)C=C%331,,,,91.66,10.1177_0021998316665239_part_1.txt_∂Œ1_Material2
C=C(C)C(=O)OCC(O)COC1=CC=C(C(C2=CC=C(O)C=C2)(C)C)C=C1,[*]OCCOC(CC(C([*])=O)C(C1CCCCC1)CC(CC(O)=O)C(OCCO)=O)=O,O=[Si]=O,,,87,10.1061_(asce)cc.1943-5614.0000317_part_1.txt_∂Œ1_Material1
O=C([*])C(C)O[*],[*]C([H])([H])C(O)([H])[*],,,,58.1,10.4028_www.scientific.net_kem.773.10_part_1.txt_∂Œ1_Material1
[*]C(CCCCCO[*])=O,[*]OCC[*],,,,36.41,10.1177_0885328216680152_part_2.txt_∂Œ1_Material1
[*]C1C(OC(C(C1O)O)OC2C(OC(C(C2O)O)O[*])CO)CO,[*]C1C(O)C(O)C(OC2C(O)C(O)C(O[*])OC2COC(C)=O)OC1COC(C)=O,,,,105,10.1007_s00170-018-2830-z_part_1.txt_∂Œ1_Material1
[*]NCC(NC(C(ONCC(NC(C(NCC(NC(C([*])=O)C)=O)=O)C)=O)=O)CO)=O,OCC1OC(C(C(C1O)O[*])O)OC2C(C(C(OC2COS(=O)(O)=O)[*])NC(C)=O)O,O=[Ti]=O,,,50,10.1002_smll.201903948_part_8.txt_∂Œ1_Material1
O=C([*])C(C)O[*],OP(O)(O)=O,OC1=C2C(C3(O)C4C5C6=C7C8C(C9=CC(C(O)=O)=C(C=C(C=C%10C(O)=O)C%11%12)C(C%11=C%13C%14C%15%16C%17(O%16)C%18C%19=C%20C%21=C%22C(C(O)=C%23)=C%24C%25C%21=C%26C%19=C%27C%17=C%28C%14(O)C%12=C%10C=C%28CC%27=CC%26=CC%25=C(C(O)=O)C=C%24)C9=C7C%13(O)C5=C%15C3=C%18C%29%30C%20(O%30)C%31C%22C%23=C%32)=CC(C(O)=O)=CC8=CC6=C(C(O)=O)C4=C2)=C%29C%33=C%31C%32=C(C(O)=O)C=C%331,,,55,10.1080_15583724.2020.1850475_part_7.txt_∂Œ1_Material1
[*]C([H])([H])C(O)([H])[*],[*]OC1C(C(O)=O)OC(OC2C(NC(C)=O)C([*])OC(CO)C2O)C(O)C1O,O=C(O)C([*])C[*],[*]OC1C(C(O)=O)OC(OC2C(NC(C)=O)C([*])OC(CO)C2O)C(O)C1O,O=C(O)C([*])C[*],85,10.3390_pr9050730_part_5.txt_∂Œ1_Material1
O=C([*])C(C)O[*],C/C(C[*])=C/C[*],C/C(C[*])=C/C[*],O=C([O-])[O-].[Ca+2],,56.73,10.4028_www.scientific.net_amr.410.59_part_1.txt_∂Œ1_Material2
O=C([*])CCCCCN[*],OCC1OC(C(C(C1[*])O)O)OC2C(C(C(OC2CO)O[*])O)O,,,,45.7,10.3390_nano10071367_part_2.txt_∂Œ1_Material1
O=C([*])OC1=CC=C(C=C1)C(C)(C)C2=CC=C(C=C2)O[*],[*]CC(CC=CCC([*])C1=CC=CC=C1)C#N,NC1=NC2=C(N=CN2C2O[C@H](COP(=O)(O)OP(=O)(O)O)[C@H](O)[C@@H]2O)C(=O)N1,,,149,10.1002_app.51500_part_2.txt_∂Œ1_Material4
O=C([*])C(C)O[*],C/C(C[*])=C/C[*],OC1=C2C(C3(O)C4C5C6=C7C8C(C9=CC(C(O)=O)=C(C=C(C=C%10C(O)=O)C%11%12)C(C%11=C%13C%14C%15%16C%17(O%16)C%18C%19=C%20C%21=C%22C(C(O)=C%23)=C%24C%25C%21=C%26C%19=C%27C%17=C%28C%14(O)C%12=C%10C=C%28CC%27=CC%26=CC%25=C(C(O)=O)C=C%24)C9=C7C%13(O)C5=C%15C3=C%18C%29%30C%20(O%30)C%31C%22C%23=C%32)=CC(C(O)=O)=CC8=CC6=C(C(O)=O)C4=C2)=C%29C%33=C%31C%32=C(C(O)=O)C=C%331,CCCCCCCCCCCCCCCCCCOC(CCC1=CC(C(C)(C)C)=C(C(C(C)(C)C)=C1)O)=O,,60,10.1016_j.polymertesting.2014.07.004_part_1.txt_∂Œ1_Material1
[*]OCCCCOC(CCC([*])=O)=O,O=C([*])C(C)O[*],,,,84,10.3389_fmats.2020.00007_part_1.txt_∂Œ1_Material1
O=C([*])C(C)O[*],O=C(C1=CC=C(C([*])=O)C=C1)NC2=CCC(N[*])C=C2,,,,56.7,10.1016_j.compositesb.2013.08.003_part_1.txt_∂Œ1_Material1
OCC1OC(C(C(C1[*])O)O)OC2C(C(C(OC2CO)O[*])O)O,OCC(C(C(C1N)O)O[*])OC1OC2C(OC(C(C2O)N)[*])CO,,,,108.95,10.3390_polym11030491_part_2.txt_∂Œ1_Material1
O=C(C1=CC=C(C=C1)C(OCC[*])=O)O[*],O=C=NCCCCCCN=C=O,,,,55,10.1007_s10965-020-02170-w_part_1.txt_∂Œ1_Material1
[*]NCCCCCCCCCCCC([*])=O,O=C(CCCCC(N(CCCCCCN([*])[H])[H])=O)[*],,,,47.7,10.1002_pc.21100_part_2.txt_∂Œ1_Material1
[*]O[C@H](C)CC([*])=O,[*]C(CCCCCO[*])=O,[Fe]12O[Fe]O[Fe](O2)O1,OCC1OC(C(C(C1[*])O)O)OC2C(C(C(OC2CO)O[*])O)O,,65.4,10.1016_j.addma.2021.102146_part_2.txt_∂Œ1_Material1
O=C([*])C(C)O[*],[*]C1C(OC(C(C1O)O)OC2C(OC(C(C2O)O)O[*])CO)CO,,,,62.8,10.1016_j.carbpol.2016.03.082_part_3.txt_∂Œ1_Material1
[*]C1C(OC(C(C1O)O)OC2C(OC(C(C2O)O)O[*])CO)CO,[*]NC(C(N1CCCC1C(NCC(N2CC(CC2C(NC(C(NCC([*])=O)=O)CO)=O)O)=O)=O)=O)CCCCN,OCC(O)CO,,,50,10.1002_app.46254_part_2.txt_∂Œ1_Material1
O=C([*])C(C)O[*],[*]C(CCCCC(OCCCCO[*])=O)=O,C=C(C(OCC1CO1)=O)C,OC(C(C)(CC(C1=CC=CC=C1)[*])CC(C[*])(C(OCC2CO2)=O)C)=O,,55,10.1016_j.polymer.2020.122591_part_8.txt_∂Œ1_Material1
O=C([*])OC1=CC=C(C=C1)C(C)(C)C2=CC=C(C=C2)O[*],CC(CC(C(C(O1)=O)CC1=O)[*])C[*],,,,150,10.1515_adms-2016-0019_part_1.txt_∂Œ1_Material1
[*]C([H])([H])C(O)([H])[*],[*]CC(COC1=CC=C(C=C1)C(C)(C)C2=CC=C(C=C2)O[*])O,O=[Si]=O,,,75,10.1016_j.carbon.2013.02.055_part_2.txt_∂Œ1_Material1
[*]C([C@H](C)OC([C@H](C)O[*])=O)=O,[*]NC(C(O)=O)CCC([*])=O,,,,58,10.1097_scs.0b013e3181c50e9c_part_1.txt_∂Œ1_Material1
O=C([*])C(C)O[*],[*]C(CCCCC(OCCCCO[*])=O)=O,[*]CCC(CCCCCC)C[*],,,61,10.3389_fmats.2020.00130_part_2.txt_∂Œ1_Material1
[*]CC(C1=CC=CC=C1)C/C=C/C[*],C(C)(C1=CC=C(OCC2CO2)C=C1)(C)C1=CC=C(OCC2CO2)C=C1,,,,82,10.1021_ma400152g_part_1.txt_∂Œ1_Material1
[*]C(CCCCC(OCCCCO[*])=O)=O,COC(C(C[*])([*])C)=O,[*]CC(C1=CC=CC=C1)[*],,,81.8,10.1016_j.polymer.2015.12.020_part_1.txt_∂Œ1_Material1
O=C(C1=CC=C(C=C1)C(OCC[*])=O)O[*],OC(C(CC(O)=O)(CC(O)=O)O)=O,,,,85,10.1111_cote.12533_part_1.txt_∂Œ1_Material1
[*]NC(C(N1CCCC1C(NCC(N2CC(CC2C(NC(C(NCC([*])=O)=O)CO)=O)O)=O)=O)=O)CCCCN,[*]C([H])([H])C(O)([H])[*],,,,87,10.1177_0021998314534704_part_1.txt_∂Œ1_Material1
OCC(C(C(C1N)O)O[*])OC1OC2C(OC(C(C2O)N)[*])CO,[*]NC(C)C(N1CCCC1C([*])=O)=O,,,,83.65,10.1007_s11483-021-09678-8_part_2.txt_∂Œ1_Material1
O=C([*])C(C)O[*],[*]C1C(OC(C(C1O)O)OC2C(OC(C(C2O)O)O[*])CO)CO,NC1=CC=C(C=C1)/C2=C3C=C/C(N\3)=C(C4=N/C(C=C4)=C(C5=CC=C(N5)/C(C6=CC=CC=C6)=C7N=C2C=C\7)/C8=CC=CC=C8)\C9=CC=CC=C9,OCC(O)CO,[H]O[H],50,10.1002_star.201100024_part_3.txt_∂Œ1_Material1
OCC(C(C(C1N)O)O[*])OC1OC2C(OC(C(C2O)N)[*])CO,[*]C1C(C(C(OC1C(O[Na])=O)OC2C(C(O[Na])=O)OC(O[*])C(O)C2O)O)O,OC1=C2C(C3(O)C4C5C6=C7C8C(C9=CC(C(O)=O)=C(C=C(C=C%10C(O)=O)C%11%12)C(C%11=C%13C%14C%15%16C%17(O%16)C%18C%19=C%20C%21=C%22C(C(O)=C%23)=C%24C%25C%21=C%26C%19=C%27C%17=C%28C%14(O)C%12=C%10C=C%28CC%27=CC%26=CC%25=C(C(O)=O)C=C%24)C9=C7C%13(O)C5=C%15C3=C%18C%29%30C%20(O%30)C%31C%22C%23=C%32)=CC(C(O)=O)=CC8=CC6=C(C(O)=O)C4=C2)=C%29C%33=C%31C%32=C(C(O)=O)C=C%331,,,100,10.1080_09276440.2015.1018716_part_2.txt_∂Œ1_Material1
[*]C1C(O)C(O)C(OC2C(O)C(O)C(O[*])OC2COC(C)=O)OC1COC(C)=O,CCOC(=O)C(O)(CC(=O)OCC)CC(=O)OCC,,,,132,10.1002_app.35517_part_2.txt_∂Œ1_Material1
O=C(O)C([*])C[*],[*]C(NC1=C(C)C(NC(OCCO[*])=O)=CC=C1)=O,[Al],OC1=C2C(C3(O)C4C5C6=C7C8C(C9=CC(C(O)=O)=C(C=C(C=C%10C(O)=O)C%11%12)C(C%11=C%13C%14C%15%16C%17(O%16)C%18C%19=C%20C%21=C%22C(C(O)=C%23)=C%24C%25C%21=C%26C%19=C%27C%17=C%28C%14(O)C%12=C%10C=C%28CC%27=CC%26=CC%25=C(C(O)=O)C=C%24)C9=C7C%13(O)C5=C%15C3=C%18C%29%30C%20(O%30)C%31C%22C%23=C%32)=CC(C(O)=O)=CC8=CC6=C(C(O)=O)C4=C2)=C%29C%33=C%31C%32=C(C(O)=O)C=C%331,[C],76.77,10.4236_jsemat.2018.84009_OA_part_1.txt_∂Œ1_Material1
O=C([*])OC1=CC=C(C=C1)C(C)(C)C2=CC=C(C=C2)O[*],COC(C(C[*])([*])C)=O,,,,138,10.1166_jnn.2011.4879_part_1.txt_∂Œ1_Material1
[*]C([C@H](C)OC([C@H](C)O[*])=O)=O,C=C([CH3])C(=O)O[CH3],,,,116.85000000000002,10.1016_j.polymer.2020.122946_part_2.txt_∂Œ1_Material1
FC(F)([*])C([H])([*])[H],[*]C(NC1=C(C)C(NC(OCCO[*])=O)=CC=C1)=O,C[Si](C)(C[*])O[*],C12=C3C(C=CC4C3=C5C(CC6=CC7=C8C9=C(C(C=C%10)=CC=C9C=C7)C%11=C%10C%12)=CC4)=CC=C1C=C%12C%13=C%11C8=C6C5=C2%13,,55,10.1002_adfm.201903732_part_1.txt_∂Œ1_Material1
O=C([*])C(C)O[*],O=P([O-])([O-])[O-].[Ca+2].[Ca+2].[OH-],[*]OCC[*],[O-][Si]([O-])([O-])O[Si]([O-])([O-])[O-].[Ca+2],,55,10.1016_j.engreg.2020.08.002_part_1.txt_∂Œ1_Material1
O=C([*])C(C)O[*],OP(O)(O)=O,[*]C(C1=CC=C(C(OCCCCO[*])=O)C=C1)=O,O=C([*])C(C)O[*],O=[Mg].O=[Si]=O.O=[Si]=O.O=[Si]=O.O=[Si]=O.O=[Mg].O=[Mg].O,60.7,10.1002_pen.24900_part_1.txt_∂Œ1_Material1
O=C([*])C(C)O[*],[*]C(CCCCCO[*])=O,[*]NC(C(O)=O)CCC([*])=O,O=P([O-])([O-])[O-].[Ca+2].[Ca+2].[OH-],,50,10.3390_ijms16010564_part_3.txt_∂Œ1_Material1
[*]C1C(OC(C(C1O)O)OC2C(OC(C(C2O)O)O[*])CO)CO,[*]C([H])([H])C(O)([H])[*],Cl[Ca]Cl,OCC(O)CO,,64,10.1002_pc.23517_part_2.txt_∂Œ1_Material1
O=C([*])OC1=CC=C(C=C1)C(C)(C)C2=CC=C(C=C2)O[*],O=[Al]O[Al]=O.O=[Si]=O.O=[Si]=O.O=[Si]=O,,,,127,10.1002_mame.200900263_part_1.txt_∂Œ1_Material1
[*]CC(COC1=CC=C(C=C1)C(C)(C)C2=CC=C(C=C2)O[*])O,[*]CC[*],C[N+](CCO)(CCO)[3H],,,55.6,10.1002_app.40751_part_2.txt_∂Œ1_Material1
[*]O[C@H](C)CC([*])=O,O=C=NC(C=C1)=CC=C1CC2=CC=C(C=C2)N=C=O,OCCCCO,,,38.2,10.1007_s10965-020-02345-5_part_2.txt_∂Œ1_Material1
O=C(CCCCC(N(CCCCCCN([*])[H])[H])=O)[*],OC1=C2C(C3(O)C4C5C6=C7C8C(C9=CC(C(O)=O)=C(C=C(C=C%10C(O)=O)C%11%12)C(C%11=C%13C%14C%15%16C%17(O%16)C%18C%19=C%20C%21=C%22C(C(O)=C%23)=C%24C%25C%21=C%26C%19=C%27C%17=C%28C%14(O)C%12=C%10C=C%28CC%27=CC%26=CC%25=C(C(O)=O)C=C%24)C9=C7C%13(O)C5=C%15C3=C%18C%29%30C%20(O%30)C%31C%22C%23=C%32)=CC(C(O)=O)=CC8=CC6=C(C(O)=O)C4=C2)=C%29C%33=C%31C%32=C(C(O)=O)C=C%331,,,,70,10.1016_j.compositesb.2017.01.054_part_2.txt_∂Œ1_Material1
O=C(CCCCC(NCCCCCCCCCCN[*])=O)[*],O[Si](O)(O[Si](O)(O)O)O.[Al].[Al].O,,,,50,10.3390_polym12071503_part_1.txt_∂Œ1_Material1
O=C(C1=CC=C(C=C1)C(OCC[*])=O)O[*],OC1=C2C(C3(O)C4C5C6=C7C8C(C9=CC(C(O)=O)=C(C=C(C=C%10C(O)=O)C%11%12)C(C%11=C%13C%14C%15%16C%17(O%16)C%18C%19=C%20C%21=C%22C(C(O)=C%23)=C%24C%25C%21=C%26C%19=C%27C%17=C%28C%14(O)C%12=C%10C=C%28CC%27=CC%26=CC%25=C(C(O)=O)C=C%24)C9=C7C%13(O)C5=C%15C3=C%18C%29%30C%20(O%30)C%31C%22C%23=C%32)=CC(C(O)=O)=CC8=CC6=C(C(O)=O)C4=C2)=C%29C%33=C%31C%32=C(C(O)=O)C=C%331,OC1=C2C(C3(O)C4C5C6=C7C8C(C9=CC(C(O)=O)=C(C=C(C=C%10C(O)=O)C%11%12)C(C%11=C%13C%14C%15%16C%17(O%16)C%18C%19=C%20C%21=C%22C(C(O)=C%23)=C%24C%25C%21=C%26C%19=C%27C%17=C%28C%14(O)C%12=C%10C=C%28CC%27=CC%26=CC%25=C(C(O)=O)C=C%24)C9=C7C%13(O)C5=C%15C3=C%18C%29%30C%20(O%30)C%31C%22C%23=C%32)=CC(C(O)=O)=CC8=CC6=C(C(O)=O)C4=C2)=C%29C%33=C%31C%32=C(C(O)=O)C=C%331,,,69,10.1177_0307174x1504200709_part_1.txt_∂Œ1_Material1
O=C([*])CCCCCN[*],[*]CC[*],[Li]Cl,OCC1OC(OC2C(O)C(O)C(O[*])OC2CO)C(O)C(O)C1[*],,77,10.1002_pc.25070_part_1.txt_∂Œ1_Material1
[*]C(CCCCC(OCCCCO[*])=O)=O,O=C([*])C(C)O[*],OC(C(C)(CC(C1=CC=CC=C1)[*])CC(C[*])(C(OCC2CO2)=O)C)=O,,,93,10.1021_acsomega.8b00823_part_1.txt_∂Œ1_Material1
O=C(C1=CC=C(C=C1)C(OCC[*])=O)O[*],O=[Mg].O=[Si]=O.O=[Si]=O.O=[Si]=O.O=[Si]=O.O=[Mg].O=[Mg].O,[O-][Si]([O-])([O-])O[Si]([O-])([O-])[O-].[Ca+2],,,85,10.1021_acs.iecr.3c02376_OA_part_6.txt_∂Œ1_Material1
[*]C(C)C[*],O=[Mg].O=[Si]=O.O=[Si]=O.O=[Si]=O.O=[Si]=O.O=[Mg].O=[Mg].O,O=[Mg].O=[Si]=O.O=[Si]=O.O=[Si]=O.O=[Si]=O.O=[Mg].O=[Mg].O,,,115,10.1002_pen.23243_part_1.txt_∂Œ1_Material1
[*]OCCCOC(C1=CC=C(C([*])=O)C=C1)=O,C[N+](CCO)(CCO)[3H],C[N+](CCO)(CCO)[3H],,,37.48,10.1016_j.msea.2009.08.026_part_1.txt_∂Œ1_Material1
[*]C1C(OC(C(C1O)O)OC2C(OC(C(C2O)O)O[*])CO)CO,[*]NC(C(N1CCCC1C(NCC(N2CC(CC2C(NC(C(NCC([*])=O)=O)CO)=O)O)=O)=O)=O)CCCCN,OCC(O)CO,OCCOC1C(OCCO)C(C(OCCO)COCCOC(CCCCCCCCCCCCCCCCC)=O)OC1,,90.6,10.1016_j.foodhyd.2020.106466_part_1.txt_∂Œ1_Material1
OP(O)(O)=O,[*]OCC[*],O=C=NC(C=C1)=CC=C1CC2=CC=C(C=C2)N=C=O,,,70,10.1002_mame.201400141_part_2.txt_∂Œ1_Material1
[*]C1C(OC(C(C1O)O)OC2C(OC(C(C2O)O)O[*])CO)CO,[*]C1C(C(C(OC1C(O[Na])=O)OC2C(C(O[Na])=O)OC(O[*])C(O)C2O)O)O,[*]C1C(C(C(OC1C(O[Na])=O)OC2C(C(O[Na])=O)OC(O[*])C(O)C2O)O)O,,,66.6,10.1002_star.201500346_part_1.txt_∂Œ1_Material1
OCC(C(C(C1N)O)O[*])OC1OC2C(OC(C(C2O)N)[*])CO,O=[Al]O[Al]=O.O=[Si]=O.O=[Si]=O.O=[Si]=O,[Cu]=O,,,94.2,10.1016_j.polymertesting.2020.106380_part_6.txt_∂Œ1_Material2
[*]CC(COC1=CC=C(C=C1)C(C)(C)C2=CC=C(C=C2)O[*])O,[*]CC[*],,,,66,10.1002_pc.25839_part_1.txt_∂Œ1_Material1
[*]C([H])([H])C(O)([H])[*],[*]C1C(OC(C(C1O)O)OC2C(OC(C(C2O)O)O[*])CO)CO,OCC(O)CO,,,54,10.1002_app.45800_part_1.txt_∂Œ1_Material1
[*]C(NC1=C(C)C(NC(OCCO[*])=O)=CC=C1)=O,OC(C(C)(CC(C1=CC=CC=C1)[*])CC(C[*])(C(OCC2CO2)=O)C)=O,O=[Ti]=O,,,45,10.4028_www.scientific.net_kem.773.3_part_2.txt_∂Œ1_Material1
[*]C(C)C[*],OP(O)(O)=O,[*]C(C)C[*],C[N+](CCO)(CCO)[3H],,116.9,10.1007_s10965-017-1289-1_part_2.txt_∂Œ1_Material2
[*]C(C=C1)=CC=C1S[*],[H][Si]([H])([H])[H],,,,90,10.1002_pc.23256_part_1.txt_∂Œ1_Material1
N#CC(C1=CC=CC=N1)C1=CC=CC=C1,[*]C([H])([H])C(O)([H])[*],,,,60.5,10.1021_ie400521a_part_1.txt_∂Œ1_Material1
[*]NCCCCCCCCCCCC([*])=O,C12=CC3=CC4=CC=CN=C4N=C3N=C1N=C5N=C6N=CC=CC6=CC5=C2,,,,43.43,10.1016_j.matdes.2017.11.027_part_4.txt_∂Œ1_Material1
[*]C1C(OC(C(C1O)O)OC2C(OC(C(C2O)O)O[*])CO)CO,O=C([*])C(C)O[*],OC[C@@H]([C@H]([C@@H]([C@@H](CO)O)O)O)O,OCC(O)CO,,55,10.1016_j.carbpol.2019.05.042_part_1.txt_∂Œ1_Material1
[*]CC[*],C/C(C[*])=C/C[*],,,,60,10.1016_j.polymertesting.2011.06.006_part_2.txt_∂Œ1_Material1
[*]C(C)C[*],O=C(C1=CC=C(C([*])=O)C=C1)NC2=CCC(N[*])C=C2,,,,43.7,10.1016_j.compositesb.2013.04.065_part_1.txt_∂Œ1_Material1
O=C(C1=CC=C2C=C(C=CC2=C1)C([*])=O)OCCO[*],,,,,125,10.1016_j.tsf.2011.02.029_part_1.txt_∂Œ1_Material2
[*]CC([*])Cl,[H][O-],,,,85,10.1016_j.reactfunctpolym.2019.104363_part_2.txt_∂Œ1_Material2
O=C([*])C1=CC=C2C=C(C=CC2=C1)OC(C3=CC=C(C=C3)O[*])=O,[*]C(C=C1)=CC=C1S[*],C12=CC3=CC4=CC=CN=C4N=C3N=C1N=C5N=C6N=CC=CC6=CC5=C2,[*]CC(COC1=CC=C(C=C1)C(C)(C)C2=CC=C(C=C2)O[*])O,O1C(=O)C=CC1=O,84,10.1016_j.compscitech.2018.10.001_part_2.txt_∂Œ1_Material2
OP(O)(O)=O,O=C=NC(C=C1)=CC=C1CC2=CC=C(C=C2)N=C=O,O=C(C1=CC=C(C([*])=O)C=C1)NC2=CCC(N[*])C=C2,,,110.4,10.3390_ma12244043_part_2.txt_∂Œ1_Material2
O=C([*])C(C)O[*],[*]C(CCCCCO[*])=O,[*]OC1OC(CO)C(OC2C(O)C(O)C([*])C(CO)O2)C(O)C1O,[H][Si]([H])([H])[H],,62,10.1002_pc.22145_part_2.txt_∂Œ1_Material5
CC(NC1C([C@@H](C(O[C@H]1O[*])CO)O[C@@H]2OC([C@H]([C@@H](C2NC(C)=O)O)[*])CO)O)=O,[Fe]12O[Fe]O[Fe](O2)O1,,,,73.5,10.1002_pc.24688_part_1.txt_∂Œ1_Material1
[*]C([C@H](C)OC([C@H](C)O[*])=O)=O,,,,,27,10.21660_2022.96.3491_OA_part_1.txt_∂Œ1_Material1
[*]CCC(CCCC(CCCC(C[*])C)C)C,O=[Si]=O,,,,125,10.1177_0954008315600228_part_2.txt_∂Œ1_Material4
O=C(C1=CC=C(C=C1)C(OCC[*])=O)O[*],[*]CC[*],[H]O[H],,,70,10.1177_0021998313476561_part_1.txt_∂Œ1_Material1
[*]OCC[*],O=[Si]=O,,,,59,10.1016_j.actbio.2013.01.034_part_1.txt_∂Œ1_Material2
[*]C(C(O[*])C)=O,[*]OCC[*],,,,43,10.1166_jnn.2017.12717_part_1.txt_∂Œ1_Material1
O=C([*])CCCCCN[*],[*]CCC(CCCCCC)C[*],,,,50,10.1016_j.compscitech.2010.07.023_part_2.txt_∂Œ1_Material3
O=C([*])C(C)O[*],O=C([*])C(C)O[*],C=C(C(OCC1CO1)=O)C,,,60,10.1016_j.jmst.2017.03.004_part_2.txt_∂Œ1_Material1
O=C([*])OC1=CC=C(C=C1)C(C)(C)C2=CC=C(C=C2)O[*],[*]CC[*],,,,152,10.1021_ie303382g_part_2.txt_∂Œ1_Material1
[*]C([H])([H])C(O)([H])[*],O=[Ti]=O,,,,40,10.1007_s10965-015-0657-y_part_2.txt_∂Œ1_Material1
O=C([*])C(C)O[*],OC1=C2C(C3(O)C4C5C6=C7C8C(C9=CC(C(O)=O)=C(C=C(C=C%10C(O)=O)C%11%12)C(C%11=C%13C%14C%15%16C%17(O%16)C%18C%19=C%20C%21=C%22C(C(O)=C%23)=C%24C%25C%21=C%26C%19=C%27C%17=C%28C%14(O)C%12=C%10C=C%28CC%27=CC%26=CC%25=C(C(O)=O)C=C%24)C9=C7C%13(O)C5=C%15C3=C%18C%29%30C%20(O%30)C%31C%22C%23=C%32)=CC(C(O)=O)=CC8=CC6=C(C(O)=O)C4=C2)=C%29C%33=C%31C%32=C(C(O)=O)C=C%331,OC1=C2C(C3(O)C4C5C6=C7C8C(C9=CC(C(O)=O)=C(C=C(C=C%10C(O)=O)C%11%12)C(C%11=C%13C%14C%15%16C%17(O%16)C%18C%19=C%20C%21=C%22C(C(O)=C%23)=C%24C%25C%21=C%26C%19=C%27C%17=C%28C%14(O)C%12=C%10C=C%28CC%27=CC%26=CC%25=C(C(O)=O)C=C%24)C9=C7C%13(O)C5=C%15C3=C%18C%29%30C%20(O%30)C%31C%22C%23=C%32)=CC(C(O)=O)=CC8=CC6=C(C(O)=O)C4=C2)=C%29C%33=C%31C%32=C(C(O)=O)C=C%331,,,34.1,10.1007_s13726-018-0604-y_part_1.txt_∂Œ1_Material1
[*]CC(COC1=CC=C(C=C1)C(C)(C)C2=CC=C(C=C2)O[*])O,C=C(C(OCC1CO1)=O)C,,,,142,10.1002_pola.27751_part_2.txt_∂Œ1_Material1
O=C(C1=CC=C(C=C1)C(OCC[*])=O)O[*],O=[Si]=O,OC(C(C)(CC(C1=CC=CC=C1)[*])CC(C[*])(C(OCC2CO2)=O)C)=O,O=[Ti]=O,,48,10.3390_jcs3020040_part_5.txt_∂Œ1_Material3
[*]CC([*])Cl,O=[Si]=O,OC(C(C)(CC(C1=CC=CC=C1)[*])CC(C[*])(C(OCC2CO2)=O)C)=O,O=[Ti]=O,,45,10.3390_jcs3020040_part_5.txt_∂Œ1_Material2
[*]CC(COC1=CC=C(C=C1)C(C)(C)C2=CC=C(C=C2)O[*])O,[*]CCC1C([*])C2CCC1C2,,,,85,10.3144_expresspolymlett.2020.31_part_2.txt_∂Œ1_Material1
O=C([*])C(C)O[*],O=[Si]=O,OCC1OC(C(C(C1[*])O)O)OC2C(C(C(OC2CO)O[*])O)O,,,70,10.1002_pc.25995_part_2.txt_∂Œ1_Material1
O=C([*])CCCCCN[*],[C],S=[Mo]=S,,,60,10.1016_j.matchemphys.2012.12.035_part_2.txt_∂Œ1_Material1
O=C([*])C(C)O[*],[*]CC(CCCC(CC)CC([*])C1=CC=CC=C1)C2=CC=CC=C2,,,,58,10.3390_app11136218_part_2.txt_∂Œ1_Material2
OC(C(C)(CC(C1=CC=CC=C1)[*])CC(C[*])(C(OCC2CO2)=O)C)=O,,,,,55,10.1016_j.tetlet.2016.01.069_part_1.txt_∂Œ1_Material1
O=C([*])C(C)O[*],[*]C(N(CN(C(OCOC(N(CN(C(OCCO[*])=O)[H])[H])=O)=O)[H])[H])=O,O=[Al]O[Al]=O.O=[Si]=O.O=[Si]=O.O=[Si]=O,O=[Si]=O,,60,10.4028_www.scientific.net_msf.947.77_part_1.txt_∂Œ1_Material1
[*]CC(C)(C(OCCO)=O)[*],[*]OCCOC(CC(C([*])=O)C(C1CCCCC1)CC(CC(O)=O)C(OCCO)=O)=O,O=C=NC(C=C1)=CC=C1CC2=CC=C(C=C2)N=C=O,,,75,10.1021_acsami.5b01939_part_4.txt_∂Œ1_Material2
O=C([*])CCCCCN[*],[*]C/C=C/CCC([*])C#N,CCCCCCCCCCCCCCCCCCOC(CCC1=CC(C(C)(C)C)=C(C(C(C)(C)C)=C1)O)=O,,,40,10.1002_app.33044_part_1.txt_∂Œ1_Material1
O=C([*])C(C)O[*],OCC(C(C(C1N)O)O[*])OC1OC2C(OC(C(C2O)N)[*])CO,[*]C(C)C[*],[*]C(C)C[*],,66.67,10.1002_app.49850_part_2.txt_∂Œ1_Material1
CC(COC(C(CC(C(C(C(OC(C)C)=O)C1=CC=CC=C1)C(OCC(OC(C2=CC=CC=C2C(O)=O)=O)C)=O)C3=CC=CC=C3)C(C(OC(C)C[*])=O)C4=CC=CC=C4)=O)OC(C5=CC=CC=C5C(O[*])=O)=O,[H][Si]([H])([H])[H],,,,73.63,10.1109_tdei.2012.6180228_part_2.txt_∂Œ1_Material1
[*]C(NC1=C(C)C(NC(OCCO[*])=O)=CC=C1)=O,O=[Si]=O,OC(C(C)(CC(C1=CC=CC=C1)[*])CC(C[*])(C(OCC2CO2)=O)C)=O,O=[Ti]=O,,50,10.3390_jcs3020040_part_5.txt_∂Œ1_Material1
O=C([*])OC1=CC=C(C=C1)C(C)(C)C2=CC=C(C=C2)O[*],[*]CCCC([*])C(OC)=O,OC1=C2C(C3(O)C4C5C6=C7C8C(C9=CC(C(O)=O)=C(C=C(C=C%10C(O)=O)C%11%12)C(C%11=C%13C%14C%15%16C%17(O%16)C%18C%19=C%20C%21=C%22C(C(O)=C%23)=C%24C%25C%21=C%26C%19=C%27C%17=C%28C%14(O)C%12=C%10C=C%28CC%27=CC%26=CC%25=C(C(O)=O)C=C%24)C9=C7C%13(O)C5=C%15C3=C%18C%29%30C%20(O%30)C%31C%22C%23=C%32)=CC(C(O)=O)=CC8=CC6=C(C(O)=O)C4=C2)=C%29C%33=C%31C%32=C(C(O)=O)C=C%331,,,152.4,10.1007_s10853-018-2749-7_part_2.txt_∂Œ1_Material4
O=C([*])OC1=CC=C(C=C1)C(C)(C)C2=CC=C(C=C2)O[*],[*]CC(C1=CC=CC=C1)[*],,,,147.4,10.1016_j.apsusc.2018.01.254_part_4.txt_∂Œ1_Material1
OCC1OC(C(C(C1[*])O)O)OC2C(C(C(OC2CO)O[*])O)O,[*]C1C(OC(C(C1O)O)OC2C(OC(C(C2O)O)O[*])CO)CO,OC(CO)CO,[*]NC(C(N1CCCC1C(NCC(N2CC(CC2C(NC(C(NCC([*])=O)=O)CO)=O)O)=O)=O)=O)CCCCN,,83.6,10.3390_ma12101684_part_3.txt_∂Œ1_Material1
[*]C(C)C[*],[*]NCC(NC(C(ONCC(NC(C(NCC(NC(C([*])=O)C)=O)=O)C)=O)=O)CO)=O,,,,121.59,10.1016_j.compositesb.2019.02.044_part_1.txt_∂Œ1_Material1
[*]C(NC1=C(C)C(NC(OCCO[*])=O)=CC=C1)=O,O=[Ti]=O,,,,40,10.1039_c1jm13467a_part_2.txt_∂Œ1_Material1
O=C([*])C(C)O[*],C=C(C(OCC1CO1)=O)C,,,,56.13,10.1002_app.41518_part_3.txt_∂Œ1_Material1
[*]C(N(CN(C(OCOC(N(CN(C(OCCO[*])=O)[H])[H])=O)=O)[H])[H])=O,[Ti](OCCCC)(OCCCC)(OCCCC)OCCCC,,,,36,10.1080_03602559.2015.1132455_part_2.txt_∂Œ1_Material1
O=C(C1=CC=C(C=C1)C(OCC[*])=O)O[*],O=C(N)N,,,,100,10.1177_1528083718798636_part_2.txt_∂Œ1_Material2
O=C([*])C(C)O[*],[*]C(CCCCC(OCCCCO[*])=O)=O,OP(O)(O)=O,O=[Mg].O=[Si]=O.O=[Si]=O.O=[Si]=O.O=[Si]=O.O=[Mg].O=[Mg].O,,60.7,10.3390_polym13050740_part_2.txt_∂Œ1_Material1
[*]C(CCCCCO[*])=O,[O-][Si]([O-])([O-])O[Si]([O-])([O-])[O-].[Ca+2],,,,60,10.1080_03602559.2010.482069_part_1.txt_∂Œ1_Material1
O=C(O[*])CCCCCCCCCCN[*],O[Si](O)(O[Si](O)(O)O)O.[Al].[Al].O,,,,56,10.1002_app.39160_part_2.txt_∂Œ1_Material1
[*]C([H])([H])C(O)([H])[*],[*]CC([*])N1CCCC1=O,OCC1OC(C(C(C1[*])O)O)OC2C(C(C(OC2CO)O[*])O)O,,,35,10.1208_s12249-010-9378-z_part_2.txt_∂Œ1_Material1
[*]C(C)C[*],[*]CCC(CCCCCC)C[*],,,,100,10.1016_j.conbuildmat.2017.07.052_part_1.txt_∂Œ1_Material2
[*]C(C)C[*],[*]CC(C1=CC=CC=C1)[*],[*]CC[*],[*]CC(CCCC(CC)CC([*])C1=CC=CC=C1)C2=CC=CC=C2,[*]CCCC(C1C([*])C2CC1C/C2=C/C)C,131.2,10.14233_ajchem.2024.30711_OA_part_2.txt_∂Œ1_Material1
OP(O)(O)=O,[*]CCCC(C(O)=O)[*],O=[Al]O[Al]=O.O=[Si]=O.O=[Si]=O.O=[Si]=O,,,82.07,10.1002_vnl.21485_part_2.txt_∂Œ1_Material1
[*]C(F)(C(F)([*])F)F,C=C([CH3])C(=O)O[CH3],[Ag],,,145,10.1016_j.apsusc.2018.12.229_part_1.txt_∂Œ1_Material1
[*]CC[*],O=C(C1=CC=C(C=C1)C(OCC[*])=O)O[*],[*]CC(C1=CC=CC=C1)[*],,,115.4,10.1002_pat.1567_part_1.txt_∂Œ1_Material3
O=C([*])C(C)O[*],O=[Mg].O=[Si]=O.O=[Si]=O.O=[Si]=O.O=[Si]=O.O=[Mg].O=[Mg].O,,,,61.8,10.1007_s10973-021-10901-4_part_1.txt_∂Œ1_Material1
[*]CC(CCCC(CC)CC([*])C1=CC=CC=C1)C2=CC=CC=C2,[*]CC(CCCC(CC)CC([*])C1=CC=CC=C1)C2=CC=CC=C2,C[N+](CCO)(CCO)[3H],,,60,10.1002_app.48888_part_1.txt_∂Œ1_Material1
OCC(C(C(C1N)O)O[*])OC1OC2C(OC(C(C2O)N)[*])CO,[*]C1C(C(C(OC1C(O[Na])=O)OC2C(C(O[Na])=O)OC(O[*])C(O)C2O)O)O,OCC(O)CO,,,95,10.1021_acsapm.0c00433_part_4.txt_∂Œ1_Material1
O=C([*])C(C)O[*],[*]C1C(OC(C(C1O)O)OC2C(OC(C(C2O)O)O[*])CO)CO,[*]C(CCCCC(OCCCCO[*])=O)=O,OCC(O)CO,[*]C1C(OC(C(C1O)O)OC2C(OC(C(C2O)O)O[*])CO)CO,58,10.4028_www.scientific.net_msf.695.178_part_1.txt_∂Œ1_Material2
O=C([*])OC1=CC=C(C=C1)C(C)(C)C2=CC=C(C=C2)O[*],O=[Al]O[Al]=O,,,,157,10.1007_s11029-019-09791-3_part_2.txt_∂Œ1_Material1
[*]C(C)C[*],[*]OC(CC(OC(CC([*])=O)CC)=O)C,[*]CC(CC[*])O,,,5,10.1002_app.37957_part_1.txt_∂Œ1_Material1
O=C([*])C(C)O[*],[*]OC(CC(OC(CC([*])=O)CC)=O)C,[*]C(CCCCCO[*])=O,OCC1OC(C(C(C1[*])O)O)OC2C(C(C(OC2CO)O[*])O)O,,55,10.1016_j.foodhyd.2018.04.045_part_2.txt_∂Œ1_Material1
[*]CC(CC=CCC([*])C1=CC=CC=C1)C#N,C=C([CH3])C(=O)O[CH3],,,,107.4,10.1080_03602550903413979_part_1.txt_∂Œ1_Material1
[*]CC[*],[*]OC(CC(OC(CC([*])=O)CC)=O)C,[*]CC(CC[*])O,,,5,10.1002_app.37957_part_1.txt_∂Œ1_Material2
OCC(C(C(C1N)O)O[*])OC1OC2C(OC(C(C2O)N)[*])CO,OCC(O)CO,,,,64,10.1016_j.carbpol.2010.03.005_part_1.txt_∂Œ1_Material1
O=C([*])C(C)O[*],[*]C(CCCCCO[*])=O,O=[Ti]=O,,,55,10.1061_(asce)gt.1943-5606.0001435_part_2.txt_∂Œ1_Material1
O=C([*])C(C)O[*],[Zn]=O,,,,64,10.3390_molecules26071967_part_2.txt_∂Œ1_Material2
[*]C(F)(C(F)([*])F)F,,,,,130.95,10.1088_2053-1591_aa68b6_part_2.txt_∂Œ1_Material1
O=C([*])C(C)O[*],[Cu]=O,,,,60,10.1002_pc.25182_part_1.txt_∂Œ1_Material2
[*]C(NC1=C(C)C(NC(OCCO[*])=O)=CC=C1)=O,OC(C(C)(CC(C1=CC=CC=C1)[*])CC(C[*])(C(OCC2CO2)=O)C)=O,,,,45,10.1021_acs.biomac.9b01255_part_8.txt_∂Œ1_Material1
[*]CC(COC1=CC=C(C=C1)C(C)(C)C2=CC=C(C=C2)O[*])O,[*]OC1OC(CO)C(OC2C(O)C(O)C([*])C(CO)O2)C(O)C1O,,,,111.42,10.1016_j.polymertesting.2018.04.040_part_3.txt_∂Œ1_Material1
[*]C(C)C[*],OCC1OC(C(C(C1[*])O)O)OC2C(C(C(OC2CO)O[*])O)O,O=[Ti]=O,,,124.28,10.1016_j.jallcom.2010.09.051_part_1.txt_∂Œ1_Material1
[*]C(CCCCCO[*])=O,[*]NC(C(O)=O)CCC([*])=O,,,,50.4,10.1016_j.polymer.2014.11.016_part_1.txt_∂Œ1_Material1
O=C([*])CCCCCN[*],[*]CC[*],[Li]Cl,O=C1C=CC(O1)=O.C=C,OCC1OC(OC2C(O)C(O)C(O[*])OC2CO)C(O)C(O)C1[*],72.6,10.3390_ma10070808_part_2.txt_∂Œ1_Material1
[*]C1OC(CCC)OC(C[*])C1,[H]O[H],,,,64,10.1002_app.47230_part_1.txt_∂Œ1_Material1
[*]C(C1=CC=C(C(OCCCCO[*])=O)C=C1)=O,,,,,67.7,10.1177_0954008314559553_part_2.txt_∂Œ1_Material1
[*]C(N(CN(C(OCOC(N(CN(C(OCCO[*])=O)[H])[H])=O)=O)[H])[H])=O,[Zn]=O,,,,61.2,10.1177_0731684412446856_part_2.txt_∂Œ1_Material1
[*]CC[*],OCC1OC(C(C(C1[*])O)O)OC2C(C(C(OC2CO)O[*])O)O,C=C([CH3])C(=O)OC([CH3])[CH3],,,95,10.3390_polym13152564_part_1.txt_∂Œ1_Material1
OP(O)(O)=O,O=C([*])C(C)O[*],,,,64,10.1177_0021998317752227_part_1.txt_∂Œ1_Material1
[*]C([H])([H])C(O)([H])[*],C12=C3C(C=CC4C3=C5C(CC6=CC7=C8C9=C(C(C=C%10)=CC=C9C=C7)C%11=C%10C%12)=CC4)=CC=C1C=C%12C%13=C%11C8=C6C5=C2%13,,,,36.52,10.4028_www.scientific.net_msf.1003.213_part_1.txt_∂Œ1_Material1
O=C([*])CCCCCN[*],[H][Si]([H])([H])[H],,,,55,10.1002_pc.22787_part_1.txt_∂Œ1_Material1
O=C([*])C(C)O[*],[*]OCCCCOC(CCC([*])=O)=O,[*]C1C(OC(C(C1O)O)OC2C(OC(C(C2O)O)O[*])CO)CO,O=C(O)CCCCCCCCCCCCCCCCC,,55,10.1016_j.compositesb.2019.107384_part_3.txt_∂Œ1_Material1
[*]C([H])([H])C(O)([H])[*],O=C(O[Na])COCC(OC(C(C1O)O)[*])C1OC(C(C(C2O[*])O)O)OC2COCC(O[Na])=O,[Zn]=O,,,99.07,10.3390_nano10091797_part_3.txt_∂Œ1_Material4
O=C([*])C(C)O[*],OCC1OC(C(C(C1[*])O)O)OC2C(C(C(OC2CO)O[*])O)O,O=[Mg].O=[Si]=O.O=[Si]=O.O=[Si]=O.O=[Si]=O.O=[Mg].O=[Mg].O,,,58,10.1007_s10570-011-9515-1_part_1.txt_∂Œ1_Material1
O=C([*])C(C)O[*],[Mg]=O,,,,57.34,10.3390_molecules26071967_part_2.txt_∂Œ1_Material3
O=C([*])C(C)O[*],[*]C1C(OC(C(C1O)O)OC2C(OC(C(C2O)O)O[*])CO)CO,O1C(=O)C=CC1=O,,,59.04,10.1155_2015_627268_part_2.txt_∂Œ1_Material1
[*]CC(COC1=CC=C(C=C1)C(C)(C)C2=CC=C(C=C2)O[*])O,[*]CCC1C([*])C2CCC1C2,C12=CC3=CC4=CC=CN=C4N=C3N=C1N=C5N=C6N=CC=CC6=CC5=C2,,,85.4,10.3390_ma13092165_part_1.txt_∂Œ1_Material1
[*]C(CCCCCO[*])=O,[*]C(CCCCCO[*])=O,C=C([CH3])C(=O)OC([CH3])[CH3],[H][O-],,42.55,10.1002_pat.5367_part_2.txt_∂Œ1_Material1
O=C([*])C(C)O[*],[*]C(NC1=C(C)C(NC(OCCO[*])=O)=CC=C1)=O,,,,60,10.1007_s40033-015-0073-9_part_1.txt_∂Œ1_Material1
[*]C(C)C[*],[*]CC(C1=CC=CC=C1)[*],NC1=CC=C(C=C1)/C2=C3C=C/C(N\3)=C(C4=N/C(C=C4)=C(C5=CC=C(N5)/C(C6=CC=CC=C6)=C7N=C2C=C\7)/C8=CC=CC=C8)\C9=CC=CC=C9,OCC1OC(C(C(C1[*])O)O)OC2C(C(C(OC2CO)O[*])O)O,,90,10.1002_pc.23647_part_2.txt_∂Œ1_Material1
O=C([*])C(C)O[*],C/C(C[*])=C/C[*],C=C([CH3])C(=O)OC([CH3])[CH3],,,59.1,10.1002_app.48297_part_2.txt_∂Œ1_Material1
O=C([*])C(C)O[*],O=C([*])C(C)O[*],OCC1OC(C(C(C1[*])O)O)OC2C(C(C(OC2CO)O[*])O)O,O=C([*])C(C)O[*],,61,10.1177_0892705717734600_part_2.txt_∂Œ1_Material1
[*]C(C(OC(CO[*])=O)C)=O,[*]OCC[*],O=[Si]=O,,,31,10.1016_j.actbio.2019.04.015_part_2.txt_∂Œ1_Material2
O=C([*])C(C)O[*],[*]C1C(OC(C(C1O)O)OC2C(OC(C(C2O)O)O[*])CO)CO,C12=C3C(C=CC4C3=C5C(CC6=CC7=C8C9=C(C(C=C%10)=CC=C9C=C7)C%11=C%10C%12)=CC4)=CC=C1C=C%12C%13=C%11C8=C6C5=C2%13,,,50,10.1007_s13726-019-00731-5_part_1.txt_∂Œ1_Material4
[*]C(C)C[*],O=C(C1=CC=C(C=C1)C(OCC[*])=O)O[*],,,,104,10.1007_s10965-019-1784-7_part_3.txt_∂Œ1_Material1
[*]CC(C)(C(OCCO)=O)[*],,,,,53,10.1021_acsami.5b01939_part_3.txt_∂Œ1_Material2
[*]C([H])([H])C(O)([H])[*],[*]C(CCCCCO[*])=O,O=[Ti]=O,,,85,10.1016_j.compositesb.2014.12.028_part_1.txt_∂Œ1_Material1
C=C([CH3])C(=O)O[CH3],O=C([*])OC1=CC=C(C=C1)C(C)(C)C2=CC=C(C=C2)O[*],,,,110.1,10.1155_2012_457967_part_2.txt_∂Œ1_Material2
O=C(O)C([*])C[*],N#CC(C1=CC=CC=N1)C1=CC=CC=C1,,,,38.8,10.3390_polym12051137_part_2.txt_∂Œ1_Material1
O=C(C1=CC=C(C=C1)C(OCC[*])=O)O[*],O=C([*])OC1=CC=C(C=C1)C(C)(C)C2=CC=C(C=C2)O[*],[*]CCCC(C1C([*])C2CC1C/C2=C/C)C,O=C=NC(C=C1)=CC=C1CC2=CC=C(C=C2)N=C=O,,77.1,10.1002_app.32532_part_2.txt_∂Œ1_Material1
[*]C(C)C[*],[*]C([C@H](C)OC([C@H](C)O[*])=O)=O,C=C(C(OCC1CO1)=O)C,OC1=C2C(C3(O)C4C5C6=C7C8C(C9=CC(C(O)=O)=C(C=C(C=C%10C(O)=O)C%11%12)C(C%11=C%13C%14C%15%16C%17(O%16)C%18C%19=C%20C%21=C%22C(C(O)=C%23)=C%24C%25C%21=C%26C%19=C%27C%17=C%28C%14(O)C%12=C%10C=C%28CC%27=CC%26=CC%25=C(C(O)=O)C=C%24)C9=C7C%13(O)C5=C%15C3=C%18C%29%30C%20(O%30)C%31C%22C%23=C%32)=CC(C(O)=O)=CC8=CC6=C(C(O)=O)C4=C2)=C%29C%33=C%31C%32=C(C(O)=O)C=C%331,,65,10.1007_s00396-017-4225-3_part_2.txt_∂Œ1_Material1
[*]CC(COC1=CC=C(C=C1)C(C)(C)C2=CC=C(C=C2)O[*])O,[Ti](OCCCC)(OCCCC)(OCCCC)OCCCC,,,,116.3,10.1002_app.50685_part_1.txt_∂Œ1_Material1
O=C([*])C(C)O[*],O=C([*])C(C)O[*],OCC1OC(C(C(C1[*])O)O)OC2C(C(C(OC2CO)O[*])O)O,,,61,10.1515_polyeng-2017-0059_part_2.txt_∂Œ1_Material1
[*]CC[*],[*]CC[*],[*]C1C(OC(C(C1O)O)OC2C(OC(C(C2O)O)O[*])CO)CO,,,45,10.1016_j.carbpol.2015.12.057_part_3.txt_∂Œ1_Material1
O=C([*])C(C)O[*],OP(O)(O)=O,[*]C([C@H](C)OC([C@H](C)O[*])=O)=O,,,50,10.1016_j.polymdegradstab.2017.05.029_part_1.txt_∂Œ1_Material1
O=C([*])C(C)O[*],O=C([*])OC1=CC=C(C=C1)C(C)(C)C2=CC=C(C=C2)O[*],O=[Si]=O,,,59.3,10.1002_fam.2696_part_1.txt_∂Œ1_Material5
[*]NCC(NC(C(ONCC(NC(C(NCC(NC(C([*])=O)C)=O)=O)C)=O)=O)CO)=O,Cl[Ca]Cl,,,,153.92,10.3390_ijms19113309_part_2.txt_∂Œ1_Material1
[*]O[C@H](C)CC([*])=O,CCCCCCCCCCCCCCCCCCOC(CCC1=CC(C(C)(C)C)=C(C(C(C)(C)C)=C1)O)=O,,,,3.1,10.1002_app.49713_part_2.txt_∂Œ1_Material1
C/C(C[*])=C/C[*],[*]C(C)C[*],O=[Si]=O,,,107.6,10.1002_pc.22331_part_2.txt_∂Œ1_Material1
O=S(C(C=C1)=CC=C1OC(C=C2)=CC=C2C(C)(C)C(C=C3)=CC=C3O[*])(C4=CC=C([*])C=C4)=O,OP(O)(O)=O,[*]OCC[*],[*][C@H]1[C@H](O)[C@@H](O)[C@H](OC2C(O)C(OC(C)=O)C(O[*])OC2CO)O[C@@H]1CO,,48,10.1080_19443994.2015.1084597_part_3.txt_∂Œ1_Material2
O=C([*])C(C)O[*],[*]NC(C(N1CCCC1C(NCC(N2CC(CC2C(NC(C(NCC([*])=O)=O)CO)=O)O)=O)=O)=O)CCCCN,,,,58.1,10.1016_j.compositesb.2020.108467_part_4.txt_∂Œ1_Material1
O=C([*])CCCCCN[*],O=P([O-])([O-])[O-].[Ca+2].[Ca+2].[OH-],,,,61.3,10.1166_jnn.2011.3955_part_1.txt_∂Œ1_Material1
[*]CC([*])Cl,[*]CC(C(OC)=O)(CC(C/C=C/CCC(C1=CC=CC=C1)[*])C#N)C,,,,67.76,10.1007_s10965-012-9993-3_part_1.txt_∂Œ1_Material1
O=C([*])C(C)O[*],[*]CC[*],,,,55,10.4028_www.scientific.net_amm.754-755.54_part_1.txt_∂Œ1_Material1
OCC1OC(C(C(C1[*])O)O)OC2C(C(C(OC2CO)O[*])O)O,OC(C(C)(CC(C1=CC=CC=C1)[*])CC(C[*])(C(OCC2CO2)=O)C)=O,,,,85,10.1007_s10570-015-0798-5_part_6.txt_∂Œ1_Material1
O=C([*])C(C)O[*],[*]C(CCCCCO[*])=O,[*]CCCC([*])C(OC)=O,,,63.7,10.3390_polym11050771_part_2.txt_∂Œ1_Material1
[*]C(C)C[*],[*]CC(CCCC(CC)CC([*])C1=CC=CC=C1)C2=CC=CC=C2,NC1=CC=C(C=C1)/C2=C3C=C/C(N\3)=C(C4=N/C(C=C4)=C(C5=CC=C(N5)/C(C6=CC=CC=C6)=C7N=C2C=C\7)/C8=CC=CC=C8)\C9=CC=CC=C9,,,84,10.1016_j.compositesb.2014.10.010_part_3.txt_∂Œ1_Material1
O=C([*])C(C)O[*],[*]NCC(NC(C(ONCC(NC(C(NCC(NC(C([*])=O)C)=O)=O)C)=O)=O)CO)=O,,,,64.4,10.3144_expresspolymlett.2020.76_part_3.txt_∂Œ1_Material1
[*]CC[*],O=C(C1=CC=C(C=C1)C(OCC[*])=O)O[*],C=C(C(OCC1CO1)=O)C,O=C1C=CC(O1)=O.C=C,,74.1,10.1002_app.41494_part_1.txt_∂Œ1_Material1
O=C(C1=CC=C(C=C1)C(OCC[*])=O)O[*],C[N+](CCO)(CCO)[3H],,,,79.7,10.1002_app.44779_part_2.txt_∂Œ1_Material1
[*]C(CCCCCO[*])=O,OCC(C(C(C1N)O)O[*])OC1OC2C(OC(C(C2O)N)[*])CO,[*]OC1C(C(O)=O)OC(OC2C(NC(C)=O)C([*])OC(CO)C2O)C(O)C1O,[*]C1C(C(C(OC1C(O[Na])=O)OC2C(C(O[Na])=O)OC(O[*])C(O)C2O)O)O,,60,10.1002_app.50253_part_1.txt_∂Œ1_Material1
[*]CC(OC(O[*])=O)C,C=C([CH3])C(=O)O[CH3],C=C(C(OCC1CO1)=O)C,,,38,10.1007_s13233-013-1159-6_part_1.txt_∂Œ1_Material1
[*]CC([*])Cl,C=C([CH3])C(=O)O[CH3],OCC(C(C(C1N)O)O[*])OC1OC2C(OC(C(C2O)N)[*])CO,,,83,10.1016_j.carbpol.2021.117704_part_2.txt_∂Œ1_Material1
[*]NC(C(N1CCCC1C(NCC(N2CC(CC2C(NC(C(NCC([*])=O)=O)CO)=O)O)=O)=O)=O)CCCCN,OCC(C(C(C1N)O)O[*])OC1OC2C(OC(C(C2O)N)[*])CO,OCC(O)CO,OC[C@@H]([C@H]([C@@H]([C@@H](CO)O)O)O)O,,29.5,10.1016_j.foodhyd.2011.01.007_part_1.txt_∂Œ1_Material1
OCC(C(C(C1N)O)O[*])OC1OC2C(OC(C(C2O)N)[*])CO,[*]CC([*])N1CCCC1=O,,,,100.3,10.1007_s10965-018-1571-x_part_1.txt_∂Œ1_Material1
[*]C(N(CN(C(OCOC(N(CN(C(OCCO[*])=O)[H])[H])=O)=O)[H])[H])=O,O=[Al]O[Al]=O.O=[Si]=O.O=[Si]=O.O=[Si]=O,,,,31,10.1002_pc.23350_part_1.txt_∂Œ1_Material1
[*]CC[*],[*]C1C(OC(C(C1O)O)OC2C(OC(C(C2O)O)O[*])CO)CO,OC1=C2C(C3(O)C4C5C6=C7C8C(C9=CC(C(O)=O)=C(C=C(C=C%10C(O)=O)C%11%12)C(C%11=C%13C%14C%15%16C%17(O%16)C%18C%19=C%20C%21=C%22C(C(O)=C%23)=C%24C%25C%21=C%26C%19=C%27C%17=C%28C%14(O)C%12=C%10C=C%28CC%27=CC%26=CC%25=C(C(O)=O)C=C%24)C9=C7C%13(O)C5=C%15C3=C%18C%29%30C%20(O%30)C%31C%22C%23=C%32)=CC(C(O)=O)=CC8=CC6=C(C(O)=O)C4=C2)=C%29C%33=C%31C%32=C(C(O)=O)C=C%331,,,117,10.1177_0967391120976270_part_2.txt_∂Œ1_Material3
OP(O)(O)=O,[*]OCCCCOC(CCC([*])=O)=O,[*]OCCCCOC(CCC([*])=O)=O,,,81.6,10.1007_s10924-012-0516-4_part_2.txt_∂Œ1_Material4
[*]C(NC1=C(C)C(NC(OCCO[*])=O)=CC=C1)=O,O=[Ti]=O,[Ag],C[Si](O[*])(C)[*],,24.02,10.1007_s11696-018-0502-y_part_3.txt_∂Œ1_Material1
[*]NC(C(N1CCCC1C(NCC(N2CC(CC2C(NC(C(NCC([*])=O)=O)CO)=O)O)=O)=O)=O)CCCCN,OCC(O)CO,CCCCCCCCCCCCOS([O-])(=O)=O.[Na+],,,54.62,10.1155_2015_763931_part_1.txt_∂Œ1_Material1
O=C([*])OC1=CC=C(C=C1)C(C)(C)C2=CC=C(C=C2)O[*],NC1=NC2=C(N=CN2C2O[C@H](COP(=O)(O)OP(=O)(O)O)[C@H](O)[C@@H]2O)C(=O)N1,,,,149,10.1016_j.compscitech.2019.107862_part_2.txt_∂Œ1_Material1
[*]C([C@H](C)OC([C@H](C)O[*])=O)=O,[*]O[C@@]([H])(C)C(O[C@](C)([H])C([*])=O)=O,,,,88.6,10.1002_app.48970_part_2.txt_∂Œ1_Material1
C(C)(C1=CC=C(OCC2CO2)C=C1)(C)C1=CC=C(OCC2CO2)C=C1,[*]C(NC1=C(C)C(NC(OCCO[*])=O)=CC=C1)=O,,,,9,10.1002_pen.25620_part_3.txt_∂Œ1_Material1
[*]C([C@H](C)OC([C@H](C)O[*])=O)=O,[*]C(N(CN(C(OCOC(N(CN(C(OCCO[*])=O)[H])[H])=O)=O)[H])[H])=O,,,,70.2,10.1002_pat.3382_part_1.txt_∂Œ1_Material1
[*]C(NC1=C(C)C(NC(OCCO[*])=O)=CC=C1)=O,[*]CC(C)(C(OCCO)=O)[*],,,,45.8,10.1007_s11998-016-9906-1_part_2.txt_∂Œ1_Material1
[*]CC(C1=CC=CC=C1)[*],[*]C(C)C[*],[*]C([H])([H])C(O)([H])[*],,,85,10.3390_ma12182923_part_2.txt_∂Œ1_Material1
C=C([CH3])C(=O)O[CH3],[*]CC(COC1=CC=C(C=C1)C(C)(C)C2=CC=C(C=C2)O[*])O,C=C([CH3])C(=O)O[CH3],OC1=C2C(C3(O)C4C5C6=C7C8C(C9=CC(C(O)=O)=C(C=C(C=C%10C(O)=O)C%11%12)C(C%11=C%13C%14C%15%16C%17(O%16)C%18C%19=C%20C%21=C%22C(C(O)=C%23)=C%24C%25C%21=C%26C%19=C%27C%17=C%28C%14(O)C%12=C%10C=C%28CC%27=CC%26=CC%25=C(C(O)=O)C=C%24)C9=C7C%13(O)C5=C%15C3=C%18C%29%30C%20(O%30)C%31C%22C%23=C%32)=CC(C(O)=O)=CC8=CC6=C(C(O)=O)C4=C2)=C%29C%33=C%31C%32=C(C(O)=O)C=C%331,,96,10.1002_app.46307_part_1.txt_∂Œ1_Material1
[*]C(C)C[*],O=[Si]=O,,,,124,10.1016_j.cjche.2018.06.021_part_3.txt_∂Œ1_Material1
[*]C([C@H](C)OC([C@H](C)O[*])=O)=O,[*]C(N(CN(C(OCOC(N(CN(C(OCCO[*])=O)[H])[H])=O)=O)[H])[H])=O,[*]O[C@@]([H])(C)C(O[C@](C)([H])C([*])=O)=O,,,50,10.1021_acssuschemeng.5b00816_part_2.txt_∂Œ1_Material1
O=C([*])C(C)O[*],[*]CCCC([*])OC(C)=O,O=[Si]=O,,,61.31,10.1016_j.polymertesting.2020.106735_part_2.txt_∂Œ1_Material2
O=C([*])C(C)O[*],[*]CCCC([*])OC(C)=O,O=[Ti]=O,,,50,10.1007_s10924-021-02220-4_part_3.txt_∂Œ1_Material1
O=C([*])CCCCCN[*],C12=CC3=CC4=CC=CN=C4N=C3N=C1N=C5N=C6N=CC=CC6=CC5=C2,,,,55,10.1002_pi.4534_part_1.txt_∂Œ1_Material1
[*]C(C)C[*],[*]CC(C1=CC=CC=C1)C/C=C/C[*],OC1=C2C(C3(O)C4C5C6=C7C8C(C9=CC(C(O)=O)=C(C=C(C=C%10C(O)=O)C%11%12)C(C%11=C%13C%14C%15%16C%17(O%16)C%18C%19=C%20C%21=C%22C(C(O)=C%23)=C%24C%25C%21=C%26C%19=C%27C%17=C%28C%14(O)C%12=C%10C=C%28CC%27=CC%26=CC%25=C(C(O)=O)C=C%24)C9=C7C%13(O)C5=C%15C3=C%18C%29%30C%20(O%30)C%31C%22C%23=C%32)=CC(C(O)=O)=CC8=CC6=C(C(O)=O)C4=C2)=C%29C%33=C%31C%32=C(C(O)=O)C=C%331,C=CCN1C(=O)N(CC=C)C(=O)N(CC=C)C1=O,,81.9,10.1002_app.41543_part_2.txt_∂Œ1_Material1
OCC1OC(C(C(C1[*])O)O)OC2C(C(C(OC2CO)O[*])O)O,COC1=CC(/C=C/C=O)=CC(OC2=CC(C(C(OC3=CC=C(C=C3OC)C(C(CO)=O)O)CO)O)=CC=C2OC4=CC(C(C(COC5=CC=C(C=C5)C(C(CO)=O)O)=O)O)=CC=C4O)=C1,OCC1OC(C(C(C1[*])O)O)OC2C(C(C(OC2CO)O[*])O)O,,,140.26,10.1038_srep11116_part_1.txt_∂Œ1_Material1
[*]C(CCCCCO[*])=O,[*]CCC(CCCC(CCCC(C[*])C)C)C,C12=C3C(C=CC4C3=C5C(CC6=CC7=C8C9=C(C(C=C%10)=CC=C9C=C7)C%11=C%10C%12)=CC4)=CC=C1C=C%12C%13=C%11C8=C6C5=C2%13,,,58,10.3390_ma6104489_part_3.txt_∂Œ1_Material2
[*]CCC(CCCC(CCCC(C[*])C)C)C,[*]CC(C#N)[*],[*]CC(C#N)[*],,,100,10.1002_pc.24903_part_2.txt_∂Œ1_Material2
[*]C([C@H](C)OC([C@H](C)O[*])=O)=O,[*]C1C(OC(C(C1O)O)OC2C(OC(C(C2O)O)O[*])CO)CO,OC1=C2C(C3(O)C4C5C6=C7C8C(C9=CC(C(O)=O)=C(C=C(C=C%10C(O)=O)C%11%12)C(C%11=C%13C%14C%15%16C%17(O%16)C%18C%19=C%20C%21=C%22C(C(O)=C%23)=C%24C%25C%21=C%26C%19=C%27C%17=C%28C%14(O)C%12=C%10C=C%28CC%27=CC%26=CC%25=C(C(O)=O)C=C%24)C9=C7C%13(O)C5=C%15C3=C%18C%29%30C%20(O%30)C%31C%22C%23=C%32)=CC(C(O)=O)=CC8=CC6=C(C(O)=O)C4=C2)=C%29C%33=C%31C%32=C(C(O)=O)C=C%331,,,51,10.1002_mame.201200111_part_1.txt_∂Œ1_Material1
O=C([*])C(C)O[*],O=[Si]=O,O=[Si]=O,,,60.2,10.1080_00222348.2016.1138179_part_3.txt_∂Œ1_Material1
OCC(C(C(C1N)O)O[*])OC1OC2C(OC(C(C2O)N)[*])CO,[*]C1C(OC(C(C1O)O)OC2C(OC(C(C2O)O)O[*])CO)CO,,,,62,10.1016_j.foodchem.2015.01.121_part_1.txt_∂Œ1_Material1
[*]CC[*],[Ti](OCCCC)(OCCCC)(OCCCC)OCCCC,,,,118.4,10.1002_app.42073_part_2.txt_∂Œ1_Material1
[*]CC[*],O=C([*])C(C)O[*],O=[Ti]=O,,,45,10.1016_j.compscitech.2018.11.028_part_5.txt_∂Œ1_Material2
O=C([*])C(C)O[*],OP(O)(O)=O,[*]OCC[*],OC1=C2C(C3(O)C4C5C6=C7C8C(C9=CC(C(O)=O)=C(C=C(C=C%10C(O)=O)C%11%12)C(C%11=C%13C%14C%15%16C%17(O%16)C%18C%19=C%20C%21=C%22C(C(O)=C%23)=C%24C%25C%21=C%26C%19=C%27C%17=C%28C%14(O)C%12=C%10C=C%28CC%27=CC%26=CC%25=C(C(O)=O)C=C%24)C9=C7C%13(O)C5=C%15C3=C%18C%29%30C%20(O%30)C%31C%22C%23=C%32)=CC(C(O)=O)=CC8=CC6=C(C(O)=O)C4=C2)=C%29C%33=C%31C%32=C(C(O)=O)C=C%331,,55,10.3390_polym11071193_part_1.txt_∂Œ1_Material1
[*]C(C)C[*],O=C([*])C(C)O[*],NC1=CC=C(C=C1)/C2=C3C=C/C(N\3)=C(C4=N/C(C=C4)=C(C5=CC=C(N5)/C(C6=CC=CC=C6)=C7N=C2C=C\7)/C8=CC=CC=C8)\C9=CC=CC=C9,,,68.4,10.1007_s12221-013-0793-0_part_2.txt_∂Œ1_Material2
[*]C(CCCCCO[*])=O,[Na+].[Cl-],,,,42,10.1016_j.mfglet.2019.11.006_part_1.txt_∂Œ1_Material1
O=C([*])CCCCCN[*],O=C(C1=CC=C(C=C1)C(OCC[*])=O)O[*],C12=CC3=CC4=CC=CN=C4N=C3N=C1N=C5N=C6N=CC=CC6=CC5=C2,,,50,10.1016_j.compositesa.2021.106338_part_1.txt_∂Œ1_Material1
O=C([*])C(C)O[*],[*]C(CCCCCO[*])=O,C/C(C[*])=C/C[*],,,67.8,10.1007_s10924-017-1121-3_part_2.txt_∂Œ1_Material1
[*]CC(C1=CC=CC=C1)[*],COC(C(C[*])([*])C)=O,,,,115.6,10.1016_j.jiec.2020.07.033_part_1.txt_∂Œ1_Material2
O=C([*])C(C)O[*],[*]CC[*],O=C([O-])[O-].[Ca+2],O=[Ti]=O,,55.3,10.1002_pen.25124_part_2.txt_∂Œ1_Material2
O=C(CCCCC(N(CCCCCCN([*])[H])[H])=O)[*],OC1=C2C(C3(O)C4C5C6=C7C8C(C9=CC(C(O)=O)=C(C=C(C=C%10C(O)=O)C%11%12)C(C%11=C%13C%14C%15%16C%17(O%16)C%18C%19=C%20C%21=C%22C(C(O)=C%23)=C%24C%25C%21=C%26C%19=C%27C%17=C%28C%14(O)C%12=C%10C=C%28CC%27=CC%26=CC%25=C(C(O)=O)C=C%24)C9=C7C%13(O)C5=C%15C3=C%18C%29%30C%20(O%30)C%31C%22C%23=C%32)=CC(C(O)=O)=CC8=CC6=C(C(O)=O)C4=C2)=C%29C%33=C%31C%32=C(C(O)=O)C=C%331,[*]NC(C1=CC=C2C(C(N(C2=O)C3=CC=C(C=C3)CC4=CC=C([*])C=C4)=O)=C1)=O,,,50,10.1080_03602559.2018.1542712_part_1.txt_∂Œ1_Material1
O=C([*])C(C)O[*],C12=CC3=CC4=CC=CN=C4N=C3N=C1N=C5N=C6N=CC=CC6=CC5=C2,[*]OCC[*],,,67.8,10.1021_acssuschemeng.9b06760_part_1.txt_∂Œ1_Material1
[*]C([H])([H])C(O)([H])[*],OCC(C(C(C1N)O)O[*])OC1OC2C(OC(C(C2O)N)[*])CO,,,,85,10.1002_app.46188_part_1.txt_∂Œ1_Material2
O=C([*])C(C)O[*],O=C([O-])[O-].[Ca+2],O=[Ti]=O,,,54.5,10.1002_pen.25124_part_2.txt_∂Œ1_Material1
[*]C(C)C[*],O=C([*])OC1=CC=C(C=C1)C(C)(C)C2=CC=C(C=C2)O[*],[*]CC(CCCC(CC)CC([*])C1=CC=CC=C1)C2=CC=CC=C2,,,108.3,10.1002_vnl.21765_part_2.txt_∂Œ1_Material1
[*]C1C(C(C(OC1C(O[Na])=O)OC2C(C(O[Na])=O)OC(O[*])C(O)C2O)O)O,,,,,44,10.1016_j.polymer.2016.08.022_part_3.txt_∂Œ1_Material1
[*]CC([*])Cl,C=C([CH3])C(=O)O[CH3],[Cu]=O,,,55,10.1016_j.polymer.2020.122911_part_8.txt_∂Œ1_Material1
[*]C([C@H](C)OC([C@H](C)O[*])=O)=O,[*]C([C@H](C)OC([C@H](C)O[*])=O)=O,,,,61.8,10.1002_pen.24345_part_2.txt_∂Œ1_Material1
COC1=CC(/C=C/C=O)=CC(OC2=CC(C(C(OC3=CC=C(C=C3OC)C(C(CO)=O)O)CO)O)=CC=C2OC4=CC(C(C(COC5=CC=C(C=C5)C(C(CO)=O)O)=O)O)=CC=C4O)=C1,[*]OCC[*],,,,32.7,10.1016_j.eurpolymj.2020.109690_part_2.txt_∂Œ1_Material1
O=C([*])OC1=CC=C(C=C1)C(C)(C)C2=CC=C(C=C2)O[*],[Mg],,,,161.87,10.1080_09276440.2018.1460062_part_3.txt_∂Œ1_Material2
[*]C(CCCCCO[*])=O,O=C([*])C(C)O[*],,,,40,10.1002_pc.22488_part_1.txt_∂Œ1_Material1
O=C([*])C(C)O[*],O=C(CCCCC(NCCCCCCCCCCN[*])=O)[*],[*]CC(COC1=CC=C(C=C1)C(C)(C)C2=CC=C(C=C2)O[*])O,,,48,10.1002_app.39473_part_2.txt_∂Œ1_Material1
[*]CC[*],[*]C1C(OC(C(C1O)O)OC2C(OC(C(C2O)O)O[*])CO)CO,OC(C(CC(O)=O)(CC(O)=O)O)=O,,,50,10.34302_crpjfst_2020.12.5.1_OA_part_4.txt_∂Œ1_Material1
O=C([*])CCCCCN[*],O=C(CCCCC(N(CCCCCCN([*])[H])[H])=O)[*],,,,46.7,10.1080_01694243.2018.1539156_part_3.txt_∂Œ1_Material1
OP(O)(O)=O,[*]C1C(OC(C(C1O)O)OC2C(OC(C(C2O)O)O[*])CO)CO,OC(CO)CO,,,62.96,10.4028_www.scientific.net_amr.557-559.1121_part_1.txt_∂Œ1_Material1
OCC(C(C(C1N)O)O[*])OC1OC2C(OC(C(C2O)N)[*])CO,[*]C(CCCCCO[*])=O,,,,20.9,10.1007_s10853-011-5836-6_part_1.txt_∂Œ1_Material2
OCC1OC(C(C(C1[*])O)O)OC2C(C(C(OC2CO)O[*])O)O,OCC(C(C(C1N)O)O[*])OC1OC2C(OC(C(C2O)N)[*])CO,O=[Ti]=O,,,80,10.1016_j.indcrop.2021.113747_part_3.txt_∂Œ1_Material1
O=C([*])C(C)O[*],[*]CCC(CCCCCC)C[*],,,,56.3,10.1002_pen.24171_part_2.txt_∂Œ1_Material1
[*]CC(C1=CC=CC=C1)[*],C=C([CH3])C(=O)O[CH3],[*]OCC[*],,,75,10.1002_slct.201902351_part_2.txt_∂Œ1_Material1
[*]C([H])([H])C(O)([H])[*],C(CC=O)CC=O,OC(C(CC(O)=O)(CC(O)=O)O)=O,,,81,10.1016_j.reactfunctpolym.2021.104873_part_1.txt_∂Œ1_Material3
[*]C([H])([H])C(O)([H])[*],[*]CC(C#N)[*],,,,85,10.1007_s10965-012-9938-x_part_1.txt_∂Œ1_Material1
FC(F)([*])C([H])([*])[H],[*]C([H])([H])C(O)([H])[*],,,,40,10.1088_1748-605x_ab5509_part_5.txt_∂Œ1_Material2
[*]CC[*],[*]CC[*],,,,99.3,10.1002_pc.24279_part_2.txt_∂Œ1_Material2
[*]O[C@H](C)CC([*])=O,O=[Ti]=O,,,,40,10.1002_pi.4616_part_2.txt_∂Œ1_Material1
[*]C([H])([H])C(O)([H])[*],C=C([CH3])C(=O)OC([CH3])[CH3],,,,102.1,10.1002_pc.22482_part_2.txt_∂Œ1_Material5
O=C(C1=CC=C(C=C1)C(OCC[*])=O)O[*],O=[Al]O[Al]=O.O=[Si]=O.O=[Si]=O.O=[Si]=O,,,,70,10.3139_217.3307_part_2.txt_∂Œ1_Material1
O=C([*])CCCCCN[*],O=C([*])C1=CC=C2C=C(C=CC2=C1)OC(C3=CC=C(C=C3)O[*])=O,,,,55.5,10.3390_polym12102323_part_3.txt_∂Œ1_Material2
[*]C(C1=CC=C(C(OCCCCO[*])=O)C=C1)=O,O=C([*])OC1=CC=C(C=C1)C(C)(C)C2=CC=C(C=C2)O[*],O=[Si]=O,,,100,10.1177_0892705715569823_part_1.txt_∂Œ1_Material2
O=C([*])C(C)O[*],O=[Al]O[Al]=O.O=[Si]=O.O=[Si]=O.O=[Si]=O,,,,56.5,10.1016_j.ijbiomac.2015.11.028_part_2.txt_∂Œ1_Material2
[*]C([H])([H])C(O)([H])[*],NC1=NC2=C(N=CN2C2O[C@H](COP(=O)(O)OP(=O)(O)O)[C@H](O)[C@@H]2O)C(=O)N1,,,,41.3,10.1007_s00289-019-02851-7_part_3.txt_∂Œ1_Material1
O=C([*])C(C)O[*],[*]C(CCCCCO[*])=O,[*]OC1C(C(O)=O)OC(OC2C(NC(C)=O)C([*])OC(CO)C2O)C(O)C1O,,,56,10.1016_j.msec.2019.109960_part_4.txt_∂Œ1_Material1
O=C([*])OC1=CC=C(C=C1)C(C)(C)C2=CC=C(C=C2)O[*],O=[Si]=O,,,,140,10.1016_j.powtec.2018.05.005_part_4.txt_∂Œ1_Material1
O=C([*])C1=CC=C2C=C(C=CC2=C1)OC(C3=CC=C(C=C3)O[*])=O,[*]C(C=C1)=CC=C1S[*],[*]CC(COC1=CC=C(C=C1)C(C)(C)C2=CC=C(C=C2)O[*])O,O1C(=O)C=CC1=O,,84,10.1016_j.compscitech.2018.10.001_part_2.txt_∂Œ1_Material1
[*]C(NC1=C(C)C(NC(OCCO[*])=O)=CC=C1)=O,[*]C(NC1=C(C)C(NC(OCCO[*])=O)=CC=C1)=O,O=[Si]=O,,,38,10.1016_j.colsurfa.2013.12.019_part_1.txt_∂Œ1_Material1
[*]C([H])([H])C(O)([H])[*],C[N+](CCO)(CCO)[3H],,,,67.5,10.3390_polym12020264_part_4.txt_∂Œ1_Material2
O=C([*])CCCCCCCCCCC(NCCCCCCCCCCN[*])=O,C=C([CH3])C(=O)OC([CH3])[CH3],C=C(C(OCC1CO1)=O)C,,,101,10.1016_j.polymertesting.2021.107133_part_2.txt_∂Œ1_Material1
[*]CC(OC(O[*])=O)C,OP(O)(O)=O,[*]C(F)(C(F)([*])F)F,,,15,10.1016_j.compositesb.2017.05.015_part_6.txt_∂Œ1_Material1
O=C([*])OC1=CC=C(C=C1)C(C)(C)C2=CC=C(C=C2)O[*],[H][O-],,,,146,10.1021_ie9015649_part_1.txt_∂Œ1_Material1
O=C([*])OC1=CC=C(C=C1)C(C)(C)C2=CC=C(C=C2)O[*],O[Si](O)(O[Si](O)(O)O)O.[Al].[Al].O,,,,135,10.1080_10420150.2018.1477156_part_1.txt_∂Œ1_Material1
O=C([*])C(C)O[*],[*]OCC[*],OC1=C2C(C3(O)C4C5C6=C7C8C(C9=CC(C(O)=O)=C(C=C(C=C%10C(O)=O)C%11%12)C(C%11=C%13C%14C%15%16C%17(O%16)C%18C%19=C%20C%21=C%22C(C(O)=C%23)=C%24C%25C%21=C%26C%19=C%27C%17=C%28C%14(O)C%12=C%10C=C%28CC%27=CC%26=CC%25=C(C(O)=O)C=C%24)C9=C7C%13(O)C5=C%15C3=C%18C%29%30C%20(O%30)C%31C%22C%23=C%32)=CC(C(O)=O)=CC8=CC6=C(C(O)=O)C4=C2)=C%29C%33=C%31C%32=C(C(O)=O)C=C%331,,,46.6,10.1007_s13233-014-2182-y_part_1.txt_∂Œ1_Material1
[*]CC(OC(O[*])=O)C,[*]C(C)C[*],,,,5.752,10.1177_1558925019849714_part_2.txt_∂Œ1_Material1
O=C([*])OC1=CC=C(C=C1)C(C)(C)C2=CC=C(C=C2)O[*],OC1=C2C(C3(O)C4C5C6=C7C8C(C9=CC(C(O)=O)=C(C=C(C=C%10C(O)=O)C%11%12)C(C%11=C%13C%14C%15%16C%17(O%16)C%18C%19=C%20C%21=C%22C(C(O)=C%23)=C%24C%25C%21=C%26C%19=C%27C%17=C%28C%14(O)C%12=C%10C=C%28CC%27=CC%26=CC%25=C(C(O)=O)C=C%24)C9=C7C%13(O)C5=C%15C3=C%18C%29%30C%20(O%30)C%31C%22C%23=C%32)=CC(C(O)=O)=CC8=CC6=C(C(O)=O)C4=C2)=C%29C%33=C%31C%32=C(C(O)=O)C=C%331,O=[Al]O[Al]=O,,,145,10.1016_j.apsusc.2012.12.112_part_1.txt_∂Œ1_Material1
O=C([*])C(C)O[*],OP(O)(O)=O,O=C=NC(C=C1)=CC=C1CC2=CC=C(C=C2)N=C=O,C=C([CH3])C(=O)OC([CH3])[CH3],,95,10.3390_ma13071660_part_2.txt_∂Œ1_Material1
OCC1OC(C(C(C1[*])O)O)OC2C(C(C(OC2CO)O[*])O)O,[*]C([H])([H])C(O)([H])[*],O=C(C1=CC=C(C=C1)C(OCC[*])=O)O[*],[*]OCC[*],O=[Ti]=O,100,10.1016_j.msec.2021.112127_part_2.txt_∂Œ1_Material1
O=C([*])C(C)O[*],O=C(O[*])CCCCCCCCCCN[*],O=[Si]=O,,,55,10.1007_s10924-017-0977-6_part_1.txt_∂Œ1_Material1
[*]C(C)C[*],OP(O)(O)=O,[*]C(C)C[*],,,116.9,10.1007_s10965-017-1289-1_part_2.txt_∂Œ1_Material1
C=C([CH3])C(=O)O[CH3],OCC(C(C(C1N)O)O[*])OC1OC2C(OC(C(C2O)N)[*])CO,,,,95.7,10.1186_s44147-022-00077-5_OA_part_2.txt_∂Œ1_Material1
O=C([*])C(C)O[*],[*]C(CCCCC(OCCCCO[*])=O)=O,O=[Mg].O=[Si]=O.O=[Si]=O.O=[Si]=O.O=[Si]=O.O=[Mg].O=[Mg].O,,,64.3,10.1155_2020_8040517_part_3.txt_∂Œ1_Material2
[*]C(CCCCCO[*])=O,[*]C1=C(C=CN2)C2=C([*])C(O)=C1O,,,,23.8,10.1016_j.clay.2017.09.031_part_1.txt_∂Œ1_Material1
C=C([CH3])C(=O)O[CH3],[*]NC(C)C(N1CCCC1C([*])=O)=O,,,,83.45,10.1016_j.msec.2019.110378_part_1.txt_∂Œ1_Material1
[*]C(CCCCC(OCCCCO[*])=O)=O,CO[Si](OC)(OC)CCCOCC1CO1,C=C([CH3])C(=O)OC([CH3])[CH3],,,100.7,10.1016_j.compositesa.2020.106154_part_1.txt_∂Œ1_Material1
O=C([*])C(C)O[*],[*]OC1OC(CO)C(OC2C(O)C(O)C([*])C(CO)O2)C(O)C1O,,,,49,10.1155_2013_738741_part_1.txt_∂Œ1_Material1
O=C([*])CCCCCN[*],O=C(CCCCC(N(CCCCCCN([*])[H])[H])=O)[*],[*]CC(CC=CCC([*])C1=CC=CC=C1)C#N,,,108,10.1002_app.40810_part_1.txt_∂Œ1_Material2
[*]C([H])([H])C(O)([H])[*],[*]NC(C(N1CCCC1C(NCC(N2CC(CC2C(NC(C(NCC([*])=O)=O)CO)=O)O)=O)=O)=O)CCCCN,,,,67,10.1007_s00289-017-2102-3_part_2.txt_∂Œ1_Material1
[*]C(CCCCCO[*])=O,[*]C(CCCCCO[*])=O,[*]C1C(OC(C(C1O)O)OC2C(OC(C(C2O)O)O[*])CO)CO,,,45,10.1039_c3nj01647a_part_1.txt_∂Œ1_Material1
[*]OCCCCOC(CCC([*])=O)=O,O=[Ti]=O,,,,55,10.1021_acsomega.8b00332_part_2.txt_∂Œ1_Material1
C=C([CH3])C(=O)O[CH3],[*]C(NC1=C(C)C(NC(OCCO[*])=O)=CC=C1)=O,,,,75,10.32434_0321-4095-2020-133-6-83-90_OA_part_2.txt_∂Œ1_Material3
[*]CC([*])Cl,[*]OCC[*],[C],,,84,10.1002_vnl.21518_part_1.txt_∂Œ1_Material1
O=C([*])C(C)O[*],CCCCCCCCCCCCCCCCCCOC(CCC1=CC(C(C)(C)C)=C(C(C(C)(C)C)=C1)O)=O,,,,54.9,10.1002_pc.23627_part_1.txt_∂Œ1_Material1
[*]C(C)C[*],O=C([*])C1=CC=C2C=C(C=CC2=C1)OC(C3=CC=C(C=C3)O[*])=O,,,,112,10.1016_j.eurpolymj.2015.07.057_part_1.txt_∂Œ1_Material1
O=C(O)C([*])C[*],NC1=NC(N)=NC(N)=N1,,,,86.8,10.1002_pat.3110_part_1.txt_∂Œ1_Material1
CC(CC(C(C(O1)=O)CC1=O)[*])C[*],,,,,111.7,10.1177_0040517517703600_part_1.txt_∂Œ1_Material2
O=C(C1=CC=C(C=C1)C(OCC[*])=O)O[*],NC1=NC2=C(N=CN2C2O[C@H](COP(=O)(O)OP(=O)(O)O)[C@H](O)[C@@H]2O)C(=O)N1,,,,76.5,10.1007_s10854-021-06275-w_part_2.txt_∂Œ1_Material2
OP(O)(O)=O,[*]C(CCCCC(OCCCCO[*])=O)=O,,,,82,10.1016_j.compscitech.2020.108369_part_1.txt_∂Œ1_Material1
OP(O)(O)=O,[*]OCCCCOC(CCC([*])=O)=O,O=[Si]=O,,,94.9,10.1051_matecconf_20153001013_part_1.txt_∂Œ1_Material1
[*]C(NC1=C(C)C(NC(OCCO[*])=O)=CC=C1)=O,O=C([O-])[O-].[Ca+2],O=C([O-])[O-].[Ca+2],,,25,10.1016_j.polymertesting.2021.107211_part_2.txt_∂Œ1_Material1
O=C([*])CCCCCN[*],O=C([*])CCCCCN[*],O=[Si]=O,[O-][Si]([O-])([O-])O[Si]([O-])([O-])[O-].[Ca+2],,52,10.4028_www.scientific.net_kem.611-612.821_part_1.txt_∂Œ1_Material1
O=C([*])OC1=CC=C(C=C1)C(C)(C)C2=CC=C(C=C2)O[*],[*]C(F)(C(F)([*])F)F,,,,142,10.1016_j.polymdegradstab.2011.09.019_part_2.txt_∂Œ1_Material1
CC(COC(C(CC(C(C(C(OC(C)C)=O)C1=CC=CC=C1)C(OCC(OC(C2=CC=CC=C2C(O)=O)=O)C)=O)C3=CC=CC=C3)C(C(OC(C)C[*])=O)C4=CC=CC=C4)=O)OC(C5=CC=CC=C5C(O[*])=O)=O,,,,,73.2,10.1002_pc.25668_part_1.txt_∂Œ1_Material1
O=C([*])C(C)O[*],[H][O-],,,,65,10.1177_0731684410396595_part_1.txt_∂Œ1_Material1
C=C([CH3])C(=O)O[CH3],[*]CCCC([*])OC(C)=O,O=[Si]=O,,,103,10.1002_masy.201600031_part_1.txt_∂Œ1_Material1
[*]NCC(NC(C(ONCC(NC(C(NCC(NC(C([*])=O)C)=O)=O)C)=O)=O)CO)=O,OCC1OC(C(C(C1[*])O)O)OC2C(C(C(OC2CO)O[*])O)O,,,,100,10.1016_j.jclepro.2019.06.215_part_1.txt_∂Œ1_Material1
[*]C(CCCCCO[*])=O,[*]C(CCCCCO[*])=O,OCC1OC(C(C(C1[*])O)O)OC2C(C(C(OC2CO)O[*])O)O,,,41.3,10.1002_app.43445_part_1.txt_∂Œ1_Material1
[*]C1C(OC(C(C1O)O)OC2C(OC(C(C2O)O)O[*])CO)CO,OCC1OC(C(C(C1[*])O)O)OC2C(C(C(OC2CO)O[*])O)O,,,,64.16,10.4028_www.scientific.net_msf.1010.514_part_2.txt_∂Œ1_Material2
[*]C1C(OC(C(C1O)O)OC2C(OC(C(C2O)O)O[*])CO)CO,OCC1OC(C(C(C1[*])O)O)OC2C(C(C(OC2CO)O[*])O)O,O1C(=O)C=CC1=O,,,55.1,10.1007_s10924-018-1291-7_part_1.txt_∂Œ1_Material6
[*]OCCCCOC(CCC([*])=O)=O,[*]CC(C1=CC=CC=C1)[*],O=[Ti]=O,,,39,10.1016_j.eurpolymj.2013.11.002_part_2.txt_∂Œ1_Material1
[*]C([H])([H])C(O)([H])[*],OCC1OC(C(C(C1[*])O)O)OC2C(C(C(OC2CO)O[*])O)O,,,,75.4,10.1016_j.carbpol.2021.118405_part_2.txt_∂Œ1_Material1
[*]C1C(OC(C(C1O)O)OC2C(OC(C(C2O)O)O[*])CO)CO,O=C(O[Na])COCC(OC(C(C1O)O)[*])C1OC(C(C(C2O[*])O)O)OC2COCC(O[Na])=O,OCC(O)CO,,,54,10.1016_j.carbpol.2020.116521_part_2.txt_∂Œ1_Material1
[*]CC(COC1=CC=C(C=C1)C(C)(C)C2=CC=C(C=C2)O[*])O,C[Si](C)(C[*])O[*],[Zn]=O,,,77.4,10.1002_pat.4656_part_3.txt_∂Œ1_Material2
[*]CCCC(C(O)=O)[*],OCC1OC(C(C(C1[*])O)O)OC2C(C(C(OC2CO)O[*])O)O,,,,39,10.1007_s10570-018-1875-3_part_2.txt_∂Œ1_Material1
COC(C(C[*])([*])C)=O,[*]CC(C1=CC=CC=C1)[*],OC(C(C)(CC(C1=CC=CC=C1)[*])CC(C[*])(C(OCC2CO2)=O)C)=O,,,105,10.1016_j.optcom.2010.08.069_part_1.txt_∂Œ1_Material1
[*]C(N(CN(C(OCOC(N(CN(C(OCCO[*])=O)[H])[H])=O)=O)[H])[H])=O,[C],O=[Al]O[Al]=O.O=[Si]=O.O=[Si]=O.O=[Si]=O,,,75,10.1080_25740881.2020.1869779_part_2.txt_∂Œ1_Material1
O=C([*])C(C)O[*],[Zn]=O,CC1=CC(O)=C(C=C1CCCC(C2=C(C=C(C(C(C)(C)C)=C2)O)C)C3=CC(C(C)(C)C)=C(C=C3C)O)C(C)(C)C,CC1=CC(O)=C(C=C1CCCC(C2=C(C=C(C(C(C)(C)C)=C2)O)C)C3=CC(C(C)(C)C)=C(C=C3C)O)C(C)(C)C,,58,10.1002_app.39023_part_1.txt_∂Œ1_Material1
[*]CC([*])Cl,OCCOC1C(OCCO)C(C(OCCO)COCCOC(CCCCCCCCCCCCCCCCC)=O)OC1,,,,110,10.1016_j.memsci.2020.118434_part_2.txt_∂Œ1_Material1
[*]CC(OC(O[*])=O)C,O=C([*])C(C)O[*],,,,36.6,10.1016_j.compscitech.2016.01.023_part_1.txt_∂Œ1_Material1
O=C([*])OC1=CC=C(C=C1)C(C)(C)C2=CC=C(C=C2)O[*],[*]CC(CC=CCC([*])C1=CC=CC=C1)C#N,C12=CC3=CC4=CC=CN=C4N=C3N=C1N=C5N=C6N=CC=CC6=CC5=C2,,,150,10.1177_0954407011430183_part_1.txt_∂Œ1_Material2
O=C([*])C(C)O[*],[*]O[C@H](C)CC([*])=O,O1C(=O)C=CC1=O,OC1=C2C(C3(O)C4C5C6=C7C8C(C9=CC(C(O)=O)=C(C=C(C=C%10C(O)=O)C%11%12)C(C%11=C%13C%14C%15%16C%17(O%16)C%18C%19=C%20C%21=C%22C(C(O)=C%23)=C%24C%25C%21=C%26C%19=C%27C%17=C%28C%14(O)C%12=C%10C=C%28CC%27=CC%26=CC%25=C(C(O)=O)C=C%24)C9=C7C%13(O)C5=C%15C3=C%18C%29%30C%20(O%30)C%31C%22C%23=C%32)=CC(C(O)=O)=CC8=CC6=C(C(O)=O)C4=C2)=C%29C%33=C%31C%32=C(C(O)=O)C=C%331,,60,10.3390_ma10091008_part_1.txt_∂Œ1_Material1
[*]C(C)C[*],[*]CC(COC1=CC=C(C=C1)C(C)(C)C2=CC=C(C=C2)O[*])O,O=[Si]=O,,,121,10.1002_pc.20967_part_1.txt_∂Œ1_Material1
[*]CC(C1=CC=CC=C1)[*],O=C(O)C([*])C[*],,,,98,10.1002_app.39389_part_1.txt_∂Œ1_Material1
[*]C(C)C[*],O=[Al]O[Al]=O.O=[Si]=O.O=[Si]=O.O=[Si]=O,,,,77.3,10.1016_j.ejpe.2016.02.003_part_1.txt_∂Œ1_Material1
OCC(C(C(C1N)O)O[*])OC1OC2C(OC(C(C2O)N)[*])CO,[*]NC(C(N1CCCC1C(NCC(N2CC(CC2C(NC(C(NCC([*])=O)=O)CO)=O)O)=O)=O)=O)CCCCN,,,,18,10.1007_s10924-021-02239-7_part_3.txt_∂Œ1_Material1
[*]C(CCCCCO[*])=O,[*]C(CCCCCO[*])=O,,,,50,10.1088_2053-1591_ab55ad_part_2.txt_∂Œ1_Material1
O=C([*])C1=CC=C2C=C(C=CC2=C1)OC(C3=CC=C(C=C3)O[*])=O,,,,,110,10.1002_pc.26151_part_1.txt_∂Œ1_Material1
[*]OCC[*],[*]CC(C#N)[*],C12=C3C(C=CC4C3=C5C(CC6=CC7=C8C9=C(C(C=C%10)=CC=C9C=C7)C%11=C%10C%12)=CC4)=CC=C1C=C%12C%13=C%11C8=C6C5=C2%13,CCCCCCCCCCCCOS([O-])(=O)=O.[Na+],,62,10.1002_vnl.21576_part_2.txt_∂Œ1_Material3
[*]CC[*],[*]CCCC(C(O)=O)[*],,,,84,10.1016_j.polymdegradstab.2011.09.010_part_1.txt_∂Œ1_Material1
O=C(O[*])CCCCCCCCCCN[*],C12=C3C(C=CC4C3=C5C(CC6=CC7=C8C9=C(C(C=C%10)=CC=C9C=C7)C%11=C%10C%12)=CC4)=CC=C1C=C%12C%13=C%11C8=C6C5=C2%13,,,,43,10.1166_jnn.2012.5158_part_1.txt_∂Œ1_Material1
O=C([*])C(C)O[*],[*]OC(CC(OC(CC([*])=O)CC)=O)C,OP(O)(O)=O,,,68,10.1021_am3004522_part_1.txt_∂Œ1_Material1
O=C([*])C(C)O[*],OCC1OC(C(C(C1[*])O)O)OC2C(C(C(OC2CO)O[*])O)O,O1C(=O)C=CC1=O,,,62.59,10.1007_s10924-018-1291-7_part_1.txt_∂Œ1_Material4
[*]CCCC([*])OC(C)=O,[*]CC([*])Cl,,,,52,10.1002_adv.21467_part_2.txt_∂Œ1_Material1
O=C([*])C(C)O[*],[*]C1C(OC(C(C1O)O)OC2C(OC(C(C2O)O)O[*])CO)CO,[Mg],,,50.1,10.1016_j.reactfunctpolym.2019.05.013_part_2.txt_∂Œ1_Material2
[*]C(CCCCCO[*])=O,[*]NC(C(N1CCCC1C(NCC(N2CC(CC2C(NC(C(NCC([*])=O)=O)CO)=O)O)=O)=O)=O)CCCCN,O=[Si]=O,,,45,10.1016_j.msec.2017.04.084_part_5.txt_∂Œ1_Material2
[*]C([H])([H])C(O)([H])[*],O=C(C(C[*])[*])N,[*]NC(C(N1CCCC1C(NCC(N2CC(CC2C(NC(C(NCC([*])=O)=O)CO)=O)O)=O)=O)=O)CCCCN,,,60,10.1080_10601325.2010.483395_part_2.txt_∂Œ1_Material1
O=C([*])C(C)O[*],[*]C1C(OC(C(C1O)O)OC2C(OC(C(C2O)O)O[*])CO)CO,OCC(C(C(C1N)O)O[*])OC1OC2C(OC(C(C2O)N)[*])CO,OCC(O)CO,,40,10.4028_www.scientific.net_amr.391-392.530_part_1.txt_∂Œ1_Material1
O=C([*])C(C)O[*],[*]C1C(OC(C(C1O)O)OC2C(OC(C(C2O)O)O[*])CO)CO,C[N+](CCO)(CCO)[3H],,,51.4,10.1007_s10973-012-2776-6_part_1.txt_∂Œ1_Material1
[*]C([H])([H])C(O)([H])[*],OCC(C(C(C1N)O)O[*])OC1OC2C(OC(C(C2O)N)[*])CO,OCC(O)CO,[*]OCC[*],,64,10.1016_j.carbpol.2019.115784_part_4.txt_∂Œ1_Material1
O=C([*])C(C)O[*],[*]CCCC([*])OC(C)=O,,,,57.1,10.1016_j.polymertesting.2016.11.003_part_2.txt_∂Œ1_Material1
[*]OCCCCOC(CCC([*])=O)=O,[*]OC1C(C(O)=O)OC(OC2C(NC(C)=O)C([*])OC(CO)C2O)C(O)C1O,,,,27.7,10.1007_s13233-016-4131-4_part_2.txt_∂Œ1_Material1
[*]NC(C)C(N1CCCC1C([*])=O)=O,[*]OCC[*],,,,59,10.1021_acs.nanolett.6b02828_part_1.txt_∂Œ1_Material1
[*]C(NC1=C(C)C(NC(OCCO[*])=O)=CC=C1)=O,[O-][Si]([O-])([O-])O[Si]([O-])([O-])[O-].[Ca+2],,,,55,10.1007_s12221-017-6687-9_part_1.txt_∂Œ1_Material2
O=C(CCCCC(N(CCCCCCN([*])[H])[H])=O)[*],[*]C(F)(C(F)([*])F)F,,,,88.4,10.1016_j.wear.2015.06.003_part_2.txt_∂Œ1_Material1
COC(C(C[*])([*])C)=O,,,,,110,10.1007_s41783-020-00098-6_part_1.txt_∂Œ1_Material1
O=C([*])OC1=CC=C(C=C1)C(C)(C)C2=CC=C(C=C2)O[*],[*]CC(CC=CCC([*])C1=CC=CC=C1)C#N,[*]CCCC([*])C(OC)=O,,,129.4,10.1002_pc.25345_part_2.txt_∂Œ1_Material4
[*]CC(C#N)[*],O=[Ti]=O,,,,56.923,10.1177_1528083717708482_part_2.txt_∂Œ1_Material1
O=C(C1=CC=C(C=C1)C(OCC[*])=O)O[*],[*]CC[*],[*]CC(CCCC(CC)CC([*])C1=CC=CC=C1)C2=CC=CC=C2,,,75,10.1002_pat.1683_part_2.txt_∂Œ1_Material1
O=C(C(C[*])[*])N,O=C(O)C([*])C[*],OC1=C2C(C3(O)C4C5C6=C7C8C(C9=CC(C(O)=O)=C(C=C(C=C%10C(O)=O)C%11%12)C(C%11=C%13C%14C%15%16C%17(O%16)C%18C%19=C%20C%21=C%22C(C(O)=C%23)=C%24C%25C%21=C%26C%19=C%27C%17=C%28C%14(O)C%12=C%10C=C%28CC%27=CC%26=CC%25=C(C(O)=O)C=C%24)C9=C7C%13(O)C5=C%15C3=C%18C%29%30C%20(O%30)C%31C%22C%23=C%32)=CC(C(O)=O)=CC8=CC6=C(C(O)=O)C4=C2)=C%29C%33=C%31C%32=C(C(O)=O)C=C%331,,,57,10.1002_adv.21563_part_2.txt_∂Œ1_Material1
[*]C(C)C[*],[O-]S(C1=CC=CC(O)=C1)(=O)=O.[Na+],,,,117.97,10.1007_s00289-016-1753-9_part_4.txt_∂Œ1_Material1
[*]C1C(OC(C(C1O)O)OC2C(OC(C(C2O)O)O[*])CO)CO,[*]C(CCCCC(OCCCCO[*])=O)=O,OCC(O)CO,,,40,10.1016_j.heliyon.2019.e01251_part_1.txt_∂Œ1_Material1
[*]CC([*])Cl,[*]CCCC([*])OC(C)=O,,,,96,10.1002_pen.21656_part_1.txt_∂Œ1_Material1
[*]C([H])([H])C(O)([H])[*],OC(C(CC(O)=O)(CC(O)=O)O)=O,,,,80,10.1002_macp.201700130_part_2.txt_∂Œ1_Material4
O=C([*])C(C)O[*],[*]OCCCCOC(CCC([*])=O)=O,C[N+](CCO)(CCO)[3H],,,57,10.1021_am201850m_part_1.txt_∂Œ1_Material1
[*]CC([*])Cl,O=[Al]O[Al]=O.O=[Si]=O.O=[Si]=O.O.O,O=[Al]O[Al]=O.O=[Si]=O.O=[Si]=O.O.O,,,93.6,10.1002_pen.23161_part_1.txt_∂Œ1_Material1
OP(O)(O)=O,[*]C(CCCCCO[*])=O,,,,50,10.3144_expresspolymlett.2018.43_part_4.txt_∂Œ1_Material2
O=C([*])OC1=CC=C(C=C1)C(C)(C)C2=CC=C(C=C2)O[*],O=C(O)C([*])C[*],CC1=CC(O)=C(C=C1CCCC(C2=C(C=C(C(C(C)(C)C)=C2)O)C)C3=CC(C(C)(C)C)=C(C=C3C)O)C(C)(C)C,,,145.8,10.1002_app.46529_part_1.txt_∂Œ1_Material1
O=C([*])C(C)O[*],[*]C(NC1=C(C)C(NC(OCCO[*])=O)=CC=C1)=O,O=[Mg].O=[Si]=O.O=[Si]=O.O=[Si]=O.O=[Si]=O.O=[Mg].O=[Mg].O,,,61.3,10.1002_pc.22828_part_2.txt_∂Œ1_Material1
[*]NCC(NC(C(ONCC(NC(C(NCC(NC(C([*])=O)C)=O)=O)C)=O)=O)CO)=O,[*]C(CCCCCO[*])=O,,,,30,10.1177_155892501701200303_part_3.txt_∂Œ1_Material2
[*]O[C@@]([H])(C)C(O[C@](C)([H])C([*])=O)=O,OC1=C2C(C3(O)C4C5C6=C7C8C(C9=CC(C(O)=O)=C(C=C(C=C%10C(O)=O)C%11%12)C(C%11=C%13C%14C%15%16C%17(O%16)C%18C%19=C%20C%21=C%22C(C(O)=C%23)=C%24C%25C%21=C%26C%19=C%27C%17=C%28C%14(O)C%12=C%10C=C%28CC%27=CC%26=CC%25=C(C(O)=O)C=C%24)C9=C7C%13(O)C5=C%15C3=C%18C%29%30C%20(O%30)C%31C%22C%23=C%32)=CC(C(O)=O)=CC8=CC6=C(C(O)=O)C4=C2)=C%29C%33=C%31C%32=C(C(O)=O)C=C%331,,,,40,10.1002_app.45248_part_2.txt_∂Œ1_Material2
[*]C(CCCCCO[*])=O,[*]C(CCCCCO[*])=O,C=C([CH3])C(=O)OC([CH3])[CH3],,,53.65,10.1002_pat.5367_part_2.txt_∂Œ1_Material2
[*]CC([*])Cl,C=C([CH3])C(=O)O[CH3],O=C(O)CCCCCCCCCCCCCCCCC,,,80,10.1002_vnl.21646_part_1.txt_∂Œ1_Material1
O=C([*])C1=CC=C(C=C1)OC2=CC=C(C=C2)OC3=CC=C(C=C3)[*],O=[Al]O[Al]=O,,,,143,10.1016_j.compstruct.2018.03.062_part_1.txt_∂Œ1_Material2
O=C([*])C(C)O[*],[*]C(NC1=C(C)C(NC(OCCO[*])=O)=CC=C1)=O,CCCC[Sn](OC(CC(C)CCCCCCCC)=O)(OC(CCCCCCCCCCC)=O)CCCC,,,60,10.1021_ie503092w_part_1.txt_∂Œ1_Material1
O=C([*])C(C)O[*],[*]C(CCCCC(OCCCCO[*])=O)=O,O=C([*])C(C)O[*],,,57.4,10.1134_s0965545x1703018x_part_2.txt_∂Œ1_Material2
[*]CC[*],C=C([CH3])C(=O)O[CH3],COC(C(C[*])([*])C)=O,,,109,10.1021_ma302187b_part_1.txt_∂Œ1_Material1
[*]C([C@H](C)OC([C@H](C)O[*])=O)=O,[*]OCCCCOC(CCC([*])=O)=O,O=[Mg].O=[Si]=O.O=[Si]=O.O=[Si]=O.O=[Si]=O.O=[Mg].O=[Mg].O,,,49,10.1002_app.44777_part_1.txt_∂Œ1_Material1
[*]OC(CC(OC(CC([*])=O)CC)=O)C,[*]C(CCCCCO[*])=O,CCOC(=O)C(O)(CC(=O)OCC)CC(=O)OCC,OC1=C2C(C3(O)C4C5C6=C7C8C(C9=CC(C(O)=O)=C(C=C(C=C%10C(O)=O)C%11%12)C(C%11=C%13C%14C%15%16C%17(O%16)C%18C%19=C%20C%21=C%22C(C(O)=C%23)=C%24C%25C%21=C%26C%19=C%27C%17=C%28C%14(O)C%12=C%10C=C%28CC%27=CC%26=CC%25=C(C(O)=O)C=C%24)C9=C7C%13(O)C5=C%15C3=C%18C%29%30C%20(O%30)C%31C%22C%23=C%32)=CC(C(O)=O)=CC8=CC6=C(C(O)=O)C4=C2)=C%29C%33=C%31C%32=C(C(O)=O)C=C%331,,85,10.1007_s10924-016-0795-2_part_1.txt_∂Œ1_Material1
[*]CC[*],N#CC(C1=CC=CC=N1)C1=CC=CC=C1,,,,104.4,10.1002_vnl.20249_part_2.txt_∂Œ1_Material1
O=C([*])C(C)O[*],[*]C(CCCCCO[*])=O,[Ag],,,55,10.23880_fsnt-16000131_OA_part_1.txt_∂Œ1_Material1
O=C([*])C(C)O[*],OP(O)(O)=O,[Ag],,,55,10.23880_fsnt-16000131_OA_part_1.txt_∂Œ1_Material2
[*]C([H])([H])C(O)([H])[*],O=C([*])C(C)O[*],OCC1OC(C(C(C1[*])O)O)OC2C(C(C(OC2CO)O[*])O)O,OCC(O)CO,,80,10.1016_j.reactfunctpolym.2021.105013_part_2.txt_∂Œ1_Material1
O=C([*])C(C)O[*],[*]C(CCCCCO[*])=O,[*]OC1OC(CO)C(OC2C(O)C(O)C([*])C(CO)O2)C(O)C1O,,,61,10.1002_pc.22145_part_2.txt_∂Œ1_Material3
O=C([*])OC1=CC=C(C=C1)C(C)(C)C2=CC=C(C=C2)O[*],C12=CC3=CC4=CC=CN=C4N=C3N=C1N=C5N=C6N=CC=CC6=CC5=C2,,,,153,10.3390_polym10070720_part_1.txt_∂Œ1_Material1
O=C(C1=CC=C(C=C1)C(OCC[*])=O)O[*],O=C([*])C(C)O[*],,,,40,10.1051_matecconf_201925302005_part_1.txt_∂Œ1_Material1
[*]C(CCCCCO[*])=O,OCC1OC(C(C(C1[*])O)O)OC2C(C(C(OC2CO)O[*])O)O,,,,64,10.1016_j.carbpol.2019.01.085_part_2.txt_∂Œ1_Material1
[*]CC(COC1=CC=C(C=C1)C(C)(C)C2=CC=C(C=C2)O[*])O,O=C([*])C(C)O[*],,,,55,10.1016_j.polymertesting.2020.106923_part_1.txt_∂Œ1_Material1
[*]NC(C(N1CCCC1C(NCC(N2CC(CC2C(NC(C(NCC([*])=O)=O)CO)=O)O)=O)=O)=O)CCCCN,[Cu],,,,50.32,10.1016_j.foodhyd.2016.08.009_part_4.txt_∂Œ1_Material1
OCC1OC(C(C(C1[*])O)O)OC2C(C(C(OC2CO)O[*])O)O,[*]OCC[*],[Zn]=O,,,88,10.1038_pj.2011.97_part_2.txt_∂Œ1_Material2
O=C([*])C(C)O[*],C12=C3C(C=CC4C3=C5C(CC6=CC7=C8C9=C(C(C=C%10)=CC=C9C=C7)C%11=C%10C%12)=CC4)=CC=C1C=C%12C%13=C%11C8=C6C5=C2%13,,,,63,10.1504_ijautoc.2015.070568_part_1.txt_∂Œ1_Material2
[*]C(C)C[*],[O-][Si]([O-])([O-])O[Si]([O-])([O-])[O-].[Ca+2],,,,100,10.1111_j.1475-1305.2009.00671.x_part_1.txt_∂Œ1_Material1
[*]CCC(CCCC(CCCC(C[*])C)C)C,,,,,73,10.1177_0954008319885006_part_1.txt_∂Œ1_Material1
[*]CC(C1=CC=CC=C1)C/C=C/C[*],[*]C(C)C[*],CC1=CC(O)=C(C=C1CCCC(C2=C(C=C(C(C(C)(C)C)=C2)O)C)C3=CC(C(C)(C)C)=C(C=C3C)O)C(C)(C)C,,,50,10.1002_app.46580_part_1.txt_∂Œ1_Material1
[*]C1C(C(C(OC1C(O[Na])=O)OC2C(C(O[Na])=O)OC(O[*])C(O)C2O)O)O,[*]OCC[*],C=C([CH3])C(=O)OC([CH3])[CH3],,,45,10.1007_s42452-020-2936-4_part_2.txt_∂Œ1_Material1
O=C([*])C(C)O[*],C12=CC3=CC4=CC=CN=C4N=C3N=C1N=C5N=C6N=CC=CC6=CC5=C2,,,,69,10.1016_j.compositesb.2020.108034_part_3.txt_∂Œ1_Material1
O=C([*])C1=CC=C(C=C1)OC2=CC=C(C=C2)OC3=CC=C(C=C3)[*],O=[Zr]=O,,,,143,10.1016_j.compstruct.2018.03.062_part_1.txt_∂Œ1_Material3
[*]C([H])([H])C(O)([H])[*],[*]OCC[*],O=[Al]O[Al]=O,,,70,10.1016_j.seppur.2018.08.026_part_6.txt_∂Œ1_Material1
[*]C(C)C[*],[*]C/C=C/CCC([*])C#N,[H][O-],[H][Si]([H])([H])[H],,130.89,10.1177_0892705719832072_part_2.txt_∂Œ1_Material1
[*]NC(C(N1CCCC1C(NCC(N2CC(CC2C(NC(C(NCC([*])=O)=O)CO)=O)O)=O)=O)=O)CCCCN,O=C(CC(/C=C/C1=CC=C(C(OC)=C1)O)=O)/C=C/C2=CC=C(O)C(OC)=C2,C(CC=O)CC=O,,,40,10.3390_polym13111824_part_1.txt_∂Œ1_Material1
O=C([*])C(C)O[*],O=C([*])C(C)O[*],OCC(O)CO,[H]O[H],,60,10.1021_ie300118x_part_2.txt_∂Œ1_Material1
O=C([*])C(C)O[*],[Mg],,,,61.3,10.1016_j.compstruct.2020.112322_part_1.txt_∂Œ1_Material1
[*]CC(COC1=CC=C(C=C1)C(C)(C)C2=CC=C(C=C2)O[*])O,[*]OC1C(O)C(O)C(OC2C(CO)OC([*])C(O)C2O)OC1CO,,,,80,10.1177_1528083720901864_part_3.txt_∂Œ1_Material2
O=C(CCCCC(N(CCCCCCN([*])[H])[H])=O)[*],C[Si](C)(C[*])O[*],,,,55.5,10.1002_app.50170_part_3.txt_∂Œ1_Material1
O=C([*])C(C)O[*],[H][O-],O=[Al]O[Al]=O.O=[Si]=O.O=[Si]=O.O=[Si]=O,,,55,10.1007_s10570-020-03268-6_part_1.txt_∂Œ1_Material1
[*]NC(C(N1CCCC1C(NCC(N2CC(CC2C(NC(C(NCC([*])=O)=O)CO)=O)O)=O)=O)=O)CCCCN,[*]CC(C)(C(OCCO)=O)[*],,,,51.7,10.1080_03602551003681804_part_1.txt_∂Œ1_Material1
O=C([*])CCCCCN[*],O=[Ti]=O,,,,60,10.1002_pc.22292_part_2.txt_∂Œ1_Material1
[*]C(CCCCCO[*])=O,CCO[Si](OCC)(OCC)OCC,,,,40,10.1016_j.msec.2014.04.024_part_2.txt_∂Œ1_Material2
[*]C(N(CN(C(OCOC(N(CN(C(OCCO[*])=O)[H])[H])=O)=O)[H])[H])=O,O=C(O)C([*])C[*],,,,47.22,10.1016_j.polymer.2013.07.005_part_2.txt_∂Œ1_Material1
O=C([*])C(C)O[*],[*]OCC[*],[*]OCC[*],OCC1OC(C(C(C1[*])O)O)OC2C(C(C(OC2CO)O[*])O)O,,59.4,10.1007_s10570-017-1327-5_part_3.txt_∂Œ1_Material1
[*]C1C(OC(C(C1O)O)OC2C(OC(C(C2O)O)O[*])CO)CO,[*]C(NC1=C(C)C(NC(OCCO[*])=O)=CC=C1)=O,,,,51.35,10.1002_star.201900098_part_4.txt_∂Œ1_Material1
[*]C(NC1=C(C)C(NC(OCCO[*])=O)=CC=C1)=O,CCO[Si](OCC)(OCC)OCC,,,,45,10.4028_www.scientific.net_amr.239-242.855_part_1.txt_∂Œ1_Material1
[*]C([C@H](C)OC([C@H](C)O[*])=O)=O,OP(O)(O)=O,,,,59.7,10.1016_j.polymdegradstab.2016.03.018_part_2.txt_∂Œ1_Material1
[*]CCCC([*])C(OC)=O,,,,,67.5,10.1016_j.apsusc.2013.07.156_part_2.txt_∂Œ1_Material1
C(C)(C1=CC=C(OCC2CO2)C=C1)(C)C1=CC=C(OCC2CO2)C=C1,OC(C(C)(CC(C1=CC=CC=C1)[*])CC(C[*])(C(OCC2CO2)=O)C)=O,,,,100,10.1016_j.engfracmech.2018.06.044_part_1.txt_∂Œ1_Material2
O=C(C1=CC=C(C=C1)C(OCC[*])=O)O[*],[*]C(C1=CC=C(C=C1)C(OCCCCOC(C2=CC=C(C=C2)C(OCCCCO[*])=O)=O)=O)=O,,,,70,10.1002_pcr2.10063_part_1.txt_∂Œ1_Material3
O=C(C(C[*])[*])N,[*]C([H])([H])C(O)([H])[*],[*]C1C(C(C(OC1C(O[Na])=O)OC2C(C(O[Na])=O)OC(O[*])C(O)C2O)O)O,[Ag+],,35,10.1016_j.carbpol.2020.117485_part_2.txt_∂Œ1_Material1
O=C([*])CCCCCN[*],C=C(C)C(=O)OCCCC,,,,51.4,10.1002_pen.22096_part_2.txt_∂Œ1_Material1
[*]C([H])([H])C(O)([H])[*],[*]OC1OC(CO)C(OC2C(O)C(O)C([*])C(CO)O2)C(O)C1O,,,,95.22,10.1007_s12221-013-0133-4_part_1.txt_∂Œ1_Material1
[*]O[C@@]([H])(C)C(O[C@](C)([H])C([*])=O)=O,[*]C([C@H](C)OC([C@H](C)O[*])=O)=O,,,,60,10.1002_app.42857_part_1.txt_∂Œ1_Material1
O=C([*])C(C)O[*],C=C([CH3])C(=O)O[CH3],,,,62.3,10.1080_03602559.2015.1132464_part_4.txt_∂Œ1_Material6
C=C([CH3])C(=O)O[CH3],[*]NCC(NC(C(ONCC(NC(C(NCC(NC(C([*])=O)C)=O)=O)C)=O)=O)CO)=O,,,,105.21,10.1177_0731684415577236_part_2.txt_∂Œ1_Material1
O=C([*])CCCCCN[*],OC(C(C)(CC(C1=CC=CC=C1)[*])CC(C[*])(C(OCC2CO2)=O)C)=O,,,,45,10.1016_j.compositesb.2018.08.106_part_1.txt_∂Œ1_Material1
O=C(C1=CC=C(C=C1)C(OCC[*])=O)O[*],[*]CC(CCCC(CC)CC([*])C1=CC=CC=C1)C2=CC=CC=C2,O=[Al]O[Al]=O.O=[Si]=O.O=[Si]=O.O=[Si]=O,,,66.1,10.1002_app.34980_part_2.txt_∂Œ1_Material1
CC(NC(C([*])C)=O)C(NC(C)C(NC(C)C(N[*])=O)=O)=O,[*]C([H])([H])C(O)([H])[*],C(CC=O)CC=O,,,85,10.1007_s12221-015-0761-y_part_2.txt_∂Œ1_Material1
[*]C(N(CN(C(OCOC(N(CN(C(OCCO[*])=O)[H])[H])=O)=O)[H])[H])=O,[*]C(C1=CC=CC=C1)CC2C(OC(C2[*])=O)=O,,,,49.78,10.1177_096369351502400603_part_1.txt_∂Œ1_Material1
CC(NC(C([*])C)=O)C(NC(C)C(NC(C)C(N[*])=O)=O)=O,[*]C([H])([H])C(O)([H])[*],C[N+](CCO)(CCO)[3H],O=[Al]O[Al]=O.O=[Si]=O.O=[Si]=O.O=[Si]=O,,85,10.1007_s12221-015-0761-y_part_2.txt_∂Œ1_Material3
O=C([*])C(C)O[*],[*]C(CCCCCO[*])=O,OC(C(C)(CC(C1=CC=CC=C1)[*])CC(C[*])(C(OCC2CO2)=O)C)=O,,,55,10.1680_jgrma.18.00006_part_9.txt_∂Œ1_Material1
[*]NC(C(N1CCCC1C(NCC(N2CC(CC2C(NC(C(NCC([*])=O)=O)CO)=O)O)=O)=O)=O)CCCCN,OCC1OC(C(C(C1[*])O)O)OC2C(C(C(OC2CO)O[*])O)O,,,,95,10.7569_jrm.2016.634106_part_1.txt_∂Œ1_Material3
[*]C1C(OC(C(C1O)O)OC2C(OC(C(C2O)O)O[*])CO)CO,OCC(C(C(C1N)O)O[*])OC1OC2C(OC(C(C2O)N)[*])CO,,,,83.5,10.1007_s13197-020-04908-2_part_2.txt_∂Œ1_Material4
C/C(C[*])=C/C[*],[*]CCCC(C(O)=O)[*],[*]C(CCCCCO[*])=O,,,23.1,10.1016_j.eurpolymj.2021.110488_part_1.txt_∂Œ1_Material2
O=C([*])C(C)O[*],OCC1OC(C(C(C1[*])O)O)OC2C(C(C(OC2CO)O[*])O)O,C12=C3C(C=CC4C3=C5C(CC6=CC7=C8C9=C(C(C=C%10)=CC=C9C=C7)C%11=C%10C%12)=CC4)=CC=C1C=C%12C%13=C%11C8=C6C5=C2%13,,,47,10.1002_pc.26053_part_1.txt_∂Œ1_Material1
[*]C([H])([H])C(O)([H])[*],[*]C([H])([H])C(O)([H])[*],,,,42,10.1007_s11029-011-9236-4_part_1.txt_∂Œ1_Material1
[*]CC(COC1=CC=C(C=C1)C(C)(C)C2=CC=C(C=C2)O[*])O,[Al],,,,68,10.1002_app.47398_part_1.txt_∂Œ1_Material3
O=C([*])C(C)O[*],C12=CC3=CC4=CC=CN=C4N=C3N=C1N=C5N=C6N=CC=CC6=CC5=C2,O=C([*])C(C)O[*],,,57,10.1177_0021998317708020_part_2.txt_∂Œ1_Material1
[*]C(CCCCC(OCCCCOC(C1=CC=C(C(OCCCCO[*])=O)C=C1)=O)=O)=O,OCC(O)CO,,,,50,10.1007_s10924-021-02223-1_part_1.txt_∂Œ1_Material1
[*]C([C@H](C)OC([C@H](C)O[*])=O)=O,OP(O)(O)=O,[*]C([C@H](C)OC([C@H](C)O[*])=O)=O,,,43,10.3390_polym11071193_part_2.txt_∂Œ1_Material2
[*]C(C)C[*],[*]CCC(CCCCCC)C[*],[*]C(C)C[*],,,116.2,10.1002_pc.25203_part_2.txt_∂Œ1_Material1
O=C([*])CCCCCN[*],O=[Al]O[Al]=O.O=[Si]=O.O=[Si]=O.O=[Si]=O,O=[Si]=O,,,45.5,10.1002_pc.25026_part_2.txt_∂Œ1_Material2
O=C([*])C(C)O[*],[*]C(CCCCC(OCCCCO[*])=O)=O,OCC1OC(OC2C(O)C(O)C(O[*])OC2CO)C(O)C(O)C1[*],[*]OC1C(C(O)=O)OC(OC2C(NC(C)=O)C([*])OC(CO)C2O)C(O)C1O,,58.93,10.1016_j.jmrt.2020.08.062_part_2.txt_∂Œ1_Material1
[*]C1C(OC(C(C1O)O)OC2C(OC(C(C2O)O)O[*])CO)CO,OCC(C(C(C1N)O)O[*])OC1OC2C(OC(C(C2O)N)[*])CO,O=[Al]O[Al]=O.O=[Si]=O.O=[Si]=O.O=[Si]=O,,,75,10.1007_s13197-020-04908-2_part_1.txt_∂Œ1_Material1
[*]C/C=C/CCC([*])C#N,[*]CC([*])Cl,,,,46,10.1007_s10973-019-09194-5_part_2.txt_∂Œ1_Material1
OP(O)(O)=O,OCC(C(C(C1N)O)O[*])OC1OC2C(OC(C(C2O)N)[*])CO,O=[Si]=O,,,111,10.1002_masy.201400080_part_1.txt_∂Œ1_Material2
[*]C(NC1=C(C)C(NC(OCCO[*])=O)=CC=C1)=O,[*]C1C(C(C(OC1C(O[Na])=O)OC2C(C(O[Na])=O)OC(O[*])C(O)C2O)O)O,,,,26,10.1016_j.carbpol.2013.03.039_part_1.txt_∂Œ1_Material1
O=C(O[*])CCCCCCCCCCN[*],[*]NCCCCCCCCCCCC([*])=O,,,,50,10.1515_polyeng-2014-0161_part_1.txt_∂Œ1_Material2
O=C([*])C(C)O[*],O=C(O[*])CCCCCCCCCCN[*],O=[Ti]=O,,,45,10.1002_pen.23692_part_1.txt_∂Œ1_Material1
[*]CC(CC=CCC([*])C1=CC=CC=C1)C#N,O=C([*])CCCCCN[*],,,,109,10.1007_s10965-010-9540-z_part_2.txt_∂Œ1_Material1
[*]O[C@H](C)CC([*])=O,OCC(C(C(C1N)O)O[*])OC1OC2C(OC(C(C2O)N)[*])CO,[*]NCC(NC(C(ONCC(NC(C(NCC(NC(C([*])=O)C)=O)=O)C)=O)=O)CO)=O,,,55,10.1016_j.ijbiomac.2019.03.227_part_3.txt_∂Œ1_Material1
[*]CC(COC1=CC=C(C=C1)C(C)(C)C2=CC=C(C=C2)O[*])O,O=[Si]=O,O=[Al]O[Al]=O,,,126,10.1002_pc.25974_part_3.txt_∂Œ1_Material2
[*]CC(C#N)[*],OP(O)(O)=O,O=[Ti]=O,,,80,10.1016_j.progpolymsci.2011.07.001_part_4.txt_∂Œ1_Material1
O=C([*])C(C)O[*],[*]C(CCCCCO[*])=O,CC1(CC(CC(C)(C1)C)N=C=O)CN=C=O,,,62.4,10.1016_j.polymertesting.2018.07.023_part_4.txt_∂Œ1_Material1
[*]CCCCOCCCCOCCCCOCCCCO[*],CC1(CC(CC(C)(C1)C)N=C=O)CN=C=O,,,,57.8,10.1016_j.polymer.2021.123625_part_1.txt_∂Œ1_Material1
O=C([*])C(C)O[*],[*]C(CCCCC(OCCCCOC(C1=CC=C(C(OCCCCO[*])=O)C=C1)=O)=O)=O,,,,60,10.1007_s10853-013-7431-5_part_1.txt_∂Œ1_Material1
O=C([*])C1=CC=C(C=C1)OC2=CC=C(C=C2)OC3=CC=C(C=C3)[*],[*]OC1C(C(O)=O)OC(OC2C(NC(C)=O)C([*])OC(CO)C2O)C(O)C1O,,,,143,10.1016_j.compstruct.2018.03.062_part_1.txt_∂Œ1_Material5
O=C([*])C(C)O[*],OCC(O)CO,,,,63,10.1002_app.32751_part_2.txt_∂Œ1_Material1
C/C(C[*])=C/C[*],OC(C(C)(CC(C1=CC=CC=C1)[*])CC(C[*])(C(OCC2CO2)=O)C)=O,,,,90,10.1016_j.polymer.2015.06.045_part_4.txt_∂Œ1_Material1
[*]CC([*])Cl,CC1=CC=C(C=C1N=C=O)N=C=O,,,,68.7,10.1002_vnl.21706_part_2.txt_∂Œ1_Material1
[*]C(CCCCCO[*])=O,[*]C(NC1=C(C)C(NC(OCCO[*])=O)=CC=C1)=O,,,,6.9,10.1080_25740881.2020.1757105_part_2.txt_∂Œ1_Material2
O=C([*])C(C)O[*],C=C([CH3])C(=O)O[CH3],O=C([O-])[O-].[Ca+2],,,55,10.1002_app.46927_part_2.txt_∂Œ1_Material3
[*]CCC(CCCC(CCCC(C[*])C)C)C,[*]C(NC1=C(C)C(NC(OCCO[*])=O)=CC=C1)=O,,,,60,10.1007_s10904-018-0931-7_part_2.txt_∂Œ1_Material1
[*]OCC[*],[*]CC(C)(C(OCCO)=O)[*],[Cu],,,18.2,10.1002_app.43501_part_2.txt_∂Œ1_Material2
[*]C(C)C[*],CCCCCCCCCCCCCCCCCCOC(CCC1=CC(C(C)(C)C)=C(C(C(C)(C)C)=C1)O)=O,,,,95,10.1002_app.36244_part_1.txt_∂Œ1_Material1
[*]NCC(NC(C(ONCC(NC(C(NCC(NC(C([*])=O)C)=O)=O)C)=O)=O)CO)=O,O=C([*])C(C)O[*],,,,55,10.1016_j.jiec.2018.11.017_part_2.txt_∂Œ1_Material1
[*]C([H])([H])C(O)([H])[*],[*]OCC[*],[*]CC[*],,,85,10.1002_app.46481_part_1.txt_∂Œ1_Material3
[*]CC([*])Cl,O=[Si]=O,,,,87,10.4028_www.scientific.net_amr.488-489.633_part_1.txt_∂Œ1_Material1
O=C(C1=CC=C(C=C1)C(OCC[*])=O)O[*],[*]CC([*])Cl,,,,80,10.1177_0040517519839934_part_1.txt_∂Œ1_Material1
[*]C([C@H](C)OC([C@H](C)O[*])=O)=O,C=C([CH3])C(=O)O[CH3],[*]OCC[*],,,58.8,10.1002_pc.21194_part_1.txt_∂Œ1_Material1
O=C(O)C([*])C[*],[*]C(CCCCC(OCCCCO[*])=O)=O,[*]CC(C1=CC=CC=C1)[*],,,110,10.1016_j.polymer.2016.12.043_part_1.txt_∂Œ1_Material2
O=C([*])C(C)O[*],[Ag+],,,,56.3,10.1007_s13726-019-00694-7_part_1.txt_∂Œ1_Material2
O=C([*])C(C)O[*],C12=CC3=CC4=CC=CN=C4N=C3N=C1N=C5N=C6N=CC=CC6=CC5=C2,C12=CC3=CC4=CC=CN=C4N=C3N=C1N=C5N=C6N=CC=CC6=CC5=C2,,,60,10.3144_expresspolymlett.2020.59_part_2.txt_∂Œ1_Material1
O=C([*])C(C)O[*],O=C(O)C([*])C[*],,,,56.9,10.7569_jrm.2016.634126_part_1.txt_∂Œ1_Material1
[*]OCC[*],CC1=CC=C(C=C1N=C=O)N=C=O,[*]C1=CC=C([*])N1,,,40,10.1080_03602559.2015.1132436_part_9.txt_∂Œ1_Material2
[*]NC(C(N1CCCC1C(NCC(N2CC(CC2C(NC(C(NCC([*])=O)=O)CO)=O)O)=O)=O)=O)CCCCN,OCC(C(C(C1N)O)O[*])OC1OC2C(OC(C(C2O)N)[*])CO,OCC(O)CO,,,35,10.3390_coatings6040041_part_3.txt_∂Œ1_Material1
O=C(C1=CC=C(C=C1)C(OCC[*])=O)O[*],C=C(C)C(=O)OCC(O)COC1=CC=C(C(C2=CC=C(O)C=C2)(C)C)C=C1,[*]CC(COC1=CC=C(C=C1)C(C)(C)C2=CC=C(C=C2)O[*])O,,,93,10.1016_j.compositesb.2017.02.002_part_2.txt_∂Œ1_Material1
[*]C(C)C[*],[Al],,,,115,10.1515_epoly-2022-0014_OA_part_2.txt_∂Œ1_Material2
OCC1OC(C(C(C1[*])O)O)OC2C(C(C(OC2CO)O[*])O)O,[*]NC(C(N1CCCC1C(NCC(N2CC(CC2C(NC(C(NCC([*])=O)=O)CO)=O)O)=O)=O)=O)CCCCN,,,,90.27,10.1016_j.foodchem.2019.125599_part_1.txt_∂Œ1_Material1
O=C([*])C(C)O[*],[*]OC(CC(OC(CC([*])=O)CC)=O)C,[*]OCC[*],OCC1OC(C(C(C1[*])O)O)OC2C(C(C(OC2CO)O[*])O)O,,57,10.1016_j.foodhyd.2018.04.045_part_3.txt_∂Œ1_Material2
[*]CC(COC1=CC=C(C=C1)C(C)(C)C2=CC=C(C=C2)O[*])O,O=[Al]O[Al]=O,,,,126,10.1002_pc.25050_part_2.txt_∂Œ1_Material1
COC(C(C[*])([*])C)=O,OC1=C2C(C3(O)C4C5C6=C7C8C(C9=CC(C(O)=O)=C(C=C(C=C%10C(O)=O)C%11%12)C(C%11=C%13C%14C%15%16C%17(O%16)C%18C%19=C%20C%21=C%22C(C(O)=C%23)=C%24C%25C%21=C%26C%19=C%27C%17=C%28C%14(O)C%12=C%10C=C%28CC%27=CC%26=CC%25=C(C(O)=O)C=C%24)C9=C7C%13(O)C5=C%15C3=C%18C%29%30C%20(O%30)C%31C%22C%23=C%32)=CC(C(O)=O)=CC8=CC6=C(C(O)=O)C4=C2)=C%29C%33=C%31C%32=C(C(O)=O)C=C%331,,,,119,10.1021_ie402390j_part_2.txt_∂Œ1_Material1
[*]CC[*],O=P([O-])([O-])[O-].[Ca+2].[Ca+2].[OH-],,,,114.88,10.1016_j.matdes.2011.12.004_part_1.txt_∂Œ1_Material1
[*]C(C=C1)=CC=C1S[*],,,,,121.7,10.5764_tcf.2012.24.4.281_OA_part_1.txt_∂Œ1_Material1
OCC(C(C(C1N)O)O[*])OC1OC2C(OC(C(C2O)N)[*])CO,[*]C([H])([H])C(O)([H])[*],O=C([*])C(C)O[*],,,57,10.1021_bm101227q_part_1.txt_∂Œ1_Material1
[*]C([H])([H])C(O)([H])[*],[Fe]12O[Fe]O[Fe](O2)O1,,,,64,10.1016_j.matchemphys.2016.11.028_part_1.txt_∂Œ1_Material1
O=C(C(C[*])[*])N,[*]C1C(C(C(OC1C(O[Na])=O)OC2C(C(O[Na])=O)OC(O[*])C(O)C2O)O)O,Cl[Ca]Cl,,,84.72,10.1002_app.39427_part_1.txt_∂Œ1_Material1
O=C(C1=CC=C(C=C1)C(OCC[*])=O)O[*],[*]CC(C)(C(OCCO)=O)[*],,,,37.8,10.3390_polym11040636_part_2.txt_∂Œ1_Material1
OCC1OC(C(C(C1[*])O)O)OC2C(C(C(OC2CO)O[*])O)O,[*]OCC[*],,,,115,10.1007_s10965-020-02356-2_part_2.txt_∂Œ1_Material1
OCC1OC(C(C(C1[*])O)O)OC2C(C(C(OC2CO)O[*])O)O,[*]C1C(OC(C(C1O)O)OC2C(OC(C(C2O)O)O[*])CO)CO,,,,110,10.1016_j.foodhyd.2018.07.017_part_7.txt_∂Œ1_Material2
[*]C([C@H](C)OC([C@H](C)O[*])=O)=O,[*]OCC[*],O=P([O-])([O-])[O-].[Ca+2].[Ca+2].[OH-],,,50,10.1002_app.44187_part_2.txt_∂Œ1_Material2
[*]C([C@H](C)OC([C@H](C)O[*])=O)=O,FC(F)([*])C([H])([*])[H],C=C([CH3])C(=O)O[CH3],,,105,10.1039_c4ra03936j_part_3.txt_∂Œ1_Material1
OCC1OC(C(C(C1[*])O)O)OC2C(C(C(OC2CO)O[*])O)O,[*]NC(C(N1CCCC1C(NCC(N2CC(CC2C(NC(C(NCC([*])=O)=O)CO)=O)O)=O)=O)=O)CCCCN,C(CC=O)CC=O,,,84.9,10.1007_s10570-015-0802-0_part_5.txt_∂Œ1_Material1
[*]CC(C1=CC=CC=C1)[*],C=C([CH3])C(=O)O[CH3],OC1=C2C(C3(O)C4C5C6=C7C8C(C9=CC(C(O)=O)=C(C=C(C=C%10C(O)=O)C%11%12)C(C%11=C%13C%14C%15%16C%17(O%16)C%18C%19=C%20C%21=C%22C(C(O)=C%23)=C%24C%25C%21=C%26C%19=C%27C%17=C%28C%14(O)C%12=C%10C=C%28CC%27=CC%26=CC%25=C(C(O)=O)C=C%24)C9=C7C%13(O)C5=C%15C3=C%18C%29%30C%20(O%30)C%31C%22C%23=C%32)=CC(C(O)=O)=CC8=CC6=C(C(O)=O)C4=C2)=C%29C%33=C%31C%32=C(C(O)=O)C=C%331,[Ag+],,105,10.3390_polym12051155_part_3.txt_∂Œ1_Material1
[*]C(NC1=C(C)C(NC(OCCO[*])=O)=CC=C1)=O,[C],,,,62,10.1007_s13726-014-0301-4_part_2.txt_∂Œ1_Material1
[*]C1C(C(C(OC1C(O[Na])=O)OC2C(C(O[Na])=O)OC(O[*])C(O)C2O)O)O,O=C(C(C[*])[*])N,OC1=C2C(C3(O)C4C5C6=C7C8C(C9=CC(C(O)=O)=C(C=C(C=C%10C(O)=O)C%11%12)C(C%11=C%13C%14C%15%16C%17(O%16)C%18C%19=C%20C%21=C%22C(C(O)=C%23)=C%24C%25C%21=C%26C%19=C%27C%17=C%28C%14(O)C%12=C%10C=C%28CC%27=CC%26=CC%25=C(C(O)=O)C=C%24)C9=C7C%13(O)C5=C%15C3=C%18C%29%30C%20(O%30)C%31C%22C%23=C%32)=CC(C(O)=O)=CC8=CC6=C(C(O)=O)C4=C2)=C%29C%33=C%31C%32=C(C(O)=O)C=C%331,,,94.5,10.1039_c3ta10639j_part_2.txt_∂Œ1_Material3
[*]CC([*])N1CCCC1=O,,,,,110,10.1208_s12249-018-1269-8_part_2.txt_∂Œ1_Material1
[*]C([C@H](C)OC([C@H](C)O[*])=O)=O,[*]OCCCCOC(CCC([*])=O)=O,[*]OCC[*],,,57,10.1002_pat.1672_part_1.txt_∂Œ1_Material1
[*]NC(C(N1CCCC1C(NCC(N2CC(CC2C(NC(C(NCC([*])=O)=O)CO)=O)O)=O)=O)=O)CCCCN,[O-][Si]([O-])([O-])O[Si]([O-])([O-])[O-].[Ca+2],,,,42,10.1002_mame.201700539_part_1.txt_∂Œ1_Material1
O=C([*])CCCCCN[*],O=C(C1=CC=C(C([*])=O)C=C1)NC2=CCC(N[*])C=C2,,,,59,10.1515_epoly-2022-8112_OA_part_2.txt_∂Œ1_Material1
O=C([*])C(C)O[*],[*]OCCCCOC(CCC([*])=O)=O,OC(C(C)(CC(C1=CC=CC=C1)[*])CC(C[*])(C(OCC2CO2)=O)C)=O,,,50.4,10.1016_j.polymer.2015.10.038_part_3.txt_∂Œ1_Material1
OCC1OC(C(C(C1[*])O)O)OC2C(C(C(OC2CO)O[*])O)O,[H][Si]([H])([H])[H],,,,86,10.1007_s10570-015-0643-x_part_3.txt_∂Œ1_Material4
[*]CC(O)COC1=CC=C(C(C)(C2=CC=C(O[*])C=C2)C)C=C1,O=C(CCCCC(N(CCCCCCN([*])[H])[H])=O)[*],,,,67.02,10.1016_j.compstruct.2018.03.097_part_2.txt_∂Œ1_Material1
OP(O)(O)=O,[*]C([H])([H])C(O)([H])[*],,,,75.1,10.1007_s00396-020-04773-7_part_2.txt_∂Œ1_Material1
O=C([*])CCCCCN[*],[*]C(C1=CC=CC=C1)CC2C(OC(C2[*])=O)=O,[*]CC(CC)([*])C(OCC1=CC=CC=C1)=O,[*]C(C1=CC=CC=C1)CC2C(OC(C2[*])=O)=O,,52,10.1007_s10965-018-1684-2_part_2.txt_∂Œ1_Material1
[*]C([C@H](C)OC([C@H](C)O[*])=O)=O,[*]OCCCCOC(CCC([*])=O)=O,,,,60.8,10.1016_j.polymdegradstab.2016.11.022_part_6.txt_∂Œ1_Material1
O=C(O)C([*])C[*],,,,,54,10.1007_s00289-019-02860-6_part_3.txt_∂Œ1_Material1
O=C(C1=CC=C(C=C1)C(OCC[*])=O)O[*],[*]C(NC1=C(C)C(NC(OCCO[*])=O)=CC=C1)=O,O=[Si]=O,,,28.68,10.1108_03699421111095946_part_1.txt_∂Œ1_Material1
O=C([*])C(C)O[*],[*]OC(CC(OC(CC([*])=O)CC)=O)C,,,,57,10.3144_expresspolymlett.2018.10_part_2.txt_∂Œ1_Material1
[*]C([H])([H])C(O)([H])[*],OC1=C2C(C3(O)C4C5C6=C7C8C(C9=CC(C(O)=O)=C(C=C(C=C%10C(O)=O)C%11%12)C(C%11=C%13C%14C%15%16C%17(O%16)C%18C%19=C%20C%21=C%22C(C(O)=C%23)=C%24C%25C%21=C%26C%19=C%27C%17=C%28C%14(O)C%12=C%10C=C%28CC%27=CC%26=CC%25=C(C(O)=O)C=C%24)C9=C7C%13(O)C5=C%15C3=C%18C%29%30C%20(O%30)C%31C%22C%23=C%32)=CC(C(O)=O)=CC8=CC6=C(C(O)=O)C4=C2)=C%29C%33=C%31C%32=C(C(O)=O)C=C%331,,,,70,10.1007_s00289-018-2582-9_part_1.txt_∂Œ1_Material1
[*]CC(C1=CC=CC=C1)[*],COC(C(C[*])([*])C)=O,C[Si](C)(C[*])O[*],,,74,10.1021_la2049037_part_1.txt_∂Œ1_Material1
O=C(C1=CC=C(C=C1)C(OCC[*])=O)O[*],[*]OCCCOC(C1=CC=C(C([*])=O)C=C1)=O,,,,77.4,10.4028_www.scientific.net_amm.835.277_part_1.txt_∂Œ1_Material1
[*]OCCCCOC(CCC([*])=O)=O,[*]C1C(OC(C(C1O)O)OC2C(OC(C(C2O)O)O[*])CO)CO,[H][O-],,,55,10.1016_j.polymertesting.2016.01.015_part_2.txt_∂Œ1_Material1
OP(O)(O)=O,[*]C1C(OC(C(C1O)O)OC2C(OC(C(C2O)O)O[*])CO)CO,,,,40,10.1038_s41598-020-58278-y_part_1.txt_∂Œ1_Material1
O=C([*])C(C)O[*],[*]C(C1=CC=C(C=C1)C(OCCCCOC(C2=CC=C(C=C2)C(OCCCCO[*])=O)=O)=O)=O,,,,53.5,10.1002_app.50443_part_2.txt_∂Œ1_Material1
O=C([*])C(C)O[*],[*]CCCC([*])C(OC)=O,O=[Al]O[Al]=O.O=[Si]=O.O=[Si]=O.O=[Si]=O,,,67.5,10.1002_pc.24254_part_2.txt_∂Œ1_Material3
[*]C(CCCCCO[*])=O,OC1=C2C(C3(O)C4C5C6=C7C8C(C9=CC(C(O)=O)=C(C=C(C=C%10C(O)=O)C%11%12)C(C%11=C%13C%14C%15%16C%17(O%16)C%18C%19=C%20C%21=C%22C(C(O)=C%23)=C%24C%25C%21=C%26C%19=C%27C%17=C%28C%14(O)C%12=C%10C=C%28CC%27=CC%26=CC%25=C(C(O)=O)C=C%24)C9=C7C%13(O)C5=C%15C3=C%18C%29%30C%20(O%30)C%31C%22C%23=C%32)=CC(C(O)=O)=CC8=CC6=C(C(O)=O)C4=C2)=C%29C%33=C%31C%32=C(C(O)=O)C=C%331,,,,30.7,10.1088_1748-6041_6_5_055010_part_1.txt_∂Œ1_Material1
O=C(C1=CC=C(C=C1)C(OCC[*])=O)O[*],[*]C(C)C[*],,,,79.3,10.1002_vnl.21484_part_2.txt_∂Œ1_Material1
[*]C([C@H](C)OC([C@H](C)O[*])=O)=O,[*]C(CCCCCO[*])=O,[*]OCC[*],,,57,10.1016_j.msea.2010.07.079_part_1.txt_∂Œ1_Material1
O=C([*])C(C)O[*],[*]C(N(CN(C(OCOC(N(CN(C(OCCO[*])=O)[H])[H])=O)=O)[H])[H])=O,,,,55.1,10.1007_s10570-018-2061-3_part_4.txt_∂Œ1_Material1
[*]C1C(OC(C(C1O)O)OC2C(OC(C(C2O)O)O[*])CO)CO,OC1=C2C(C3(O)C4C5C6=C7C8C(C9=CC(C(O)=O)=C(C=C(C=C%10C(O)=O)C%11%12)C(C%11=C%13C%14C%15%16C%17(O%16)C%18C%19=C%20C%21=C%22C(C(O)=C%23)=C%24C%25C%21=C%26C%19=C%27C%17=C%28C%14(O)C%12=C%10C=C%28CC%27=CC%26=CC%25=C(C(O)=O)C=C%24)C9=C7C%13(O)C5=C%15C3=C%18C%29%30C%20(O%30)C%31C%22C%23=C%32)=CC(C(O)=O)=CC8=CC6=C(C(O)=O)C4=C2)=C%29C%33=C%31C%32=C(C(O)=O)C=C%331,,,,82.8,10.1016_j.carbpol.2017.06.048_part_1.txt_∂Œ1_Material1
O=C(C1=CC=C(C=C1)C(OCC[*])=O)O[*],[*]OC1OC(CO)C(OC2C(O)C(O)C([*])C(CO)O2)C(O)C1O,,,,61,10.1088_1757-899x_330_1_012032_part_2.txt_∂Œ1_Material1
C(C)(C1=CC=C(OCC2CO2)C=C1)(C)C1=CC=C(OCC2CO2)C=C1,[*]CCN[*],,,,80,10.1016_j.polymer.2014.08.021_part_3.txt_∂Œ1_Material1
O=C(C1=CC=C2C=C(C=CC2=C1)C([*])=O)OCCO[*],O=[Si]=O,,,,112,10.1002_pen.24602_part_1.txt_∂Œ1_Material6
[*]CC[*],[*]OCC[*],O=C1C=CC(O1)=O.C=C,,,85.7,10.1002_app.42701_part_2.txt_∂Œ1_Material1
OCC(C(C(C1N)O)O[*])OC1OC2C(OC(C(C2O)N)[*])CO,[*]OC1C(C(OC(C1O)OC2C3C(C(OC2CO3)[*])O)CO)O,[*]C([H])([H])C(O)([H])[*],,,77.3,10.1155_2011_543587_part_1.txt_∂Œ1_Material1
O=C(C1=CC=C(C=C1)C(OCC[*])=O)O[*],[O-][Si]([O-])([O-])O[Si]([O-])([O-])[O-].[Ca+2],,,,79.3,10.1002_vnl.21753_part_2.txt_∂Œ1_Material1
O=C([*])C(C)O[*],[*]C/C=C/CCC([*])C#N,,,,59.46,10.1016_j.egypro.2016.05.035_part_1.txt_∂Œ1_Material2
[*]NCCCCCCCCCCCC([*])=O,O=[Si]=O,,,,51.9,10.5545_sv-jme.2024.975_OA_part_1.txt_∂Œ1_Material1
O=C([*])CCCCCN[*],O=C(CCCCC(N(CCCCCCN([*])[H])[H])=O)[*],O=C(O[*])CCCCCCCCCCN[*],[*]NCCCCCCCCCCCC([*])=O,,55,10.1080_25740881.2018.1563115_part_1.txt_∂Œ1_Material1
[*]C(C)C[*],[*]C(C)C[*],[*]CC(C1=CC=CC=C1)[*],[*]C(C)C[*],,85,10.1002_app.32861_part_1.txt_∂Œ1_Material2
[*]C(NC1=C(C)C(NC(OCCO[*])=O)=CC=C1)=O,[*]CC(C1=CC=CC=C1)C/C=C/C[*],,,,23.2,10.3390_app9214694_part_3.txt_∂Œ1_Material1
FC(F)([*])C([H])([*])[H],[*]CC([*])N1CCCC1=O,[*]CC(C1=CC=C(C=C1)S(O)(=O)=O)[*],,,78,10.1039_c8tc02360c_part_2.txt_∂Œ1_Material2
[*]C(CCCCCO[*])=O,O=C=NC(C=C1)=CC=C1CC2=CC=C(C=C2)N=C=O,[*]OC1C(C(O)=O)OC(OC2C(NC(C)=O)C([*])OC(CO)C2O)C(O)C1O,,,40.01,10.1016_j.matpr.2019.05.314_part_1.txt_∂Œ1_Material1
[*]OC1C(O)C(O)C(OC2C(CO)OC([*])C(O)C2O)OC1CO,,,,,55,10.1016_j.eurpolymj.2020.109957_part_1.txt_∂Œ1_Material3
[*]C(C=C1)=CC=C1S[*],O=C(C1=CC=C(C=C1)C(OCC[*])=O)O[*],C12=CC3=CC4=CC=CN=C4N=C3N=C1N=C5N=C6N=CC=CC6=CC5=C2,,,93,10.1002_pc.25234_part_1.txt_∂Œ1_Material1
[*]CC[*],[*]C([H])([H])C(O)([H])[*],,,,85,10.1088_1757-899x_433_1_012074_part_1.txt_∂Œ1_Material1
[*]OCCOC(CC(C([*])=O)C(C1CCCCC1)CC(CC(O)=O)C(OCCO)=O)=O,[*]OC1OC(CO)C(OC2C(O)C(O)C([*])C(CO)O2)C(O)C1O,O=[Al]O[Al]=O,,,70.13,10.1016_j.jestch.2016.10.016_part_1.txt_∂Œ1_Material2
O=C([*])C(C)O[*],[*]CCCC([*])C(OC)=O,[*]CC(CC)([*])C(OCC1=CC=CC=C1)=O,,,61.3,10.1021_am502337u_part_2.txt_∂Œ1_Material1
[*]C(CCCCC(OCCCCO[*])=O)=O,[*]CC(C1=CC=CC=C1)[*],[*]OC1C(C(OC(C1O)OC2C3C(C(OC2CO3)[*])O)CO)O,,,108,10.1021_acsapm.0c00892_part_1.txt_∂Œ1_Material1
[*]CC[*],[*]C(C)C[*],,,,113.43,10.1002_pi.6268_part_2.txt_∂Œ1_Material1
[*]OCCOC(CC(C([*])=O)C(C1CCCCC1)CC(CC(O)=O)C(OCCO)=O)=O,[*]C(NC1=C(C)C(NC(OCCO[*])=O)=CC=C1)=O,[*]OC1OC(CO)C(OC2C(O)C(O)C([*])C(CO)O2)C(O)C1O,,,60,10.1177_0967391119852882_part_2.txt_∂Œ1_Material2
O=C([*])OC1=CC=C(C=C1)C(C)(C)C2=CC=C(C=C2)O[*],[*]C(C1=CC=C(C(OCCCCO[*])=O)C=C1)=O,C=C(C(OCC1CO1)=O)C,,,108,10.1088_2053-1591_aaa25c_part_3.txt_∂Œ1_Material1
[*]C(NC1=C(C)C(NC(OCCO[*])=O)=CC=C1)=O,[*]C(CCCCCO[*])=O,OCC(C(C(C1N)O)O[*])OC1OC2C(OC(C(C2O)N)[*])CO,,,37,10.1177_0885328216664448_part_1.txt_∂Œ1_Material1
[*]C([H])([H])C(O)([H])[*],[*]CC([*])N1CCCC1=O,[*]NCC(NC(C(ONCC(NC(C(NCC(NC(C([*])=O)C)=O)=O)C)=O)=O)CO)=O,,,97,10.1002_pen.24801_part_1.txt_∂Œ1_Material1
O=C([*])C(C)O[*],[*]OCCCOC(C1=CC=C(C([*])=O)C=C1)=O,C[N+](CCO)(CCO)[3H],,,60.9,10.1515_polyeng-2018-0256_part_1.txt_∂Œ1_Material4
[*]C([H])([H])C(O)([H])[*],[Na+].[Cl-],,,,87.9,10.1002_app.45981_part_2.txt_∂Œ1_Material1
O=C([*])CCCCCN[*],O=[Si]=O,,,,48.4,10.1177_0040517512456756_part_2.txt_∂Œ1_Material1
[*]C([H])([H])C(O)([H])[*],[Cu],,,,81.05000000000001,10.1016_j.porgcoat.2018.11.024_part_1.txt_∂Œ1_Material1
[*]CCC1C([*])C2CCC1C2,O=[Si]=O,,,,64,10.1016_j.compscitech.2014.03.013_part_2.txt_∂Œ1_Material1
OP(O)(O)=O,[*]C1C(OC(C(C1O)O)OC2C(OC(C(C2O)O)O[*])CO)CO,OCC(O)CO,,,57.6,10.1016_j.carbpol.2018.11.036_part_5.txt_∂Œ1_Material1
[*]C(C(OC(CO[*])=O)C)=O,,,,,50,10.1016_j.surfin.2021.101254_part_3.txt_∂Œ1_Material2
[*]CC(C#N)[*],C=C([CH3])C(=O)O[CH3],,,,78,10.1016_j.polymer.2020.123065_part_2.txt_∂Œ1_Material1
O=C([*])OC1=CC=C(C=C1)C(C)(C)C2=CC=C(C=C2)O[*],[*]C(C=C1)=CC=C1S[*],,,,143.8,10.1002_app.35428_part_1.txt_∂Œ1_Material1
O=C([*])C1=CC=C(C=C1)OC2=CC=C(C=C2)OC3=CC=C(C=C3)[*],OC1=C2C(C3(O)C4C5C6=C7C8C(C9=CC(C(O)=O)=C(C=C(C=C%10C(O)=O)C%11%12)C(C%11=C%13C%14C%15%16C%17(O%16)C%18C%19=C%20C%21=C%22C(C(O)=C%23)=C%24C%25C%21=C%26C%19=C%27C%17=C%28C%14(O)C%12=C%10C=C%28CC%27=CC%26=CC%25=C(C(O)=O)C=C%24)C9=C7C%13(O)C5=C%15C3=C%18C%29%30C%20(O%30)C%31C%22C%23=C%32)=CC(C(O)=O)=CC8=CC6=C(C(O)=O)C4=C2)=C%29C%33=C%31C%32=C(C(O)=O)C=C%331,,,,143,10.1016_j.polymer.2021.123865_part_1.txt_∂Œ1_Material1
O=C([*])C(C)O[*],O=C(C1=CC=C(C([*])=O)C=C1)NC2=CCC(N[*])C=C2,OCC1OC(C(C(C1[*])O)O)OC2C(C(C(OC2CO)O[*])O)O,,,58,10.4028_www.scientific.net_amm.117-119.1343_part_1.txt_∂Œ1_Material1
[*]CC[*],[*]C([C@H](C)OC([C@H](C)O[*])=O)=O,,,,52.98,10.1002_app.32305_part_1.txt_∂Œ1_Material1
OP(O)(O)=O,OCC1OC(C(C(C1[*])O)O)OC2C(C(C(OC2CO)O[*])O)O,O=[Ti]=O,[*][C@H]1[C@H](O)[C@@H](O)[C@H](OC2C(O)C(OC(C)=O)C(O[*])OC2CO)O[C@@H]1CO,,45,10.1080_19443994.2015.1084597_part_3.txt_∂Œ1_Material1
O=C(CCCCC(N(CCCCCCN([*])[H])[H])=O)[*],[*]CC(COC1=CC=C(C=C1)C(C)(C)C2=CC=C(C=C2)O[*])O,,,,52.11,10.1177_0892705720904102_part_3.txt_∂Œ1_Material1
O=C([*])C(C)O[*],[*]C([C@H](C)OC([C@H](C)O[*])=O)=O,,,,63.51,10.1002_pat.4717_part_2.txt_∂Œ1_Material1
[*]C(NC1=C(C)C(NC(OCCO[*])=O)=CC=C1)=O,[*]OC1C(O)C(O)C(OC2C(CO)OC([*])C(O)C2O)OC1CO,,,,55,10.1016_j.eurpolymj.2020.109957_part_1.txt_∂Œ1_Material1
O=C([*])CCCCCN[*],[*]CC(CC=CCC([*])C1=CC=CC=C1)C#N,,,,105,10.1108_rpj-05-2017-0094_part_1.txt_∂Œ1_Material1
[*]C(NC1=C(C)C(NC(OCCO[*])=O)=CC=C1)=O,[*]OCC[*],O=[Ti]=O,,,40,10.33263_briac111.81798189_OA_part_2.txt_∂Œ1_Material2
[*]C(NC1=C(C)C(NC(OCCO[*])=O)=CC=C1)=O,O=C=NCCCCCCN=C=O,O=C=NC(C=C1)=CC=C1CC2=CC=C(C=C2)N=C=O,,,46.9,10.1177_0954008314533359_part_2.txt_∂Œ1_Material1
[*]C(C1=CC=C(C(OCCCCO[*])=O)C=C1)=O,O=C([O-])[O-].[Ca+2],,,,60,10.1016_j.mtcomm.2021.102602_part_2.txt_∂Œ1_Material1
O=C(CCCCC(N(CCCCCCN([*])[H])[H])=O)[*],[H][Si]([H])([H])[H],,,,82.8,10.1016_j.compositesb.2018.12.148_part_5.txt_∂Œ1_Material1
[*]NC(C(N1CCCC1C(NCC(N2CC(CC2C(NC(C(NCC([*])=O)=O)CO)=O)O)=O)=O)=O)CCCCN,C12=C3C(C=CC4C3=C5C(CC6=CC7=C8C9=C(C(C=C%10)=CC=C9C=C7)C%11=C%10C%12)=CC4)=CC=C1C=C%12C%13=C%11C8=C6C5=C2%13,,,,85,10.1039_c4nr05268d_part_1.txt_∂Œ1_Material1
O=C([*])CCCCCN[*],O=C([*])CCCCCN[*],,,,55,10.1002_pen.21890_part_2.txt_∂Œ1_Material1
O=C([*])C(C)O[*],[*]OCC[*],CCCCCCCCCCCCCCCCCCOC(CCC1=CC(C(C)(C)C)=C(C(C(C)(C)C)=C1)O)=O,,,52,10.1002_app.40394_part_1.txt_∂Œ1_Material1
[*]CCC1C([*])C2CCC1C2,,,,,64,10.1016_j.compscitech.2014.03.013_part_1.txt_∂Œ1_Material1
OCC(C(C(C1N)O)O[*])OC1OC2C(OC(C(C2O)N)[*])CO,OCC1OC(C(C(C1[*])O)O)OC2C(C(C(OC2CO)O[*])O)O,,,,60,10.1007_s10570-020-03144-3_part_2.txt_∂Œ1_Material1
[*]CC(COC1=CC=C(C=C1)C(C)(C)C2=CC=C(C=C2)O[*])O,[*]CC([*])N1CCCC1=O,,,,97,10.1002_pi.6260_part_1.txt_∂Œ1_Material1
[*]CC([*])Cl,O=C([*])OC1=CC=C(C=C1)C(C)(C)C2=CC=C(C=C2)O[*],[*]OCC[*],,,83.5,10.1016_j.memsci.2017.04.011_part_1.txt_∂Œ1_Material1
OCC(C(C(C1N)O)O[*])OC1OC2C(OC(C(C2O)N)[*])CO,[*]OC(C(C1O)O)OC(COC)C1OC(OC(C(C2O)OC3OC(C(C(C3OC)O)OC4OC(C(C(C4OC)O)[*])COC)CO)COC)C2OCC(OC)C,OC[C@@H]([C@H]([C@@H]([C@@H](CO)O)O)O)O,,,124.85,10.1590_s0101-20612011000200026_part_1.txt_∂Œ1_Material2
O=C([*])C(C)O[*],O=C([*])OC1=CC=C(C=C1)C(C)(C)C2=CC=C(C=C2)O[*],C12=CC3=CC4=CC=CN=C4N=C3N=C1N=C5N=C6N=CC=CC6=CC5=C2,,,62.8,10.1002_app.46881_part_1.txt_∂Œ1_Material1
[*]C(C)C[*],C12=C3C(C=CC4C3=C5C(CC6=CC7=C8C9=C(C(C=C%10)=CC=C9C=C7)C%11=C%10C%12)=CC4)=CC=C1C=C%12C%13=C%11C8=C6C5=C2%13,,,,117.5,10.1016_j.polymer.2011.06.045_part_1.txt_∂Œ1_Material1
[*]OCC[*],[*]C(CCCCCO[*])=O,C[Si](C)(C[*])O[*],,,41,10.1002_mame.201700174_part_2.txt_∂Œ1_Material1
O=C([*])C(C)O[*],[*]OCC[*],C[N+](CCO)(CCO)[3H],,,59.9,10.1002_app.34841_part_1.txt_∂Œ1_Material1
OCC1OC(C(C(C1[*])O)O)OC2C(C(C(OC2CO)O[*])O)O,O=C([*])CCCCCN[*],,,,80,10.1007_s10570-020-03233-3_part_2.txt_∂Œ1_Material1
[*]CC[*],[*]CC(C1=CC=CC=C1)[*],,,,90,10.1002_pat.1567_part_1.txt_∂Œ1_Material2
O=C([*])C(C)O[*],[Na+].[Cl-],,,,21,10.1002_polb.23522_part_1.txt_∂Œ1_Material3
O=C(O[*])CCCCCCCCCCN[*],CCO[Si](OCC)(OCC)OCC,,,,35,10.1007_s10973-017-6297-1_part_2.txt_∂Œ1_Material1
O=C([*])C(C)O[*],[*]C(C(O[*])C)=O,,,,57,10.1002_mame.202000805_part_2.txt_∂Œ1_Material1
[*]C/C=C/CCC(C=C)CC([*])C1=CC=CC=C1,[*]C1C(OC(C(C1O)O)OC2C(OC(C(C2O)O)O[*])CO)CO,OCC(O)CO,,,56,10.1007_s10924-018-1322-4_part_1.txt_∂Œ1_Material1
O=C(C1=CC=C(C=C1)C(OCC[*])=O)O[*],[*]C([H])([H])C(O)([H])[*],,,,63.5,10.1016_j.colsurfa.2013.07.014_part_2.txt_∂Œ1_Material4
[*]OCC[*],O=P([O-])([O-])[O-].[Ca+2].[Ca+2].[OH-],,,,36,10.1007_s10965-018-1511-9_part_2.txt_∂Œ1_Material1
[*]CC(C1=CC=CC=C1)[*],C=C([CH3])C(=O)O[CH3],,,,90,10.1021_acs.macromol.9b01907_part_1.txt_∂Œ1_Material3
C=C([CH3])C(=O)O[CH3],[*]C(CCCCCO[*])=O,,,,110,10.1007_s10853-018-03261-2_part_2.txt_∂Œ1_Material1
O=C([*])C(C)O[*],[*]C(N(CN(C(OCOC(N(CN(C(OCCO[*])=O)[H])[H])=O)=O)[H])[H])=O,O=C([*])C(C)O[*],,,61.9,10.4028_www.scientific.net_msf.789.117_part_1.txt_∂Œ1_Material1
[*]CC(C1=CC=CC=C1)[*],[O-][Si]([O-])([O-])O[Si]([O-])([O-])[O-].[Ca+2],,,,98.2,10.1515_polyeng-2015-0253_part_1.txt_∂Œ1_Material2
[*]C1C(O)C(O)C(OC2C(O)C(O)C(O[*])OC2COC(C)=O)OC1COC(C)=O,[*]C(N(CN(C(OCOC(N(CN(C(OCCO[*])=O)[H])[H])=O)=O)[H])[H])=O,,,,85,10.1007_s10570-019-02478-x_part_1.txt_∂Œ1_Material1
O=C([*])CCCCCN[*],[*]CC1C(C(CO)(C[*])CCC1)=O,OC1=C2C(C3(O)C4C5C6=C7C8C(C9=CC(C(O)=O)=C(C=C(C=C%10C(O)=O)C%11%12)C(C%11=C%13C%14C%15%16C%17(O%16)C%18C%19=C%20C%21=C%22C(C(O)=C%23)=C%24C%25C%21=C%26C%19=C%27C%17=C%28C%14(O)C%12=C%10C=C%28CC%27=CC%26=CC%25=C(C(O)=O)C=C%24)C9=C7C%13(O)C5=C%15C3=C%18C%29%30C%20(O%30)C%31C%22C%23=C%32)=CC(C(O)=O)=CC8=CC6=C(C(O)=O)C4=C2)=C%29C%33=C%31C%32=C(C(O)=O)C=C%331,,,45.8,10.1002_app.50501_part_2.txt_∂Œ1_Material1
O=C([*])CCCCCN[*],C12=CC3=CC4=CC=CN=C4N=C3N=C1N=C5N=C6N=CC=CC6=CC5=C2,OC(C(C)(CC(C1=CC=CC=C1)[*])CC(C[*])(C(OCC2CO2)=O)C)=O,,,50,10.1080_20550340.2019.1703334_part_3.txt_∂Œ1_Material1
[*]C([H])([H])C(O)([H])[*],O=[Zr]=O,[Na+].[Cl-],,,56,10.1002_pc.24063_part_1.txt_∂Œ1_Material1
[*]CCC(CCCC(CCCC(C[*])C)C)C,C(C1=CC=C(N2C(=O)C=CC2=O)C=C1)C1=CC=C(N2C(=O)C=CC2=O)C=C1,[*]NC(C(N1CCCC1C(NCC(N2CC(CC2C(NC(C(NCC([*])=O)=O)CO)=O)O)=O)=O)=O)CCCCN,,,65,10.1016_j.polymer.2018.06.008_part_2.txt_∂Œ1_Material1
[*]C(C)C[*],[*]C/C=C/C[*],,,,105,10.1515_secm.2011.011_part_1.txt_∂Œ1_Material4
[*]CC(CC[*])O,,,,,70,10.1002_adv.21274_part_2.txt_∂Œ1_Material3
O=C([*])CCCCCN[*],[O-][Si]([O-])([O-])O[Si]([O-])([O-])[O-].[Ca+2],,,,48,10.1007_s11665-016-2237-7_part_2.txt_∂Œ1_Material1
[*]C(NC1=C(C)C(NC(OCCO[*])=O)=CC=C1)=O,[*]C(CCCCCO[*])=O,O=[Ti]=O,,,45,10.33263_briac111.81798189_OA_part_2.txt_∂Œ1_Material1
C=C([CH3])C(=O)O[CH3],[*]NCC(NC(C(ONCC(NC(C(NCC(NC(C([*])=O)C)=O)=O)C)=O)=O)CO)=O,[*]CC[*],,,130,10.1016_j.bioactmat.2020.04.005_part_1.txt_∂Œ1_Material1
O=C([*])C(C)O[*],OP(O)(O)=O,OCC1OC(C(C(C1[*])O)O)OC2C(C(C(OC2CO)O[*])O)O,,,70,10.3390_polym13071076_part_1.txt_∂Œ1_Material1
O=C([*])OC1=CC=C(C=C1)C(C)(C)C2=CC=C(C=C2)O[*],C[Si](C)(C[*])O[*],,,,149.6,10.1002_app.31695_part_1.txt_∂Œ1_Material1
O=C([*])OC1=CC=C(C=C1)C(C)(C)C2=CC=C(C=C2)O[*],OCC(C(C(C1N)O)O[*])OC1OC2C(OC(C(C2O)N)[*])CO,,,,119.19,10.4028_www.scientific.net_amr.152-153.1767_part_1.txt_∂Œ1_Material1
[*]CC(COC1=CC=C(C=C1)C(C)(C)C2=CC=C(C=C2)O[*])O,OCC1OC(OC2C(O)C(O)C(O[*])OC2CO)C(O)C(O)C1[*],,,,67.6,10.1016_j.carbpol.2018.05.074_part_4.txt_∂Œ1_Material1
O=C([*])C(C)O[*],OP(O)(O)=O,[*]OC1OC(CO)C(OC2C(O)C(O)C([*])C(CO)O2)C(O)C1O,,,74.25,10.1007_s10924-020-01927-0_part_1.txt_∂Œ1_Material2
O=C(C1=CC=C(C=C1)C(OCC[*])=O)O[*],O=C([*])C1=CC=C(C=C1)OC2=CC=C(C=C2)OC3=CC=C(C=C3)[*],,,,145,10.1177_0954008316661616_part_3.txt_∂Œ1_Material1
O=C([*])C(C)O[*],OCC(C(C(C1N)O)O[*])OC1OC2C(OC(C(C2O)N)[*])CO,[*]OCC[*],,,44.1,10.1016_j.mencom.2015.09.015_part_1.txt_∂Œ1_Material2
[*]C(C1=CC=C(C(OCCCCO[*])=O)C=C1)=O,O=C([*])C1=CC=C2C=C(C=CC2=C1)OC(C3=CC=C(C=C3)O[*])=O,,,,67,10.1016_j.matdes.2012.05.052_part_2.txt_∂Œ1_Material3
C=C([CH3])C(=O)O[CH3],[*]OC1C(C(O)=O)OC(OC2C(NC(C)=O)C([*])OC(CO)C2O)C(O)C1O,[Ti](OCCCC)(OCCCC)(OCCCC)OCCCC,,,104,10.1177_0021998311401085_part_2.txt_∂Œ1_Material1
[*]C(NC1=C(C)C(NC(OCCO[*])=O)=CC=C1)=O,[*]CC(C)(C(OCCO)=O)[*],CC1(CC(CC(C)(C1)C)N=C=O)CN=C=O,,,56.4,10.1007_s10965-010-9480-7_part_2.txt_∂Œ1_Material1
OP(O)(O)=O,[*]C(CCCCCO[*])=O,O=[Ti]=O,,,72.2,10.3139_217.2750_part_1.txt_∂Œ1_Material1
OP(O)(O)=O,O=C(C1=CC=C(C=C1)C(OCC[*])=O)O[*],,,,113.57,10.1007_s12588-018-9217-8_part_3.txt_∂Œ1_Material2
[*]OCC[*],[*]CC(C)(C(OCCO)=O)[*],[Ag],,,24.7,10.1002_app.43501_part_2.txt_∂Œ1_Material1
O=C([*])CCCCCN[*],[Li]Cl,,,,83.2,10.1016_j.mtsust.2019.100014_part_8.txt_∂Œ1_Material2
O=C(C1=CC=C(C=C1)C(OCC[*])=O)O[*],[*]C/C=C(C[*])\Cl,,,,85,10.1080_14786435.2012.700418_part_2.txt_∂Œ1_Material2
O=C(C1=CC=C(C=C1)C(OCC[*])=O)O[*],O=C([*])CCCCCN[*],,,,75,10.1002_app.50916_part_1.txt_∂Œ1_Material1
[*]NC(C(N1CCCC1C(NCC(N2CC(CC2C(NC(C(NCC([*])=O)=O)CO)=O)O)=O)=O)=O)CCCCN,[*]C1C(OC(C(C1O)O)OC2C(OC(C(C2O)O)O[*])CO)CO,OCC(O)CO,,,42,10.1016_j.carbpol.2016.10.079_part_2.txt_∂Œ1_Material1
[*]NC(C(O)=O)CCC([*])=O,[*]NC(C)C(N1CCCC1C([*])=O)=O,[O-][Si]([O-])([O-])O[Si]([O-])([O-])[O-].[Ca+2],,,45,10.1039_d0gc01394c_part_7.txt_∂Œ1_Material3
[*]C([C@H](C)OC([C@H](C)O[*])=O)=O,[*]C([H])([H])C(O)([H])[*],,,,26,10.1016_j.coco.2020.100564_part_1.txt_∂Œ1_Material1
[*]C(C(OC(CO[*])=O)C)=O,OCC(C(C(C1N)O)O[*])OC1OC2C(OC(C(C2O)N)[*])CO,O=[Ti]=O,,,50,10.1016_j.biomaterials.2015.08.037_part_7.txt_∂Œ1_Material1
[*]CC(C)(C(OCCO)=O)[*],[*]NC(C(N1CCCC1C(NCC(N2CC(CC2C(NC(C(NCC([*])=O)=O)CO)=O)O)=O)=O)=O)CCCCN,,,,90,10.1002_pen.24884_part_2.txt_∂Œ1_Material2
OCC(C(C(C1N)O)O[*])OC1OC2C(OC(C(C2O)N)[*])CO,[*]NC(C(N1CCCC1C(NCC(N2CC(CC2C(NC(C(NCC([*])=O)=O)CO)=O)O)=O)=O)=O)CCCCN,[*]NC(C(N1CCCC1C(NCC(N2CC(CC2C(NC(C(NCC([*])=O)=O)CO)=O)O)=O)=O)=O)CCCCN,,,62,10.1016_j.ijbiomac.2018.04.149_part_3.txt_∂Œ1_Material4
O=C([*])OC1=CC=C(C=C1)C(C)(C)C2=CC=C(C=C2)O[*],O=C(C1=CC=C(C=C1)C(OCC[*])=O)O[*],[*]CC(CC=CCC([*])C1=CC=CC=C1)C#N,,,75,10.1016_j.polymertesting.2016.08.019_part_4.txt_∂Œ1_Material1
[*]CC(OC(O[*])=O)C,OCC1OC(C(C(C1[*])O)O)OC2C(C(C(OC2CO)O[*])O)O,[*]C([H])([H])C(O)([H])[*],,,49.6,10.1016_j.carbpol.2018.02.070_part_4.txt_∂Œ1_Material1
[*]C(C(OC(CO[*])=O)C)=O,[*]NC(C)C(N1CCCC1C([*])=O)=O,O=P([O-])([O-])[O-].[Ca+2].[Ca+2].[OH-],,,36,10.1016_j.actbio.2014.11.044_part_2.txt_∂Œ1_Material1
OP(O)(O)=O,OCC(C(C(C1N)O)O[*])OC1OC2C(OC(C(C2O)N)[*])CO,C12=C3C(C=CC4C3=C5C(CC6=CC7=C8C9=C(C(C=C%10)=CC=C9C=C7)C%11=C%10C%12)=CC4)=CC=C1C=C%12C%13=C%11C8=C6C5=C2%13,,,111,10.1002_masy.201400080_part_1.txt_∂Œ1_Material3
O=C([*])OC1=CC=C(C=C1)C(C)(C)C2=CC=C(C=C2)O[*],OCC1OC(C(C(C1[*])O)O)OC2C(C(C(OC2CO)O[*])O)O,,,,142,10.1016_j.compositesa.2020.106068_part_3.txt_∂Œ1_Material1
[*]NC(C(N1CCCC1C(NCC(N2CC(CC2C(NC(C(NCC([*])=O)=O)CO)=O)O)=O)=O)=O)CCCCN,C(CC=O)CC=O,,,,76.5,10.1002_jbm.a.32850_part_2.txt_∂Œ1_Material3
[*]CCC(CCCC(CCCC(C[*])C)C)C,C12=CC3=CC4=CC=CN=C4N=C3N=C1N=C5N=C6N=CC=CC6=CC5=C2,[*]CCC1C([*])C2CCC1C2,,,88.2,10.3390_molecules25225347_part_3.txt_∂Œ1_Material2
[*]CC(COC1=CC=C(C=C1)C(C)(C)C2=CC=C(C=C2)O[*])O,[*]OCC[*],,,,65,10.1021_acs.iecr.7b03676_part_4.txt_∂Œ1_Material1
[*]CC([*])Cl,[O-]S(C1=CC=CC(O)=C1)(=O)=O.[Na+],,,,42.5,10.1002_app.46388_part_1.txt_∂Œ1_Material1
[*]CC(CC=CCC([*])C1=CC=CC=C1)C#N,[*]OCC[*],,,,116.5,10.1002_app.48377_part_1.txt_∂Œ1_Material6
[*]C([C@H](C)OC([C@H](C)O[*])=O)=O,O=C([*])C(C)O[*],,,,53,10.1038_pj.2011.3_part_1.txt_∂Œ1_Material1
O=C(CCCCC(NCCCCCCCCCCN[*])=O)[*],,,,,54,10.26896_1028-6861-2017-83-12-43-47_OA_part_1.txt_∂Œ1_Material1
O=C(CCCCC(N(CCCCCCN([*])[H])[H])=O)[*],C12=C3C(C=CC4C3=C5C(CC6=CC7=C8C9=C(C(C=C%10)=CC=C9C=C7)C%11=C%10C%12)=CC4)=CC=C1C=C%12C%13=C%11C8=C6C5=C2%13,,,,55,10.1016_j.polymertesting.2020.106540_part_6.txt_∂Œ1_Material4
O=C([*])C(C)O[*],OCC1OC(C(C(C1[*])O)O)OC2C(C(C(OC2CO)O[*])O)O,[*]OCC[*],,,60,10.1007_s10570-014-0476-z_part_3.txt_∂Œ1_Material1
O=C([*])C(C)O[*],[*]C1C(OC(C(C1O)O)OC2C(OC(C(C2O)O)O[*])CO)CO,C=C([CH3])C(=O)OC([CH3])[CH3],,,60.96,10.1002_app.44734_part_1.txt_∂Œ1_Material1
O=C([*])C(C)O[*],CC1(CC(CC(C)(C1)C)N=C=O)CN=C=O,,,,61,10.1016_j.compositesa.2015.05.010_part_2.txt_∂Œ1_Material1
OCC(C(C(C1N)O)O[*])OC1OC2C(OC(C(C2O)N)[*])CO,[*]C([H])([H])C(O)([H])[*],O=[Al]O[Al]=O.O=[Si]=O.O=[Si]=O.O=[Si]=O,,,52,10.1039_c4ra13972k_part_3.txt_∂Œ1_Material2
[*]CC(OC(O[*])=O)C,[*]C([H])([H])C(O)([H])[*],,,,34.2,10.1002_pi.6235_part_2.txt_∂Œ1_Material4
[*]C1OC(CCC)OC(C[*])C1,O=[Ti]=O,[*]C1=C(C=CN2)C2=C([*])C(O)=C1O,,,67.5,10.1016_j.compscitech.2017.04.017_part_4.txt_∂Œ1_Material2
[*]C([H])([H])C(O)([H])[*],OC[C@@H]([C@H]([C@@H]([C@@H](CO)O)O)O)O,[H]O[H],,,67,10.1111_1750-3841.13950_part_1.txt_∂Œ1_Material1
[*]C1C(C(C(OC1C(O[Na])=O)OC2C(C(O[Na])=O)OC(O[*])C(O)C2O)O)O,[*]OCC[*],,,,20,10.1021_bm401373j_part_2.txt_∂Œ1_Material1
[*]C(C)C[*],[*]CC(OC(O[*])=O)C,,,,25,10.1002_app.45266_part_2.txt_∂Œ1_Material1
[*]NC(C(N1CCCC1C(NCC(N2CC(CC2C(NC(C(NCC([*])=O)=O)CO)=O)O)=O)=O)=O)CCCCN,OC[C@@H]([C@H]([C@@H]([C@@H](CO)O)O)O)O,,,,5.1,10.1016_j.lwt.2018.11.046_part_5.txt_∂Œ1_Material2
[*]C(C=C1)=CC=C1S[*],OC1=C2C(C3(O)C4C5C6=C7C8C(C9=CC(C(O)=O)=C(C=C(C=C%10C(O)=O)C%11%12)C(C%11=C%13C%14C%15%16C%17(O%16)C%18C%19=C%20C%21=C%22C(C(O)=C%23)=C%24C%25C%21=C%26C%19=C%27C%17=C%28C%14(O)C%12=C%10C=C%28CC%27=CC%26=CC%25=C(C(O)=O)C=C%24)C9=C7C%13(O)C5=C%15C3=C%18C%29%30C%20(O%30)C%31C%22C%23=C%32)=CC(C(O)=O)=CC8=CC6=C(C(O)=O)C4=C2)=C%29C%33=C%31C%32=C(C(O)=O)C=C%331,,,,85,10.1002_pc.25245_part_1.txt_∂Œ1_Material1
O=C(C1=CC=C(C=C1)C(OCC[*])=O)O[*],OCC(C(C(C1N)O)O[*])OC1OC2C(OC(C(C2O)N)[*])CO,,,,70,10.1002_app.39693_part_1.txt_∂Œ1_Material1
[*]C1=NC2=CC3=C(C=C2O1)OC(C4=CC=C(C=C4)[*])=N3,,,,,102.86,10.1002_app.32265_part_1.txt_∂Œ1_Material1
O=C(O[*])CCCCCCCCCCN[*],O=[Si]=O,,,,48.4,10.3390_polym12102298_part_2.txt_∂Œ1_Material1
[*]C(C1=CC=C(C(OCCCCO[*])=O)C=C1)=O,[*]CCC(CCCCCC)C[*],,,,72,10.1002_app.40660_part_2.txt_∂Œ1_Material1
O=C([*])C(C)O[*],[*]CCCC([*])OC(C)=O,[*]CCCC([*])OC(C)=O,,,53.53,10.4028_www.scientific.net_amr.486.406_part_1.txt_∂Œ1_Material4
O=C([*])C(C)O[*],[*]C(CCCCC(OCCCCO[*])=O)=O,OC1=C2C(C3(O)C4C5C6=C7C8C(C9=CC(C(O)=O)=C(C=C(C=C%10C(O)=O)C%11%12)C(C%11=C%13C%14C%15%16C%17(O%16)C%18C%19=C%20C%21=C%22C(C(O)=C%23)=C%24C%25C%21=C%26C%19=C%27C%17=C%28C%14(O)C%12=C%10C=C%28CC%27=CC%26=CC%25=C(C(O)=O)C=C%24)C9=C7C%13(O)C5=C%15C3=C%18C%29%30C%20(O%30)C%31C%22C%23=C%32)=CC(C(O)=O)=CC8=CC6=C(C(O)=O)C4=C2)=C%29C%33=C%31C%32=C(C(O)=O)C=C%331,,,55,10.1016_j.polymertesting.2017.03.008_part_1.txt_∂Œ1_Material1
O=C([*])CCCCCCCCCCC(NCCCCCCN[*])=O,[*]CCCC([*])OC(C)=O,OC1=C2C(C3(O)C4C5C6=C7C8C(C9=CC(C(O)=O)=C(C=C(C=C%10C(O)=O)C%11%12)C(C%11=C%13C%14C%15%16C%17(O%16)C%18C%19=C%20C%21=C%22C(C(O)=C%23)=C%24C%25C%21=C%26C%19=C%27C%17=C%28C%14(O)C%12=C%10C=C%28CC%27=CC%26=CC%25=C(C(O)=O)C=C%24)C9=C7C%13(O)C5=C%15C3=C%18C%29%30C%20(O%30)C%31C%22C%23=C%32)=CC(C(O)=O)=CC8=CC6=C(C(O)=O)C4=C2)=C%29C%33=C%31C%32=C(C(O)=O)C=C%331,,,24.4,10.1002_app.44206_part_2.txt_∂Œ1_Material3
O=C([*])C(C)O[*],OP(O)(O)=O,O=[Ti]=O,,,63.15,10.3390_polym13071076_part_2.txt_∂Œ1_Material1
[*]C(C(OC(CO[*])=O)C)=O,O=P([O-])([O-])[O-].[Ca+2].[Ca+2].[OH-],,,,50,10.1155_2016_6869154_part_1.txt_∂Œ1_Material2
O=C([*])CCCCCN[*],O=C([*])OC1=CC=C(C=C1)C(C)(C)C2=CC=C(C=C2)O[*],[*]C(C)C[*],,,58,10.1016_j.polymertesting.2020.106930_part_3.txt_∂Œ1_Material2
C=C([CH3])C(=O)O[CH3],[*]C(C1=CC=CC=C1)CC2C(OC(C2[*])=O)=O,[*]CC(C)(C(OCCO)=O)[*],,,92.9,10.1021_acs.langmuir.8b02723_part_2.txt_∂Œ1_Material1
O=C([*])C1=CC=C(C=C1)OC2=CC=C(C=C2)OC3=CC=C(C=C3)[*],[*]CC[*],,,,140,10.3139_217.3655_part_2.txt_∂Œ1_Material1
O=C([*])CCCCCN[*],O=[Al]O[Al]=O.O=[Si]=O.O=[Si]=O.O=[Si]=O,,,,30.5,10.1002_pc.21074_part_2.txt_∂Œ1_Material4
[*]CC(OC(O[*])=O)C,O=C([*])C(C)O[*],[*]C([H])([H])C(O)([H])[*],,,36,10.3144_expresspolymlett.2012.92_part_1.txt_∂Œ1_Material1
[*]C([H])([H])C(O)([H])[*],[*]NC(C(N1CCCC1C(NCC(N2CC(CC2C(NC(C(NCC([*])=O)=O)CO)=O)O)=O)=O)=O)CCCCN,OCC1OC(C(C(C1[*])O)O)OC2C(C(C(OC2CO)O[*])O)O,,,98,10.1016_j.jobab.2021.02.009_part_3.txt_∂Œ1_Material1
[*]CC[*],[*]CC[*],[*]OCC[*],,,65,10.1515_polyeng-2012-0142_part_2.txt_∂Œ1_Material2
[*]C(NC1=C(C)C(NC(OCCO[*])=O)=CC=C1)=O,C=C([CH3])C(=O)O[CH3],,,,62.86,10.1016_j.eurpolymj.2021.110338_part_2.txt_∂Œ1_Material3
O=C([*])C(C)O[*],O=C(CCCCC(NCCCCCCCCCCN[*])=O)[*],,,,56,10.1177_0095244318825286_part_1.txt_∂Œ1_Material1
[*]C([H])([H])C(O)([H])[*],[*]C(CCCCC(OCCCCO[*])=O)=O,O=[Ti]=O,,,80,10.1007_s10853-021-05854-w_part_3.txt_∂Œ1_Material1
[*]C1C(OC(C(C1O)O)OC2C(OC(C(C2O)O)O[*])CO)CO,[*]C([H])([H])C(O)([H])[*],C[N+](CCO)(CCO)[3H],,,50.39,10.4172_2157-7439.s7-002_part_1.txt_∂Œ1_Material4
[*]C(NC1=C(C)C(NC(OCCO[*])=O)=CC=C1)=O,[*]OCC[*],CC1=CC=C(C=C1N=C=O)N=C=O,,,50,10.1016_j.jmatprotec.2009.08.004_part_1.txt_∂Œ1_Material1
[*]CC[*],[*]CC[*],CC1=CC(O)=C(C=C1CCCC(C2=C(C=C(C(C(C)(C)C)=C2)O)C)C3=CC(C(C)(C)C)=C(C=C3C)O)C(C)(C)C,,,112,10.1002_pen.24526_part_1.txt_∂Œ1_Material1
[*]C(CCCCCO[*])=O,[H][O-],,,,54.13,10.1002_pat.5367_part_2.txt_∂Œ1_Material3
[*]CC(CC=CCC([*])C1=CC=CC=C1)C#N,[*]C(C1=CC=C(C(OCCCCO[*])=O)C=C1)=O,,,,100,10.1002_app.48310_part_1.txt_∂Œ1_Material1
[*]CC([*])Cl,[*]CC(OC(O[*])=O)C,,,,18,10.1021_acs.macromol.1c00659_part_2.txt_∂Œ1_Material1
[*]CC([*])Cl,OCC(C(C(C1N)O)O[*])OC1OC2C(OC(C(C2O)N)[*])CO,,,,63.8,10.1016_j.jmst.2016.06.006_part_2.txt_∂Œ1_Material1
O=C([*])C(C)O[*],[*]C(CCCCCO[*])=O,OCC1OC(OC2C(O)C(O)C(O[*])OC2CO)C(O)C(O)C1[*],,,58.4,10.32604_jrm.2022.021473_OA_part_3.txt_∂Œ1_Material5
[*]C(NC1=C(C)C(NC(OCCO[*])=O)=CC=C1)=O,O=C(O)C([*])C[*],,,,81.28,10.1002_pen.25640_part_1.txt_∂Œ1_Material5
[*]C/C=C/CCC(C=C)CC([*])C1=CC=CC=C1,C/C(C[*])=C/C[*],,,,40,10.1016_j.compscitech.2018.02.025_part_3.txt_∂Œ1_Material1
O=C([*])C(C)O[*],[*]C(CCCCC(OCCCCO[*])=O)=O,O=[Al]O[Al]=O.O=[Si]=O.O=[Si]=O.O=[Si]=O,,,62.6,10.1177_0892705719890907_part_3.txt_∂Œ1_Material1
O=C([*])C(C)O[*],O=C([*])OC1=CC=C(C=C1)C(C)(C)C2=CC=C(C=C2)O[*],[Mg],O=[Mg].O=[Si]=O.O=[Si]=O.O=[Si]=O.O=[Si]=O.O=[Mg].O=[Mg].O,,61.7,10.1007_s10965-018-1529-z_part_1.txt_∂Œ1_Material4
[*]C(C(OC(CO[*])=O)C)=O,O=P([O-])([O-])[O-].[Ca+2].[Ca+2].[OH-],[*]NC(C)C(N1CCCC1C([*])=O)=O,,,47,10.1080_09205063.2016.1184121_part_1.txt_∂Œ1_Material1
O=C([*])CCCCCN[*],[*]CC(C1=CC=CC=C1)[*],[*]C(C1=CC=CC=C1)CC2C(OC(C2[*])=O)=O,,,96,10.1002_pen.25357_part_2.txt_∂Œ1_Material2
[*]C([C@H](C)OC([C@H](C)O[*])=O)=O,C[Si](C)(C[*])O[*],,,,37,10.1002_app.40211_part_1.txt_∂Œ1_Material1
O=S(C(C=C1)=CC=C1OC(C=C2)=CC=C2C(C)(C)C(C=C3)=CC=C3O[*])(C4=CC=C([*])C=C4)=O,[*]OCC[*],,,,185,10.1007_s00289-019-03031-3_part_1.txt_∂Œ1_Material1
[*]CC([*])Cl,[*]CC(CC=CCC([*])C1=CC=CC=C1)C#N,OCC1OC(C(C(C1[*])O)O)OC2C(C(C(OC2CO)O[*])O)O,,,96,10.1002_app.35130_part_1.txt_∂Œ1_Material1
C=C([CH3])C(=O)OC([CH3])[CH3],C=C([CH3])C(=O)O[CH3],[*]OCC[*],,,45,10.1016_j.actbio.2010.09.001_part_1.txt_∂Œ1_Material1
[*]NC(C(N1CCCC1C(NCC(N2CC(CC2C(NC(C(NCC([*])=O)=O)CO)=O)O)=O)=O)=O)CCCCN,[*]C(CCCCCO[*])=O,O=[Ti]=O,,,30,10.1016_j.engreg.2021.03.002_part_1.txt_∂Œ1_Material1
O=C([*])C(C)O[*],OC(C(C)(CC(C1=CC=CC=C1)[*])CC(C[*])(C(OCC2CO2)=O)C)=O,,,,51.6,10.1002_pc.24094_part_2.txt_∂Œ1_Material1
O=C(C1=CC=C(C=C1)C(OCC[*])=O)O[*],[*]C(CCCCCO[*])=O,,,,55.62,10.1016_j.polymer.2020.122573_part_2.txt_∂Œ1_Material2
C=C([CH3])C(=O)O[CH3],FC(F)([*])C([H])([*])[H],,,,129,10.1016_j.compscitech.2009.12.006_part_1.txt_∂Œ1_Material1
O=C([*])C(C)O[*],O=[Al]O[Al]=O.O=[Si]=O.O=[Si]=O.O.O,,,,58.4,10.1080_10601325.2017.1317580_part_2.txt_∂Œ1_Material1
[*]CC[*],O=C([*])C(C)O[*],C=C(C(OCC1CO1)=O)C,,,56,10.1007_s13726-013-0126-6_part_1.txt_∂Œ1_Material1
[*]CC[*],[*]C1C(OC(C(C1O)O)OC2C(OC(C(C2O)O)O[*])CO)CO,OCC1OC(C(C(C1[*])O)O)OC2C(C(C(OC2CO)O[*])O)O,,,61.3,10.1016_j.indcrop.2018.02.017_part_1.txt_∂Œ1_Material1
O=C(CCCCC(N(CCCCCCN([*])[H])[H])=O)[*],CNC(CNC(CN)=O)=O,,,,46.8,10.1002_pi.5975_part_5.txt_∂Œ1_Material1
O=C([*])C(C)O[*],[*]O[C@H](C)CC([*])=O,O=[Mg].O=[Si]=O.O=[Si]=O.O=[Si]=O.O=[Si]=O.O=[Mg].O=[Mg].O,,,60.4,10.1080_25740881.2019.1625396_part_2.txt_∂Œ1_Material2
O=C([*])C(C)O[*],[*]C(CCCCCO[*])=O,[*]C1C(OC(C(C1O)O)OC2C(OC(C(C2O)O)O[*])CO)CO,,,55,10.3390_ma11112138_part_1.txt_∂Œ1_Material1
O=C([*])C(C)O[*],[*]C([H])([H])C(O)([H])[*],OCC1OC(C(C(C1[*])O)O)OC2C(C(C(OC2CO)O[*])O)O,,,44,10.1016_j.polymer.2014.06.071_part_2.txt_∂Œ1_Material2
O=C([*])C(C)O[*],[*]C(C)C[*],C=C(C(OCC1CO1)=O)C,,,69.1,10.1016_j.polymertesting.2015.03.012_part_1.txt_∂Œ1_Material1
[*]CC(OC(O[*])=O)C,[*]C([H])([H])C(O)([H])[*],[*]CC(CC[*])O,,,34.8,10.1007_s10965-010-9467-4_part_1.txt_∂Œ1_Material1
[*]NC(C(N1CCCC1C(NCC(N2CC(CC2C(NC(C(NCC([*])=O)=O)CO)=O)O)=O)=O)=O)CCCCN,O=C(O[Na])COCC(OC(C(C1O)O)[*])C1OC(C(C(C2O[*])O)O)OC2COCC(O[Na])=O,,,,66.85,10.1016_j.fbio.2017.07.002_part_6.txt_∂Œ1_Material2
O=C([*])OC1=CC=C(C=C1)C(C)(C)C2=CC=C(C=C2)O[*],O=C([*])C(C)O[*],,,,58.2,10.1007_s10965-021-02539-5_part_2.txt_∂Œ1_Material2
O=C([*])OC1=CC=C(C=C1)C(C)(C)C2=CC=C(C=C2)O[*],[*]CC(COC1=CC=C(C=C1)C(C)(C)C2=CC=C(C=C2)O[*])O,,,,147,10.1108_mmms-04-2017-0019_part_1.txt_∂Œ1_Material1
O=C([*])OC1=CC=C(C=C1)C(C)(C)C2=CC=C(C=C2)O[*],[*]C(F)(C(F)([*])F)F,CC1=CC(O)=C(C=C1CCCC(C2=C(C=C(C(C(C)(C)C)=C2)O)C)C3=CC(C(C)(C)C)=C(C=C3C)O)C(C)(C)C,,,143,10.1016_j.polymdegradstab.2015.03.023_part_1.txt_∂Œ1_Material1
O=C([*])C(C)O[*],[*]C/C=C/CCC([*])C#N,[*]C/C=C/CCC([*])C#N,,,55.72,10.4028_www.scientific.net_amr.486.406_part_1.txt_∂Œ1_Material3
[*]C(NC1=C(C)C(NC(OCCO[*])=O)=CC=C1)=O,O=C(C(C[*])[*])N,CC(NC(C([*])C)=O)C(NC(C)C(NC(C)C(N[*])=O)=O)=O,,,90,10.37358_mp.23.1.5649_OA_part_2.txt_∂Œ1_Material1
[*]OCC[*],[*]CC(C#N)[*],C12=C3C(C=CC4C3=C5C(CC6=CC7=C8C9=C(C(C=C%10)=CC=C9C=C7)C%11=C%10C%12)=CC4)=CC=C1C=C%12C%13=C%11C8=C6C5=C2%13,,,62,10.1002_vnl.21576_part_2.txt_∂Œ1_Material2
O=C([*])CCCCCN[*],O=[Si]=O,O=[Al]O[Al]=O.O=[Si]=O.O=[Si]=O.O=[Si]=O,,,40,10.1016_j.matdes.2014.08.005_part_1.txt_∂Œ1_Material1
O=C([*])CCCCCN[*],O=[Si]=O,O=[Si]=O,,,40,10.1016_j.matdes.2014.08.005_part_1.txt_∂Œ1_Material2
[*]C(C1=CC=C(C(OCCCCO[*])=O)C=C1)=O,[H][Si]([H])([H])[H],,,,40,10.1002_pc.24143_part_1.txt_∂Œ1_Material1
[*]C1C(OC(C(C1O)O)OC2C(OC(C(C2O)O)O[*])CO)CO,[*]C(C)C[*],[*]C([H])([H])C(O)([H])[*],,,60,10.1680_jemmr.18.00028_part_3.txt_∂Œ1_Material1
C=C([CH3])C(=O)O[CH3],[*]CC(CC(C#N)[*])C1=CC=CC=C1,,,,109,10.1002_app.43628_part_2.txt_∂Œ1_Material2
[*]CC[*],O=C([*])C(C)O[*],[*]OCC[*],,,59.7,10.1002_pen.21797_part_1.txt_∂Œ1_Material1
OP(O)(O)=O,[*]OCC[*],,,,63.6,10.1002_app.34365_part_2.txt_∂Œ1_Material1
[*]C(C)C[*],[C],,,,95,10.1016_j.procir.2020.09.119_part_1.txt_∂Œ1_Material1
[*]OCC[*],[*]C([C@H](C)OC([C@H](C)O[*])=O)=O,,,,56.7,10.1515_pac-2016-0919_part_2.txt_∂Œ1_Material1
O=C([*])C(C)O[*],[*]OC1C(C(O)=O)OC(OC2C(NC(C)=O)C([*])OC(CO)C2O)C(O)C1O,[Na+].[Cl-],,,60,10.1002_polb.23522_part_1.txt_∂Œ1_Material1
[*]O[C@@]([H])(C)C(O[C@](C)([H])C([*])=O)=O,,,,,28,10.3390_nano11061472_part_3.txt_∂Œ1_Material1
O=C([*])C(C)O[*],[*]OCC[*],[*]OCC[*],,,70.6,10.1007_s13233-014-2182-y_part_2.txt_∂Œ1_Material4
[*]C([H])([H])C(O)([H])[*],OCC(C(C(C1N)O)O[*])OC1OC2C(OC(C(C2O)N)[*])CO,[*]NC(C(N1CCCC1C(NCC(N2CC(CC2C(NC(C(NCC([*])=O)=O)CO)=O)O)=O)=O)=O)CCCCN,,,45,10.1016_j.jfoodeng.2013.05.026_part_4.txt_∂Œ1_Material2
O=C(O)C([*])C[*],CC(NC1C([C@@H](C(O[C@H]1O[*])CO)O[C@@H]2OC([C@H]([C@@H](C2NC(C)=O)O)[*])CO)O)=O,,,,56,10.1016_j.md.2018.01.004_part_3.txt_∂Œ1_Material1
[*]C1C(OC(C(C1O)O)OC2C(OC(C(C2O)O)O[*])CO)CO,O=C([*])C(C)O[*],,,,47.7,10.1016_j.fpsl.2019.100423_part_2.txt_∂Œ1_Material1
[*]C(CCCCCO[*])=O,[*]OC1C(C(O)=O)OC(OC2C(NC(C)=O)C([*])OC(CO)C2O)C(O)C1O,,,,40,10.1002_pc.23747_part_1.txt_∂Œ1_Material1
[*]NC(C(N1CCCC1C(NCC(N2CC(CC2C(NC(C(NCC([*])=O)=O)CO)=O)O)=O)=O)=O)CCCCN,OC1=C2C(C3(O)C4C5C6=C7C8C(C9=CC(C(O)=O)=C(C=C(C=C%10C(O)=O)C%11%12)C(C%11=C%13C%14C%15%16C%17(O%16)C%18C%19=C%20C%21=C%22C(C(O)=C%23)=C%24C%25C%21=C%26C%19=C%27C%17=C%28C%14(O)C%12=C%10C=C%28CC%27=CC%26=CC%25=C(C(O)=O)C=C%24)C9=C7C%13(O)C5=C%15C3=C%18C%29%30C%20(O%30)C%31C%22C%23=C%32)=CC(C(O)=O)=CC8=CC6=C(C(O)=O)C4=C2)=C%29C%33=C%31C%32=C(C(O)=O)C=C%331,,,,7.8,10.1039_c1sm05321c_part_2.txt_∂Œ1_Material1
[*]C([H])([H])C(O)([H])[*],O=C([*])C(C)O[*],O=[Ti]=O,,,60,10.1007_s10570-021-04100-5_part_4.txt_∂Œ1_Material1
[*]CC(OC(O[*])=O)C,OCC(C(C(C1N)O)O[*])OC1OC2C(OC(C(C2O)N)[*])CO,,,,37.35,10.1016_j.carbpol.2010.11.045_part_1.txt_∂Œ1_Material1
OCC1OC(C(C(C1[*])O)O)OC2C(C(C(OC2CO)O[*])O)O,C=C([CH3])C(=O)O[CH3],,,,128,10.1039_c9nr10964a_part_1.txt_∂Œ1_Material1
[*]C1OC(CCC)OC(C[*])C1,,,,,28,10.1007_s10853-019-04184-2_part_3.txt_∂Œ1_Material2
[*]C(NC1=C(C)C(NC(OCCO[*])=O)=CC=C1)=O,O=C=NC(C=C1)=CC=C1CC2=CC=C(C=C2)N=C=O,,,,75.41,10.1177_096739111001800907_part_2.txt_∂Œ1_Material2
[*]C([C@H](C)OC([C@H](C)O[*])=O)=O,[*]NC(C(O)=O)CCC([*])=O,[*]C(CCCCCO[*])=O,,,60,10.1039_d0gc01394c_part_7.txt_∂Œ1_Material2
O=C([*])C(C)O[*],[*]C1=C(C=CN2)C2=C([*])C(O)=C1O,,,,62,10.1007_s10973-023-12543-0_OA_part_2.txt_∂Œ1_Material1
[*]C1C(OC(C(C1O)O)OC2C(OC(C(C2O)O)O[*])CO)CO,OP(O)(O)=O,,,,70,10.1007_s10924-019-01601-0_part_2.txt_∂Œ1_Material1
O=C(C1=CC=C(C=C1)C(OCC[*])=O)O[*],O=C(CCCCC(N(CCCCCCN([*])[H])[H])=O)[*],,,,64,10.1016_j.polymertesting.2018.10.027_part_1.txt_∂Œ1_Material3
[*]C(CCCCC(OCCCCO[*])=O)=O,[*]C1C(OC(C(C1O)O)OC2C(OC(C(C2O)O)O[*])CO)CO,,,,20,10.1080_24759651.2021.1882774_part_2.txt_∂Œ1_Material1
[*]OC1C(C(OC(C1O)OC2C3C(C(OC2CO3)[*])O)CO)O,[*]OCC[*],[*]C(CCCCCO[*])=O,,,43,10.1021_acsami.5b10675_part_2.txt_∂Œ1_Material2
[*]NCCCCCCCCCCCC([*])=O,NC1=NC2=C(N=CN2C2O[C@H](COP(=O)(O)OP(=O)(O)O)[C@H](O)[C@@H]2O)C(=O)N1,,,,55,10.1016_j.carbon.2013.07.043_part_1.txt_∂Œ1_Material1
O=C(C1=CC=C(C=C1)C(OCC[*])=O)O[*],[*]CC[*],[O-][Si]([O-])([O-])O[Si]([O-])([O-])[O-].[Ca+2],,,80,10.1002_pat.4088_part_1.txt_∂Œ1_Material1
[*]C1C(C(C(OC1C(O[Na])=O)OC2C(C(O[Na])=O)OC(O[*])C(O)C2O)O)O,N#CC(C1=CC=CC=N1)C1=CC=CC=C1,,,,43.48,10.1016_j.jfoodeng.2020.110127_part_3.txt_∂Œ1_Material1
[*]NC(C(N1CCCC1C(NCC(N2CC(CC2C(NC(C(NCC([*])=O)=O)CO)=O)O)=O)=O)=O)CCCCN,O=C(C(C[*])[*])N,,,,50,10.1016_j.polymer.2020.123021_part_2.txt_∂Œ1_Material1
O=C([*])OC1=CC=C(C=C1)C(C)(C)C2=CC=C(C=C2)O[*],O=C([*])C1=CC=C2C=C(C=CC2=C1)OC(C3=CC=C(C=C3)O[*])=O,,,,154,10.6000_1929-5995.2021.10.8_OA_part_1.txt_∂Œ1_Material1
[*]CC(C#N)[*],OCC1OC(C(C(C1[*])O)O)OC2C(C(C(OC2CO)O[*])O)O,,,,118,10.1007_s10570-017-1219-8_part_1.txt_∂Œ1_Material1
O=C([*])C(C)O[*],OP(O)(O)=O,[*]OCC[*],,,60,10.1002_app.43044_part_2.txt_∂Œ1_Material1
O=C([*])OC1=CC=C(C=C1)C(C)(C)C2=CC=C(C=C2)O[*],[*]CC(CCCC(CC)CC([*])C1=CC=CC=C1)C2=CC=CC=C2,,,,150,10.1002_pen.23137_part_1.txt_∂Œ1_Material1
[*]CC[*],[*]CCC1C([*])C2CCC1C2,,,,78.5,10.1002_pc.23514_part_2.txt_∂Œ1_Material2
[*]C([C@H](C)OC([C@H](C)O[*])=O)=O,[*]C(C(O[*])C)=O,,,,60.2,10.1007_s00289-015-1595-x_part_3.txt_∂Œ1_Material1
O=C([*])OC1=CC=C(C=C1)C(C)(C)C2=CC=C(C=C2)O[*],[*]CC(CC(C#N)[*])C1=CC=CC=C1,,,,107.5,10.1002_app.49762_part_2.txt_∂Œ1_Material3
[*]C(C)C[*],O=[Mg].O=[Si]=O.O=[Si]=O.O=[Si]=O.O=[Si]=O.O=[Mg].O=[Mg].O,,,,117.4,10.3390_molecules24224026_part_2.txt_∂Œ1_Material2
[*]CCC1C([*])C2CCC1C2,[C],,,,110,10.1016_j.compositesb.2014.05.010_part_2.txt_∂Œ1_Material1
[*]OCCOC(CC(C([*])=O)C(C1CCCCC1)CC(CC(O)=O)C(OCCO)=O)=O,C=CC1=CC=CC=C1,,,,86.5,10.1515_hf-2018-0160_part_1.txt_∂Œ1_Material2
O=C(C(C[*])[*])N,[*]C1C(C(C(OC1C(O[Na])=O)OC2C(C(O[Na])=O)OC(O[*])C(O)C2O)O)O,,,,32,10.1007_s00289-011-0671-0_part_2.txt_∂Œ1_Material1
[*]O[C@H](C)CC([*])=O,[Zn]=O,,,,18,10.3390_ijms150610950_part_3.txt_∂Œ1_Material1
[*]NCC(NC(C(ONCC(NC(C(NCC(NC(C([*])=O)C)=O)=O)C)=O)=O)CO)=O,[*]CC([*])Cl,,,,104,10.1039_c6tb01055e_part_2.txt_∂Œ1_Material1
[*]CC[*],O=C(O)C([*])C[*],,,,46,10.1021_acs.macromol.5b00797_part_1.txt_∂Œ1_Material1
[*]C([H])([H])C(O)([H])[*],[*]C(C)C[*],,,,70,10.1016_j.polymertesting.2020.106539_part_2.txt_∂Œ1_Material1
O=C([*])C(C)O[*],[*]C(CCCCCO[*])=O,O=[Al]O[Al]=O.O=[Si]=O.O=[Si]=O.O=[Si]=O,,,61.2,10.1002_app.43815_part_2.txt_∂Œ1_Material1
OP(O)(O)=O,[*]OCC[*],OCC1OC(C(C(C1[*])O)O)OC2C(C(C(OC2CO)O[*])O)O,,,86.9,10.1002_app.43302_part_1.txt_∂Œ1_Material1
[*]C(CCCCCO[*])=O,[*]NC(C(O)=O)CCC([*])=O,O=[Ti]=O,,,50,10.1039_d0gc01394c_part_7.txt_∂Œ1_Material1
O=C([*])C(C)O[*],[*]C(OCCCO[*])=O,,,,44.6,10.1007_s10853-014-8671-8_part_1.txt_∂Œ1_Material1
O=C(C(C[*])[*])N,OC1=C2C(C3(O)C4C5C6=C7C8C(C9=CC(C(O)=O)=C(C=C(C=C%10C(O)=O)C%11%12)C(C%11=C%13C%14C%15%16C%17(O%16)C%18C%19=C%20C%21=C%22C(C(O)=C%23)=C%24C%25C%21=C%26C%19=C%27C%17=C%28C%14(O)C%12=C%10C=C%28CC%27=CC%26=CC%25=C(C(O)=O)C=C%24)C9=C7C%13(O)C5=C%15C3=C%18C%29%30C%20(O%30)C%31C%22C%23=C%32)=CC(C(O)=O)=CC8=CC6=C(C(O)=O)C4=C2)=C%29C%33=C%31C%32=C(C(O)=O)C=C%331,,,,90.1,10.1039_c3ta10639j_part_2.txt_∂Œ1_Material1
C=C([CH3])C(=O)O[CH3],COC(C(C[*])([*])C)=O,COC1=CC(/C=C/C=O)=CC(OC2=CC(C(C(OC3=CC=C(C=C3OC)C(C(CO)=O)O)CO)O)=CC=C2OC4=CC(C(C(COC5=CC=C(C=C5)C(C(CO)=O)O)=O)O)=CC=C4O)=C1,,,95.7,10.1039_d1gc00249j_part_1.txt_∂Œ1_Material1
O=C([*])CCCCCN[*],[*]CC(CC(C#N)[*])C1=CC=CC=C1,,,,65.2,10.1002_pat.4627_part_2.txt_∂Œ1_Material2
[*]CC(OC(O[*])=O)C,[*]C([H])([H])C(O)([H])[*],[*]C(N(CN(C(OCOC(N(CN(C(OCCO[*])=O)[H])[H])=O)=O)[H])[H])=O,,,45,10.1007_s10965-016-0970-0_part_2.txt_∂Œ1_Material2
O=C([*])C(C)O[*],OCC(C(C(C1N)O)O[*])OC1OC2C(OC(C(C2O)N)[*])CO,O=[Ti]=O,,,55,10.1016_j.jfoodeng.2013.05.026_part_4.txt_∂Œ1_Material1
[*]C(NC1=C(C)C(NC(OCCO[*])=O)=CC=C1)=O,[*]CC(COC1=CC=C(C=C1)C(C)(C)C2=CC=C(C=C2)O[*])O,C[Si](C)(C[*])O[*],,,68.2,10.1177_0954008311405869_part_1.txt_∂Œ1_Material1
[*]CC(C1=CC=CC=C1)[*],O=C(C1=CC=C(C=C1)C(OCC[*])=O)O[*],,,,74,10.1007_s00289-020-03451-6_part_3.txt_∂Œ1_Material1
[*]C([C@H](C)OC([C@H](C)O[*])=O)=O,[*]C(C(OC(CO[*])=O)C)=O,,,,52.98,10.1088_1748-6041_9_6_061001_part_1.txt_∂Œ1_Material1
[*]C(NC1=C(C)C(NC(OCCO[*])=O)=CC=C1)=O,CCCC[Sn](OC(CC(C)CCCCCCCC)=O)(OC(CCCCCCCCCCC)=O)CCCC,,,,11.6,10.1016_j.eurpolymj.2018.06.018_part_1.txt_∂Œ1_Material2
COC1=CC(/C=C/C=O)=CC(OC2=CC(C(C(OC3=CC=C(C=C3OC)C(C(CO)=O)O)CO)O)=CC=C2OC4=CC(C(C(COC5=CC=C(C=C5)C(C(CO)=O)O)=O)O)=CC=C4O)=C1,[*]C(CCCCCO[*])=O,,,,80,10.1038_s41598-019-43296-2_part_1.txt_∂Œ1_Material1
[*]CCC(CCCC(CCCC(C[*])C)C)C,[*]C(CCCCCO[*])=O,C12=C3C(C=CC4C3=C5C(CC6=CC7=C8C9=C(C(C=C%10)=CC=C9C=C7)C%11=C%10C%12)=CC4)=CC=C1C=C%12C%13=C%11C8=C6C5=C2%13,,,20,10.3390_ma6104489_part_2.txt_∂Œ1_Material3
C=C([CH3])C(=O)O[CH3],[*]C(F)(C(F)([*])F)F,,,,105,10.1002_app.49929_part_2.txt_∂Œ1_Material1
O=C([*])C(C)O[*],[*]CC(OC(O[*])=O)C,,,,31.9,10.1016_j.msec.2017.11.008_part_1.txt_∂Œ1_Material2
O=C([*])C(C)O[*],[*]OCC[*],C12=CC3=CC4=CC=CN=C4N=C3N=C1N=C5N=C6N=CC=CC6=CC5=C2,,,57,10.1021_acssuschemeng.9b06760_part_2.txt_∂Œ1_Material2
[*]C(NC1=C(C)C(NC(OCCO[*])=O)=CC=C1)=O,[*]NC(C(N1CCCC1C(NCC(N2CC(CC2C(NC(C(NCC([*])=O)=O)CO)=O)O)=O)=O)=O)CCCCN,,,,45,10.1016_j.foodhyd.2020.105837_part_1.txt_∂Œ1_Material1
O=C([*])C(C)O[*],[*]CCC(CCCCCC)C[*],C=C(C(OCC1CO1)=O)C,,,56,10.1515_polyeng.2011.091_part_1.txt_∂Œ1_Material1
O=C([*])C(C)O[*],OCC(C(C(C1N)O)O[*])OC1OC2C(OC(C(C2O)N)[*])CO,OCC1OC(C(C(C1O)O[*])O)OC2C(C(C(OC2COS(=O)(O)=O)[*])NC(C)=O)O,,,60.2,10.1016_j.msec.2014.03.054_part_2.txt_∂Œ1_Material1
[*]O[C@H](C)CC([*])=O,[*]C(CCCCCO[*])=O,OCC1OC(C(C(C1[*])O)O)OC2C(C(C(OC2CO)O[*])O)O,,,65,10.1002_app.50510_part_2.txt_∂Œ1_Material1
[*]CC(CC(C#N)[*])C1=CC=CC=C1,[*]CCCC(C1C([*])C2CC1C/C2=C/C)C,,,,113,10.1177_0095244317717079_part_3.txt_∂Œ1_Material2
[*]CC(C#N)[*],C=C([CH3])C(=O)OC([CH3])[CH3],,,,105,10.4028_www.scientific.net_kem.575-576.151_part_1.txt_∂Œ1_Material1
[*]CC(OC(O[*])=O)C,OP(O)(O)=O,,,,35.3,10.1002_app.42970_part_1.txt_∂Œ1_Material3
OCC(C(C(C1N)O)O[*])OC1OC2C(OC(C(C2O)N)[*])CO,OP(O)(O)=O,,,,111.7,10.1177_0883911516631355_part_3.txt_∂Œ1_Material3
[*]C([H])([H])C(O)([H])[*],[*]OCC[*],,,,85,10.1007_s10854-019-02835-3_part_1.txt_∂Œ1_Material1
[*]C(C)C[*],[*]CC(CCCC(CC)CC([*])C1=CC=CC=C1)C2=CC=CC=C2,,,,63,10.1002_app.39619_part_2.txt_∂Œ1_Material1
O=C([*])CCCCCN[*],[*]CC[*],[Li]Cl,,,77,10.1002_pc.25070_part_2.txt_∂Œ1_Material1
OCC(C(C(C1N)O)O[*])OC1OC2C(OC(C(C2O)N)[*])CO,O=C(C1=CC=C(C([*])=O)C=C1)NC2=CCC(N[*])C=C2,,,,54,10.1080_03602550903284206_part_1.txt_∂Œ1_Material1
O=C([*])C(C)O[*],O=C(C1=CC=C(C=C1)C(OCC[*])=O)O[*],,,,55,10.1016_j.porgcoat.2011.04.020_part_1.txt_∂Œ1_Material1
O=C(C(C[*])[*])N,[*]C(C[*])C(N(C)C)=O,,,,36.85000000000002,10.1016_j.polymer.2021.123656_part_1.txt_∂Œ1_Material2
[*]C1C(OC(C(C1O)O)OC2C(OC(C(C2O)O)O[*])CO)CO,O=C([*])C(C)O[*],OP(O)(O)=O,,,44,10.1177_204124791100200201_part_2.txt_∂Œ1_Material1
OCC1OC(C(C(C1[*])O)O)OC2C(C(C(OC2CO)O[*])O)O,O=C(C(C[*])[*])N,,,,100,10.1007_s10570-015-0779-8_part_9.txt_∂Œ1_Material3
O=C([*])C(C)O[*],[*]C1C(OC(C(C1O)O)OC2C(OC(C(C2O)O)O[*])CO)CO,[*]C(CCCCCO[*])=O,,,55,10.1002_mame.201400332_part_1.txt_∂Œ1_Material1
[*]O[C@H](C)CC([*])=O,OCC(C(C(C1N)O)O[*])OC1OC2C(OC(C(C2O)N)[*])CO,,,,40,10.1002_app.35341_part_1.txt_∂Œ1_Material1
O=C([*])CCCCCN[*],[Ag],,,,53,10.1177_0040517511410104_part_1.txt_∂Œ1_Material1
[*]C([C@H](C)OC([C@H](C)O[*])=O)=O,[*]CCC(CCCCCC)C[*],[*]O[C@@]([H])(C)C(O[C@](C)([H])C([*])=O)=O,,,60.8,10.1080_03602559.2013.812219_part_2.txt_∂Œ1_Material2
OCC1OC(C(C(C1[*])O)O)OC2C(C(C(OC2CO)O[*])O)O,[*]C([H])([H])C(O)([H])[*],[*]NC(C)C(N1CCCC1C([*])=O)=O,,,55.8,10.1007_s12221-021-2344-4_part_2.txt_∂Œ1_Material2
CC(COC(C(CC(C(C(C(OC(C)C)=O)C1=CC=CC=C1)C(OCC(OC(C2=CC=CC=C2C(O)=O)=O)C)=O)C3=CC=CC=C3)C(C(OC(C)C[*])=O)C4=CC=CC=C4)=O)OC(C5=CC=CC=C5C(O[*])=O)=O,C=C([CH3])C(=O)O[CH3],,,,112,10.1016_j.polymer.2015.07.016_part_1.txt_∂Œ1_Material3
O=C([*])OC1=CC=C(C=C1)C(C)(C)C2=CC=C(C=C2)O[*],[*]C(C1=CC=C(C(OCCCCO[*])=O)C=C1)=O,O=[Si]=O,,,125,10.1177_0731684415599071_part_2.txt_∂Œ1_Material1
[*]NC(C(O)=O)CCC([*])=O,OC1=C2C(C3(O)C4C5C6=C7C8C(C9=CC(C(O)=O)=C(C=C(C=C%10C(O)=O)C%11%12)C(C%11=C%13C%14C%15%16C%17(O%16)C%18C%19=C%20C%21=C%22C(C(O)=C%23)=C%24C%25C%21=C%26C%19=C%27C%17=C%28C%14(O)C%12=C%10C=C%28CC%27=CC%26=CC%25=C(C(O)=O)C=C%24)C9=C7C%13(O)C5=C%15C3=C%18C%29%30C%20(O%30)C%31C%22C%23=C%32)=CC(C(O)=O)=CC8=CC6=C(C(O)=O)C4=C2)=C%29C%33=C%31C%32=C(C(O)=O)C=C%331,,,,29,10.1021_acsomega.7b01139_part_1.txt_∂Œ1_Material1
[*]CC(C1=CC=CC=C1)C/C=C/C[*],[*]C(CCCCCO[*])=O,OCC1OC(C(C(C1[*])O)O)OC2C(C(C(OC2CO)O[*])O)O,,,41,10.1016_j.matpr.2020.03.598_part_1.txt_∂Œ1_Material1
[*]C(C)C[*],[*]CC(C1=CC=CC=C1)[*],[*]CC(CCCC(CC)CC([*])C1=CC=CC=C1)C2=CC=CC=C2,,,104,10.1002_pen.22039_part_1.txt_∂Œ1_Material1
[*]C([C@H](C)OC([C@H](C)O[*])=O)=O,OCC1OC(C(C(C1[*])O)O)OC2C(C(C(OC2CO)O[*])O)O,,,,61.1,10.1016_j.carbpol.2017.09.046_part_2.txt_∂Œ1_Material2
[*]C(CCCCCO[*])=O,O=C(CC(/C=C/C1=CC=C(C(OC)=C1)O)=O)/C=C/C2=CC=C(O)C(OC)=C2,,,,53.4,10.1016_j.msec.2017.02.087_part_4.txt_∂Œ1_Material1
[*]CC(CC[*])O,C[N+](CCO)(CCO)[3H],,,,52,10.1002_adv.21274_part_1.txt_∂Œ1_Material2
[*]C(CCCCCO[*])=O,[*]CC([*])N1CCCC1=O,,,,60,10.1016_j.polymer.2011.06.039_part_1.txt_∂Œ1_Material4
O=C([*])C(C)O[*],[*]C(CCCCC(OCCCCO[*])=O)=O,OC(C(C)(CC(C1=CC=CC=C1)[*])CC(C[*])(C(OCC2CO2)=O)C)=O,,,54,10.1007_s00397-014-0774-2_part_1.txt_∂Œ1_Material1
OCC1OC(C(C(C1O)O[*])O)OC2C(C(C(OC2COS(=O)(O)=O)[*])NC(C)=O)O,O=C(O[Na])COCC(OC(C(C1O)O)[*])C1OC(C(C(C2O[*])O)O)OC2COCC(O[Na])=O,,,,88,10.4028_www.scientific.net_amr.647.190_part_1.txt_∂Œ1_Material1
O=C([*])C(C)O[*],O=C=NC(C=C1)=CC=C1CC2=CC=C(C=C2)N=C=O,,,,61.9,10.1016_j.polymertesting.2017.03.009_part_2.txt_∂Œ1_Material1
O=C(O[*])CCCCCCCCCCN[*],O=C(CCCCC(NCCCCCCCCCCN[*])=O)[*],,,,50,10.1016_j.polymer.2013.10.013_part_2.txt_∂Œ1_Material1
[*]O[C@H](C)CC([*])=O,[*]C(C(O[*])C)=O,OC1=C2C(C3(O)C4C5C6=C7C8C(C9=CC(C(O)=O)=C(C=C(C=C%10C(O)=O)C%11%12)C(C%11=C%13C%14C%15%16C%17(O%16)C%18C%19=C%20C%21=C%22C(C(O)=C%23)=C%24C%25C%21=C%26C%19=C%27C%17=C%28C%14(O)C%12=C%10C=C%28CC%27=CC%26=CC%25=C(C(O)=O)C=C%24)C9=C7C%13(O)C5=C%15C3=C%18C%29%30C%20(O%30)C%31C%22C%23=C%32)=CC(C(O)=O)=CC8=CC6=C(C(O)=O)C4=C2)=C%29C%33=C%31C%32=C(C(O)=O)C=C%331,,,56,10.1016_j.polymdegradstab.2013.06.033_part_2.txt_∂Œ1_Material1
O=C([*])C(C)O[*],[*]NC(C(O)=O)CCC([*])=O,,,,54,10.1039_d0gc01394c_part_3.txt_∂Œ1_Material2
[*]CC([*])Cl,OP(O)(O)=O,,,,80,10.1002_pc.24098_part_2.txt_∂Œ1_Material1
OCC1OC(C(C(C1[*])O)O)OC2C(C(C(OC2CO)O[*])O)O,O=[Ti]=O,,,,105,10.1002_app.42732_part_2.txt_∂Œ1_Material1
O=C([*])C(C)O[*],[*]OCC[*],O=[Mg].O=[Si]=O.O=[Si]=O.O=[Si]=O.O=[Si]=O.O=[Mg].O=[Mg].O,,,59.6,10.1007_s10973-015-4997-y_part_2.txt_∂Œ1_Material1
[*]CC(OC(O[*])=O)C,[*]C1C(C(C(OC1C(O[Na])=O)OC2C(C(O[Na])=O)OC(O[*])C(O)C2O)O)O,[*]C1C(C(C(OC1C(O[Na])=O)OC2C(C(O[Na])=O)OC(O[*])C(O)C2O)O)O,,,33,10.1016_j.carbpol.2011.06.023_part_1.txt_∂Œ1_Material1
O=C(O)C([*])C[*],[*]C(CCCCC(OCCCCO[*])=O)=O,,,,20,10.1016_j.polymer.2016.12.043_part_2.txt_∂Œ1_Material4
C[Si](C)(C[*])O[*],[*]C(NC1=C(C)C(NC(OCCO[*])=O)=CC=C1)=O,O=[Ti]=O,,,94.6,10.3390_polym13142242_part_2.txt_∂Œ1_Material1
O=C(O[Na])COCC(OC(C(C1O)O)[*])C1OC(C(C(C2O[*])O)O)OC2COCC(O[Na])=O,OCC1OC(C(C(C1[*])O)O)OC2C(C(C(OC2CO)O[*])O)O,,,,79.5,10.1007_s10570-021-03838-2_part_2.txt_∂Œ1_Material1
[*]C([H])([H])C(O)([H])[*],O=P([O-])([O-])[O-].[Ca+2].[Ca+2].[OH-],,,,29,10.3390_polym12102376_part_4.txt_∂Œ1_Material3
[*]C([C@H](C)OC([C@H](C)O[*])=O)=O,[*]C(C=C1)=CC=C1S[*],,,,17.9,10.1002_pol.20190192_part_2.txt_∂Œ1_Material1
[*]CC(COC1=CC=C(C=C1)C(C)(C)C2=CC=C(C=C2)O[*])O,O=[Zr]=O,,,,140,10.1016_j.compositesb.2018.12.045_part_2.txt_∂Œ1_Material3
[*]C([C@H](C)OC([C@H](C)O[*])=O)=O,[*]CC[*],,,,40.2,10.1021_acs.macromol.5b01029_part_2.txt_∂Œ1_Material1
[*]C(C)C[*],[*]CCCC(C1C([*])C2CC1C/C2=C/C)C,O=[Si]=O,,,109.7,10.1177_0021998320948125_part_2.txt_∂Œ1_Material1
O=C(C1=CC=C(C=C1)C(OCC[*])=O)O[*],O=C([*])C1=CC=C2C=C(C=CC2=C1)OC(C3=CC=C(C=C3)O[*])=O,O=[Al]O[Al]=O.O=[Si]=O.O=[Si]=O.O=[Si]=O,,,74,10.1088_1757-899x_49_1_012034_part_1.txt_∂Œ1_Material1
[*]CC(COC1=CC=C(C=C1)C(C)(C)C2=CC=C(C=C2)O[*])O,OCC(C(C(C1N)O)O[*])OC1OC2C(OC(C(C2O)N)[*])CO,,,,47.3,10.1016_j.porgcoat.2016.09.002_part_2.txt_∂Œ1_Material1
[*]CC(C1=CC=CC=C1)[*],[*]C/C=C/C[*],,,,94.4,10.1002_app.43882_part_2.txt_∂Œ1_Material1
[*]CCC1C([*])C2CCC1C2,C12=CC3=CC4=CC=CN=C4N=C3N=C1N=C5N=C6N=CC=CC6=CC5=C2,,,,110,10.1016_j.compositesb.2014.05.010_part_2.txt_∂Œ1_Material2
OCC1OC(C(C(C1[*])O)O)OC2C(C(C(OC2CO)O[*])O)O,O=[Si]=O,,,,120,10.1016_j.colsurfa.2012.11.020_part_1.txt_∂Œ1_Material1
[*]C(C(O[*])C)=O,,,,,55,10.1016_j.polymer.2020.123058_part_1.txt_∂Œ1_Material1
O=C([*])CCCCCN[*],[*]CC(CC)([*])C(OCC1=CC=CC=C1)=O,[*]C(C1=CC=CC=C1)CC2C(OC(C2[*])=O)=O,,,50,10.1007_s10965-017-1201-z_part_1.txt_∂Œ1_Material1
[*]CC[*],[*]CCC(CCCCCC)C[*],,,,95.6,10.1016_j.polymertesting.2021.107094_part_1.txt_∂Œ1_Material1
O=C(C1=CC=C(C=C1)C(OCC[*])=O)O[*],O=C([*])C(C)O[*],C=C(C(OCC1CO1)=O)C,,,70.1,10.1021_acsomega.8b01353_part_2.txt_∂Œ1_Material2
[*]C([H])([H])C(O)([H])[*],[*]CC(OC(O[*])=O)C,OCC1OC(C(C(C1[*])O)O)OC2C(C(C(OC2CO)O[*])O)O,,,45.4,10.1016_j.carbpol.2018.02.070_part_1.txt_∂Œ1_Material1
[*]C(C)C[*],NC1=CC=C(C=C1)/C2=C3C=C/C(N\3)=C(C4=N/C(C=C4)=C(C5=CC=C(N5)/C(C6=CC=CC=C6)=C7N=C2C=C\7)/C8=CC=CC=C8)\C9=CC=CC=C9,OCC1OC(OC2C(O)C(O)C(O[*])OC2CO)C(O)C(O)C1[*],,,78.4,10.4028_www.scientific.net_amr.812.187_part_1.txt_∂Œ1_Material1
C[Si](C)(C[*])O[*],[*]CCC(CCCC(CCCC(C[*])C)C)C,[Zn]=O,,,83.69,10.1002_pat.4656_part_1.txt_∂Œ1_Material1
[*]OCC[*],[*]CC(C1=CC=CC=C1)[*],,,,85,10.1021_acs.macromol.7b00789_part_1.txt_∂Œ1_Material1
[*]C(C1=CC=C(C=C1)C(OCCCCOC(C2=CC=C(C=C2)C(OCCCCO[*])=O)=O)=O)=O,[*]C(C1=CC=C(C(OCCCCO[*])=O)C=C1)=O,,,,93.4,10.1155_2016_8515103_part_2.txt_∂Œ1_Material1
[*]CC([*])Cl,OCC1OC(C(C(C1[*])O)O)OC2C(C(C(OC2CO)O[*])O)O,,,,80,10.4028_www.scientific.net_msf.737.67_part_2.txt_∂Œ1_Material1
C[Si](C)(C[*])O[*],[*]C(NC1=C(C)C(NC(OCCO[*])=O)=CC=C1)=O,O=[Si]=O,,,90,10.1016_j.cej.2021.128675_part_2.txt_∂Œ1_Material1
C[Si](C)(C[*])O[*],[*]CC[*],,,,62.6,10.1007_s10965-018-1576-5_part_1.txt_∂Œ1_Material1
OP(O)(O)=O,O=C([*])C(C)O[*],O=C(OOC(=O)C1=CC=CC=C1)C1=CC=CC=C1,,,54,10.1007_s00289-017-2054-7_part_2.txt_∂Œ1_Material1
[*]C([H])([H])C(O)([H])[*],[Zn]=O,,,,70,10.1002_adfm.201200360_part_1.txt_∂Œ1_Material1
O=C(C1=CC=C2C=C(C=CC2=C1)C([*])=O)OCCO[*],[Zn]=O,,,,120.2,10.1016_j.tsf.2010.07.081_part_1.txt_∂Œ1_Material2
O=C([*])C(C)O[*],[*]OCCCOC(C1=CC=C(C([*])=O)C=C1)=O,[*]CCC(CCCCCC)C[*],,,60.9,10.1515_polyeng-2018-0256_part_1.txt_∂Œ1_Material5
[*]OCCOC(CC(C([*])=O)C(C1CCCCC1)CC(CC(O)=O)C(OCCO)=O)=O,OCC1OC(C(C(C1[*])O)O)OC2C(C(C(OC2CO)O[*])O)O,,,,78,10.1016_j.compscitech.2015.07.004_part_4.txt_∂Œ1_Material1
[*]C(C)C[*],O=C([*])OC1=CC=C(C=C1)C(C)(C)C2=CC=C(C=C2)O[*],OC1=C2C(C3(O)C4C5C6=C7C8C(C9=CC(C(O)=O)=C(C=C(C=C%10C(O)=O)C%11%12)C(C%11=C%13C%14C%15%16C%17(O%16)C%18C%19=C%20C%21=C%22C(C(O)=C%23)=C%24C%25C%21=C%26C%19=C%27C%17=C%28C%14(O)C%12=C%10C=C%28CC%27=CC%26=CC%25=C(C(O)=O)C=C%24)C9=C7C%13(O)C5=C%15C3=C%18C%29%30C%20(O%30)C%31C%22C%23=C%32)=CC(C(O)=O)=CC8=CC6=C(C(O)=O)C4=C2)=C%29C%33=C%31C%32=C(C(O)=O)C=C%331,,,156,10.1002_app.45062_part_1.txt_∂Œ1_Material1
[*]C([H])([H])C(O)([H])[*],O=C(O)C([*])C[*],,,,40.99,10.7464_ksct.2012.18.1.057_OA_part_1.txt_∂Œ1_Material1
[*]C(CCCCCO[*])=O,[*]CC(COC1=CC=C(C=C1)C(C)(C)C2=CC=C(C=C2)O[*])O,,,,71.3,10.1016_j.compscitech.2016.01.008_part_2.txt_∂Œ1_Material3
O=C([*])C(C)O[*],C=CC1=CC=CC=C1,,,,39,10.3390_polym9040117_part_2.txt_∂Œ1_Material1
O=C(O)C([*])C[*],[*]OCC[*],,,,26,10.1007_s42765-019-0001-0_part_1.txt_∂Œ1_Material1
[*]CC(O)COC1=CC=C(C(C)(C2=CC=C(O[*])C=C2)C)C=C1,[*]C(CCCCCO[*])=O,,,,103,10.1016_j.eurpolymj.2012.10.015_part_2.txt_∂Œ1_Material1
O=C(C1=CC=C(C=C1)C(OCC[*])=O)O[*],[Zn]=O,,,,78.8,10.1016_j.tsf.2010.07.081_part_1.txt_∂Œ1_Material1
[*]C([H])([H])C(O)([H])[*],[*]C1=C(C=CN2)C2=C([*])C(O)=C1O,,,,44.6,10.1016_j.polymer.2021.123603_part_1.txt_∂Œ1_Material1
C=C([CH3])C(=O)O[CH3],[*]CC[*],,,,104,10.1021_ie4043196_part_1.txt_∂Œ1_Material1
[*]C(N(CN(C(OCOC(N(CN(C(OCCO[*])=O)[H])[H])=O)=O)[H])[H])=O,[*]C(CCCCCO[*])=O,,,,31,10.1021_bm2007218_part_2.txt_∂Œ1_Material1
[*]OCCOC(CC(C([*])=O)C(C1CCCCC1)CC(CC(O)=O)C(OCCO)=O)=O,O=C(C1=CC=C(C=C1)C(OCC[*])=O)O[*],,,,65,10.22146_ajche.82419_OA_part_2.txt_∂Œ1_Material1
O=C([*])C(C)O[*],[*]C1C(O)C(O)C(OC2C(O)C(O)C(O[*])OC2COC(C)=O)OC1COC(C)=O,,,,60,10.1007_s10924-016-0785-4_part_1.txt_∂Œ1_Material2
O=C([*])OC1=CC=C(C=C1)C(C)(C)C2=CC=C(C=C2)O[*],[*]C(C1=CC=C(C(OCCCCO[*])=O)C=C1)=O,,,,153,10.1002_vnl.21313_part_1.txt_∂Œ1_Material1
[*]CCCC([*])OC(C)=O,C[Si](O[*])(C)[*],,,,56.6,10.1007_s13233-018-6134-9_part_1.txt_∂Œ1_Material2
O=C([*])C(C)O[*],[*]O[C@H](C)CC([*])=O,[*]OCCCCOC(CCC([*])=O)=O,,,67,10.1007_s00289-018-2475-y_part_3.txt_∂Œ1_Material2
O=C([*])CCCCCN[*],C/C(C[*])=C/C[*],,,,32.8,10.1002_app.39750_part_1.txt_∂Œ1_Material1
[*]C(C)C[*],[*]OC(CC(OC(CC([*])=O)CC)=O)C,,,,8,10.1002_app.37957_part_2.txt_∂Œ1_Material1
[*]CC[*],[*]OC(CC(OC(CC([*])=O)CC)=O)C,,,,8,10.1002_app.37957_part_2.txt_∂Œ1_Material2
OP(O)(O)=O,O=C([*])C(C)O[*],[C],,,64.1,10.1002_app.36944_part_2.txt_∂Œ1_Material1
O=C([*])C(C)O[*],[Cu],,,,55,10.3389_fmats.2019.00280_part_1.txt_∂Œ1_Material2
[*]OCCCCOC(CCC([*])=O)=O,[*]C([C@H](C)OC([C@H](C)O[*])=O)=O,,,,45,10.3390_polym8120421_part_1.txt_∂Œ1_Material1
OCC(C(C(C1N)O)O[*])OC1OC2C(OC(C(C2O)N)[*])CO,[*]C([H])([H])C(O)([H])[*],[*]NC(C(N1CCCC1C(NCC(N2CC(CC2C(NC(C(NCC([*])=O)=O)CO)=O)O)=O)=O)=O)CCCCN,,,87,10.1016_j.carbpol.2016.06.036_part_4.txt_∂Œ1_Material2
O=C([*])OC1=CC=C(C=C1)C(C)(C)C2=CC=C(C=C2)O[*],[*]CC(CC=CCC([*])C1=CC=CC=C1)C#N,O=[Mg].O=[Si]=O.O=[Si]=O.O=[Si]=O.O=[Si]=O.O=[Mg].O=[Mg].O,,,139,10.1002_app.35147_part_2.txt_∂Œ1_Material1
[*]CC(O)COC(CCCCCCCCC(O[*])=O)=O,[*]C(CCCCCO[*])=O,O=[Ti]=O,,,34,10.1039_c8cs00161h_part_3.txt_∂Œ1_Material1
OCC1OC(C(C(C1[*])O)O)OC2C(C(C(OC2CO)O[*])O)O,[*]OC1OC(CO)C(OC2C(O)C(O)C([*])C(CO)O2)C(O)C1O,,,,69,10.1002_app.38387_part_1.txt_∂Œ1_Material4
[*]NCCCCCCCCCCCC([*])=O,[O-][Si]([O-])([O-])O[Si]([O-])([O-])[O-].[Ca+2],,,,56.1,10.1016_j.engfracmech.2018.07.035_part_1.txt_∂Œ1_Material2
O=C([*])C(C)O[*],[*]O[C@H](C)CC([*])=O,OP(O)(O)=O,,,55,10.1007_s00289-018-2475-y_part_3.txt_∂Œ1_Material1
[*]NCC(NC(C(ONCC(NC(C(NCC(NC(C([*])=O)C)=O)=O)C)=O)=O)CO)=O,[*]C(C(OC(CO[*])=O)C)=O,OC1=C2C(C3(O)C4C5C6=C7C8C(C9=CC(C(O)=O)=C(C=C(C=C%10C(O)=O)C%11%12)C(C%11=C%13C%14C%15%16C%17(O%16)C%18C%19=C%20C%21=C%22C(C(O)=C%23)=C%24C%25C%21=C%26C%19=C%27C%17=C%28C%14(O)C%12=C%10C=C%28CC%27=CC%26=CC%25=C(C(O)=O)C=C%24)C9=C7C%13(O)C5=C%15C3=C%18C%29%30C%20(O%30)C%31C%22C%23=C%32)=CC(C(O)=O)=CC8=CC6=C(C(O)=O)C4=C2)=C%29C%33=C%31C%32=C(C(O)=O)C=C%331,,,45,10.1016_j.msec.2019.110308_part_2.txt_∂Œ1_Material2
[*]CC(C1=CC=C(C=C1)S(O)(=O)=O)[*],[*]OCC[*],OCC(O)CO,,,50,10.1002_adfm.202002853_part_2.txt_∂Œ1_Material1
[*]CC(OC(O[*])=O)C,[*]C1=C(C=CN2)C2=C([*])C(O)=C1O,,,,40.9,10.1007_s10118-014-1518-6_part_2.txt_∂Œ1_Material1
O=C([*])C(C)O[*],[*]C(CCCCCO[*])=O,OCC(O)CO,,,54.85000000000002,10.1515_epoly.2010.10.1.946_part_4.txt_∂Œ1_Material1
[*]C(C)C[*],[*]C/C=C/CCC([*])C#N,,,,109.6,10.1002_vnl.20261_part_2.txt_∂Œ1_Material1
[*]C([H])([H])C(O)([H])[*],FC(F)([*])C([H])([*])[H],,,,52,10.1007_s11581-009-0415-4_part_1.txt_∂Œ1_Material1
[*]O[C@H](C)CC([*])=O,OC1=C2C(C3(O)C4C5C6=C7C8C(C9=CC(C(O)=O)=C(C=C(C=C%10C(O)=O)C%11%12)C(C%11=C%13C%14C%15%16C%17(O%16)C%18C%19=C%20C%21=C%22C(C(O)=C%23)=C%24C%25C%21=C%26C%19=C%27C%17=C%28C%14(O)C%12=C%10C=C%28CC%27=CC%26=CC%25=C(C(O)=O)C=C%24)C9=C7C%13(O)C5=C%15C3=C%18C%29%30C%20(O%30)C%31C%22C%23=C%32)=CC(C(O)=O)=CC8=CC6=C(C(O)=O)C4=C2)=C%29C%33=C%31C%32=C(C(O)=O)C=C%331,,,,4,10.1016_j.polymertesting.2019.106181_part_1.txt_∂Œ1_Material2
[*]C(C1=CC=C(C(OCCCCO[*])=O)C=C1)=O,C=C(C(OCC1CO1)=O)C,,,,59.9,10.1007_s40242-015-5161-8_part_1.txt_∂Œ1_Material1
[*]NC(C(N1CCCC1C(NCC(N2CC(CC2C(NC(C(NCC([*])=O)=O)CO)=O)O)=O)=O)=O)CCCCN,[*]C(CCCCCO[*])=O,[*]OCC[*],,,25,10.1016_j.engreg.2021.03.002_part_1.txt_∂Œ1_Material2
O=C([*])CCCCCN[*],[*]CC(C1=CC=CC=C1)[*],,,,96,10.1002_pen.25357_part_2.txt_∂Œ1_Material1
[*]NCCCCCCCCCCCC([*])=O,O=[Si]=O.[Ca]=O,,,,40,10.4172_2168-9873.1000130_part_1.txt_∂Œ1_Material1
O=C([*])C(C)O[*],C1OC1C[N+]([CH3])([CH3])[CH3].[Cl-],OCC1OC(C(C(C1[*])O)O)OC2C(C(C(OC2CO)O[*])O)O,,,62.8,10.1016_j.compscitech.2014.11.012_part_2.txt_∂Œ1_Material1
[*]C(C1=CC=C(C(OCCCCO[*])=O)C=C1)=O,O=[Si]=O,,,,82,10.1177_0731684417752080_part_3.txt_∂Œ1_Material4
O=C([*])OC1=CC=C(C=C1)C(C)(C)C2=CC=C(C=C2)O[*],O=C([*])CCCCCN[*],,,,61,10.1002_app.33449_part_1.txt_∂Œ1_Material1
O=C([*])OC1=CC=C(C=C1)C(C)(C)C2=CC=C(C=C2)O[*],[*]C/C=C/CCC([*])C#N,,,,145,10.1080_00222348.2019.1593600_part_2.txt_∂Œ1_Material1
[*]OC(CC(OC(CC([*])=O)CC)=O)C,[*]C([H])([H])C(O)([H])[*],,,,56.9,10.1080_25740881.2021.1918162_part_3.txt_∂Œ1_Material1
[*]CC(CC)([*])C(OCC1=CC=CC=C1)=O,[*]C(N(CN(C(OCOC(N(CN(C(OCCO[*])=O)[H])[H])=O)=O)[H])[H])=O,,,,35.35,10.1002_app.47397_part_2.txt_∂Œ1_Material1
[*]C([C@H](C)OC([C@H](C)O[*])=O)=O,[*]CC(OC(O[*])=O)C,OC1=C2C(C3(O)C4C5C6=C7C8C(C9=CC(C(O)=O)=C(C=C(C=C%10C(O)=O)C%11%12)C(C%11=C%13C%14C%15%16C%17(O%16)C%18C%19=C%20C%21=C%22C(C(O)=C%23)=C%24C%25C%21=C%26C%19=C%27C%17=C%28C%14(O)C%12=C%10C=C%28CC%27=CC%26=CC%25=C(C(O)=O)C=C%24)C9=C7C%13(O)C5=C%15C3=C%18C%29%30C%20(O%30)C%31C%22C%23=C%32)=CC(C(O)=O)=CC8=CC6=C(C(O)=O)C4=C2)=C%29C%33=C%31C%32=C(C(O)=O)C=C%331,,,35,10.1016_j.apsusc.2017.10.114_part_1.txt_∂Œ1_Material2
[*]C(CCCCCO[*])=O,O=[Al]O[Al]=O.O=[Si]=O.O=[Si]=O.O=[Si]=O,,,,61,10.1002_vnl.21860_part_2.txt_∂Œ1_Material2
[*]C/C=C(C[*])\Cl,[*]CC([*])Cl,,,,58.2,10.1002_app.42448_part_2.txt_∂Œ1_Material1
O=C([*])C(C)O[*],[*]CC(C1=CC=CC=C1)C/C=C/C[*],,,,72.4,10.1016_j.eurpolymj.2016.10.019_part_2.txt_∂Œ1_Material3
O=C([*])CCCCCN[*],Cl[Ca]Cl,,,,53.2,10.1007_s10965-011-9591-9_part_1.txt_∂Œ1_Material1
[*]C(NC1=C(C)C(NC(OCCO[*])=O)=CC=C1)=O,[*]C/C=C(C[*])\Cl,,,,58.19,10.1088_1757-899x_736_5_052028_part_2.txt_∂Œ1_Material2
[*]C([C@H](C)OC([C@H](C)O[*])=O)=O,[*]OC1C(C(O)=O)OC(OC2C(NC(C)=O)C([*])OC(CO)C2O)C(O)C1O,,,,63.6,10.1021_jp201384q_part_1.txt_∂Œ1_Material1
O=C(C1=CC=C(C=C1)C(OCC[*])=O)O[*],[*]NCC(NC(C(ONCC(NC(C(NCC(NC(C([*])=O)C)=O)=O)C)=O)=O)CO)=O,,,,80,10.3390_polym13152499_part_3.txt_∂Œ1_Material1
O=C(C1=CC=C(C=C1)C(OCC[*])=O)O[*],[*]CCCC([*])OC(C)=O,,,,80,10.1002_app.37950_part_1.txt_∂Œ1_Material1
[*]C(C=C1)=CC=C1S[*],C=C(C(OCC1CO1)=O)C,[*]C(C=C1)=CC=C1S[*],,,98,10.1002_app.49994_part_2.txt_∂Œ1_Material1
[*]C1C(C(C(OC1C(O[Na])=O)OC2C(C(O[Na])=O)OC(O[*])C(O)C2O)O)O,CC(C[*])O[*],,,,68.08,10.1016_j.carbpol.2017.07.031_part_4.txt_∂Œ1_Material1
[*]OCCOC(CC(C([*])=O)C(C1CCCCC1)CC(CC(O)=O)C(OCCO)=O)=O,[*]C(NC1=C(C)C(NC(OCCO[*])=O)=CC=C1)=O,,,,61.2,10.1177_0967391119852882_part_1.txt_∂Œ1_Material1
O=C([*])CCCCCN[*],O=C([*])OC1=CC=C(C=C1)C(C)(C)C2=CC=C(C=C2)O[*],,,,70,10.1021_acs.iecr.9b05970_part_1.txt_∂Œ1_Material1
[*]OCCCOC(C1=CC=C(C([*])=O)C=C1)=O,[*]C(C1=CC=C(C=C1)C(OCCCCOC(C2=CC=C(C=C2)C(OCCCCO[*])=O)=O)=O)=O,,,,43.1,10.1080_00222348.2014.939525_part_3.txt_∂Œ1_Material1
[*]C1C(OC(C(C1O)O)OC2C(OC(C(C2O)O)O[*])CO)CO,[*]C(CCCCC(OCCCCO[*])=O)=O,O=C([*])C(C)O[*],,,58,10.4028_www.scientific.net_kem.861.170_part_1.txt_∂Œ1_Material1
[*]C(C(OC(CO[*])=O)C)=O,[*]OCC[*],,,,50.5,10.1080_03602559.2013.798821_part_1.txt_∂Œ1_Material1
[*]C(C1=CC=C(C(OCCCCO[*])=O)C=C1)=O,[*]CCCC([*])OC(C)=O,,,,70.6,10.1515_epoly-2017-0073_part_1.txt_∂Œ1_Material1
C=C([CH3])C(=O)O[CH3],COC(C(C[*])([*])C)=O,,,,110.6,10.1039_d4lp00067f_OA_part_1.txt_∂Œ1_Material1
[*]CC(C1=CC=CC=C1)[*],O=C([*])C(C)O[*],,,,100,10.1021_acsmacrolett.8b00453_part_1.txt_∂Œ1_Material1
[*]OC1=C(C([*])=CC=C1C)C,[*]CC(C1=CC=CC=C1)[*],,,,117,10.1177_0892705712439559_part_3.txt_∂Œ1_Material3
OCC1OC(C(C(C1[*])O)O)OC2C(C(C(OC2CO)O[*])O)O,O=C(O[Na])COCC(OC(C(C1O)O)[*])C1OC(C(C(C2O[*])O)O)OC2COCC(O[Na])=O,,,,110,10.1007_s10570-015-0779-8_part_9.txt_∂Œ1_Material2
O=C(C1=CC=C(C=C1)C(OCC[*])=O)O[*],O=C(C1=CC=C2C=C(C=CC2=C1)C([*])=O)OCCO[*],,,,75,10.4028_www.scientific.net_amr.912-914.445_part_3.txt_∂Œ1_Material2
O=C([*])C(C)O[*],[*]C(CCCCCO[*])=O,C=C(C(OCC1CO1)=O)C,,,55,10.4028_www.scientific.net_msf.775-776.24_part_1.txt_∂Œ1_Material2
O=C([*])C(C)O[*],O=C([*])OC1=CC=C(C=C1)C(C)(C)C2=CC=C(C=C2)O[*],O=[Si]=O,C12=CC3=CC4=CC=CN=C4N=C3N=C1N=C5N=C6N=CC=CC6=CC5=C2,,65.1,10.1016_j.matpr.2021.07.047_part_2.txt_∂Œ1_Material6
[*]CC[*],C(C1=CC=C(N2C(=O)C=CC2=O)C=C1)C1=CC=C(N2C(=O)C=CC2=O)C=C1,,,,75.3,10.1177_0954008311436263_part_2.txt_∂Œ1_Material1
O=C([*])OC1=CC=C(C=C1)C(C)(C)C2=CC=C(C=C2)O[*],C=C([CH3])C(=O)O[CH3],[Mg],,,145.19,10.1016_j.polymer.2021.123700_part_1.txt_∂Œ1_Material1
[*]CC(C1=CC=CC=C1)[*],[*]CC(CCCC(CC)CC([*])C1=CC=CC=C1)C2=CC=CC=C2,,,,95,10.1002_app.33625_part_1.txt_∂Œ1_Material2
[*]C([C@H](C)OC([C@H](C)O[*])=O)=O,[*]C([H])([H])C(O)([H])[*],[*]OCC[*],,,53.1,10.1002_polb.24437_part_1.txt_∂Œ1_Material1
O=C([*])OC1=CC=C(C=C1)C(C)(C)C2=CC=C(C=C2)O[*],[Al],,,,150,10.1016_j.jmatprotec.2013.12.018_part_1.txt_∂Œ1_Material1
[*]C([C@H](C)OC([C@H](C)O[*])=O)=O,[*]CC(OC(O[*])=O)C,,,,35,10.1016_j.apsusc.2017.10.114_part_1.txt_∂Œ1_Material1
[*]CC([*])Cl,C12=C3C(C=CC4C3=C5C(CC6=CC7=C8C9=C(C(C=C%10)=CC=C9C=C7)C%11=C%10C%12)=CC4)=CC=C1C=C%12C%13=C%11C8=C6C5=C2%13,,,,85,10.1002_app.47792_part_3.txt_∂Œ1_Material2
COC(C(C[*])([*])C)=O,O=C([*])OC1=CC=C(C=C1)C(C)(C)C2=CC=C(C=C2)O[*],,,,105,10.1002_masy.201800049_part_1.txt_∂Œ1_Material1
[*]C([C@H](C)OC([C@H](C)O[*])=O)=O,OP(O)(O)=O,O=C(OOC(=O)C1=CC=CC=C1)C1=CC=CC=C1,,,58,10.1080_15583724.2020.1850475_part_4.txt_∂Œ1_Material1
[*]O[C@H](C)CC([*])=O,[*]OCC[*],,,,32,10.1021_jp1018247_part_1.txt_∂Œ1_Material1
O=C(O[*])CCCCCCCCCCN[*],COC1=CC(/C=C/C=O)=CC(OC2=CC(C(C(OC3=CC=C(C=C3OC)C(C(CO)=O)O)CO)O)=CC=C2OC4=CC(C(C(COC5=CC=C(C=C5)C(C(CO)=O)O)=O)O)=CC=C4O)=C1,,,,67,10.1007_s10924-018-1311-7_part_1.txt_∂Œ1_Material1
[*]CC(C1=CC=CC=C1)[*],[*]C(C)C[*],,,,106.3,10.3390_su12135272_part_4.txt_∂Œ1_Material3
O=C(C1=CC=C(C=C1)C(OCC[*])=O)O[*],C/C(C[*])=C/C[*],,,,72,10.1016_j.matchemphys.2012.03.015_part_2.txt_∂Œ1_Material1
[*]C(F)(C(F)([*])F)F,C=C([CH3])C(=O)O[CH3],,,,105,10.1002_app.49929_part_2.txt_∂Œ1_Material2
[*]C1OC(CCC)OC(C[*])C1,[*]C(NC1=C(C)C(NC(OCCO[*])=O)=CC=C1)=O,,,,53,10.1590_0104-1428.1944_part_1.txt_∂Œ1_Material1
C=C([CH3])C(=O)O[CH3],[*]C(C[*])C(N(C)C)=O,,,,91,10.1039_c5tb01251a_part_2.txt_∂Œ1_Material1
O=C([*])C1=CC=C(C=C1)OC2=CC=C(C=C2)OC3=CC=C(C=C3)[*],[*]C(F)(C(F)([*])F)F,[*]C(F)(C(F)([*])F)F,,,143,10.1007_s11249-015-0621-3_part_1.txt_∂Œ1_Material2
[*]C1C(OC(C(C1O)O)OC2C(OC(C(C2O)O)O[*])CO)CO,[*]C(CCCCCO[*])=O,O=C(N)N,,,70,10.1016_j.carbpol.2017.03.051_part_3.txt_∂Œ1_Material3
O=C([*])C(C)O[*],[C],,,,60,10.3390_c7030052_part_4.txt_∂Œ1_Material4
[*]CC(C(OC)=O)(CC(C/C=C/CCC(C1=CC=CC=C1)[*])C#N)C,[*]CC(CC(C#N)[*])C1=CC=CC=C1,,,,107.6,10.1177_0892705711423953_part_2.txt_∂Œ1_Material1
[*]CC(C1=CC=CC=C1)[*],[*]C/C=C/CCC(C=C)CC([*])C1=CC=CC=C1,,,,95,10.1002_app.33625_part_1.txt_∂Œ1_Material1
O=C([*])CCCCCN[*],C12=C3C(C=CC4C3=C5C(CC6=CC7=C8C9=C(C(C=C%10)=CC=C9C=C7)C%11=C%10C%12)=CC4)=CC=C1C=C%12C%13=C%11C8=C6C5=C2%13,,,,50.4,10.1080_10667857.2021.1929722_part_1.txt_∂Œ1_Material1
[*]C(CCCCCO[*])=O,[*]NC(C)C(N1CCCC1C([*])=O)=O,[H]O[H],,,59.5,10.1016_j.eurpolymj.2013.04.036_part_2.txt_∂Œ1_Material2
O=C([*])C(C)O[*],[*]O[C@H](C)CC([*])=O,C[N+](CCO)(CCO)[3H],,,60,10.1007_s10924-021-02186-3_part_1.txt_∂Œ1_Material1
[*]C(CCCCCO[*])=O,COC1=CC(/C=C/C=O)=CC(OC2=CC(C(C(OC3=CC=C(C=C3OC)C(C(CO)=O)O)CO)O)=CC=C2OC4=CC(C(C(COC5=CC=C(C=C5)C(C(CO)=O)O)=O)O)=CC=C4O)=C1,,,,40,10.1002_pcr2.10039_part_7.txt_∂Œ1_Material2
O=C(C1=CC=C(C=C1)C(OCC[*])=O)O[*],C12=CC3=CC4=CC=CN=C4N=C3N=C1N=C5N=C6N=CC=CC6=CC5=C2,,,,76.7,10.1177_1464420718795197_part_1.txt_∂Œ1_Material2
CC(NC(C([*])C)=O)C(NC(C)C(NC(C)C(N[*])=O)=O)=O,,,,,70,10.1007_s00289-021-03620-1_part_2.txt_∂Œ1_Material1
OCC(C(C(C1N)O)O[*])OC1OC2C(OC(C(C2O)N)[*])CO,OC[C@@H]([C@H]([C@@H]([C@@H](CO)O)O)O)O,,,,114.06,10.1590_s0101-20612011000200026_part_1.txt_∂Œ1_Material1
O=C(C1=CC=C(C=C1)C(OCC[*])=O)O[*],CC(C=C([*])C=C1C)=C1O[*],,,,80,10.1007_s13233-020-8075-3_part_2.txt_∂Œ1_Material2
OP(O)(O)=O,[*]CC(O)COC(CCCCCCCCC(O[*])=O)=O,,,,5.8,10.1007_s10924-017-1015-4_part_2.txt_∂Œ1_Material1
O=C([*])C(C)O[*],CNC(CNC(CN)=O)=O,,,,44.3,10.1016_j.ijbiomac.2016.08.034_part_2.txt_∂Œ1_Material1
O=C([*])OC1=CC=C(C=C1)C(C)(C)C2=CC=C(C=C2)O[*],[*]C(C)C[*],,,,148,10.1515_polyeng-2016-0254_part_1.txt_∂Œ1_Material1
O=C([*])C(C)O[*],[*]OC1C(C(O)=O)OC(OC2C(NC(C)=O)C([*])OC(CO)C2O)C(O)C1O,,,,55,10.1080_15583724.2017.1332640_part_7.txt_∂Œ1_Material1
[*]OCC[*],FC(F)([*])C([H])([*])[H],,,,29.7,10.1007_s13233-011-0409-8_part_2.txt_∂Œ1_Material1
[*]CC(CCCC(CC)CC([*])C1=CC=CC=C1)C2=CC=CC=C2,,,,,110,10.3390_recycling1010101_part_2.txt_∂Œ1_Material1
O=C(C1=CC=C(C=C1)C(OCC[*])=O)O[*],O=C([O-])[O-].[Ca+2],,,,76,10.1007_s12221-014-1493-0_part_1.txt_∂Œ1_Material2
[*]CC(CC[*])O,COC1=CC(/C=C/C=O)=CC(OC2=CC(C(C(OC3=CC=C(C=C3OC)C(C(CO)=O)O)CO)O)=CC=C2OC4=CC(C(C(COC5=CC=C(C=C5)C(C(CO)=O)O)=O)O)=CC=C4O)=C1,,,,80,10.1016_j.eurpolymj.2017.04.035_part_4.txt_∂Œ1_Material2
[*]C(CCCCCO[*])=O,[*]NC(C(N1CCCC1C(NCC(N2CC(CC2C(NC(C(NCC([*])=O)=O)CO)=O)O)=O)=O)=O)CCCCN,[H]O[H],,,59.5,10.1016_j.eurpolymj.2013.04.036_part_2.txt_∂Œ1_Material1
O=C([*])C(C)O[*],O=C([*])OC1=CC=C(C=C1)C(C)(C)C2=CC=C(C=C2)O[*],O=[Mg].O=[Si]=O.O=[Si]=O.O=[Si]=O.O=[Si]=O.O=[Mg].O=[Mg].O,,,62.7,10.1007_s10965-018-1529-z_part_1.txt_∂Œ1_Material3
[*]CC(C#N)[*],COC1=CC(/C=C/C=O)=CC(OC2=CC(C(C(OC3=CC=C(C=C3OC)C(C(CO)=O)O)CO)O)=CC=C2OC4=CC(C(C(COC5=CC=C(C=C5)C(C(CO)=O)O)=O)O)=CC=C4O)=C1,,,,125,10.1002_app.45903_part_1.txt_∂Œ1_Material1
[*]C([C@H](C)OC([C@H](C)O[*])=O)=O,[*]NC(C(N1CCCC1C(NCC(N2CC(CC2C(NC(C(NCC([*])=O)=O)CO)=O)O)=O)=O)=O)CCCCN,,,,60,10.1002_app.30973_part_1.txt_∂Œ1_Material1
[O-]S(C1=CC=CC(O)=C1)(=O)=O.[Na+],O=C(C1=CC=C(C=C1)C(OCC[*])=O)O[*],,,,42.2,10.3389_fbioe.2022.894046_OA_part_1.txt_∂Œ1_Material1
[*]C([H])([H])C(O)([H])[*],[*]O[C@H](C)CC([*])=O,,,,24,10.1515_polyeng-2014-0202_part_1.txt_∂Œ1_Material1
O=C([*])CCCCCCCCCCC(NCCCCCCN[*])=O,[*]CCCC([*])OC(C)=O,,,,16.7,10.1002_app.44206_part_2.txt_∂Œ1_Material1
C=C([CH3])C(=O)O[CH3],O=C(CCCCC(N(CCCCCCN([*])[H])[H])=O)[*],,,,112,10.4047_jap.2013.5.2.153_part_1.txt_∂Œ1_Material4
C=C([CH3])C(=O)O[CH3],[*]CC(C#N)[*],,,,76,10.1177_0021998311431995_part_2.txt_∂Œ1_Material1
[*]OCC[*],[*]C([H])([H])C(O)([H])[*],,,,55,10.24996_ijs.2021.62.6.14_OA_part_1.txt_∂Œ1_Material1
O=C(CCCCC(N(CCCCCCN([*])[H])[H])=O)[*],[*]CC[*],,,,74.3,10.1007_s00289-016-1621-7_part_4.txt_∂Œ1_Material5
C[Si](C)(C[*])O[*],[*]C(F)(C(F)([*])F)F,,,,125.85000000000002,10.2320_matertrans.mbw201411_part_1.txt_∂Œ1_Material1
[*]C(C1=CC=C(C=C1)C(OCCCCOC(C2=CC=C(C=C2)C(OCCCCO[*])=O)=O)=O)=O,[*]C(C1=CC=C(C(OCCCCO[*])=O)C=C1)=O,[*]C(F)(C(F)([*])F)F,,,94.4,10.1155_2016_8515103_part_2.txt_∂Œ1_Material2
[*]C([H])([H])C(O)([H])[*],O=C(O)CCCCCCCCCCCCCCCCC,,,,80,10.1038_s41598-018-34440-5_part_2.txt_∂Œ1_Material1
O=S(C(C=C1)=CC=C1OC(C=C2)=CC=C2C(C)(C)C(C=C3)=CC=C3O[*])(C4=CC=C([*])C=C4)=O,[*]CC([*])N1CCCC1=O,,,,187,10.1002_app.40616_part_2.txt_∂Œ1_Material6
[*]CCCC([*])OC(C)=O,[*]C(CCCCCO[*])=O,,,,57.3,10.1007_s10973-013-3004-8_part_1.txt_∂Œ1_Material1
O=S(C(C=C1)=CC=C1OC(C=C2)=CC=C2C(C)(C)C(C=C3)=CC=C3O[*])(C4=CC=C([*])C=C4)=O,,,,,180,10.1016_j.polymertesting.2014.01.014_part_2.txt_∂Œ1_Material1
[*]C(C(O[*])C)=O,[*]C(C(OC(CO[*])=O)C)=O,,,,48.8,10.1080_03602551003681846_part_1.txt_∂Œ1_Material3
[*]CCCC([*])OC(C)=O,[*]CC[*],,,,74.2,10.1002_app.37516_part_1.txt_∂Œ1_Material1
[*]C(CCCCCO[*])=O,[*]CCC(CCCC(CCCC(C[*])C)C)C,,,,58,10.3390_ma6104489_part_3.txt_∂Œ1_Material3
[*]C/C=C/CCC(C=C)CC([*])C1=CC=CC=C1,O=C(C1=CC=C(C=C1)C(OCC[*])=O)O[*],,,,70,10.3221_igf-esis.53.15_OA_part_1.txt_∂Œ1_Material1
[*]CC(CC=CCC([*])C1=CC=CC=C1)C#N,O=C(C1=CC=C(C=C1)C(OCC[*])=O)O[*],,,,85,10.1177_8756087918768348_part_2.txt_∂Œ1_Material1
[*]CC[*],COC1=CC(/C=C/C=O)=CC(OC2=CC(C(C(OC3=CC=C(C=C3OC)C(C(CO)=O)O)CO)O)=CC=C2OC4=CC(C(C(COC5=CC=C(C=C5)C(C(CO)=O)O)=O)O)=CC=C4O)=C1,,,,140,10.1016_j.eurpolymj.2017.04.035_part_4.txt_∂Œ1_Material1
[*]CC([*])Cl,C/C(C[*])=C/C[*],,,,79.7,10.1177_0892705719857774_part_2.txt_∂Œ1_Material1
[*]C(NC1=C(C)C(NC(OCCO[*])=O)=CC=C1)=O,CNC(CNC(CN)=O)=O,,,,19.5,10.1177_096739111802600202_part_2.txt_∂Œ1_Material2
[*]C(CCCCCO[*])=O,O=C([*])C(C)O[*],O=P([O-])([O-])[O-].[Ca+2].[Ca+2].[OH-],,,42,10.1007_s12033-021-00311-0_part_4.txt_∂Œ1_Material8
O=C([*])C(C)O[*],O=C([*])OC1=CC=C(C=C1)C(C)(C)C2=CC=C(C=C2)O[*],[Mg],,,61.5,10.1007_s10965-018-1529-z_part_1.txt_∂Œ1_Material2
O=C(C1=CC=C(C=C1)C(OCC[*])=O)O[*],[*]C1C(OC(C(C1O)O)OC2C(OC(C(C2O)O)O[*])CO)CO,,,,90.3,10.1016_j.colsurfa.2017.04.074_part_6.txt_∂Œ1_Material2
[*]C(C=C1)=CC=C1S[*],[*]OCCCCOC(CCC([*])=O)=O,,,,41.6,10.1021_acs.iecr.5b00637_part_2.txt_∂Œ1_Material3
[*]O[C@H](C)CC([*])=O,[*]NCC(NC(C(ONCC(NC(C(NCC(NC(C([*])=O)C)=O)=O)C)=O)=O)CO)=O,,,,38,10.3906_biy-1610-46_part_1.txt_∂Œ1_Material1
[*]C(NC1=C(C)C(NC(OCCO[*])=O)=CC=C1)=O,O=P([O-])([O-])[O-].[Ca+2].[Ca+2].[OH-],,,,50,10.1002_jbm.a.36214_part_1.txt_∂Œ1_Material1
O=C([*])CCCCCN[*],[*]C(F)(C(F)([*])F)F,,,,67,10.1177_1350650113495530_part_1.txt_∂Œ1_Material3
[*]NCCCCCCCCCCCC([*])=O,[*]C(C)C[*],[*]C(C)C[*],,,50,10.1016_j.polymertesting.2015.04.008_part_2.txt_∂Œ1_Material3
C=C([CH3])C(=O)O[CH3],OCC1OC(C(C(C1[*])O)O)OC2C(C(C(OC2CO)O[*])O)O,,,,105,10.1021_acsomega.9b00388_part_2.txt_∂Œ1_Material1
C=C([CH3])C(=O)O[CH3],O=C([*])OC1=CC=C(C=C1)C(C)(C)C2=CC=C(C=C2)O[*],OC1=C2C(C3(O)C4C5C6=C7C8C(C9=CC(C(O)=O)=C(C=C(C=C%10C(O)=O)C%11%12)C(C%11=C%13C%14C%15%16C%17(O%16)C%18C%19=C%20C%21=C%22C(C(O)=C%23)=C%24C%25C%21=C%26C%19=C%27C%17=C%28C%14(O)C%12=C%10C=C%28CC%27=CC%26=CC%25=C(C(O)=O)C=C%24)C9=C7C%13(O)C5=C%15C3=C%18C%29%30C%20(O%30)C%31C%22C%23=C%32)=CC(C(O)=O)=CC8=CC6=C(C(O)=O)C4=C2)=C%29C%33=C%31C%32=C(C(O)=O)C=C%331,,,168.2,10.1016_j.cap.2017.05.007_part_3.txt_∂Œ1_Material1
[*]CC(C)(C(OCCO)=O)[*],[*]CC[*],,,,48,10.1080_03602559.2011.593084_part_1.txt_∂Œ1_Material1
[*]C(C(OC(CO[*])=O)C)=O,[*]C(OCCCO[*])=O,,,,44,10.1039_d0gc01394c_part_4.txt_∂Œ1_Material4
FC(F)([*])C([H])([*])[H],[*]OCC[*],,,,50,10.1080_19443994.2015.1084597_part_3.txt_∂Œ1_Material3
O=C(CCCCC(N(CCCCCCN([*])[H])[H])=O)[*],[*]CC(C#N)[*],,,,68.21,10.3390_polym13121984_part_2.txt_∂Œ1_Material1
[*]CC(COC1=CC=C(C=C1)C(C)(C)C2=CC=C(C=C2)O[*])O,O=C(C1=CC=C(C=C1)C(OCC[*])=O)O[*],O=[Ti]=O,,,68,10.1016_j.porgcoat.2010.09.029_part_2.txt_∂Œ1_Material1
[*]C([C@H](C)OC([C@H](C)O[*])=O)=O,[*]O[C@@]([H])(C)C(O[C@](C)([H])C([*])=O)=O,[*]OCC[*],,,60,10.1002_pi.5506_part_1.txt_∂Œ1_Material1
O=C([*])C(C)O[*],[*]CC(CC)([*])C(OCC1=CC=CC=C1)=O,,,,61.2,10.1021_am502337u_part_2.txt_∂Œ1_Material3
[*]CC(CC(C#N)[*])C1=CC=CC=C1,[*]CC(C(OC)=O)(CC(C/C=C/CCC(C1=CC=CC=C1)[*])C#N)C,,,,132,10.1002_app.45364_part_1.txt_∂Œ1_Material1
OP(O)(O)=O,O=C(C1=CC=C(C=C1)C(OCC[*])=O)O[*],CC1=CC=C(C=C1N=C=O)N=C=O,,,36.1,10.1021_ie101798n_part_1.txt_∂Œ1_Material1
[*]C(CCCCCO[*])=O,O=C([O-])[O-].[Ca+2],,,,27.4,10.1007_s10924-011-0384-3_part_1.txt_∂Œ1_Material3
C=C([CH3])C(=O)O[CH3],O=C([*])CCCCCN[*],,,,107,10.4047_jap.2013.5.2.153_part_1.txt_∂Œ1_Material3
[*]OC1C(C(O)=O)OC(OC2C(NC(C)=O)C([*])OC(CO)C2O)C(O)C1O,OCC1OC(C(C(C1[*])O)O)OC2C(C(C(OC2CO)O[*])O)O,,,,40.3,10.1016_j.carbpol.2014.01.062_part_1.txt_∂Œ1_Material1
O=C([*])C(C)O[*],[*]CC(C1=CC=CC=C1)[*],,,,65.51,10.1002_pen.25179_part_2.txt_∂Œ1_Material1
O=C(C1=CC=C(C=C1)C(OCC[*])=O)O[*],[Al],,,,69,10.1007_s00542-017-3369-x_part_1.txt_∂Œ1_Material1
[*]C1OC(CCC)OC(C[*])C1,O=[Ti]=O,,,,67.5,10.1016_j.compscitech.2017.04.017_part_4.txt_∂Œ1_Material1
[*]C([C@H](C)OC([C@H](C)O[*])=O)=O,CC(CO[*])[*],,,,64,10.1002_app.45299_part_2.txt_∂Œ1_Material1
[*]C(C(O[*])C)=O,[*]C(CCCCCO[*])=O,,,,48.8,10.1080_03602551003681846_part_1.txt_∂Œ1_Material1
O=C([*])CCCCCN[*],[*]CC(COC1=CC=C(C=C1)C(C)(C)C2=CC=C(C=C2)O[*])O,,,,70,10.1002_app.39574_part_1.txt_∂Œ1_Material1
[*]C(C)C[*],[*]CC(C1=CC=C(C=C1)S(O)(=O)=O)[*],,,,100,10.1016_j.eurpolymj.2009.07.019_part_1.txt_∂Œ1_Material3
C=C([CH3])C(=O)O[CH3],C/C(C[*])=C/C[*],,,,105,10.1007_s00289-018-2547-z_part_3.txt_∂Œ1_Material1
[*]CC([*])Cl,C=C(C(OCC1CO1)=O)C,,,,80,10.3844_ajassp.2011.675.680_part_1.txt_∂Œ1_Material1
[*]C([H])([H])C(O)([H])[*],[Ag],,,,46.150000000000034,10.1016_j.compscitech.2021.108728_part_1.txt_∂Œ1_Material2
[*]NC(C(N1CCCC1C(NCC(N2CC(CC2C(NC(C(NCC([*])=O)=O)CO)=O)O)=O)=O)=O)CCCCN,[*]OCC[*],,,,80,10.4028_www.scientific.net_kem.751.230_part_1.txt_∂Œ1_Material6
[*]C(C(OC(CO[*])=O)C)=O,[*]C(CCCCCO[*])=O,,,,54,10.1080_03602551003681846_part_1.txt_∂Œ1_Material2
C=C([CH3])C(=O)O[CH3],[*]C(C)C[*],,,,88,10.1002_pc.23601_part_1.txt_∂Œ1_Material1
O=C(CCCCCCCCCCC(NCCCCCCCCCCN[*])=O)[*],O=C([*])CCCCCCCCCCC(NCCCCCCN[*])=O,,,,45.5,10.1016_j.polymer.2017.04.038_part_1.txt_∂Œ1_Material1
[*]C(CCCCCO[*])=O,[*]C1=CC=C([*])N1,,,,30.8,10.1016_j.actbio.2010.10.013_part_1.txt_∂Œ1_Material1
O=C([*])C(C)O[*],[*]CC(CC[*])O,,,,56.1,10.1021_bm301430j_part_2.txt_∂Œ1_Material2
O=C(C1=CC=C(C=C1)C(OCC[*])=O)O[*],[*]OCCCOC(C1=CC=C(C([*])=O)C=C1)=O,OCC1OC(OC2C(O)C(O)C(O[*])OC2CO)C(O)C(O)C1[*],,,86,10.1007_s10973-010-0894-6_part_2.txt_∂Œ1_Material1
O=C([*])C(C)O[*],C=C([CH3])C(=O)OC([CH3])[CH3],,,,85,10.1007_s12221-014-1469-0_part_1.txt_∂Œ1_Material2
[*]C(C1=CC=C(C(OCCCCO[*])=O)C=C1)=O,[*]CC[*],,,,22,10.4028_www.scientific.net_amr.860-863.855_part_1.txt_∂Œ1_Material2
O=S(C(C=C1)=CC=C1OC(C=C2)=CC=C2C(C)(C)C(C=C3)=CC=C3O[*])(C4=CC=C([*])C=C4)=O,[*]CCCCOCCCCOCCCCOCCCCO[*],,,,173,10.1177_0954008315613423_part_2.txt_∂Œ1_Material2
[*]C1C(OC(C(C1O)O)OC2C(OC(C(C2O)O)O[*])CO)CO,[*]OC1C(C(O)=O)OC(OC2C(NC(C)=O)C([*])OC(CO)C2O)C(O)C1O,,,,78,10.1002_pat.2052_part_2.txt_∂Œ1_Material1
[*]O[C@H](C)CC([*])=O,O=C([*])C(C)O[*],,,,40,10.1016_j.eurpolymj.2019.05.012_part_1.txt_∂Œ1_Material1
O=C(O[Na])COCC(OC(C(C1O)O)[*])C1OC(C(C(C2O[*])O)O)OC2COCC(O[Na])=O,O=C(O[Na])COCC(OC(C(C1O)O)[*])C1OC(C(C(C2O[*])O)O)OC2COCC(O[Na])=O,,,,90.2,10.1016_j.ijbiomac.2020.05.080_part_3.txt_∂Œ1_Material1
O=C([*])C(C)O[*],[*]C(C1=CC=C(C(OCCCCO[*])=O)C=C1)=O,,,,50,10.1007_s00289-021-03596-y_part_2.txt_∂Œ1_Material4
[*]CC([*])Cl,[*]C(CCCCC(OCCCCO[*])=O)=O,,,,35,10.1177_0731684410367962_part_1.txt_∂Œ1_Material1
[*]CC[*],O=C([*])OC1=CC=C(C=C1)C(C)(C)C2=CC=C(C=C2)O[*],,,,151.4,10.1002_app.40108_part_2.txt_∂Œ1_Material1
[*]C([C@H](C)OC([C@H](C)O[*])=O)=O,[*]CCC(CCCCCC)C[*],,,,60.9,10.1080_03602559.2013.812219_part_2.txt_∂Œ1_Material1
[*]C([H])([H])C(O)([H])[*],CCOC(=O)C(O)(CC(=O)OCC)CC(=O)OCC,,,,72.5,10.1016_j.matpr.2019.06.335_part_1.txt_∂Œ1_Material2
[*]OC1C(C(OC(C1O)OC2C3C(C(OC2CO3)[*])O)CO)O,[*]C(CCCCCO[*])=O,,,,43,10.1021_acsami.5b10675_part_2.txt_∂Œ1_Material1
O=C(C1=CC=C(C=C1)C(OCC[*])=O)O[*],OC(C(C)(CC(C1=CC=CC=C1)[*])CC(C[*])(C(OCC2CO2)=O)C)=O,,,,74.5,10.52547_jcc.3.3.3_OA_part_1.txt_∂Œ1_Material1
[*]CCC(CCCC(CCCC(C[*])C)C)C,[*]C(CCCCCO[*])=O,,,,19,10.3390_ma6104489_part_2.txt_∂Œ1_Material2
[*]C(C)C[*],[*]NCCCCCCCCCCCC([*])=O,,,,8.5,10.1002_pen.24631_part_1.txt_∂Œ1_Material2
[*]OC(C(C1O)O)OC(COC)C1OC(OC(C(C2O)OC3OC(C(C(C3OC)O)OC4OC(C(C(C4OC)O)[*])COC)CO)COC)C2OCC(OC)C,OC[C@@H]([C@H]([C@@H]([C@@H](CO)O)O)O)O,,,,164.56,10.1590_s0101-20612011000200026_part_1.txt_∂Œ1_Material5
[*]C([C@H](C)OC([C@H](C)O[*])=O)=O,[*]C(NC1=C(C)C(NC(OCCO[*])=O)=CC=C1)=O,,,,55,10.1021_acsomega.0c02765_part_2.txt_∂Œ1_Material1
[*]C(C1=CC=C(C(OCCCCO[*])=O)C=C1)=O,[*]C(N(CN(C(OCOC(N(CN(C(OCCO[*])=O)[H])[H])=O)=O)[H])[H])=O,,,,72,10.1016_j.polymertesting.2014.03.006_part_1.txt_∂Œ1_Material1
[*]C(CCCCCO[*])=O,[Mg]=O,,,,42,10.1007_s12033-021-00311-0_part_4.txt_∂Œ1_Material4
[*]O[C@H](C)CC([*])=O,[*]C([C@H](C)OC([C@H](C)O[*])=O)=O,,,,15.5,10.1016_j.polymdegradstab.2016.09.017_part_3.txt_∂Œ1_Material1
[*]CC(O)COC1=CC=C(C(C)(C2=CC=C(O[*])C=C2)C)C=C1,,,,,115,10.1016_j.polymertesting.2017.03.022_part_4.txt_∂Œ1_Material1
[*]OC1C(C(O)=O)OC(OC2C(NC(C)=O)C([*])OC(CO)C2O)C(O)C1O,[*]NC(C(N1CCCC1C(NCC(N2CC(CC2C(NC(C(NCC([*])=O)=O)CO)=O)O)=O)=O)=O)CCCCN,,,,37.4,10.1002_app.32095_part_2.txt_∂Œ1_Material4
[*]C([C@H](C)OC([C@H](C)O[*])=O)=O,[*]C(C1=CC=C(C(OCCCCO[*])=O)C=C1)=O,,,,57,10.1016_j.eurpolymj.2013.06.038_part_2.txt_∂Œ1_Material1
OCC(C(C(C1N)O)O[*])OC1OC2C(OC(C(C2O)N)[*])CO,[*]C([H])([H])C(O)([H])[*],OC1=C2C(C3(O)C4C5C6=C7C8C(C9=CC(C(O)=O)=C(C=C(C=C%10C(O)=O)C%11%12)C(C%11=C%13C%14C%15%16C%17(O%16)C%18C%19=C%20C%21=C%22C(C(O)=C%23)=C%24C%25C%21=C%26C%19=C%27C%17=C%28C%14(O)C%12=C%10C=C%28CC%27=CC%26=CC%25=C(C(O)=O)C=C%24)C9=C7C%13(O)C5=C%15C3=C%18C%29%30C%20(O%30)C%31C%22C%23=C%32)=CC(C(O)=O)=CC8=CC6=C(C(O)=O)C4=C2)=C%29C%33=C%31C%32=C(C(O)=O)C=C%331,,,98,10.1007_s42114-018-0060-3_part_2.txt_∂Œ1_Material1
[*]CCC(CCCC(CCCC(C[*])C)C)C,C12=CC3=CC4=CC=CN=C4N=C3N=C1N=C5N=C6N=CC=CC6=CC5=C2,,,,89,10.3390_molecules25225347_part_3.txt_∂Œ1_Material1
[*]CC[*],[*]CC(C)(C(OCCO)=O)[*],,,,50,10.1080_03602559.2010.496416_part_2.txt_∂Œ1_Material1
[*]C(C(OC(CO[*])=O)C)=O,O=C([*])C(C)O[*],,,,54.53,10.1177_0883911515592424_part_2.txt_∂Œ1_Material1
[*]C([C@H](C)OC([C@H](C)O[*])=O)=O,O=[Si]=O,,,,67.2,10.1080_03602559.2017.1329439_part_2.txt_∂Œ1_Material1
[*]C(CCCCCO[*])=O,C(C)(C1=CC=C(OCC2CO2)C=C1)(C)C1=CC=C(OCC2CO2)C=C1,,,,55,10.3390_ma13081941_part_2.txt_∂Œ1_Material2
O=C(C1=CC=C(C=C1)C(OCC[*])=O)O[*],[*]NC(C(O)=O)CCC([*])=O,,,,73.1,10.3390_polym13030452_part_2.txt_∂Œ1_Material4
[*]C(C(OC(CO[*])=O)C)=O,[*]C(NC1=C(C)C(NC(OCCO[*])=O)=CC=C1)=O,,,,45.5,10.2478_s11696-013-0438-1_part_1.txt_∂Œ1_Material1
[*]OCCCOC(C1=CC=C(C([*])=O)C=C1)=O,O=C([*])C(C)O[*],,,,45,10.1002_pi.3087_part_1.txt_∂Œ1_Material1
O=C([*])OC1=CC=C(C=C1)C(C)(C)C2=CC=C(C=C2)O[*],O=C(C1=CC=C(C=C1)C(OCC[*])=O)O[*],,,,147.1,10.1002_pi.6213_part_1.txt_∂Œ1_Material1
[*]C(NC1=C(C)C(NC(OCCO[*])=O)=CC=C1)=O,C(C1=CC=C(N2C(=O)C=CC2=O)C=C1)C1=CC=C(N2C(=O)C=CC2=O)C=C1,,,,16,10.1016_j.polymer.2018.10.056_part_4.txt_∂Œ1_Material1
[*]C1OC(CCC)OC(C[*])C1,C=C(C)C(=O)OCC(O)COC1=CC=C(C(C2=CC=C(O)C=C2)(C)C)C=C1,,,,60,10.1177_08927057211021464_part_1.txt_∂Œ1_Material2
[*]C([H])([H])C(O)([H])[*],OCC1OC(OC2C(O)C(O)C(O[*])OC2CO)C(O)C(O)C1[*],,,,59.73,10.1080_01694243.2020.1832775_part_2.txt_∂Œ1_Material1
O=C(O[*])CCCCCCCCCCN[*],CCCCCCCCCCCCCCCCCCOC(CCC1=CC(C(C)(C)C)=C(C(C(C)(C)C)=C1)O)=O,,,,60,10.1016_j.polymer.2015.11.025_part_1.txt_∂Œ1_Material1
C[Si](C)(C[*])O[*],O=S(C(C=C1)=CC=C1OC(C=C2)=CC=C2C(C)(C)C(C=C3)=CC=C3O[*])(C4=CC=C([*])C=C4)=O,,,,186,10.1016_j.polymer.2021.123480_part_3.txt_∂Œ1_Material2
OP(O)(O)=O,CC(CO[*])[*],,,,46.6,10.1002_app.32585_part_1.txt_∂Œ1_Material2
O=C([*])CCCCCN[*],COC1=CC(/C=C/C=O)=CC(OC2=CC(C(C(OC3=CC=C(C=C3OC)C(C(CO)=O)O)CO)O)=CC=C2OC4=CC(C(C(COC5=CC=C(C=C5)C(C(CO)=O)O)=O)O)=CC=C4O)=C1,,,,43,10.1002_app.42963_part_2.txt_∂Œ1_Material1
O=C([*])C(C)O[*],[*]O[C@H](C)CC([*])=O,C12=CC3=CC4=CC=CN=C4N=C3N=C1N=C5N=C6N=CC=CC6=CC5=C2,,,53,10.1007_s10973-019-08218-4_part_3.txt_∂Œ1_Material2
COC(C(C[*])([*])C)=O,[*]CC(CC(C#N)[*])C1=CC=CC=C1,,,,113,10.1016_j.polymertesting.2019.106265_part_2.txt_∂Œ1_Material4
C=C(C)C(=O)OCCCC,[*]CC(C)(C(OCCO)=O)[*],,,,35,10.1080_03602559.2011.551971_part_2.txt_∂Œ1_Material1
O=C(C1=CC=C(C=C1)C(OCC[*])=O)O[*],O=[Ti]=O,,,,67,10.1007_s42824-021-00025-3_part_2.txt_∂Œ1_Material1
[*]CC(CC=CCC([*])C1=CC=CC=C1)C#N,O=C([O-])[O-].[Ca+2],,,,99.6,10.1002_app.46023_part_2.txt_∂Œ1_Material2
[*]CC(C1=CC=CC=C1)[*],[*]C1=C(C=CN2)C2=C([*])C(O)=C1O,,,,104.9,10.1002_app.47740_part_2.txt_∂Œ1_Material1
[*]CC[*],[*]CC(CC[*])O,,,,60,10.1021_acs.iecr.9b02145_part_2.txt_∂Œ1_Material1
[*]C1C(OC(C(C1O)O)OC2C(OC(C(C2O)O)O[*])CO)CO,[*]OCC[*],,,,102.1,10.1016_j.foodhyd.2015.11.029_part_2.txt_∂Œ1_Material2
[*]C(CCCCCO[*])=O,[Ag],,,,55.67,10.3390_membranes9010012_part_2.txt_∂Œ1_Material2
[*]C(C=C1)=CC=C1S[*],C12=CC3=CC4=CC=CN=C4N=C3N=C1N=C5N=C6N=CC=CC6=CC5=C2,,,,100,10.1080_20550340.2019.1703334_part_3.txt_∂Œ1_Material2
[*]CC(C#N)[*],C[Si](C)(C[*])O[*],,,,104,10.1021_acsami.6b09392_part_2.txt_∂Œ1_Material1
[*]NCC(NC(C(ONCC(NC(C(NCC(NC(C([*])=O)C)=O)=O)C)=O)=O)CO)=O,[H]O[H],,,,150,10.1021_bm400012k_part_1.txt_∂Œ1_Material1
O=C([*])C(C)O[*],NC1=NC2=C(N=CN2C2O[C@H](COP(=O)(O)OP(=O)(O)O)[C@H](O)[C@@H]2O)C(=O)N1,,,,60.5,10.3390_polym10010018_part_3.txt_∂Œ1_Material2
[*]CC(CC=CCC([*])C1=CC=CC=C1)C#N,O=[Mg].O=[Si]=O.O=[Si]=O.O=[Si]=O.O=[Si]=O.O=[Mg].O=[Mg].O,,,,99.6,10.1002_app.46023_part_2.txt_∂Œ1_Material1
O=C([*])C(C)O[*],C1OC1C[N+]([CH3])([CH3])[CH3].[Cl-],,,,42.2,10.1016_j.ijbiomac.2019.10.246_part_3.txt_∂Œ1_Material3
O=C([*])C(C)O[*],CCOC(=O)C(O)(CC(=O)OCC)CC(=O)OCC,,,,44.5,10.1016_j.ijbiomac.2019.10.246_part_3.txt_∂Œ1_Material2
[*]OCCCOC(C1=CC=C(C([*])=O)C=C1)=O,C12=CC3=CC4=CC=CN=C4N=C3N=C1N=C5N=C6N=CC=CC6=CC5=C2,,,,51.5,10.1080_15685543.2013.806116_part_2.txt_∂Œ1_Material1
O=C([*])CCCCCCCCCCC(NCCCCCCN[*])=O,,,,,75,10.1002_pen.24888_part_1.txt_∂Œ1_Material1
[*]CC1C(C(CO)(C[*])CCC1)=O,O=C([*])CCCCCN[*],,,,26.2,10.1016_j.polymertesting.2020.106777_part_1.txt_∂Œ1_Material1
[*]OC1C(C(O)=O)OC(OC2C(NC(C)=O)C([*])OC(CO)C2O)C(O)C1O,[*]O[C@H](C)CC([*])=O,,,,10,10.1080_10643389.2014.966422_part_1.txt_∂Œ1_Material1
[*]C1OC(CCC)OC(C[*])C1,OC1=C(C=CC=C1CC2=CC=CC([*])=C2O)CC3=CC=CC([*])=C3O,,,,60,10.1177_08927057211021464_part_1.txt_∂Œ1_Material1
COC(C(C[*])([*])C)=O,[*]CC(CC=CCC([*])C1=CC=CC=C1)C#N,,,,111,10.1016_j.polymertesting.2019.106265_part_2.txt_∂Œ1_Material5
[*]CC(CCCC(CC)CC([*])C1=CC=CC=C1)C2=CC=CC=C2,[*]OC1=C(C([*])=CC=C1C)C,,,,81.7,10.1002_app.46123_part_1.txt_∂Œ1_Material1
[*]CCC(CCCC(CCCC(C[*])C)C)C,C(C1=CC=C(N2C(=O)C=CC2=O)C=C1)C1=CC=C(N2C(=O)C=CC2=O)C=C1,,,,93,10.1016_j.polymer.2018.06.008_part_6.txt_∂Œ1_Material1
[*]CC(C#N)[*],[*]CC([*])Cl,,,,100,10.1016_j.rineng.2020.100144_part_1.txt_∂Œ1_Material1
O=C(O[*])CCCCCCCCCCN[*],OP(O)(O)=O,,,,43,10.3390_ma12172833_part_1.txt_∂Œ1_Material1
[*]CC[*],O=C([*])C1=CC=C(C=C1)OC2=CC=C(C=C2)OC3=CC=C(C=C3)[*],,,,143,10.1007_s00170-009-2507-8_part_2.txt_∂Œ1_Material2
O=C([*])OC1=CC=C(C=C1)C(C)(C)C2=CC=C(C=C2)O[*],O=C([*])C1=CC=C(C=C1)OC2=CC=C(C=C2)OC3=CC=C(C=C3)[*],,,,143,10.1007_s00170-009-2507-8_part_2.txt_∂Œ1_Material4
O=C([*])OC1=CC=C(C=C1)C(C)(C)C2=CC=C(C=C2)O[*],O=C(C1=CC=C2C=C(C=CC2=C1)C([*])=O)OCCO[*],,,,125,10.1016_j.polymer.2015.07.059_part_1.txt_∂Œ1_Material1
[*]C(NC1=C(C)C(NC(OCCO[*])=O)=CC=C1)=O,[*]CCC(CCCC(CCCC(C[*])C)C)C,C[Si](C)(C[*])O[*],,,66.3,10.1007_s00339-010-6034-0_part_1.txt_∂Œ1_Material1
[*]C(NC1=C(C)C(NC(OCCO[*])=O)=CC=C1)=O,O=[Al]O[Al]=O.O=[Si]=O.O=[Si]=O.O=[Si]=O,,,,61.9,10.1038_pj.2016.98_part_2.txt_∂Œ1_Material1
COC(C(C[*])([*])C)=O,[*]CC(C1=CC=CC=C1)[*],,,,110,10.1016_j.polymertesting.2019.106265_part_2.txt_∂Œ1_Material6
[*]CC([*])Cl,[*]CC(COC1=CC=C(C=C1)C(C)(C)C2=CC=C(C=C2)O[*])O,,,,84,10.1002_vnl.21680_part_2.txt_∂Œ1_Material1
[*]C(C(OC(CO[*])=O)C)=O,[H]O[H],,,,37,10.1039_c4sm02535k_part_6.txt_∂Œ1_Material1
O=C(C(C[*])[*])N,OCC1OC(C(C(C1[*])O)O)OC2C(C(C(OC2CO)O[*])O)O,,,,118,10.1016_j.colsurfb.2010.12.030_part_1.txt_∂Œ1_Material1
OCC1OC(C(C(C1[*])O)O)OC2C(C(C(OC2CO)O[*])O)O,[*]NC(C)C(N1CCCC1C([*])=O)=O,,,,82.9,10.1007_s10570-014-0372-6_part_2.txt_∂Œ1_Material2
[*]CC(OC(O[*])=O)C,C=C([CH3])C(=O)O[CH3],,,,33.9,10.1039_d2py00442a_OA_part_2.txt_∂Œ1_Material1
[*]CC(OC(O[*])=O)C,[*]C(C[*])C(N(C)C)=O,,,,33.9,10.1039_d2py00442a_OA_part_2.txt_∂Œ1_Material5
[*]CC(COC1=CC=C(C=C1)C(C)(C)C2=CC=C(C=C2)O[*])O,[O-][Si]([O-])([O-])O[Si]([O-])([O-])[O-].[Ca+2],,,,83,10.1177_1099636218781995_part_1.txt_∂Œ1_Material1
O=C([*])C(C)O[*],[*]OCCCOC(C1=CC=C(C([*])=O)C=C1)=O,,,,60.9,10.1515_polyeng-2018-0256_part_1.txt_∂Œ1_Material3
O=C([*])C1=CC=C(C=C1)OC2=CC=C(C=C2)OC3=CC=C(C=C3)[*],O=C([*])OC1=CC=C(C=C1)C(C)(C)C2=CC=C(C=C2)O[*],,,,143,10.1007_s00170-009-2507-8_part_2.txt_∂Œ1_Material3
[*]C/C=C/C[*],[*]C(C=C1)=CC=C1S[*],,,,111,10.1016_j.eurpolymj.2015.12.012_part_7.txt_∂Œ1_Material2
COC1=CC(/C=C/C=O)=CC(OC2=CC(C(C(OC3=CC=C(C=C3OC)C(C(CO)=O)O)CO)O)=CC=C2OC4=CC(C(C(COC5=CC=C(C=C5)C(C(CO)=O)O)=O)O)=CC=C4O)=C1,[*]C([H])([H])C(O)([H])[*],,,,78,10.1021_am403451w_part_1.txt_∂Œ1_Material1
[*]CC(OC(O[*])=O)C,[*]CC(C1=CC=CC=C1)[*],,,,20.8,10.1039_d2py00442a_OA_part_2.txt_∂Œ1_Material4
[*]C(NC1=C(C)C(NC(OCCO[*])=O)=CC=C1)=O,[*]C([H])([H])C(O)([H])[*],,,,27,10.1007_s10853-019-03958-y_part_2.txt_∂Œ1_Material2
[*]C(NC1=C(C)C(NC(OCCO[*])=O)=CC=C1)=O,O=C([*])C(C)O[*],,,,27,10.1007_s10853-019-03958-y_part_2.txt_∂Œ1_Material1
C=C([CH3])C(=O)O[CH3],[*]CC([*])Cl,,,,92.23,10.1002_masy.201050404_part_1.txt_∂Œ1_Material1
O=C=NC(C=C1)=CC=C1CC2=CC=C(C=C2)N=C=O,[*]OCC[*],,,,59.5,10.1007_s00289-021-03632-x_part_4.txt_∂Œ1_Material1
O=C([*])OC1=CC=C(C=C1)C(C)(C)C2=CC=C(C=C2)O[*],C=C([CH3])C(=O)O[CH3],,,,122.6,10.1179_1743289814y.0000000102_part_1.txt_∂Œ1_Material1
O=C(CCCCCCCCCCC(NCCCCCCCCCCN[*])=O)[*],,,,,45,10.1108_rpj-09-2018-0258_part_1.txt_∂Œ1_Material1
[*]OCC[*],O=C(C1=CC=C(C=C1)C(OCC[*])=O)O[*],,,,71,10.1515_hf-2020-0076_part_1.txt_∂Œ1_Material7
[*]C(F)(C(F)([*])F)F,C[Si](C)(C[*])O[*],,,,125.85000000000002,10.2320_matertrans.maw201416_part_1.txt_∂Œ1_Material1
[*]CCC(CCCC(CCCC(C[*])C)C)C,[*]C/C=C/CCC(C/C=C\C[*])C=C,,,,110,10.1002_pen.25445_part_3.txt_∂Œ1_Material1
[*]OCCCOC(C1=CC=C(C([*])=O)C=C1)=O,O=C([*])OC1=CC=C(C=C1)C(C)(C)C2=CC=C(C=C2)O[*],,,,164,10.1021_ie901767y_part_1.txt_∂Œ1_Material2
[*]CC(O)COC1=CC=C(C(C)(C2=CC=C(O[*])C=C2)C)C=C1,[*]CCC1C([*])C2CCC1C2,,,,78,10.3144_expresspolymlett.2020.31_part_1.txt_∂Œ1_Material1
[*][C@H]1[C@H](O)[C@@H](O)[C@H](OC2C(O)C(OC(C)=O)C(O[*])OC2CO)O[C@@H]1CO,,,,,53,10.1016_j.polymertesting.2017.10.017_part_1.txt_∂Œ1_Material2
C=C([CH3])C(=O)O[CH3],[*]CC(CC=CCC([*])C1=CC=CC=C1)C#N,,,,105,10.1016_j.matdes.2012.08.071_part_1.txt_∂Œ1_Material1
[*]C(OCCCO[*])=O,,,,,19,10.1039_c8cs00161h_part_1.txt_∂Œ1_Material10
O=C([*])C(C)O[*],[Ag],,,,66.1,10.1002_adfm.201101985_part_1.txt_∂Œ1_Material1
O=C([*])C(C)O[*],COC(C(C[*])([*])C)=O,[*]C(CCCCC(OCCCCO[*])=O)=O,,,64.2,10.1002_adv.21632_part_2.txt_∂Œ1_Material1
O=C([*])C(C)O[*],[*]OCC[*],O=C([*])C(C)O[*],[*]OCC[*],,50,10.1002_app.41030_part_1.txt_∂Œ1_Material1
O=C([*])C(C)O[*],O=[Mg].O=[Si]=O.O=[Si]=O.O=[Si]=O.O=[Si]=O.O=[Mg].O=[Mg].O,[*]OCC[*],[*]C/C=C(C[*])\Cl,,58,10.1002_app.42305_part_2.txt_∂Œ1_Material1
O=C([*])C(C)O[*],[*]CC[*],O=C(C1=CC=C(C=C1)C(OCC[*])=O)O[*],,,58,10.1002_app.50784_part_1.txt_∂Œ1_Material1
O=C([*])C(C)O[*],[*]NC(C)C(N1CCCC1C([*])=O)=O,O=C(N)N,CC(NC(C([*])C)=O)C(NC(C)C(NC(C)C(N[*])=O)=O)=O,,51,10.1002_mame.201200460_part_1.txt_∂Œ1_Material1
O=C([*])C(C)O[*],O=C(N)N,CCCCCCCCCCCCOS([O-])(=O)=O.[Na+],,,61.6,10.1002_mame.201200460_part_2.txt_∂Œ1_Material1
O=C([*])C(C)O[*],[*]OC(CC(OC(CC([*])=O)CC)=O)C,[Ag],[Cu]=O,,60,10.1002_mame.202000244_part_2.txt_∂Œ1_Material1
O=C([*])C(C)O[*],O=C([*])C(C)O[*],[Ag],[Cu]=O,,25,10.1002_mame.202000244_part_2.txt_∂Œ1_Material2
O=C([*])C(C)O[*],[*]C(N(CN(C(OCOC(N(CN(C(OCCO[*])=O)[H])[H])=O)=O)[H])[H])=O,OC1=C2C(C3(O)C4C5C6=C7C8C(C9=CC(C(O)=O)=C(C=C(C=C%10C(O)=O)C%11%12)C(C%11=C%13C%14C%15%16C%17(O%16)C%18C%19=C%20C%21=C%22C(C(O)=C%23)=C%24C%25C%21=C%26C%19=C%27C%17=C%28C%14(O)C%12=C%10C=C%28CC%27=CC%26=CC%25=C(C(O)=O)C=C%24)C9=C7C%13(O)C5=C%15C3=C%18C%29%30C%20(O%30)C%31C%22C%23=C%32)=CC(C(O)=O)=CC8=CC6=C(C(O)=O)C4=C2)=C%29C%33=C%31C%32=C(C(O)=O)C=C%331,,,63.8,10.1002_mame.202000576_part_2.txt_∂Œ1_Material1
O=C([*])C(C)O[*],OCC1OC(C(C(C1[*])O)O)OC2C(C(C(OC2CO)O[*])O)O,CC1=CC=C(C=C1N=C=O)N=C=O,OCC(C(C(C1N)O)O[*])OC1OC2C(OC(C(C2O)N)[*])CO,,60.44,10.1002_pat.3506_part_2.txt_∂Œ1_Material1
O=C([*])C(C)O[*],[*]C(CCCCC(OCCCCO[*])=O)=O,OCC(C(C(C1N)O)O[*])OC1OC2C(OC(C(C2O)N)[*])CO,,,55,10.1002_pat.4274_part_3.txt_∂Œ1_Material1
O=C([*])C(C)O[*],[H][O-],OCC1OC(C(C(C1[*])O)O)OC2C(C(C(OC2CO)O[*])O)O,[*]CC(C1=CC=CC=C1)[*],,55,10.1002_pc.21165_part_1.txt_∂Œ1_Material1
O=C([*])C(C)O[*],[H][O-],[*]CC(C1=CC=CC=C1)[*],,,59.5,10.1002_pc.21165_part_2.txt_∂Œ1_Material1
O=C([*])C(C)O[*],[*]C1C(C(C(OC1C(O[Na])=O)OC2C(C(O[Na])=O)OC(O[*])C(O)C2O)O)O,[*]C/C=C(C[*])\Cl,,,50,10.1002_pc.24122_part_1.txt_∂Œ1_Material1
O=C([*])C(C)O[*],OCC1OC(C(C(C1[*])O)O)OC2C(C(C(OC2CO)O[*])O)O,[*]OCCOC(CC(C([*])=O)C(C1CCCCC1)CC(CC(O)=O)C(OCCO)=O)=O,,,45.6,10.1002_pc.25144_part_1.txt_∂Œ1_Material1
O=C([*])C(C)O[*],OCC1OC(C(C(C1[*])O)O)OC2C(C(C(OC2CO)O[*])O)O,OC1=C2C(C3(O)C4C5C6=C7C8C(C9=CC(C(O)=O)=C(C=C(C=C%10C(O)=O)C%11%12)C(C%11=C%13C%14C%15%16C%17(O%16)C%18C%19=C%20C%21=C%22C(C(O)=C%23)=C%24C%25C%21=C%26C%19=C%27C%17=C%28C%14(O)C%12=C%10C=C%28CC%27=CC%26=CC%25=C(C(O)=O)C=C%24)C9=C7C%13(O)C5=C%15C3=C%18C%29%30C%20(O%30)C%31C%22C%23=C%32)=CC(C(O)=O)=CC8=CC6=C(C(O)=O)C4=C2)=C%29C%33=C%31C%32=C(C(O)=O)C=C%331,C1OC1C[N+]([CH3])([CH3])[CH3].[Cl-],,55,10.1002_pen.25560_part_2.txt_∂Œ1_Material1
O=C([*])C(C)O[*],[*]C(C(O[*])C)=O,[*]C([C@H](C)OC([C@H](C)O[*])=O)=O,,,40.1,10.1002_pol.20190077_part_1.txt_∂Œ1_Material1
[*]C(C(O[*])C)=O,[*]C([C@H](C)OC([C@H](C)O[*])=O)=O,,,,40.1,10.1002_pol.20190077_part_1.txt_∂Œ1_Material2
O=C([*])C(C)O[*],O=C([*])C(C)O[*],[*]C1C(O)C(O)C(OC2C(O)C(O)C(O[*])OC2COCCO)OC1COCCO,[H][Si]([H])([H])[H],,48.13,10.1002_pola.24086_part_2.txt_∂Œ1_Material1
O=C([*])C(C)O[*],[*]CCC(CCCC(CCCC(C[*])C)C)C,[*]C(C)C[*],OCC1OC(C(C(C1[*])O)O)OC2C(C(C(OC2CO)O[*])O)O,,55,10.1007_s00170-018-1953-6_part_1.txt_∂Œ1_Material1
O=C([*])C(C)O[*],[*]C1C(C(C(OC1C(O[Na])=O)OC2C(C(O[Na])=O)OC(O[*])C(O)C2O)O)O,,,,61,10.1007_s10924-020-01677-z_part_1.txt_∂Œ1_Material4
O=C([*])C(C)O[*],N#CC(C1=CC=CC=N1)C1=CC=CC=C1,,,,54.17,10.1007_s10965-018-1523-5_part_3.txt_∂Œ1_Material1
O=C([*])C(C)O[*],[*]C(CCCCCO[*])=O,[*]C(CCCCCO[*])=O,,,60,10.1007_s10965-021-02439-8_part_1.txt_∂Œ1_Material1
O=C([*])C(C)O[*],O=P([O-])([O-])[O-].[Ca+2].[Ca+2].[OH-],,,,55.89,10.1007_s10973-019-08799-0_part_1.txt_∂Œ1_Material1
O=C([*])C(C)O[*],[*]C1C(OC(C(C1O)O)OC2C(OC(C(C2O)O)O[*])CO)CO,[*]CCC(CCCC(CCCC(C[*])C)C)C,,,50,10.1007_s11367-012-0479-7_part_4.txt_∂Œ1_Material1
O=C([*])C(C)O[*],O=[Mg].O=[Si]=O.O=[Si]=O.O=[Si]=O.O=[Si]=O.O=[Mg].O=[Mg].O,[*]C1C(OC(C(C1O)O)OC2C(OC(C(C2O)O)O[*])CO)CO,OCC1OC(C(C(C1[*])O)O)OC2C(C(C(OC2CO)O[*])O)O,,55,10.1007_s11426-016-0222-7_part_1.txt_∂Œ1_Material1
O=C([*])C(C)O[*],[*]CC[*],[*]OC1C(C(O)=O)OC(OC2C(NC(C)=O)C([*])OC(CO)C2O)C(O)C1O,OCC(C(C(C1N)O)O[*])OC1OC2C(OC(C(C2O)N)[*])CO,,57.24,10.1007_s11771-021-4721-y_part_1.txt_∂Œ1_Material1
O=C([*])C(C)O[*],[*]C(CCCCCO[*])=O,[*]OCC[*],OCC(O)CO,,50,10.1007_s12206-011-0722-3_part_3.txt_∂Œ1_Material1
O=C([*])C(C)O[*],O=C(C1=CC=C(C([*])=O)C=C1)NC2=CCC(N[*])C=C2,O=[Al]O[Al]=O.O=[Si]=O.O=[Si]=O.O=[Si]=O,,,55,10.1007_s13726-012-0112-4_part_1.txt_∂Œ1_Material1
O=C([*])C(C)O[*],[*]C([H])([H])C(O)([H])[*],[*]C/C=C(C[*])\Cl,[*]OC1C(C(O)=O)OC(OC2C(NC(C)=O)C([*])OC(CO)C2O)C(O)C1O,,37,10.1007_s40005-019-00441-3_part_1.txt_∂Œ1_Material1
O=C([*])C(C)O[*],[*]CC([*])Cl,[Fe]12O[Fe]O[Fe](O2)O1,,,58,10.1007_s40430-020-2251-4_part_1.txt_∂Œ1_Material1
O=C([*])C(C)O[*],[*]CCCC([*])OC(C)=O,OCC1OC(C(C(C1[*])O)O)OC2C(C(C(OC2CO)O[*])O)O,,,59.3,10.1007_s41783-018-0037-2_part_1.txt_∂Œ1_Material1
O=C([*])C(C)O[*],[*]C(CCCCCO[*])=O,[*]NC(C(O)=O)CCC([*])=O,OCC(O)CO,,55,10.1016_j.addr.2016.06.012_part_2.txt_∂Œ1_Material1
O=C([*])C(C)O[*],O=[Mg].O=[Si]=O.O=[Si]=O.O=[Si]=O.O=[Si]=O.O=[Mg].O=[Mg].O,[*]C1=CC=C(C=C1)C(N[*])=O,[*]OCC[*],[*]C1=NC2=CC3=C(C=C2O1)OC(C4=CC=C(C=C4)[*])=N3,60,10.1016_j.addr.2016.06.012_part_4.txt_∂Œ1_Material1
O=C([*])C(C)O[*],C/C(C[*])=C/C[*],OCC1OC(C(C(C1[*])O)O)OC2C(C(C(OC2CO)O[*])O)O,OC1=C2C(C3(O)C4C5C6=C7C8C(C9=CC(C(O)=O)=C(C=C(C=C%10C(O)=O)C%11%12)C(C%11=C%13C%14C%15%16C%17(O%16)C%18C%19=C%20C%21=C%22C(C(O)=C%23)=C%24C%25C%21=C%26C%19=C%27C%17=C%28C%14(O)C%12=C%10C=C%28CC%27=CC%26=CC%25=C(C(O)=O)C=C%24)C9=C7C%13(O)C5=C%15C3=C%18C%29%30C%20(O%30)C%31C%22C%23=C%32)=CC(C(O)=O)=CC8=CC6=C(C(O)=O)C4=C2)=C%29C%33=C%31C%32=C(C(O)=O)C=C%331,[*]NC(C(N1CCCC1C(NCC(N2CC(CC2C(NC(C(NCC([*])=O)=O)CO)=O)O)=O)=O)=O)CCCCN,58,10.1016_j.carbpol.2019.115618_part_2.txt_∂Œ1_Material1
O=C([*])C(C)O[*],NCCC[Si](OCC)(OCC)OCC,,,,59.7,10.1016_j.clay.2016.10.046_part_3.txt_∂Œ1_Material1
O=C([*])C(C)O[*],CC(NC(C([*])C)=O)C(NC(C)C(NC(C)C(N[*])=O)=O)=O,OCC(C(C(C1N)O)O[*])OC1OC2C(OC(C(C2O)N)[*])CO,CC(NC(C([*])C)=O)C(NC(C)C(NC(C)C(N[*])=O)=O)=O,OCC1OC(C(C(C1[*])O)O)OC2C(C(C(OC2CO)O[*])O)O,55,10.1016_j.compositesa.2015.03.001_part_1.txt_∂Œ1_Material1
O=C([*])C(C)O[*],OCC1OC(C(C(C1[*])O)O)OC2C(C(C(OC2CO)O[*])O)O,OCC1OC(C(C(C1[*])O)O)OC2C(C(C(OC2CO)O[*])O)O,[*]OC1OC(CO)C(OC2C(O)C(O)C([*])C(CO)O2)C(O)C1O,,60,10.1016_j.compscitech.2010.06.005_part_1.txt_∂Œ1_Material1
O=C([*])C(C)O[*],O=C(C(C[*])[*])N,,,,50,10.1016_j.compscitech.2013.01.013_part_1.txt_∂Œ1_Material1
O=C([*])C(C)O[*],OCC1OC(C(C(C1[*])O)O)OC2C(C(C(OC2CO)O[*])O)O,OCC(O)CO,,,55,10.1016_j.compscitech.2018.12.021_part_6.txt_∂Œ1_Material1
O=C([*])C(C)O[*],[*]C(NC1=C(C)C(NC(OCCO[*])=O)=CC=C1)=O,[O-][Si]([O-])([O-])O[Si]([O-])([O-])[O-].[Ca+2],,,64,10.1016_j.compstruct.2016.06.026_part_3.txt_∂Œ1_Material1
O=C([*])C(C)O[*],[*]C(CCCCCO[*])=O,[O-][Si]([O-])([O-])O[Si]([O-])([O-])[O-].[Ca+2],[*]OCC[*],OCC(O)CO,50,10.1016_j.dental.2010.08.180_part_1.txt_∂Œ1_Material1
O=C([*])C(C)O[*],[*]OCC[*],OCC(O)CO,,,50,10.1016_j.eml.2020.101136_part_2.txt_∂Œ1_Material1
O=C([*])C(C)O[*],[*]OC1C(C(O)=O)OC(OC2C(NC(C)=O)C([*])OC(CO)C2O)C(O)C1O,CC(NC1C([C@@H](C(O[C@H]1O[*])CO)O[C@@H]2OC([C@H]([C@@H](C2NC(C)=O)O)[*])CO)O)=O,,,58,10.1016_j.ijbiomac.2019.10.168_part_2.txt_∂Œ1_Material1
O=C([*])C(C)O[*],CC(NC1C([C@@H](C(O[C@H]1O[*])CO)O[C@@H]2OC([C@H]([C@@H](C2NC(C)=O)O)[*])CO)O)=O,O=P([O-])([O-])[O-].[Ca+2].[Ca+2].[OH-],,,80,10.1016_j.ijbiomac.2019.10.168_part_4.txt_∂Œ1_Material1
O=C([*])C(C)O[*],[*]C(CCCCCO[*])=O,[*]OCC[*],O=[Ti]=O,OCC(O)CO,50,10.1016_j.ijmecsci.2013.05.008_part_3.txt_∂Œ1_Material1
O=C([*])C(C)O[*],[*]OCC[*],O=[Ti]=O,,,50,10.1016_j.ijmecsci.2016.04.021_part_2.txt_∂Œ1_Material1
O=C([*])C(C)O[*],O=[Ti]=O,[*]OCC[*],OCC(O)CO,,50,10.1016_j.ijmecsci.2017.09.004_part_11.txt_∂Œ1_Material1
O=C([*])C(C)O[*],O=[Mg].O=[Si]=O.O=[Si]=O.O=[Si]=O.O=[Si]=O.O=[Mg].O=[Mg].O,OCC1OC(C(C(C1[*])O)O)OC2C(C(C(OC2CO)O[*])O)O,,,55,10.1016_j.ijmecsci.2017.09.004_part_11.txt_∂Œ1_Material2
O=C([*])C(C)O[*],[O-][Si]([O-])([O-])O[Si]([O-])([O-])[O-].[Ca+2],[*]OCC[*],[*]OCCCCOC(CCC([*])=O)=O,,50,10.1016_j.ijplas.2011.10.007_part_3.txt_∂Œ1_Material1
O=C([*])C(C)O[*],O=[Ti]=O,[*]OCC[*],,,60,10.1016_j.jcis.2020.08.034_part_4.txt_∂Œ1_Material1
O=C([*])C(C)O[*],[*]OCC[*],[O-][Si]([O-])([O-])O[Si]([O-])([O-])[O-].[Ca+2],OCC1OC(C(C(C1[*])O)O)OC2C(C(C(OC2CO)O[*])O)O,,50,10.1016_j.jmbbm.2012.02.008_part_3.txt_∂Œ1_Material1
O=C([*])C(C)O[*],OCC(O)CO,OCC1OC(C(C(C1[*])O)O)OC2C(C(C(OC2CO)O[*])O)O,OCC1OC(C(C(C1[*])O)O)OC2C(C(C(OC2CO)O[*])O)O,,60,10.1016_j.jmbbm.2013.06.005_part_1.txt_∂Œ1_Material1
O=C([*])C(C)O[*],[Ag],[*]C(CCCCCO[*])=O,,,50,10.1016_j.jmbbm.2015.10.011_part_3.txt_∂Œ1_Material1
O=C([*])C(C)O[*],OCC(O)CO,O=[Mg].O=[Si]=O.O=[Si]=O.O=[Si]=O.O=[Si]=O.O=[Mg].O=[Mg].O,,,40,10.1016_j.jmbbm.2017.01.008_part_5.txt_∂Œ1_Material2
O=C([*])C(C)O[*],O=P([O-])([O-])[O-].[Ca+2].[Ca+2].[OH-],[*]O[C@@]([H])(C)C(O[C@](C)([H])C([*])=O)=O,,,59.7,10.1016_j.jmbbm.2017.10.036_part_7.txt_∂Œ1_Material1
O=C([*])C(C)O[*],[O-][Si]([O-])([O-])O[Si]([O-])([O-])[O-].[Ca+2],[*]OCC[*],,,50,10.1016_j.jmbbm.2017.11.037_part_4.txt_∂Œ1_Material1
O=C([*])C(C)O[*],[*]C(CCCCCO[*])=O,[*]C/C=C(C[*])\Cl,,,55,10.1016_j.jmbbm.2019.05.016_part_2.txt_∂Œ1_Material1
O=C([*])C(C)O[*],[O-][Si]([O-])([O-])O[Si]([O-])([O-])[O-].[Ca+2],OCC(O)CO,[*]OCC[*],,50,10.1016_j.jmbbm.2019.103595_part_1.txt_∂Œ1_Material1
O=C([*])C(C)O[*],[*]OC1C(C(O)=O)OC(OC2C(NC(C)=O)C([*])OC(CO)C2O)C(O)C1O,[Ag],,,53.8,10.1016_j.jmbbm.2021.104455_part_1.txt_∂Œ1_Material1
O=C([*])C(C)O[*],CC1=CC=C(C=C1N=C=O)N=C=O,O=C=NC(C=C1)=CC=C1CC2=CC=C(C=C2)N=C=O,CC1(CC(CC(C)(C1)C)N=C=O)CN=C=O,,61.2,10.1016_j.jmbbm.2021.104656_part_2.txt_∂Œ1_Material1
O=C([*])C(C)O[*],C[N+](CCO)(CCO)[3H],[*]C/C=C(C[*])\Cl,,,55,10.1016_j.matdes.2015.09.081_part_2.txt_∂Œ1_Material1
O=C([*])C(C)O[*],[*]C1C(C(C(OC1C(O[Na])=O)OC2C(C(O[Na])=O)OC(O[*])C(O)C2O)O)O,O=C(C1=CC=C(C=C1)C(OCC[*])=O)O[*],,,76.11,10.1016_j.matpr.2017.12.216_part_1.txt_∂Œ1_Material1
O=C([*])C(C)O[*],[*]OC1OC(CO)C(OC2C(O)C(O)C([*])C(CO)O2)C(O)C1O,OCC1OC(C(C(C1[*])O)O)OC2C(C(C(OC2CO)O[*])O)O,,,70,10.1016_j.matpr.2020.03.110_part_1.txt_∂Œ1_Material1
O=C([*])C(C)O[*],CC(NC(C([*])C)=O)C(NC(C)C(NC(C)C(N[*])=O)=O)=O,,,,55,10.1016_j.matpr.2021.06.425_part_1.txt_∂Œ1_Material2
O=C([*])C(C)O[*],[*]C(C)C[*],C[N+](CCO)(CCO)[3H],,,34,10.1016_j.polymdegradstab.2015.10.019_part_2.txt_∂Œ1_Material3
O=C([*])C(C)O[*],[*]CCC1C([*])C2CCC1C2,,,,70,10.1016_j.polymertesting.2018.05.004_part_1.txt_∂Œ1_Material1
O=C([*])C(C)O[*],C=C(C(OCC1CO1)=O)C,O=C=NC(C=C1)=CC=C1CC2=CC=C(C=C2)N=C=O,,,55,10.1021_acs.iecr.0c04285_part_3.txt_∂Œ1_Material1
O=C([*])C(C)O[*],[*]N1C(C2=CC3=C(C=C2C1=O)C(N(C3=O)C4=CC=C(C=C4)OC5=CC=C(C=C5)[*])=O)=O,[*]CC(COC1=CC=C(C=C1)C(C)(C)C2=CC=C(C=C2)O[*])O,,,56,10.1021_acssuschemeng.0c03463_part_2.txt_∂Œ1_Material1
O=C([*])C(C)O[*],O=C([*])OC1=CC=C(C=C1)C(C)(C)C2=CC=C(C=C2)O[*],[O-][Si]([O-])([O-])O[Si]([O-])([O-])[O-].[Ca+2],[Al],,51,10.1080_03602559.2013.866244_part_1.txt_∂Œ1_Material1
O=C([*])C(C)O[*],[*]C(C)C[*],[*]CC[*],[*]OCC[*],,50,10.1080_14658011.2020.1844522_part_1.txt_∂Œ1_Material1
O=C([*])C(C)O[*],[*]C(C)C[*],[*]CC[*],,,51.9,10.1080_14658011.2020.1844522_part_2.txt_∂Œ1_Material1
O=C([*])C(C)O[*],[*]C(N(CN(C(OCOC(N(CN(C(OCCO[*])=O)[H])[H])=O)=O)[H])[H])=O,OCC1OC(C(C(C1O[*])O)O)[*],,,57,10.1088_1757-899x_290_1_012081_part_1.txt_∂Œ1_Material1
O=C([*])C(C)O[*],OC1=C2C(C3(O)C4C5C6=C7C8C(C9=CC(C(O)=O)=C(C=C(C=C%10C(O)=O)C%11%12)C(C%11=C%13C%14C%15%16C%17(O%16)C%18C%19=C%20C%21=C%22C(C(O)=C%23)=C%24C%25C%21=C%26C%19=C%27C%17=C%28C%14(O)C%12=C%10C=C%28CC%27=CC%26=CC%25=C(C(O)=O)C=C%24)C9=C7C%13(O)C5=C%15C3=C%18C%29%30C%20(O%30)C%31C%22C%23=C%32)=CC(C(O)=O)=CC8=CC6=C(C(O)=O)C4=C2)=C%29C%33=C%31C%32=C(C(O)=O)C=C%331,OCC1OC(C(C(C1[*])O)O)OC2C(C(C(OC2CO)O[*])O)O,O=C(O)C([*])C[*],,62.62,10.1111_jfpp.15055_part_3.txt_∂Œ1_Material1
O=C([*])C(C)O[*],O=[Mg].O=[Si]=O.O=[Si]=O.O=[Si]=O.O=[Si]=O.O=[Mg].O=[Mg].O,[*]CC(COC1=CC=C(C=C1)C(C)(C)C2=CC=C(C=C2)O[*])O,,,55,10.3390_polym11020306_part_4.txt_∂Œ1_Material1
O=C([*])C(C)O[*],OCC1OC(C(C(C1[*])O)O)OC2C(C(C(OC2CO)O[*])O)O,[*]CC[*],,,50,10.3390_polym11020306_part_7.txt_∂Œ1_Material1
O=C([*])C(C)O[*],[*]OCCCCOC(CCC([*])=O)=O,[*]O[C@@]([H])(C)C(O[C@](C)([H])C([*])=O)=O,,,53.8,10.3390_polym12102362_part_2.txt_∂Œ1_Material2
O=C([*])C(C)O[*],[Zn]=O,[*]OCC[*],,,50,10.3390_polym13040580_part_2.txt_∂Œ1_Material4
O=C([*])C(C)O[*],OCC1OC(C(C(C1[*])O)O)OC2C(C(C(OC2CO)O[*])O)O,[*]NC(C(N1CCCC1C(NCC(N2CC(CC2C(NC(C(NCC([*])=O)=O)CO)=O)O)=O)=O)=O)CCCCN,,,60,10.3390_polym13081247_part_2.txt_∂Œ1_Material1
O=C([*])C(C)O[*],OCC(C(C(C1N)O)O[*])OC1OC2C(OC(C(C2O)N)[*])CO,OC1=C2C(C3(O)C4C5C6=C7C8C(C9=CC(C(O)=O)=C(C=C(C=C%10C(O)=O)C%11%12)C(C%11=C%13C%14C%15%16C%17(O%16)C%18C%19=C%20C%21=C%22C(C(O)=C%23)=C%24C%25C%21=C%26C%19=C%27C%17=C%28C%14(O)C%12=C%10C=C%28CC%27=CC%26=CC%25=C(C(O)=O)C=C%24)C9=C7C%13(O)C5=C%15C3=C%18C%29%30C%20(O%30)C%31C%22C%23=C%32)=CC(C(O)=O)=CC8=CC6=C(C(O)=O)C4=C2)=C%29C%33=C%31C%32=C(C(O)=O)C=C%331,,,76.88,10.3390_polym13111839_part_3.txt_∂Œ1_Material1
O=C([*])C(C)O[*],O=C(C1=CC=C(C([*])=O)C=C1)NC2=CCC(N[*])C=C2,O=C(C1=CC=C(C([*])=O)C=C1)NC2=CCC(N[*])C=C2,,,55,10.4028_www.scientific.net_amm.145.1_part_1.txt_∂Œ1_Material1
O=C([*])C(C)O[*],C/C(C[*])=C/C[*],[*]CCC1C([*])C2CCC1C2,[*]NC(C(N1CCCC1C(NCC(N2CC(CC2C(NC(C(NCC([*])=O)=O)CO)=O)O)=O)=O)=O)CCCCN,[H][O-],61.19,10.4028_www.scientific.net_amm.851.179_part_1.txt_∂Œ1_Material1
O=C([*])C(C)O[*],[*]CC[*],[*]CC[*],[*]CC[*],,71.3,10.4028_www.scientific.net_amr.627.233_part_1.txt_∂Œ1_Material1
O=C([*])C(C)O[*],[*]C1C(OC(C(C1O)O)OC2C(OC(C(C2O)O)O[*])CO)CO,OCC(O)CO,[*]CCCC([*])C(OC)=O,O=[Al]O[Al]=O.O=[Si]=O.O=[Si]=O.O=[Si]=O,52,10.4028_www.scientific.net_amr.684.75_part_1.txt_∂Œ1_Material1
O=C([*])C(C)O[*],O=C(O[Na])COCC(OC(C(C1O)O)[*])C1OC(C(C(C2O[*])O)O)OC2COCC(O[Na])=O,,,,59,10.4028_www.scientific.net_amr.747.157_part_1.txt_∂Œ1_Material1
O=C([*])C(C)O[*],OCC1OC(OC2C(O)C(O)C(O[*])OC2CO)C(O)C(O)C1[*],OCC1OC(C(C(C1[*])O)O)OC2C(C(C(OC2CO)O[*])O)O,OCC1OC(C(C(C1[*])O)O)OC2C(C(C(OC2CO)O[*])O)O,,60,10.4028_www.scientific.net_amr.747.698_part_1.txt_∂Œ1_Material1
O=C([*])C(C)O[*],O=[Mg].O=[Si]=O.O=[Si]=O.O=[Si]=O.O=[Si]=O.O=[Mg].O=[Mg].O,O=C([*])C(C)O[*],C=C(C(OCC1CO1)=O)C,,56.6,10.1002_adv.21875_part_2.txt_∂Œ1_Material1
O=C([*])C(C)O[*],CC1=CC(O)=C(C=C1CCCC(C2=C(C=C(C(C(C)(C)C)=C2)O)C)C3=CC(C(C)(C)C)=C(C=C3C)O)C(C)(C)C,CC1=CC(O)=C(C=C1CCCC(C2=C(C=C(C(C(C)(C)C)=C2)O)C)C3=CC(C(C)(C)C)=C(C=C3C)O)C(C)(C)C,,,60,10.1002_app.36426_part_1.txt_∂Œ1_Material1
O=C([*])C(C)O[*],[*]OCC[*],OCC1OC(C(C(C1[*])O)O)OC2C(C(C(OC2CO)O[*])O)O,,,58.6,10.1002_app.39183_part_2.txt_∂Œ1_Material1
O=C([*])C(C)O[*],[*]OCC[*],[*]OCCOC(CC(C([*])=O)C(C1CCCCC1)CC(CC(O)=O)C(OCCO)=O)=O,[*]C(F)(C(F)([*])F)F,OCC(O)CO,58,10.1002_app.49270_part_1.txt_∂Œ1_Material1
O=C([*])C(C)O[*],[*]CC(C1=CC=CC=C1)[*],OCC1OC(C(C(C1[*])O)O)OC2C(C(C(OC2CO)O[*])O)O,,,62,10.1002_app.49668_part_1.txt_∂Œ1_Material1
O=C([*])C(C)O[*],[*]C([H])([H])C(O)([H])[*],[*]OC1C(C(O)=O)OC(OC2C(NC(C)=O)C([*])OC(CO)C2O)C(O)C1O,,,66,10.1002_app.51534_part_2.txt_∂Œ1_Material1
O=C([*])C(C)O[*],[*]CC[*],O=C=NC(C=C1)=CC=C1CC2=CC=C(C=C2)N=C=O,,,60,10.1002_j.1941-9635.2017.tb01658.x_part_1.txt_∂Œ1_Material1
O=C([*])C(C)O[*],[*]C(C)C[*],C=C([CH3])C(=O)OC([CH3])[CH3],,,54,10.1002_pat.1954_part_1.txt_∂Œ1_Material1
O=C([*])C(C)O[*],OCC1OC(OC2C(O)C(O)C(O[*])OC2CO)C(O)C(O)C1[*],OCC1OC(OC2C(O)C(O)C(O[*])OC2CO)C(O)C(O)C1[*],[*]CC(C1=CC=CC=C1)[*],,53,10.1002_pc.21116_part_2.txt_∂Œ1_Material1
O=C([*])C(C)O[*],[H][Si]([H])([H])[H],OCC1OC(C(C(C1[*])O)O)OC2C(C(C(OC2CO)O[*])O)O,OCC1OC(C(C(C1[*])O)O)OC2C(C(C(OC2CO)O[*])O)O,,55,10.1002_pc.24747_part_2.txt_∂Œ1_Material1
O=C([*])C(C)O[*],[*]OC1C(C(O)=O)OC(OC2C(NC(C)=O)C([*])OC(CO)C2O)C(O)C1O,[O-][Si]([O-])([O-])O[Si]([O-])([O-])[O-].[Ca+2],,,55,10.1002_pc.25683_part_3.txt_∂Œ1_Material1
O=C([*])C(C)O[*],[*]C(C)C[*],OCC1OC(C(C(C1[*])O)O)OC2C(C(C(OC2CO)O[*])O)O,,,62.19,10.1002_pc.25835_part_3.txt_∂Œ1_Material1
O=C([*])C(C)O[*],[H][Si]([H])([H])[H],[*]OC1C(C(O)=O)OC(OC2C(NC(C)=O)C([*])OC(CO)C2O)C(O)C1O,,,56.6,10.1002_pc.25835_part_4.txt_∂Œ1_Material1
O=C([*])C(C)O[*],OCC1OC(C(C(C1[*])O)O)OC2C(C(C(OC2CO)O[*])O)O,OCC1OC(C(C(C1[*])O)O)OC2C(C(C(OC2CO)O[*])O)O,,,56,10.1002_pcr2.10081_part_1.txt_∂Œ1_Material1
O=C([*])C(C)O[*],O=[Al]O[Al]=O,,,,67.25,10.1002_vnl.21837_part_1.txt_∂Œ1_Material2
O=C([*])C(C)O[*],OCC1OC(C(C(C1O[*])O)O)[*],,,,59.28,10.1007_s10853-011-5605-6_part_1.txt_∂Œ1_Material1
O=C([*])C(C)O[*],[H][O-],C/C(C[*])=C/C[*],[H][Si]([H])([H])[H],,55.9,10.1007_s10924-011-0361-x_part_3.txt_∂Œ1_Material1
O=C([*])C(C)O[*],O=[Ti]=O,[*]CC[*],,,25,10.1007_s10924-019-01618-5_part_3.txt_∂Œ1_Material1
O=C([*])C(C)O[*],[*]C1C(C(C(OC1C(O[Na])=O)OC2C(C(O[Na])=O)OC(O[*])C(O)C2O)O)O,CC(NC(C([*])C)=O)C(NC(C)C(NC(C)C(N[*])=O)=O)=O,,,58.72,10.1007_s10973-019-09058-y_part_1.txt_∂Œ1_Material1
O=C([*])C(C)O[*],[*]CCCC([*])OC(C)=O,[*]CC(CC[*])O,OCC1OC(C(C(C1[*])O)O)OC2C(C(C(OC2CO)O[*])O)O,,60.85,10.1007_s12649-019-00738-2_part_2.txt_∂Œ1_Material1
O=C([*])C(C)O[*],[*]OC1C(C(O)=O)OC(OC2C(NC(C)=O)C([*])OC(CO)C2O)C(O)C1O,OCC(C(C(C1N)O)O[*])OC1OC2C(OC(C(C2O)N)[*])CO,,,60,10.1016_j.carbpol.2016.11.035_part_1.txt_∂Œ1_Material1
O=C([*])C(C)O[*],COC(C(C[*])([*])C)=O,OCC1OC(C(C(C1[*])O)O)OC2C(C(C(OC2CO)O[*])O)O,,,39.1,10.1016_j.carbpol.2019.02.074_part_1.txt_∂Œ1_Material1
O=C([*])C(C)O[*],OCC1OC(C(C(C1[*])O)O)OC2C(C(C(OC2CO)O[*])O)O,[*]C1C(C(C(OC1C(O[Na])=O)OC2C(C(O[Na])=O)OC(O[*])C(O)C2O)O)O,,,63,10.1016_j.cej.2019.123470_part_6.txt_∂Œ1_Material1
O=C([*])C(C)O[*],O=[Al]O[Al]=O,[Al],,,87,10.1016_j.compositesa.2019.105506_part_3.txt_∂Œ1_Material1
O=C([*])C(C)O[*],O=P([O-])([O-])[O-].[Ca+2].[Ca+2].[OH-],C[Si](O[*])(C)[*],[*]C(C)C[*],,61.3,10.1016_j.compstruct.2021.114267_part_1.txt_∂Œ1_Material1
O=C([*])C(C)O[*],[*]C(CCCCCO[*])=O,[*]OCC[*],[O-][Si]([O-])([O-])O[Si]([O-])([O-])[O-].[Ca+2],,50,10.1016_j.ensm.2019.05.026_part_6.txt_∂Œ1_Material1
O=C([*])C(C)O[*],[*]OC1C(O)C(O)C(OC2C(CO)OC([*])C(O)C2O)OC1CO,,,,60,10.1016_j.eurpolymj.2017.04.013_part_1.txt_∂Œ1_Material1
O=C([*])C(C)O[*],OCC(O)CO,C=C(C(OCC1CO1)=O)C,O=C(OOC(=O)C1=CC=CC=C1)C1=CC=CC=C1,,58.3,10.1016_j.indcrop.2019.111748_part_2.txt_∂Œ1_Material1
O=C([*])C(C)O[*],C=C(C(OCC1CO1)=O)C,[*]OCC[*],OCC(O)CO,,50,10.1016_j.matdes.2011.08.046_part_1.txt_∂Œ1_Material1
O=C([*])C(C)O[*],[*]NC(C)C(N1CCCC1C([*])=O)=O,[*]NC(C)C(N1CCCC1C([*])=O)=O,,,55.7,10.1016_j.mtcomm.2017.08.006_part_1.txt_∂Œ1_Material1
O=C([*])C(C)O[*],[Ag],[*]CC(C1=CC=C(C=C1)S(O)(=O)=O)[*],[*]NC(C)C(N1CCCC1C([*])=O)=O,,58,10.1016_j.orgel.2014.11.010_part_1.txt_∂Œ1_Material1
O=C([*])C(C)O[*],O=C(C1=CC=C(C=C1)C(OCC[*])=O)O[*],C=C(C(OCC1CO1)=O)C,,,50,10.1016_j.polymdegradstab.2021.109619_part_1.txt_∂Œ1_Material1
O=C([*])C(C)O[*],CC(NC(C([*])C)=O)C(NC(C)C(NC(C)C(N[*])=O)=O)=O,CC(NC(C([*])C)=O)C(NC(C)C(NC(C)C(N[*])=O)=O)=O,,,53,10.1016_j.reactfunctpolym.2017.06.013_part_2.txt_∂Œ1_Material1
O=C([*])C(C)O[*],O=C([*])C1=CC=C2C=C(C=CC2=C1)OC(C3=CC=C(C=C3)O[*])=O,OCC(C(C(C1N)O)O[*])OC1OC2C(OC(C(C2O)N)[*])CO,,,55,10.1021_acs.iecr.5b03473_part_1.txt_∂Œ1_Material1
O=C([*])C(C)O[*],[*]C(C)C[*],OCC(C(C(C1N)O)O[*])OC1OC2C(OC(C(C2O)N)[*])CO,[*]CC(C#N)[*],,55,10.1021_acssuschemeng.9b01016_part_1.txt_∂Œ1_Material1
O=C([*])C(C)O[*],[*]CCN[*],O=C(O[Na])COCC(OC(C(C1O)O)[*])C1OC(C(C(C2O[*])O)O)OC2COCC(O[Na])=O,,,55,10.1021_am401700n_part_1.txt_∂Œ1_Material1
O=C([*])C(C)O[*],[*]CC[*],[*]CC[*],,,59,10.1021_sc500767w_part_1.txt_∂Œ1_Material1
O=C([*])C(C)O[*],OCC(O)CO,OCC1OC(C(C(C1[*])O)O)OC2C(C(C(OC2CO)O[*])O)O,[*]CC[*],,59.5,10.1177_0021998315616274_part_1.txt_∂Œ1_Material1
O=C([*])C(C)O[*],[*]OCC[*],C/C(C[*])=C/C[*],C/C(C[*])=C/C[*],,70.5,10.1177_0095244318758156_part_2.txt_∂Œ1_Material1
O=C([*])C(C)O[*],[*]CC(C1=CC=CC=C1)[*],[*]OC1C(C(O)=O)OC(OC2C(NC(C)=O)C([*])OC(CO)C2O)C(O)C1O,,,55,10.1177_0892705711417029_part_2.txt_∂Œ1_Material1
O=C([*])C(C)O[*],[*]C(C)C[*],[*]C(C)C[*],,,74.55,10.1177_0892705717734595_part_1.txt_∂Œ1_Material1
O=C([*])C(C)O[*],[*]CCC1C([*])C2CCC1C2,OCC1OC(C(C(C1[*])O)O)OC2C(C(C(OC2CO)O[*])O)O,[*]CC[*],,62,10.1177_0892705718811895_part_2.txt_∂Œ1_Material1
O=C([*])C(C)O[*],[O-][Si]([O-])([O-])O[Si]([O-])([O-])[O-].[Ca+2],OCC(O)CO,O=[Ti]=O,,50,10.1177_0954406214552683_part_3.txt_∂Œ1_Material1
O=C([*])C(C)O[*],O=[Al]O[Al]=O.O=[Si]=O.O=[Si]=O.O=[Si]=O,OCC1OC(OC2C(O)C(O)C(O[*])OC2CO)C(O)C(O)C1[*],,,58.3,10.1177_096739111602400910_part_1.txt_∂Œ1_Material1
O=C([*])C(C)O[*],OCC1OC(C(C(C1O[*])O)O)[*],[*]NC(C(N1CCCC1C(NCC(N2CC(CC2C(NC(C(NCC([*])=O)=O)CO)=O)O)=O)=O)=O)CCCCN,,,94,10.1557_mrc.2018.193_part_1.txt_∂Œ1_Material1
O=C([*])C(C)O[*],CCCC[Sn](CCCC)(OC(CCCCCCCCCCC)=O)OC(CCCCCCCCCCC)=O,,,,53.9,10.2147_roc.s83366_part_2.txt_∂Œ1_Material1
O=C([*])C(C)O[*],C(CC=O)CC=O,,,,55,10.3390_catal11020167_part_3.txt_∂Œ1_Material1
O=C([*])C(C)O[*],COC1=CC(/C=C/C=O)=CC(OC2=CC(C(C(OC3=CC=C(C=C3OC)C(C(CO)=O)O)CO)O)=CC=C2OC4=CC(C(C(COC5=CC=C(C=C5)C(C(CO)=O)O)=O)O)=CC=C4O)=C1,OCC(C(C(C1N)O)O[*])OC1OC2C(OC(C(C2O)N)[*])CO,OCC(C(C(C1N)O)O[*])OC1OC2C(OC(C(C2O)N)[*])CO,,60,10.3390_molecules26010126_part_3.txt_∂Œ1_Material1
O=C([*])C(C)O[*],O=C(C(C[*])[*])N,[H][O-],,,61.52,10.3390_polym10040403_part_2.txt_∂Œ1_Material1
O=C([*])C(C)O[*],OCC1OC(C(C(C1[*])O)O)OC2C(C(C(OC2CO)O[*])O)O,[*]OC1C(C(O)=O)OC(OC2C(NC(C)=O)C([*])OC(CO)C2O)C(O)C1O,,,61,10.3390_polym11061009_part_2.txt_∂Œ1_Material1
O=C([*])C(C)O[*],OCC1OC(C(C(C1[*])O)O)OC2C(C(C(OC2CO)O[*])O)O,OCC1OC(OC2C(O)C(O)C(O[*])OC2CO)C(O)C(O)C1[*],OCC1OC(C(C(C1[*])O)O)OC2C(C(C(OC2CO)O[*])O)O,,60,10.3390_polym11071146_part_2.txt_∂Œ1_Material1
O=C([*])C(C)O[*],OCC1OC(C(C(C1[*])O)O)OC2C(C(C(OC2CO)O[*])O)O,[*]CC(C1=CC=CC=C1)[*],,,58.4,10.3390_polym12040812_part_2.txt_∂Œ1_Material3
O=C([*])C(C)O[*],N#CC(C1=CC=CC=N1)C1=CC=CC=C1,C/C(C[*])=C/C[*],,,50.9,10.3390_polym13071101_part_1.txt_∂Œ1_Material1
O=C([*])C(C)O[*],OCC1OC(C(C(C1O[*])O)O)[*],OCC1OC(C(C(C1[*])O)O)OC2C(C(C(OC2CO)O[*])O)O,,,63.5,10.3390_polym13081288_part_2.txt_∂Œ1_Material1
O=C([*])C(C)O[*],[*]OCC[*],[*]CCCC([*])C(OC)=O,,,50,10.3390_polym13081326_part_7.txt_∂Œ1_Material1
O=C([*])C(C)O[*],CCOC(=O)C(O)(CC(=O)OCC)CC(=O)OCC,OCC(C(C(C1N)O)O[*])OC1OC2C(OC(C(C2O)N)[*])CO,,,61.6,10.3390_polym9090406_part_3.txt_∂Œ1_Material3
O=C([*])C(C)O[*],[*]NC(C(N1CCCC1C(NCC(N2CC(CC2C(NC(C(NCC([*])=O)=O)CO)=O)O)=O)=O)=O)CCCCN,OCC1OC(C(C(C1[*])O)O)OC2C(C(C(OC2CO)O[*])O)O,,,56.97,10.4028_www.scientific.net_amm.873.95_part_1.txt_∂Œ1_Material1
O=C([*])C(C)O[*],[O-][Si]([O-])([O-])O[Si]([O-])([O-])[O-].[Ca+2],CC(NC(C([*])C)=O)C(NC(C)C(NC(C)C(N[*])=O)=O)=O,,,55,10.4028_www.scientific.net_kem.821.506_part_1.txt_∂Œ1_Material2
O=C([*])C(C)O[*],OCC1OC(C(C(C1[*])O)O)OC2C(C(C(OC2CO)O[*])O)O,CC(NC(C([*])C)=O)C(NC(C)C(NC(C)C(N[*])=O)=O)=O,,,60,10.4028_www.scientific.net_kem.821.506_part_1.txt_∂Œ1_Material3
O=C([*])C(C)O[*],[*]CCCC([*])OC(C)=O,OCC(O)CO,,,55,10.1002_app.35271_part_1.txt_∂Œ1_Material1
O=C([*])C(C)O[*],[*]C1C(C(C(OC1C(O[Na])=O)OC2C(C(O[Na])=O)OC(O[*])C(O)C2O)O)O,[O-][Si]([O-])([O-])O[Si]([O-])([O-])[O-].[Ca+2],,,50,10.1002_app.49752_part_1.txt_∂Œ1_Material1
O=C([*])C(C)O[*],[O-][Si]([O-])([O-])O[Si]([O-])([O-])[O-].[Ca+2],[*]C1C(C(C(OC1C(O[Na])=O)OC2C(C(O[Na])=O)OC(O[*])C(O)C2O)O)O,,,65.58,10.1002_app.49752_part_3.txt_∂Œ1_Material1
O=C([*])C(C)O[*],[*]C1C(O)C(O)C(OC2C(O)C(O)C(O[*])OC2COCCO)OC1COCCO,,,,60,10.1002_ddr.20435_part_1.txt_∂Œ1_Material1
O=C([*])C(C)O[*],[*]CCCC([*])C(OC)=O,[*]CC[*],,,67,10.1002_pc.22236_part_1.txt_∂Œ1_Material1
O=C([*])C(C)O[*],[*]C1C(C(C(OC1C(O[Na])=O)OC2C(C(O[Na])=O)OC(O[*])C(O)C2O)O)O,OCC1OC(C(C(C1[*])O)O)OC2C(C(C(OC2CO)O[*])O)O,OC1=C2C(C3(O)C4C5C6=C7C8C(C9=CC(C(O)=O)=C(C=C(C=C%10C(O)=O)C%11%12)C(C%11=C%13C%14C%15%16C%17(O%16)C%18C%19=C%20C%21=C%22C(C(O)=C%23)=C%24C%25C%21=C%26C%19=C%27C%17=C%28C%14(O)C%12=C%10C=C%28CC%27=CC%26=CC%25=C(C(O)=O)C=C%24)C9=C7C%13(O)C5=C%15C3=C%18C%29%30C%20(O%30)C%31C%22C%23=C%32)=CC(C(O)=O)=CC8=CC6=C(C(O)=O)C4=C2)=C%29C%33=C%31C%32=C(C(O)=O)C=C%331,,67,10.1002_pc.22236_part_2.txt_∂Œ1_Material1
O=C([*])C(C)O[*],O=P([O-])([O-])[O-].[Ca+2].[Ca+2].[OH-],[O-][Si]([O-])([O-])O[Si]([O-])([O-])[O-].[Ca+2],,,50,10.1002_pc.25807_part_1.txt_∂Œ1_Material1
O=C([*])C(C)O[*],[*]OCC[*],OCC(O)CO,O=[Ti]=O,C=C(C(OCC1CO1)=O)C,50,10.1016_j.addma.2018.07.009_part_8.txt_∂Œ1_Material1
O=C([*])C(C)O[*],C12=C3C(C=CC4C3=C5C(CC6=CC7=C8C9=C(C(C=C%10)=CC=C9C=C7)C%11=C%10C%12)=CC4)=CC=C1C=C%12C%13=C%11C8=C6C5=C2%13,OCC1OC(C(C(C1[*])O)O)OC2C(C(C(OC2CO)O[*])O)O,,,55,10.1016_j.addma.2018.07.009_part_8.txt_∂Œ1_Material2
O=C([*])C(C)O[*],OCC1OC(C(C(C1[*])O)O)OC2C(C(C(OC2CO)O[*])O)O,OCC1OC(C(C(C1O[*])O)O)[*],,,31.3,10.1016_j.compositesb.2018.11.139_part_1.txt_∂Œ1_Material1
O=C([*])C(C)O[*],[*]C(CCCCCO[*])=O,[*]C(CCCCC(OCCCCO[*])=O)=O,[O-][Si]([O-])([O-])O[Si]([O-])([O-])[O-].[Ca+2],,50,10.1016_j.ijmecsci.2018.09.057_part_3.txt_∂Œ1_Material1
O=C([*])C(C)O[*],COC(C(C[*])([*])C)=O,C/C(C[*])=C/C[*],,,63.5,10.1021_acssuschemeng.8b00267_part_3.txt_∂Œ1_Material1
O=C([*])C(C)O[*],C/C(C[*])=C/C[*],[Fe]12O[Fe]O[Fe](O2)O1,,,60,10.1021_acssuschemeng.8b05025_part_4.txt_∂Œ1_Material1
O=C([*])C(C)O[*],[O-][Si]([O-])([O-])O[Si]([O-])([O-])[O-].[Ca+2],[*]OCC[*],OCC(O)CO,,55,10.1039_c4dt02954b_part_2.txt_∂Œ1_Material1
O=C([*])C(C)O[*],COC(C(C[*])([*])C)=O,OC1=C2C(C3(O)C4C5C6=C7C8C(C9=CC(C(O)=O)=C(C=C(C=C%10C(O)=O)C%11%12)C(C%11=C%13C%14C%15%16C%17(O%16)C%18C%19=C%20C%21=C%22C(C(O)=C%23)=C%24C%25C%21=C%26C%19=C%27C%17=C%28C%14(O)C%12=C%10C=C%28CC%27=CC%26=CC%25=C(C(O)=O)C=C%24)C9=C7C%13(O)C5=C%15C3=C%18C%29%30C%20(O%30)C%31C%22C%23=C%32)=CC(C(O)=O)=CC8=CC6=C(C(O)=O)C4=C2)=C%29C%33=C%31C%32=C(C(O)=O)C=C%331,C/C(C[*])=C/C[*],,60.7,10.1080_25740881.2019.1695265_part_2.txt_∂Œ1_Material1
O=C([*])C(C)O[*],[*]C(CCCCCO[*])=O,[O-][Si]([O-])([O-])O[Si]([O-])([O-])[O-].[Ca+2],,,55,10.1111_ffe.12339_part_2.txt_∂Œ1_Material1
O=C([*])C(C)O[*],OCC1OC(C(C(C1[*])O)O)OC2C(C(C(OC2CO)O[*])O)O,OC1=C2C(C3(O)C4C5C6=C7C8C(C9=CC(C(O)=O)=C(C=C(C=C%10C(O)=O)C%11%12)C(C%11=C%13C%14C%15%16C%17(O%16)C%18C%19=C%20C%21=C%22C(C(O)=C%23)=C%24C%25C%21=C%26C%19=C%27C%17=C%28C%14(O)C%12=C%10C=C%28CC%27=CC%26=CC%25=C(C(O)=O)C=C%24)C9=C7C%13(O)C5=C%15C3=C%18C%29%30C%20(O%30)C%31C%22C%23=C%32)=CC(C(O)=O)=CC8=CC6=C(C(O)=O)C4=C2)=C%29C%33=C%31C%32=C(C(O)=O)C=C%331,,,60,10.1177_1528083721993943_part_4.txt_∂Œ1_Material3
O=C([*])C(C)O[*],O=[Mg].O=[Si]=O.O=[Si]=O.O=[Si]=O.O=[Si]=O.O=[Mg].O=[Mg].O,CC1=CC(O)=C(C=C1CCCC(C2=C(C=C(C(C(C)(C)C)=C2)O)C)C3=CC(C(C)(C)C)=C(C=C3C)O)C(C)(C)C,,,65,10.1177_1528083721993943_part_4.txt_∂Œ1_Material4
O=C([*])C(C)O[*],OCC(O)CO,O=[Mg].O=[Si]=O.O=[Si]=O.O=[Si]=O.O=[Si]=O.O=[Mg].O=[Mg].O,O=[Ti]=O,[O-][Si]([O-])([O-])O[Si]([O-])([O-])[O-].[Ca+2],55,10.1002_adma.201603612_part_5.txt_∂Œ1_Material1
O=C([*])C(C)O[*],[*]C(CCCCCO[*])=O,[*]OCC[*],[O-][Si]([O-])([O-])O[Si]([O-])([O-])[O-].[Ca+2],O=[Ti]=O,50,10.1016_j.ijmecsci.2018.06.008_part_4.txt_∂Œ1_Material1
O=C([*])C(C)O[*],O=C([*])C(C)O[*],[*]OCC[*],,,60,10.1002_adv.21779_part_1.txt_∂Œ1_Material1
O=C([*])C(C)O[*],[*]OCC[*],OCC1OC(OC2C(O)C(O)C(O[*])OC2CO)C(O)C(O)C1[*],,,61.5,10.1002_adv.21779_part_2.txt_∂Œ1_Material1
O=C([*])C(C)O[*],OCC1OC(OC2C(O)C(O)C(O[*])OC2CO)C(O)C(O)C1[*],[*]C1C(C(C(OC1C(O[Na])=O)OC2C(C(O[Na])=O)OC(O[*])C(O)C2O)O)O,,,55,10.1002_app.35039_part_1.txt_∂Œ1_Material3
O=C([*])C(C)O[*],[*]CC(CCCC(CC)CC([*])C1=CC=CC=C1)C2=CC=CC=C2,O=[Al]O[Al]=O.O=[Si]=O.O=[Si]=O.O=[Si]=O,,,61,10.1002_app.35084_part_1.txt_∂Œ1_Material1
O=C([*])C(C)O[*],[*]OCCCCOC(CCC([*])=O)=O,[*]CCC(CCCC(CCCC(C[*])C)C)C,,,59,10.1002_app.36920_part_2.txt_∂Œ1_Material1
O=C([*])C(C)O[*],[*]OC1C(C(O)=O)OC(OC2C(NC(C)=O)C([*])OC(CO)C2O)C(O)C1O,[*]C1C(C(C(OC1C(O[Na])=O)OC2C(C(O[Na])=O)OC(O[*])C(O)C2O)O)O,,,62,10.1002_app.38358_part_1.txt_∂Œ1_Material1
O=C([*])C(C)O[*],[*]C(CCCCC(OCCCCO[*])=O)=O,COC(C(C[*])([*])C)=O,,,48,10.1002_app.38968_part_1.txt_∂Œ1_Material1
O=C([*])C(C)O[*],NC1=NC(N)=NC(N)=N1,[H][Si]([H])([H])[H],,,55,10.1002_app.45681_part_1.txt_∂Œ1_Material1
O=C([*])C(C)O[*],[*]OC1C(C(O)=O)OC(OC2C(NC(C)=O)C([*])OC(CO)C2O)C(O)C1O,[*]CCC(CCCC(CCCC(C[*])C)C)C,,,67.2,10.1002_app.49646_part_2.txt_∂Œ1_Material4
O=C([*])C(C)O[*],[O-][Si]([O-])([O-])O[Si]([O-])([O-])[O-].[Ca+2],[*]CC(COC1=CC=C(C=C1)C(C)(C)C2=CC=C(C=C2)O[*])O,[O-][Si]([O-])([O-])O[Si]([O-])([O-])[O-].[Ca+2],,55,10.1002_jbm.b.34764_part_1.txt_∂Œ1_Material1
O=C([*])C(C)O[*],OC[C@@H]([C@H]([C@@H]([C@@H](CO)O)O)O)O,OCC(O)CO,,,20.7,10.1002_pat.4517_part_1.txt_∂Œ1_Material1
O=C([*])C(C)O[*],[*]C1=C(C=CN2)C2=C([*])C(O)=C1O,[*]OC1C(C(O)=O)OC(OC2C(NC(C)=O)C([*])OC(CO)C2O)C(O)C1O,,,60,10.1002_pat.4652_part_3.txt_∂Œ1_Material1
O=C([*])C(C)O[*],OCC(C(C(C1N)O)O[*])OC1OC2C(OC(C(C2O)N)[*])CO,OCC1OC(C(C(C1[*])O)O)OC2C(C(C(OC2CO)O[*])O)O,,,50,10.1002_pat.5355_part_2.txt_∂Œ1_Material1
O=C([*])C(C)O[*],[*]OCC[*],CC(NC(C([*])C)=O)C(NC(C)C(NC(C)C(N[*])=O)=O)=O,,,59.2,10.1002_pc.23674_part_1.txt_∂Œ1_Material1
O=C([*])C(C)O[*],O=C([*])C(C)O[*],O=C([*])C(C)O[*],,,56.8,10.1002_pc.24971_part_1.txt_∂Œ1_Material1
O=C([*])C(C)O[*],[*]CC(C1=CC=CC=C1)[*],OCC(O)CO,OCC1OC(C(C(C1[*])O)O)OC2C(C(C(OC2CO)O[*])O)O,,59,10.1002_pen.21896_part_1.txt_∂Œ1_Material1
O=C([*])C(C)O[*],[*]OCC[*],[Na+].[Cl-],,,57.9,10.1002_pen.24073_part_1.txt_∂Œ1_Material1
O=C([*])C(C)O[*],[*]OCC[*],[*]CCC(CCCC(CCCC(C[*])C)C)C,,,54.98,10.1002_pen.24350_part_1.txt_∂Œ1_Material1
O=C([*])C(C)O[*],OC1=C2C(C3(O)C4C5C6=C7C8C(C9=CC(C(O)=O)=C(C=C(C=C%10C(O)=O)C%11%12)C(C%11=C%13C%14C%15%16C%17(O%16)C%18C%19=C%20C%21=C%22C(C(O)=C%23)=C%24C%25C%21=C%26C%19=C%27C%17=C%28C%14(O)C%12=C%10C=C%28CC%27=CC%26=CC%25=C(C(O)=O)C=C%24)C9=C7C%13(O)C5=C%15C3=C%18C%29%30C%20(O%30)C%31C%22C%23=C%32)=CC(C(O)=O)=CC8=CC6=C(C(O)=O)C4=C2)=C%29C%33=C%31C%32=C(C(O)=O)C=C%331,O=C([*])C(C)O[*],,,55.5,10.1002_pi.4290_part_2.txt_∂Œ1_Material1
O=C([*])C(C)O[*],C/C(C[*])=C/C[*],OCC1OC(C(C(C1[*])O)O)OC2C(C(C(OC2CO)O[*])O)O,,,58.45,10.1002_pi.5767_part_3.txt_∂Œ1_Material1
O=C([*])C(C)O[*],[*]CC[*],[*]C(C)C[*],,,61,10.1002_pi.6058_part_5.txt_∂Œ1_Material1
O=C([*])C(C)O[*],[*]CC(COC1=CC=C(C=C1)C(C)(C)C2=CC=C(C=C2)O[*])O,[*]OC1C(C(O)=O)OC(OC2C(NC(C)=O)C([*])OC(CO)C2O)C(O)C1O,,,54,10.1002_polb.23467_part_1.txt_∂Œ1_Material1
O=C([*])C(C)O[*],OCC(C(C(C1N)O)O[*])OC1OC2C(OC(C(C2O)N)[*])CO,[*]OC1C(C(O)=O)OC(OC2C(NC(C)=O)C([*])OC(CO)C2O)C(O)C1O,,,61.1,10.1002_vnl.21816_part_2.txt_∂Œ1_Material1
O=C([*])C(C)O[*],O=C=NC(C=C1)=CC=C1CC2=CC=C(C=C2)N=C=O,OCC1OC(C(C(C1[*])O)O)OC2C(C(C(OC2CO)O[*])O)O,,,58,10.1007_s00107-024-02153-4_OA_part_3.txt_∂Œ1_Material1
O=C([*])C(C)O[*],OC1=C2C(C3(O)C4C5C6=C7C8C(C9=CC(C(O)=O)=C(C=C(C=C%10C(O)=O)C%11%12)C(C%11=C%13C%14C%15%16C%17(O%16)C%18C%19=C%20C%21=C%22C(C(O)=C%23)=C%24C%25C%21=C%26C%19=C%27C%17=C%28C%14(O)C%12=C%10C=C%28CC%27=CC%26=CC%25=C(C(O)=O)C=C%24)C9=C7C%13(O)C5=C%15C3=C%18C%29%30C%20(O%30)C%31C%22C%23=C%32)=CC(C(O)=O)=CC8=CC6=C(C(O)=O)C4=C2)=C%29C%33=C%31C%32=C(C(O)=O)C=C%331,[*]OCC[*],,,45.9,10.1007_s00289-014-1251-x_part_2.txt_∂Œ1_Material1
O=C([*])C(C)O[*],[*]CC[*],C/C(C[*])=C/C[*],,,66,10.1007_s00289-016-1889-7_part_3.txt_∂Œ1_Material3
O=C([*])C(C)O[*],OCC(O)CO,[*]CC(C1=CC=CC=C1)[*],,,36.8,10.1007_s00289-017-1992-4_part_1.txt_∂Œ1_Material1
O=C([*])C(C)O[*],[*]CC(C1=CC=CC=C1)[*],C1OC1C[N+]([CH3])([CH3])[CH3].[Cl-],,,59.5,10.1007_s00289-017-1992-4_part_3.txt_∂Œ1_Material1
O=C([*])C(C)O[*],[Ag],OCC(O)CO,,,55,10.1007_s00289-017-1992-4_part_4.txt_∂Œ1_Material1
O=C([*])C(C)O[*],[*]C(CCCCCO[*])=O,[*]C([C@H](C)OC([C@H](C)O[*])=O)=O,,,64,10.1007_s10853-011-5766-3_part_1.txt_∂Œ1_Material1
O=C([*])C(C)O[*],[*]CC(COC1=CC=C(C=C1)C(C)(C)C2=CC=C(C=C2)O[*])O,,,,55.5,10.1007_s10853-016-9838-2_part_2.txt_∂Œ1_Material1
O=C([*])C(C)O[*],N#CC(C1=CC=CC=N1)C1=CC=CC=C1,[*]CCC(CCCC(CCCC(C[*])C)C)C,[*]CCC(CCCC(CCCC(C[*])C)C)C,,50,10.1007_s10853-016-9838-2_part_3.txt_∂Œ1_Material1
O=C([*])C(C)O[*],[*]C1C(C(C(OC1C(O[Na])=O)OC2C(C(O[Na])=O)OC(O[*])C(O)C2O)O)O,O=P([O-])([O-])[O-].[Ca+2].[Ca+2].[OH-],,,67.95,10.1007_s10853-019-03537-1_part_1.txt_∂Œ1_Material1
O=C([*])C(C)O[*],O=S([CH3])[CH3],[*]OC1C(C(O)=O)OC(OC2C(NC(C)=O)C([*])OC(CO)C2O)C(O)C1O,OCC(C(C(C1N)O)O[*])OC1OC2C(OC(C(C2O)N)[*])CO,[*]OC1C(C(O)=O)OC(OC2C(NC(C)=O)C([*])OC(CO)C2O)C(O)C1O,62.2,10.1007_s10853-021-06501-0_OA_part_2.txt_∂Œ1_Material1
O=C([*])C(C)O[*],O=P([O-])([O-])[O-].[Ca+2].[Ca+2].[OH-],[*]OC1C(C(O)=O)OC(OC2C(NC(C)=O)C([*])OC(CO)C2O)C(O)C1O,,,63.25,10.1007_s10856-010-4110-9_part_1.txt_∂Œ1_Material1
O=C([*])C(C)O[*],[O-][Si]([O-])([O-])O[Si]([O-])([O-])[O-].[Ca+2],[*]CC(C1=CC=CC=C1)[*],,,60,10.1007_s10856-020-06394-6_part_1.txt_∂Œ1_Material1
O=C([*])C(C)O[*],[*]C([H])([H])C(O)([H])[*],C/C(C[*])=C/C[*],,,58.5,10.1007_s10924-012-0531-5_part_2.txt_∂Œ1_Material1
O=C([*])C(C)O[*],[*]OC1C(C(O)=O)OC(OC2C(NC(C)=O)C([*])OC(CO)C2O)C(O)C1O,[O-]S(C1=CC=CC(O)=C1)(=O)=O.[Na+],[*]OC1C(C(O)=O)OC(OC2C(NC(C)=O)C([*])OC(CO)C2O)C(O)C1O,,59.4,10.1007_s10924-013-0594-y_part_2.txt_∂Œ1_Material1
O=C([*])C(C)O[*],[*]NC(C(N1CCCC1C(NCC(N2CC(CC2C(NC(C(NCC([*])=O)=O)CO)=O)O)=O)=O)=O)CCCCN,O=C([*])C(C)O[*],,,59,10.1007_s10924-020-01936-z_part_2.txt_∂Œ1_Material1
O=C([*])C(C)O[*],C/C(C[*])=C/C[*],O=[Si]=O,,,57.3,10.1007_s10924-021-02063-z_part_2.txt_∂Œ1_Material3
O=C([*])C(C)O[*],[*]C(C)C[*],OCC(O)CO,,,61,10.1007_s10924-023-02949-0_OA_part_2.txt_∂Œ1_Material1
O=C([*])C(C)O[*],[*]CC(C#N)[*],,,,61.3,10.1007_s10924-025-03563-y_OA_part_2.txt_∂Œ1_Material1
O=C([*])C(C)O[*],O=[Mg].O=[Si]=O.O=[Si]=O.O=[Si]=O.O=[Si]=O.O=[Mg].O=[Mg].O,[*]OCC[*],,,62,10.1007_s10973-014-4037-3_part_1.txt_∂Œ1_Material1
O=C([*])C(C)O[*],O=C([*])C(C)O[*],[*]CCC(CCCC(CCCC(C[*])C)C)C,,,59.18,10.1007_s10973-014-4084-9_part_1.txt_∂Œ1_Material1
O=C([*])C(C)O[*],C/C(C[*])=C/C[*],COC(C(C[*])([*])C)=O,,,63,10.1007_s13233-014-2102-1_part_2.txt_∂Œ1_Material1
O=C([*])C(C)O[*],OCC1OC(C(C(C1[*])O)O)OC2C(C(C(OC2CO)O[*])O)O,[*]CC(CCCC(CC)CC([*])C1=CC=CC=C1)C2=CC=CC=C2,,,61.14,10.1007_s13726-019-00733-3_part_2.txt_∂Œ1_Material1
O=C([*])C(C)O[*],OCC1OC(C(C(C1[*])O)O)OC2C(C(C(OC2CO)O[*])O)O,OCC1OC(C(C(C1[*])O)O)OC2C(C(C(OC2CO)O[*])O)O,OCC1OC(C(C(C1[*])O)O)OC2C(C(C(OC2CO)O[*])O)O,,55,10.1007_s40964-022-00356-w_OA_part_2.txt_∂Œ1_Material1
O=C([*])C(C)O[*],[*]NCC(NC(C(ONCC(NC(C(NCC(NC(C([*])=O)C)=O)=O)C)=O)=O)CO)=O,[*]CCC(CCCC(CCCC(C[*])C)C)C,CC(NC(C([*])C)=O)C(NC(C)C(NC(C)C(N[*])=O)=O)=O,,50.2,10.1007_s41783-017-0022-1_part_1.txt_∂Œ1_Material1
O=C([*])C(C)O[*],[*]NCC(NC(C(ONCC(NC(C(NCC(NC(C([*])=O)C)=O)=O)C)=O)=O)CO)=O,[*]CCC(CCCC(CCCC(C[*])C)C)C,,,57.2,10.1007_s41783-017-0022-1_part_2.txt_∂Œ1_Material3
O=C([*])C(C)O[*],[*]CCC(CCCC(CCCC(C[*])C)C)C,CC(NC(C([*])C)=O)C(NC(C)C(NC(C)C(N[*])=O)=O)=O,,,55,10.1007_s41783-017-0023-0_part_1.txt_∂Œ1_Material1
O=C([*])C(C)O[*],[Ag],OCC1OC(C(C(C1[*])O)O)OC2C(C(C(OC2CO)O[*])O)O,,,60,10.1016_j.carbpol.2013.11.052_part_1.txt_∂Œ1_Material1
O=C([*])C(C)O[*],[Ag],O=C([*])OC1=CC=C(C=C1)C(C)(C)C2=CC=C(C=C2)O[*],,,67,10.1016_j.carbpol.2013.11.052_part_2.txt_∂Œ1_Material4
O=C([*])C(C)O[*],[*]CCCC([*])OC(C)=O,C12=CC3=CC4=CC=CN=C4N=C3N=C1N=C5N=C6N=CC=CC6=CC5=C2,,,50,10.1016_j.carbpol.2015.10.094_part_5.txt_∂Œ1_Material1
O=C([*])C(C)O[*],OCC1OC(C(C(C1[*])O)O)OC2C(C(C(OC2CO)O[*])O)O,[*]C(CCCCC(OCCCCO[*])=O)=O,,,65.4,10.1016_j.cej.2021.130558_part_2.txt_∂Œ1_Material1
O=C([*])C(C)O[*],[*]C(C)C[*],O=[Al]O[Al]=O.O=[Si]=O.O=[Si]=O.O=[Si]=O,,,55,10.1016_j.compositesa.2014.12.005_part_2.txt_∂Œ1_Material1
O=C([*])C(C)O[*],OCC(O)CO,[*]OCC[*],,,50,10.1016_j.compositesb.2015.12.016_part_5.txt_∂Œ1_Material1
O=C([*])C(C)O[*],[*]OCC[*],[*]C(C)C[*],,,60.1,10.1016_j.compscitech.2018.11.015_part_2.txt_∂Œ1_Material1
O=C([*])C(C)O[*],O=[Ti]=O,[*]OCC[*],OCC(O)CO,C=C(C(OCC1CO1)=O)C,50,10.1016_j.compstruct.2013.05.026_part_2.txt_∂Œ1_Material1
O=C([*])C(C)O[*],[*]OC1C(C(O)=O)OC(OC2C(NC(C)=O)C([*])OC(CO)C2O)C(O)C1O,[H][Si]([H])([H])[H],,,50,10.1016_j.ijbiomac.2017.05.184_part_6.txt_∂Œ1_Material1
O=C([*])C(C)O[*],COC1=CC(/C=C/C=O)=CC(OC2=CC(C(C(OC3=CC=C(C=C3OC)C(C(CO)=O)O)CO)O)=CC=C2OC4=CC(C(C(COC5=CC=C(C=C5)C(C(CO)=O)O)=O)O)=CC=C4O)=C1,C=CCN1C(=O)N(CC=C)C(=O)N(CC=C)C1=O,,,55.4,10.1016_j.ijbiomac.2018.10.057_part_3.txt_∂Œ1_Material1
O=C([*])C(C)O[*],C=CCN1C(=O)N(CC=C)C(=O)N(CC=C)C1=O,,,,58,10.1016_j.ijbiomac.2018.10.057_part_5.txt_∂Œ1_Material1
O=C([*])C(C)O[*],OCC(C(C(C1N)O)O[*])OC1OC2C(OC(C(C2O)N)[*])CO,OCC(C(C(C1N)O)O[*])OC1OC2C(OC(C(C2O)N)[*])CO,OC1=C2C(C3(O)C4C5C6=C7C8C(C9=CC(C(O)=O)=C(C=C(C=C%10C(O)=O)C%11%12)C(C%11=C%13C%14C%15%16C%17(O%16)C%18C%19=C%20C%21=C%22C(C(O)=C%23)=C%24C%25C%21=C%26C%19=C%27C%17=C%28C%14(O)C%12=C%10C=C%28CC%27=CC%26=CC%25=C(C(O)=O)C=C%24)C9=C7C%13(O)C5=C%15C3=C%18C%29%30C%20(O%30)C%31C%22C%23=C%32)=CC(C(O)=O)=CC8=CC6=C(C(O)=O)C4=C2)=C%29C%33=C%31C%32=C(C(O)=O)C=C%331,,64.5,10.1016_j.ijbiomac.2019.03.098_part_3.txt_∂Œ1_Material1
O=C([*])C(C)O[*],O=[Ti]=O,OC1=C2C(C3(O)C4C5C6=C7C8C(C9=CC(C(O)=O)=C(C=C(C=C%10C(O)=O)C%11%12)C(C%11=C%13C%14C%15%16C%17(O%16)C%18C%19=C%20C%21=C%22C(C(O)=C%23)=C%24C%25C%21=C%26C%19=C%27C%17=C%28C%14(O)C%12=C%10C=C%28CC%27=CC%26=CC%25=C(C(O)=O)C=C%24)C9=C7C%13(O)C5=C%15C3=C%18C%29%30C%20(O%30)C%31C%22C%23=C%32)=CC(C(O)=O)=CC8=CC6=C(C(O)=O)C4=C2)=C%29C%33=C%31C%32=C(C(O)=O)C=C%331,,,52.45,10.1016_j.ijbiomac.2021.02.125_part_2.txt_∂Œ1_Material1
O=C([*])C(C)O[*],[*]C(NC1=C(C)C(NC(OCCO[*])=O)=CC=C1)=O,[*]OCC[*],,,55,10.1016_j.ijbiomac.2021.08.087_part_1.txt_∂Œ1_Material1
O=C([*])C(C)O[*],[*]C1C(C(C(OC1C(O[Na])=O)OC2C(C(O[Na])=O)OC(O[*])C(O)C2O)O)O,[*]NC(C(N1CCCC1C(NCC(N2CC(CC2C(NC(C(NCC([*])=O)=O)CO)=O)O)=O)=O)=O)CCCCN,[H][O-],[H][Si]([H])([H])[H],60.3,10.1016_j.indcrop.2018.03.068_part_1.txt_∂Œ1_Material1
O=C([*])C(C)O[*],[*]NC(C(N1CCCC1C(NCC(N2CC(CC2C(NC(C(NCC([*])=O)=O)CO)=O)O)=O)=O)=O)CCCCN,[H][O-],,,60.3,10.1016_j.indcrop.2018.03.068_part_2.txt_∂Œ1_Material1
O=C([*])C(C)O[*],[*]OCC[*],OCC1OC(C(C(C1[*])O)O)OC2C(C(C(OC2CO)O[*])O)O,OCC1OC(C(C(C1[*])O)O)OC2C(C(C(OC2CO)O[*])O)O,,60,10.1016_j.indcrop.2023.117011_OA_part_1.txt_∂Œ1_Material1
O=C([*])C(C)O[*],OCC(O)CO,[O-][Si]([O-])([O-])O[Si]([O-])([O-])[O-].[Ca+2],,,55,10.1016_j.jmbbm.2014.12.006_part_10.txt_∂Œ1_Material2
O=C([*])C(C)O[*],C[N+](CCO)(CCO)[3H],[*]CC(C#N)[*],,,58,10.1016_j.msec.2012.04.047_part_1.txt_∂Œ1_Material1
O=C([*])C(C)O[*],C=C(C(OCC1CO1)=O)C,C=C(C(OCC1CO1)=O)C,,,69,10.1016_j.polymdegradstab.2010.12.019_part_1.txt_∂Œ1_Material1
O=C([*])C(C)O[*],COC(C(C[*])([*])C)=O,C=C(C(OCC1CO1)=O)C,,,59.3,10.1016_j.polymer.2013.01.045_part_1.txt_∂Œ1_Material1
O=C([*])C(C)O[*],[*]CC[*],[*]NC(C(N1CCCC1C(NCC(N2CC(CC2C(NC(C(NCC([*])=O)=O)CO)=O)O)=O)=O)=O)CCCCN,,,61,10.1016_j.polymertesting.2017.11.030_part_1.txt_∂Œ1_Material1
O=C([*])C(C)O[*],[*]CC(C1=CC=CC=C1)[*],OC1=C2C(C3(O)C4C5C6=C7C8C(C9=CC(C(O)=O)=C(C=C(C=C%10C(O)=O)C%11%12)C(C%11=C%13C%14C%15%16C%17(O%16)C%18C%19=C%20C%21=C%22C(C(O)=C%23)=C%24C%25C%21=C%26C%19=C%27C%17=C%28C%14(O)C%12=C%10C=C%28CC%27=CC%26=CC%25=C(C(O)=O)C=C%24)C9=C7C%13(O)C5=C%15C3=C%18C%29%30C%20(O%30)C%31C%22C%23=C%32)=CC(C(O)=O)=CC8=CC6=C(C(O)=O)C4=C2)=C%29C%33=C%31C%32=C(C(O)=O)C=C%331,,,62.6,10.1016_j.polymertesting.2019.106008_part_2.txt_∂Œ1_Material1
O=C([*])C(C)O[*],OCC1OC(C(C(C1O[*])O)O)[*],[*]C1C(C(C(OC1C(O[Na])=O)OC2C(C(O[Na])=O)OC(O[*])C(O)C2O)O)O,,,50,10.1016_s1672-6529(14)60074-3_part_1.txt_∂Œ1_Material1
O=C([*])C(C)O[*],[*]OCC[*],O=C([*])OC1=CC=C(C=C1)C(C)(C)C2=CC=C(C=C2)O[*],[*]OCC[*],OCC1OC(C(C(C1[*])O)O)OC2C(C(C(OC2CO)O[*])O)O,63,10.1021_acs.chemmater.8b02062_part_2.txt_∂Œ1_Material1
O=C([*])C(C)O[*],OCC1OC(C(C(C1[*])O)O)OC2C(C(C(OC2CO)O[*])O)O,OCC(C(C(C1N)O)O[*])OC1OC2C(OC(C(C2O)N)[*])CO,,,63,10.1021_acs.chemmater.8b02062_part_2.txt_∂Œ1_Material2
O=C([*])C(C)O[*],[*]NCC(NC(C(ONCC(NC(C(NCC(NC(C([*])=O)C)=O)=O)C)=O)=O)CO)=O,OCC1OC(C(C(C1O)O[*])O)OC2C(C(C(OC2COS(=O)(O)=O)[*])NC(C)=O)O,,,57,10.1021_acsapm.0c00673_part_1.txt_∂Œ1_Material1
O=C([*])C(C)O[*],OCC1OC(C(C(C1O)O[*])O)OC2C(C(C(OC2COS(=O)(O)=O)[*])NC(C)=O)O,,,,55,10.1021_acsapm.0c00673_part_3.txt_∂Œ1_Material4
O=C([*])C(C)O[*],[*]N1C(C2=CC3=C(C=C2C1=O)C(N(C3=O)C4=CC=C(C=C4)OC5=CC=C(C=C5)[*])=O)=O,[*]C(CCCCCO[*])=O,,,55,10.1021_acsapm.8b00172_part_2.txt_∂Œ1_Material1
O=C([*])C(C)O[*],OCC(C(C(C1N)O)O[*])OC1OC2C(OC(C(C2O)N)[*])CO,[*]C1C(C(C(OC1C(O[Na])=O)OC2C(C(O[Na])=O)OC(O[*])C(O)C2O)O)O,[*]C(C)C[*],,60,10.1021_acssuschemeng.0c00634_part_2.txt_∂Œ1_Material1
O=C([*])C(C)O[*],[*]C(C)C[*],OCC(C(C(C1N)O)O[*])OC1OC2C(OC(C(C2O)N)[*])CO,,,62.8,10.1021_acssuschemeng.0c00634_part_3.txt_∂Œ1_Material1
O=C([*])C(C)O[*],[*]NC(C)C(N1CCCC1C([*])=O)=O,,,,24.6,10.1021_ie3006098_part_1.txt_∂Œ1_Material1
O=C([*])C(C)O[*],C[Si](C)(C[*])O[*],,,,54.2,10.1038_s41428-024-00971-0_OA_part_2.txt_∂Œ1_Material1
O=C([*])C(C)O[*],OCC1OC(C(C(C1[*])O)O)OC2C(C(C(OC2CO)O[*])O)O,OCC1OC(OC2C(O)C(O)C(O[*])OC2CO)C(O)C(O)C1[*],,,55,10.1038_s41598-020-68274-x_part_1.txt_∂Œ1_Material1
O=C([*])C(C)O[*],O=C([*])C(C)O[*],[*]CC(C1=CC=CC=C1)[*],,,50,10.1063_1.4864263_part_1.txt_∂Œ1_Material1
O=C([*])C(C)O[*],OCC1OC(C(C(C1[*])O)O)OC2C(C(C(OC2CO)O[*])O)O,[*]OCC[*],OCC(O)CO,,55,10.1080_00222348.2020.1730600_part_4.txt_∂Œ1_Material1
O=C([*])C(C)O[*],[*]C1C(OC(C(C1O)O)OC2C(OC(C(C2O)O)O[*])CO)CO,OCC(C(C(C1N)O)O[*])OC1OC2C(OC(C(C2O)N)[*])CO,OCC(C(C(C1N)O)O[*])OC1OC2C(OC(C(C2O)N)[*])CO,OCC(O)CO,58.5,10.1080_03602559.2016.1211683_part_3.txt_∂Œ1_Material1
O=C([*])C(C)O[*],OCC1OC(C(C(C1[*])O)O)OC2C(C(C(OC2CO)O[*])O)O,CC1=CC=C(C=C1N=C=O)N=C=O,,,60,10.1080_1023666x.2013.784936_part_1.txt_∂Œ1_Material1
O=C([*])C(C)O[*],C=C([CH3])C(=O)OC([CH3])[CH3],C1OC1C[N+]([CH3])([CH3])[CH3].[Cl-],,,63,10.1080_14658011.2021.1913810_part_2.txt_∂Œ1_Material1
O=C([*])C(C)O[*],[*]C1C(C(C(OC1C(O[Na])=O)OC2C(C(O[Na])=O)OC(O[*])C(O)C2O)O)O,[*]CC[*],,,65.5,10.1088_1757-899x_223_1_012016_part_2.txt_∂Œ1_Material1
O=C([*])C(C)O[*],[H][O-],[*]NC(C(N1CCCC1C(NCC(N2CC(CC2C(NC(C(NCC([*])=O)=O)CO)=O)O)=O)=O)=O)CCCCN,[*]OCCOC(CC(C([*])=O)C(C1CCCCC1)CC(CC(O)=O)C(OCCO)=O)=O,,60,10.1088_2053-1591_ab748a_part_1.txt_∂Œ1_Material1
O=C([*])C(C)O[*],O=[Mg].O=[Si]=O.O=[Si]=O.O=[Si]=O.O=[Si]=O.O=[Mg].O=[Mg].O,O=P([O-])([O-])[O-].[Ca+2].[Ca+2].[OH-],,,60,10.1155_2014_827028_part_1.txt_∂Œ1_Material1
O=C([*])C(C)O[*],OCC(O)CO,[*]OCC[*],O=[Ti]=O,,55,10.1155_2020_6725029_part_3.txt_∂Œ1_Material1
O=C([*])C(C)O[*],O=[Si]=O,O=[Si]=O,O=[Si]=O,O=[Si]=O,54.32,10.1177_0021998319826377_part_3.txt_∂Œ1_Material1
O=C([*])C(C)O[*],[O-][Si]([O-])([O-])O[Si]([O-])([O-])[O-].[Ca+2],OCC1OC(C(C(C1[*])O)O)OC2C(C(C(OC2CO)O[*])O)O,,,65.1,10.1177_0021998320963533_part_1.txt_∂Œ1_Material1
O=C([*])C(C)O[*],OCC(C(C(C1N)O)O[*])OC1OC2C(OC(C(C2O)N)[*])CO,O=C(C1=CC=C(C=C1)C(OCC[*])=O)O[*],,,64.8,10.1177_0040517520904019_part_1.txt_∂Œ1_Material1
O=C([*])C(C)O[*],C/C(C[*])=C/C[*],C/C(C[*])=C/C[*],C/C(C[*])=C/C[*],,54.9,10.1177_0095244312468442_part_2.txt_∂Œ1_Material1
O=C([*])C(C)O[*],C/C(C[*])=C/C[*],C[N+](CCO)(CCO)[3H],,,62.8,10.1177_0731684413496487_part_3.txt_∂Œ1_Material1
O=C([*])C(C)O[*],[*]C(NC1=C(C)C(NC(OCCO[*])=O)=CC=C1)=O,[*]C(C)C[*],,,71.9,10.1177_0734904119886258_part_2.txt_∂Œ1_Material1
O=C([*])C(C)O[*],[*]O[C@H](C)CC([*])=O,O=C([*])C(C)O[*],,,55,10.1177_0892705714526912_part_1.txt_∂Œ1_Material1
O=C([*])C(C)O[*],[*]C([H])([H])C(O)([H])[*],OCC1OC(C(C(C1[*])O)O)OC2C(C(C(OC2CO)O[*])O)O,OCC1OC(C(C(C1[*])O)O)OC2C(C(C(OC2CO)O[*])O)O,,60,10.1177_8756087920915745_part_4.txt_∂Œ1_Material1
O=C([*])C(C)O[*],O=[Al]O[Al]=O.O=[Si]=O.O=[Si]=O.O=[Si]=O,OCC1OC(C(C(C1[*])O)O)OC2C(C(C(OC2CO)O[*])O)O,OC1=C2C(C3(O)C4C5C6=C7C8C(C9=CC(C(O)=O)=C(C=C(C=C%10C(O)=O)C%11%12)C(C%11=C%13C%14C%15%16C%17(O%16)C%18C%19=C%20C%21=C%22C(C(O)=C%23)=C%24C%25C%21=C%26C%19=C%27C%17=C%28C%14(O)C%12=C%10C=C%28CC%27=CC%26=CC%25=C(C(O)=O)C=C%24)C9=C7C%13(O)C5=C%15C3=C%18C%29%30C%20(O%30)C%31C%22C%23=C%32)=CC(C(O)=O)=CC8=CC6=C(C(O)=O)C4=C2)=C%29C%33=C%31C%32=C(C(O)=O)C=C%331,[*]CCCC([*])C(OC)=O,43,10.1515_epoly-2021-0072_OA_part_1.txt_∂Œ1_Material1
O=C([*])C(C)O[*],O=[Mg].O=[Si]=O.O=[Si]=O.O=[Si]=O.O=[Si]=O.O=[Mg].O=[Mg].O,[*]OCC[*],CC(C[*])O[*],[*]C([H])([H])C(O)([H])[*],50,10.1515_epoly-2021-0072_OA_part_4.txt_∂Œ1_Material1
O=C([*])C(C)O[*],[*]OCC[*],C/C(C[*])=C/C[*],[*]C(CCCCC(OCCCCO[*])=O)=O,,60,10.1515_rams-2023-0140_OA_part_1.txt_∂Œ1_Material1
O=C([*])C(C)O[*],C=C(C(OCC1CO1)=O)C,[*]OC1C(C(O)=O)OC(OC2C(NC(C)=O)C([*])OC(CO)C2O)C(O)C1O,,,50,10.1515_rams-2023-0140_OA_part_5.txt_∂Œ1_Material1
O=C([*])C(C)O[*],OCC1OC(C(C(C1[*])O)O)OC2C(C(C(OC2CO)O[*])O)O,C=C(C(OCC1CO1)=O)C,,,45,10.1515_rams-2023-0140_OA_part_5.txt_∂Œ1_Material2
O=C([*])C(C)O[*],[*]OC1C(C(O)=O)OC(OC2C(NC(C)=O)C([*])OC(CO)C2O)C(O)C1O,C=C(C(OCC1CO1)=O)C,,,40,10.1515_rams-2023-0140_OA_part_5.txt_∂Œ1_Material3
O=C([*])C(C)O[*],[*]C(CCCCCO[*])=O,[O-][Si]([O-])([O-])O[Si]([O-])([O-])[O-].[Ca+2],OC1=C2C(C3(O)C4C5C6=C7C8C(C9=CC(C(O)=O)=C(C=C(C=C%10C(O)=O)C%11%12)C(C%11=C%13C%14C%15%16C%17(O%16)C%18C%19=C%20C%21=C%22C(C(O)=C%23)=C%24C%25C%21=C%26C%19=C%27C%17=C%28C%14(O)C%12=C%10C=C%28CC%27=CC%26=CC%25=C(C(O)=O)C=C%24)C9=C7C%13(O)C5=C%15C3=C%18C%29%30C%20(O%30)C%31C%22C%23=C%32)=CC(C(O)=O)=CC8=CC6=C(C(O)=O)C4=C2)=C%29C%33=C%31C%32=C(C(O)=O)C=C%331,[*]C(C)C[*],50,10.15379_2410-1869.2022.09.02.01_OA_part_2.txt_∂Œ1_Material1
O=C([*])C(C)O[*],O=C([*])C(C)O[*],C/C(C[*])=C/C[*],,,58,10.17576_mjas-2018-2205-16_OA_part_1.txt_∂Œ1_Material1
O=C([*])C(C)O[*],[*]OC1C(C(O)=O)OC(OC2C(NC(C)=O)C([*])OC(CO)C2O)C(O)C1O,OC1=C2C(C3(O)C4C5C6=C7C8C(C9=CC(C(O)=O)=C(C=C(C=C%10C(O)=O)C%11%12)C(C%11=C%13C%14C%15%16C%17(O%16)C%18C%19=C%20C%21=C%22C(C(O)=C%23)=C%24C%25C%21=C%26C%19=C%27C%17=C%28C%14(O)C%12=C%10C=C%28CC%27=CC%26=CC%25=C(C(O)=O)C=C%24)C9=C7C%13(O)C5=C%15C3=C%18C%29%30C%20(O%30)C%31C%22C%23=C%32)=CC(C(O)=O)=CC8=CC6=C(C(O)=O)C4=C2)=C%29C%33=C%31C%32=C(C(O)=O)C=C%331,,,66,10.3144_expresspolymlett.2024.48_OA_part_2.txt_∂Œ1_Material3
O=C([*])C(C)O[*],[*]C([H])([H])C(O)([H])[*],OCC(O)CO,,,59.8,10.33333_rp.vol51n2.03_OA_part_1.txt_∂Œ1_Material1
O=C([*])C(C)O[*],OCC1OC(C(C(C1[*])O)O)OC2C(C(C(OC2CO)O[*])O)O,OCC1OC(C(C(C1[*])O)O)OC2C(C(C(OC2CO)O[*])O)O,[*]C(NC1=C(C)C(NC(OCCO[*])=O)=CC=C1)=O,,58,10.3390_ijms20030675_part_2.txt_∂Œ1_Material1
O=C([*])C(C)O[*],[Zn]=O,OCC1OC(C(C(C1[*])O)O)OC2C(C(C(OC2CO)O[*])O)O,,,55,10.3390_jcs5020043_part_1.txt_∂Œ1_Material1
O=C([*])C(C)O[*],OCC1OC(C(C(C1[*])O)O)OC2C(C(C(OC2CO)O[*])O)O,[Zn]=O,,,79.1,10.3390_jcs5020043_part_2.txt_∂Œ1_Material1
O=C([*])C(C)O[*],[*]CCCC([*])C(OC)=O,[*]OCC[*],,,58,10.3390_ma11101825_part_1.txt_∂Œ1_Material1
O=C([*])C(C)O[*],[*]CCC(CCCC(CCCC(C[*])C)C)C,N#CC(C1=CC=CC=N1)C1=CC=CC=C1,,,50,10.3390_molecules191016024_part_1.txt_∂Œ1_Material1
O=C([*])C(C)O[*],[*]CC[*],OCC1OC(C(C(C1[*])O)O)OC2C(C(C(OC2CO)O[*])O)O,,,45,10.3390_polym11111867_part_1.txt_∂Œ1_Material1
O=C([*])C(C)O[*],CC(NC1C([C@@H](C(O[C@H]1O[*])CO)O[C@@H]2OC([C@H]([C@@H](C2NC(C)=O)O)[*])CO)O)=O,[*]C1C(OC(C(C1O)O)OC2C(OC(C(C2O)O)O[*])CO)CO,,,58.04,10.3390_polym12010115_part_2.txt_∂Œ1_Material1
O=C([*])C(C)O[*],CC(NC1C([C@@H](C(O[C@H]1O[*])CO)O[C@@H]2OC([C@H]([C@@H](C2NC(C)=O)O)[*])CO)O)=O,OCC1OC(C(C(C1[*])O)O)OC2C(C(C(OC2CO)O[*])O)O,,,55,10.3390_polym13030325_part_1.txt_∂Œ1_Material1
O=C([*])C(C)O[*],OCC1OC(C(C(C1[*])O)O)OC2C(C(C(OC2CO)O[*])O)O,CC(NC1C([C@@H](C(O[C@H]1O[*])CO)O[C@@H]2OC([C@H]([C@@H](C2NC(C)=O)O)[*])CO)O)=O,,,65,10.3390_polym13030325_part_3.txt_∂Œ1_Material1
O=C([*])C(C)O[*],[*]OCCCCOC(CCC([*])=O)=O,OCC1OC(OC2C(O)C(O)C(O[*])OC2CO)C(O)C(O)C1[*],,,64,10.3390_polym13030465_part_2.txt_∂Œ1_Material1
O=C([*])C(C)O[*],[*]C/C=C/CCC([*])C#N,[*]C(CCCCCO[*])=O,,,47,10.3390_polym13121918_part_3.txt_∂Œ1_Material1
O=C([*])C(C)O[*],[*]C(CCCCC(OCCCCO[*])=O)=O,[*]C/C=C(C[*])\Cl,,,60,10.3390_polym7050939_part_4.txt_∂Œ1_Material1
O=C([*])C(C)O[*],OCC1OC(C(C(C1[*])O)O)OC2C(C(C(OC2CO)O[*])O)O,OCC1OC(C(C(C1[*])O)O)OC2C(C(C(OC2CO)O[*])O)O,OCC1OC(C(C(C1[*])O)O)OC2C(C(C(OC2CO)O[*])O)O,[*]C1C(OC(C(C1O)O)OC2C(OC(C(C2O)O)O[*])CO)CO,55.7,10.3390_pr9040578_part_2.txt_∂Œ1_Material1
O=C([*])C(C)O[*],[*]NC(C1=CC=C2C(C(N(C2=O)C3=CC=C(C=C3)CC4=CC=C([*])C=C4)=O)=C1)=O,,,,50,10.37358_mp.20.3.5377_OA_part_2.txt_∂Œ1_Material1
O=C([*])C(C)O[*],OCC1OC(C(C(C1[*])O)O)OC2C(C(C(OC2CO)O[*])O)O,[Ag],,,55,10.3832_ifor3244-013_OA_part_2.txt_∂Œ1_Material1
O=C([*])C(C)O[*],C/C(C[*])=C/C[*],C/C(C[*])=C/C[*],OCC1OC(C(C(C1O[*])O)O)[*],,53.9,10.4028_www.scientific.net_amr.1125.222_part_1.txt_∂Œ1_Material1
O=C([*])C(C)O[*],O=C=NC(C=C1)=CC=C1CC2=CC=C(C=C2)N=C=O,[*]OCC[*],,,57.23,10.4028_www.scientific.net_amr.844.65_part_1.txt_∂Œ1_Material1
O=C([*])C(C)O[*],O=C=NC(C=C1)=CC=C1CC2=CC=C(C=C2)N=C=O,[*]NCC(NC(C(ONCC(NC(C(NCC(NC(C([*])=O)C)=O)=O)C)=O)=O)CO)=O,,,57.08,10.4028_www.scientific.net_kem.594-595.823_part_1.txt_∂Œ1_Material1
O=C([*])C(C)O[*],[*]OCC[*],[*]NCCCCCCCCCCCC([*])=O,OC1=C2C(C3(O)C4C5C6=C7C8C(C9=CC(C(O)=O)=C(C=C(C=C%10C(O)=O)C%11%12)C(C%11=C%13C%14C%15%16C%17(O%16)C%18C%19=C%20C%21=C%22C(C(O)=C%23)=C%24C%25C%21=C%26C%19=C%27C%17=C%28C%14(O)C%12=C%10C=C%28CC%27=CC%26=CC%25=C(C(O)=O)C=C%24)C9=C7C%13(O)C5=C%15C3=C%18C%29%30C%20(O%30)C%31C%22C%23=C%32)=CC(C(O)=O)=CC8=CC6=C(C(O)=O)C4=C2)=C%29C%33=C%31C%32=C(C(O)=O)C=C%331,,80,10.4325_seikeikakou.24.408_OA_part_1.txt_∂Œ1_Material1
O=C([*])C(C)O[*],OCC1OC(C(C(C1[*])O)O)OC2C(C(C(OC2CO)O[*])O)O,O=C(O)C([*])C[*],,,54.8,10.7569_jrm.2017.634146_part_1.txt_∂Œ1_Material3
O=C([*])C(C)O[*],OCC1OC(OC2C(O)C(O)C(O[*])OC2CO)C(O)C(O)C1[*],O=C([*])C(C)O[*],,,58.8,10.1002_adv.21779_part_2.txt_∂Œ1_Material2
O=C([*])C(C)O[*],OCC1OC(C(C(C1[*])O)O)OC2C(C(C(OC2CO)O[*])O)O,CCOC(=O)C(O)(CC(=O)OCC)CC(=O)OCC,,,48.25,10.1002_app.49536_part_3.txt_∂Œ1_Material3
O=C([*])C(C)O[*],[*]C1=CC=C(C=C1)C(N[*])=O,,,,58.7,10.1007_s10973-014-4062-2_part_1.txt_∂Œ1_Material1
O=C([*])C(C)O[*],O=C([*])CCCCCN[*],OCC1OC(C(C(C1[*])O)O)OC2C(C(C(OC2CO)O[*])O)O,,,23.4,10.1016_j.carbpol.2010.07.020_part_1.txt_∂Œ1_Material2
