SMILE A,SMILE B,SMILE C,SMILE D,SMILE E,Melting Temperature (°„C),¿¥‘¥
O=C([*])C(C)O[*],OCC(C(C(C1N)O)O[*])OC1OC2C(OC(C(C2O)N)[*])CO,,,,150.8,10.3390_polym13132167_part_2.txt_∂Œ1_Material1
[*]C(C)C[*],NC1=CC=C(C=C1)/C2=C3C=C/C(N\3)=C(C4=N/C(C=C4)=C(C5=CC=C(N5)/C(C6=CC=CC=C6)=C7N=C2C=C\7)/C8=CC=CC=C8)\C9=CC=CC=C9,,,,164.2,10.1007_s10853-012-6267-8_part_2.txt_∂Œ1_Material1
[*]C(C)C[*],,,,,165,10.1007_s10924-010-0230-z_part_1.txt_∂Œ1_Material1
[*]NC(C(N1CCCC1C(NCC(N2CC(CC2C(NC(C(NCC([*])=O)=O)CO)=O)O)=O)=O)=O)CCCCN,,,,,138.9,10.1016_j.ijbiomac.2017.11.015_part_1.txt_∂Œ1_Material1
[*]C(C)C[*],C12=C3C(C=CC4C3=C5C(CC6=CC7=C8C9=C(C(C=C%10)=CC=C9C=C7)C%11=C%10C%12)=CC4)=CC=C1C=C%12C%13=C%11C8=C6C5=C2%13,,,,164.3,10.1515_polyeng-2021-0216_OA_part_2.txt_∂Œ1_Material1
O=C(C1=CC=C(C=C1)C(OCC[*])=O)O[*],[*]C(F)(C(F)([*])F)F,O=[Si]=O,C12=CC3=CC4=CC=CN=C4N=C3N=C1N=C5N=C6N=CC=CC6=CC5=C2,O=[Al]O[Al]=O,221,10.1177_0021998314545183_part_1.txt_∂Œ1_Material1
O=C([*])C(C)O[*],,,,,161.7,10.1016_j.compositesb.2017.11.048_part_3.txt_∂Œ1_Material1
[*]CCCC(CCCCCC)[*],,,,,52.8,10.1002_app.38600_part_1.txt_∂Œ1_Material1
[*]CC[*],[*]C(C)C[*],[*]CC(C1=CC=CC=C1)[*],O=C(C1=CC=C(C=C1)C(OCC[*])=O)O[*],[*]CC([*])Cl,120,10.1002_pts.2551_part_1.txt_∂Œ1_Material1
[*]C(C)C[*],[*]CC[*],O=C([O-])[O-].[Ca+2],CC1=CC(O)=C(C=C1CCCC(C2=C(C=C(C(C(C)(C)C)=C2)O)C)C3=CC(C(C)(C)C)=C(C=C3C)O)C(C)(C)C,,165,10.1177_096739111502300101_part_1.txt_∂Œ1_Material1
[*]CC[*],O=C1C([*])C(CC[*])C(O1)=O,[H][Si]([H])([H])[H],,,190,10.1016_j.polymertesting.2016.12.026_part_1.txt_∂Œ1_Material1
O=C(C1=CC=C(C=C1)C(OCC[*])=O)O[*],[*]CC(COC1=CC=C(C=C1)C(C)(C)C2=CC=C(C=C2)O[*])O,[*]C(C)C[*],[*]CC[*],[*]CC[*],160,10.3390_polym13091369_part_2.txt_∂Œ1_Material1
[*]C1C(OC(C(C1O)O)OC2C(OC(C(C2O)O)O[*])CO)CO,O=C([*])C(C)O[*],OCC(O)CO,OC[C@@H]([C@H]([C@@H]([C@@H](CO)O)O)O)O,[*]OCC[*],150,10.1007_s10924-021-02207-1_part_1.txt_∂Œ1_Material1
[*]CC([*])Cl,O=C([O-])[O-].[Ca+2],[Mg]=O,O=[Al]O[Al]=O,O=[Si]=O,200,10.1002_app.51469_part_1.txt_∂Œ1_Material1
[*]C(N(CN(C(OCOC(N(CN(C(OCCO[*])=O)[H])[H])=O)=O)[H])[H])=O,[*]C/C=C\CCC(C=C)[*],,,,170,10.1002_app.39395_part_1.txt_∂Œ1_Material1
[*]C(C)C[*],NC1=CC=C(C=C1)/C2=C3C=C/C(N\3)=C(C4=N/C(C=C4)=C(C5=CC=C(N5)/C(C6=CC=CC=C6)=C7N=C2C=C\7)/C8=CC=CC=C8)\C9=CC=CC=C9,[Zn]=O,,,168,10.4028_www.scientific.net_amr.287-290.1980_part_1.txt_∂Œ1_Material1
[*]CC[*],OP(O)(O)=O,,,,131,10.4028_www.scientific.net_amr.747.555_part_1.txt_∂Œ1_Material1
O=C([*])C(C)O[*],OC1=C2C(C3(O)C4C5C6=C7C8C(C9=CC(C(O)=O)=C(C=C(C=C%10C(O)=O)C%11%12)C(C%11=C%13C%14C%15%16C%17(O%16)C%18C%19=C%20C%21=C%22C(C(O)=C%23)=C%24C%25C%21=C%26C%19=C%27C%17=C%28C%14(O)C%12=C%10C=C%28CC%27=CC%26=CC%25=C(C(O)=O)C=C%24)C9=C7C%13(O)C5=C%15C3=C%18C%29%30C%20(O%30)C%31C%22C%23=C%32)=CC(C(O)=O)=CC8=CC6=C(C(O)=O)C4=C2)=C%29C%33=C%31C%32=C(C(O)=O)C=C%331,,,,151,10.1179_174328910x12691245470031_part_1.txt_∂Œ1_Material1
[*]C(CCCCCO[*])=O,OCC(C(C(C1N)O)O[*])OC1OC2C(OC(C(C2O)N)[*])CO,,,,61,10.1021_acsomega.9b02217_part_1.txt_∂Œ1_Material1
[*]CC(COC1=CC=C(C=C1)C(C)(C)C2=CC=C(C=C2)O[*])O,O=C(C1=CC=C(C=C1)C(OCC[*])=O)O[*],[*]C(C)C[*],[H][Si]([H])([H])[H],,160,10.1080_15440478.2020.1848723_part_5.txt_∂Œ1_Material1
[*]CC[*],,,,,170,10.1002_pc.23352_part_1.txt_∂Œ1_Material1
[*]C(C)C[*],NC1=CC=C(C=C1)/C2=C3C=C/C(N\3)=C(C4=N/C(C=C4)=C(C5=CC=C(N5)/C(C6=CC=CC=C6)=C7N=C2C=C\7)/C8=CC=CC=C8)\C9=CC=CC=C9,CC1=CC(O)=C(C=C1CCCC(C2=C(C=C(C(C(C)(C)C)=C2)O)C)C3=CC(C(C)(C)C)=C(C=C3C)O)C(C)(C)C,,,165,10.1016_j.compositesb.2017.10.034_part_1.txt_∂Œ1_Material1
[*]C(N(CN(C(OCOC(N(CN(C(OCCO[*])=O)[H])[H])=O)=O)[H])[H])=O,,,,,140,10.1007_s00289-017-2088-x_part_5.txt_∂Œ1_Material1
[*]C(C)C[*],C12=C3C(C=CC4C3=C5C(CC6=CC7=C8C9=C(C(C=C%10)=CC=C9C=C7)C%11=C%10C%12)=CC4)=CC=C1C=C%12C%13=C%11C8=C6C5=C2%13,[Ti](OCCCC)(OCCCC)(OCCCC)OCCCC,,,160,10.1515_polyeng-2021-0216_OA_part_1.txt_∂Œ1_Material1
O=C(C1=CC=C(C=C1)C(OCC[*])=O)O[*],[*]CC(CCCC(CC)CC([*])C1=CC=CC=C1)C2=CC=CC=C2,[*]CC(CCCC(CC)CC([*])C1=CC=CC=C1)C2=CC=CC=C2,,,252,10.1002_pi.6079_part_1.txt_∂Œ1_Material1
[*]C(C)C[*],OCC1OC(C(C(C1[*])O)O)OC2C(C(C(OC2CO)O[*])O)O,[H][Si]([H])([H])[H],,,165,10.1002_pc.24004_part_1.txt_∂Œ1_Material1
[*]C(C)C[*],O=C(CCCCCCCCCCCCCCCCC)O[Ca]OC(CCCCCCCCCCCCCCCCC)=O,CCCCCCCCCCCCCCCCCCOC(CCC1=CC(C(C)(C)C)=C(C(C(C)(C)C)=C1)O)=O,,,163,10.3390_polym13050680_part_1.txt_∂Œ1_Material1
[*]C1C(C(C(OC1C(O[Na])=O)OC2C(C(O[Na])=O)OC(O[*])C(O)C2O)O)O,OCC1OC(C(C(C1[*])O)O)OC2C(C(C(OC2CO)O[*])O)O,,,,80,10.1016_j.carbpol.2018.11.094_part_4.txt_∂Œ1_Material1
[*]C(C)C[*],[Al],,,,210,10.1007_s10853-018-3049-y_part_1.txt_∂Œ1_Material1
O=C([*])C(C)O[*],[*]O[C@@]([H])(C)C(O[C@](C)([H])C([*])=O)=O,C/C(C[*])=C/C[*],,,211.8,10.1002_pi.5916_part_1.txt_∂Œ1_Material1
[*]C(C)C[*],[*]C/C=C/CCC([*])C#N,CC(CC(C(C(O1)=O)CC1=O)[*])C[*],,,166.72,10.1002_vnl.21612_part_1.txt_∂Œ1_Material1
[*]C(C)C[*],O=C([O-])[O-].[Ca+2],O1C(=O)C=CC1=O,OC1=C2C(C3(O)C4C5C6=C7C8C(C9=CC(C(O)=O)=C(C=C(C=C%10C(O)=O)C%11%12)C(C%11=C%13C%14C%15%16C%17(O%16)C%18C%19=C%20C%21=C%22C(C(O)=C%23)=C%24C%25C%21=C%26C%19=C%27C%17=C%28C%14(O)C%12=C%10C=C%28CC%27=CC%26=CC%25=C(C(O)=O)C=C%24)C9=C7C%13(O)C5=C%15C3=C%18C%29%30C%20(O%30)C%31C%22C%23=C%32)=CC(C(O)=O)=CC8=CC6=C(C(O)=O)C4=C2)=C%29C%33=C%31C%32=C(C(O)=O)C=C%331,,162.9,10.1007_s10973-014-3824-1_part_1.txt_∂Œ1_Material1
[*]C/C=C\CCC(C=C)[*],[H][O-],,,,145,10.1002_app.49374_part_1.txt_∂Œ1_Material1
[*]C([H])([H])C(O)([H])[*],,,,,187.7,10.1002_pc.25894_part_2.txt_∂Œ1_Material1
[*]C(C)C[*],[O-][Si]([O-])([O-])O[Si]([O-])([O-])[O-].[Ca+2],[O-][Si]([O-])([O-])O[Si]([O-])([O-])[O-].[Ca+2],,,166,10.1002_pc.24701_part_1.txt_∂Œ1_Material1
[*]CC([*])Cl,,,,,160,10.1177_0307174x1404101109_part_1.txt_∂Œ1_Material1
[*]CC[*],OCC1OC(C(C(C1[*])O)O)OC2C(C(C(OC2CO)O[*])O)O,O=[Si]=O,OCCOC1C(OCCO)C(C(OCCO)COCCOC(CCCCCCCCCCCCCCCCC)=O)OC1,,125,10.3390_polym11071115_part_1.txt_∂Œ1_Material1
[*]OCCOC(CC(C([*])=O)C(C1CCCCC1)CC(CC(O)=O)C(OCCO)=O)=O,CC(C)[Si](C(C)C)(OS(=O)(C(F)(F)F)=O)C(C)C,,,,140,10.1016_j.conbuildmat.2018.05.210_part_1.txt_∂Œ1_Material1
[*]CC[*],O=[Ti]=O,CC1=CC(O)=C(C=C1CCCC(C2=C(C=C(C(C(C)(C)C)=C2)O)C)C3=CC(C(C)(C)C)=C(C=C3C)O)C(C)(C)C,,,126.3,10.1002_vnl.21695_part_1.txt_∂Œ1_Material1
[*]OCCOC(CC(C([*])=O)C(C1CCCCC1)CC(CC(O)=O)C(OCCO)=O)=O,,,,,155.8,10.1080_14680629.2020.1828154_part_1.txt_∂Œ1_Material1
O=C([*])OC1=CC=C(C=C1)C(C)(C)C2=CC=C(C=C2)O[*],[*]C(C1=CC=C(C(OCCCCO[*])=O)C=C1)=O,OC1=C2C(C3(O)C4C5C6=C7C8C(C9=CC(C(O)=O)=C(C=C(C=C%10C(O)=O)C%11%12)C(C%11=C%13C%14C%15%16C%17(O%16)C%18C%19=C%20C%21=C%22C(C(O)=C%23)=C%24C%25C%21=C%26C%19=C%27C%17=C%28C%14(O)C%12=C%10C=C%28CC%27=CC%26=CC%25=C(C(O)=O)C=C%24)C9=C7C%13(O)C5=C%15C3=C%18C%29%30C%20(O%30)C%31C%22C%23=C%32)=CC(C(O)=O)=CC8=CC6=C(C(O)=O)C4=C2)=C%29C%33=C%31C%32=C(C(O)=O)C=C%331,,,220,10.1080_02533839.2019.1613929_part_1.txt_∂Œ1_Material1
[*]C(C)C[*],OCC1OC(OC2C(O)C(O)C(O[*])OC2CO)C(O)C(O)C1[*],NC1=CC=C(C=C1)/C2=C3C=C/C(N\3)=C(C4=N/C(C=C4)=C(C5=CC=C(N5)/C(C6=CC=CC=C6)=C7N=C2C=C\7)/C8=CC=CC=C8)\C9=CC=CC=C9,,,165,10.1007_s00289-010-0288-8_part_1.txt_∂Œ1_Material1
[*]CC[*],O=[Ti]=O,O=[Al]O[Al]=O,,,132,10.1177_0731684413493340_part_2.txt_∂Œ1_Material1
[*]C(C1=CC=C(C(OCCCCO[*])=O)C=C1)=O,O=[Al]O[Al]=O.O=[Si]=O.O=[Si]=O.O=[Si]=O,O=[Al]O[Al]=O.O=[Si]=O.O=[Si]=O.O=[Si]=O,O=[Al]O[Al]=O.O=[Si]=O.O=[Si]=O.O=[Si]=O,,240,10.1002_app.32616_part_1.txt_∂Œ1_Material1
NC1=CC=C(C=C1)/C2=C3C=C/C(N\3)=C(C4=N/C(C=C4)=C(C5=CC=C(N5)/C(C6=CC=CC=C6)=C7N=C2C=C\7)/C8=CC=CC=C8)\C9=CC=CC=C9,O=C1C([*])C(CC[*])C(O1)=O,[H][O-],,,165,10.1007_s10924-018-1296-2_part_1.txt_∂Œ1_Material1
[*]CC[*],O=C1C([*])C(CC[*])C(O1)=O,,,,122,10.1177_0892705720962170_part_1.txt_∂Œ1_Material1
O=C([*])C(C)O[*],OP(O)(O)=O,,,,140,10.4028_www.scientific.net_kem.798.322_part_1.txt_∂Œ1_Material1
[*]C(C)C[*],[*]CCCC(C1C([*])C2CC1C/C2=C/C)C,C[N+](CCO)(CCO)[3H],CC(CC(C(C(O1)=O)CC1=O)[*])C[*],,210,10.1016_j.matdes.2011.03.017_part_1.txt_∂Œ1_Material1
[*]C(C)C[*],O=C([*])OC1=CC=C(C=C1)C(C)(C)C2=CC=C(C=C2)O[*],[*]CC(CCCC(CC)CC([*])C1=CC=CC=C1)C2=CC=CC=C2,O1C(=O)C=CC1=O,,165,10.1002_app.33715_part_1.txt_∂Œ1_Material1
[*]CCCCO[*],CC1=CC=C(C=C1N=C=O)N=C=O,,,,120,10.1007_s10965-012-0057-5_part_1.txt_∂Œ1_Material1
[*]C(C)C[*],[*]C(C)C[*],OC1=C2C(C3(O)C4C5C6=C7C8C(C9=CC(C(O)=O)=C(C=C(C=C%10C(O)=O)C%11%12)C(C%11=C%13C%14C%15%16C%17(O%16)C%18C%19=C%20C%21=C%22C(C(O)=C%23)=C%24C%25C%21=C%26C%19=C%27C%17=C%28C%14(O)C%12=C%10C=C%28CC%27=CC%26=CC%25=C(C(O)=O)C=C%24)C9=C7C%13(O)C5=C%15C3=C%18C%29%30C%20(O%30)C%31C%22C%23=C%32)=CC(C(O)=O)=CC8=CC6=C(C(O)=O)C4=C2)=C%29C%33=C%31C%32=C(C(O)=O)C=C%331,,,165,10.1002_cjoc.201400828_part_1.txt_∂Œ1_Material1
[*]C(C)C[*],OC1=C2C(C3(O)C4C5C6=C7C8C(C9=CC(C(O)=O)=C(C=C(C=C%10C(O)=O)C%11%12)C(C%11=C%13C%14C%15%16C%17(O%16)C%18C%19=C%20C%21=C%22C(C(O)=C%23)=C%24C%25C%21=C%26C%19=C%27C%17=C%28C%14(O)C%12=C%10C=C%28CC%27=CC%26=CC%25=C(C(O)=O)C=C%24)C9=C7C%13(O)C5=C%15C3=C%18C%29%30C%20(O%30)C%31C%22C%23=C%32)=CC(C(O)=O)=CC8=CC6=C(C(O)=O)C4=C2)=C%29C%33=C%31C%32=C(C(O)=O)C=C%331,,,,165,10.1080_15583724.2015.1019136_part_6.txt_∂Œ1_Material1
[*]CC[*],OCC(C(C(C1N)O)O[*])OC1OC2C(OC(C(C2O)N)[*])CO,OCC(O)CO,,,110,10.1016_j.carbpol.2013.10.052_part_1.txt_∂Œ1_Material1
[*]NC(C(N1CCCC1C(NCC(N2CC(CC2C(NC(C(NCC([*])=O)=O)CO)=O)O)=O)=O)=O)CCCCN,OCC(O)CO,,,,109.14,10.1016_j.foodhyd.2019.105201_part_2.txt_∂Œ1_Material1
[*]C(C)C[*],OC1=C2C(C3(O)C4C5C6=C7C8C(C9=CC(C(O)=O)=C(C=C(C=C%10C(O)=O)C%11%12)C(C%11=C%13C%14C%15%16C%17(O%16)C%18C%19=C%20C%21=C%22C(C(O)=C%23)=C%24C%25C%21=C%26C%19=C%27C%17=C%28C%14(O)C%12=C%10C=C%28CC%27=CC%26=CC%25=C(C(O)=O)C=C%24)C9=C7C%13(O)C5=C%15C3=C%18C%29%30C%20(O%30)C%31C%22C%23=C%32)=CC(C(O)=O)=CC8=CC6=C(C(O)=O)C4=C2)=C%29C%33=C%31C%32=C(C(O)=O)C=C%331,O=[Si]=O,[H][Si]([H])([H])[H],,167.1,10.1002_app.44382_part_1.txt_∂Œ1_Material1
[*]C1C(OC(C(C1O)O)OC2C(OC(C(C2O)O)O[*])CO)CO,OCC(O)CO,OC1=C2C(C3(O)C4C5C6=C7C8C(C9=CC(C(O)=O)=C(C=C(C=C%10C(O)=O)C%11%12)C(C%11=C%13C%14C%15%16C%17(O%16)C%18C%19=C%20C%21=C%22C(C(O)=C%23)=C%24C%25C%21=C%26C%19=C%27C%17=C%28C%14(O)C%12=C%10C=C%28CC%27=CC%26=CC%25=C(C(O)=O)C=C%24)C9=C7C%13(O)C5=C%15C3=C%18C%29%30C%20(O%30)C%31C%22C%23=C%32)=CC(C(O)=O)=CC8=CC6=C(C(O)=O)C4=C2)=C%29C%33=C%31C%32=C(C(O)=O)C=C%331,,,87.6,10.1016_j.indcrop.2021.113525_part_1.txt_∂Œ1_Material1
O=C([*])CCCCCN[*],[*]C(C)C[*],,,,140,10.1016_j.matdes.2010.05.024_part_2.txt_∂Œ1_Material1
[*]C(C)C[*],[*]CC(CCCC(CC)CC([*])C1=CC=CC=C1)C2=CC=CC=C2,NC1=CC=C(C=C1)/C2=C3C=C/C(N\3)=C(C4=N/C(C=C4)=C(C5=CC=C(N5)/C(C6=CC=CC=C6)=C7N=C2C=C\7)/C8=CC=CC=C8)\C9=CC=CC=C9,[H][Si]([H])([H])[H],,157,10.1016_j.compositesb.2014.10.010_part_1.txt_∂Œ1_Material1
O=C([*])CCCCCN[*],C(C)(C1=CC=C(OCC2CO2)C=C1)(C)C1=CC=C(OCC2CO2)C=C1,,,,220.1,10.1002_app.33662_part_2.txt_∂Œ1_Material1
[*]C(CCCCCO[*])=O,,,,,46,10.1002_app.32929_part_1.txt_∂Œ1_Material1
[*]OCCOC(CC(C([*])=O)C(C1CCCCC1)CC(CC(O)=O)C(OCCO)=O)=O,[*]CC([*])Cl,,,,111.85000000000002,10.1007_s11003-017-9990-0_part_1.txt_∂Œ1_Material1
[*]NC(C)C(N1CCCC1C([*])=O)=O,[*]OCC[*],[Na+].[Cl-],,,112,10.1016_j.msec.2019.110105_part_1.txt_∂Œ1_Material1
O=C([*])C(C)O[*],OP(O)(O)=O,O=C([O-])[O-].[Ca+2],,,144.99,10.3390_polym11111857_part_3.txt_∂Œ1_Material3
[*]C(C1=CC=C(C(OCCCCO[*])=O)C=C1)=O,O=C(C1=CC=C(C=C1)C(OCC[*])=O)O[*],O=C([*])OC1=CC=C(C=C1)C(C)(C)C2=CC=C(C=C2)O[*],,,225,10.1016_j.chroma.2014.12.042_part_1.txt_∂Œ1_Material1
[*]C(C)C[*],CCCCCCCCCCCCCCCCCCOC(CCC1=CC(C(C)(C)C)=C(C(C(C)(C)C)=C1)O)=O,,,,154,10.1002_app.40753_part_1.txt_∂Œ1_Material1
[*]C(CCCCCO[*])=O,[*]C1C(OC(C(C1O)O)OC2C(OC(C(C2O)O)O[*])CO)CO,,,,64,10.1016_j.bioactmat.2020.02.006_part_1.txt_∂Œ1_Material1
[*]C(CCCCCO[*])=O,C[N+](CCO)(CCO)[3H],,,,45,10.4028_www.scientific.net_kem.673.127_part_1.txt_∂Œ1_Material1
O=C([*])CCCCCCCCCCC(NCCCCCCCCCCN[*])=O,O=[Al]O[Al]=O.O=[Si]=O.O=[Si]=O.O=[Si]=O,O=C([O-])[O-].[Ca+2],,,250,10.1007_s12221-017-1074-0_part_1.txt_∂Œ1_Material1
O=C(C1=CC=C(C=C1)C(OCC[*])=O)O[*],[*]OCCOC(CC(C([*])=O)C(C1CCCCC1)CC(CC(O)=O)C(OCCO)=O)=O,,,,150,10.1002_app.48278_part_1.txt_∂Œ1_Material1
[*]C([C@H](C)OC([C@H](C)O[*])=O)=O,OP(O)(O)=O,C[N+](CCO)(CCO)[3H],[*]C1=NC2=CC3=C(C=C2O1)OC(C4=CC=C(C=C4)[*])=N3,,169,10.1002_pi.4700_part_1.txt_∂Œ1_Material1
[*]CC([*])Cl,O=C([O-])[O-].[Ca+2],,,,170,10.1080_09593330.2018.1461247_part_1.txt_∂Œ1_Material1
O=C([*])OC1=CC=C(C=C1)C(C)(C)C2=CC=C(C=C2)O[*],[H][Si]([H])([H])[H],,,,266,10.4236_msce.2018.67009_OA_part_1.txt_∂Œ1_Material1
OCC1OC(C(C(C1O)O[*])O)OC2C(C(C(OC2COS(=O)(O)=O)[*])NC(C)=O)O,[*]C([H])([H])C(O)([H])[*],OCC(O)CO,,,260,10.1007_s12221-015-0537-4_part_1.txt_∂Œ1_Material1
[*]CC(COC1=CC=C(C=C1)C(C)(C)C2=CC=C(C=C2)O[*])O,O=C(C1=CC=C(C=C1)C(OCC[*])=O)O[*],C=C(C)C(=O)OCC(O)COC1=CC=C(C(C2=CC=C(O)C=C2)(C)C)C=C1,,,200,10.1016_j.conbuildmat.2021.123565_part_1.txt_∂Œ1_Material1
[*]OCCCCOC(CCC([*])=O)=O,[Ti](OCCCC)(OCCCC)(OCCCC)OCCCC,,,,116.1,10.1021_ie501504b_part_1.txt_∂Œ1_Material1
[*]CC[*],[*]O[Si](C)(C)[*],,,,126,10.1002_pat.3710_part_1.txt_∂Œ1_Material1
[*]C(C)C[*],N#CC(C1=CC=CC=N1)C1=CC=CC=C1,,,,163.1,10.1002_app.39151_part_2.txt_∂Œ1_Material1
O=C(CCCCC(N(CCCCCCN([*])[H])[H])=O)[*],C12=CC3=CC4=CC=CN=C4N=C3N=C1N=C5N=C6N=CC=CC6=CC5=C2,NC1=NC2=C(N=CN2C2O[C@H](COP(=O)(O)OP(=O)(O)O)[C@H](O)[C@@H]2O)C(=O)N1,[*]C1=NC2=CC3=C(C=C2O1)OC(C4=CC=C(C=C4)[*])=N3,,265.28,10.1016_j.compositesb.2019.01.014_part_2.txt_∂Œ1_Material1
[*]CCCC([*])OC(C)=O,OC1=C2C(C3(O)C4C5C6=C7C8C(C9=CC(C(O)=O)=C(C=C(C=C%10C(O)=O)C%11%12)C(C%11=C%13C%14C%15%16C%17(O%16)C%18C%19=C%20C%21=C%22C(C(O)=C%23)=C%24C%25C%21=C%26C%19=C%27C%17=C%28C%14(O)C%12=C%10C=C%28CC%27=CC%26=CC%25=C(C(O)=O)C=C%24)C9=C7C%13(O)C5=C%15C3=C%18C%29%30C%20(O%30)C%31C%22C%23=C%32)=CC(C(O)=O)=CC8=CC6=C(C(O)=O)C4=C2)=C%29C%33=C%31C%32=C(C(O)=O)C=C%331,,,,60,10.1016_j.compscitech.2020.108609_part_1.txt_∂Œ1_Material1
[*]C([C@H](C)OC([C@H](C)O[*])=O)=O,OP(O)(O)=O,[*]C1=NC2=CC3=C(C=C2O1)OC(C4=CC=C(C=C4)[*])=N3,,,167,10.1002_pi.4700_part_1.txt_∂Œ1_Material2
C[Si](C)(C[*])O[*],O=[Si]=O,O=[Si]=O,O=[Si]=O,,80,10.1002_app.45544_part_2.txt_∂Œ1_Material1
[*]CC[*],[*]CC([*])Cl,[*]OC1OC(CO)C(OC2C(O)C(O)C([*])C(CO)O2)C(O)C1O,,,115,10.1515_polyeng-2012-0004_part_1.txt_∂Œ1_Material1
[*]C(C)C[*],CC(CC(C(C(O1)=O)CC1=O)[*])C[*],[Al],,,165,10.3390_polym9110615_part_1.txt_∂Œ1_Material1
O=C([*])CCCCCN[*],COC(C(C[*])([*])C)=O,COC(C(C[*])([*])C)=O,C(C)(C1=CC=C(OCC2CO2)C=C1)(C)C1=CC=C(OCC2CO2)C=C1,,215,10.1002_app.33662_part_1.txt_∂Œ1_Material1
[*]C1C(OC(C(C1O)O)OC2C(OC(C(C2O)O)O[*])CO)CO,OC(C(CC(O)=O)(CC(O)=O)O)=O,OCC(O)CO,O=[Ti]=O,,120,10.1002_pc.24598_part_1.txt_∂Œ1_Material1
[*]C(C)C[*],[H][O-],,,,160,10.1080_2374068x.2018.1468972_part_1.txt_∂Œ1_Material1
O=C([*])CCCCCN[*],,,,,220,10.1016_j.polymertesting.2018.06.018_part_1.txt_∂Œ1_Material1
[*]C(C)C[*],[*]CCCC(C1C([*])C2CC1C/C2=C/C)C,O=C([O-])[O-].[Ca+2],NC1=CC=C(C=C1)/C2=C3C=C/C(N\3)=C(C4=N/C(C=C4)=C(C5=CC=C(N5)/C(C6=CC=CC=C6)=C7N=C2C=C\7)/C8=CC=CC=C8)\C9=CC=CC=C9,,162.87,10.4028_www.scientific.net_kem.594-595.770_part_1.txt_∂Œ1_Material1
[*]C(C)C[*],O=C([O-])[O-].[Ca+2],[H][Si]([H])([H])[H],,,162.42,10.1007_s12221-017-7276-7_part_1.txt_∂Œ1_Material3
[*]C(C)C[*],[*]CCC(CCCC(CCCC(C[*])C)C)C,O=C(CCCCCCCCCCCCCCCCC)O[Ca]OC(CCCCCCCCCCCCCCCCC)=O,,,163,10.1002_pi.4778_part_1.txt_∂Œ1_Material1
[*]C1C(OC(C(C1O)O)OC2C(OC(C(C2O)O)O[*])CO)CO,O=C([*])C(C)O[*],OC(C(CC(O)=O)(CC(O)=O)O)=O,O1C(=O)C=CC1=O,O=C=NC(C=C1)=CC=C1CC2=CC=C(C=C2)N=C=O,150.4,10.1007_s10924-014-0666-7_part_1.txt_∂Œ1_Material1
[*]C(C)C[*],O=C([*])OC1=CC=C(C=C1)C(C)(C)C2=CC=C(C=C2)O[*],O=[Ti]=O,[*]C(C)C[*],,165,10.1177_0021998316658536_part_1.txt_∂Œ1_Material1
O=C(CCCCC(N(CCCCCCN([*])[H])[H])=O)[*],[*]C(C1=CC=C(C(OCCCCO[*])=O)C=C1)=O,[*]C(C=C1)=CC=C1S[*],O=C([*])OC1=CC=C(C=C1)C(C)(C)C2=CC=C(C=C2)O[*],O=[Si]=O,260,10.1111_ffe.12363_part_1.txt_∂Œ1_Material1
[*]C(C)C[*],[*]CC[*],NC1=CC=C(C=C1)/C2=C3C=C/C(N\3)=C(C4=N/C(C=C4)=C(C5=CC=C(N5)/C(C6=CC=CC=C6)=C7N=C2C=C\7)/C8=CC=CC=C8)\C9=CC=CC=C9,CC1=CC(O)=C(C=C1CCCC(C2=C(C=C(C(C(C)(C)C)=C2)O)C)C3=CC(C(C)(C)C)=C(C=C3C)O)C(C)(C)C,,169.1,10.1016_j.compscitech.2020.108395_part_1.txt_∂Œ1_Material1
O=C([*])OC1=CC=C(C=C1)C(C)(C)C2=CC=C(C=C2)O[*],,,,,265,10.1016_j.polymdegradstab.2015.09.021_part_5.txt_∂Œ1_Material1
[*]C(C=C1)=CC=C1S[*],[*]OCCCCOC(CCC([*])=O)=O,O=C=NC(C=C1)=CC=C1CC2=CC=C(C=C2)N=C=O,,,104.3,10.1021_acs.iecr.5b00637_part_1.txt_∂Œ1_Material1
O=C([*])OC1=CC=C(C=C1)C(C)(C)C2=CC=C(C=C2)O[*],[*]C(CCCCCO[*])=O,[*]CCCCO[*],CC(C(=O)O)(CO)CO,[O-][Si]([O-])([O-])O[Si]([O-])([O-])[O-].[Ca+2],110,10.1002_macp.201400373_part_2.txt_∂Œ1_Material1
[*]NCC(NC(C(ONCC(NC(C(NCC(NC(C([*])=O)C)=O)=O)C)=O)=O)CO)=O,[*]C1C(C(C(OC1C(O[Na])=O)OC2C(C(O[Na])=O)OC(O[*])C(O)C2O)O)O,[*]OCC[*],Cl[Ca]Cl,,220,10.1007_s12221-020-9445-3_part_1.txt_∂Œ1_Material1
O=C(C1=CC=C(C=C1)C(OCC[*])=O)O[*],[O-][Si]([O-])([O-])O[Si]([O-])([O-])[O-].[Ca+2],O=C([*])CCCCCN[*],,,255,10.1016_j.compositesb.2021.108928_part_1.txt_∂Œ1_Material1
[*]NC(C(N1CCCC1C(NCC(N2CC(CC2C(NC(C(NCC([*])=O)=O)CO)=O)O)=O)=O)=O)CCCCN,O=C(O[Na])COCC(OC(C(C1O)O)[*])C1OC(C(C(C2O[*])O)O)OC2COCC(O[Na])=O,[*]OCC1C(C(C(CC1CO)COCC2C(C(C(CC2CO)C[*])O)COCC3C(C(C(C(O3)CO)O)O)COCC4C(C(C(C(O4)C(O)=O)COCC5C(C(C(C(O5)C(O)=O)O)O)O)O)O)O)O,OCC(O)CO,,138.76,10.1016_j.fpsl.2016.05.008_part_1.txt_∂Œ1_Material1
[*]NC(C(N1CCCC1C(NCC(N2CC(CC2C(NC(C(NCC([*])=O)=O)CO)=O)O)=O)=O)=O)CCCCN,[*]C1C(OC(C(C1O)O)OC2C(OC(C(C2O)O)O[*])CO)CO,OC1=C2C(C3(O)C4C5C6=C7C8C(C9=CC(C(O)=O)=C(C=C(C=C%10C(O)=O)C%11%12)C(C%11=C%13C%14C%15%16C%17(O%16)C%18C%19=C%20C%21=C%22C(C(O)=C%23)=C%24C%25C%21=C%26C%19=C%27C%17=C%28C%14(O)C%12=C%10C=C%28CC%27=CC%26=CC%25=C(C(O)=O)C=C%24)C9=C7C%13(O)C5=C%15C3=C%18C%29%30C%20(O%30)C%31C%22C%23=C%32)=CC(C(O)=O)=CC8=CC6=C(C(O)=O)C4=C2)=C%29C%33=C%31C%32=C(C(O)=O)C=C%331,,,61.86,10.1007_s13197-020-04904-6_part_1.txt_∂Œ1_Material1
[*]CC[*],[*]CC[*],[*]C(C)C[*],O=C1C([*])C(CC[*])C(O1)=O,,129.93,10.1007_s12221-017-1106-9_part_1.txt_∂Œ1_Material1
C=C([CH3])C(=O)O[CH3],[*]C(CCCCCO[*])=O,OC1=C2C(C3(O)C4C5C6=C7C8C(C9=CC(C(O)=O)=C(C=C(C=C%10C(O)=O)C%11%12)C(C%11=C%13C%14C%15%16C%17(O%16)C%18C%19=C%20C%21=C%22C(C(O)=C%23)=C%24C%25C%21=C%26C%19=C%27C%17=C%28C%14(O)C%12=C%10C=C%28CC%27=CC%26=CC%25=C(C(O)=O)C=C%24)C9=C7C%13(O)C5=C%15C3=C%18C%29%30C%20(O%30)C%31C%22C%23=C%32)=CC(C(O)=O)=CC8=CC6=C(C(O)=O)C4=C2)=C%29C%33=C%31C%32=C(C(O)=O)C=C%331,,,60,10.1016_j.rinp.2021.104125_part_1.txt_∂Œ1_Material1
[*]C(C)C[*],O=[Al]O[Al]=O.O=[Si]=O.O=[Si]=O.O=[Si]=O,,,,172.3,10.1515_epoly-2014-0128_part_1.txt_∂Œ1_Material1
[*]C([H])([H])C(O)([H])[*],OC1=C2C(C3(O)C4C5C6=C7C8C(C9=CC(C(O)=O)=C(C=C(C=C%10C(O)=O)C%11%12)C(C%11=C%13C%14C%15%16C%17(O%16)C%18C%19=C%20C%21=C%22C(C(O)=C%23)=C%24C%25C%21=C%26C%19=C%27C%17=C%28C%14(O)C%12=C%10C=C%28CC%27=CC%26=CC%25=C(C(O)=O)C=C%24)C9=C7C%13(O)C5=C%15C3=C%18C%29%30C%20(O%30)C%31C%22C%23=C%32)=CC(C(O)=O)=CC8=CC6=C(C(O)=O)C4=C2)=C%29C%33=C%31C%32=C(C(O)=O)C=C%331,[Cu],,,230,10.1002_pen.24855_part_1.txt_∂Œ1_Material1
O=C([*])OC1=CC=C(C=C1)C(C)(C)C2=CC=C(C=C2)O[*],[*]C(C1=CC=C(C(OCCCCO[*])=O)C=C1)=O,O=[Si]=O,[*]CC(COC1=CC=C(C=C1)C(C)(C)C2=CC=C(C=C2)O[*])O,,230,10.1177_0731684415599071_part_1.txt_∂Œ1_Material1
[*]C(CCCCC(OCCCCO[*])=O)=O,O=C([*])C(C)O[*],,,,168.1,10.1016_j.mtcomm.2021.102407_part_1.txt_∂Œ1_Material1
O=C(O[Na])COCC(OC(C(C1O)O)[*])C1OC(C(C(C2O[*])O)O)OC2COCC(O[Na])=O,O=[Al]O[Al]=O.O=[Si]=O.O=[Si]=O.O=[Si]=O,OC1=C2C(C3(O)C4C5C6=C7C8C(C9=CC(C(O)=O)=C(C=C(C=C%10C(O)=O)C%11%12)C(C%11=C%13C%14C%15%16C%17(O%16)C%18C%19=C%20C%21=C%22C(C(O)=C%23)=C%24C%25C%21=C%26C%19=C%27C%17=C%28C%14(O)C%12=C%10C=C%28CC%27=CC%26=CC%25=C(C(O)=O)C=C%24)C9=C7C%13(O)C5=C%15C3=C%18C%29%30C%20(O%30)C%31C%22C%23=C%32)=CC(C(O)=O)=CC8=CC6=C(C(O)=O)C4=C2)=C%29C%33=C%31C%32=C(C(O)=O)C=C%331,OC(C(C)(CC(C1=CC=CC=C1)[*])CC(C[*])(C(OCC2CO2)=O)C)=O,,220,10.3390_polym11040675_part_8.txt_∂Œ1_Material1
[*]OCCCCOC(CCC([*])=O)=O,,,,,115,10.1016_j.indcrop.2012.12.013_part_1.txt_∂Œ1_Material1
[*]C(C)C[*],[*]CCC(CCCC(CCCC(C[*])C)C)C,[*]CCC(CCCC(CCCC(C[*])C)C)C,[*]CC[*],,122.5,10.1002_app.36633_part_1.txt_∂Œ1_Material1
[*]C(N(CN(C(OCOC(N(CN(C(OCCO[*])=O)[H])[H])=O)=O)[H])[H])=O,OC1=C2C(C3(O)C4C5C6=C7C8C(C9=CC(C(O)=O)=C(C=C(C=C%10C(O)=O)C%11%12)C(C%11=C%13C%14C%15%16C%17(O%16)C%18C%19=C%20C%21=C%22C(C(O)=C%23)=C%24C%25C%21=C%26C%19=C%27C%17=C%28C%14(O)C%12=C%10C=C%28CC%27=CC%26=CC%25=C(C(O)=O)C=C%24)C9=C7C%13(O)C5=C%15C3=C%18C%29%30C%20(O%30)C%31C%22C%23=C%32)=CC(C(O)=O)=CC8=CC6=C(C(O)=O)C4=C2)=C%29C%33=C%31C%32=C(C(O)=O)C=C%331,OCC1OC(C(C(C1[*])O)O)OC2C(C(C(OC2CO)O[*])O)O,,,150,10.3390_coatings10040400_part_1.txt_∂Œ1_Material1
[*]C1C(OC(C(C1O)O)OC2C(OC(C(C2O)O)O[*])CO)CO,[*]C1C(OC(C(C1O)O)OC2C(OC(C(C2O)O)O[*])CO)CO,[*]C1C(OC(C(C1O)O)OC2C(OC(C(C2O)O)O[*])CO)CO,,,72.5,10.1007_s11694-020-00581-3_part_2.txt_∂Œ1_Material1
[*]OCC[*],CC1=CC=C(C=C1N=C=O)N=C=O,,,,59.79,10.1080_03602559.2015.1132436_part_7.txt_∂Œ1_Material2
O=C([*])C(C)O[*],C/C(C[*])=C/C[*],,,,150,10.4028_www.scientific.net_msf.819.284_part_1.txt_∂Œ1_Material1
[*]C(CCCCCO[*])=O,[Zn]=O,,,,61.33,10.1590_0104-1428.04018_part_1.txt_∂Œ1_Material1
[*]CC[*],[*]C(C)C[*],[H][Si]([H])([H])[H],O=C([O-])[O-].[Ca+2],,120,10.1080_09593330.2021.1946162_part_2.txt_∂Œ1_Material1
[*]C(C)C[*],O=C([O-])[O-].[Ca+2],OCC(C(C(C1N)O)O[*])OC1OC2C(OC(C(C2O)N)[*])CO,,,162.7,10.1007_s12221-014-1278-5_part_2.txt_∂Œ1_Material1
[*]C(CCCCCO[*])=O,[*]C(N(CN(C(OCOC(N(CN(C(OCCO[*])=O)[H])[H])=O)=O)[H])[H])=O,C[N+](CCO)(CCO)[3H],C[N+](CCO)(CCO)[3H],C[N+](CCO)(CCO)[3H],60,10.1002_app.38408_part_1.txt_∂Œ1_Material1
[*]C(C)C[*],O=[Si]=O,O=C([O-])[O-].[Ca+2],,,165.6,10.1002_pen.25404_part_2.txt_∂Œ1_Material1
[*]OCCOC(CC(C([*])=O)C(C1CCCCC1)CC(CC(O)=O)C(OCCO)=O)=O,OC1=C2C(C3(O)C4C5C6=C7C8C(C9=CC(C(O)=O)=C(C=C(C=C%10C(O)=O)C%11%12)C(C%11=C%13C%14C%15%16C%17(O%16)C%18C%19=C%20C%21=C%22C(C(O)=C%23)=C%24C%25C%21=C%26C%19=C%27C%17=C%28C%14(O)C%12=C%10C=C%28CC%27=CC%26=CC%25=C(C(O)=O)C=C%24)C9=C7C%13(O)C5=C%15C3=C%18C%29%30C%20(O%30)C%31C%22C%23=C%32)=CC(C(O)=O)=CC8=CC6=C(C(O)=O)C4=C2)=C%29C%33=C%31C%32=C(C(O)=O)C=C%331,,,,186.5,10.1002_pi.2801_part_1.txt_∂Œ1_Material1
[*]CC(CCCC(CC)CC([*])C1=CC=CC=C1)C2=CC=CC=C2,CC1=CC(O)=C(C=C1CCCC(C2=C(C=C(C(C(C)(C)C)=C2)O)C)C3=CC(C(C)(C)C)=C(C=C3C)O)C(C)(C)C,,,,130,10.1002_app.35244_part_1.txt_∂Œ1_Material1
[*]C(C)C[*],[*]C(C)C[*],[*]C(C)C[*],,,145,10.1016_j.polymer.2020.122411_part_1.txt_∂Œ1_Material1
O=C([*])CCCCCN[*],[H][Si]([H])([H])[H],,,,220,10.1016_j.egypro.2014.07.173_part_1.txt_∂Œ1_Material1
[*]C(C)C[*],O=[Ti]=O,,,,165,10.3389_fchem.2023.1150635_OA_part_1.txt_∂Œ1_Material1
[*]C([C@H](C)OC([C@H](C)O[*])=O)=O,[*]C1C(OC(C(C1O)O)OC2C(OC(C(C2O)O)O[*])CO)CO,O=C=NC(C=C1)=CC=C1CC2=CC=C(C=C2)N=C=O,,,143.8,10.1002_app.41095_part_1.txt_∂Œ1_Material1
[*]C(CCCCCO[*])=O,CC1=CC=C(C=C1N=C=O)N=C=O,OCCCCO,,,40,10.1016_j.apsusc.2018.01.275_part_1.txt_∂Œ1_Material1
[*]CC[*],[*]CC[*],O=C([*])C(C)O[*],[Ti](OCCCC)(OCCCC)(OCCCC)OCCCC,,122.11,10.4172_2469-9764.1000121_part_1.txt_∂Œ1_Material1
O=C([*])CCCCCN[*],[*]CC(CCCC(CC)CC([*])C1=CC=CC=C1)C2=CC=CC=C2,[*]CC(CCCC(CC)CC([*])C1=CC=CC=C1)C2=CC=CC=C2,C12=C3C(C=CC4C3=C5C(CC6=CC7=C8C9=C(C(C=C%10)=CC=C9C=C7)C%11=C%10C%12)=CC4)=CC=C1C=C%12C%13=C%11C8=C6C5=C2%13,[C],221.4,10.1155_2015_819580_part_1.txt_∂Œ1_Material1
[*]C(C)C[*],[*]CC[*],,,,100,10.1007_s10965-013-0303-5_part_2.txt_∂Œ1_Material1
OCC1OC(C(C(C1O)O[*])O)OC2C(C(C(OC2COS(=O)(O)=O)[*])NC(C)=O)O,[*]C([H])([H])C(O)([H])[*],[*]C1C(OC(C(C1O)O)OC2C(OC(C(C2O)O)O[*])CO)CO,,,220,10.1080_10601325.2014.967108_part_1.txt_∂Œ1_Material1
[*]C1C(OC(C(C1O)O)OC2C(OC(C(C2O)O)O[*])CO)CO,OC1C(C(OC(C1O)OC2C(OC(C(C2O)O)OC3C(C(C(OC3C(OC)=O)OC4C(OC(C(C4O)O)[*])C(O)=O)O)O)C(OC)=O)C(O)=O)O[*],OCC(O)CO,Cl[Ca]Cl,,200,10.1016_j.ultsonch.2016.11.010_part_1.txt_∂Œ1_Material1
OCC1OC(OC2C(O)C(O)C(O[*])OC2CO)C(O)C(O)C1[*],[H]O[H],,,,137.6,10.3390_ma13194370_part_3.txt_∂Œ1_Material1
[*]CC(CC=CCC([*])C1=CC=CC=C1)C#N,,,,,217,10.1002_pc.26076_part_4.txt_∂Œ1_Material1
[*]C([H])([H])C(O)([H])[*],O=C(C(C[*])[*])N,OCC1OC(C(C(C1[*])O)O)OC2C(C(C(OC2CO)O[*])O)O,,,213,10.1002_pc.23742_part_2.txt_∂Œ1_Material1
[*]C(C)C[*],[C],[S],OC1=C2C(C3(O)C4C5C6=C7C8C(C9=CC(C(O)=O)=C(C=C(C=C%10C(O)=O)C%11%12)C(C%11=C%13C%14C%15%16C%17(O%16)C%18C%19=C%20C%21=C%22C(C(O)=C%23)=C%24C%25C%21=C%26C%19=C%27C%17=C%28C%14(O)C%12=C%10C=C%28CC%27=CC%26=CC%25=C(C(O)=O)C=C%24)C9=C7C%13(O)C5=C%15C3=C%18C%29%30C%20(O%30)C%31C%22C%23=C%32)=CC(C(O)=O)=CC8=CC6=C(C(O)=O)C4=C2)=C%29C%33=C%31C%32=C(C(O)=O)C=C%331,,165,10.1016_j.jiec.2012.12.024_part_1.txt_∂Œ1_Material1
[*]C(NC1=C(C)C(NC(OCCO[*])=O)=CC=C1)=O,O=[Si]=O,,,,63,10.4028_www.scientific.net_msf.974.267_part_1.txt_∂Œ1_Material1
O=C([*])C(C)O[*],C[Si](O[*])(C)[*],[H][Si]([H])([H])[H],O=C(C1=CC=C(C=C1)C(OCC[*])=O)O[*],O=[Mg].O=[Si]=O.O=[Si]=O.O=[Si]=O.O=[Si]=O.O=[Mg].O=[Mg].O,150,10.1016_j.rinp.2018.04.028_part_1.txt_∂Œ1_Material1
[*]OC(CC(OC(CC([*])=O)CC)=O)C,OCC1OC(C(C(C1[*])O)O)OC2C(C(C(OC2CO)O[*])O)O,,,,175,10.3390_polym12123006_part_2.txt_∂Œ1_Material2
O=C([*])CCCCCN[*],[*]NCCCCCCCCCCCC([*])=O,,,,210,10.1002_pen.25171_part_2.txt_∂Œ1_Material1
[*]C(C)C[*],[*]CC[*],CC1=CC(O)=C(C=C1CCCC(C2=C(C=C(C(C(C)(C)C)=C2)O)C)C3=CC(C(C)(C)C)=C(C=C3C)O)C(C)(C)C,C12=CC3=CC4=CC=CN=C4N=C3N=C1N=C5N=C6N=CC=CC6=CC5=C2,,127,10.1002_app.46640_part_1.txt_∂Œ1_Material2
[*]C(C)C[*],O=[Si]=O,,,,160,10.1061_(asce)mt.1943-5533.0001341_part_1.txt_∂Œ1_Material1
[*]C(N(CN(C(OCOC(N(CN(C(OCCO[*])=O)[H])[H])=O)=O)[H])[H])=O,CCCC[Sn](CCCC)(OC(CCCCCCCCCCC)=O)OC(CCCCCCCCCCC)=O,,,,139,10.3390_polym12051011_part_2.txt_∂Œ1_Material1
[*]C(C)C[*],C12=CC3=CC4=CC=CN=C4N=C3N=C1N=C5N=C6N=CC=CC6=CC5=C2,NC1=CC=C(C=C1)/C2=C3C=C/C(N\3)=C(C4=N/C(C=C4)=C(C5=CC=C(N5)/C(C6=CC=CC=C6)=C7N=C2C=C\7)/C8=CC=CC=C8)\C9=CC=CC=C9,,,165,10.1002_pcr2.10010_part_1.txt_∂Œ1_Material1
[*]C(C)C[*],[*]C(C)C[*],,,,165,10.1016_j.compstruct.2018.07.085_part_1.txt_∂Œ1_Material1
[*]C(C)C[*],OCC1OC(C(C(C1[*])O)O)OC2C(C(C(OC2CO)O[*])O)O,NC1=CC=C(C=C1)/C2=C3C=C/C(N\3)=C(C4=N/C(C=C4)=C(C5=CC=C(N5)/C(C6=CC=CC=C6)=C7N=C2C=C\7)/C8=CC=CC=C8)\C9=CC=CC=C9,C[N+](CCO)(CCO)[3H],,160.1,10.1002_app.32985_part_1.txt_∂Œ1_Material1
[*]C1C(OC(C(C1O)O)OC2C(OC(C(C2O)O)O[*])CO)CO,OCC(O)CO,,,,144.55,10.1002_pc.24488_part_2.txt_∂Œ1_Material1
[*]C(C)C[*],CC(CC(C(C(O1)=O)CC1=O)[*])C[*],,,,142,10.1002_pc.22558_part_1.txt_∂Œ1_Material1
C[Si](C)(C[*])O[*],[*]OCC[*],OCC(C(C(C1N)O)O[*])OC1OC2C(OC(C(C2O)N)[*])CO,O=C=NCCCCCCN=C=O,,58,10.1016_j.carbpol.2010.03.023_part_1.txt_∂Œ1_Material1
[*]C([H])([H])C(O)([H])[*],C(CC=O)CC=O,OCC1OC(C(C(C1[*])O)O)OC2C(C(C(OC2CO)O[*])O)O,,,220,10.3390_polym12061364_part_1.txt_∂Œ1_Material1
[*]C(NC1=C(C)C(NC(OCCO[*])=O)=CC=C1)=O,[*]CC(COC1=CC=C(C=C1)C(C)(C)C2=CC=C(C=C2)O[*])O,,,,168.4,10.1016_j.polymer.2012.12.046_part_2.txt_∂Œ1_Material1
O=C([*])C(C)O[*],O[Si](O)(O[Si](O)(O)O)O.[Al].[Al].O,O=C([*])C(C)O[*],OCC1OC(C(C(C1[*])O)O)OC2C(C(C(OC2CO)O[*])O)O,,175.8,10.1002_pc.25284_part_1.txt_∂Œ1_Material1
[*]C(C)C[*],NC1=CC=C(C=C1)/C2=C3C=C/C(N\3)=C(C4=N/C(C=C4)=C(C5=CC=C(N5)/C(C6=CC=CC=C6)=C7N=C2C=C\7)/C8=CC=CC=C8)\C9=CC=CC=C9,OCC1OC(OC2C(O)C(O)C(O[*])OC2CO)C(O)C(O)C1[*],,,190,10.1016_j.compositesa.2020.105894_part_1.txt_∂Œ1_Material1
O=C([*])C(C)O[*],OCC1OC(C(C(C1[*])O)O)OC2C(C(C(OC2CO)O[*])O)O,,,,170,10.3390_polym12123006_part_2.txt_∂Œ1_Material1
[*]C(C)C[*],[*]CCCC(C1C([*])C2CC1C/C2=C/C)C,,,,166.18,10.3139_217.3286_part_2.txt_∂Œ1_Material1
[*]C(C1=CC=C(C=C1)C(OCCCCOC(C2=CC=C(C=C2)C(OCCCCO[*])=O)=O)=O)=O,[*]C(C1=CC=C(C(OCCCCO[*])=O)C=C1)=O,[*]CCCCOCCCCOCCCCOCCCCO[*],,,178.2,10.1021_acs.iecr.7b00904_part_2.txt_∂Œ1_Material2
[*]NC(C)C(N1CCCC1C([*])=O)=O,C(CC=O)CC=O,OC[C@@H]([C@H]([C@@H]([C@@H](CO)O)O)O)O,OCC(O)CO,,80.1,10.1016_j.fbio.2016.12.002_part_3.txt_∂Œ1_Material1
O=C([*])C(C)O[*],[*]C(C)C[*],[C],C12=C3C(C=CC4C3=C5C(CC6=CC7=C8C9=C(C(C=C%10)=CC=C9C=C7)C%11=C%10C%12)=CC4)=CC=C1C=C%12C%13=C%11C8=C6C5=C2%13,,175.3,10.1016_j.compositesb.2019.107717_part_2.txt_∂Œ1_Material1
[*]C(C)C[*],O=C([*])OC1=CC=C(C=C1)C(C)(C)C2=CC=C(C=C2)O[*],[*]CC(CCCC(CC)CC([*])C1=CC=CC=C1)C2=CC=CC=C2,,,165.4,10.1177_0892705713518792_part_2.txt_∂Œ1_Material1
[*]CC[*],[*]CC[*],,,,132,10.1002_mame.202000252_part_1.txt_∂Œ1_Material1
[*]C(C)C[*],[C],O=[Fe]O[Fe]=O,,,161,10.1108_prt-08-2014-0066_part_2.txt_∂Œ1_Material1
[*]C(C)C[*],O=C(C1=CC=C(C=C1)C(OCC[*])=O)O[*],CC(CC(C(C(O1)=O)CC1=O)[*])C[*],,,161.53,10.1177_0040517517703600_part_1.txt_∂Œ1_Material1
OCC1OC(C(C(C1[*])O)O)OC2C(C(C(OC2CO)O[*])O)O,[*]OCCCCOC(CCC([*])=O)=O,,,,85,10.1007_s10570-014-0241-3_part_1.txt_∂Œ1_Material1
[*]C1C(OC(C(C1O)O)OC2C(OC(C(C2O)O)O[*])CO)CO,,,,,150,10.1016_j.foodres.2015.07.019_part_2.txt_∂Œ1_Material1
[*]C(CCCCCO[*])=O,O=C=NC(C=C1)=CC=C1CC2=CC=C(C=C2)N=C=O,CC1(CC(CC(C)(C1)C)N=C=O)CN=C=O,,,75.61,10.4028_www.scientific.net_msf.1010.142_part_1.txt_∂Œ1_Material1
[*]CC[*],[*]C(C)C[*],,,,124.28,10.4028_www.scientific.net_amr.1159.1_part_1.txt_∂Œ1_Material1
[*]CC[*],[*]C1=C(O)C(C(C)(C)C)=C(O)C(C)=C1SS[*],[*]C(N(CN(C(OCOC(N(CN(C(OCCO[*])=O)[H])[H])=O)=O)[H])[H])=O,,,111.8,10.1007_s13233-015-3155-5_part_1.txt_∂Œ1_Material3
[*]C(C)C[*],[*]CCC(CCCC(CCCC(C[*])C)C)C,,,,165,10.3139_217.2411_part_4.txt_∂Œ1_Material1
O=C(C1=CC=C(C=C1)C(OCC[*])=O)O[*],O=C([*])OC1=CC=C(C=C1)C(C)(C)C2=CC=C(C=C2)O[*],O[Si](O)(O[Si](O)(O)O)O.[Al].[Al].O,[*]CC(CCCC(CC)CC([*])C1=CC=CC=C1)C2=CC=CC=C2,,251.1,10.1002_app.42608_part_1.txt_∂Œ1_Material1
[*]C(C)C[*],[*]C(CCCCC(OCCCCOC(C1=CC=C(C(OCCCCO[*])=O)C=C1)=O)=O)=O,[*]C(C)C[*],,,170,10.1177_0040517520984979_part_1.txt_∂Œ1_Material1
[*]CC[*],[*]CC[*],O=[Si]=O.[Ca]=O,O=[Si]=O,O=[Si]=O,105,10.3390_polym12112624_part_1.txt_∂Œ1_Material1
O=C([*])OC1=CC=C(C=C1)C(C)(C)C2=CC=C(C=C2)O[*],O=[Si]=O,[H][Si]([H])([H])[H],,,265,10.1007_s10971-015-3781-6_part_1.txt_∂Œ1_Material1
[*]OCC[*],O=C=NCCCCCCN=C=O,OC1=C2C(C3(O)C4C5C6=C7C8C(C9=CC(C(O)=O)=C(C=C(C=C%10C(O)=O)C%11%12)C(C%11=C%13C%14C%15%16C%17(O%16)C%18C%19=C%20C%21=C%22C(C(O)=C%23)=C%24C%25C%21=C%26C%19=C%27C%17=C%28C%14(O)C%12=C%10C=C%28CC%27=CC%26=CC%25=C(C(O)=O)C=C%24)C9=C7C%13(O)C5=C%15C3=C%18C%29%30C%20(O%30)C%31C%22C%23=C%32)=CC(C(O)=O)=CC8=CC6=C(C(O)=O)C4=C2)=C%29C%33=C%31C%32=C(C(O)=O)C=C%331,,,53.9,10.1016_j.tca.2017.10.016_part_1.txt_∂Œ1_Material1
[*]OC(CC(OC(CC([*])=O)CC)=O)C,[*]C(CCCCC(OCCCCO[*])=O)=O,,,,165,10.3389_fmats.2019.00275_part_1.txt_∂Œ1_Material1
[*]NCCCCCCCCCCCC([*])=O,[*]C(C)C[*],CCCCCCCCCCCCCCCCCCOC(CCC1=CC(C(C)(C)C)=C(C(C(C)(C)C)=C1)O)=O,,,177,10.1115_1.4032977_part_1.txt_∂Œ1_Material1
[*]CCCC([*])OC(C)=O,[*]CC[*],[*]C(C)C[*],,,134.9,10.1177_8756087912441175_part_3.txt_∂Œ1_Material1
[*]C/C=C\CCC(C=C)[*],[H][Si]([H])([H])[H],,,,150,10.1016_j.polymer.2016.01.077_part_1.txt_∂Œ1_Material1
[*]C(C)C[*],OC1=C2C(C3(O)C4C5C6=C7C8C(C9=CC(C(O)=O)=C(C=C(C=C%10C(O)=O)C%11%12)C(C%11=C%13C%14C%15%16C%17(O%16)C%18C%19=C%20C%21=C%22C(C(O)=C%23)=C%24C%25C%21=C%26C%19=C%27C%17=C%28C%14(O)C%12=C%10C=C%28CC%27=CC%26=CC%25=C(C(O)=O)C=C%24)C9=C7C%13(O)C5=C%15C3=C%18C%29%30C%20(O%30)C%31C%22C%23=C%32)=CC(C(O)=O)=CC8=CC6=C(C(O)=O)C4=C2)=C%29C%33=C%31C%32=C(C(O)=O)C=C%331,NC1=CC=C(C=C1)/C2=C3C=C/C(N\3)=C(C4=N/C(C=C4)=C(C5=CC=C(N5)/C(C6=CC=CC=C6)=C7N=C2C=C\7)/C8=CC=CC=C8)\C9=CC=CC=C9,,,161.8,10.1016_j.cej.2014.01.101_part_1.txt_∂Œ1_Material1
[*]CC[*],O=C([*])OC1=CC=C(C=C1)C(C)(C)C2=CC=C(C=C2)O[*],O=C1C=CC(O1)=O.C=C,,,136,10.1016_j.indcrop.2021.113638_part_1.txt_∂Œ1_Material1
[*]C(C)C[*],[Zn]=O,O=C(O)CCCCCCCCCCCCCCCCC,,,125,10.1021_acs.macromol.6b01387_part_1.txt_∂Œ1_Material1
O=C([*])C(C)O[*],[*]CC(C1=CC=CC=C1)[*],O=[Al]O[Al]=O.O=[Si]=O.O=[Si]=O.O=[Si]=O,,,180,10.3144_expresspolymlett.2015.42_part_2.txt_∂Œ1_Material1
[*]C(C)C[*],O=[Al]O[Al]=O.O=[Si]=O.O=[Si]=O.O.O,,,,180,10.1080_03602559.2013.844833_part_1.txt_∂Œ1_Material1
[*]C(NC1=C(C)C(NC(OCCO[*])=O)=CC=C1)=O,[*]C(NC1=C(C)C(NC(OCCO[*])=O)=CC=C1)=O,,,,56,10.1177_1045389x15610912_part_1.txt_∂Œ1_Material1
[*]CC[*],[*]C(CCCCCO[*])=O,[*]C(CCCCC(OCCCCO[*])=O)=O,[*]OCCOC(CC(C([*])=O)C(C1CCCCC1)CC(CC(O)=O)C(OCCO)=O)=O,,100,10.1039_c8py01614c_part_2.txt_∂Œ1_Material1
[*]C(C)C[*],[*]C(C)C[*],C12=CC3=CC4=CC=CN=C4N=C3N=C1N=C5N=C6N=CC=CC6=CC5=C2,,,167,10.1016_j.matdes.2011.03.021_part_1.txt_∂Œ1_Material1
O=C([*])C(C)O[*],[*]CC(CC)([*])C(OCC1=CC=CC=C1)=O,[*]CCCC([*])C(OC)=O,,,170,10.1021_acsami.5b01145_part_1.txt_∂Œ1_Material1
O=C1C([*])C(CC[*])C(O1)=O,,,,,128.49,10.1002_app.46308_part_1.txt_∂Œ1_Material1
[*]C(N(CN(C(OCOC(N(CN(C(OCCO[*])=O)[H])[H])=O)=O)[H])[H])=O,OCC1OC(C(C(C1[*])O)O)OC2C(C(C(OC2CO)O[*])O)O,,,,202.6,10.1016_j.polymer.2019.121832_part_1.txt_∂Œ1_Material1
O=C([*])CCCCCN[*],[*]OCC[*],,,,219.9,10.1002_pen.23923_part_1.txt_∂Œ1_Material1
O=C([*])CCCCCN[*],[O-][Si]([O-])([O-])O[Si]([O-])([O-])[O-].[Ca+2],C12=CC3=CC4=CC=CN=C4N=C3N=C1N=C5N=C6N=CC=CC6=CC5=C2,,,200,10.1016_j.compositesb.2021.109119_part_3.txt_∂Œ1_Material1
[*]C(N(CN(C(OCOC(N(CN(C(OCCO[*])=O)[H])[H])=O)=O)[H])[H])=O,C/C(C[*])=C/C[*],O=C(C1=CC=C(C([*])=O)C=C1)NC2=CCC(N[*])C=C2,,,120,10.1007_s12221-018-7737-7_part_1.txt_∂Œ1_Material1
O=C([*])C(C)O[*],[*]O[C@H](C)CC([*])=O,,,,151.8,10.5552_drind.2018.1737_part_1.txt_∂Œ1_Material1
O=C([*])C(C)O[*],O=[Si]=O,OCC1OC(C(C(C1[*])O)O)OC2C(C(C(OC2CO)O[*])O)O,C12=C3C(C=CC4C3=C5C(CC6=CC7=C8C9=C(C(C=C%10)=CC=C9C=C7)C%11=C%10C%12)=CC4)=CC=C1C=C%12C%13=C%11C8=C6C5=C2%13,[Ag],175,10.1016_j.progpolymsci.2013.05.014_part_1.txt_∂Œ1_Material1
[*]C1=C(C=CN2)C2=C([*])C(O)=C1O,,,,,150,10.1002_pc.26176_part_1.txt_∂Œ1_Material1
O=C([*])C(C)O[*],O=C([*])C(C)O[*],CC1=CC(O)=C(C=C1CCCC(C2=C(C=C(C(C(C)(C)C)=C2)O)C)C3=CC(C(C)(C)C)=C(C=C3C)O)C(C)(C)C,,,150,10.1016_j.polymertesting.2014.04.001_part_1.txt_∂Œ1_Material1
[*]CC[*],C/C(C[*])=C/C[*],OC1=C2C(C3(O)C4C5C6=C7C8C(C9=CC(C(O)=O)=C(C=C(C=C%10C(O)=O)C%11%12)C(C%11=C%13C%14C%15%16C%17(O%16)C%18C%19=C%20C%21=C%22C(C(O)=C%23)=C%24C%25C%21=C%26C%19=C%27C%17=C%28C%14(O)C%12=C%10C=C%28CC%27=CC%26=CC%25=C(C(O)=O)C=C%24)C9=C7C%13(O)C5=C%15C3=C%18C%29%30C%20(O%30)C%31C%22C%23=C%32)=CC(C(O)=O)=CC8=CC6=C(C(O)=O)C4=C2)=C%29C%33=C%31C%32=C(C(O)=O)C=C%331,O=C(O)CCCCCCCCCCCCCCCCC,[S],98,10.4028_www.scientific.net_amm.679.184_part_1.txt_∂Œ1_Material2
[*]C(CCCCCO[*])=O,OCC(O)CO,,,,59,10.1007_s10924-017-1029-y_part_1.txt_∂Œ1_Material1
[*]C(C)C[*],[*]CC(CC=CCC([*])C1=CC=CC=C1)C#N,[*]C(C)C[*],[*]CC(CCCC(CC)CC([*])C1=CC=CC=C1)C2=CC=CC=C2,,163,10.1177_0892705717697775_part_2.txt_∂Œ1_Material1
[*]C(N(CN(C(OCOC(N(CN(C(OCCO[*])=O)[H])[H])=O)=O)[H])[H])=O,[H][O-],[H][Si]([H])([H])[H],,,225,10.1177_0892705719890904_part_1.txt_∂Œ1_Material1
[*]C(C)C[*],OCC(C(C(C1N)O)O[*])OC1OC2C(OC(C(C2O)N)[*])CO,O=C(O)C([*])C[*],,,162,10.1016_j.compositesa.2012.10.014_part_1.txt_∂Œ1_Material1
O=C(C1=CC=C(C=C1)C(OCC[*])=O)O[*],C=C(C)C(=O)OCC(O)COC1=CC=C(C(C2=CC=C(O)C=C2)(C)C)C=C1,[*]CC(COC1=CC=C(C=C1)C(C)(C)C2=CC=C(C=C2)O[*])O,O=[Si]=O,C12=CC3=CC4=CC=CN=C4N=C3N=C1N=C5N=C6N=CC=CC6=CC5=C2,250,10.3390_polym12112600_part_2.txt_∂Œ1_Material1
[*]C(C)C[*],C[N+](CCO)(CCO)[3H],,,,160,10.1177_096739111001800202_part_1.txt_∂Œ1_Material1
[*]CC([*])N1CCCC1=O,,,,,211,10.1016_j.ceramint.2020.06.224_part_3.txt_∂Œ1_Material1
C/C(C[*])=C/C[*],[*]C(C)C[*],[*]C(C)C[*],,,165,10.7454_mst.v17i3.2926_part_1.txt_∂Œ1_Material1
[*]NC(C(N1CCCC1C(NCC(N2CC(CC2C(NC(C(NCC([*])=O)=O)CO)=O)O)=O)=O)=O)CCCCN,[*]OC1C(O)C(O)C(OC2C(OC(C(CO)O)=O)C(OC3C(O)C(O)C(OC4C(O)C(O)C(O[*])OC4CO)OC3C(O)=O)OC(CO)C2O)OC1C,Cl[Ca]Cl,,,27.08,10.1007_s11483-017-9489-0_part_1.txt_∂Œ1_Material1
[*]C(C)C[*],O=[Si]=O.[Ca]=O,O=[Si]=O,[H]O[H],,160,10.1061_(asce)mt.1943-5533.0002046_part_1.txt_∂Œ1_Material1
OCC1OC(OC2C(O)C(O)C(O[*])OC2CO)C(O)C(O)C1[*],C[Si](O[*])(C)[*],,,,76.6,10.1016_j.ijbiomac.2013.05.021_part_2.txt_∂Œ1_Material1
O=C(CCCCC(N(CCCCCCN([*])[H])[H])=O)[*],[*]C(F)(C(F)([*])F)F,,,,263,10.1177_0954008312446765_part_1.txt_∂Œ1_Material1
[*]C(NC1=C(C)C(NC(OCCO[*])=O)=CC=C1)=O,C12=C3C(C=CC4C3=C5C(CC6=CC7=C8C9=C(C(C=C%10)=CC=C9C=C7)C%11=C%10C%12)=CC4)=CC=C1C=C%12C%13=C%11C8=C6C5=C2%13,OC1=C2C(C3(O)C4C5C6=C7C8C(C9=CC(C(O)=O)=C(C=C(C=C%10C(O)=O)C%11%12)C(C%11=C%13C%14C%15%16C%17(O%16)C%18C%19=C%20C%21=C%22C(C(O)=C%23)=C%24C%25C%21=C%26C%19=C%27C%17=C%28C%14(O)C%12=C%10C=C%28CC%27=CC%26=CC%25=C(C(O)=O)C=C%24)C9=C7C%13(O)C5=C%15C3=C%18C%29%30C%20(O%30)C%31C%22C%23=C%32)=CC(C(O)=O)=CC8=CC6=C(C(O)=O)C4=C2)=C%29C%33=C%31C%32=C(C(O)=O)C=C%331,,,130,10.1166_jnn.2015.8353_part_1.txt_∂Œ1_Material1
[*]CC[*],[Zn]=O,NCCC[Si](OCC)(OCC)OCC,,,130,10.1177_0731684413509426_part_1.txt_∂Œ1_Material1
[*]CC[*],C/C(C[*])=C/C[*],[S],OC1=C2C(C3(O)C4C5C6=C7C8C(C9=CC(C(O)=O)=C(C=C(C=C%10C(O)=O)C%11%12)C(C%11=C%13C%14C%15%16C%17(O%16)C%18C%19=C%20C%21=C%22C(C(O)=C%23)=C%24C%25C%21=C%26C%19=C%27C%17=C%28C%14(O)C%12=C%10C=C%28CC%27=CC%26=CC%25=C(C(O)=O)C=C%24)C9=C7C%13(O)C5=C%15C3=C%18C%29%30C%20(O%30)C%31C%22C%23=C%32)=CC(C(O)=O)=CC8=CC6=C(C(O)=O)C4=C2)=C%29C%33=C%31C%32=C(C(O)=O)C=C%331,O=C(O)CCCCCCCCCCCCCCCCC,98,10.4028_www.scientific.net_amm.679.184_part_1.txt_∂Œ1_Material1
O=C([*])C(C)O[*],[*]C(CCCCCO[*])=O,[*]C1C(OC(C(C1O)O)OC2C(OC(C(C2O)O)O[*])CO)CO,[H][O-],CC(=O)O,145,10.3390_polym12010058_part_1.txt_∂Œ1_Material1
[*]CC[*],[*]OCC[*],,,,112,10.5755_j01.ms.23.2.15074_part_1.txt_∂Œ1_Material1
[*]C(C)C[*],[Ti](OCCCC)(OCCCC)(OCCCC)OCCCC,,,,200,10.1080_14658011.2019.1692565_part_1.txt_∂Œ1_Material1
O=C([*])C(C)O[*],[*]OCCCCOC(CCC([*])=O)=O,O=C=NCCCCCCN=C=O,,,151.6,10.3390_ma14010197_part_2.txt_∂Œ1_Material1
[*]C(C)C[*],NC1=CC=C(C=C1)/C2=C3C=C/C(N\3)=C(C4=N/C(C=C4)=C(C5=CC=C(N5)/C(C6=CC=CC=C6)=C7N=C2C=C\7)/C8=CC=CC=C8)\C9=CC=CC=C9,NC1=CC=C(C=C1)/C2=C3C=C/C(N\3)=C(C4=N/C(C=C4)=C(C5=CC=C(N5)/C(C6=CC=CC=C6)=C7N=C2C=C\7)/C8=CC=CC=C8)\C9=CC=CC=C9,,,180,10.1016_j.matpr.2015.07.251_part_1.txt_∂Œ1_Material1
O=C([*])CCCCCN[*],OC1=C2C(C3(O)C4C5C6=C7C8C(C9=CC(C(O)=O)=C(C=C(C=C%10C(O)=O)C%11%12)C(C%11=C%13C%14C%15%16C%17(O%16)C%18C%19=C%20C%21=C%22C(C(O)=C%23)=C%24C%25C%21=C%26C%19=C%27C%17=C%28C%14(O)C%12=C%10C=C%28CC%27=CC%26=CC%25=C(C(O)=O)C=C%24)C9=C7C%13(O)C5=C%15C3=C%18C%29%30C%20(O%30)C%31C%22C%23=C%32)=CC(C(O)=O)=CC8=CC6=C(C(O)=O)C4=C2)=C%29C%33=C%31C%32=C(C(O)=O)C=C%331,,,,195.6,10.1021_jp112284k_part_1.txt_∂Œ1_Material1
[*]C1C(C(C(OC1C(O[Na])=O)OC2C(C(O[Na])=O)OC(O[*])C(O)C2O)O)O,[*]NC(C(N1CCCC1C(NCC(N2CC(CC2C(NC(C(NCC([*])=O)=O)CO)=O)O)=O)=O)=O)CCCCN,OCC(O)CO,,,105,10.3390_ma14040745_part_3.txt_∂Œ1_Material1
O=C([*])C(C)O[*],[*]C(CCCCC(OCCCCO[*])=O)=O,OCC(O)CO,,,170.43,10.3390_polym12091904_part_2.txt_∂Œ1_Material1
O=C([*])C(C)O[*],O=C([O-])[O-].[Ca+2],O=[Mg].O=[Si]=O.O=[Si]=O.O=[Si]=O.O=[Si]=O.O=[Mg].O=[Mg].O,,,153,10.1007_s10973-016-5802-2_part_1.txt_∂Œ1_Material1
C/C(C[*])=C/C[*],O=C([*])C(C)O[*],[*]C(CCCCC(OCCCCO[*])=O)=O,CCCCCCCCCCCCCCCCCCOC(CCC1=CC(C(C)(C)C)=C(C(C(C)(C)C)=C1)O)=O,[C],140,10.4028_www.scientific.net_amr.335-336.762_part_1.txt_∂Œ1_Material1
O=C([*])C(C)O[*],[*]C1C(OC(C(C1O)O)OC2C(OC(C(C2O)O)O[*])CO)CO,OCC(O)CO,OC[C@@H]([C@H]([C@@H]([C@@H](CO)O)O)O)O,,163.7,10.1002_app.33981_part_2.txt_∂Œ1_Material1
O=C([*])C(C)O[*],O=C([O-])[O-].[Ca+2],O=C([O-])[O-].[Ca+2],,,155,10.1016_j.compositesa.2020.105827_part_1.txt_∂Œ1_Material1
[*]CC[*],FC(F)(C(F)(C(F)(C(F)(C(F)([*])F)F)C(F)(F)F)F)C[*],C/C(C[*])=C/C[*],O=C(O)CCCCCCCCCCCCCCCCC,C=CCN1C(=O)N(CC=C)C(=O)N(CC=C)C1=O,130.97,10.1002_pen.22018_part_1.txt_∂Œ1_Material1
O=C([*])C(C)O[*],OP(O)(O)=O,C[N+](CCO)(CCO)[3H],,,170,10.3390_polym9080350_part_1.txt_∂Œ1_Material1
O=C([*])C(C)O[*],C/C(C[*])=C/C[*],O=C([O-])[O-].[Ca+2],O=[Mg].O=[Si]=O.O=[Si]=O.O=[Si]=O.O=[Si]=O.O=[Mg].O=[Mg].O,,150.04,10.1007_s10924-010-0278-9_part_1.txt_∂Œ1_Material1
C[Si](C)(C[*])O[*],[*]NCCCCCCCCCCCC([*])=O,OC1=C2C(C3(O)C4C5C6=C7C8C(C9=CC(C(O)=O)=C(C=C(C=C%10C(O)=O)C%11%12)C(C%11=C%13C%14C%15%16C%17(O%16)C%18C%19=C%20C%21=C%22C(C(O)=C%23)=C%24C%25C%21=C%26C%19=C%27C%17=C%28C%14(O)C%12=C%10C=C%28CC%27=CC%26=CC%25=C(C(O)=O)C=C%24)C9=C7C%13(O)C5=C%15C3=C%18C%29%30C%20(O%30)C%31C%22C%23=C%32)=CC(C(O)=O)=CC8=CC6=C(C(O)=O)C4=C2)=C%29C%33=C%31C%32=C(C(O)=O)C=C%331,,,177,10.3144_expresspolymlett.2014.26_part_1.txt_∂Œ1_Material1
[*]NC(C)C(N1CCCC1C([*])=O)=O,,,,,67.4,10.1016_j.polymdegradstab.2021.109614_part_1.txt_∂Œ1_Material1
O=C([*])C(C)O[*],[*]CCCC([*])OC(C)=O,O=[Si]=O,[*]CC(CCCC(CC)CC([*])C1=CC=CC=C1)C2=CC=CC=C2,,154,10.1016_j.polymertesting.2020.106735_part_2.txt_∂Œ1_Material1
O=C([*])CCCCCN[*],[*]CC(C#N)[*],,,,220,10.1016_j.compositesb.2015.03.038_part_1.txt_∂Œ1_Material1
[*]CC([*])Cl,[*]C1C(O)C(O)C(OC2C(O)C(O)C(O[*])OC2COC(C)=O)OC1COC(C)=O,,,,100,10.1016_j.aej.2019.08.003_part_1.txt_∂Œ1_Material1
[*]C(CCCCCO[*])=O,[*]C([C@H](C)OC([C@H](C)O[*])=O)=O,,,,146,10.1002_marc.201600414_part_1.txt_∂Œ1_Material1
O=C([*])CCCCCN[*],C12=CC3=CC4=CC=CN=C4N=C3N=C1N=C5N=C6N=CC=CC6=CC5=C2,[O-][Si]([O-])([O-])O[Si]([O-])([O-])[O-].[Ca+2],C12=CC3=CC4=CC=CN=C4N=C3N=C1N=C5N=C6N=CC=CC6=CC5=C2,,153.4,10.1016_j.compositesb.2021.109119_part_1.txt_∂Œ1_Material1
[*]C(C)C[*],[*]CCC(CCCCCC)C[*],[*]C(C)C[*],CC1=CC(O)=C(C=C1CCCC(C2=C(C=C(C(C(C)(C)C)=C2)O)C)C3=CC(C(C)(C)C)=C(C=C3C)O)C(C)(C)C,,160,10.1080_01694243.2017.1285386_part_1.txt_∂Œ1_Material1
[*]OC1C(C(OC(C1O)OC2C3C(C(OC2CO3)[*])O)CO)O,[*]NC(C)C(N1CCCC1C([*])=O)=O,,,,76,10.1016_j.bprint.2019.e00069_part_2.txt_∂Œ1_Material1
O=C(C1=CC=C(C=C1)C(OCC[*])=O)O[*],[C],,,,260,10.1061_(asce)mt.1943-5533.0002273_part_1.txt_∂Œ1_Material1
O=C([*])C(C)O[*],[*]O[C@H](C)CC([*])=O,OCC1OC(C(C(C1[*])O)O)OC2C(C(C(OC2CO)O[*])O)O,,,160,10.1016_j.carbpol.2015.12.059_part_1.txt_∂Œ1_Material1
O=C(O[Na])COCC(OC(C(C1O)O)[*])C1OC(C(C(C2O[*])O)O)OC2COCC(O[Na])=O,N#CC(C1=CC=CC=N1)C1=CC=CC=C1,OCC(O)CO,,,140,10.1016_j.carbpol.2009.07.035_part_1.txt_∂Œ1_Material1
O=C(CCCCC(N(CCCCCCN([*])[H])[H])=O)[*],C12=CC3=CC4=CC=CN=C4N=C3N=C1N=C5N=C6N=CC=CC6=CC5=C2,,,,260,10.1016_j.compscitech.2019.05.012_part_1.txt_∂Œ1_Material3
[*]C(C)C[*],[H][Si]([H])([H])[H],OC1=C2C(C3(O)C4C5C6=C7C8C(C9=CC(C(O)=O)=C(C=C(C=C%10C(O)=O)C%11%12)C(C%11=C%13C%14C%15%16C%17(O%16)C%18C%19=C%20C%21=C%22C(C(O)=C%23)=C%24C%25C%21=C%26C%19=C%27C%17=C%28C%14(O)C%12=C%10C=C%28CC%27=CC%26=CC%25=C(C(O)=O)C=C%24)C9=C7C%13(O)C5=C%15C3=C%18C%29%30C%20(O%30)C%31C%22C%23=C%32)=CC(C(O)=O)=CC8=CC6=C(C(O)=O)C4=C2)=C%29C%33=C%31C%32=C(C(O)=O)C=C%331,C12=C3C(C=CC4C3=C5C(CC6=CC7=C8C9=C(C(C=C%10)=CC=C9C=C7)C%11=C%10C%12)=CC4)=CC=C1C=C%12C%13=C%11C8=C6C5=C2%13,,155,10.1002_masy.201600011_part_1.txt_∂Œ1_Material1
[*]C(N(CN(C(OCOC(N(CN(C(OCCO[*])=O)[H])[H])=O)=O)[H])[H])=O,O=C(C1=CC=C(C=C1)C(OCC[*])=O)O[*],O=C(C1=CC=C(C=C1)C([*])=O)NC2=CC=C(C=C2)N[*],O=[Ti]=O,,147.83,10.1002_pc.24864_part_2.txt_∂Œ1_Material1
[*]CC[*],[*]CC[*],O=[Al]O[Al]=O.O=[Si]=O.O=[Si]=O.O=[Si]=O,O=C(CCCCCCCCCCCCCCCCC)O[Ca]OC(CCCCCCCCCCCCCCCCC)=O,,135,10.3390_ma13153342_part_2.txt_∂Œ1_Material1
FC(F)([*])C([H])([*])[H],C=C([CH3])C(=O)O[CH3],,,,167,10.1002_app.40494_part_2.txt_∂Œ1_Material1
[*]CC[*],OCC(C(C(C1N)O)O[*])OC1OC2C(OC(C(C2O)N)[*])CO,OC1=C2C(C3(O)C4C5C6=C7C8C(C9=CC(C(O)=O)=C(C=C(C=C%10C(O)=O)C%11%12)C(C%11=C%13C%14C%15%16C%17(O%16)C%18C%19=C%20C%21=C%22C(C(O)=C%23)=C%24C%25C%21=C%26C%19=C%27C%17=C%28C%14(O)C%12=C%10C=C%28CC%27=CC%26=CC%25=C(C(O)=O)C=C%24)C9=C7C%13(O)C5=C%15C3=C%18C%29%30C%20(O%30)C%31C%22C%23=C%32)=CC(C(O)=O)=CC8=CC6=C(C(O)=O)C4=C2)=C%29C%33=C%31C%32=C(C(O)=O)C=C%331,CCCC[Sn](CCCC)(OC(CCCCCCCCCCC)=O)OC(CCCCCCCCCCC)=O,O=C(O)CCCCCCCCCCCCCCCCC,120.52,10.1515_polyeng-2015-0350_part_1.txt_∂Œ1_Material1
O=C([*])OC1=CC=C(C=C1)C(C)(C)C2=CC=C(C=C2)O[*],[*]CC(CC=CCC([*])C1=CC=CC=C1)C#N,[C],,,220,10.3390_polym12010029_part_2.txt_∂Œ1_Material1
O=C([*])OC1=CC=C(C=C1)C(C)(C)C2=CC=C(C=C2)O[*],[*]CC(CC=CCC([*])C1=CC=CC=C1)C#N,C12=C3C(C=CC4C3=C5C(CC6=CC7=C8C9=C(C(C=C%10)=CC=C9C=C7)C%11=C%10C%12)=CC4)=CC=C1C=C%12C%13=C%11C8=C6C5=C2%13,,,230,10.1016_j.polymdegradstab.2015.06.013_part_1.txt_∂Œ1_Material1
[*]C(C)C[*],CC(CC(C(C(O1)=O)CC1=O)[*])C[*],CC(CC(C(C(O1)=O)CC1=O)[*])C[*],,,106,10.1002_app.32826_part_1.txt_∂Œ1_Material1
O=C([*])C(C)O[*],[*]CC[*],O=[Ti]=O,O=C([O-])[O-].[Ca+2],,167.1,10.1002_pen.25124_part_1.txt_∂Œ1_Material1
O=C(C1=CC=C(C=C1)C(OCC[*])=O)O[*],[Mg],,,,249.5,10.1007_s42154-019-00047-3_part_1.txt_∂Œ1_Material1
[*]CC[*],OC1=C2C(C3(O)C4C5C6=C7C8C(C9=CC(C(O)=O)=C(C=C(C=C%10C(O)=O)C%11%12)C(C%11=C%13C%14C%15%16C%17(O%16)C%18C%19=C%20C%21=C%22C(C(O)=C%23)=C%24C%25C%21=C%26C%19=C%27C%17=C%28C%14(O)C%12=C%10C=C%28CC%27=CC%26=CC%25=C(C(O)=O)C=C%24)C9=C7C%13(O)C5=C%15C3=C%18C%29%30C%20(O%30)C%31C%22C%23=C%32)=CC(C(O)=O)=CC8=CC6=C(C(O)=O)C4=C2)=C%29C%33=C%31C%32=C(C(O)=O)C=C%331,,,,108.5,10.1002_app.36898_part_2.txt_∂Œ1_Material1
[*]CC[*],[*]C1C(OC(C(C1O)O)OC2C(OC(C(C2O)O)O[*])CO)CO,O=C(N)N,OCC(O)CO,OC[C@@H]([C@H]([C@@H]([C@@H](CO)O)O)O)O,140,10.1088_1742-6596_1150_1_012032_part_1.txt_∂Œ1_Material1
[*]C([H])([H])C(O)([H])[*],O=[Al]O[Al]=O.O=[Si]=O.O=[Si]=O.O=[Si]=O,OCC(O)CO,,,185.5,10.1002_pc.25238_part_1.txt_∂Œ1_Material1
[*]C(C)C[*],O=C(C1=CC=C(C=C1)C(OCC[*])=O)O[*],C=C(C(OCC1CO1)=O)C,,,150,10.1177_0892705713484748_part_1.txt_∂Œ1_Material1
CC(C)[Si](C(C)C)(OS(=O)(C(F)(F)F)=O)C(C)C,[*]OCC[*],,,,42.67,10.1016_j.conbuildmat.2021.122270_part_1.txt_∂Œ1_Material1
[*]C(C)C[*],O=C([O-])[O-].[Ca+2],,,,160.37,10.1016_j.egypro.2014.07.157_part_1.txt_∂Œ1_Material1
[*]C(NC1=C(C)C(NC(OCCO[*])=O)=CC=C1)=O,OC1=C(C=CC=C1CC2=CC=CC([*])=C2O)CC3=CC=CC([*])=C3O,O=[Al]O[Al]=O.O=[Si]=O.O=[Si]=O.O.O,,,170,10.1002_pen.22027_part_1.txt_∂Œ1_Material1
[*]CC[*],[*]C(C)C[*],O=[Mg].O=[Si]=O.O=[Si]=O.O=[Si]=O.O=[Si]=O.O=[Mg].O=[Mg].O,O=[Ti]=O,,147.6,10.1002_app.33583_part_1.txt_∂Œ1_Material1
[*]CC([*])Cl,OC1=C2C(C3(O)C4C5C6=C7C8C(C9=CC(C(O)=O)=C(C=C(C=C%10C(O)=O)C%11%12)C(C%11=C%13C%14C%15%16C%17(O%16)C%18C%19=C%20C%21=C%22C(C(O)=C%23)=C%24C%25C%21=C%26C%19=C%27C%17=C%28C%14(O)C%12=C%10C=C%28CC%27=CC%26=CC%25=C(C(O)=O)C=C%24)C9=C7C%13(O)C5=C%15C3=C%18C%29%30C%20(O%30)C%31C%22C%23=C%32)=CC(C(O)=O)=CC8=CC6=C(C(O)=O)C4=C2)=C%29C%33=C%31C%32=C(C(O)=O)C=C%331,OCC(C(C(C1N)O)O[*])OC1OC2C(OC(C(C2O)N)[*])CO,,,100,10.1016_j.carbpol.2020.117575_part_1.txt_∂Œ1_Material1
O=C([*])CCCCCN[*],O=[Al]O[Al]=O.O=[Si]=O.O=[Si]=O.O=[Si]=O,,,,205,10.1007_s10692-018-9927-x_part_1.txt_∂Œ1_Material1
[*]C(C)C[*],[*]CCCC(C1C([*])C2CC1C/C2=C/C)C,[C],,,165,10.1007_s13726-014-0256-5_part_2.txt_∂Œ1_Material1
[*]C(C)C[*],O=C(C1=CC=C(C([*])=O)C=C1)NC2=CCC(N[*])C=C2,[H][Si]([H])([H])[H],,,160,10.1080_09243046.2020.1733308_part_2.txt_∂Œ1_Material1
O=C([*])C(C)O[*],[*]C(C)C[*],,,,116,10.1007_s10924-011-0382-5_part_1.txt_∂Œ1_Material1
O=C([*])C(C)O[*],COC1=CC(/C=C/C=O)=CC(OC2=CC(C(C(OC3=CC=C(C=C3OC)C(C(CO)=O)O)CO)O)=CC=C2OC4=CC(C(C(COC5=CC=C(C=C5)C(C(CO)=O)O)=O)O)=CC=C4O)=C1,,,,145,10.3390_polym12010074_part_1.txt_∂Œ1_Material1
[*]CCCC([*])OC(C)=O,[Ag],,,,93,10.1002_pen.25132_part_1.txt_∂Œ1_Material1
O=C([*])C(C)O[*],O=C([*])OC1=CC=C(C=C1)C(C)(C)C2=CC=C(C=C2)O[*],[*]C(C1=CC=CC=C1)CC2C(OC(C2[*])=O)=O,,,152.7,10.1007_s12221-017-6671-4_part_1.txt_∂Œ1_Material1
[*]C(C1=CC=C(C=C1)C(OCCCCOC(C2=CC=C(C=C2)C(OCCCCO[*])=O)=O)=O)=O,[*]OCC[*],,,,176,10.1021_acs.iecr.7b00904_part_1.txt_∂Œ1_Material1
[*]C([H])([H])C(O)([H])[*],O=[Si]=O.[Ca]=O,O=[Si]=O,O=[Si]=O,,200,10.55248_gengpi.4.1123.113114_OA_part_1.txt_∂Œ1_Material1
[*]C(C)C[*],O=C([*])C(C)O[*],[*]OC(CC(OC(CC([*])=O)CC)=O)C,O=[Mg].O=[Si]=O.O=[Si]=O.O=[Si]=O.O=[Si]=O.O=[Mg].O=[Mg].O,,114,10.1021_acsomega.7b00983_part_1.txt_∂Œ1_Material1
[*]C(C)C[*],[*]OC1OC(CO)C(OC2C(O)C(O)C([*])C(CO)O2)C(O)C1O,[O-][Si]([O-])([O-])O[Si]([O-])([O-])[O-].[Ca+2],,,160,10.1177_0892705711401848_part_1.txt_∂Œ1_Material1
O=C([*])CCCCCCCCCCC(NCCCCCCCCCCN[*])=O,O=[Si]=O,,,,201,10.1002_pc.22318_part_1.txt_∂Œ1_Material1
O=C([*])CCCCCCCCCCC(NCCCCCCCCCCN[*])=O,[*]CC(CC=CCC([*])C1=CC=CC=C1)C#N,[*]C(C)C[*],[*]C(C)C[*],C=CC1=CC=CC=C1,202.8,10.4028_www.scientific.net_amr.239-242.3146_part_1.txt_∂Œ1_Material1
[*]C(C)C[*],OCC1OC(C(C(C1[*])O)O)OC2C(C(C(OC2CO)O[*])O)O,OCC1OC(C(C(C1[*])O)O)OC2C(C(C(OC2CO)O[*])O)O,NC1=CC=C(C=C1)/C2=C3C=C/C(N\3)=C(C4=N/C(C=C4)=C(C5=CC=C(N5)/C(C6=CC=CC=C6)=C7N=C2C=C\7)/C8=CC=CC=C8)\C9=CC=CC=C9,,160,10.3390_ma7106919_part_2.txt_∂Œ1_Material1
O=C([*])C(C)O[*],[*]C(NC1=C(C)C(NC(OCCO[*])=O)=CC=C1)=O,O=C=NC(C=C1)=CC=C1CC2=CC=C(C=C2)N=C=O,O=C=NCCCCCCN=C=O,CC1(CC(CC(C)(C1)C)N=C=O)CN=C=O,170,10.1016_j.polymertesting.2017.03.009_part_1.txt_∂Œ1_Material1
O=C([*])C(C)O[*],[*]OCC[*],[Zn]=O,,,149.8,10.3390_molecules26071967_part_2.txt_∂Œ1_Material4
[*]C(C)C[*],O=[Si]=O.[Ca]=O,,,,160,10.1016_j.jclepro.2021.126460_part_1.txt_∂Œ1_Material1
O=C([*])C(C)O[*],O=C(C1=CC=C(C([*])=O)C=C1)NC2=CCC(N[*])C=C2,[*]OC1OC(CO)C(OC2C(O)C(O)C([*])C(CO)O2)C(O)C1O,,,150,10.1016_j.matpr.2020.02.457_part_1.txt_∂Œ1_Material1
[*]C(C)C[*],O=[Mg].O=[Si]=O.O=[Si]=O.O=[Si]=O.O=[Si]=O.O=[Mg].O=[Mg].O,[Ti](OCCCC)(OCCCC)(OCCCC)OCCCC,CC1=CC(O)=C(C=C1CCCC(C2=C(C=C(C(C(C)(C)C)=C2)O)C)C3=CC(C(C)(C)C)=C(C=C3C)O)C(C)(C)C,,165.2,10.4028_www.scientific.net_amm.182-183.259_part_1.txt_∂Œ1_Material1
[*]C(C)C[*],[*]C(C)C[*],NC1=CC=C(C=C1)/C2=C3C=C/C(N\3)=C(C4=N/C(C=C4)=C(C5=CC=C(N5)/C(C6=CC=CC=C6)=C7N=C2C=C\7)/C8=CC=CC=C8)\C9=CC=CC=C9,,,168,10.1021_acs.langmuir.9b02241_part_1.txt_∂Œ1_Material1
[*]NCCCCCCCCCCCC([*])=O,OC1=C2C(C3(O)C4C5C6=C7C8C(C9=CC(C(O)=O)=C(C=C(C=C%10C(O)=O)C%11%12)C(C%11=C%13C%14C%15%16C%17(O%16)C%18C%19=C%20C%21=C%22C(C(O)=C%23)=C%24C%25C%21=C%26C%19=C%27C%17=C%28C%14(O)C%12=C%10C=C%28CC%27=CC%26=CC%25=C(C(O)=O)C=C%24)C9=C7C%13(O)C5=C%15C3=C%18C%29%30C%20(O%30)C%31C%22C%23=C%32)=CC(C(O)=O)=CC8=CC6=C(C(O)=O)C4=C2)=C%29C%33=C%31C%32=C(C(O)=O)C=C%331,O=C(O)CCCCCCCCCCCCCCCCC,,,144,10.4028_www.scientific.net_amr.626.58_part_1.txt_∂Œ1_Material2
[*]C(C)C[*],CCCCCCCCCCCCCCCC[N+](C)(C)C.[Br-],,,,164.81,10.1007_s10853-021-06383-2_part_4.txt_∂Œ1_Material1
[*]CC[*],[*]OC1OC(CO)C(OC2C(O)C(O)C([*])C(CO)O2)C(O)C1O,[H][O-],[H][Si]([H])([H])[H],O1C(=O)C=CC1=O,110,10.1080_15440478.2020.1838999_part_2.txt_∂Œ1_Material1
O=C([*])C(C)O[*],C/C(C[*])=C/C[*],C/C(C[*])=C/C[*],,,149.52,10.4028_www.scientific.net_amr.410.59_part_1.txt_∂Œ1_Material3
[*]C(C)C[*],O=C(C1=CC=C(C=C1)C(OCC[*])=O)O[*],C[N+](CCO)(CCO)[3H],,,162.9,10.1016_j.matdes.2012.08.051_part_1.txt_∂Œ1_Material1
O=C(C(C[*])[*])N,,,,,90,10.1177_0307174x1704400901_part_1.txt_∂Œ1_Material1
[*]CC(COC1=CC=C(C=C1)C(C)(C)C2=CC=C(C=C2)O[*])O,[*]C(CCCCCO[*])=O,,,,70,10.1016_j.polymer.2016.03.052_part_2.txt_∂Œ1_Material1
[*]OCCCCOC(CCC([*])=O)=O,[*]C(CCCCC(OCCCCOC(C1=CC=C(C(OCCCCO[*])=O)C=C1)=O)=O)=O,,,,125,10.1007_s10924-013-0636-5_part_1.txt_∂Œ1_Material1
[*]OC(CC(OC(CC([*])=O)CC)=O)C,OCC(O)CO,CCOC(=O)C(O)(CC(=O)OCC)CC(=O)OCC,,,170,10.1016_j.eurpolymj.2015.04.012_part_1.txt_∂Œ1_Material1
[*]C(CCCCC(OCCCCO[*])=O)=O,[*]C(CCCCCO[*])=O,[*]C(N(CN(C(OCOC(N(CN(C(OCCO[*])=O)[H])[H])=O)=O)[H])[H])=O,O=C=NC(C=C1)=CC=C1CC2=CC=C(C=C2)N=C=O,,53,10.4028_www.scientific.net_kem.816.187_part_1.txt_∂Œ1_Material3
[*]CC[*],[*]C1C(OC(C(C1O)O)OC2C(OC(C(C2O)O)O[*])CO)CO,,,,122,10.1016_j.carbpol.2015.09.090_part_4.txt_∂Œ1_Material1
O=C(O[Na])COCC(OC(C(C1O)O)[*])C1OC(C(C(C2O[*])O)O)OC2COCC(O[Na])=O,COC(C(C[*])([*])C)=O,OC(CO)CO,,,182,10.35812_cellulosechemtechnol.2025.59.22_OA_part_1.txt_∂Œ1_Material1
[*]CC[*],[H][O-],,,,130,10.1080_16583655.2018.1451103_part_1.txt_∂Œ1_Material1
O=C([*])C(C)O[*],OP(O)(O)=O,O=[Al]O[Al]=O.O=[Si]=O.O=[Si]=O.O=[Si]=O,,,144.6,10.1007_s10118-018-2043-9_part_1.txt_∂Œ1_Material1
O=C([*])C(C)O[*],[*]C(CCCCC(OCCCCO[*])=O)=O,C=C(C(OCC1CO1)=O)C,NC1=NC2=C(N=CN2C2O[C@H](COP(=O)(O)OP(=O)(O)O)[C@H](O)[C@@H]2O)C(=O)N1,,150,10.11113_mjfas.v14n4.1233_OA_part_2.txt_∂Œ1_Material1
[*]C(C)C[*],O=C([*])CCCCCN[*],O=[Mg].O=[Si]=O.O=[Si]=O.O=[Si]=O.O=[Si]=O.O=[Mg].O=[Mg].O,[*]CC(CCCC(CC)CC([*])C1=CC=CC=C1)C2=CC=CC=C2,C=CCN1C(=O)N(CC=C)C(=O)N(CC=C)C1=O,149.5,10.1002_app.39584_part_1.txt_∂Œ1_Material1
[*]C(NC1=C(C)C(NC(OCCO[*])=O)=CC=C1)=O,[*]NCC(NC(C(ONCC(NC(C(NCC(NC(C([*])=O)C)=O)=O)C)=O)=O)CO)=O,,,,108.4,10.1002_polb.21981_part_2.txt_∂Œ1_Material1
O=C([*])C(C)O[*],O=C([*])C(C)O[*],[*]OC1C(C(O)=O)OC(OC2C(NC(C)=O)C([*])OC(CO)C2O)C(O)C1O,O=C([*])C(C)O[*],,167.8,10.1002_app.43381_part_2.txt_∂Œ1_Material1
[C],[*]CC(CCCC(CC)CC([*])C1=CC=CC=C1)C2=CC=CC=C2,,,,190,10.1021_acsapm.0c00708_part_1.txt_∂Œ1_Material1
[*]CC(C1=CC=CC=C1)C/C=C/C[*],[*]C(CCCCCO[*])=O,,,,60,10.1016_j.mtcomm.2019.100802_part_2.txt_∂Œ1_Material1
[*]CC[*],OCC1OC(C(C(C1[*])O)O)OC2C(C(C(OC2CO)O[*])O)O,OCCOC1C(OCCO)C(C(OCCO)COCCOC(CCCCCCCCCCCCCCCCC)=O)OC1,O=C1C=CC(O1)=O.C=C,,125,10.3390_polym11030441_part_1.txt_∂Œ1_Material1
[*]CC[*],[*]C(NC1=C(C)C(NC(OCCO[*])=O)=CC=C1)=O,[*]OCC[*],O=C=NCCCCCCN=C=O,,122.3,10.1002_app.42967_part_1.txt_∂Œ1_Material1
O=C([*])CCCCCCCCCCC(NCCCCCCCCCCN[*])=O,,,,,240,10.1002_pi.5919_part_1.txt_∂Œ1_Material4
OCC(C(C(C1N)O)O[*])OC1OC2C(OC(C(C2O)N)[*])CO,[Zn]=O,,,,174.31,10.1016_j.polymertesting.2019.106004_part_2.txt_∂Œ1_Material1
[*]C(CCCCC(OCCCCO[*])=O)=O,COC1=CC(/C=C/C=O)=CC(OC2=CC(C(C(OC3=CC=C(C=C3OC)C(C(CO)=O)O)CO)O)=CC=C2OC4=CC(C(C(COC5=CC=C(C=C5)C(C(CO)=O)O)=O)O)=CC=C4O)=C1,[*]CC[*],,,115,10.1016_j.polymertesting.2018.03.004_part_1.txt_∂Œ1_Material1
[*]C(C)C[*],NC1=CC=C(C=C1)/C2=C3C=C/C(N\3)=C(C4=N/C(C=C4)=C(C5=CC=C(N5)/C(C6=CC=CC=C6)=C7N=C2C=C\7)/C8=CC=CC=C8)\C9=CC=CC=C9,[*]C([H])([H])C(O)([H])[*],OC1=C(C=CC=C1CC2=CC=CC([*])=C2O)CC3=CC=CC([*])=C3O,,165,10.4028_www.scientific.net_amr.1051.250_part_1.txt_∂Œ1_Material1
[*]CCC(CCCCCC)C[*],,,,,152,10.1016_j.polymer.2021.124159_part_2.txt_∂Œ1_Material1
[*]C1C(OC(C(C1O)O)OC2C(OC(C(C2O)O)O[*])CO)CO,C[N+](CCO)(CCO)[3H],,,,80,10.1177_8756087916682553_part_1.txt_∂Œ1_Material1
O=C([*])C(C)O[*],[*]C(CCCCCO[*])=O,O=[Ti]=O,OC(C(C)(CC(C1=CC=CC=C1)[*])CC(C[*])(C(OCC2CO2)=O)C)=O,,170,10.1016_j.matchemphys.2017.03.051_part_4.txt_∂Œ1_Material1
[*]CC[*],[H][Si]([H])([H])[H],,,,105,10.4028_www.scientific.net_msf.997.49_part_1.txt_∂Œ1_Material1
[*]C(C)C[*],[H][Si]([H])([H])[H],[H][Si]([H])([H])[H],[H][Si]([H])([H])[H],,166.1,10.1177_1558925020958195_part_2.txt_∂Œ1_Material1
O=C([*])C(C)O[*],[*]O[C@H](C)CC([*])=O,[*]OCC[*],OCC1OC(C(C(C1[*])O)O)OC2C(C(C(OC2CO)O[*])O)O,,170,10.3390_ma10091008_part_2.txt_∂Œ1_Material1
O=C([*])C(C)O[*],[*]C(N(CN(C(OCOC(N(CN(C(OCCO[*])=O)[H])[H])=O)=O)[H])[H])=O,[*]OCC[*],[C],,152.4,10.1016_j.eurpolymj.2019.109372_part_2.txt_∂Œ1_Material1
C/C(C[*])=C/C[*],[*]NCCCCCCCCCCCC([*])=O,,,,178,10.1002_pat.4007_part_1.txt_∂Œ1_Material2
CC1=CC(C)=C(C(C)=C1)C(P(C2=CC=CC=C2)(C3=CC=CC=C3)=O)=O,O=[Al]O[Al]=O.O=[Si]=O.O=[Si]=O.O=[Si]=O,[*]C(C)C[*],,,162.56,10.1080_17458080.2011.597436_part_2.txt_∂Œ1_Material1
[*]CC[*],O=C1C=CC(O1)=O.C=C,,,,125.9,10.1088_1757-899x_763_1_012057_part_1.txt_∂Œ1_Material1
[*]C([H])([H])C(O)([H])[*],C12=C3C(C=CC4C3=C5C(CC6=CC7=C8C9=C(C(C=C%10)=CC=C9C=C7)C%11=C%10C%12)=CC4)=CC=C1C=C%12C%13=C%11C8=C6C5=C2%13,[*]C1C(C(C(OC1C(O[Na])=O)OC2C(C(O[Na])=O)OC(O[*])C(O)C2O)O)O,,,225.2,10.1080_15685543.2014.879512_part_3.txt_∂Œ1_Material1
[*]C(N(CN(C(OCOC(N(CN(C(OCCO[*])=O)[H])[H])=O)=O)[H])[H])=O,O=C(O)CCCCCCCCCCCCCCCCC,O=[Ti]=O,,,200,10.1002_app.49898_part_1.txt_∂Œ1_Material1
[*]C(NC1=C(C)C(NC(OCCO[*])=O)=CC=C1)=O,[Ag+],,,,70.5,10.1177_0885328216687665_part_2.txt_∂Œ1_Material1
[*]CC[*],O=C(C(C[*])[*])N,O=C1C([*])C(CC[*])C(O1)=O,,,150,10.1007_s10570-021-03885-9_part_1.txt_∂Œ1_Material1
O=[Si]=O,[*]C(NC1=C(C)C(NC(OCCO[*])=O)=CC=C1)=O,,,,120,10.3390_jcs3020040_part_3.txt_∂Œ1_Material1
[*]OC1C(O)C(O)C(OC2C(OC(C(CO)O)=O)C(OC3C(O)C(O)C(OC4C(O)C(O)C(O[*])OC4CO)OC3C(O)=O)OC(CO)C2O)OC1C,OCC(O)CO,,,,91.8,10.1016_j.polymer.2021.124049_part_1.txt_∂Œ1_Material1
[*]OCC[*],OCC1OC(C(C(C1[*])O)O)OC2C(C(C(OC2CO)O[*])O)O,OCC1OC(C(C(C1[*])O)O)OC2C(C(C(OC2CO)O[*])O)O,,,65,10.1007_s10692-019-09977-4_part_1.txt_∂Œ1_Material1
[*]C(C)C[*],[*]CC(CCCC(CC)CC([*])C1=CC=CC=C1)C2=CC=CC=C2,,,,170,10.1177_0892705713518792_part_2.txt_∂Œ1_Material2
[*]CC(C1=CC=CC=C1)[*],O=C(C(C[*])[*])N,,,,90,10.1177_0307174x1704400901_part_1.txt_∂Œ1_Material2
[*]C(C)C[*],[*]C1C(OC(C(C1O)O)OC2C(OC(C(C2O)O)O[*])CO)CO,NC1=CC=C(C=C1)/C2=C3C=C/C(N\3)=C(C4=N/C(C=C4)=C(C5=CC=C(N5)/C(C6=CC=CC=C6)=C7N=C2C=C\7)/C8=CC=CC=C8)\C9=CC=CC=C9,,,165,10.1021_ie4025243_part_1.txt_∂Œ1_Material1
[*]CC[*],O=C1C=CC(O1)=O.C=C,O=C(O)CCCCCCCCCCCCCCCCC,,,135,10.3390_polym10030308_part_1.txt_∂Œ1_Material1
[*]C(CCCCCO[*])=O,[H][O-],[H][Si]([H])([H])[H],,,55.16,10.1016_j.jmrt.2020.06.066_part_2.txt_∂Œ1_Material1
O=C([*])C(C)O[*],O=[Si]=O,,,,164,10.1179_2055033214y.0000000008_part_2.txt_∂Œ1_Material1
O=C(C1=CC=C(C=C1)C(OCC[*])=O)O[*],O=[Si]=O,,,,200,10.1016_j.protcy.2016.08.191_part_1.txt_∂Œ1_Material1
[*]OC(CC(OC(CC([*])=O)CC)=O)C,OP(O)(O)=O,O[Si](O)(O[Si](O)(O)O)O.[Al].[Al].O,,,170,10.1016_j.eurpolymj.2015.12.009_part_1.txt_∂Œ1_Material1
O=C([*])C(C)O[*],[*]CCCC([*])C(OC)=O,,,,175.5,10.1002_app.44677_part_1.txt_∂Œ1_Material1
[*]C(CCCCCO[*])=O,[H][Si]([H])([H])[H],,,,55,10.3390_polym2020071_part_3.txt_∂Œ1_Material1
[*]CC[*],[*]CC[*],O=[Al]O[Al]=O.O=[Si]=O.O=[Si]=O.O.O,,,108,10.1007_s42452-020-2679-2_part_1.txt_∂Œ1_Material1
[*]C1C(O)C(O)C(OC2C(O)C(O)C(O[*])OC2COC(C)=O)OC1COC(C)=O,O=C1C([*])C(CC[*])C(O1)=O,,,,116,10.3144_expresspolymlett.2018.74_part_1.txt_∂Œ1_Material1
[*]C([H])([H])C(O)([H])[*],[*]CC([*])N1CCCC1=O,,,,238,10.1007_s10854-017-8110-0_part_2.txt_∂Œ1_Material1
O=C([*])CCCCCN[*],C[N+](CCO)(CCO)[3H],,,,209.8,10.1002_pen.25106_part_2.txt_∂Œ1_Material1
C=C(C)C(=O)OCC(O)COC1=CC=C(C(C2=CC=C(O)C=C2)(C)C)C=C1,[*]C(C)C[*],[H][Si]([H])([H])[H],,,161,10.1016_j.polymer.2010.12.006_part_1.txt_∂Œ1_Material1
[*]C(C)C[*],[*]C(C)C[*],O=[Mg].O=[Si]=O.O=[Si]=O.O=[Si]=O.O=[Si]=O.O=[Mg].O=[Mg].O,,,130,10.1504_ijmmm.2017.082905_part_2.txt_∂Œ1_Material1
[*]O[C@H](C)CC([*])=O,,,,,145,10.1134_s0003683810030075_part_1.txt_∂Œ1_Material1
O=C(C1=CC=C(C=C1)C(OCC[*])=O)O[*],[H][Si]([H])([H])[H],,,,230,10.1080_14658011.2020.1862978_part_1.txt_∂Œ1_Material1
[*]CCCC([*])OC(C)=O,[*]C(N(CN(C(OCOC(N(CN(C(OCCO[*])=O)[H])[H])=O)=O)[H])[H])=O,,,,170,10.1080_03602559.2016.1227843_part_1.txt_∂Œ1_Material1
O=C(C1=CC=C(C=C1)C(OCC[*])=O)O[*],[*]CC[*],,,,255,10.1177_0021998316645850_part_1.txt_∂Œ1_Material1
[*]C(C)C[*],O=C([O-])[O-].[Ca+2],O=C(O)CCCCCCCCCCCCCCCCC,,,166,10.1007_s10965-016-1119-x_part_1.txt_∂Œ1_Material1
[*]CC([*])Cl,[O-][Si]([O-])([O-])O[Si]([O-])([O-])[O-].[Ca+2],,,,178,10.1016_j.mtcomm.2020.101273_part_2.txt_∂Œ1_Material1
O=C(C1=CC=C(C=C1)C(OCC[*])=O)O[*],O=C=O,,,,300,10.1007_s13367-013-0015-8_part_1.txt_∂Œ1_Material1
[*]C(C)C[*],[*]CC(CCCC(CC)CC([*])C1=CC=CC=C1)C2=CC=CC=C2,[*]CC(CCCC(CC)CC([*])C1=CC=CC=C1)C2=CC=CC=C2,,,164.81,10.1007_s10570-021-03995-4_part_3.txt_∂Œ1_Material1
[*]C(C)C[*],NC1=CC=C(C=C1)/C2=C3C=C/C(N\3)=C(C4=N/C(C=C4)=C(C5=CC=C(N5)/C(C6=CC=CC=C6)=C7N=C2C=C\7)/C8=CC=CC=C8)\C9=CC=CC=C9,O=[Al]O[Al]=O,NC1=CC=C(C=C1)/C2=C3C=C/C(N\3)=C(C4=N/C(C=C4)=C(C5=CC=C(N5)/C(C6=CC=CC=C6)=C7N=C2C=C\7)/C8=CC=CC=C8)\C9=CC=CC=C9,,171.8,10.1007_s40684-019-00135-z_part_1.txt_∂Œ1_Material2
[*]C(C)C[*],[*]C(C)C[*],[*]OCC[*],,,165,10.1016_j.compscitech.2018.05.036_part_3.txt_∂Œ1_Material1
[*]C(C)C[*],OC1=C2C(C3(O)C4C5C6=C7C8C(C9=CC(C(O)=O)=C(C=C(C=C%10C(O)=O)C%11%12)C(C%11=C%13C%14C%15%16C%17(O%16)C%18C%19=C%20C%21=C%22C(C(O)=C%23)=C%24C%25C%21=C%26C%19=C%27C%17=C%28C%14(O)C%12=C%10C=C%28CC%27=CC%26=CC%25=C(C(O)=O)C=C%24)C9=C7C%13(O)C5=C%15C3=C%18C%29%30C%20(O%30)C%31C%22C%23=C%32)=CC(C(O)=O)=CC8=CC6=C(C(O)=O)C4=C2)=C%29C%33=C%31C%32=C(C(O)=O)C=C%331,[O-][Si]([O-])([O-])O[Si]([O-])([O-])[O-].[Ca+2],,,165,10.3390_ma12010152_part_2.txt_∂Œ1_Material7
[*]C(C)C[*],CC1=CC(O)=C(C=C1CCCC(C2=C(C=C(C(C(C)(C)C)=C2)O)C)C3=CC(C(C)(C)C)=C(C=C3C)O)C(C)(C)C,CC1=CC(O)=C(C=C1CCCC(C2=C(C=C(C(C(C)(C)C)=C2)O)C)C3=CC(C(C)(C)C)=C(C=C3C)O)C(C)(C)C,O=C(CCCCCCCCCCCCCCCCC)O[Ca]OC(CCCCCCCCCCCCCCCCC)=O,,114.5,10.4028_www.scientific.net_amr.239-242.288_part_1.txt_∂Œ1_Material1
O=C([*])C(C)O[*],[*]CCCC([*])OC(C)=O,OC1=C2C(C3(O)C4C5C6=C7C8C(C9=CC(C(O)=O)=C(C=C(C=C%10C(O)=O)C%11%12)C(C%11=C%13C%14C%15%16C%17(O%16)C%18C%19=C%20C%21=C%22C(C(O)=C%23)=C%24C%25C%21=C%26C%19=C%27C%17=C%28C%14(O)C%12=C%10C=C%28CC%27=CC%26=CC%25=C(C(O)=O)C=C%24)C9=C7C%13(O)C5=C%15C3=C%18C%29%30C%20(O%30)C%31C%22C%23=C%32)=CC(C(O)=O)=CC8=CC6=C(C(O)=O)C4=C2)=C%29C%33=C%31C%32=C(C(O)=O)C=C%331,,,140,10.1002_pat.5435_part_2.txt_∂Œ1_Material1
O=C([*])OC1=CC=C(C=C1)C(C)(C)C2=CC=C(C=C2)O[*],[*]CC(CC=CCC([*])C1=CC=CC=C1)C#N,O=[Al]O[Al]=O.O=[Si]=O.O=[Si]=O.O=[Si]=O,,,280,10.1007_s00289-018-2622-5_part_1.txt_∂Œ1_Material1
[*]C(C)C[*],[*]C(C)C[*],[*]CC(CCCC(CC)CC([*])C1=CC=CC=C1)C2=CC=CC=C2,,,165.4,10.3390_ma8125451_part_2.txt_∂Œ1_Material1
[*]CC(COC1=CC=C(C=C1)C(C)(C)C2=CC=C(C=C2)O[*])O,C12=CC3=CC4=CC=CN=C4N=C3N=C1N=C5N=C6N=CC=CC6=CC5=C2,[*]C1=CC=C(C=C1)C(N[*])=O,,,250,10.1177_1369433220933461_part_1.txt_∂Œ1_Material1
[*]CC(C#N)[*],[*]CC(C#N)[*],,,,122.3,10.1038_s41467-019-09218-6_part_1.txt_∂Œ1_Material1
[*]C(C)C[*],[*]OC1OC(CO)C(OC2C(O)C(O)C([*])C(CO)O2)C(O)C1O,,,,163.9,10.1007_s12221-014-2386-y_part_1.txt_∂Œ1_Material1
[*]C(C)C[*],[*]CC[*],[*]CCCC([*])OC(C)=O,[*]C(C)C[*],O=[Si]=O,160.35,10.1177_1847980417715929_part_2.txt_∂Œ1_Material1
O=C([*])C(C)O[*],[H][Si]([H])([H])[H],,,,154.2,10.1016_j.compscitech.2017.05.020_part_2.txt_∂Œ1_Material1
O=C([*])C(C)O[*],OP(O)(O)=O,O=[Mg].O=[Si]=O.O=[Si]=O.O=[Si]=O.O=[Si]=O.O=[Mg].O=[Mg].O,O=[Mg].O=[Si]=O.O=[Si]=O.O=[Si]=O.O=[Si]=O.O=[Mg].O=[Mg].O,,171.2,10.3390_polym13010010_part_3.txt_∂Œ1_Material1
OCC1OC(C(C(C1[*])O)O)OC2C(C(C(OC2CO)O[*])O)O,O=C([*])C(C)O[*],,,,160,10.1007_s10570-018-1822-3_part_1.txt_∂Œ1_Material1
OCC(C(C(C1N)O)O[*])OC1OC2C(OC(C(C2O)N)[*])CO,CC(=O)O,OC(C(CC(O)=O)(CC(O)=O)O)=O,,,103,10.1016_j.lwt.2020.109984_part_4.txt_∂Œ1_Material1
[*]CC[*],[*]CC[*],[Cu],,,175,10.32737_0005-2531-2023-2-53-60_OA_part_1.txt_∂Œ1_Material1
[*]O[C@H](C)CC([*])=O,[*]C([C@H](C)OC([C@H](C)O[*])=O)=O,,,,145.8,10.1177_0040517518779997_part_1.txt_∂Œ1_Material1
[*]CC[*],[*]CC[*],C12=C3C(C=CC4C3=C5C(CC6=CC7=C8C9=C(C(C=C%10)=CC=C9C=C7)C%11=C%10C%12)=CC4)=CC=C1C=C%12C%13=C%11C8=C6C5=C2%13,,,127,10.1002_app.51611_part_1.txt_∂Œ1_Material1
O=C([*])C(C)O[*],O=C(O[*])CCCCCCCCCCN[*],,,,168,10.3144_expresspolymlett.2015.67_part_2.txt_∂Œ1_Material1
O=C([*])C(C)O[*],C[N+](CCO)(CCO)[3H],,,,150,10.1002_pen.24955_part_1.txt_∂Œ1_Material1
C[Si](C)(C[*])O[*],OC1=C2C(C3(O)C4C5C6=C7C8C(C9=CC(C(O)=O)=C(C=C(C=C%10C(O)=O)C%11%12)C(C%11=C%13C%14C%15%16C%17(O%16)C%18C%19=C%20C%21=C%22C(C(O)=C%23)=C%24C%25C%21=C%26C%19=C%27C%17=C%28C%14(O)C%12=C%10C=C%28CC%27=CC%26=CC%25=C(C(O)=O)C=C%24)C9=C7C%13(O)C5=C%15C3=C%18C%29%30C%20(O%30)C%31C%22C%23=C%32)=CC(C(O)=O)=CC8=CC6=C(C(O)=O)C4=C2)=C%29C%33=C%31C%32=C(C(O)=O)C=C%331,,,,45,10.1016_j.mattod.2017.12.004_part_1.txt_∂Œ1_Material1
[*]C(C)C[*],[*]CCC(CCCC(CCCC(C[*])C)C)C,[Na+].[Cl-],,,162.8,10.1016_j.eurpolymj.2021.110642_part_1.txt_∂Œ1_Material2
[*]C(C)C[*],[*]CCC(CCCC(CCCC(C[*])C)C)C,[*]CCC(CCCC(CCCC(C[*])C)C)C,,,163,10.1002_app.32827_part_1.txt_∂Œ1_Material1
O=C(O[*])CCCCCCCCCCN[*],O=[Ti]=O,[H][Si]([H])([H])[H],,,180,10.1002_pc.23310_part_1.txt_∂Œ1_Material1
O=C([*])C(C)O[*],[*]OCCCCOC(CCC([*])=O)=O,,,,166.41,10.1016_j.compositesb.2019.107384_part_5.txt_∂Œ1_Material1
[*]C(N(CN(C(OCOC(N(CN(C(OCCO[*])=O)[H])[H])=O)=O)[H])[H])=O,[H][O-],,,,210,10.3144_expresspolymlett.2012.108_part_1.txt_∂Œ1_Material1
O=C([*])C1=CC=C(C=C1)OC2=CC=C(C=C2)OC3=CC=C(C=C3)[*],,,,,344.1,10.1177_0954008316661616_part_2.txt_∂Œ1_Material1
[*]C([H])([H])C(O)([H])[*],[*]C1C(OC(C(C1O)O)OC2C(OC(C(C2O)O)O[*])CO)CO,CC1=CC(O)=C(C=C1CCCC(C2=C(C=C(C(C(C)(C)C)=C2)O)C)C3=CC(C(C)(C)C)=C(C=C3C)O)C(C)(C)C,OC(C(CC(O)=O)(CC(O)=O)O)=O,,220,10.1007_s10924-020-01678-y_part_4.txt_∂Œ1_Material1
C/C(C[*])=C/C[*],O=[Ti]=O,O=C([O-])[O-].[Ca+2],,,188,10.4314_ijbcs.v3i6.53167_part_1.txt_∂Œ1_Material2
[*]C(C)C[*],[*]C(C)C[*],O=[Ti]=O,,,164,10.1515_secm-2020-0012_part_1.txt_∂Œ1_Material1
[*]C(C)C[*],[*]NCC(NC(C(ONCC(NC(C(NCC(NC(C([*])=O)C)=O)=O)C)=O)=O)CO)=O,O=[Si]=O,,,170,10.1515_polyeng-2012-0171_part_1.txt_∂Œ1_Material1
[*]C(C)C[*],O=[Si]=O.[Ca]=O,O=[Si]=O,,,170,10.1051_e3sconf_202015605010_part_1.txt_∂Œ1_Material1
OCC1OC(C(C(C1[*])O)O)OC2C(C(C(OC2CO)O[*])O)O,OC[C@@H]([C@H]([C@@H]([C@@H](CO)O)O)O)O,OCC(O)CO,O=C(O[Na])COCC(OC(C(C1O)O)[*])C1OC(C(C(C2O[*])O)O)OC2COCC(O[Na])=O,,220,10.3390_ma6041270_part_1.txt_∂Œ1_Material1
[*]CC[*],[H][O-],[H][Si]([H])([H])[H],,,180,10.1016_j.matdes.2012.01.020_part_1.txt_∂Œ1_Material1
O=C([*])C(C)O[*],[*]CC(CC=CCC([*])C1=CC=CC=C1)C#N,,,,160,10.1088_1757-899x_701_1_012055_part_1.txt_∂Œ1_Material1
[*]O[C@H](C)CC([*])=O,O=[Si]=O,[*]CC(CCCC(CC)CC([*])C1=CC=CC=C1)C2=CC=CC=C2,[*]CC(CCCC(CC)CC([*])C1=CC=CC=C1)C2=CC=CC=C2,,148.7,10.1002_pc.24188_part_3.txt_∂Œ1_Material1
[*]C(CCCCCO[*])=O,[*]NC(C(N1CCCC1C(NCC(N2CC(CC2C(NC(C(NCC([*])=O)=O)CO)=O)O)=O)=O)=O)CCCCN,,,,151,10.1016_j.biomaterials.2014.07.060_part_1.txt_∂Œ1_Material1
[*]CC[*],[*]CC[*],O=C(C1=CC=C(C=C1)C(OCC[*])=O)O[*],C=C(C(OCC1CO1)=O)C,OCC1OC(C(C(C1[*])O)O)OC2C(C(C(OC2CO)O[*])O)O,136,10.1007_s12221-019-1089-9_part_2.txt_∂Œ1_Material1
[*]C(CCCCCO[*])=O,[*]C(N(CN(C(OCOC(N(CN(C(OCCO[*])=O)[H])[H])=O)=O)[H])[H])=O,C[N+](CCO)(CCO)[3H],,,50,10.1515_epoly-2015-0130_part_1.txt_∂Œ1_Material1
O=C([*])C(C)O[*],O=C(C1=CC=C(C=C1)C(OCC[*])=O)O[*],O=[Al]O[Al]=O,,,210,10.1007_s11665-021-05711-6_part_1.txt_∂Œ1_Material1
O=C([*])CCCCCN[*],[*]C(N(CN(C(OCOC(N(CN(C(OCCO[*])=O)[H])[H])=O)=O)[H])[H])=O,,,,156.4,10.1007_s10965-011-9764-6_part_1.txt_∂Œ1_Material1
[*]C1C(OC(C(C1O)O)OC2C(OC(C(C2O)O)O[*])CO)CO,[*]C(C)C[*],,,,160,10.1088_1757-899x_368_1_012017_part_1.txt_∂Œ1_Material1
[*]C1C(OC(C(C1O)O)OC2C(OC(C(C2O)O)O[*])CO)CO,O=C([*])C(C)O[*],OC1=C2C(C3(O)C4C5C6=C7C8C(C9=CC(C(O)=O)=C(C=C(C=C%10C(O)=O)C%11%12)C(C%11=C%13C%14C%15%16C%17(O%16)C%18C%19=C%20C%21=C%22C(C(O)=C%23)=C%24C%25C%21=C%26C%19=C%27C%17=C%28C%14(O)C%12=C%10C=C%28CC%27=CC%26=CC%25=C(C(O)=O)C=C%24)C9=C7C%13(O)C5=C%15C3=C%18C%29%30C%20(O%30)C%31C%22C%23=C%32)=CC(C(O)=O)=CC8=CC6=C(C(O)=O)C4=C2)=C%29C%33=C%31C%32=C(C(O)=O)C=C%331,,,150,10.1002_masy.201800113_part_1.txt_∂Œ1_Material1
OCC(C(C(C1N)O)O[*])OC1OC2C(OC(C(C2O)N)[*])CO,[*]C([H])([H])C(O)([H])[*],O=[Al]O[Al]=O.O=[Si]=O.O=[Si]=O.O=[Si]=O,O=[Al]O[Al]=O.O=[Si]=O.O=[Si]=O.O=[Si]=O,,185,10.1016_j.carbpol.2015.12.072_part_3.txt_∂Œ1_Material1
[*]C(C1=CC=C(C(OCCCCO[*])=O)C=C1)=O,O=C([*])OC1=CC=C(C=C1)C(C)(C)C2=CC=C(C=C2)O[*],[*]C(C)C[*],,,170,10.1007_s10965-015-0869-1_part_2.txt_∂Œ1_Material1
[*]CC[*],OCC1OC(C(C(C1[*])O)O)OC2C(C(C(OC2CO)O[*])O)O,[*]C1C(OC(C(C1O)O)OC2C(OC(C(C2O)O)O[*])CO)CO,,,98,10.1002_app.48744_part_1.txt_∂Œ1_Material2
[*]C(CCCCCO[*])=O,CC1=CC(O)=C(C=C1CCCC(C2=C(C=C(C(C(C)(C)C)=C2)O)C)C3=CC(C(C)(C)C)=C(C=C3C)O)C(C)(C)C,,,,55,10.1088_1755-1315_233_2_022004_part_1.txt_∂Œ1_Material1
[*]C(C)C[*],[H][O-],[*]C(C)C[*],,,165,10.1002_pc.26171_part_2.txt_∂Œ1_Material1
O=C([*])C(C)O[*],O=[Mg].O=[Si]=O.O=[Si]=O.O=[Si]=O.O=[Si]=O.O=[Mg].O=[Mg].O,[*]OCC[*],CC(CO[*])[*],,140,10.1002_adma.201305413_part_1.txt_∂Œ1_Material1
[*]C([H])([H])C(O)([H])[*],[*]CCC(CCCC(CCCC(C[*])C)C)C,,,,127.4,10.1177_0040517516658510_part_1.txt_∂Œ1_Material1
[*]C(C)C[*],[*]CCCC([*])OC(C)=O,[*]CCCC([*])OC(C)=O,[*]CCCC([*])OC(C)=O,[*]C(C)C[*],190,10.1177_0021998319893423_part_1.txt_∂Œ1_Material1
[*]CC(COC1=CC=C(C=C1)C(C)(C)C2=CC=C(C=C2)O[*])O,[*]CC(COC1=CC=C(C=C1)C(C)(C)C2=CC=C(C=C2)O[*])O,[*]CC(COC1=CC=C(C=C1)C(C)(C)C2=CC=C(C=C2)O[*])O,,,200,10.1134_s1995421215020173_part_1.txt_∂Œ1_Material1
[*]CC[*],C12=CC3=CC4=CC=CN=C4N=C3N=C1N=C5N=C6N=CC=CC6=CC5=C2,,,,133.61,10.1002_app.42237_part_2.txt_∂Œ1_Material1
O=C([*])C(C)O[*],OP(O)(O)=O,O=[Mg].O=[Si]=O.O=[Si]=O.O=[Si]=O.O=[Si]=O.O=[Mg].O=[Mg].O,,,179.1,10.1002_app.51557_part_2.txt_∂Œ1_Material1
[*]CC[*],[*]CCCC([*])OC(C)=O,,,,95,10.13031_aea.12434_part_1.txt_∂Œ1_Material2
[*]C([H])([H])C(O)([H])[*],[*]OCC[*],OCC1OC(C(C(C1[*])O)O)OC2C(C(C(OC2CO)O[*])O)O,,,220.17,10.1007_s12034-021-02363-z_part_2.txt_∂Œ1_Material1
[*]C(C)C[*],NC1=CC=C(C=C1)/C2=C3C=C/C(N\3)=C(C4=N/C(C=C4)=C(C5=CC=C(N5)/C(C6=CC=CC=C6)=C7N=C2C=C\7)/C8=CC=CC=C8)\C9=CC=CC=C9,[H][Si]([H])([H])[H],,,167.3,10.1080_1023666x.2018.1489454_part_1.txt_∂Œ1_Material1
C/C(C[*])=C/C[*],[*]C(N(CN(C(OCOC(N(CN(C(OCCO[*])=O)[H])[H])=O)=O)[H])[H])=O,O=C(C1=CC=C(C([*])=O)C=C1)NC2=CCC(N[*])C=C2,,,135,10.1016_j.dt.2019.06.004_part_1.txt_∂Œ1_Material1
[*]C(N(CN(C(OCOC(N(CN(C(OCCO[*])=O)[H])[H])=O)=O)[H])[H])=O,O[Si](O)(O[Si](O)(O)O)O.[Al].[Al].O,,,,163,10.1002_pc.25617_part_1.txt_∂Œ1_Material1
[*]CC[*],[*]CC(CC[*])O,,,,121,10.1021_acs.iecr.9b02145_part_1.txt_∂Œ1_Material1
[*]C(NC1=C(C)C(NC(OCCO[*])=O)=CC=C1)=O,[*]C(CCCCCO[*])=O,[*]CC(C)(C(OCCO)=O)[*],,,60,10.1039_c5ra19669h_part_4.txt_∂Œ1_Material1
O=C(C1=CC=C(C=C1)C(OCC[*])=O)O[*],O=C(C1=CC=C(C=C1)C(OCC[*])=O)O[*],O=C(C1=CC=C(C=C1)C(OCC[*])=O)O[*],,,198,10.3144_expresspolymlett.2011.22_part_1.txt_∂Œ1_Material1
[*]C(C)C[*],[Mg],[*]C(C)C[*],,,166.7,10.1002_vnl.21630_part_1.txt_∂Œ1_Material1
[*]C(CCCCC(OCCCCO[*])=O)=O,[*]CC[*],[*]OCC[*],NC1=NC2=C(N=CN2C2O[C@H](COP(=O)(O)OP(=O)(O)O)[C@H](O)[C@@H]2O)C(=O)N1,,117.5,10.1016_j.compositesb.2021.108878_part_1.txt_∂Œ1_Material1
O=C([*])C(C)O[*],[*]OCC[*],OCC(C(C(C1N)O)O[*])OC1OC2C(OC(C(C2O)N)[*])CO,,,152,10.3390_polym11060941_part_1.txt_∂Œ1_Material1
[*]CC[*],O=C(C1=CC=C(C=C1)C(OCC[*])=O)O[*],,,,255,10.1002_app.37518_part_2.txt_∂Œ1_Material1
[*]CC(COC1=CC=C(C=C1)C(C)(C)C2=CC=C(C=C2)O[*])O,O=C(CCCCC(N(CCCCCCN([*])[H])[H])=O)[*],C12=CC3=CC4=CC=CN=C4N=C3N=C1N=C5N=C6N=CC=CC6=CC5=C2,,,260,10.1002_pc.23035_part_1.txt_∂Œ1_Material1
O=C([*])C(C)O[*],O=[Ti]=O,,,,169,10.3390_molecules26071967_part_2.txt_∂Œ1_Material1
[*]C(C)C[*],O=C(CCCCC(N(CCCCCCN([*])[H])[H])=O)[*],,,,220,10.1016_j.compositesb.2015.05.046_part_4.txt_∂Œ1_Material1
[*]C(C)C[*],O=C(C1=CC=C(C=C1)C(OCC[*])=O)O[*],O=[Si]=O,,,160,10.1088_1757-899x_955_1_012046_part_1.txt_∂Œ1_Material1
[*]C(C)C[*],O=C(O)C([*])C[*],,,,165,10.1002_app.46597_part_1.txt_∂Œ1_Material1
O=C([*])C(C)O[*],[*]C1C(OC(C(C1O)O)OC2C(OC(C(C2O)O)O[*])CO)CO,O=C=NCCCCCCN=C=O,,,164,10.1016_j.carbpol.2013.01.038_part_1.txt_∂Œ1_Material1
[*]C(C1=CC=C(C(OCCCCO[*])=O)C=C1)=O,,,,,235,10.1016_j.clay.2011.07.006_part_1.txt_∂Œ1_Material1
[*]C(N(CN(C(OCOC(N(CN(C(OCCO[*])=O)[H])[H])=O)=O)[H])[H])=O,[Ag+],,,,215,10.1002_app.46180_part_1.txt_∂Œ1_Material1
[*]C([H])([H])C(O)([H])[*],O=[Ti]=O,OC(C(C)(CC(C1=CC=CC=C1)[*])CC(C[*])(C(OCC2CO2)=O)C)=O,,,220,10.3389_fmats.2023.1276785_OA_part_3.txt_∂Œ1_Material1
[*]C(CCCCCO[*])=O,O=C([*])C(C)O[*],OC1=C2C(C3(O)C4C5C6=C7C8C(C9=CC(C(O)=O)=C(C=C(C=C%10C(O)=O)C%11%12)C(C%11=C%13C%14C%15%16C%17(O%16)C%18C%19=C%20C%21=C%22C(C(O)=C%23)=C%24C%25C%21=C%26C%19=C%27C%17=C%28C%14(O)C%12=C%10C=C%28CC%27=CC%26=CC%25=C(C(O)=O)C=C%24)C9=C7C%13(O)C5=C%15C3=C%18C%29%30C%20(O%30)C%31C%22C%23=C%32)=CC(C(O)=O)=CC8=CC6=C(C(O)=O)C4=C2)=C%29C%33=C%31C%32=C(C(O)=O)C=C%331,,,169.1,10.3390_polym12010228_part_2.txt_∂Œ1_Material1
O=C(C1=CC=C(C=C1)C(OCC[*])=O)O[*],[*]C(F)(C(F)([*])F)F,,,,240,10.1080_03602559.2016.1247281_part_6.txt_∂Œ1_Material2
FC(F)([*])C([H])([*])[H],[*]CC(CC=CCC([*])C1=CC=CC=C1)C#N,,,,165,10.1016_j.polymer.2017.09.019_part_1.txt_∂Œ1_Material1
O=C([*])C(C)O[*],[*]C(CCCCCO[*])=O,OCC1OC(C(C(C1[*])O)O)OC2C(C(C(OC2CO)O[*])O)O,,,150,10.1016_j.polymdegradstab.2018.04.012_part_2.txt_∂Œ1_Material1
O=C(C1=CC=C(C=C1)C(OCC[*])=O)O[*],O=C([*])OC1=CC=C(C=C1)C(C)(C)C2=CC=C(C=C2)O[*],,,,213,10.1177_0954008311401440_part_1.txt_∂Œ1_Material1
[*]NCC(NC(C(ONCC(NC(C(NCC(NC(C([*])=O)C)=O)=O)C)=O)=O)CO)=O,O=[Ti]=O,OCC(C(C(C1N)O)O[*])OC1OC2C(OC(C(C2O)N)[*])CO,,,200,10.2147_ijn.s172881_part_3.txt_∂Œ1_Material1
O=C([*])OC1=CC=C(C=C1)C(C)(C)C2=CC=C(C=C2)O[*],C=C([CH3])C(=O)O[CH3],CC1=CC(O)=C(C=C1CCCC(C2=C(C=C(C(C(C)(C)C)=C2)O)C)C3=CC(C(C)(C)C)=C(C=C3C)O)C(C)(C)C,CC1=CC(O)=C(C=C1CCCC(C2=C(C=C(C(C(C)(C)C)=C2)O)C)C3=CC(C(C)(C)C)=C(C=C3C)O)C(C)(C)C,,270,10.1002_app.48747_part_1.txt_∂Œ1_Material2
O=C([*])C1=CC=C(C=C1)OC2=CC=C(C=C2)OC3=CC=C(C=C3)[*],C12=CC3=CC4=CC=CN=C4N=C3N=C1N=C5N=C6N=CC=CC6=CC5=C2,,,,334,10.1002_pc.20916_part_1.txt_∂Œ1_Material1
O=C(CCCCC(N(CCCCCCN([*])[H])[H])=O)[*],O=[Si]=O,,,,300,10.1016_j.conbuildmat.2019.117134_part_2.txt_∂Œ1_Material1
[*]C(NC1=C(C)C(NC(OCCO[*])=O)=CC=C1)=O,C[Si](C)(C[*])O[*],OCC1OC(C(C(C1[*])O)O)OC2C(C(C(OC2CO)O[*])O)O,,,145.2,10.1007_s12633-021-00970-3_part_2.txt_∂Œ1_Material1
[*]C(CCCCCO[*])=O,O=[Ti]=O,,,,60,10.1038_s41467-022-33283-z_OA_part_1.txt_∂Œ1_Material1
[*]CC(C)(C(OCCO)=O)[*],O=[Si]=O,,,,110,10.1002_pi.5536_part_1.txt_∂Œ1_Material1
[*]C(CCCCCO[*])=O,O=[Al]O[Al]=O.O=[Si]=O.O=[Si]=O.O=[Si]=O,O=P([O-])([O-])[O-].[Ca+2].[Ca+2].[OH-],,,57,10.4028_www.scientific.net_amm.315.815_part_1.txt_∂Œ1_Material1
[*]CC[*],[*]OC1OC(CO)C(OC2C(O)C(O)C([*])C(CO)O2)C(O)C1O,,,,120,10.1016_j.matpr.2021.04.502_part_1.txt_∂Œ1_Material1
[*]CC[*],[*]C([H])([H])C(O)([H])[*],,,,110,10.29196_jub.v26i3.621_OA_part_1.txt_∂Œ1_Material1
O=C([*])C(C)O[*],[*]OCC[*],O=C([*])C(C)O[*],,,167,10.1002_pc.24314_part_1.txt_∂Œ1_Material1
[*]CCCC([*])OC(C)=O,OCC1OC(C(C(C1[*])O)O)OC2C(C(C(OC2CO)O[*])O)O,,,,86.7,10.1002_app.35140_part_2.txt_∂Œ1_Material1
[*]C(CCCCCO[*])=O,[*]OCC[*],O=P([O-])([O-])[O-].[Ca+2].[Ca+2].[OH-],,,37,10.1002_jbm.a.35513_part_1.txt_∂Œ1_Material1
O=C([*])C(C)O[*],C[Si](O[*])(C)[*],O=[Mg].O=[Si]=O.O=[Si]=O.O=[Si]=O.O=[Si]=O.O=[Mg].O=[Mg].O,,,95,10.1016_j.rinp.2018.04.028_part_2.txt_∂Œ1_Material1
O=C([*])C(C)O[*],[*]C(CCCCC(OCCCCO[*])=O)=O,O=C([*])C(C)O[*],O=C([O-])[O-].[Ca+2],,107.5,10.1134_s0965545x1703018x_part_2.txt_∂Œ1_Material3
O=C(C1=CC=C(C=C1)C(OCC[*])=O)O[*],[H]O[H],CCCCCCCCCCCCOS([O-])(=O)=O.[Na+],,,250,10.1177_0021998316645850_part_2.txt_∂Œ1_Material1
[*]CCCC(CCCCCC)[*],OCC1OC(C(C(C1[*])O)O)OC2C(C(C(OC2CO)O[*])O)O,,,,41,10.1002_pen.24626_part_1.txt_∂Œ1_Material1
[*]CC[*],NC1=NC2=C(N=CN2C2O[C@H](COP(=O)(O)OP(=O)(O)O)[C@H](O)[C@@H]2O)C(=O)N1,,,,131.5,10.3390_ma14144024_part_2.txt_∂Œ1_Material1
[*]C(C)C[*],O=[Si]=O.O=[Al]O[Al]=O.O=[Si]=O.O=[Si]=O.O=[Si]=O.O,O=C(O)CCCCCCCCCCCCCCCCC,,,159.62,10.1177_0021998316644852_part_1.txt_∂Œ1_Material1
O=C([*])C(C)O[*],OP(O)(O)=O,OCC1OC(OC2C(O)C(O)C(O[*])OC2CO)C(O)C(O)C1[*],,,149.3,10.1002_app.44895_part_1.txt_∂Œ1_Material1
[*]CC[*],[*]CC[*],OC1=C2C(C3(O)C4C5C6=C7C8C(C9=CC(C(O)=O)=C(C=C(C=C%10C(O)=O)C%11%12)C(C%11=C%13C%14C%15%16C%17(O%16)C%18C%19=C%20C%21=C%22C(C(O)=C%23)=C%24C%25C%21=C%26C%19=C%27C%17=C%28C%14(O)C%12=C%10C=C%28CC%27=CC%26=CC%25=C(C(O)=O)C=C%24)C9=C7C%13(O)C5=C%15C3=C%18C%29%30C%20(O%30)C%31C%22C%23=C%32)=CC(C(O)=O)=CC8=CC6=C(C(O)=O)C4=C2)=C%29C%33=C%31C%32=C(C(O)=O)C=C%331,,,130.19,10.1002_app.46768_part_1.txt_∂Œ1_Material1
O=C([*])CCCCCN[*],[Li]Cl,,,,221,10.1002_pc.22228_part_1.txt_∂Œ1_Material1
[*]OCCCCOC(CCC([*])=O)=O,[*]C(C=C1)=CC=C1S[*],,,,84.5,10.1039_c9sm01958h_part_2.txt_∂Œ1_Material1
O=C(C1=CC=C(C=C1)C(OCC[*])=O)O[*],[*]C(CCCCC(OCCCCO[*])=O)=O,O=[Ti]=O,[Zn]=O,,115.2,10.1016_j.matpr.2017.06.173_part_1.txt_∂Œ1_Material1
O=C([*])C(C)O[*],[H][O-],,,,170,10.1177_0021998320941579_part_1.txt_∂Œ1_Material1
C[Si](C)(C[*])O[*],O=[Si]=O,,,,120,10.1016_j.cej.2021.128675_part_1.txt_∂Œ1_Material1
O=C([*])C(C)O[*],[*]CCCC([*])OC(C)=O,[*]CC(CCCC(CC)CC([*])C1=CC=CC=C1)C2=CC=CC=C2,O=[Si]=O,,154.26,10.1016_j.polymertesting.2020.106735_part_2.txt_∂Œ1_Material3
O=C(CCCCCCCCCCC(NCCCCCCCCCCCCN[*])=O)[*],[*]CCC(CCCCCC)C[*],OC1=C2C(C3(O)C4C5C6=C7C8C(C9=CC(C(O)=O)=C(C=C(C=C%10C(O)=O)C%11%12)C(C%11=C%13C%14C%15%16C%17(O%16)C%18C%19=C%20C%21=C%22C(C(O)=C%23)=C%24C%25C%21=C%26C%19=C%27C%17=C%28C%14(O)C%12=C%10C=C%28CC%27=CC%26=CC%25=C(C(O)=O)C=C%24)C9=C7C%13(O)C5=C%15C3=C%18C%29%30C%20(O%30)C%31C%22C%23=C%32)=CC(C(O)=O)=CC8=CC6=C(C(O)=O)C4=C2)=C%29C%33=C%31C%32=C(C(O)=O)C=C%331,CC1=CC(O)=C(C=C1CCCC(C2=C(C=C(C(C(C)(C)C)=C2)O)C)C3=CC(C(C)(C)C)=C(C=C3C)O)C(C)(C)C,,210,10.1122_1.4934241_part_1.txt_∂Œ1_Material1
O=C([*])OC1=CC=C(C=C1)C(C)(C)C2=CC=C(C=C2)O[*],[*]CC([*])N1CCCC1=O,[Na+].[Cl-],,,240,10.1088_0957-4484_24_27_275603_part_1.txt_∂Œ1_Material1
[*]C(C)C[*],CC1=CC(O)=C(C=C1CCCC(C2=C(C=C(C(C(C)(C)C)=C2)O)C)C3=CC(C(C)(C)C)=C(C=C3C)O)C(C)(C)C,,,,163.5,10.1016_j.jhazmat.2013.08.062_part_1.txt_∂Œ1_Material1
[*]C(C)C[*],[*]CCC(CCCC(CCCC(C[*])C)C)C,[*]CC[*],,,165,10.1016_j.polymer.2015.03.064_part_1.txt_∂Œ1_Material1
O=C(CCCCC(N(CCCCCCN([*])[H])[H])=O)[*],,,,,265,10.1016_j.carbon.2013.04.044_part_2.txt_∂Œ1_Material1
[*]CC[*],[*]C(NC1=C(C)C(NC(OCCO[*])=O)=CC=C1)=O,,,,135,10.1016_j.ijimpeng.2014.07.004_part_1.txt_∂Œ1_Material1
O=C([*])CCCCCN[*],[*]C(C)C[*],C[N+](CCO)(CCO)[3H],,,220,10.1016_j.matdes.2010.05.024_part_1.txt_∂Œ1_Material1
[*]C(C)C[*],[*]CCC(CCCCCC)C[*],CCCCCCCCCCCCCCCCCCOC(CCC1=CC(C(C)(C)C)=C(C(C(C)(C)C)=C1)O)=O,,,210,10.1002_mame.202000728_part_1.txt_∂Œ1_Material3
[*]CC[*],[H][Si]([H])([H])[H],[Ti](OCCCC)(OCCCC)(OCCCC)OCCCC,,,135,10.1016_j.matdes.2014.12.027_part_2.txt_∂Œ1_Material1
[*]C([H])([H])C(O)([H])[*],[*]C1C(OC(C(C1O)O)OC2C(OC(C(C2O)O)O[*])CO)CO,[*]CC[*],[C],OCC(O)CO,133,10.4028_www.scientific.net_amr.701.64_part_1.txt_∂Œ1_Material1
FC(F)([*])C([H])([*])[H],[*]CC[*],CC1=CC(O)=C(C=C1CCCC(C2=C(C=C(C(C(C)(C)C)=C2)O)C)C3=CC(C(C)(C)C)=C(C=C3C)O)C(C)(C)C,,,140,10.1016_j.memsci.2019.117527_part_1.txt_∂Œ1_Material1
O=C(CCCCC(N(CCCCCCN([*])[H])[H])=O)[*],[O-][Si]([O-])([O-])O[Si]([O-])([O-])[O-].[Ca+2],,,,247,10.1002_pc.25257_part_1.txt_∂Œ1_Material1
[*]C1C(OC(C(C1O)O)OC2C(OC(C(C2O)O)O[*])CO)CO,[*]C([H])([H])C(O)([H])[*],,,,190,10.1016_j.polymdegradstab.2015.10.010_part_2.txt_∂Œ1_Material1
O=C([*])CCCCCN[*],[H][O-],,,,220,10.1016_j.compositesb.2015.04.040_part_1.txt_∂Œ1_Material1
[*]C(C)C[*],O=[Si]=O,[H]O[H],,,160,10.1088_1757-899x_271_1_012058_part_1.txt_∂Œ1_Material1
O=C([*])C(C)O[*],OCC1OC(OC2C(O)C(O)C(O[*])OC2CO)C(O)C(O)C1[*],,,,150.7,10.1007_s10570-019-02931-x_part_3.txt_∂Œ1_Material1
[*]CC[*],[Zn]=O,[Zn]=O,,,110,10.1007_s00289-018-2564-y_part_1.txt_∂Œ1_Material1
O=C([*])CCCCCN[*],[*]C(C)C[*],C12=CC3=CC4=CC=CN=C4N=C3N=C1N=C5N=C6N=CC=CC6=CC5=C2,NC1=CC=C(C=C1)/C2=C3C=C/C(N\3)=C(C4=N/C(C=C4)=C(C5=CC=C(N5)/C(C6=CC=CC=C6)=C7N=C2C=C\7)/C8=CC=CC=C8)\C9=CC=CC=C9,,250,10.3390_ma11030429_part_1.txt_∂Œ1_Material1
C/C(C[*])=C/C[*],[*]C(CCCCCO[*])=O,,,,56.55,10.4028_www.scientific.net_kem.798.337_part_1.txt_∂Œ1_Material1
[*]C([H])([H])C(O)([H])[*],O=[Al]O[Al]=O.O=[Si]=O.O=[Si]=O.O=[Si]=O,OC1=C2C(C3(O)C4C5C6=C7C8C(C9=CC(C(O)=O)=C(C=C(C=C%10C(O)=O)C%11%12)C(C%11=C%13C%14C%15%16C%17(O%16)C%18C%19=C%20C%21=C%22C(C(O)=C%23)=C%24C%25C%21=C%26C%19=C%27C%17=C%28C%14(O)C%12=C%10C=C%28CC%27=CC%26=CC%25=C(C(O)=O)C=C%24)C9=C7C%13(O)C5=C%15C3=C%18C%29%30C%20(O%30)C%31C%22C%23=C%32)=CC(C(O)=O)=CC8=CC6=C(C(O)=O)C4=C2)=C%29C%33=C%31C%32=C(C(O)=O)C=C%331,,,185.09,10.1007_s13726-021-00964-3_part_1.txt_∂Œ1_Material1
[*]CC(CC(C#N)[*])C1=CC=CC=C1,[*]C(CCCCC(OCCCCO[*])=O)=O,,,,110,10.1002_pen.24935_part_1.txt_∂Œ1_Material1
C/C(C[*])=C/C[*],[*]C(C)C[*],[S],,,153,10.1177_0095244311432781_part_2.txt_∂Œ1_Material1
[*]C1C(OC(C(C1O)O)OC2C(OC(C(C2O)O)O[*])CO)CO,[*]C([H])([H])C(O)([H])[*],O=[Al]O[Al]=O.O=[Si]=O.O=[Si]=O.O=[Si]=O,,,257.5,10.1515_ijfe-2015-0145_part_2.txt_∂Œ1_Material1
O=C([*])C(C)O[*],[*]OCC[*],,,,161,10.1016_j.ijbiomac.2016.11.003_part_1.txt_∂Œ1_Material1
O=C([*])C(C)O[*],O[Si](O)(O[Si](O)(O)O)O.[Al].[Al].O,,,,175,10.1002_app.49134_part_1.txt_∂Œ1_Material1
[*]C(C)C[*],NC1=CC=C(C=C1)/C2=C3C=C/C(N\3)=C(C4=N/C(C=C4)=C(C5=CC=C(N5)/C(C6=CC=CC=C6)=C7N=C2C=C\7)/C8=CC=CC=C8)\C9=CC=CC=C9,OCC1OC(C(C(C1[*])O)O)OC2C(C(C(OC2CO)O[*])O)O,,,167,10.1080_02773813.2018.1432655_part_1.txt_∂Œ1_Material1
OP(O)(O)=O,[*]CCCC(C(O)=O)[*],[*]CCCC(C(O)=O)[*],,,109.69,10.1002_vnl.21485_part_1.txt_∂Œ1_Material1
[*]C(C)C[*],[*]CC[*],O=C([O-])[O-].[Ca+2],,,158,10.1088_1742-6596_1294_5_052020_part_2.txt_∂Œ1_Material1
O=C([*])CCCCCN[*],[*]NCCCCCCCCCCCC([*])=O,[Mg],,,220,10.1002_pen.25171_part_1.txt_∂Œ1_Material1
[*]C(CCCCCO[*])=O,COC1=CC(/C=C/C=O)=CC(OC2=CC(C(C(OC3=CC=C(C=C3OC)C(C(CO)=O)O)CO)O)=CC=C2OC4=CC(C(C(COC5=CC=C(C=C5)C(C(CO)=O)O)=O)O)=CC=C4O)=C1,,,,14.6,10.4028_www.scientific.net_amr.1070-1072.100_part_1.txt_∂Œ1_Material1
[*]C(N(CN(C(OCOC(N(CN(C(OCCO[*])=O)[H])[H])=O)=O)[H])[H])=O,[*]CC([*])N1CCCC1=O,,,,134.25,10.1016_j.matdes.2013.11.029_part_1.txt_∂Œ1_Material1
[*]CC[*],O=[Si]=O.[Ca]=O,O=[Si]=O,[H]O[H],,150,10.1016_j.cemconres.2017.04.004_part_1.txt_∂Œ1_Material1
O=C([*])C(C)O[*],[*]C([H])([H])C(O)([H])[*],,,,147.7,10.4028_www.scientific.net_kem.773.10_part_1.txt_∂Œ1_Material1
[*]C(CCCCCO[*])=O,[*]OCC[*],,,,62.38,10.1177_0885328216680152_part_2.txt_∂Œ1_Material1
O=C([*])CCCCCN[*],O=C(CCCCC(N(CCCCCCN([*])[H])[H])=O)[*],O=[Al]O[Al]=O.O=[Si]=O.O=[Si]=O.O=[Si]=O,,,230,10.1002_pen.24456_part_1.txt_∂Œ1_Material1
[*]NCC(NC(C(ONCC(NC(C(NCC(NC(C([*])=O)C)=O)=O)C)=O)=O)CO)=O,OCC1OC(C(C(C1O)O[*])O)OC2C(C(C(OC2COS(=O)(O)=O)[*])NC(C)=O)O,O=[Ti]=O,,,220,10.1002_smll.201903948_part_8.txt_∂Œ1_Material1
O=C([*])C(C)O[*],OP(O)(O)=O,OC1=C2C(C3(O)C4C5C6=C7C8C(C9=CC(C(O)=O)=C(C=C(C=C%10C(O)=O)C%11%12)C(C%11=C%13C%14C%15%16C%17(O%16)C%18C%19=C%20C%21=C%22C(C(O)=C%23)=C%24C%25C%21=C%26C%19=C%27C%17=C%28C%14(O)C%12=C%10C=C%28CC%27=CC%26=CC%25=C(C(O)=O)C=C%24)C9=C7C%13(O)C5=C%15C3=C%18C%29%30C%20(O%30)C%31C%22C%23=C%32)=CC(C(O)=O)=CC8=CC6=C(C(O)=O)C4=C2)=C%29C%33=C%31C%32=C(C(O)=O)C=C%331,,,120,10.1080_15583724.2020.1850475_part_7.txt_∂Œ1_Material1
[*]C([H])([H])C(O)([H])[*],[*]OC1C(C(O)=O)OC(OC2C(NC(C)=O)C([*])OC(CO)C2O)C(O)C1O,O=C(O)C([*])C[*],[*]OC1C(C(O)=O)OC(OC2C(NC(C)=O)C([*])OC(CO)C2O)C(O)C1O,O=C(O)C([*])C[*],220,10.3390_pr9050730_part_5.txt_∂Œ1_Material1
[*]C(C1=CC=C(C(OCCCCO[*])=O)C=C1)=O,[C],,,,210.8,10.1515_polyeng-2013-0038_part_2.txt_∂Œ1_Material2
[*]C(C1=CC=C(C(OCCCCO[*])=O)C=C1)=O,[*]OCCCCOC(CCC([*])=O)=O,,,,132.1,10.1016_j.matchemphys.2020.124183_part_1.txt_∂Œ1_Material1
O=C([*])OC1=CC=C(C=C1)C(C)(C)C2=CC=C(C=C2)O[*],[*]CC[*],O=[Al]O[Al]=O.O=[Si]=O.O=[Si]=O.O=[Si]=O,,,132.1,10.1177_8756087917691088_part_1.txt_∂Œ1_Material1
[*]C(CCCCCO[*])=O,OC1=C2C(C3(O)C4C5C6=C7C8C(C9=CC(C(O)=O)=C(C=C(C=C%10C(O)=O)C%11%12)C(C%11=C%13C%14C%15%16C%17(O%16)C%18C%19=C%20C%21=C%22C(C(O)=C%23)=C%24C%25C%21=C%26C%19=C%27C%17=C%28C%14(O)C%12=C%10C=C%28CC%27=CC%26=CC%25=C(C(O)=O)C=C%24)C9=C7C%13(O)C5=C%15C3=C%18C%29%30C%20(O%30)C%31C%22C%23=C%32)=CC(C(O)=O)=CC8=CC6=C(C(O)=O)C4=C2)=C%29C%33=C%31C%32=C(C(O)=O)C=C%331,,,,59.3,10.3390_polym11071101_part_2.txt_∂Œ1_Material1
[*]C(C)C[*],[*]CC([*])N1CCCC1=O,[O-][Si]([O-])([O-])O[Si]([O-])([O-])[O-].[Ca+2],,,168.2,10.1007_s11003-020-00338-9_part_1.txt_∂Œ1_Material1
O=C([*])C(C)O[*],C/C(C[*])=C/C[*],C/C(C[*])=C/C[*],O=C([O-])[O-].[Ca+2],,149.31,10.4028_www.scientific.net_amr.410.59_part_1.txt_∂Œ1_Material2
[*]OCCCCOC(CCC([*])=O)=O,[*]C(CCCCC(OCCCCO[*])=O)=O,[*]OCC[*],OC(C(C)(CC(C1=CC=CC=C1)[*])CC(C[*])(C(OCC2CO2)=O)C)=O,,105,10.1039_c2gc35875a_part_1.txt_∂Œ1_Material1
[*]C(C)C[*],[*]C1C(OC(C(C1O)O)OC2C(OC(C(C2O)O)O[*])CO)CO,[*]CCCC([*])OC(C)=O,,,162.3,10.1177_0095244312439491_part_1.txt_∂Œ1_Material1
O=C(C1=CC=C(C=C1)C(OCC[*])=O)O[*],[*]OC1OC(CO)C(OC2C(O)C(O)C([*])C(CO)O2)C(O)C1O,,,,232,10.1080_03602550903532125_part_2.txt_∂Œ1_Material2
[*]C(C)C[*],[*]CC(CC[*])O,O=[Al]O[Al]=O.O=[Si]=O.O=[Si]=O.O=[Si]=O,,,148.45,10.3390_polym13050705_part_1.txt_∂Œ1_Material2
O=C([*])C(C)O[*],C/C(C[*])=C/C[*],OC1=C2C(C3(O)C4C5C6=C7C8C(C9=CC(C(O)=O)=C(C=C(C=C%10C(O)=O)C%11%12)C(C%11=C%13C%14C%15%16C%17(O%16)C%18C%19=C%20C%21=C%22C(C(O)=C%23)=C%24C%25C%21=C%26C%19=C%27C%17=C%28C%14(O)C%12=C%10C=C%28CC%27=CC%26=CC%25=C(C(O)=O)C=C%24)C9=C7C%13(O)C5=C%15C3=C%18C%29%30C%20(O%30)C%31C%22C%23=C%32)=CC(C(O)=O)=CC8=CC6=C(C(O)=O)C4=C2)=C%29C%33=C%31C%32=C(C(O)=O)C=C%331,CCCCCCCCCCCCCCCCCCOC(CCC1=CC(C(C)(C)C)=C(C(C(C)(C)C)=C1)O)=O,,175,10.1016_j.polymertesting.2014.07.004_part_1.txt_∂Œ1_Material1
[*]OCCCCOC(CCC([*])=O)=O,O=C([*])C(C)O[*],,,,113,10.3389_fmats.2020.00007_part_1.txt_∂Œ1_Material1
FC(F)([*])C([H])([*])[H],,,,,165.3,10.1007_s10570-015-0634-y_part_2.txt_∂Œ1_Material1
O=C([*])C(C)O[*],O=C(C1=CC=C(C([*])=O)C=C1)NC2=CCC(N[*])C=C2,,,,140,10.1016_j.compositesb.2013.08.003_part_1.txt_∂Œ1_Material1
[*]O[C@H](C)CC([*])=O,[*]C(CCCCCO[*])=O,[Fe]12O[Fe]O[Fe](O2)O1,OCC1OC(C(C(C1[*])O)O)OC2C(C(C(OC2CO)O[*])O)O,,172.5,10.1016_j.addma.2021.102146_part_2.txt_∂Œ1_Material1
[*]CC[*],O=C([O-])[O-].[Ca+2],,,,180,10.1016_j.indcrop.2019.111712_part_1.txt_∂Œ1_Material1
[*]C(C)C[*],[*]C/C=C/CCC([*])C#N,[*]C(C)C[*],,,161.3,10.1016_j.polymertesting.2013.01.005_part_2.txt_∂Œ1_Material1
[*]C(C=C1)=CC=C1S[*],O=C([*])CCCCCN[*],OC1=C2C(C3(O)C4C5C6=C7C8C(C9=CC(C(O)=O)=C(C=C(C=C%10C(O)=O)C%11%12)C(C%11=C%13C%14C%15%16C%17(O%16)C%18C%19=C%20C%21=C%22C(C(O)=C%23)=C%24C%25C%21=C%26C%19=C%27C%17=C%28C%14(O)C%12=C%10C=C%28CC%27=CC%26=CC%25=C(C(O)=O)C=C%24)C9=C7C%13(O)C5=C%15C3=C%18C%29%30C%20(O%30)C%31C%22C%23=C%32)=CC(C(O)=O)=CC8=CC6=C(C(O)=O)C4=C2)=C%29C%33=C%31C%32=C(C(O)=O)C=C%331,,,278.4,10.1007_s13233-020-8038-8_part_1.txt_∂Œ1_Material1
O=C([*])C(C)O[*],[*]C(CCCCC(OCCCCO[*])=O)=O,C=C(C(OCC1CO1)=O)C,OC(C(C)(CC(C1=CC=CC=C1)[*])CC(C[*])(C(OCC2CO2)=O)C)=O,,150,10.1016_j.polymer.2020.122591_part_8.txt_∂Œ1_Material1
O=C([*])C(C)O[*],C=C(C(OCC1CO1)=O)C,C=C(C(OCC1CO1)=O)C,,,145,10.1002_app.41518_part_1.txt_∂Œ1_Material1
O=C([*])C(C)O[*],[*]C(CCCCC(OCCCCO[*])=O)=O,[*]CCC(CCCCCC)C[*],,,148,10.3389_fmats.2020.00130_part_2.txt_∂Œ1_Material1
[*]C1C(OC(C(C1O)O)OC2C(OC(C(C2O)O)O[*])CO)CO,[*]C(CCCCCO[*])=O,[*]C(CCCCCO[*])=O,,,57.8,10.1002_app.42381_part_1.txt_∂Œ1_Material1
[*]CC(C1=CC=CC=C1)C/C=C/C[*],[*]C(CCCCCO[*])=O,O=[Fe]O[Fe]=O,[Fe]12O[Fe]O[Fe](O2)O1,,63,10.1002_vnl.21848_part_3.txt_∂Œ1_Material1
[*]OCCCCOC(CCC([*])=O)=O,[H][O-],,,,113,10.1177_1528083718821876_part_1.txt_∂Œ1_Material1
[*]C([C@H](C)OC([C@H](C)O[*])=O)=O,[*]C(CCCCCO[*])=O,,,,163.8,10.1016_j.polymer.2017.12.050_part_4.txt_∂Œ1_Material1
[*]CC[*],O=C([O-])[O-].[Ca+2],[*]CC[*],,,155.4,10.1007_s10965-017-1375-4_part_1.txt_∂Œ1_Material1
[*]C(C)C[*],NC1=CC=C(C=C1)/C2=C3C=C/C(N\3)=C(C4=N/C(C=C4)=C(C5=CC=C(N5)/C(C6=CC=CC=C6)=C7N=C2C=C\7)/C8=CC=CC=C8)\C9=CC=CC=C9,C12=CC3=CC4=CC=CN=C4N=C3N=C1N=C5N=C6N=CC=CC6=CC5=C2,,,165,10.1016_j.compositesa.2019.05.003_part_2.txt_∂Œ1_Material1
O=C(O[*])CCCCCCCCCCN[*],OC(C(C)(CC(C1=CC=CC=C1)[*])CC(C[*])(C(OCC2CO2)=O)C)=O,O=[Ti]=O,,,210,10.1016_j.indcrop.2016.02.007_part_3.txt_∂Œ1_Material1
O=C([*])C(C)O[*],[*]C1C(OC(C(C1O)O)OC2C(OC(C(C2O)O)O[*])CO)CO,NC1=CC=C(C=C1)/C2=C3C=C/C(N\3)=C(C4=N/C(C=C4)=C(C5=CC=C(N5)/C(C6=CC=CC=C6)=C7N=C2C=C\7)/C8=CC=CC=C8)\C9=CC=CC=C9,OCC(O)CO,[H]O[H],150,10.1002_star.201100024_part_3.txt_∂Œ1_Material1
[*]C(C)C[*],[C],,,,165,10.1515_polyeng-2013-0038_part_2.txt_∂Œ1_Material1
O=C(C1=CC=C(C=C1)C(OCC[*])=O)O[*],[O-][Si]([O-])([O-])O[Si]([O-])([O-])[O-].[Ca+2],[O-][Si]([O-])([O-])O[Si]([O-])([O-])[O-].[Ca+2],,,249,10.1002_vnl.21753_part_1.txt_∂Œ1_Material1
[*]C(C)C[*],[*]C/C=C/CCC(C=C)CC([*])C1=CC=CC=C1,O=C([O-])[O-].[Ca+2],,,160,10.1002_pc.23973_part_1.txt_∂Œ1_Material1
[*]CC[*],O=[Al]O[Al]=O.O=[Si]=O.O=[Si]=O.O=[Si]=O,,,,107,10.1177_0892705714554492_part_3.txt_∂Œ1_Material1
[*]C(C)C[*],[*]CCCC([*])OC(C)=O,O=[Al]O[Al]=O.O=[Si]=O.O=[Si]=O.O=[Si]=O,,,142.91,10.3390_polym13050705_part_1.txt_∂Œ1_Material1
[*]OCCCCOC(CCC([*])=O)=O,[*]OCCCCOC(CCC([*])=O)=O,[*]OCCCCOC(CCC([*])=O)=O,,,115,10.1021_acsomega.8b01675_part_1.txt_∂Œ1_Material1
O=C([*])C(C)O[*],C12=C3C(C=CC4C3=C5C(CC6=CC7=C8C9=C(C(C=C%10)=CC=C9C=C7)C%11=C%10C%12)=CC4)=CC=C1C=C%12C%13=C%11C8=C6C5=C2%13,,,,170,10.3390_ma9050351_part_1.txt_∂Œ1_Material1
[*]OCCCCOC(CCC([*])=O)=O,[H][Si]([H])([H])[H],,,,115,10.4028_www.scientific.net_msf.846.665_part_1.txt_∂Œ1_Material1
FC(F)([*])C([H])([*])[H],[*]C(NC1=C(C)C(NC(OCCO[*])=O)=CC=C1)=O,C[Si](C)(C[*])O[*],C12=C3C(C=CC4C3=C5C(CC6=CC7=C8C9=C(C(C=C%10)=CC=C9C=C7)C%11=C%10C%12)=CC4)=CC=C1C=C%12C%13=C%11C8=C6C5=C2%13,,170,10.1002_adfm.201903732_part_1.txt_∂Œ1_Material1
[*]NC(C(N1CCCC1C(NCC(N2CC(CC2C(NC(C(NCC([*])=O)=O)CO)=O)O)=O)=O)=O)CCCCN,[*]C1C(OC(C(C1O)O)OC2C(OC(C(C2O)O)O[*])CO)CO,[Na+].[Cl-],OCC(O)CO,,57,10.1007_s00339-017-1068-1_part_1.txt_∂Œ1_Material1
[*]C1C(OC(C(C1O)O)OC2C(OC(C(C2O)O)O[*])CO)CO,OCC1OC(C(C(C1[*])O)O)OC2C(C(C(OC2CO)O[*])O)O,OCC(O)CO,,,103,10.1002_masy.201800110_part_1.txt_∂Œ1_Material1
O=C([*])C(C)O[*],O=P([O-])([O-])[O-].[Ca+2].[Ca+2].[OH-],[*]OCC[*],[O-][Si]([O-])([O-])O[Si]([O-])([O-])[O-].[Ca+2],,165,10.1016_j.engreg.2020.08.002_part_1.txt_∂Œ1_Material1
O=C(C1=CC=C(C=C1)C(OCC[*])=O)O[*],CCCCCCCCCCCCCCCC[N+](C)(C)C.[Br-],[*]OCC[*],,,248.9,10.1080_00222348.2013.766075_part_3.txt_∂Œ1_Material1
[*]C([H])([H])C(O)([H])[*],[*]C1C(OC(C(C1O)O)OC2C(OC(C(C2O)O)O[*])CO)CO,OCC(O)CO,,,194.7,10.1007_s10924-012-0419-4_part_2.txt_∂Œ1_Material1
O=C([*])C(C)O[*],OP(O)(O)=O,[*]C(C1=CC=C(C(OCCCCO[*])=O)C=C1)=O,O=C([*])C(C)O[*],O=[Mg].O=[Si]=O.O=[Si]=O.O=[Si]=O.O=[Si]=O.O=[Mg].O=[Mg].O,165.3,10.1002_pen.24900_part_1.txt_∂Œ1_Material1
O=C([*])C(C)O[*],[*]C(CCCCCO[*])=O,[*]NC(C(O)=O)CCC([*])=O,O=P([O-])([O-])[O-].[Ca+2].[Ca+2].[OH-],,130,10.3390_ijms16010564_part_3.txt_∂Œ1_Material1
[*]C(NC1=C(C)C(NC(OCCO[*])=O)=CC=C1)=O,[*]OCC[*],,,,70,10.1007_s10853-016-0689-7_part_3.txt_∂Œ1_Material1
[*]C1C(OC(C(C1O)O)OC2C(OC(C(C2O)O)O[*])CO)CO,[*]C([H])([H])C(O)([H])[*],Cl[Ca]Cl,OCC(O)CO,,181,10.1002_pc.23517_part_2.txt_∂Œ1_Material1
[*]CC(COC1=CC=C(C=C1)C(C)(C)C2=CC=C(C=C2)O[*])O,[*]CC[*],C[N+](CCO)(CCO)[3H],,,135.4,10.1002_app.40751_part_2.txt_∂Œ1_Material1
[*]C1C(OC(C(C1O)O)OC2C(OC(C(C2O)O)O[*])CO)CO,[*]C([H])([H])C(O)([H])[*],OCC1OC(C(C(C1[*])O)O)OC2C(C(C(OC2CO)O[*])O)O,,,244.2,10.1515_ijfe-2015-0145_part_2.txt_∂Œ1_Material2
[*]C([C@H](C)OC([C@H](C)O[*])=O)=O,O=P([O-])([O-])[O-].[Ca+2].[Ca+2].[OH-],,,,175,10.1088_1757-899x_511_1_012008_part_1.txt_∂Œ1_Material1
O=C([*])CCCCCN[*],O=C([*])CCCCCN[*],CCCCCCCCCCCCCCCCCCOC(CCC1=CC(C(C)(C)C)=C(C(C(C)(C)C)=C1)O)=O,,,219.8,10.4028_www.scientific.net_amr.476-478.763_part_1.txt_∂Œ1_Material1
[*]C([H])([H])C(O)([H])[*],[*]NC(C(N1CCCC1C(NCC(N2CC(CC2C(NC(C(NCC([*])=O)=O)CO)=O)O)=O)=O)=O)CCCCN,,,,95.8,10.1002_jbm.b.31701_part_1.txt_∂Œ1_Material1
[*]C(C)C[*],[*]CCC(CCCCCC)C[*],O=[Si]=O,,,160,10.3390_ma11081321_part_1.txt_∂Œ1_Material1
O=C(CCCCC(NCCCCCCCCCCN[*])=O)[*],O[Si](O)(O[Si](O)(O)O)O.[Al].[Al].O,,,,220,10.3390_polym12071503_part_1.txt_∂Œ1_Material1
O=C(C1=CC=C(C=C1)C(OCC[*])=O)O[*],OC1=C2C(C3(O)C4C5C6=C7C8C(C9=CC(C(O)=O)=C(C=C(C=C%10C(O)=O)C%11%12)C(C%11=C%13C%14C%15%16C%17(O%16)C%18C%19=C%20C%21=C%22C(C(O)=C%23)=C%24C%25C%21=C%26C%19=C%27C%17=C%28C%14(O)C%12=C%10C=C%28CC%27=CC%26=CC%25=C(C(O)=O)C=C%24)C9=C7C%13(O)C5=C%15C3=C%18C%29%30C%20(O%30)C%31C%22C%23=C%32)=CC(C(O)=O)=CC8=CC6=C(C(O)=O)C4=C2)=C%29C%33=C%31C%32=C(C(O)=O)C=C%331,OC1=C2C(C3(O)C4C5C6=C7C8C(C9=CC(C(O)=O)=C(C=C(C=C%10C(O)=O)C%11%12)C(C%11=C%13C%14C%15%16C%17(O%16)C%18C%19=C%20C%21=C%22C(C(O)=C%23)=C%24C%25C%21=C%26C%19=C%27C%17=C%28C%14(O)C%12=C%10C=C%28CC%27=CC%26=CC%25=C(C(O)=O)C=C%24)C9=C7C%13(O)C5=C%15C3=C%18C%29%30C%20(O%30)C%31C%22C%23=C%32)=CC(C(O)=O)=CC8=CC6=C(C(O)=O)C4=C2)=C%29C%33=C%31C%32=C(C(O)=O)C=C%331,,,183,10.1177_0307174x1504200709_part_1.txt_∂Œ1_Material1
O=C([*])CCCCCN[*],[*]CC[*],[Li]Cl,OCC1OC(OC2C(O)C(O)C(O[*])OC2CO)C(O)C(O)C1[*],,208.1,10.1002_pc.25070_part_1.txt_∂Œ1_Material1
[*]CC[*],O=C(O[Na])COCC(OC(C(C1O)O)[*])C1OC(C(C(C2O[*])O)O)OC2COCC(O[Na])=O,OC1=C2C(C3(O)C4C5C6=C7C8C(C9=CC(C(O)=O)=C(C=C(C=C%10C(O)=O)C%11%12)C(C%11=C%13C%14C%15%16C%17(O%16)C%18C%19=C%20C%21=C%22C(C(O)=C%23)=C%24C%25C%21=C%26C%19=C%27C%17=C%28C%14(O)C%12=C%10C=C%28CC%27=CC%26=CC%25=C(C(O)=O)C=C%24)C9=C7C%13(O)C5=C%15C3=C%18C%29%30C%20(O%30)C%31C%22C%23=C%32)=CC(C(O)=O)=CC8=CC6=C(C(O)=O)C4=C2)=C%29C%33=C%31C%32=C(C(O)=O)C=C%331,CCCC[Sn](CCCC)(OC(CCCCCCCCCCC)=O)OC(CCCCCCCCCCC)=O,,180,10.1007_s10924-016-0880-6_part_1.txt_∂Œ1_Material1
[*]C(C)C[*],O=C1C([*])C(CC[*])C(O1)=O,,,,163.9,10.4028_www.scientific.net_kem.728.301_part_1.txt_∂Œ1_Material1
[*]C(CCCCC(OCCCCO[*])=O)=O,O=C([*])C(C)O[*],OC(C(C)(CC(C1=CC=CC=C1)[*])CC(C[*])(C(OCC2CO2)=O)C)=O,,,168,10.1021_acsomega.8b00823_part_1.txt_∂Œ1_Material1
[*]C(CCCCCO[*])=O,OCC1OC(C(C(C1[*])O)O)OC2C(C(C(OC2CO)O[*])O)O,O=P([O-])([O-])[O-].[Ca+2].[Ca+2].[OH-],,,59,10.4028_www.scientific.net_amr.1134.249_part_1.txt_∂Œ1_Material1
[*]NC(C)C(N1CCCC1C([*])=O)=O,[*]C(CCCCCO[*])=O,C(CC=O)CC=O,,,61,10.1299_jmmp.7.463_part_1.txt_∂Œ1_Material1
[*]C(C)C[*],O=[Mg].O=[Si]=O.O=[Si]=O.O=[Si]=O.O=[Si]=O.O=[Mg].O=[Mg].O,O=[Mg].O=[Si]=O.O=[Si]=O.O=[Si]=O.O=[Si]=O.O=[Mg].O=[Mg].O,,,163.8,10.1002_pen.23243_part_1.txt_∂Œ1_Material1
O=C([*])CCCCCN[*],[*]C/C=C/CCC([*])C#N,,,,204,10.1002_pc.23936_part_2.txt_∂Œ1_Material1
[*]CC[*],[*]CC[*],[*]CC[*],,,133.1,10.1080_00222348.2012.660077_part_2.txt_∂Œ1_Material1
[*]C(C)C[*],[*]OC1OC(CO)C(OC2C(O)C(O)C([*])C(CO)O2)C(O)C1O,NC1=CC=C(C=C1)/C2=C3C=C/C(N\3)=C(C4=N/C(C=C4)=C(C5=CC=C(N5)/C(C6=CC=CC=C6)=C7N=C2C=C\7)/C8=CC=CC=C8)\C9=CC=CC=C9,,,185,10.1080_15440478.2019.1612309_part_1.txt_∂Œ1_Material1
[*]OC(CC(OC(CC([*])=O)CC)=O)C,[*]C([H])([H])C(O)([H])[*],,,,170,10.1080_25740881.2021.1918162_part_1.txt_∂Œ1_Material1
[*]OCCCOC(C1=CC=C(C([*])=O)C=C1)=O,C[N+](CCO)(CCO)[3H],C[N+](CCO)(CCO)[3H],,,247.59,10.1016_j.msea.2009.08.026_part_1.txt_∂Œ1_Material1
[*]C(N(CN(C(OCOC(N(CN(C(OCCO[*])=O)[H])[H])=O)=O)[H])[H])=O,[*]C(C)C[*],,,,95.8,10.4028_www.scientific.net_amr.600.256_part_1.txt_∂Œ1_Material1
[*]CC[*],O=C(C1=CC=C(C=C1)C(OCC[*])=O)O[*],[*]OCC[*],,,132.1,10.4028_www.scientific.net_msf.848.89_part_1.txt_∂Œ1_Material1
OP(O)(O)=O,[*]OCC[*],O=C=NC(C=C1)=CC=C1CC2=CC=C(C=C2)N=C=O,,,95.2,10.1002_mame.201400141_part_2.txt_∂Œ1_Material1
[*]C1C(OC(C(C1O)O)OC2C(OC(C(C2O)O)O[*])CO)CO,[*]C1C(C(C(OC1C(O[Na])=O)OC2C(C(O[Na])=O)OC(O[*])C(O)C2O)O)O,[*]C1C(C(C(OC1C(O[Na])=O)OC2C(C(O[Na])=O)OC(O[*])C(O)C2O)O)O,,,71.9,10.1002_star.201500346_part_1.txt_∂Œ1_Material1
[*]C(C)C[*],[*]C(C=C1)=CC=C1S[*],CC(CC(C(C(O1)=O)CC1=O)[*])C[*],,,111.3,10.4028_www.scientific.net_amr.194-196.1506_part_1.txt_∂Œ1_Material1
[*]C1C(C(C(OC1C(O[Na])=O)OC2C(C(O[Na])=O)OC(O[*])C(O)C2O)O)O,Cl[Ca]Cl,[*]OC(C(C1O)O)OC(COC)C1OC(OC(C(C2O)OC3OC(C(C(C3OC)O)OC4OC(C(C(C4OC)O)[*])COC)CO)COC)C2OCC(OC)C,,,144,10.4103_2230-973x.119215_part_2.txt_∂Œ1_Material1
[*]CC[*],[*]C1C(OC(C(C1O)O)OC2C(OC(C(C2O)O)O[*])CO)CO,OCC(O)CO,,,123.4,10.1515_chem-2019-0064_part_1.txt_∂Œ1_Material1
[*]C(C)C[*],[*]C1C(OC(C(C1O)O)OC2C(OC(C(C2O)O)O[*])CO)CO,[*]C(CCCCCO[*])=O,,,152.98,10.1002_app.48694_part_2.txt_∂Œ1_Material1
[*]C(NC1=C(C)C(NC(OCCO[*])=O)=CC=C1)=O,OC(C(C)(CC(C1=CC=CC=C1)[*])CC(C[*])(C(OCC2CO2)=O)C)=O,O=[Ti]=O,,,220,10.4028_www.scientific.net_kem.773.3_part_2.txt_∂Œ1_Material1
[*]C(C)C[*],OP(O)(O)=O,[*]C(C)C[*],C[N+](CCO)(CCO)[3H],,162.3,10.1007_s10965-017-1289-1_part_2.txt_∂Œ1_Material2
OCC(C(C(C1N)O)O[*])OC1OC2C(OC(C(C2O)N)[*])CO,[*]C([H])([H])C(O)([H])[*],OC1=C2C(C3(O)C4C5C6=C7C8C(C9=CC(C(O)=O)=C(C=C(C=C%10C(O)=O)C%11%12)C(C%11=C%13C%14C%15%16C%17(O%16)C%18C%19=C%20C%21=C%22C(C(O)=C%23)=C%24C%25C%21=C%26C%19=C%27C%17=C%28C%14(O)C%12=C%10C=C%28CC%27=CC%26=CC%25=C(C(O)=O)C=C%24)C9=C7C%13(O)C5=C%15C3=C%18C%29%30C%20(O%30)C%31C%22C%23=C%32)=CC(C(O)=O)=CC8=CC6=C(C(O)=O)C4=C2)=C%29C%33=C%31C%32=C(C(O)=O)C=C%331,,,174.4,10.1515_epoly.2012.12.1.386_part_2.txt_∂Œ1_Material1
[*]C(C=C1)=CC=C1S[*],[H][Si]([H])([H])[H],,,,280,10.1002_pc.23256_part_1.txt_∂Œ1_Material1
[*]C(C)C[*],[H]O[H],,,,167,10.3390_su11061670_part_1.txt_∂Œ1_Material1
O=C([*])CCCCCN[*],[Ag],,,,217.5,10.1007_s12221-018-7711-4_part_1.txt_∂Œ1_Material1
O=C(C1=CC=C(C=C1)C(OCC[*])=O)O[*],[Ag+],[Ag],,,260,10.1007_s10854-024-14194-9_OA_part_1.txt_∂Œ1_Material1
[*]C1C(OC(C(C1O)O)OC2C(OC(C(C2O)O)O[*])CO)CO,O=C([*])C(C)O[*],OC[C@@H]([C@H]([C@@H]([C@@H](CO)O)O)O)O,OCC(O)CO,,150,10.1016_j.carbpol.2019.05.042_part_1.txt_∂Œ1_Material1
[*]C(N(CN(C(OCOC(N(CN(C(OCCO[*])=O)[H])[H])=O)=O)[H])[H])=O,C12=C3C(C=CC4C3=C5C(CC6=CC7=C8C9=C(C(C=C%10)=CC=C9C=C7)C%11=C%10C%12)=CC4)=CC=C1C=C%12C%13=C%11C8=C6C5=C2%13,,,,148.58,10.1002_pc.24760_part_1.txt_∂Œ1_Material1
[*]CC[*],C/C(C[*])=C/C[*],,,,100,10.1016_j.polymertesting.2011.06.006_part_2.txt_∂Œ1_Material1
OP(O)(O)=O,[*]OCCCCOC(CCC([*])=O)=O,,,,160,10.1021_acssuschemeng.5b00646_part_1.txt_∂Œ1_Material1
[*]C(C)C[*],O=C(C1=CC=C(C([*])=O)C=C1)NC2=CCC(N[*])C=C2,,,,160.1,10.1016_j.compositesb.2013.04.065_part_1.txt_∂Œ1_Material1
[*]C(C)C[*],CCO,,,,130,10.1002_app.38284_part_1.txt_∂Œ1_Material1
[*]C(C)C[*],[*]C/C=C/CCC([*])C#N,[C],O=C([O-])[O-].[Ca+2],,160,10.1177_096739111502300808_part_2.txt_∂Œ1_Material1
[*]C(CCCCCO[*])=O,O=[Ti]=O,OC(C(C)(CC(C1=CC=CC=C1)[*])CC(C[*])(C(OCC2CO2)=O)C)=O,,,59,10.1007_s12033-018-0084-5_part_1.txt_∂Œ1_Material1
[*]C(C)C[*],C12=CC3=CC4=CC=CN=C4N=C3N=C1N=C5N=C6N=CC=CC6=CC5=C2,,,,165.5,10.1016_j.radphyschem.2012.06.041_part_1.txt_∂Œ1_Material1
O=C([*])C1=CC=C2C=C(C=CC2=C1)OC(C3=CC=C(C=C3)O[*])=O,[*]C(C=C1)=CC=C1S[*],C12=CC3=CC4=CC=CN=C4N=C3N=C1N=C5N=C6N=CC=CC6=CC5=C2,[*]CC(COC1=CC=C(C=C1)C(C)(C)C2=CC=C(C=C2)O[*])O,O1C(=O)C=CC1=O,280,10.1016_j.compscitech.2018.10.001_part_2.txt_∂Œ1_Material2
O=C([*])C(C)O[*],[*]OCC[*],[*]C([H])([H])C(O)([H])[*],,,145,10.1016_j.ijbiomac.2018.05.214_part_1.txt_∂Œ1_Material1
[*]C([H])([H])C(O)([H])[*],[Ag+],,,,219,10.1016_j.jiec.2019.04.022_part_2.txt_∂Œ1_Material2
O=C([*])CCCCCN[*],[*]CC(COC1=CC=C(C=C1)C(C)(C)C2=CC=C(C=C2)O[*])O,,,,220,10.1080_03602559.2012.671431_part_1.txt_∂Œ1_Material1
OP(O)(O)=O,O=C=NC(C=C1)=CC=C1CC2=CC=C(C=C2)N=C=O,O=C(C1=CC=C(C([*])=O)C=C1)NC2=CCC(N[*])C=C2,,,163.7,10.3390_ma12244043_part_2.txt_∂Œ1_Material2
[*]C1C(O)C(O)C(OC2C(O)C(O)C(O[*])OC2COC(C)=O)OC1COC(C)=O,[*]OCCCCOC(CCC([*])=O)=O,,,,116.9,10.1002_app.45429_part_2.txt_∂Œ1_Material1
O=C([*])CCCCCN[*],[*]NCCCCCCCCCCCC([*])=O,[*]CC(CC[*])O,,,245,10.1016_j.polymdegradstab.2017.07.026_part_3.txt_∂Œ1_Material1
O=C([*])C(C)O[*],[*]C(CCCCCO[*])=O,[*]OC1OC(CO)C(OC2C(O)C(O)C([*])C(CO)O2)C(O)C1O,[H][Si]([H])([H])[H],,171,10.1002_pc.22145_part_2.txt_∂Œ1_Material5
[*]C([C@H](C)OC([C@H](C)O[*])=O)=O,,,,,160,10.21660_2022.96.3491_OA_part_1.txt_∂Œ1_Material1
[*]OCCCCOC(CCC([*])=O)=O,[*]OCC[*],,,,112.87,10.1039_c2py00603k_part_1.txt_∂Œ1_Material1
O=C(C1=CC=C(C=C1)C([*])=O)NC2=CC=C(C=C2)N[*],O=C(C1=CC=C(C=C1)C(OCC[*])=O)O[*],O=C(C1=CC=C(C=C1)C(OCC[*])=O)O[*],,,260,10.4028_www.scientific.net_amr.910.174_part_1.txt_∂Œ1_Material1
O=C([*])CCCCCN[*],OCC1OC(C(C(C1[*])O)O)OC2C(C(C(OC2CO)O[*])O)O,,,,222,10.1002_pc.23587_part_2.txt_∂Œ1_Material1
O=C(C1=CC=C(C=C1)C(OCC[*])=O)O[*],[*]CC[*],[H]O[H],,,255,10.1177_0021998313476561_part_1.txt_∂Œ1_Material1
C/C(C[*])=C/C[*],[*]CCCC(C1C([*])C2CC1C/C2=C/C)C,[Zn]=O,,,135,10.1080_1023666x.2015.1050905_part_2.txt_∂Œ1_Material1
[*]C([H])([H])C(O)([H])[*],[*]C1C(C(C(OC1C(O[Na])=O)OC2C(C(O[Na])=O)OC(O[*])C(O)C2O)O)O,C(CC=O)CC=O,,,191,10.1016_j.memsci.2014.01.034_part_1.txt_∂Œ1_Material3
O=C([*])C(C)O[*],[*]CC(CC)([*])C(OCC1=CC=CC=C1)=O,[*]C(CCCCCO[*])=O,OCC(O)CO,,200,10.1002_app.42297_part_1.txt_∂Œ1_Material1
O=C([*])C(C)O[*],O=C([*])C(C)O[*],,,,170,10.1016_j.compositesa.2018.11.018_part_1.txt_∂Œ1_Material1
O=C([*])CCCCCN[*],[*]CCC(CCCCCC)C[*],,,,220,10.1016_j.compscitech.2010.07.023_part_2.txt_∂Œ1_Material3
[*]C1C(O)C(O)C(OC2C(O)C(O)C(O[*])OC2COCCO)OC1COCCO,O=[Si]=O,[Ag],,,115.7,10.1007_s10570-021-03873-z_part_2.txt_∂Œ1_Material1
[*]C(C)C[*],O=[Mg].O=[Si]=O.O=[Si]=O.O=[Si]=O.O=[Si]=O.O=[Mg].O=[Mg].O,,,,172,10.1016_j.polymer.2012.12.055_part_1.txt_∂Œ1_Material1
[*]C(C)C[*],C/C(C[*])=C/C[*],,,,150,10.1088_1757-899x_957_1_012020_part_1.txt_∂Œ1_Material1
[*]C(CCCCCO[*])=O,[Ca+2],[*]NC(C)C(N1CCCC1C([*])=O)=O,[*]OC1C(C(O)=O)OC(OC2C(NC(C)=O)C([*])OC(CO)C2O)C(O)C1O,,60,10.1021_cm201119q_part_1.txt_∂Œ1_Material1
O=C([*])C(C)O[*],C=C([CH3])C(=O)O[CH3],OCC1OC(C(C(C1[*])O)O)OC2C(C(C(OC2CO)O[*])O)O,,,167.2,10.1007_s10924-016-0775-6_part_2.txt_∂Œ1_Material1
O=C([*])C(C)O[*],O=C([*])C(C)O[*],C=C(C(OCC1CO1)=O)C,,,170,10.1016_j.jmst.2017.03.004_part_2.txt_∂Œ1_Material1
[*]C([H])([H])C(O)([H])[*],OCC1OC(C(C(C1O)O[*])O)OC2C(C(C(OC2COS(=O)(O)=O)[*])NC(C)=O)O,CCCCCCCCCCCCOS([O-])(=O)=O.[Na+],O=C(N)N,,230,10.1038_srep36558_part_2.txt_∂Œ1_Material1
[*]CC[*],O=C1C=CC(O1)=O.C=C,O=C1C=CC(O1)=O.C=C,,,128.72,10.1016_j.indcrop.2018.04.075_part_2.txt_∂Œ1_Material3
OCC(C(C(C1N)O)O[*])OC1OC2C(OC(C(C2O)N)[*])CO,[*]C(CCCCCO[*])=O,,,,63.7,10.1016_j.carbpol.2016.11.056_part_3.txt_∂Œ1_Material1
O=C([*])OC1=CC=C(C=C1)C(C)(C)C2=CC=C(C=C2)O[*],[*]CC[*],,,,135,10.1021_ie303382g_part_2.txt_∂Œ1_Material1
[*]CC[*],[*]CC[*],O=[Al]O[Al]=O.O=[Si]=O.O=[Si]=O.O=[Si]=O,[*]CC[*],,117,10.3139_217.3238_part_2.txt_∂Œ1_Material2
[*]C([H])([H])C(O)([H])[*],O=[Ti]=O,,,,127,10.1007_s10965-015-0657-y_part_2.txt_∂Œ1_Material1
O=C([*])CCCCCN[*],C12=CC3=CC4=CC=CN=C4N=C3N=C1N=C5N=C6N=CC=CC6=CC5=C2,,,,215,10.1016_j.matdes.2014.07.054_part_1.txt_∂Œ1_Material1
[*]C(C1=CC=C(C(OCCCCO[*])=O)C=C1)=O,O=C([*])C1=CC=C2C=C(C=CC2=C1)OC(C3=CC=C(C=C3)O[*])=O,O=[Si]=O,,,232,10.1016_j.matdes.2012.05.052_part_2.txt_∂Œ1_Material4
[*]CCCCOCCCCOCCCCOCCCCO[*],,,,,59.57,10.1039_d5fd00051c_OA_part_1.txt_∂Œ1_Material1
[*]C(C)C[*],[*]CC(C1=CC=CC=C1)[*],[*]CC(CCCC(CC)CC([*])C1=CC=CC=C1)C2=CC=CC=C2,,,167.1,10.1007_s12588-011-9005-1_part_3.txt_∂Œ1_Material4
O=C(C1=CC=C(C=C1)C(OCC[*])=O)O[*],O=[Si]=O,OC(C(C)(CC(C1=CC=CC=C1)[*])CC(C[*])(C(OCC2CO2)=O)C)=O,O=[Ti]=O,,225,10.3390_jcs3020040_part_5.txt_∂Œ1_Material3
[*]CC([*])Cl,O=[Si]=O,OC(C(C)(CC(C1=CC=CC=C1)[*])CC(C[*])(C(OCC2CO2)=O)C)=O,O=[Ti]=O,,210,10.3390_jcs3020040_part_5.txt_∂Œ1_Material2
[*]C(C)C[*],O=[Mg].O=[Si]=O.O=[Si]=O.O=[Si]=O.O=[Si]=O.O=[Mg].O=[Mg].O,[*]CCC(CCCCCC)C[*],[*]C(C)C[*],,160,10.1007_s10924-020-01961-y_part_2.txt_∂Œ1_Material2
O=C([*])C(C)O[*],[*]CC(CCCC(CC)CC([*])C1=CC=CC=C1)C2=CC=CC=C2,,,,156,10.3390_app11136218_part_2.txt_∂Œ1_Material2
[*]C(CCCCCO[*])=O,OCC1OC(C(C(C1[*])O)O)OC2C(C(C(OC2CO)O[*])O)O,O=[Si]=O.O=[Al]O[Al]=O.O=[Si]=O.O=[Si]=O.O=[Si]=O.O,,,60,10.1088_1757-899x_536_1_012040_part_1.txt_∂Œ1_Material1
[*]C(C)C[*],[*]CCCC(CCCCCC)[*],,,,200,10.1177_0095244312465298_part_1.txt_∂Œ1_Material1
OC(C(C)(CC(C1=CC=CC=C1)[*])CC(C[*])(C(OCC2CO2)=O)C)=O,,,,,210,10.1016_j.tetlet.2016.01.069_part_1.txt_∂Œ1_Material1
[*]C(C)C[*],CC(CC(C(C(O1)=O)CC1=O)[*])C[*],OC1=C2C(C3(O)C4C5C6=C7C8C(C9=CC(C(O)=O)=C(C=C(C=C%10C(O)=O)C%11%12)C(C%11=C%13C%14C%15%16C%17(O%16)C%18C%19=C%20C%21=C%22C(C(O)=C%23)=C%24C%25C%21=C%26C%19=C%27C%17=C%28C%14(O)C%12=C%10C=C%28CC%27=CC%26=CC%25=C(C(O)=O)C=C%24)C9=C7C%13(O)C5=C%15C3=C%18C%29%30C%20(O%30)C%31C%22C%23=C%32)=CC(C(O)=O)=CC8=CC6=C(C(O)=O)C4=C2)=C%29C%33=C%31C%32=C(C(O)=O)C=C%331,,,166.11,10.1088_2053-1591_ab422e_part_1.txt_∂Œ1_Material1
[*]C(NC1=C(C)C(NC(OCCO[*])=O)=CC=C1)=O,OCCCCO,,,,41.4,10.1039_c9py00261h_part_1.txt_∂Œ1_Material2
[*]CC(C)(C(OCCO)=O)[*],[*]OCCOC(CC(C([*])=O)C(C1CCCCC1)CC(CC(O)=O)C(OCCO)=O)=O,O=C=NC(C=C1)=CC=C1CC2=CC=C(C=C2)N=C=O,,,140,10.1021_acsami.5b01939_part_4.txt_∂Œ1_Material2
O=C([*])C(C)O[*],C=C(C(OCC1CO1)=O)C,,,,118.1,10.1021_ma101108g_part_1.txt_∂Œ1_Material1
O=C([*])CCCCCN[*],[*]C/C=C/CCC([*])C#N,CCCCCCCCCCCCCCCCCCOC(CCC1=CC(C(C)(C)C)=C(C(C(C)(C)C)=C1)O)=O,,,220,10.1002_app.33044_part_1.txt_∂Œ1_Material1
[*]CC[*],[*]CC[*],[*]CC[*],O=[Ti]=O,,125,10.1002_mren.201300135_part_1.txt_∂Œ1_Material2
O=C([*])C(C)O[*],OCC(C(C(C1N)O)O[*])OC1OC2C(OC(C(C2O)N)[*])CO,[*]C(C)C[*],[*]C(C)C[*],,151.4,10.1002_app.49850_part_2.txt_∂Œ1_Material1
[*]C(NC1=C(C)C(NC(OCCO[*])=O)=CC=C1)=O,O=[Si]=O,OC(C(C)(CC(C1=CC=CC=C1)[*])CC(C[*])(C(OCC2CO2)=O)C)=O,O=[Ti]=O,,220,10.3390_jcs3020040_part_5.txt_∂Œ1_Material1
[*]CC[*],[*]C(CCCCCO[*])=O,[Zn]=O,,,109.7,10.5562_cca2768_part_2.txt_∂Œ1_Material1
[*]CC[*],C=C(C(OCC1CO1)=O)C,[*]OC1OC(CO)C(OC2C(O)C(O)C([*])C(CO)O2)C(O)C1O,,,127.17,10.1002_pc.25755_part_2.txt_∂Œ1_Material3
[*]C(CCCCCO[*])=O,[*]C(N(CN(C(OCOC(N(CN(C(OCCO[*])=O)[H])[H])=O)=O)[H])[H])=O,O=C=NC(C=C1)=CC=C1CC2=CC=C(C=C2)N=C=O,,,45.9,10.4028_www.scientific.net_kem.816.187_part_1.txt_∂Œ1_Material2
[*]C(C)C[*],[*]CC[*],O=[Mg].O=[Si]=O.O=[Si]=O.O=[Si]=O.O=[Si]=O.O=[Mg].O=[Mg].O,,,119.6,10.13005_ojc_320151_part_1.txt_∂Œ1_Material1
[*]C(C)C[*],[*]NCC(NC(C(ONCC(NC(C(NCC(NC(C([*])=O)C)=O)=O)C)=O)=O)CO)=O,,,,163.67,10.1016_j.compositesb.2019.02.044_part_1.txt_∂Œ1_Material1
O=C([*])OC1=CC=C(C=C1)C(C)(C)C2=CC=C(C=C2)O[*],O=[Ti]=O,,,,269,10.4236_oalib.1104229_OA_part_1.txt_∂Œ1_Material1
[*]C(CCCCCO[*])=O,O=C=NC(C=C1)=CC=C1CC2=CC=C(C=C2)N=C=O,,,,33,10.1016_j.eurpolymj.2020.109908_part_2.txt_∂Œ1_Material1
[*]C(C1=CC=C(C(OCCCCO[*])=O)C=C1)=O,[O-][Si]([O-])([O-])O[Si]([O-])([O-])[O-].[Ca+2],,,,227,10.1002_pc.21248_part_2.txt_∂Œ1_Material1
O=C(C1=CC=C(C=C1)C(OCC[*])=O)O[*],O=C(N)N,,,,220,10.1177_1528083718798636_part_2.txt_∂Œ1_Material2
[*]C(C=C1)=CC=C1S[*],[*]CCC(CCCC(CCCC(C[*])C)C)C,OC(C(C)(CC(C1=CC=CC=C1)[*])CC(C[*])(C(OCC2CO2)=O)C)=O,,,97.5,10.1002_app.39610_part_2.txt_∂Œ1_Material1
O=C([*])C(C)O[*],[*]C(CCCCC(OCCCCO[*])=O)=O,OP(O)(O)=O,O=[Mg].O=[Si]=O.O=[Si]=O.O=[Si]=O.O=[Si]=O.O=[Mg].O=[Mg].O,,114,10.3390_polym13050740_part_2.txt_∂Œ1_Material1
[*]C(C)C[*],[*]CCC(CCCCCC)C[*],,,,160,10.1016_j.conbuildmat.2017.07.052_part_1.txt_∂Œ1_Material2
[*]C(C)C[*],[*]CC(C1=CC=CC=C1)[*],[*]CC[*],[*]CC(CCCC(CC)CC([*])C1=CC=CC=C1)C2=CC=CC=C2,[*]CCCC(C1C([*])C2CC1C/C2=C/C)C,167.9,10.14233_ajchem.2024.30711_OA_part_2.txt_∂Œ1_Material1
[*]C(C)C[*],[*]CC[*],C12=CC3=CC4=CC=CN=C4N=C3N=C1N=C5N=C6N=CC=CC6=CC5=C2,,,166.01,10.1007_s12221-017-6371-0_part_1.txt_∂Œ1_Material1
OP(O)(O)=O,[*]CCCC(C(O)=O)[*],O=[Al]O[Al]=O.O=[Si]=O.O=[Si]=O.O=[Si]=O,,,102.92,10.1002_vnl.21485_part_2.txt_∂Œ1_Material1
[*]CC[*],O=C(C1=CC=C(C=C1)C(OCC[*])=O)O[*],[*]CC(C1=CC=CC=C1)[*],,,135.8,10.1002_pat.1567_part_1.txt_∂Œ1_Material3
[*]CC[*],[*]OC1OC(CO)C(OC2C(O)C(O)C([*])C(CO)O2)C(O)C1O,O=[Al]O[Al]=O.O=[Si]=O.O=[Si]=O.O=[Si]=O,,,105,10.1007_s12221-015-0479-x_part_1.txt_∂Œ1_Material1
O=C([*])C(C)O[*],O=[Mg].O=[Si]=O.O=[Si]=O.O=[Si]=O.O=[Si]=O.O=[Mg].O=[Mg].O,,,,167.7,10.1007_s10973-021-10901-4_part_1.txt_∂Œ1_Material1
[*]CC(CCCC(CC)CC([*])C1=CC=CC=C1)C2=CC=CC=C2,[*]CC(CCCC(CC)CC([*])C1=CC=CC=C1)C2=CC=CC=C2,C[N+](CCO)(CCO)[3H],,,190,10.1002_app.48888_part_1.txt_∂Œ1_Material1
[*]O[C@H](C)CC([*])=O,[*]C(CCCCCO[*])=O,,,,38.5,10.1016_j.clay.2012.01.001_part_2.txt_∂Œ1_Material1
C=C([CH3])C(=O)O[CH3],O=C([*])C(C)O[*],,,,200,10.1016_j.polymer.2017.08.047_part_3.txt_∂Œ1_Material1
O=C([*])CCCCCN[*],O=[Al]O[Al]=O.O=[Si]=O.O=[Si]=O.O=[Si]=O,O=[Al]O[Al]=O.O=[Si]=O.O=[Si]=O.O=[Si]=O,,,224,10.1002_app.34796_part_1.txt_∂Œ1_Material1
[*]C(CCCCCO[*])=O,[*]OCCCCOC(CCC([*])=O)=O,CC1(CC(CC(C)(C1)C)N=C=O)CN=C=O,CC1=CC=C(C=C1N=C=O)N=C=O,OCCCCO,59,10.1007_s00289-016-1833-x_part_1.txt_∂Œ1_Material1
[*]NC(C(N1CCCC1C(NCC(N2CC(CC2C(NC(C(NCC([*])=O)=O)CO)=O)O)=O)=O)=O)CCCCN,O=C(C1=COC(C2C(CO)=CCC12)O)OC,,,,97,10.1002_app.40301_part_1.txt_∂Œ1_Material1
O=C([*])CCCCCN[*],[*]C([H])([H])C(O)([H])[*],OC1=C2C(C3(O)C4C5C6=C7C8C(C9=CC(C(O)=O)=C(C=C(C=C%10C(O)=O)C%11%12)C(C%11=C%13C%14C%15%16C%17(O%16)C%18C%19=C%20C%21=C%22C(C(O)=C%23)=C%24C%25C%21=C%26C%19=C%27C%17=C%28C%14(O)C%12=C%10C=C%28CC%27=CC%26=CC%25=C(C(O)=O)C=C%24)C9=C7C%13(O)C5=C%15C3=C%18C%29%30C%20(O%30)C%31C%22C%23=C%32)=CC(C(O)=O)=CC8=CC6=C(C(O)=O)C4=C2)=C%29C%33=C%31C%32=C(C(O)=O)C=C%331,,,221,10.1007_s12588-019-09242-7_part_4.txt_∂Œ1_Material2
[*]C(C)C[*],[*]OC(CC(OC(CC([*])=O)CC)=O)C,[*]CC(CC[*])O,,,145,10.1002_app.37957_part_1.txt_∂Œ1_Material1
O=C([*])C(C)O[*],[*]OC(CC(OC(CC([*])=O)CC)=O)C,[*]C(CCCCCO[*])=O,OCC1OC(C(C(C1[*])O)O)OC2C(C(C(OC2CO)O[*])O)O,,170,10.1016_j.foodhyd.2018.04.045_part_2.txt_∂Œ1_Material1
[*]C(N(CN(C(OCOC(N(CN(C(OCCO[*])=O)[H])[H])=O)=O)[H])[H])=O,O=[Ti]=O,,,,204,10.1002_app.49898_part_2.txt_∂Œ1_Material1
[*]CC[*],C=C([CH3])C(=O)OC([CH3])[CH3],,,,125,10.1002_app.35145_part_1.txt_∂Œ1_Material1
[*]C(C)C[*],O=C(O)CCCCCCCCCCCCCCCCC,,,,165,10.1177_0731684412470015_part_1.txt_∂Œ1_Material1
[*]CC[*],[*]OC(CC(OC(CC([*])=O)CC)=O)C,[*]CC(CC[*])O,,,145,10.1002_app.37957_part_1.txt_∂Œ1_Material2
OC1=C(C=CC=C1CC2=CC=CC([*])=C2O)CC3=CC=CC([*])=C3O,,,,,160,10.1007_s10570-011-9499-x_part_3.txt_∂Œ1_Material4
OCC(C(C(C1N)O)O[*])OC1OC2C(OC(C(C2O)N)[*])CO,OCC(O)CO,,,,162,10.1016_j.carbpol.2010.03.005_part_1.txt_∂Œ1_Material1
O=C([*])C(C)O[*],[*]C(CCCCCO[*])=O,O=[Ti]=O,,,170,10.1061_(asce)gt.1943-5606.0001435_part_2.txt_∂Œ1_Material1
O=C([*])C(C)O[*],[Zn]=O,,,,169,10.3390_molecules26071967_part_2.txt_∂Œ1_Material2
[*]CC[*],[*]C/C=C/CCC([*])C#N,O=[Ti]=O,,,135,10.1177_0892705718761557_part_3.txt_∂Œ1_Material1
O=C([*])C(C)O[*],[Cu]=O,,,,165,10.1002_pc.25182_part_1.txt_∂Œ1_Material2
[*]C1C(OC(C(C1O)O)OC2C(OC(C(C2O)O)O[*])CO)CO,[*]C([H])([H])C(O)([H])[*],O=[Ti]=O,,,206,10.1177_0021998312436998_part_1.txt_∂Œ1_Material1
[*]C(NC1=C(C)C(NC(OCCO[*])=O)=CC=C1)=O,OC(C(C)(CC(C1=CC=CC=C1)[*])CC(C[*])(C(OCC2CO2)=O)C)=O,,,,180,10.1021_acs.biomac.9b01255_part_8.txt_∂Œ1_Material1
[*]C([H])([H])C(O)([H])[*],O=[Si]=O.[Ca]=O,O=[Si]=O,[H]O[H],,230,10.1007_s40999-017-0245-0_part_1.txt_∂Œ1_Material1
OP(O)(O)=O,OCC1OC(C(C(C1[*])O)O)OC2C(C(C(OC2CO)O[*])O)O,,,,113,10.1016_j.carbpol.2018.04.124_part_2.txt_∂Œ1_Material1
[*]C(C)C[*],OCC(C(C(C1N)O)O[*])OC1OC2C(OC(C(C2O)N)[*])CO,CCCCCCCCCCCCOS([O-])(=O)=O.[Na+],,,163,10.1007_s00289-015-1556-4_part_3.txt_∂Œ1_Material1
[*]C(C)C[*],OCC1OC(C(C(C1[*])O)O)OC2C(C(C(OC2CO)O[*])O)O,O=[Ti]=O,,,169.2,10.1016_j.jallcom.2010.09.051_part_1.txt_∂Œ1_Material1
[*]C(C)C[*],[*]C(C)C[*],OC1=C2C(C3(O)C4C5C6=C7C8C(C9=CC(C(O)=O)=C(C=C(C=C%10C(O)=O)C%11%12)C(C%11=C%13C%14C%15%16C%17(O%16)C%18C%19=C%20C%21=C%22C(C(O)=C%23)=C%24C%25C%21=C%26C%19=C%27C%17=C%28C%14(O)C%12=C%10C=C%28CC%27=CC%26=CC%25=C(C(O)=O)C=C%24)C9=C7C%13(O)C5=C%15C3=C%18C%29%30C%20(O%30)C%31C%22C%23=C%32)=CC(C(O)=O)=CC8=CC6=C(C(O)=O)C4=C2)=C%29C%33=C%31C%32=C(C(O)=O)C=C%331,CC1=CC(O)=C(C=C1CCCC(C2=C(C=C(C(C(C)(C)C)=C2)O)C)C3=CC(C(C)(C)C)=C(C=C3C)O)C(C)(C)C,,165.2,10.1007_s00289-018-2609-2_part_1.txt_∂Œ1_Material1
[*]C(C)C[*],[*]CC[*],CC1=CC(O)=C(C=C1CCCC(C2=C(C=C(C(C(C)(C)C)=C2)O)C)C3=CC(C(C)(C)C)=C(C=C3C)O)C(C)(C)C,,,127,10.1002_app.46640_part_1.txt_∂Œ1_Material1
[*]C(C)C[*],O=[Si]=O,O=[Si]=O,,,167.7,10.1007_s00289-017-2173-1_part_1.txt_∂Œ1_Material4
O=C([*])CCCCCN[*],[*]CC[*],[*]CC(CCCC(CC)CC([*])C1=CC=CC=C1)C2=CC=CC=C2,,,219.3,10.1002_pen.23866_part_1.txt_∂Œ1_Material1
OP(O)(O)=O,O=C([*])C(C)O[*],,,,153.6,10.1177_0021998317752227_part_1.txt_∂Œ1_Material1
O=C([*])C(C)O[*],[*]OCCCCOC(CCC([*])=O)=O,[*]C1C(OC(C(C1O)O)OC2C(OC(C(C2O)O)O[*])CO)CO,O=C(O)CCCCCCCCCCCCCCCCC,,150,10.1016_j.compositesb.2019.107384_part_3.txt_∂Œ1_Material1
O=C(O[*])CCCCCCCCCCN[*],[*]CC(CCCC(CC)CC([*])C1=CC=CC=C1)C2=CC=CC=C2,,,,191.6,10.1016_j.eurpolymj.2017.03.008_part_4.txt_∂Œ1_Material3
[*]C([H])([H])C(O)([H])[*],O=C(O[Na])COCC(OC(C(C1O)O)[*])C1OC(C(C(C2O[*])O)O)OC2COCC(O[Na])=O,[Zn]=O,,,221.21,10.3390_nano10091797_part_3.txt_∂Œ1_Material4
[*]CCC(CCCCCC)C[*],[*]C(C)C[*],O=C([O-])[O-].[Ca+2],,,166.8,10.1177_0892705713518797_part_2.txt_∂Œ1_Material1
[*]C(C)C[*],OC(C(CC(O)=O)(CC(O)=O)O)=O,,,,166,10.3390_polym12040929_part_2.txt_∂Œ1_Material3
[*]C(C)C[*],C=C([CH3])C(=O)O[CH3],O=C([O-])[O-].[Ca+2],,,161,10.1007_s13233-013-1049-y_part_2.txt_∂Œ1_Material1
[*]C(C)C[*],O=C([*])CCCCCN[*],[Mg],,,160,10.15282_ijame.8.2013.19.0107_OA_part_3.txt_∂Œ1_Material2
O=C([*])C(C)O[*],OCC1OC(C(C(C1[*])O)O)OC2C(C(C(OC2CO)O[*])O)O,O=[Mg].O=[Si]=O.O=[Si]=O.O=[Si]=O.O=[Si]=O.O=[Mg].O=[Mg].O,,,164,10.1007_s10570-011-9515-1_part_1.txt_∂Œ1_Material1
O=C([*])C(C)O[*],[Mg]=O,,,,145.71,10.3390_molecules26071967_part_2.txt_∂Œ1_Material3
[*]C([H])([H])C(O)([H])[*],OC[C@@H]([C@H]([C@@H]([C@@H](CO)O)O)O)O,,,,167.86,10.1007_s10924-011-0364-7_part_1.txt_∂Œ1_Material1
[*]OCC[*],OCC1OC(OC2C(O)C(O)C(O[*])OC2CO)C(O)C(O)C1[*],[Mg],,,65,10.1208_s12249-019-1528-3_part_1.txt_∂Œ1_Material1
O=C([*])C(C)O[*],[*]C1C(OC(C(C1O)O)OC2C(OC(C(C2O)O)O[*])CO)CO,O1C(=O)C=CC1=O,,,159.17,10.1155_2015_627268_part_2.txt_∂Œ1_Material1
[*]C(CCCCCO[*])=O,[*]C(CCCCCO[*])=O,C=C([CH3])C(=O)OC([CH3])[CH3],[H][O-],,60,10.1002_pat.5367_part_2.txt_∂Œ1_Material1
O=C([*])C(C)O[*],[*]C(NC1=C(C)C(NC(OCCO[*])=O)=CC=C1)=O,,,,180,10.1007_s40033-015-0073-9_part_1.txt_∂Œ1_Material1
[*]CC[*],OCC1OC(C(C(C1[*])O)O)OC2C(C(C(OC2CO)O[*])O)O,O=C1C=CC(O1)=O.C=C,,,170,10.3390_ma14123406_part_1.txt_∂Œ1_Material1
O=C(O[*])CCCCCCCCCCN[*],[*]NCCCCCCCCCCCC([*])=O,,,,174,10.1177_0021998310369580_part_1.txt_∂Œ1_Material1
[*]C(C)C[*],[*]CC(C1=CC=CC=C1)[*],NC1=CC=C(C=C1)/C2=C3C=C/C(N\3)=C(C4=N/C(C=C4)=C(C5=CC=C(N5)/C(C6=CC=CC=C6)=C7N=C2C=C\7)/C8=CC=CC=C8)\C9=CC=CC=C9,OCC1OC(C(C(C1[*])O)O)OC2C(C(C(OC2CO)O[*])O)O,,170,10.1002_pc.23647_part_2.txt_∂Œ1_Material1
[*]O[C@H](C)CC([*])=O,CCOC(=O)C(O)(CC(=O)OCC)CC(=O)OCC,,,,105,10.1002_app.49990_part_2.txt_∂Œ1_Material1
O=C([*])C(C)O[*],C/C(C[*])=C/C[*],C=C([CH3])C(=O)OC([CH3])[CH3],,,129.6,10.1002_app.48297_part_2.txt_∂Œ1_Material1
O=C([*])CCCCCN[*],[Zn]=O,,,,225,10.1002_app.38714_part_1.txt_∂Œ1_Material1
O=C([*])C(C)O[*],[*]C1C(OC(C(C1O)O)OC2C(OC(C(C2O)O)O[*])CO)CO,,,,168.1,10.1016_j.carbpol.2016.03.082_part_6.txt_∂Œ1_Material1
[*]C1C(OC(C(C1O)O)OC2C(OC(C(C2O)O)O[*])CO)CO,[*]C([H])([H])C(O)([H])[*],OC(C(CC(O)=O)(CC(O)=O)O)=O,,,243,10.1088_1755-1315_101_1_012018_part_2.txt_∂Œ1_Material1
[*]C(C)C[*],OC1=C2C(C3(O)C4C5C6=C7C8C(C9=CC(C(O)=O)=C(C=C(C=C%10C(O)=O)C%11%12)C(C%11=C%13C%14C%15%16C%17(O%16)C%18C%19=C%20C%21=C%22C(C(O)=C%23)=C%24C%25C%21=C%26C%19=C%27C%17=C%28C%14(O)C%12=C%10C=C%28CC%27=CC%26=CC%25=C(C(O)=O)C=C%24)C9=C7C%13(O)C5=C%15C3=C%18C%29%30C%20(O%30)C%31C%22C%23=C%32)=CC(C(O)=O)=CC8=CC6=C(C(O)=O)C4=C2)=C%29C%33=C%31C%32=C(C(O)=O)C=C%331,OC1=C2C(C3(O)C4C5C6=C7C8C(C9=CC(C(O)=O)=C(C=C(C=C%10C(O)=O)C%11%12)C(C%11=C%13C%14C%15%16C%17(O%16)C%18C%19=C%20C%21=C%22C(C(O)=C%23)=C%24C%25C%21=C%26C%19=C%27C%17=C%28C%14(O)C%12=C%10C=C%28CC%27=CC%26=CC%25=C(C(O)=O)C=C%24)C9=C7C%13(O)C5=C%15C3=C%18C%29%30C%20(O%30)C%31C%22C%23=C%32)=CC(C(O)=O)=CC8=CC6=C(C(O)=O)C4=C2)=C%29C%33=C%31C%32=C(C(O)=O)C=C%331,,,162,10.3390_ma9040240_part_2.txt_∂Œ1_Material1
[*]CC[*],[*]C(C)C[*],O=C([O-])[O-].[Ca+2],,,166.3,10.1177_0892705713518797_part_2.txt_∂Œ1_Material2
[*]C(C)C[*],O=[Al]O[Al]=O.O=[Si]=O.O=[Si]=O.O=[Si]=O,[*]C(C)C[*],,,162.8,10.3390_polym11101557_part_2.txt_∂Œ1_Material3
O=C([*])C(C)O[*],[*]C1C(OC(C(C1O)O)OC2C(OC(C(C2O)O)O[*])CO)CO,C12=C3C(C=CC4C3=C5C(CC6=CC7=C8C9=C(C(C=C%10)=CC=C9C=C7)C%11=C%10C%12)=CC4)=CC=C1C=C%12C%13=C%11C8=C6C5=C2%13,,,130,10.1007_s13726-019-00731-5_part_1.txt_∂Œ1_Material4
[*]C([H])([H])C(O)([H])[*],OC1C(C(OC(C1O)OC2C(OC(C(C2O)O)OC3C(C(C(OC3C(OC)=O)OC4C(OC(C(C4O)O)[*])C(O)=O)O)O)C(OC)=O)C(O)=O)O[*],Cl[Ca]Cl,,,225,10.1002_app.50360_part_2.txt_∂Œ1_Material1
[*]CC(C)(C(OCCO)=O)[*],,,,,105,10.1021_acsami.5b01939_part_3.txt_∂Œ1_Material2
[*]C(C)C[*],[Zn]=O,,,,139.4,10.1016_j.compscitech.2013.03.020_part_1.txt_∂Œ1_Material1
OCC1OC(C(C(C1O[*])O)O)[*],[*]C(N(CN(C(OCOC(N(CN(C(OCCO[*])=O)[H])[H])=O)=O)[H])[H])=O,,,,212,10.1007_s10570-011-9623-y_part_1.txt_∂Œ1_Material1
[*]C(C)C[*],C12=C3C(C=CC4C3=C5C(CC6=CC7=C8C9=C(C(C=C%10)=CC=C9C=C7)C%11=C%10C%12)=CC4)=CC=C1C=C%12C%13=C%11C8=C6C5=C2%13,O=[Si]=O,O=[Si]=O,,143,10.1002_pen.24356_part_1.txt_∂Œ1_Material2
[*]C(C)C[*],[*]C([C@H](C)OC([C@H](C)O[*])=O)=O,C=C(C(OCC1CO1)=O)C,OC1=C2C(C3(O)C4C5C6=C7C8C(C9=CC(C(O)=O)=C(C=C(C=C%10C(O)=O)C%11%12)C(C%11=C%13C%14C%15%16C%17(O%16)C%18C%19=C%20C%21=C%22C(C(O)=C%23)=C%24C%25C%21=C%26C%19=C%27C%17=C%28C%14(O)C%12=C%10C=C%28CC%27=CC%26=CC%25=C(C(O)=O)C=C%24)C9=C7C%13(O)C5=C%15C3=C%18C%29%30C%20(O%30)C%31C%22C%23=C%32)=CC(C(O)=O)=CC8=CC6=C(C(O)=O)C4=C2)=C%29C%33=C%31C%32=C(C(O)=O)C=C%331,,170,10.1007_s00396-017-4225-3_part_2.txt_∂Œ1_Material1
[*]C(CCCCCO[*])=O,C/C(C[*])=C/C[*],OC1=C2C(C3(O)C4C5C6=C7C8C(C9=CC(C(O)=O)=C(C=C(C=C%10C(O)=O)C%11%12)C(C%11=C%13C%14C%15%16C%17(O%16)C%18C%19=C%20C%21=C%22C(C(O)=C%23)=C%24C%25C%21=C%26C%19=C%27C%17=C%28C%14(O)C%12=C%10C=C%28CC%27=CC%26=CC%25=C(C(O)=O)C=C%24)C9=C7C%13(O)C5=C%15C3=C%18C%29%30C%20(O%30)C%31C%22C%23=C%32)=CC(C(O)=O)=CC8=CC6=C(C(O)=O)C4=C2)=C%29C%33=C%31C%32=C(C(O)=O)C=C%331,,,57,10.1007_s00289-010-0376-9_part_1.txt_∂Œ1_Material1
[*]CC[*],[*]CC[*],[*]C1C(OC(C(C1O)O)OC2C(OC(C(C2O)O)O[*])CO)CO,,,120,10.1016_j.carbpol.2015.12.057_part_3.txt_∂Œ1_Material1
O=C([*])C(C)O[*],[*]C(CCCCC(OCCCCO[*])=O)=O,,,,168.9,10.1016_j.polymer.2018.05.037_part_3.txt_∂Œ1_Material1
O=C([*])C(C)O[*],O=C([*])OC1=CC=C(C=C1)C(C)(C)C2=CC=C(C=C2)O[*],O=[Si]=O,,,150.5,10.1002_fam.2696_part_1.txt_∂Œ1_Material5
[*]C([H])([H])C(O)([H])[*],O=C(O[Na])COCC(OC(C(C1O)O)[*])C1OC(C(C(C2O[*])O)O)OC2COCC(O[Na])=O,OC(C(CC(O)=O)(CC(O)=O)O)=O,OCC(O)CO,,280,10.1007_s00289-021-03762-2_part_3.txt_∂Œ1_Material1
[*]O[C@H](C)CC([*])=O,CCCCCCCCCCCCCCCCCCOC(CCC1=CC(C(C)(C)C)=C(C(C(C)(C)C)=C1)O)=O,,,,168,10.1002_app.49713_part_2.txt_∂Œ1_Material1
[*]C(C)C[*],[Mg],O=[Al]O[Al]=O.O=[Si]=O.O=[Si]=O.O=[Si]=O,,,161.7,10.1002_pc.24926_part_2.txt_∂Œ1_Material1
C/C(C[*])=C/C[*],[*]C(C)C[*],O=[Si]=O,,,155.2,10.1002_pc.22331_part_2.txt_∂Œ1_Material1
O=S(C(C=C1)=CC=C1OC(C=C2)=CC=C2C(C)(C)C(C=C3)=CC=C3O[*])(C4=CC=C([*])C=C4)=O,OP(O)(O)=O,[*]OCC[*],[*][C@H]1[C@H](O)[C@@H](O)[C@H](OC2C(O)C(OC(C)=O)C(O[*])OC2CO)O[C@@H]1CO,,120,10.1080_19443994.2015.1084597_part_3.txt_∂Œ1_Material2
O=C([*])C(C)O[*],[*]NC(C(N1CCCC1C(NCC(N2CC(CC2C(NC(C(NCC([*])=O)=O)CO)=O)O)=O)=O)=O)CCCCN,,,,168.2,10.1016_j.compositesb.2020.108467_part_4.txt_∂Œ1_Material1
[*]C(C)C[*],[*]CC[*],OC1=C2C(C3(O)C4C5C6=C7C8C(C9=CC(C(O)=O)=C(C=C(C=C%10C(O)=O)C%11%12)C(C%11=C%13C%14C%15%16C%17(O%16)C%18C%19=C%20C%21=C%22C(C(O)=C%23)=C%24C%25C%21=C%26C%19=C%27C%17=C%28C%14(O)C%12=C%10C=C%28CC%27=CC%26=CC%25=C(C(O)=O)C=C%24)C9=C7C%13(O)C5=C%15C3=C%18C%29%30C%20(O%30)C%31C%22C%23=C%32)=CC(C(O)=O)=CC8=CC6=C(C(O)=O)C4=C2)=C%29C%33=C%31C%32=C(C(O)=O)C=C%331,,,132.5,10.1002_pat.3135_part_1.txt_∂Œ1_Material1
[*]C([H])([H])C(O)([H])[*],[*]C1C(OC(C(C1O)O)OC2C(OC(C(C2O)O)O[*])CO)CO,C12=C3C(C=CC4C3=C5C(CC6=CC7=C8C9=C(C(C=C%10)=CC=C9C=C7)C%11=C%10C%12)=CC4)=CC=C1C=C%12C%13=C%11C8=C6C5=C2%13,,,208,10.1002_pc.25708_part_1.txt_∂Œ1_Material1
O=C(C1=CC=C(C=C1)C(OCC[*])=O)O[*],[*]OC1C(O)C(O)C(OC2C(CO)OC([*])C(O)C2O)OC1CO,OCC(O)CO,,,241,10.1016_j.compositesb.2011.01.022_part_1.txt_∂Œ1_Material1
[*]C(CCCCCO[*])=O,[Na+].[Cl-],O=C(OOC(=O)C1=CC=CC=C1)C1=CC=CC=C1,,,31.1,10.1007_s10965-016-1044-z_part_2.txt_∂Œ1_Material1
OCC1OC(C(C(C1[*])O)O)OC2C(C(C(OC2CO)O[*])O)O,OC(C(C)(CC(C1=CC=CC=C1)[*])CC(C[*])(C(OCC2CO2)=O)C)=O,,,,170,10.1007_s10570-015-0798-5_part_6.txt_∂Œ1_Material1
O=C([*])C(C)O[*],[*]C(CCCCCO[*])=O,[*]CCCC([*])C(OC)=O,,,169.5,10.3390_polym11050771_part_2.txt_∂Œ1_Material1
OCC1OC(OC2C(O)C(O)C(O[*])OC2CO)C(O)C(O)C1[*],[*]C(C)C[*],O1C(=O)C=CC1=O,,,130,10.1016_j.carbpol.2016.01.020_part_1.txt_∂Œ1_Material1
[*]CC[*],OC1=C2C(C3(O)C4C5C6=C7C8C(C9=CC(C(O)=O)=C(C=C(C=C%10C(O)=O)C%11%12)C(C%11=C%13C%14C%15%16C%17(O%16)C%18C%19=C%20C%21=C%22C(C(O)=C%23)=C%24C%25C%21=C%26C%19=C%27C%17=C%28C%14(O)C%12=C%10C=C%28CC%27=CC%26=CC%25=C(C(O)=O)C=C%24)C9=C7C%13(O)C5=C%15C3=C%18C%29%30C%20(O%30)C%31C%22C%23=C%32)=CC(C(O)=O)=CC8=CC6=C(C(O)=O)C4=C2)=C%29C%33=C%31C%32=C(C(O)=O)C=C%331,[H][Si]([H])([H])[H],,,127,10.1002_pc.22753_part_1.txt_∂Œ1_Material1
O=C([*])C(C)O[*],[*]NCC(NC(C(ONCC(NC(C(NCC(NC(C([*])=O)C)=O)=O)C)=O)=O)CO)=O,,,,168.4,10.3144_expresspolymlett.2020.76_part_3.txt_∂Œ1_Material1
[*]CC([*])Cl,[*]C(NC1=C(C)C(NC(OCCO[*])=O)=CC=C1)=O,,,,99.85000000000002,10.1177_0307174x1203900107_part_1.txt_∂Œ1_Material1
O=C(C1=CC=C(C=C1)C(OCC[*])=O)O[*],C[N+](CCO)(CCO)[3H],,,,244.9,10.1002_app.44779_part_2.txt_∂Œ1_Material1
[*]C(CCCCCO[*])=O,OCC(C(C(C1N)O)O[*])OC1OC2C(OC(C(C2O)N)[*])CO,[*]OC1C(C(O)=O)OC(OC2C(NC(C)=O)C([*])OC(CO)C2O)C(O)C1O,[*]C1C(C(C(OC1C(O[Na])=O)OC2C(C(O[Na])=O)OC(O[*])C(O)C2O)O)O,,150,10.1002_app.50253_part_1.txt_∂Œ1_Material1
[*]NC(C(N1CCCC1C(NCC(N2CC(CC2C(NC(C(NCC([*])=O)=O)CO)=O)O)=O)=O)=O)CCCCN,OCC(C(C(C1N)O)O[*])OC1OC2C(OC(C(C2O)N)[*])CO,OCC(O)CO,OC[C@@H]([C@H]([C@@H]([C@@H](CO)O)O)O)O,,53,10.1016_j.foodhyd.2011.01.007_part_1.txt_∂Œ1_Material1
[*]C1C(OC(C(C1O)O)OC2C(OC(C(C2O)O)O[*])CO)CO,[*]C(CCCCCO[*])=O,OCC(O)CO,[Mg],,58,10.1016_j.fpsl.2015.04.001_part_1.txt_∂Œ1_Material1
[*]C([H])([H])C(O)([H])[*],[*]C([H])([H])C(O)([H])[*],OCC(O)CO,,,176.5,10.1007_s00396-011-2556-z_part_1.txt_∂Œ1_Material1
[*]CC[*],[Al],,,,93.7,10.4028_www.scientific.net_amr.380.209_part_1.txt_∂Œ1_Material1
[*]CC[*],[*]C1C(OC(C(C1O)O)OC2C(OC(C(C2O)O)O[*])CO)CO,OC1=C2C(C3(O)C4C5C6=C7C8C(C9=CC(C(O)=O)=C(C=C(C=C%10C(O)=O)C%11%12)C(C%11=C%13C%14C%15%16C%17(O%16)C%18C%19=C%20C%21=C%22C(C(O)=C%23)=C%24C%25C%21=C%26C%19=C%27C%17=C%28C%14(O)C%12=C%10C=C%28CC%27=CC%26=CC%25=C(C(O)=O)C=C%24)C9=C7C%13(O)C5=C%15C3=C%18C%29%30C%20(O%30)C%31C%22C%23=C%32)=CC(C(O)=O)=CC8=CC6=C(C(O)=O)C4=C2)=C%29C%33=C%31C%32=C(C(O)=O)C=C%331,,,162.5,10.1177_0967391120976270_part_2.txt_∂Œ1_Material3
OP(O)(O)=O,[*]OCCCCOC(CCC([*])=O)=O,[*]OCCCCOC(CCC([*])=O)=O,,,114.1,10.1007_s10924-012-0516-4_part_2.txt_∂Œ1_Material4
[*]C(C)C[*],[*]CC[*],O=C([*])C(C)O[*],O=[Al]O[Al]=O.O=[Si]=O.O=[Si]=O.O=[Si]=O,,165.9,10.1007_s10924-020-01840-6_part_1.txt_∂Œ1_Material1
OP(O)(O)=O,[*]NCC(NC(C(ONCC(NC(C(NCC(NC(C([*])=O)C)=O)=O)C)=O)=O)CO)=O,OCC1OC(C(C(C1[*])O)O)OC2C(C(C(OC2CO)O[*])O)O,,,114,10.4188_jte.57.1_part_1.txt_∂Œ1_Material1
O=C(C1=CC=C(C=C1)C(OCC[*])=O)O[*],[*]CC[*],CCCCCCCCCCCCOS([O-])(=O)=O.[Na+],,,200.39,10.1016_j.arabjc.2015.10.005_part_2.txt_∂Œ1_Material1
[*]NC(C(N1CCCC1C(NCC(N2CC(CC2C(NC(C(NCC([*])=O)=O)CO)=O)O)=O)=O)=O)CCCCN,OCC(O)CO,CCCCCCCCCCCCOS([O-])(=O)=O.[Na+],,,132.02,10.1155_2015_763931_part_1.txt_∂Œ1_Material1
O=C([*])OC1=CC=C(C=C1)C(C)(C)C2=CC=C(C=C2)O[*],NC1=NC2=C(N=CN2C2O[C@H](COP(=O)(O)OP(=O)(O)O)[C@H](O)[C@@H]2O)C(=O)N1,,,,240,10.1016_j.compscitech.2019.107862_part_2.txt_∂Œ1_Material1
[*]OCCCCOC(CCC([*])=O)=O,[*]OCCCCOC(CCC([*])=O)=O,,,,115,10.1007_s12649-019-00591-3_part_2.txt_∂Œ1_Material1
[*]C([C@H](C)OC([C@H](C)O[*])=O)=O,[*]O[C@@]([H])(C)C(O[C@](C)([H])C([*])=O)=O,,,,176.7,10.1002_app.48970_part_2.txt_∂Œ1_Material1
[*]CC(C1=CC=CC=C1)[*],[*]C(C)C[*],[*]C([H])([H])C(O)([H])[*],,,165,10.3390_ma12182923_part_2.txt_∂Œ1_Material1
O=C([*])C(C)O[*],O=C([*])C(C)O[*],OCC1OC(C(C(C1[*])O)O)OC2C(C(C(OC2CO)O[*])O)O,,,156.2,10.1515_polyeng-2017-0059_part_1.txt_∂Œ1_Material1
CC(C=C([*])C=C1C)=C1O[*],[*]CC(C1=CC=CC=C1)[*],O=C([*])CCCCCN[*],C=C([CH3])C(=O)OC([CH3])[CH3],,213.13,10.1177_0967391120949490_part_2.txt_∂Œ1_Material1
[*]C([C@H](C)OC([C@H](C)O[*])=O)=O,[*]C(N(CN(C(OCOC(N(CN(C(OCCO[*])=O)[H])[H])=O)=O)[H])[H])=O,[*]O[C@@]([H])(C)C(O[C@](C)([H])C([*])=O)=O,,,160,10.1021_acssuschemeng.5b00816_part_2.txt_∂Œ1_Material1
O=C([*])C(C)O[*],[*]CCCC([*])OC(C)=O,O=[Si]=O,,,154.97,10.1016_j.polymertesting.2020.106735_part_2.txt_∂Œ1_Material2
[*]CC([*])Cl,[*]C1C(OC(C(C1O)O)OC2C(OC(C(C2O)O)O[*])CO)CO,O=C(O)CCCCCCCCCCCCCCCCC,,,180,10.1002_pen.25761_part_1.txt_∂Œ1_Material1
O=C([*])C(C)O[*],[*]CCCC([*])OC(C)=O,O=[Ti]=O,,,170,10.1007_s10924-021-02220-4_part_3.txt_∂Œ1_Material1
O=C(O[Na])COCC(OC(C(C1O)O)[*])C1OC(C(C(C2O[*])O)O)OC2COCC(O[Na])=O,[*]C([H])([H])C(O)([H])[*],,,,240,10.1007_s00289-017-2067-2_part_4.txt_∂Œ1_Material2
O=C([*])C(C)O[*],O=C(C1=CC=C(C=C1)C([*])=O)NC2=CC=C(C=C2)N[*],,,,145,10.1177_1528083717720204_part_1.txt_∂Œ1_Material1
[*]C(CCCCCO[*])=O,[*]CCC(CCCC(CCCC(C[*])C)C)C,C12=C3C(C=CC4C3=C5C(CC6=CC7=C8C9=C(C(C=C%10)=CC=C9C=C7)C%11=C%10C%12)=CC4)=CC=C1C=C%12C%13=C%11C8=C6C5=C2%13,,,58,10.3390_ma6104489_part_3.txt_∂Œ1_Material2
[*]C(C)C[*],NC1=CC=C(C=C1)/C2=C3C=C/C(N\3)=C(C4=N/C(C=C4)=C(C5=CC=C(N5)/C(C6=CC=CC=C6)=C7N=C2C=C\7)/C8=CC=CC=C8)\C9=CC=CC=C9,O=[Si]=O,,,200,10.1177_0021998314568576_part_1.txt_∂Œ1_Material2
[*]CCC(CCCC(CCCC(C[*])C)C)C,[*]CC(C#N)[*],[*]CC(C#N)[*],,,150,10.1002_pc.24903_part_2.txt_∂Œ1_Material2
[*]C([C@H](C)OC([C@H](C)O[*])=O)=O,[*]C1C(OC(C(C1O)O)OC2C(OC(C(C2O)O)O[*])CO)CO,OC1=C2C(C3(O)C4C5C6=C7C8C(C9=CC(C(O)=O)=C(C=C(C=C%10C(O)=O)C%11%12)C(C%11=C%13C%14C%15%16C%17(O%16)C%18C%19=C%20C%21=C%22C(C(O)=C%23)=C%24C%25C%21=C%26C%19=C%27C%17=C%28C%14(O)C%12=C%10C=C%28CC%27=CC%26=CC%25=C(C(O)=O)C=C%24)C9=C7C%13(O)C5=C%15C3=C%18C%29%30C%20(O%30)C%31C%22C%23=C%32)=CC(C(O)=O)=CC8=CC6=C(C(O)=O)C4=C2)=C%29C%33=C%31C%32=C(C(O)=O)C=C%331,,,150.6,10.1002_mame.201200111_part_1.txt_∂Œ1_Material1
[*]CC[*],[Ti](OCCCC)(OCCCC)(OCCCC)OCCCC,,,,131.2,10.1002_app.42073_part_2.txt_∂Œ1_Material1
[*]C(CCCCCO[*])=O,CC[C@H](C)[C@H](NC(=O)[C@H](CC(C)C)NC(C)=O)C(=O)NCC(=O)N[C@H](C(=O)N1CCC[C@H]1C(=O)NC)C(C)C,[Na+].[Cl-],C(CC=O)CC=O,,60,10.1016_j.supflu.2011.06.010_part_1.txt_∂Œ1_Material1
[*]CC[*],O=C([*])C(C)O[*],O=[Ti]=O,,,160,10.1016_j.compscitech.2018.11.028_part_5.txt_∂Œ1_Material2
O=C([*])C(C)O[*],OP(O)(O)=O,[*]OCC[*],OC1=C2C(C3(O)C4C5C6=C7C8C(C9=CC(C(O)=O)=C(C=C(C=C%10C(O)=O)C%11%12)C(C%11=C%13C%14C%15%16C%17(O%16)C%18C%19=C%20C%21=C%22C(C(O)=C%23)=C%24C%25C%21=C%26C%19=C%27C%17=C%28C%14(O)C%12=C%10C=C%28CC%27=CC%26=CC%25=C(C(O)=O)C=C%24)C9=C7C%13(O)C5=C%15C3=C%18C%29%30C%20(O%30)C%31C%22C%23=C%32)=CC(C(O)=O)=CC8=CC6=C(C(O)=O)C4=C2)=C%29C%33=C%31C%32=C(C(O)=O)C=C%331,,150,10.3390_polym11071193_part_1.txt_∂Œ1_Material1
[*]CC[*],CC1=CC(O)=C(C=C1CCCC(C2=C(C=C(C(C(C)(C)C)=C2)O)C)C3=CC(C(C)(C)C)=C(C=C3C)O)C(C)(C)C,,,,125,10.1016_j.polymdegradstab.2014.06.013_part_3.txt_∂Œ1_Material1
[*]/C=C\CC/C=C\CC(CC([*])C1=CC=CC=C1)C2=CC=CC=C2,C[Si](O[*])(C)[*],C[Si](O[*])(C)[*],,,120,10.4028_www.scientific.net_kem.669.44_part_2.txt_∂Œ1_Material1
[*]C(CCCCCO[*])=O,[Na+].[Cl-],,,,60,10.1016_j.mfglet.2019.11.006_part_1.txt_∂Œ1_Material1
[*]C(C)C[*],NC1=CC=C(C=C1)/C2=C3C=C/C(N\3)=C(C4=N/C(C=C4)=C(C5=CC=C(N5)/C(C6=CC=CC=C6)=C7N=C2C=C\7)/C8=CC=CC=C8)\C9=CC=CC=C9,NC1=NC2=C(N=CN2C2O[C@H](COP(=O)(O)OP(=O)(O)O)[C@H](O)[C@@H]2O)C(=O)N1,,,159.8,10.1016_j.synthmet.2015.12.011_part_2.txt_∂Œ1_Material1
O=C([*])C(C)O[*],[*]C(CCCCCO[*])=O,C/C(C[*])=C/C[*],,,150.77,10.1007_s10924-017-1121-3_part_2.txt_∂Œ1_Material1
[*]C(CCCCCO[*])=O,[*]C(NC1=C(C)C(NC(OCCO[*])=O)=CC=C1)=O,C[N+](CCO)(CCO)[3H],,,40,10.1002_pc.22191_part_1.txt_∂Œ1_Material1
[*]C(N(CN(C(OCOC(N(CN(C(OCCO[*])=O)[H])[H])=O)=O)[H])[H])=O,[*]C(C)C[*],O=[Mg].O=[Si]=O.O=[Si]=O.O=[Si]=O.O=[Si]=O.O=[Mg].O=[Mg].O,,,143.1,10.1177_0095244312458602_part_1.txt_∂Œ1_Material1
[*]C(C)C[*],[*]C(NC1=C(C)C(NC(OCCO[*])=O)=CC=C1)=O,,,,160,10.1002_app.33611_part_1.txt_∂Œ1_Material1
[*]OCCCCOC(CCC([*])=O)=O,OCC1OC(C(C(C1[*])O)O)OC2C(C(C(OC2CO)O[*])O)O,,,,95,10.1016_j.carbpol.2015.07.078_part_1.txt_∂Œ1_Material1
OC1=C2C(C3(O)C4C5C6=C7C8C(C9=CC(C(O)=O)=C(C=C(C=C%10C(O)=O)C%11%12)C(C%11=C%13C%14C%15%16C%17(O%16)C%18C%19=C%20C%21=C%22C(C(O)=C%23)=C%24C%25C%21=C%26C%19=C%27C%17=C%28C%14(O)C%12=C%10C=C%28CC%27=CC%26=CC%25=C(C(O)=O)C=C%24)C9=C7C%13(O)C5=C%15C3=C%18C%29%30C%20(O%30)C%31C%22C%23=C%32)=CC(C(O)=O)=CC8=CC6=C(C(O)=O)C4=C2)=C%29C%33=C%31C%32=C(C(O)=O)C=C%331,OCC1OC(C(C(C1[*])O)O)OC2C(C(C(OC2CO)O[*])O)O,,,,70,10.1208_s12249-019-1565-y_part_1.txt_∂Œ1_Material1
O=C([*])CCCCCN[*],[*]CC(CC)([*])C(OCC1=CC=CC=C1)=O,[*]C(C1=CC=CC=C1)CC2C(OC(C2[*])=O)=O,[*]C(C1=CC=CC=C1)CC2C(OC(C2[*])=O)=O,,186,10.1007_s10965-018-1684-2_part_1.txt_∂Œ1_Material1
O=C([*])C(C)O[*],[*]CC[*],O=C([O-])[O-].[Ca+2],O=[Ti]=O,,177,10.1002_pen.25124_part_2.txt_∂Œ1_Material2
[*]C([H])([H])C(O)([H])[*],OCC(C(C(C1N)O)O[*])OC1OC2C(OC(C(C2O)N)[*])CO,,,,210,10.1002_app.46188_part_1.txt_∂Œ1_Material2
O=C([*])C(C)O[*],O=C([O-])[O-].[Ca+2],O=[Ti]=O,,,177,10.1002_pen.25124_part_2.txt_∂Œ1_Material1
[*]C1C(C(C(OC1C(O[Na])=O)OC2C(C(O[Na])=O)OC(O[*])C(O)C2O)O)O,,,,,48,10.1016_j.polymer.2016.08.022_part_3.txt_∂Œ1_Material1
[*]CCCC([*])OC(C)=O,[*]C(CCCCCO[*])=O,C[N+](CCO)(CCO)[3H],,,58,10.1007_s10904-011-9460-3_part_1.txt_∂Œ1_Material1
[*]CC([*])Cl,C=C([CH3])C(=O)O[CH3],[Cu]=O,,,170,10.1016_j.polymer.2020.122911_part_8.txt_∂Œ1_Material1
O=C([*])CCCCCN[*],[*]C(C)C[*],O=[Al]O[Al]=O.O=[Si]=O.O=[Si]=O.O=[Si]=O,,,218,10.1007_s12221-018-7839-2_part_2.txt_∂Œ1_Material1
[*]C([C@H](C)OC([C@H](C)O[*])=O)=O,[*]C([C@H](C)OC([C@H](C)O[*])=O)=O,,,,177.8,10.1002_pen.24345_part_2.txt_∂Œ1_Material1
FC(F)([*])C([H])([*])[H],C[Si](C)(C[*])O[*],[Ag],,,120,10.1016_j.sna.2017.03.025_part_5.txt_∂Œ1_Material1
O=C(C1=CC=C(C=C1)C(OCC[*])=O)O[*],[*]OCC[*],,,,250,10.1080_19443994.2015.1120688_part_1.txt_∂Œ1_Material1
O=C(C1=CC=C(C=C1)C(OCC[*])=O)O[*],O=C([*])OC1=CC=C(C=C1)C(C)(C)C2=CC=C(C=C2)O[*],[*]CCCC(C1C([*])C2CC1C/C2=C/C)C,O=C=NC(C=C1)=CC=C1CC2=CC=C(C=C2)N=C=O,,194.4,10.1002_app.32532_part_1.txt_∂Œ1_Material1
O=C([*])C(C)O[*],O=C(CCCCC(NCCCCCCCCCCN[*])=O)[*],[*]CC(COC1=CC=C(C=C1)C(C)(C)C2=CC=C(C=C2)O[*])O,,,224,10.1002_app.39473_part_2.txt_∂Œ1_Material1
[*]C(C)C[*],[*]CC(C1=CC=CC=C1)C/C=C/C[*],,,,140,10.3390_polym11010029_part_2.txt_∂Œ1_Material1
[*]CC[*],[*]C1C(OC(C(C1O)O)OC2C(OC(C(C2O)O)O[*])CO)CO,OC(C(CC(O)=O)(CC(O)=O)O)=O,,,110,10.34302_crpjfst_2020.12.5.1_OA_part_4.txt_∂Œ1_Material1
O=C([*])OC1=CC=C(C=C1)C(C)(C)C2=CC=C(C=C2)O[*],[*]CC(CC=CCC([*])C1=CC=CC=C1)C#N,C=C(C(OCC1CO1)=O)C,,,230,10.1002_app.46450_part_1.txt_∂Œ1_Material2
OP(O)(O)=O,[*]C1C(OC(C(C1O)O)OC2C(OC(C(C2O)O)O[*])CO)CO,OC(CO)CO,,,110.6,10.4028_www.scientific.net_amr.557-559.1121_part_1.txt_∂Œ1_Material1
[*]O[C@H](C)CC([*])=O,OCC1OC(C(C(C1[*])O)O)OC2C(C(C(OC2CO)O[*])O)O,,,,175,10.1007_s10570-018-1729-z_part_3.txt_∂Œ1_Material2
O=C([*])C(C)O[*],[*]CCC(CCCCCC)C[*],,,,122.8,10.1002_pen.24171_part_2.txt_∂Œ1_Material1
[*]C(NC1=C(C)C(NC(OCCO[*])=O)=CC=C1)=O,[Li]Cl,,,,49,10.1007_s00289-015-1342-3_part_2.txt_∂Œ1_Material5
[*]C(C)C[*],[*]C(C)C[*],O=[Al]O[Al]=O.O=[Si]=O.O=[Si]=O.O=[Si]=O,,,128,10.1002_app.34209_part_3.txt_∂Œ1_Material2
[*]OCCCCOC(CCC([*])=O)=O,O=[Zr]=O,,,,167,10.3390_polym13010079_part_1.txt_∂Œ1_Material1
[*]C([H])([H])C(O)([H])[*],C(CC=O)CC=O,OC(C(CC(O)=O)(CC(O)=O)O)=O,,,176,10.1016_j.reactfunctpolym.2021.104873_part_1.txt_∂Œ1_Material3
FC(F)([*])C([H])([*])[H],[*]C([H])([H])C(O)([H])[*],,,,165,10.1088_1748-605x_ab5509_part_5.txt_∂Œ1_Material2
O=C(CCCCC(N(CCCCCCN([*])[H])[H])=O)[*],[*]CC[*],,,,263,10.1002_mame.201700276_part_2.txt_∂Œ1_Material2
[*]O[C@H](C)CC([*])=O,O=[Ti]=O,,,,150,10.1002_pi.4616_part_2.txt_∂Œ1_Material1
[*]C(C)C[*],FC(F)([*])C([H])([*])[H],O=[Si]=O,,,168,10.1007_s10853-014-8401-2_part_1.txt_∂Œ1_Material1
[*]CC[*],O=[Al]O[Al]=O.O=[Si]=O.O=[Si]=O.O=[Si]=O,O=C1C=CC(O1)=O.C=C,,,120,10.1177_8756087913494083_part_2.txt_∂Œ1_Material1
[*]C([H])([H])C(O)([H])[*],C=C([CH3])C(=O)OC([CH3])[CH3],,,,189.7,10.1002_pc.22482_part_2.txt_∂Œ1_Material5
[*]C(C)C[*],[*]CC(O)COC(CCCCCCCCC(O[*])=O)=O,O=[Si]=O,,,165,10.1002_app.45887_part_2.txt_∂Œ1_Material3
O=C(C1=CC=C(C=C1)C(OCC[*])=O)O[*],O=[Al]O[Al]=O.O=[Si]=O.O=[Si]=O.O=[Si]=O,,,,250,10.3139_217.3307_part_2.txt_∂Œ1_Material1
[*]C(C)C[*],[*]C(C)C[*],[*]CCC(CCCCCC)C[*],[*]CC(CCCC(CC)CC([*])C1=CC=CC=C1)C2=CC=CC=C2,,163.6,10.1002_app.34321_part_1.txt_∂Œ1_Material1
[*]NCCCCCCCCCCCC([*])=O,[*]C1C(OC(C(C1O)O)OC2C(OC(C(C2O)O)O[*])CO)CO,,,,145.8,10.1016_j.eurpolymj.2011.09.017_part_2.txt_∂Œ1_Material2
[*]CCCC([*])OC(C)=O,CCCCCCCCCCCCOS([O-])(=O)=O.[Na+],,,,85.5,10.1002_app.41352_part_1.txt_∂Œ1_Material1
C/C(C[*])=C/C[*],,,,,154,10.4028_www.scientific.net_amr.626.66_part_1.txt_∂Œ1_Material1
[*]C(C1=CC=C(C(OCCCCO[*])=O)C=C1)=O,O=C([*])OC1=CC=C(C=C1)C(C)(C)C2=CC=C(C=C2)O[*],,,,201,10.1007_s10965-017-1250-3_part_1.txt_∂Œ1_Material1
[*]C(C)C[*],OCC(C(C(C1N)O)O[*])OC1OC2C(OC(C(C2O)N)[*])CO,,,,190,10.1007_s12221-014-0800-0_part_1.txt_∂Œ1_Material1
O=C([*])C(C)O[*],O=[Al]O[Al]=O.O=[Si]=O.O=[Si]=O.O=[Si]=O,,,,167.3,10.1016_j.ijbiomac.2015.11.028_part_2.txt_∂Œ1_Material2
[*]C([H])([H])C(O)([H])[*],NC1=NC2=C(N=CN2C2O[C@H](COP(=O)(O)OP(=O)(O)O)[C@H](O)[C@@H]2O)C(=O)N1,,,,220,10.1007_s00289-019-02851-7_part_3.txt_∂Œ1_Material1
[*]C(C)C[*],O=C=O,O=[Mg].O=[Si]=O.O=[Si]=O.O=[Si]=O.O=[Si]=O.O=[Mg].O=[Mg].O,,,165.2,10.1177_0021955x20943110_part_1.txt_∂Œ1_Material1
[*]C(C)C[*],C=C([CH3])C(=O)OC([CH3])[CH3],C=C([CH3])C(=O)OC([CH3])[CH3],,,159.5,10.1002_pc.24701_part_2.txt_∂Œ1_Material3
O=C([*])OC1=CC=C(C=C1)C(C)(C)C2=CC=C(C=C2)O[*],O=[Si]=O,,,,224,10.1016_j.powtec.2018.05.005_part_4.txt_∂Œ1_Material1
[*]C(C)C[*],OCC1OC(C(C(C1[*])O)O)OC2C(C(C(OC2CO)O[*])O)O,NC1=CC=C(C=C1)/C2=C3C=C/C(N\3)=C(C4=N/C(C=C4)=C(C5=CC=C(N5)/C(C6=CC=CC=C6)=C7N=C2C=C\7)/C8=CC=CC=C8)\C9=CC=CC=C9,,,159,10.1007_s00289-015-1427-z_part_3.txt_∂Œ1_Material2
O=C([*])C1=CC=C2C=C(C=CC2=C1)OC(C3=CC=C(C=C3)O[*])=O,[*]C(C=C1)=CC=C1S[*],[*]CC(COC1=CC=C(C=C1)C(C)(C)C2=CC=C(C=C2)O[*])O,O1C(=O)C=CC1=O,,280,10.1016_j.compscitech.2018.10.001_part_2.txt_∂Œ1_Material1
[*]C([H])([H])C(O)([H])[*],C[N+](CCO)(CCO)[3H],,,,220.44,10.3390_polym12020264_part_4.txt_∂Œ1_Material2
[*]CC[*],O=[Si]=O,,,,130,10.1177_0731684412451333_part_1.txt_∂Œ1_Material1
O=C([*])CCCCCCCCCCC(NCCCCCCCCCCN[*])=O,C=C([CH3])C(=O)OC([CH3])[CH3],C=C(C(OCC1CO1)=O)C,,,189,10.1016_j.polymertesting.2021.107133_part_2.txt_∂Œ1_Material1
O=C(CCCCCCCCCCC(NCCCCCCCCCCN[*])=O)[*],O=[Si]=O,,,,189,10.1007_s10118-016-1812-6_part_1.txt_∂Œ1_Material1
[*]NC(C(N1CCCC1C(NCC(N2CC(CC2C(NC(C(NCC([*])=O)=O)CO)=O)O)=O)=O)=O)CCCCN,[*]C1C(OC(C(C1O)O)OC2C(OC(C(C2O)O)O[*])CO)CO,OCC(O)CO,,,50.7,10.1016_j.fbio.2020.100589_part_1.txt_∂Œ1_Material1
O=C([*])C(C)O[*],[*]OCC[*],OC1=C2C(C3(O)C4C5C6=C7C8C(C9=CC(C(O)=O)=C(C=C(C=C%10C(O)=O)C%11%12)C(C%11=C%13C%14C%15%16C%17(O%16)C%18C%19=C%20C%21=C%22C(C(O)=C%23)=C%24C%25C%21=C%26C%19=C%27C%17=C%28C%14(O)C%12=C%10C=C%28CC%27=CC%26=CC%25=C(C(O)=O)C=C%24)C9=C7C%13(O)C5=C%15C3=C%18C%29%30C%20(O%30)C%31C%22C%23=C%32)=CC(C(O)=O)=CC8=CC6=C(C(O)=O)C4=C2)=C%29C%33=C%31C%32=C(C(O)=O)C=C%331,,,165.8,10.1007_s13233-014-2182-y_part_1.txt_∂Œ1_Material1
[*]CC[*],[*]OCC[*],OCC1OC(C(C(C1O[*])O)O)[*],[*]OCC[*],,133.2,10.1016_j.compscitech.2012.12.013_part_1.txt_∂Œ1_Material1
[*]CC[*],C12=C3C(C=CC4C3=C5C(CC6=CC7=C8C9=C(C(C=C%10)=CC=C9C=C7)C%11=C%10C%12)=CC4)=CC=C1C=C%12C%13=C%11C8=C6C5=C2%13,,,,136.76,10.48084_etasr.1961_OA_part_1.txt_∂Œ1_Material1
O=C([*])C(C)O[*],NC1=NC2=C(N=CN2C2O[C@H](COP(=O)(O)OP(=O)(O)O)[C@H](O)[C@@H]2O)C(=O)N1,,,,150,10.1016_j.compscitech.2018.11.003_part_5.txt_∂Œ1_Material1
[*]OC(CC(OC(CC([*])=O)CC)=O)C,O=C([*])C(C)O[*],OP(O)(O)=O,,,155,10.1021_am3004522_part_1.txt_∂Œ1_Material2
O=C([*])CCCCCN[*],[*]C(C)C[*],NC1=CC=C(C=C1)/C2=C3C=C/C(N\3)=C(C4=N/C(C=C4)=C(C5=CC=C(N5)/C(C6=CC=CC=C6)=C7N=C2C=C\7)/C8=CC=CC=C8)\C9=CC=CC=C9,,,163,10.1016_j.compositesa.2018.05.018_part_6.txt_∂Œ1_Material2
O=C([*])OC1=CC=C(C=C1)C(C)(C)C2=CC=C(C=C2)O[*],OC1=C2C(C3(O)C4C5C6=C7C8C(C9=CC(C(O)=O)=C(C=C(C=C%10C(O)=O)C%11%12)C(C%11=C%13C%14C%15%16C%17(O%16)C%18C%19=C%20C%21=C%22C(C(O)=C%23)=C%24C%25C%21=C%26C%19=C%27C%17=C%28C%14(O)C%12=C%10C=C%28CC%27=CC%26=CC%25=C(C(O)=O)C=C%24)C9=C7C%13(O)C5=C%15C3=C%18C%29%30C%20(O%30)C%31C%22C%23=C%32)=CC(C(O)=O)=CC8=CC6=C(C(O)=O)C4=C2)=C%29C%33=C%31C%32=C(C(O)=O)C=C%331,O=[Al]O[Al]=O,,,265,10.1016_j.apsusc.2012.12.112_part_1.txt_∂Œ1_Material1
[*]CC[*],C=C(C(OCC1CO1)=O)C,,,,105,10.1002_pc.25755_part_1.txt_∂Œ1_Material1
[*]NC(C(N1CCCC1C(NCC(N2CC(CC2C(NC(C(NCC([*])=O)=O)CO)=O)O)=O)=O)=O)CCCCN,[*]C1C(OC(C(C1O)O)OC2C(OC(C(C2O)O)O[*])CO)CO,,,,44.27,10.1038_s41538-019-0059-3_part_1.txt_∂Œ1_Material1
O=C([*])C(C)O[*],OP(O)(O)=O,O=C=NC(C=C1)=CC=C1CC2=CC=C(C=C2)N=C=O,C=C([CH3])C(=O)OC([CH3])[CH3],,150,10.3390_ma13071660_part_2.txt_∂Œ1_Material1
[*]C([H])([H])C(O)([H])[*],[*]C1C(OC(C(C1O)O)OC2C(OC(C(C2O)O)O[*])CO)CO,OCC(O)CO,OC[C@@H]([C@H]([C@@H]([C@@H](CO)O)O)O)O,OC(C(CC(O)=O)(CC(O)=O)O)=O,220,10.1080_03602559.2016.1275684_part_4.txt_∂Œ1_Material1
[*]C(C)C[*],O=[Al]O[Al]=O,,,,165,10.1177_0731684413505787_part_3.txt_∂Œ1_Material1
[*]O[C@H](C)CC([*])=O,[Zn]=O,,,,175,10.3390_ijms150610950_part_1.txt_∂Œ1_Material1
[*]CC[*],[*]CC(C1=CC=CC=C1)[*],O=[Si]=O.O=[Al]O[Al]=O.O=[Si]=O.O=[Si]=O.O=[Si]=O.O,,,133,10.1515_polyeng-2017-0348_part_1.txt_∂Œ1_Material1
O=C(C1=CC=C(C=C1)C(OCC[*])=O)O[*],[*]CC(CCCC(CC)CC([*])C1=CC=CC=C1)C2=CC=CC=C2,,,,248.5,10.1016_j.matdes.2013.06.022_part_1.txt_∂Œ1_Material1
[*]C([H])([H])C(O)([H])[*],[*]C1C(OC(C(C1O)O)OC2C(OC(C(C2O)O)O[*])CO)CO,O=C(N)N,,,180,10.1016_j.ijbiomac.2016.12.067_part_1.txt_∂Œ1_Material1
[*]C(C)C[*],[*]NC(C(O)=O)CCC([*])=O,,,,177,10.1002_pol.20190210_part_2.txt_∂Œ1_Material1
OCC1OC(C(C(C1[*])O)O)OC2C(C(C(OC2CO)O[*])O)O,[*]C([H])([H])C(O)([H])[*],O=C(C1=CC=C(C=C1)C(OCC[*])=O)O[*],[*]OCC[*],O=[Ti]=O,220,10.1016_j.msec.2021.112127_part_2.txt_∂Œ1_Material1
[*]C(C)C[*],[*]CC(COC1=CC=C(C=C1)C(C)(C)C2=CC=C(C=C2)O[*])O,,,,165,10.1016_j.polymertesting.2019.106104_part_2.txt_∂Œ1_Material1
[*]CC([*])N1CCCC1=O,[*]CC(C)(C(OCCO)=O)[*],O=C(OOC(=O)C1=CC=CC=C1)C1=CC=CC=C1,,,175,10.1080_15421406.2020.1859695_part_1.txt_∂Œ1_Material1
O=C([*])C(C)O[*],O=C(O[*])CCCCCCCCCCN[*],O=[Si]=O,,,170,10.1007_s10924-017-0977-6_part_1.txt_∂Œ1_Material1
[*]C(C)C[*],OP(O)(O)=O,[*]C(C)C[*],,,162.3,10.1007_s10965-017-1289-1_part_2.txt_∂Œ1_Material1
[*]C/C=C\CCC(C=C)[*],[*]C(CCCCCO[*])=O,,,,56.59,10.1021_ie300317b_part_1.txt_∂Œ1_Material1
O=C([*])C(C)O[*],[*]C(CCCCC(OCCCCO[*])=O)=O,O=[Mg].O=[Si]=O.O=[Si]=O.O=[Si]=O.O=[Si]=O.O=[Mg].O=[Mg].O,,,177.3,10.1155_2020_8040517_part_3.txt_∂Œ1_Material2
[*]C(CCCCCO[*])=O,[*]C1=C(C=CN2)C2=C([*])C(O)=C1O,,,,57.3,10.1016_j.clay.2017.09.031_part_1.txt_∂Œ1_Material1
[*]CC[*],[*]CCC1C([*])C2CCC1C2,,,,115,10.4236_ojcm.2022.123007_OA_part_1.txt_∂Œ1_Material1
[*]C(CCCCCO[*])=O,O=P([O-])([O-])[O-].[Ca+2].[Ca+2].[OH-],,,,59,10.1557_opl.2013.567_part_1.txt_∂Œ1_Material1
[*]C(NC1=C(C)C(NC(OCCO[*])=O)=CC=C1)=O,[*]O[Si](C)(C)[*],[*]O[Si](C)(C)[*],,,170,10.1016_j.porgcoat.2014.05.021_part_1.txt_∂Œ1_Material1
[*]C(C)C[*],O[Si](O)(O[Si](O)(O)O)O.[Al].[Al].O,,,,165,10.2478_v10026-011-0039-0_part_1.txt_∂Œ1_Material1
O=C([*])C(C)O[*],[*]CCCC(C(O)=O)[*],,,,170.3,10.1166_jnn.2016.12952_part_1.txt_∂Œ1_Material1
O=C([*])C(C)O[*],[*]OC1OC(CO)C(OC2C(O)C(O)C([*])C(CO)O2)C(O)C1O,,,,153.97,10.1155_2013_738741_part_1.txt_∂Œ1_Material1
O=C([*])CCCCCN[*],O=C(CCCCC(N(CCCCCCN([*])[H])[H])=O)[*],[*]CC(CC=CCC([*])C1=CC=CC=C1)C#N,,,255,10.1002_app.40810_part_1.txt_∂Œ1_Material2
[*]C(CCCCCO[*])=O,[*]C(CCCCCO[*])=O,[*]C1C(OC(C(C1O)O)OC2C(OC(C(C2O)O)O[*])CO)CO,,,62.4,10.1039_c3nj01647a_part_1.txt_∂Œ1_Material1
[*]OCCCCOC(CCC([*])=O)=O,O=[Ti]=O,,,,110,10.1021_acsomega.8b00332_part_2.txt_∂Œ1_Material1
C=C([CH3])C(=O)O[CH3],[*]C(NC1=C(C)C(NC(OCCO[*])=O)=CC=C1)=O,,,,25,10.32434_0321-4095-2020-133-6-83-90_OA_part_2.txt_∂Œ1_Material3
O=C([*])C(C)O[*],[*]NC(C(N1CCCC1C(NCC(N2CC(CC2C(NC(C(NCC([*])=O)=O)CO)=O)O)=O)=O)=O)CCCCN,C(CC=O)CC=O,,,146,10.1080_00914037.2020.1740987_part_2.txt_∂Œ1_Material1
FC(F)([*])C([H])([*])[H],[*]CC(CC=CCC([*])C1=CC=CC=C1)C#N,C=C([CH3])C(=O)O[CH3],OC1=C2C(C3(O)C4C5C6=C7C8C(C9=CC(C(O)=O)=C(C=C(C=C%10C(O)=O)C%11%12)C(C%11=C%13C%14C%15%16C%17(O%16)C%18C%19=C%20C%21=C%22C(C(O)=C%23)=C%24C%25C%21=C%26C%19=C%27C%17=C%28C%14(O)C%12=C%10C=C%28CC%27=CC%26=CC%25=C(C(O)=O)C=C%24)C9=C7C%13(O)C5=C%15C3=C%18C%29%30C%20(O%30)C%31C%22C%23=C%32)=CC(C(O)=O)=CC8=CC6=C(C(O)=O)C4=C2)=C%29C%33=C%31C%32=C(C(O)=O)C=C%331,,167,10.1039_c4cp04481a_part_4.txt_∂Œ1_Material3
O=C([*])C(C)O[*],CCCCCCCCCCCCCCCCCCOC(CCC1=CC(C(C)(C)C)=C(C(C(C)(C)C)=C1)O)=O,,,,148.3,10.1002_pc.23627_part_1.txt_∂Œ1_Material1
O=C(C1=CC=C(C=C1)C(OCC[*])=O)O[*],O=C([*])OC1=CC=C(C=C1)C(C)(C)C2=CC=C(C=C2)O[*],O[Si](O)(O[Si](O)(O)O)O.[Al].[Al].O,,,245,10.4028_www.scientific.net_amm.735.8_part_1.txt_∂Œ1_Material1
[*]C(C)C[*],O=C([*])C1=CC=C2C=C(C=CC2=C1)OC(C3=CC=C(C=C3)O[*])=O,,,,222,10.1016_j.eurpolymj.2015.07.057_part_1.txt_∂Œ1_Material1
[*]NC(C(N1CCCC1C(NCC(N2CC(CC2C(NC(C(NCC([*])=O)=O)CO)=O)O)=O)=O)=O)CCCCN,[H]O[H],,,,37,10.5301_ijao.5000553_part_1.txt_∂Œ1_Material1
[*]C(C)C[*],[*]NC(C(N1CCCC1C(NCC(N2CC(CC2C(NC(C(NCC([*])=O)=O)CO)=O)O)=O)=O)=O)CCCCN,,,,140,10.1080_00222348.2015.1019601_part_3.txt_∂Œ1_Material1
CC(CC(C(C(O1)=O)CC1=O)[*])C[*],,,,,161.53,10.1177_0040517517703600_part_1.txt_∂Œ1_Material2
[*]O[Si](C)(C)[*],C[Si](C)(C[*])O[*],,,,64,10.1016_j.polymer.2020.122962_part_1.txt_∂Œ1_Material1
OP(O)(O)=O,[*]C(CCCCC(OCCCCO[*])=O)=O,,,,110,10.1016_j.compscitech.2020.108369_part_1.txt_∂Œ1_Material1
[*]C([C@H](C)OC([C@H](C)O[*])=O)=O,[*]C(C(O[*])C)=O,[*]O[C@H](C)CC([*])=O,[*]C([H])([H])C(O)([H])[*],,174,10.1080_03602559.2018.1455863_part_2.txt_∂Œ1_Material1
OP(O)(O)=O,[*]OCCCCOC(CCC([*])=O)=O,O=[Si]=O,,,114.4,10.1051_matecconf_20153001013_part_1.txt_∂Œ1_Material1
[*]C1C(OC(C(C1O)O)OC2C(OC(C(C2O)O)O[*])CO)CO,NC1=CC=C(C=C1)/C2=C3C=C/C(N\3)=C(C4=N/C(C=C4)=C(C5=CC=C(N5)/C(C6=CC=CC=C6)=C7N=C2C=C\7)/C8=CC=CC=C8)\C9=CC=CC=C9,OCC(O)CO,,,170,10.1002_app.31662_part_1.txt_∂Œ1_Material1
[*]C(NC1=C(C)C(NC(OCCO[*])=O)=CC=C1)=O,O=C([O-])[O-].[Ca+2],O=C([O-])[O-].[Ca+2],,,47.4,10.1016_j.polymertesting.2021.107211_part_2.txt_∂Œ1_Material1
[*]CC[*],O=C([*])OC1=CC=C(C=C1)C(C)(C)C2=CC=C(C=C2)O[*],,,,148,10.1080_03602559.2010.531429_part_2.txt_∂Œ1_Material1
O=C([*])CCCCCN[*],O=C([*])CCCCCN[*],O=[Si]=O,[O-][Si]([O-])([O-])O[Si]([O-])([O-])[O-].[Ca+2],,215,10.4028_www.scientific.net_kem.611-612.821_part_1.txt_∂Œ1_Material1
C=C([CH3])C(=O)O[CH3],[*]CCCC([*])OC(C)=O,O=[Si]=O,,,74,10.1002_masy.201600031_part_1.txt_∂Œ1_Material1
[*]CC[*],[*]CC[*],[*]OCC[*],,,127.02,10.1515_polyeng-2012-0142_part_1.txt_∂Œ1_Material2
O=C([*])OC1=CC=C(C=C1)C(C)(C)C2=CC=C(C=C2)O[*],O=[Al]O[Al]=O,,,,225,10.1016_j.jmapro.2020.03.020_part_1.txt_∂Œ1_Material1
[*]C(CCCCCO[*])=O,O=C(C1=CC=C(C=C1)C(OCC[*])=O)O[*],,,,106.4,10.1007_s00289-020-03473-0_part_5.txt_∂Œ1_Material1
[*]OC1C(O)C(O)C(OC2C(CO)OC([*])C(O)C2O)OC1CO,[*]OCC[*],,,,60,10.1007_s10570-013-0120-3_part_2.txt_∂Œ1_Material1
[*]C(C)C[*],[*]C(C)C[*],[C],,,160.6,10.1002_pc.24369_part_1.txt_∂Œ1_Material2
[*]C1C(OC(C(C1O)O)OC2C(OC(C(C2O)O)O[*])CO)CO,OCC1OC(C(C(C1[*])O)O)OC2C(C(C(OC2CO)O[*])O)O,O1C(=O)C=CC1=O,,,149.8,10.1007_s10924-018-1291-7_part_1.txt_∂Œ1_Material6
[*]OCCCCOC(CCC([*])=O)=O,[*]CC(C1=CC=CC=C1)[*],O=[Ti]=O,,,125,10.1016_j.eurpolymj.2013.11.002_part_2.txt_∂Œ1_Material1
[*]C(C)C[*],[H][Si]([H])([H])[H],O=C(O)CCCCCCCCCCCCCCCCC,[*]CC(CCCC(CC)CC([*])C1=CC=CC=C1)C2=CC=CC=C2,,165.9,10.1177_0021998312436999_part_1.txt_∂Œ1_Material1
[*]CC[*],[*]CCCC(C1C([*])C2CC1C/C2=C/C)C,OC1=C2C(C3(O)C4C5C6=C7C8C(C9=CC(C(O)=O)=C(C=C(C=C%10C(O)=O)C%11%12)C(C%11=C%13C%14C%15%16C%17(O%16)C%18C%19=C%20C%21=C%22C(C(O)=C%23)=C%24C%25C%21=C%26C%19=C%27C%17=C%28C%14(O)C%12=C%10C=C%28CC%27=CC%26=CC%25=C(C(O)=O)C=C%24)C9=C7C%13(O)C5=C%15C3=C%18C%29%30C%20(O%30)C%31C%22C%23=C%32)=CC(C(O)=O)=CC8=CC6=C(C(O)=O)C4=C2)=C%29C%33=C%31C%32=C(C(O)=O)C=C%331,,,98.3,10.1177_0095244310379175_part_3.txt_∂Œ1_Material4
[*]CCCC(C(O)=O)[*],OCC1OC(C(C(C1[*])O)O)OC2C(C(C(OC2CO)O[*])O)O,,,,55,10.1007_s10570-018-1875-3_part_2.txt_∂Œ1_Material1
[*]CCCC([*])C(OC)=O,[Mg]=O,CCCC[Sn](CCCC)(OC(CCCCCCCCCCC)=O)OC(CCCCCCCCCCC)=O,CCCCCCCCCCCCCCCCCCOC(CCC1=CC(C(C)(C)C)=C(C(C(C)(C)C)=C1)O)=O,,85,10.1002_app.40316_part_1.txt_∂Œ1_Material1
[*]CC[*],[*]CC[*],O=[Si]=O,,,76.8,10.1515_polyeng-2011-0123_part_1.txt_∂Œ1_Material2
COC(C(C[*])([*])C)=O,[*]CC(C1=CC=CC=C1)[*],OC(C(C)(CC(C1=CC=CC=C1)[*])CC(C[*])(C(OCC2CO2)=O)C)=O,,,160,10.1016_j.optcom.2010.08.069_part_1.txt_∂Œ1_Material1
O=C([*])C(C)O[*],[*]CC[*],,,,115,10.1149_08513.0025ecst_part_1.txt_∂Œ1_Material1
O=C([*])C(C)O[*],[Zn]=O,CC1=CC(O)=C(C=C1CCCC(C2=C(C=C(C(C(C)(C)C)=C2)O)C)C3=CC(C(C)(C)C)=C(C=C3C)O)C(C)(C)C,CC1=CC(O)=C(C=C1CCCC(C2=C(C=C(C(C(C)(C)C)=C2)O)C)C3=CC(C(C)(C)C)=C(C=C3C)O)C(C)(C)C,,150,10.1002_app.39023_part_1.txt_∂Œ1_Material1
[*]C1C(OC(C(C1O)O)OC2C(OC(C(C2O)O)O[*])CO)CO,O=[Si]=O,,,,87.6,10.1016_j.indcrop.2021.113525_part_2.txt_∂Œ1_Material1
O=C(C1=CC=C(C=C1)C(OCC[*])=O)O[*],[*]C1=CC(C2=NC3=CC(C4=CC=C5N=C([*])NC5=C4)=CC=C3N2)=CC=C1,O=[Si]=O,,,290,10.1007_s10965-021-02605-y_part_2.txt_∂Œ1_Material1
O=C(C1=CC=C(C=C1)C(OCC[*])=O)O[*],OP(O)(O)=O,O=[Ti]=O,[Zn]=O,,250,10.1016_j.egypro.2014.07.137_part_1.txt_∂Œ1_Material1
O=C(O[*])CCCCCCCCCCN[*],[*]OC1=C(C([*])=CC=C1C)C,O=[Si]=O,,,195,10.14314_polimery.2021.7.3_OA_part_1.txt_∂Œ1_Material1
O=C([*])C(C)O[*],[*]O[C@H](C)CC([*])=O,O1C(=O)C=CC1=O,OC1=C2C(C3(O)C4C5C6=C7C8C(C9=CC(C(O)=O)=C(C=C(C=C%10C(O)=O)C%11%12)C(C%11=C%13C%14C%15%16C%17(O%16)C%18C%19=C%20C%21=C%22C(C(O)=C%23)=C%24C%25C%21=C%26C%19=C%27C%17=C%28C%14(O)C%12=C%10C=C%28CC%27=CC%26=CC%25=C(C(O)=O)C=C%24)C9=C7C%13(O)C5=C%15C3=C%18C%29%30C%20(O%30)C%31C%22C%23=C%32)=CC(C(O)=O)=CC8=CC6=C(C(O)=O)C4=C2)=C%29C%33=C%31C%32=C(C(O)=O)C=C%331,,170,10.3390_ma10091008_part_1.txt_∂Œ1_Material1
[*]C(N(CN(C(OCOC(N(CN(C(OCCO[*])=O)[H])[H])=O)=O)[H])[H])=O,C[Si](C)(C[*])O[*],,,,187,10.4236_ojsta.2015.43005_OA_part_3.txt_∂Œ1_Material1
[*]C(C)C[*],[*]CC(CCCC(CC)CC([*])C1=CC=CC=C1)C2=CC=CC=C2,OCC1OC(C(C(C1[*])O)O)OC2C(C(C(OC2CO)O[*])O)O,,,161.96,10.1002_pen.21903_part_2.txt_∂Œ1_Material1
[*]C(CCCCCO[*])=O,[*]C(CCCCCO[*])=O,,,,56.2,10.1088_2053-1591_ab55ad_part_3.txt_∂Œ1_Material1
[*]CC(C1=CC=CC=C1)[*],O=C(O)C([*])C[*],,,,105,10.1002_app.39389_part_1.txt_∂Œ1_Material1
[*]C(CCCCCO[*])=O,[*]OC1C(C(O)=O)OC(OC2C(NC(C)=O)C([*])OC(CO)C2O)C(O)C1O,,,,60,10.1016_j.msec.2017.02.087_part_3.txt_∂Œ1_Material1
[*]C(C1=CC=C(C(OCCCCO[*])=O)C=C1)=O,O=[Si]=O,,,,221.38,10.1007_s12221-013-1324-8_part_1.txt_∂Œ1_Material1
[*]C([H])([H])C(O)([H])[*],OCC(C(C(C1N)O)O[*])OC1OC2C(OC(C(C2O)N)[*])CO,[Ag+],,,195,10.1016_j.fbio.2020.100609_part_2.txt_∂Œ1_Material1
[*]OCC[*],[*]CC(C#N)[*],C12=C3C(C=CC4C3=C5C(CC6=CC7=C8C9=C(C(C=C%10)=CC=C9C=C7)C%11=C%10C%12)=CC4)=CC=C1C=C%12C%13=C%11C8=C6C5=C2%13,CCCCCCCCCCCCOS([O-])(=O)=O.[Na+],,37,10.1002_vnl.21576_part_2.txt_∂Œ1_Material3
[*]CC[*],[*]CCCC(C(O)=O)[*],,,,80,10.1016_j.polymdegradstab.2011.09.010_part_1.txt_∂Œ1_Material1
O=C(O[*])CCCCCCCCCCN[*],C12=C3C(C=CC4C3=C5C(CC6=CC7=C8C9=C(C(C=C%10)=CC=C9C=C7)C%11=C%10C%12)=CC4)=CC=C1C=C%12C%13=C%11C8=C6C5=C2%13,,,,177.1,10.1166_jnn.2012.5158_part_1.txt_∂Œ1_Material1
[*]OCCOC(CC(C([*])=O)C(C1CCCCC1)CC(CC(O)=O)C(OCCO)=O)=O,[*]C([H])([H])C(O)([H])[*],,,,126,10.1177_1528083719894737_part_4.txt_∂Œ1_Material1
[*]C([C@H](C)OC([C@H](C)O[*])=O)=O,[*]NC(C(O)=O)CCC([*])=O,O=[Al]O[Al]=O.O=[Si]=O.O=[Si]=O.O=[Si]=O,,,224.7,10.1016_j.polymdegradstab.2020.109394_part_2.txt_∂Œ1_Material1
O=C([*])C(C)O[*],[*]OC(CC(OC(CC([*])=O)CC)=O)C,OP(O)(O)=O,,,173,10.1021_am3004522_part_1.txt_∂Œ1_Material1
[*]C(C)C[*],COC1=CC(/C=C/C=O)=CC(OC2=CC(C(C(OC3=CC=C(C=C3OC)C(C(CO)=O)O)CO)O)=CC=C2OC4=CC(C(C(COC5=CC=C(C=C5)C(C(CO)=O)O)=O)O)=CC=C4O)=C1,,,,153,10.1002_pc.21087_part_1.txt_∂Œ1_Material1
O=C([*])C(C)O[*],OCC1OC(C(C(C1[*])O)O)OC2C(C(C(OC2CO)O[*])O)O,O1C(=O)C=CC1=O,,,147.1,10.1007_s10924-018-1291-7_part_1.txt_∂Œ1_Material4
[*]OC(CC(OC(CC([*])=O)CC)=O)C,[*]C(N(CN(C(OCOC(N(CN(C(OCCO[*])=O)[H])[H])=O)=O)[H])[H])=O,,,,171,10.1016_j.polymdegradstab.2016.03.039_part_3.txt_∂Œ1_Material1
[*]C(C)C[*],[*]C(C)C[*],[*]C1C(OC(C(C1O)O)OC2C(OC(C(C2O)O)O[*])CO)CO,,,153,10.1002_app.34514_part_1.txt_∂Œ1_Material1
O=C(CCCCC(N(CCCCCCN([*])[H])[H])=O)[*],[Li]Cl,,,,227,10.1016_j.mtsust.2019.100014_part_8.txt_∂Œ1_Material3
[*]CCCC([*])OC(C)=O,[*]CC([*])Cl,,,,49,10.1002_adv.21467_part_2.txt_∂Œ1_Material1
[*]OCCCOC(C1=CC=C(C([*])=O)C=C1)=O,[*]C(C)C[*],NC1=CC=C(C=C1)/C2=C3C=C/C(N\3)=C(C4=N/C(C=C4)=C(C5=CC=C(N5)/C(C6=CC=CC=C6)=C7N=C2C=C\7)/C8=CC=CC=C8)\C9=CC=CC=C9,,,228.69,10.1002_app.33106_part_3.txt_∂Œ1_Material1
[*]OC1=C(C([*])=CC=C1C)C,O=C(O[*])CCCCCCCCCCN[*],,,,157,10.7569_jrm.2018.634114_part_2.txt_∂Œ1_Material3
[*]C(CCCCCO[*])=O,O=[Si]=O,,,,56.2,10.1016_j.msec.2014.04.024_part_1.txt_∂Œ1_Material1
[*]C(CCCCCO[*])=O,[*]NC(C(N1CCCC1C(NCC(N2CC(CC2C(NC(C(NCC([*])=O)=O)CO)=O)O)=O)=O)=O)CCCCN,O=[Si]=O,,,155,10.1016_j.msec.2017.04.084_part_5.txt_∂Œ1_Material2
[*]CC[*],N#CC(C1=CC=CC=N1)C1=CC=CC=C1,,,,180,10.1002_vnl.20262_part_1.txt_∂Œ1_Material1
[*]C(C)C[*],[*]C(NC1=C(C)C(NC(OCCO[*])=O)=CC=C1)=O,[*]CCCCOCCCCOCCCCOCCCCO[*],,,120,10.1021_acs.macromol.0c00159_part_2.txt_∂Œ1_Material1
O=C([*])CCCCCN[*],[*]CC(CC=CCC([*])C1=CC=CC=C1)C#N,,,,208.35,10.1016_j.matdes.2011.08.028_part_2.txt_∂Œ1_Material2
[*]CC[*],[*]C1=CC(C2=NC3=CC(C4=CC=C5N=C([*])NC5=C4)=CC=C3N2)=CC=C1,,,,116.05,10.1002_pc.23148_part_1.txt_∂Œ1_Material1
O=C([*])C(C)O[*],[*]C1C(OC(C(C1O)O)OC2C(OC(C(C2O)O)O[*])CO)CO,OCC(C(C(C1N)O)O[*])OC1OC2C(OC(C(C2O)N)[*])CO,OCC(O)CO,,140,10.4028_www.scientific.net_amr.391-392.530_part_1.txt_∂Œ1_Material1
O=C([*])CCCCCN[*],[*]CC[*],[*]CCC(CCCCCC)C[*],,,250,10.1007_s10853-018-2416-z_part_1.txt_∂Œ1_Material1
O=C([*])C(C)O[*],[*]C1C(OC(C(C1O)O)OC2C(OC(C(C2O)O)O[*])CO)CO,C[N+](CCO)(CCO)[3H],,,150.7,10.1007_s10973-012-2776-6_part_1.txt_∂Œ1_Material1
O=C([*])C(C)O[*],[*]CCCC([*])OC(C)=O,,,,165.2,10.1016_j.polymertesting.2016.11.003_part_2.txt_∂Œ1_Material1
[*]OCCCCOC(CCC([*])=O)=O,[*]OC1C(C(O)=O)OC(OC2C(NC(C)=O)C([*])OC(CO)C2O)C(O)C1O,,,,97,10.1007_s13233-016-4131-4_part_2.txt_∂Œ1_Material1
[*]NC(C)C(N1CCCC1C([*])=O)=O,[*]OCC[*],,,,178,10.1021_acs.nanolett.6b02828_part_1.txt_∂Œ1_Material1
[*]C(N(CN(C(OCOC(N(CN(C(OCCO[*])=O)[H])[H])=O)=O)[H])[H])=O,FC(F)([*])C([H])([*])[H],,,,172.5,10.1063_1.4989579_part_1.txt_∂Œ1_Material1
COC(C(C[*])([*])C)=O,,,,,192,10.1007_s41783-020-00098-6_part_1.txt_∂Œ1_Material1
O=C([*])OC1=CC=C(C=C1)C(C)(C)C2=CC=C(C=C2)O[*],[*]CC(CC=CCC([*])C1=CC=CC=C1)C#N,[*]CCCC([*])C(OC)=O,,,108.1,10.1002_pc.25345_part_2.txt_∂Œ1_Material4
[*]OCC[*],[*]C(CCCCCO[*])=O,,,,51.14,10.1016_j.cej.2019.02.045_part_4.txt_∂Œ1_Material1
[*]C(C)C[*],CC(C=C([*])C=C1C)=C1O[*],[*]CC(CCCC(CC)CC([*])C1=CC=CC=C1)C2=CC=CC=C2,,,95,10.1016_j.polymdegradstab.2012.02.005_part_3.txt_∂Œ1_Material2
[*]CCCC([*])OC(C)=O,C[N+](CCO)(CCO)[3H],,,,88,10.1002_pen.21671_part_1.txt_∂Œ1_Material1
[*]OCC[*],[*]OCC[*],,,,65,10.1021_jp105816s_part_1.txt_∂Œ1_Material1
[*]C1C(OC(C(C1O)O)OC2C(OC(C(C2O)O)O[*])CO)CO,[*]C(CCCCC(OCCCCO[*])=O)=O,OCC(O)CO,,,135,10.1016_j.heliyon.2019.e01251_part_1.txt_∂Œ1_Material1
[*]C([H])([H])C(O)([H])[*],OC(C(CC(O)=O)(CC(O)=O)O)=O,,,,195,10.1002_macp.201700130_part_2.txt_∂Œ1_Material4
O=C([*])C(C)O[*],[*]OCCCCOC(CCC([*])=O)=O,C[N+](CCO)(CCO)[3H],,,94,10.1021_am201850m_part_1.txt_∂Œ1_Material1
[*]C([H])([H])C(O)([H])[*],[H]O[H],,,,210,10.1007_s10570-013-0141-y_part_2.txt_∂Œ1_Material1
[*]C(CCCCCO[*])=O,OCC1OC(C(C(C1[*])O)O)OC2C(C(C(OC2CO)O[*])O)O,O=C(CC(/C=C/C1=CC=C(C(OC)=C1)O)=O)/C=C/C2=CC=C(O)C(OC)=C2,,,54.3,10.1002_adsu.202100128_part_2.txt_∂Œ1_Material3
O=C([*])C(C)O[*],[*]C(NC1=C(C)C(NC(OCCO[*])=O)=CC=C1)=O,O=[Mg].O=[Si]=O.O=[Si]=O.O=[Si]=O.O=[Si]=O.O=[Mg].O=[Mg].O,,,142,10.1002_pc.22828_part_2.txt_∂Œ1_Material1
[*]C([C@H](C)OC([C@H](C)O[*])=O)=O,[*]OCC[*],,,,166,10.1002_app.44187_part_2.txt_∂Œ1_Material3
[*]NCC(NC(C(ONCC(NC(C(NCC(NC(C([*])=O)C)=O)=O)C)=O)=O)CO)=O,[*]C(CCCCCO[*])=O,,,,60,10.1177_155892501701200303_part_3.txt_∂Œ1_Material2
[*]C(CCCCCO[*])=O,[*]C(CCCCCO[*])=O,C=C([CH3])C(=O)OC([CH3])[CH3],,,60,10.1002_pat.5367_part_2.txt_∂Œ1_Material2
O=C([*])C1=CC=C(C=C1)OC2=CC=C(C=C2)OC3=CC=C(C=C3)[*],O=[Al]O[Al]=O,,,,343,10.1016_j.compstruct.2018.03.062_part_1.txt_∂Œ1_Material2
O=C([*])C(C)O[*],[*]C(CCCCC(OCCCCO[*])=O)=O,O=C([*])C(C)O[*],,,107.2,10.1134_s0965545x1703018x_part_2.txt_∂Œ1_Material2
[*]CC[*],C=C([CH3])C(=O)O[CH3],COC(C(C[*])([*])C)=O,,,124,10.1021_ma302187b_part_1.txt_∂Œ1_Material1
[*]C([C@H](C)OC([C@H](C)O[*])=O)=O,[*]OCCCCOC(CCC([*])=O)=O,O=[Mg].O=[Si]=O.O=[Si]=O.O=[Si]=O.O=[Si]=O.O=[Mg].O=[Mg].O,,,158,10.1002_app.44777_part_1.txt_∂Œ1_Material1
[*]CCCC([*])OC(C)=O,[*]C(CCCCC(OCCCCO[*])=O)=O,,,,86,10.1088_1757-899x_965_1_012032_part_1.txt_∂Œ1_Material1
[*]C([H])([H])C(O)([H])[*],[*]OCC1C(C(C(CC1CO)COCC2C(C(C(CC2CO)C[*])O)COCC3C(C(C(C(O3)CO)O)O)COCC4C(C(C(C(O4)C(O)=O)COCC5C(C(C(C(O5)C(O)=O)O)O)O)O)O)O)O,[*]OCC1C(C(C(CC1CO)COCC2C(C(C(CC2CO)C[*])O)COCC3C(C(C(C(O3)CO)O)O)COCC4C(C(C(C(O4)C(O)=O)COCC5C(C(C(C(O5)C(O)=O)O)O)O)O)O)O)O,,,226.6,10.1016_j.carbpol.2013.02.043_part_1.txt_∂Œ1_Material1
[*]C1C(OC(C(C1O)O)OC2C(OC(C(C2O)O)O[*])CO)CO,[*]CC[*],,,,130,10.4028_www.scientific.net_kem.800.210_part_1.txt_∂Œ1_Material1
[*]OC(CC(OC(CC([*])=O)CC)=O)C,[*]C(CCCCCO[*])=O,CCOC(=O)C(O)(CC(=O)OCC)CC(=O)OCC,OC1=C2C(C3(O)C4C5C6=C7C8C(C9=CC(C(O)=O)=C(C=C(C=C%10C(O)=O)C%11%12)C(C%11=C%13C%14C%15%16C%17(O%16)C%18C%19=C%20C%21=C%22C(C(O)=C%23)=C%24C%25C%21=C%26C%19=C%27C%17=C%28C%14(O)C%12=C%10C=C%28CC%27=CC%26=CC%25=C(C(O)=O)C=C%24)C9=C7C%13(O)C5=C%15C3=C%18C%29%30C%20(O%30)C%31C%22C%23=C%32)=CC(C(O)=O)=CC8=CC6=C(C(O)=O)C4=C2)=C%29C%33=C%31C%32=C(C(O)=O)C=C%331,,29,10.1007_s10924-016-0795-2_part_1.txt_∂Œ1_Material1
[*]C(CCCCCO[*])=O,[*]OCC[*],[*]NC(C)C(N1CCCC1C([*])=O)=O,,,56,10.1007_s12033-018-0084-5_part_2.txt_∂Œ1_Material1
[*]CC[*],[*]C([H])([H])C(O)([H])[*],[*]OC1OC(CO)C(OC2C(O)C(O)C([*])C(CO)O2)C(O)C1O,,,127,10.1007_s00289-019-02903-y_part_1.txt_∂Œ1_Material2
O=C([*])CCCCCN[*],FC(F)([*])C([H])([*])[H],,,,215,10.3390_polym12071572_part_1.txt_∂Œ1_Material1
[*]C(NC1=C(C)C(NC(OCCO[*])=O)=CC=C1)=O,[*]C(CCCCCO[*])=O,[*]OC1C(C(O)=O)OC(OC2C(NC(C)=O)C([*])OC(CO)C2O)C(O)C1O,,,30.4,10.1177_1045389x20932212_part_2.txt_∂Œ1_Material1
O=C([*])C(C)O[*],[*]C(CCCCCO[*])=O,[Ag],,,170,10.23880_fsnt-16000131_OA_part_1.txt_∂Œ1_Material1
O=C([*])C(C)O[*],OP(O)(O)=O,[Ag],,,170,10.23880_fsnt-16000131_OA_part_1.txt_∂Œ1_Material2
[*]CCCC([*])OC(C)=O,[*]CCCC([*])OC(C)=O,,,,73.6,10.1016_j.mtcomm.2021.102634_part_1.txt_∂Œ1_Material1
O=C([*])C(C)O[*],[*]C(CCCCCO[*])=O,[*]OC1OC(CO)C(OC2C(O)C(O)C([*])C(CO)O2)C(O)C1O,,,171,10.1002_pc.22145_part_2.txt_∂Œ1_Material3
[*]C(NC1=C(C)C(NC(OCCO[*])=O)=CC=C1)=O,C/C(C[*])=C/C[*],O=[Ti]=O,,,200,10.3390_polym13010143_part_4.txt_∂Œ1_Material1
C/C(C[*])=C/C[*],[*]CC[*],,,,180,10.1007_s11029-014-9421-3_part_1.txt_∂Œ1_Material1
[*]C(CCCCCO[*])=O,OCC1OC(C(C(C1[*])O)O)OC2C(C(C(OC2CO)O[*])O)O,,,,61,10.1016_j.carbpol.2019.01.085_part_2.txt_∂Œ1_Material1
[*]CC(COC1=CC=C(C=C1)C(C)(C)C2=CC=C(C=C2)O[*])O,O=C([*])C(C)O[*],,,,173,10.1016_j.polymertesting.2020.106923_part_1.txt_∂Œ1_Material1
[*]C(C)C[*],[*]C(C)C[*],[H][Si]([H])([H])[H],,,163,10.1002_app.34514_part_2.txt_∂Œ1_Material1
[*]OCC[*],[*]CC[*],,,,56.67,10.1016_j.jpowsour.2011.08.041_part_1.txt_∂Œ1_Material1
[*]C([H])([H])C(O)([H])[*],CCCCCCCCCCCCCCCC[N+](C)(C)C.[Br-],,,,176.7,10.1177_0731684418761224_part_2.txt_∂Œ1_Material1
[*]C(C)C[*],[O-][Si]([O-])([O-])O[Si]([O-])([O-])[O-].[Ca+2],,,,200,10.1111_j.1475-1305.2009.00671.x_part_1.txt_∂Œ1_Material1
[*]CC[*],O=[Si]=O,[*]OCC[*],,,131.93,10.1016_j.polymertesting.2016.03.017_part_2.txt_∂Œ1_Material2
[*]CC(C1=CC=CC=C1)C/C=C/C[*],[*]C(C)C[*],CC1=CC(O)=C(C=C1CCCC(C2=C(C=C(C(C(C)(C)C)=C2)O)C)C3=CC(C(C)(C)C)=C(C=C3C)O)C(C)(C)C,,,160,10.1002_app.46580_part_1.txt_∂Œ1_Material1
O=C(C1=CC=C(C=C1)C(OCC[*])=O)O[*],[*]CC[*],O=[Al]O[Al]=O.O=[Si]=O.O=[Si]=O.O=[Si]=O,,,260,10.1515_polyeng-2013-0107_part_2.txt_∂Œ1_Material1
CC(CO[*])[*],,,,,174,10.1007_s10118-017-1989-3_part_2.txt_∂Œ1_Material1
[*]C(C)C[*],[*]OCC[*],,,,165,10.1002_pen.23278_part_1.txt_∂Œ1_Material1
[*]C([H])([H])C(O)([H])[*],[Zn]=O,,,,225,10.1080_15567265.2013.776152_part_1.txt_∂Œ1_Material1
O=C([*])C1=CC=C(C=C1)OC2=CC=C(C=C2)OC3=CC=C(C=C3)[*],O=[Zr]=O,,,,343,10.1016_j.compstruct.2018.03.062_part_1.txt_∂Œ1_Material3
[*]C(C)C[*],[*]C/C=C/CCC([*])C#N,[H][O-],[H][Si]([H])([H])[H],,165.67,10.1177_0892705719832072_part_2.txt_∂Œ1_Material1
[*]C(C)C[*],[*]C(C)C[*],CCCCCCCCCCCCCCCCCCOC(CCC1=CC(C(C)(C)C)=C(C(C(C)(C)C)=C1)O)=O,NC1=CC=C(C=C1)/C2=C3C=C/C(N\3)=C(C4=N/C(C=C4)=C(C5=CC=C(N5)/C(C6=CC=CC=C6)=C7N=C2C=C\7)/C8=CC=CC=C8)\C9=CC=CC=C9,,145.3,10.1007_s12221-015-5347-1_part_1.txt_∂Œ1_Material1
O=C([*])C(C)O[*],[Mg],,,,170.9,10.1016_j.compstruct.2020.112322_part_1.txt_∂Œ1_Material1
O=C([*])C(C)O[*],C=CCN1C(=O)N(CC=C)C(=O)N(CC=C)C1=O,[*]CCCC([*])C(OC)=O,,,154,10.1080_15583724.2020.1855194_part_2.txt_∂Œ1_Material1
[*]C(C)C[*],[*]C/C=C\CCC(C=C)[*],CCCCCCCCCCCCCCCCCCOC(CCC1=CC(C(C)(C)C)=C(C(C(C)(C)C)=C1)O)=O,,,220,10.1016_j.polymertesting.2021.107069_part_1.txt_∂Œ1_Material1
[*]CC[*],O=C([*])C(C)O[*],,,,131,10.1134_s0965545x16010077_part_1.txt_∂Œ1_Material1
O=C([*])C(C)O[*],O=C([*])OC1=CC=C(C=C1)C(C)(C)C2=CC=C(C=C2)O[*],,,,150,10.1515_polyeng-2013-0309_part_1.txt_∂Œ1_Material1
[*]NCCCCCCCCCCCC([*])=O,[*]CC(C1=CC=CC=C1)C/C=C/C[*],[*]CC(CCCC(CC)CC([*])C1=CC=CC=C1)C2=CC=CC=C2,,,178,10.1016_j.polymertesting.2017.11.006_part_1.txt_∂Œ1_Material1
O=C([*])CCCCCN[*],O=C([*])OC1=CC=C(C=C1)C(C)(C)C2=CC=C(C=C2)O[*],[*]CCC(CCCC(CCCC(C[*])C)C)C,,,218.74,10.1080_00222348.2011.565273_part_2.txt_∂Œ1_Material1
[*]NCCCCCCCCCCCC([*])=O,C/C(C[*])=C/C[*],,,,177.8,10.1007_s10965-016-0985-6_part_2.txt_∂Œ1_Material1
O=C([*])C(C)O[*],[H][O-],O=[Al]O[Al]=O.O=[Si]=O.O=[Si]=O.O=[Si]=O,,,145,10.1007_s10570-020-03268-6_part_1.txt_∂Œ1_Material1
O=C([*])CCCCCN[*],O=[Ti]=O,,,,208.9,10.1002_pc.22292_part_2.txt_∂Œ1_Material1
[*]C([H])([H])C(O)([H])[*],FC(F)([*])C([H])([*])[H],O=[Ti]=O,,,165,10.1007_s11581-016-1925-5_part_1.txt_∂Œ1_Material3
O=C(CCCCC(N(CCCCCCN([*])[H])[H])=O)[*],O=[Al]O[Al]=O.O=[Si]=O.O=[Si]=O.O.O,,,,250,10.4067_s0717-97072017000303562_part_1.txt_∂Œ1_Material1
[*]C(CCCCCO[*])=O,CCO[Si](OCC)(OCC)OCC,,,,60,10.1016_j.msec.2014.04.024_part_2.txt_∂Œ1_Material2
[*]C1C(OC(C(C1O)O)OC2C(OC(C(C2O)O)O[*])CO)CO,O[Si](O)(O[Si](O)(O)O)O.[Al].[Al].O,,,,190,10.4028_www.scientific.net_kem.762.192_part_1.txt_∂Œ1_Material1
O=C([*])C(C)O[*],[*]OCC[*],[*]OCC[*],OCC1OC(C(C(C1[*])O)O)OC2C(C(C(OC2CO)O[*])O)O,,170.3,10.1007_s10570-017-1327-5_part_3.txt_∂Œ1_Material1
[*]C(C)C[*],[*]CCCC([*])OC(C)=O,CCCCCCCCCCCCCCCCCCOC(CCC1=CC(C(C)(C)C)=C(C(C(C)(C)C)=C1)O)=O,[*]CCCC([*])OC(C)=O,,102,10.1007_s12221-015-5347-1_part_1.txt_∂Œ1_Material2
[*]C(C)C[*],CCCCCCCCCCCCCCCCCCOC(CCC1=CC(C(C)(C)C)=C(C(C(C)(C)C)=C1)O)=O,OCC(O)CO,,,168,10.3144_expresspolymlett.2015.28_part_1.txt_∂Œ1_Material1
OCC1OC(C(C(C1O)O[*])O)OC2C(C(C(OC2COS(=O)(O)=O)[*])NC(C)=O)O,OP(O)(O)=O,,,,114,10.1016_j.polymdegradstab.2020.109272_part_4.txt_∂Œ1_Material1
[*]C(C)C[*],[*]OCCCOC(C1=CC=C(C([*])=O)C=C1)=O,NC1=CC=C(C=C1)/C2=C3C=C/C(N\3)=C(C4=N/C(C=C4)=C(C5=CC=C(N5)/C(C6=CC=CC=C6)=C7N=C2C=C\7)/C8=CC=CC=C8)\C9=CC=CC=C9,,,166.7,10.2478_s13536-012-0018-z_part_1.txt_∂Œ1_Material1
O=C(CCCCC(N(CCCCCCN([*])[H])[H])=O)[*],[C],,,,263,10.1515_epoly-2022-8111_OA_part_1.txt_∂Œ1_Material1
O=C(C1=CC=C(C=C1)C(OCC[*])=O)O[*],[*]C(C1=CC=C(C=C1)C(OCCCCOC(C2=CC=C(C=C2)C(OCCCCO[*])=O)=O)=O)=O,,,,227.2,10.1002_pcr2.10063_part_1.txt_∂Œ1_Material3
O=C([*])CCCCCN[*],C=C(C)C(=O)OCCCC,,,,271,10.1002_pen.22096_part_2.txt_∂Œ1_Material1
[*]C([H])([H])C(O)([H])[*],[*]OC1OC(CO)C(OC2C(O)C(O)C([*])C(CO)O2)C(O)C1O,,,,220.4,10.1007_s12221-013-0133-4_part_1.txt_∂Œ1_Material1
[*]O[C@@]([H])(C)C(O[C@](C)([H])C([*])=O)=O,[*]C([C@H](C)OC([C@H](C)O[*])=O)=O,,,,170,10.1002_app.42857_part_1.txt_∂Œ1_Material1
O=C([*])C(C)O[*],C=C([CH3])C(=O)O[CH3],,,,151.7,10.1080_03602559.2015.1132464_part_4.txt_∂Œ1_Material6
O=C([*])CCCCCN[*],OC(C(C)(CC(C1=CC=CC=C1)[*])CC(C[*])(C(OCC2CO2)=O)C)=O,,,,215,10.1016_j.compositesb.2018.08.106_part_1.txt_∂Œ1_Material1
[*]CC(COC1=CC=C(C=C1)C(C)(C)C2=CC=C(C=C2)O[*])O,[*]OCCOC(CC(C([*])=O)C(C1CCCCC1)CC(CC(O)=O)C(OCCO)=O)=O,,,,180,10.1016_j.polymer.2016.09.084_part_1.txt_∂Œ1_Material2
O=C(C1=CC=C(C=C1)C(OCC[*])=O)O[*],[*]CC(CCCC(CC)CC([*])C1=CC=CC=C1)C2=CC=CC=C2,O=[Al]O[Al]=O.O=[Si]=O.O=[Si]=O.O=[Si]=O,,,250.7,10.1002_app.34980_part_2.txt_∂Œ1_Material1
CC(NC(C([*])C)=O)C(NC(C)C(NC(C)C(N[*])=O)=O)=O,[*]C([H])([H])C(O)([H])[*],C(CC=O)CC=O,,,220,10.1007_s12221-015-0761-y_part_2.txt_∂Œ1_Material1
[*]C(C)C[*],O=C([*])CCCCCN[*],CCCCCCCCCCCCCCCCCCOC(CCC1=CC(C(C)(C)C)=C(C(C(C)(C)C)=C1)O)=O,NC1=CC=C(C=C1)/C2=C3C=C/C(N\3)=C(C4=N/C(C=C4)=C(C5=CC=C(N5)/C(C6=CC=CC=C6)=C7N=C2C=C\7)/C8=CC=CC=C8)\C9=CC=CC=C9,,194.7,10.1007_s12221-015-5347-1_part_1.txt_∂Œ1_Material3
[*]C(N(CN(C(OCOC(N(CN(C(OCCO[*])=O)[H])[H])=O)=O)[H])[H])=O,[*]C(C1=CC=CC=C1)CC2C(OC(C2[*])=O)=O,,,,97.44,10.1177_096369351502400603_part_1.txt_∂Œ1_Material1
CC(NC(C([*])C)=O)C(NC(C)C(NC(C)C(N[*])=O)=O)=O,[*]C([H])([H])C(O)([H])[*],C[N+](CCO)(CCO)[3H],O=[Al]O[Al]=O.O=[Si]=O.O=[Si]=O.O=[Si]=O,,220,10.1007_s12221-015-0761-y_part_2.txt_∂Œ1_Material3
O=C([*])C(C)O[*],[*]C(CCCCCO[*])=O,OC(C(C)(CC(C1=CC=CC=C1)[*])CC(C[*])(C(OCC2CO2)=O)C)=O,,,170,10.1680_jgrma.18.00006_part_9.txt_∂Œ1_Material1
C/C(C[*])=C/C[*],[*]CCCC(C(O)=O)[*],[*]C(CCCCCO[*])=O,,,57.5,10.1016_j.eurpolymj.2021.110488_part_1.txt_∂Œ1_Material2
O=C([*])C(C)O[*],OCC1OC(C(C(C1[*])O)O)OC2C(C(C(OC2CO)O[*])O)O,C12=C3C(C=CC4C3=C5C(CC6=CC7=C8C9=C(C(C=C%10)=CC=C9C=C7)C%11=C%10C%12)=CC4)=CC=C1C=C%12C%13=C%11C8=C6C5=C2%13,,,147,10.1002_pc.26053_part_1.txt_∂Œ1_Material1
[*]NCCCCCCCCCCCC([*])=O,C12=C3C(C=CC4C3=C5C(CC6=CC7=C8C9=C(C(C=C%10)=CC=C9C=C7)C%11=C%10C%12)=CC4)=CC=C1C=C%12C%13=C%11C8=C6C5=C2%13,,,,175.2,10.1002_app.45332_part_2.txt_∂Œ1_Material1
[*]C/C=C/CCC([*])C#N,C=C(C(OCC1CO1)=O)C,,,,180,10.1177_0095244312445523_part_4.txt_∂Œ1_Material1
O=C([*])C(C)O[*],C12=CC3=CC4=CC=CN=C4N=C3N=C1N=C5N=C6N=CC=CC6=CC5=C2,O=C([*])C(C)O[*],,,145.8,10.1177_0021998317708020_part_2.txt_∂Œ1_Material1
[*]C(C)C[*],[*]CCC(CCCCCC)C[*],[*]CC[*],,,129.45,10.1002_app.42960_part_1.txt_∂Œ1_Material4
[*]C(CCCCC(OCCCCOC(C1=CC=C(C(OCCCCO[*])=O)C=C1)=O)=O)=O,OCC(O)CO,,,,120,10.1007_s10924-021-02223-1_part_1.txt_∂Œ1_Material1
[*]C([C@H](C)OC([C@H](C)O[*])=O)=O,OP(O)(O)=O,[*]C([C@H](C)OC([C@H](C)O[*])=O)=O,,,95,10.3390_polym11071193_part_2.txt_∂Œ1_Material2
[*]O[C@H](C)CC([*])=O,[*]O[C@H](C)CC([*])=O,,,,172,10.1021_acsabm.8b00445_part_1.txt_∂Œ1_Material1
[*]NCCCCCCCCCCCC([*])=O,[*]CCCCO[*],,,,144,10.1002_pen.25712_part_1.txt_∂Œ1_Material1
[*]C(CCCCC(OCCCCO[*])=O)=O,[*]C1C(OC(C(C1O)O)OC2C(OC(C(C2O)O)O[*])CO)CO,,,,110,10.1016_j.polymertesting.2018.07.009_part_1.txt_∂Œ1_Material1
[*]C(C)C[*],[*]CCC(CCCCCC)C[*],[*]C(C)C[*],,,165,10.1002_pc.25203_part_2.txt_∂Œ1_Material1
[*]C(C)C[*],O=C(O)CCCCCCCCCCCCCCCCC,[*]C(C)C[*],,,185,10.1002_pc.21065_part_2.txt_∂Œ1_Material1
FC(F)([*])C([H])([*])[H],[Ag],,,,142,10.1021_acsomega.8b01185_part_1.txt_∂Œ1_Material1
[*]C(C)C[*],[*]C(C)C[*],OCC(C(C(C1N)O)O[*])OC1OC2C(OC(C(C2O)N)[*])CO,OCC(O)CO,,166,10.3390_ma10020105_part_2.txt_∂Œ1_Material1
[*]OCC[*],[*]C(C)C[*],OCC1OC(OC2C(O)C(O)C(O[*])OC2CO)C(O)C(O)C1[*],,,166.7,10.4028_www.scientific.net_kem.751.264_part_1.txt_∂Œ1_Material1
FC(F)([*])C([H])([*])[H],OC1=C2C(C3(O)C4C5C6=C7C8C(C9=CC(C(O)=O)=C(C=C(C=C%10C(O)=O)C%11%12)C(C%11=C%13C%14C%15%16C%17(O%16)C%18C%19=C%20C%21=C%22C(C(O)=C%23)=C%24C%25C%21=C%26C%19=C%27C%17=C%28C%14(O)C%12=C%10C=C%28CC%27=CC%26=CC%25=C(C(O)=O)C=C%24)C9=C7C%13(O)C5=C%15C3=C%18C%29%30C%20(O%30)C%31C%22C%23=C%32)=CC(C(O)=O)=CC8=CC6=C(C(O)=O)C4=C2)=C%29C%33=C%31C%32=C(C(O)=O)C=C%331,[*]C1=CC=C([*])N1,,,170,10.1038_s41598-019-46305-6_part_2.txt_∂Œ1_Material2
[*]C(C)C[*],[*]CC(C1=CC=CC=C1)[*],,,,166.39,10.1007_s12588-011-9005-1_part_2.txt_∂Œ1_Material1
[*]C/C=C/CCC([*])C#N,[*]CC([*])Cl,,,,190,10.1007_s10973-019-09194-5_part_2.txt_∂Œ1_Material1
[*]C1=CC=C(C=C1)C(N[*])=O,O=C(CCCCC(N(CCCCCCN([*])[H])[H])=O)[*],,,,255,10.5254_rct.12.88970_part_1.txt_∂Œ1_Material1
OP(O)(O)=O,OCC(C(C(C1N)O)O[*])OC1OC2C(OC(C(C2O)N)[*])CO,O=[Si]=O,,,79,10.1002_masy.201400080_part_1.txt_∂Œ1_Material2
[*]CC(CC[*])O,[*]C(C)C[*],,,,215,10.1016_j.polymer.2017.08.032_part_2.txt_∂Œ1_Material1
O=C([*])C(C)O[*],O=C(O[*])CCCCCCCCCCN[*],O=[Ti]=O,,,160,10.1002_pen.23692_part_1.txt_∂Œ1_Material1
[*]CCCC(C1C([*])C2CC1C/C2=C/C)C,O[Si](O)(O[Si](O)(O)O)O.[Al].[Al].O,,,,120.5,10.1002_app.40307_part_1.txt_∂Œ1_Material1
[*]C(C)C[*],[*]CC(CCCC(CC)CC([*])C1=CC=CC=C1)C2=CC=CC=C2,[H][Si]([H])([H])[H],,,166.3,10.1016_s1005-0302(12)60116-9_part_1.txt_∂Œ1_Material1
[*]C(C)C[*],[Mg]=O,COC1=CC(/C=C/C=O)=CC(OC2=CC(C(C(OC3=CC=C(C=C3OC)C(C(CO)=O)O)CO)O)=CC=C2OC4=CC(C(C(COC5=CC=C(C=C5)C(C(CO)=O)O)=O)O)=CC=C4O)=C1,,,164,10.3390_molecules25040864_part_2.txt_∂Œ1_Material1
[*]CC(C#N)[*],OP(O)(O)=O,O=[Ti]=O,,,180,10.1016_j.progpolymsci.2011.07.001_part_4.txt_∂Œ1_Material1
[*]NC(C(N1CCCC1C(NCC(N2CC(CC2C(NC(C(NCC([*])=O)=O)CO)=O)O)=O)=O)=O)CCCCN,CC(NC1C([C@@H](C(O[C@H]1O[*])CO)O[C@@H]2OC([C@H]([C@@H](C2NC(C)=O)O)[*])CO)O)=O,,,,113,10.1016_j.lwt.2016.10.028_part_3.txt_∂Œ1_Material1
O=C([*])C(C)O[*],[*]C(CCCCC(OCCCCOC(C1=CC=C(C(OCCCCO[*])=O)C=C1)=O)=O)=O,,,,160,10.1007_s10853-013-7431-5_part_1.txt_∂Œ1_Material1
[*]CC(COC1=CC=C(C=C1)C(C)(C)C2=CC=C(C=C2)O[*])O,[*]OCC[*],,,,80,10.1002_pen.23733_part_1.txt_∂Œ1_Material1
[*]C(C)C[*],[*]CC(CC=CCC([*])C1=CC=CC=C1)C#N,[*]C(C)C[*],,,164.2,10.1002_pen.25062_part_1.txt_∂Œ1_Material1
[*]C(C)C[*],[*]CC([*])Cl,,,,162.61,10.1515_polyeng-2014-0098_part_1.txt_∂Œ1_Material1
[*]C(CCCCCO[*])=O,[*]C(NC1=C(C)C(NC(OCCO[*])=O)=CC=C1)=O,,,,52.9,10.1080_25740881.2020.1757105_part_2.txt_∂Œ1_Material2
O=C([*])C(C)O[*],C=C([CH3])C(=O)O[CH3],O=C([O-])[O-].[Ca+2],,,168,10.1002_app.46927_part_2.txt_∂Œ1_Material3
[*]CCC(CCCC(CCCC(C[*])C)C)C,[*]C(NC1=C(C)C(NC(OCCO[*])=O)=CC=C1)=O,,,,150,10.1007_s10904-018-0931-7_part_2.txt_∂Œ1_Material1
[*]OCCCCOC(CCC([*])=O)=O,CCO[Si](OCC)(OCC)OCC,,,,99.85000000000002,10.1007_s10965-010-9416-2_part_1.txt_∂Œ1_Material1
C/C(C[*])=C/C[*],[*]C(CCCCCO[*])=O,O=C(O)C([*])C[*],,,55,10.1080_00222348.2020.1757218_part_3.txt_∂Œ1_Material2
[*]NCC(NC(C(ONCC(NC(C(NCC(NC(C([*])=O)C)=O)=O)C)=O)=O)CO)=O,O=C([*])C(C)O[*],,,,150,10.1016_j.jiec.2018.11.017_part_2.txt_∂Œ1_Material1
[*]C([H])([H])C(O)([H])[*],[*]OCC[*],[*]CC[*],,,210,10.1002_app.46481_part_1.txt_∂Œ1_Material3
O=C([*])C(C)O[*],O=C([*])C(C)O[*],O1C(=O)C=CC1=O,,,112.8,10.1080_09276440.2015.1054743_part_2.txt_∂Œ1_Material2
[*]C([C@H](C)OC([C@H](C)O[*])=O)=O,C=C([CH3])C(=O)O[CH3],[*]OCC[*],,,165.3,10.1002_pc.21194_part_1.txt_∂Œ1_Material1
O=C(O)C([*])C[*],[*]C(CCCCC(OCCCCO[*])=O)=O,[*]CC(C1=CC=CC=C1)[*],,,120,10.1016_j.polymer.2016.12.043_part_1.txt_∂Œ1_Material2
O=C([*])C(C)O[*],[Ag+],,,,155.7,10.1007_s13726-019-00694-7_part_1.txt_∂Œ1_Material2
[*]CC[*],[*]CC[*],[Al],,,125,10.32737_2221-8688-2020-1-33-39_OA_part_1.txt_∂Œ1_Material4
[*]C(C)C[*],C/C(C[*])=C/C[*],NC1=CC=C(C=C1)/C2=C3C=C/C(N\3)=C(C4=N/C(C=C4)=C(C5=CC=C(N5)/C(C6=CC=CC=C6)=C7N=C2C=C\7)/C8=CC=CC=C8)\C9=CC=CC=C9,,,165.3,10.1002_pc.22178_part_2.txt_∂Œ1_Material1
[*]C(C)C[*],[*]C(C=C1)=CC=C1S[*],O=[Si]=O,,,163,10.1016_j.compscitech.2018.06.029_part_1.txt_∂Œ1_Material1
O=C([*])C(C)O[*],O=C(O)C([*])C[*],,,,147.7,10.7569_jrm.2016.634126_part_1.txt_∂Œ1_Material1
C=CC1=CC=CC=C1,O=C(C(C[*])[*])N,OCC(O)CO,CCCCCCCCCCCCOS([O-])(=O)=O.[Na+],,130.15,10.1007_s10965-018-1469-7_part_2.txt_∂Œ1_Material4
OP(O)(O)=O,[*]CC[*],,,,131,10.4028_www.scientific.net_amr.699.51_part_1.txt_∂Œ1_Material1
[*]OCC[*],CC1=CC=C(C=C1N=C=O)N=C=O,[*]C1=CC=C([*])N1,,,150,10.1080_03602559.2015.1132436_part_9.txt_∂Œ1_Material2
O=C([*])CCCCCN[*],O=C([*])CCCCCN[*],,,,219,10.1007_s10853-013-7546-8_part_1.txt_∂Œ1_Material1
O=C([*])CCCCCN[*],[*]CCCC(CCCCCC)[*],C=CC1=CC=CC=C1,,,222,10.1016_j.matlet.2014.03.186_part_1.txt_∂Œ1_Material1
O=C([*])C(C)O[*],[*]OC(CC(OC(CC([*])=O)CC)=O)C,[*]OCC[*],OCC1OC(C(C(C1[*])O)O)OC2C(C(C(OC2CO)O[*])O)O,,160,10.1016_j.foodhyd.2018.04.045_part_3.txt_∂Œ1_Material2
[*]CC[*],O=P([O-])([O-])[O-].[Ca+2].[Ca+2].[OH-],,,,127,10.1016_j.matdes.2011.12.004_part_1.txt_∂Œ1_Material1
[*]C(C=C1)=CC=C1S[*],,,,,284.8,10.5764_tcf.2012.24.4.281_OA_part_1.txt_∂Œ1_Material1
NC1=CC=C(C=C1)/C2=C3C=C/C(N\3)=C(C4=N/C(C=C4)=C(C5=CC=C(N5)/C(C6=CC=CC=C6)=C7N=C2C=C\7)/C8=CC=CC=C8)\C9=CC=CC=C9,[*]CCCC([*])OC(C)=O,,,,85.3,10.1002_app.31630_part_2.txt_∂Œ1_Material2
[*]C([C@H](C)OC([C@H](C)O[*])=O)=O,[*]OCC[*],[*]O[C@@]([H])(C)C(O[C@](C)([H])C([*])=O)=O,[*]O[C@@]([H])(C)C(O[C@](C)([H])C([*])=O)=O,,164,10.1016_j.polymdegradstab.2013.02.016_part_1.txt_∂Œ1_Material1
FC(F)([*])C([H])([*])[H],C12=C3C(C=CC4C3=C5C(CC6=CC7=C8C9=C(C(C=C%10)=CC=C9C=C7)C%11=C%10C%12)=CC4)=CC=C1C=C%12C%13=C%11C8=C6C5=C2%13,,,,175,10.1016_j.polymer.2010.09.067_part_2.txt_∂Œ1_Material1
O=C([*])C1=CC=C(C=C1)OC2=CC=C(C=C2)OC3=CC=C(C=C3)[*],[Zn]=O,,,,339,10.1177_0954008317723445_part_1.txt_∂Œ1_Material1
OCC(C(C(C1N)O)O[*])OC1OC2C(OC(C(C2O)N)[*])CO,[*]C([H])([H])C(O)([H])[*],O=C([*])C(C)O[*],,,145,10.1021_bm101227q_part_1.txt_∂Œ1_Material1
[*]C1C(OC(C(C1O)O)OC2C(OC(C(C2O)O)O[*])CO)CO,OP(O)(O)=O,OCC(O)CO,O=C(N)N,[H]O[H],111,10.1007_s10924-020-01972-9_part_2.txt_∂Œ1_Material1
[*]C(CCCCC(OCCCCO[*])=O)=O,[*]C1C(OC(C(C1O)O)OC2C(OC(C(C2O)O)O[*])CO)CO,OCC(O)CO,,,110,10.1007_s12221-016-6379-x_part_1.txt_∂Œ1_Material1
[*]C1C(O)C(O)C(OC2C(O)C(O)C(O[*])OC2COCCO)OC1COCCO,,,,,80,10.1002_pc.21121_part_2.txt_∂Œ1_Material1
[*]C([C@H](C)OC([C@H](C)O[*])=O)=O,[*]OCC[*],O=P([O-])([O-])[O-].[Ca+2].[Ca+2].[OH-],,,166,10.1002_app.44187_part_2.txt_∂Œ1_Material2
[*]C([C@H](C)OC([C@H](C)O[*])=O)=O,FC(F)([*])C([H])([*])[H],C=C([CH3])C(=O)O[CH3],,,168.4,10.1039_c4ra03936j_part_3.txt_∂Œ1_Material1
OP(O)(O)=O,OCC1OC(C(C(C1[*])O)O)OC2C(C(C(OC2CO)O[*])O)O,O=C=NC(C=C1)=CC=C1CC2=CC=C(C=C2)N=C=O,,,114,10.1007_s10965-019-1783-8_part_1.txt_∂Œ1_Material1
[*]C(C)C[*],C=C(C(OCC1CO1)=O)C,C=CC1=CC=CC=C1,OC1=C2C(C3(O)C4C5C6=C7C8C(C9=CC(C(O)=O)=C(C=C(C=C%10C(O)=O)C%11%12)C(C%11=C%13C%14C%15%16C%17(O%16)C%18C%19=C%20C%21=C%22C(C(O)=C%23)=C%24C%25C%21=C%26C%19=C%27C%17=C%28C%14(O)C%12=C%10C=C%28CC%27=CC%26=CC%25=C(C(O)=O)C=C%24)C9=C7C%13(O)C5=C%15C3=C%18C%29%30C%20(O%30)C%31C%22C%23=C%32)=CC(C(O)=O)=CC8=CC6=C(C(O)=O)C4=C2)=C%29C%33=C%31C%32=C(C(O)=O)C=C%331,CCCCCCCCCCCCCCCCCCOC(CCC1=CC(C(C)(C)C)=C(C(C(C)(C)C)=C1)O)=O,180,10.1007_s00289-017-1962-x_part_1.txt_∂Œ1_Material1
[*]C([C@H](C)OC([C@H](C)O[*])=O)=O,[*]OCCCCOC(CCC([*])=O)=O,[*]OCC[*],,,174,10.1002_pat.1672_part_1.txt_∂Œ1_Material1
[*]C(CCCCCO[*])=O,[*]NC(C(N1CCCC1C(NCC(N2CC(CC2C(NC(C(NCC([*])=O)=O)CO)=O)O)=O)=O)=O)CCCCN,OCC1OC(C(C(C1[*])O)O)OC2C(C(C(OC2CO)O[*])O)O,[*]OC1C(C(O)=O)OC(OC2C(NC(C)=O)C([*])OC(CO)C2O)C(O)C1O,,60,10.3390_polym12091962_part_2.txt_∂Œ1_Material4
O=C([*])CCCCCN[*],O=C(C1=CC=C(C([*])=O)C=C1)NC2=CCC(N[*])C=C2,,,,220,10.1515_epoly-2022-8112_OA_part_2.txt_∂Œ1_Material1
[*]C/C=C/CCC([*])C#N,O=C([*])C(C)O[*],OC1=C2C(C3(O)C4C5C6=C7C8C(C9=CC(C(O)=O)=C(C=C(C=C%10C(O)=O)C%11%12)C(C%11=C%13C%14C%15%16C%17(O%16)C%18C%19=C%20C%21=C%22C(C(O)=C%23)=C%24C%25C%21=C%26C%19=C%27C%17=C%28C%14(O)C%12=C%10C=C%28CC%27=CC%26=CC%25=C(C(O)=O)C=C%24)C9=C7C%13(O)C5=C%15C3=C%18C%29%30C%20(O%30)C%31C%22C%23=C%32)=CC(C(O)=O)=CC8=CC6=C(C(O)=O)C4=C2)=C%29C%33=C%31C%32=C(C(O)=O)C=C%331,,,150,10.1080_09276440.2016.1170518_part_1.txt_∂Œ1_Material1
O=C([*])C(C)O[*],[*]OCCCCOC(CCC([*])=O)=O,OC(C(C)(CC(C1=CC=CC=C1)[*])CC(C[*])(C(OCC2CO2)=O)C)=O,,,145,10.1016_j.polymer.2015.10.038_part_3.txt_∂Œ1_Material1
C=C([CH3])C(=O)O[CH3],[*]C([H])([H])C(O)([H])[*],OC1=C2C(C3(O)C4C5C6=C7C8C(C9=CC(C(O)=O)=C(C=C(C=C%10C(O)=O)C%11%12)C(C%11=C%13C%14C%15%16C%17(O%16)C%18C%19=C%20C%21=C%22C(C(O)=C%23)=C%24C%25C%21=C%26C%19=C%27C%17=C%28C%14(O)C%12=C%10C=C%28CC%27=CC%26=CC%25=C(C(O)=O)C=C%24)C9=C7C%13(O)C5=C%15C3=C%18C%29%30C%20(O%30)C%31C%22C%23=C%32)=CC(C(O)=O)=CC8=CC6=C(C(O)=O)C4=C2)=C%29C%33=C%31C%32=C(C(O)=O)C=C%331,,,230,10.1177_0021998321995912_part_1.txt_∂Œ1_Material1
[*]OCCCCOC(CCC([*])=O)=O,OCC(O)CO,,,,80,10.1039_c9sm01958h_part_1.txt_∂Œ1_Material1
[*]CCCC([*])OC(C)=O,[*]C/C=C/CCC(C=C)CC([*])C1=CC=CC=C1,[Zn]=O,,,114,10.3139_217.3146_part_2.txt_∂Œ1_Material1
[*]CC[*],C12=C3C(C=CC4C3=C5C(CC6=CC7=C8C9=C(C(C=C%10)=CC=C9C=C7)C%11=C%10C%12)=CC4)=CC=C1C=C%12C%13=C%11C8=C6C5=C2%13,[*]OCC[*],,,129.2,10.1016_j.eurpolymj.2015.11.016_part_1.txt_∂Œ1_Material2
O=C([*])CCCCCN[*],[*]C(C1=CC=CC=C1)CC2C(OC(C2[*])=O)=O,[*]CC(CC)([*])C(OCC1=CC=CC=C1)=O,[*]C(C1=CC=CC=C1)CC2C(OC(C2[*])=O)=O,,211.6,10.1007_s10965-018-1684-2_part_2.txt_∂Œ1_Material1
[*]C(C)C[*],[*]CC(CC=CCC([*])C1=CC=CC=C1)C#N,C12=C3C(C=CC4C3=C5C(CC6=CC7=C8C9=C(C(C=C%10)=CC=C9C=C7)C%11=C%10C%12)=CC4)=CC=C1C=C%12C%13=C%11C8=C6C5=C2%13,,,163.4,10.1002_pat.5227_part_1.txt_∂Œ1_Material1
[*]C([C@H](C)OC([C@H](C)O[*])=O)=O,[*]OCCCCOC(CCC([*])=O)=O,,,,177.8,10.1016_j.polymdegradstab.2016.11.022_part_6.txt_∂Œ1_Material1
[*]C1C(OC(C(C1O)O)OC2C(OC(C(C2O)O)O[*])CO)CO,[*]C1C(OC(C(C1O)O)OC2C(OC(C(C2O)O)O[*])CO)CO,OCC(O)CO,,,185,10.1016_j.carbpol.2016.08.034_part_3.txt_∂Œ1_Material1
OCC1OC(C(C(C1[*])O)O)OC2C(C(C(OC2CO)O[*])O)O,[*]C(CCCCCO[*])=O,,,,66,10.1016_j.carbpol.2012.05.080_part_1.txt_∂Œ1_Material1
CC(NC(C([*])C)=O)C(NC(C)C(NC(C)C(N[*])=O)=O)=O,,,,,150,10.1007_s11356-019-07280-7_part_2.txt_∂Œ1_Material1
O=C([*])C(C)O[*],[*]OC(CC(OC(CC([*])=O)CC)=O)C,,,,151,10.3144_expresspolymlett.2018.10_part_2.txt_∂Œ1_Material1
NC1=CC=C(C=C1)/C2=C3C=C/C(N\3)=C(C4=N/C(C=C4)=C(C5=CC=C(N5)/C(C6=CC=CC=C6)=C7N=C2C=C\7)/C8=CC=CC=C8)\C9=CC=CC=C9,[*]CC[*],,,,105,10.3144_expresspolymlett.2010.88_part_2.txt_∂Œ1_Material4
O=C(C1=CC=C(C=C1)C(OCC[*])=O)O[*],[*]C(C1=CC=C(C(OCCCCO[*])=O)C=C1)=O,,,,252,10.1177_0040517517750643_part_1.txt_∂Œ1_Material1
[*]C1C(OC(C(C1O)O)OC2C(OC(C(C2O)O)O[*])CO)CO,OCC(C(C(C1N)O)O[*])OC1OC2C(OC(C(C2O)N)[*])CO,,,,176.9695,10.1088_1757-899x_600_1_012011_part_1.txt_∂Œ1_Material1
O=C(C1=CC=C(C=C1)C(OCC[*])=O)O[*],[*]OCCCOC(C1=CC=C(C([*])=O)C=C1)=O,,,,253.2,10.4028_www.scientific.net_amm.835.277_part_1.txt_∂Œ1_Material1
[*]OCCCCOC(CCC([*])=O)=O,[*]C1C(OC(C(C1O)O)OC2C(OC(C(C2O)O)O[*])CO)CO,[H][O-],,,115,10.1016_j.polymertesting.2016.01.015_part_2.txt_∂Œ1_Material1
[*]C([H])([H])C(O)([H])[*],C(CC=O)CC=O,,,,126,10.1016_j.foodchem.2019.125249_part_2.txt_∂Œ1_Material3
O=C(C1=CC=C(C=C1)C(OCC[*])=O)O[*],O=C(CCCCC(N(CCCCCCN([*])[H])[H])=O)[*],,,,263,10.1590_1516-1439.281914_part_2.txt_∂Œ1_Material2
[*]C([C@H](C)OC([C@H](C)O[*])=O)=O,[*]C(CCCCCO[*])=O,[*]OCC[*],,,180,10.1016_j.msea.2010.07.079_part_1.txt_∂Œ1_Material1
O=C([*])C(C)O[*],[*]C(N(CN(C(OCOC(N(CN(C(OCCO[*])=O)[H])[H])=O)=O)[H])[H])=O,,,,143.6,10.1007_s10570-018-2061-3_part_4.txt_∂Œ1_Material1
O=C([*])CCCCCN[*],[Li]Cl,[*]C1=NC2=CC3=C(C=C2O1)OC(C4=CC=C(C=C4)[*])=N3,,,190,10.1016_j.polymertesting.2018.10.005_part_1.txt_∂Œ1_Material1
[*]C1C(OC(C(C1O)O)OC2C(OC(C(C2O)O)O[*])CO)CO,OC1=C2C(C3(O)C4C5C6=C7C8C(C9=CC(C(O)=O)=C(C=C(C=C%10C(O)=O)C%11%12)C(C%11=C%13C%14C%15%16C%17(O%16)C%18C%19=C%20C%21=C%22C(C(O)=C%23)=C%24C%25C%21=C%26C%19=C%27C%17=C%28C%14(O)C%12=C%10C=C%28CC%27=CC%26=CC%25=C(C(O)=O)C=C%24)C9=C7C%13(O)C5=C%15C3=C%18C%29%30C%20(O%30)C%31C%22C%23=C%32)=CC(C(O)=O)=CC8=CC6=C(C(O)=O)C4=C2)=C%29C%33=C%31C%32=C(C(O)=O)C=C%331,,,,163.5,10.1016_j.carbpol.2017.06.048_part_1.txt_∂Œ1_Material1
[*]CC([*])Cl,O=C(O)CCCCCCCCCCCCCCCCC,,,,170,10.1016_j.polymertesting.2020.106691_part_1.txt_∂Œ1_Material1
O=C([*])OC1=CC=C(C=C1)C(C)(C)C2=CC=C(C=C2)O[*],C12=CC3=CC4=CC=CN=C4N=C3N=C1N=C5N=C6N=CC=CC6=CC5=C2,,,,240,10.3390_polym12112453_part_1.txt_∂Œ1_Material1
[*]NCCCCCCCCCCCC([*])=O,C12=CC3=CC4=CC=CN=C4N=C3N=C1N=C5N=C6N=CC=CC6=CC5=C2,,,,176,10.1016_j.compositesa.2014.05.020_part_3.txt_∂Œ1_Material1
[*]CCCC(CCCCCC)[*],O=[Al]O[Al]=O.O=[Si]=O.O=[Si]=O.O=[Si]=O,OC1=C2C(C3(O)C4C5C6=C7C8C(C9=CC(C(O)=O)=C(C=C(C=C%10C(O)=O)C%11%12)C(C%11=C%13C%14C%15%16C%17(O%16)C%18C%19=C%20C%21=C%22C(C(O)=C%23)=C%24C%25C%21=C%26C%19=C%27C%17=C%28C%14(O)C%12=C%10C=C%28CC%27=CC%26=CC%25=C(C(O)=O)C=C%24)C9=C7C%13(O)C5=C%15C3=C%18C%29%30C%20(O%30)C%31C%22C%23=C%32)=CC(C(O)=O)=CC8=CC6=C(C(O)=O)C4=C2)=C%29C%33=C%31C%32=C(C(O)=O)C=C%331,,,49.1,10.1007_s10965-017-1262-z_part_1.txt_∂Œ1_Material1
O=C([*])CCCCCN[*],[O-][Si]([O-])([O-])O[Si]([O-])([O-])[O-].[Ca+2],,,,220,10.1016_j.jmatprotec.2021.117161_part_1.txt_∂Œ1_Material1
O=C(C1=CC=C2C=C(C=CC2=C1)C([*])=O)OCCO[*],O=[Si]=O,,,,268,10.1002_pen.24602_part_1.txt_∂Œ1_Material6
[*]CC[*],[*]OCC[*],O=C1C=CC(O1)=O.C=C,,,137.1,10.1002_app.42701_part_2.txt_∂Œ1_Material1
[*]C(C)C[*],O=C([*])C(C)O[*],NC1=CC=C(C=C1)/C2=C3C=C/C(N\3)=C(C4=N/C(C=C4)=C(C5=CC=C(N5)/C(C6=CC=CC=C6)=C7N=C2C=C\7)/C8=CC=CC=C8)\C9=CC=CC=C9,,,158.08,10.1002_pen.25043_part_2.txt_∂Œ1_Material1
OCC(C(C(C1N)O)O[*])OC1OC2C(OC(C(C2O)N)[*])CO,[*]OC1C(C(OC(C1O)OC2C3C(C(OC2CO3)[*])O)CO)O,[*]C([H])([H])C(O)([H])[*],,,217.3,10.1155_2011_543587_part_1.txt_∂Œ1_Material1
O=C(C1=CC=C(C=C1)C(OCC[*])=O)O[*],[O-][Si]([O-])([O-])O[Si]([O-])([O-])[O-].[Ca+2],,,,210.3,10.1002_vnl.21753_part_2.txt_∂Œ1_Material1
O=C([*])C(C)O[*],[*]C/C=C/CCC([*])C#N,,,,148.5,10.1016_j.egypro.2016.05.035_part_1.txt_∂Œ1_Material2
[*]C(CCCCCO[*])=O,C[Si](C)(C[*])O[*],O=C=NCCCCCCN=C=O,,,46,10.1089_ten.tec.2017.0307_part_2.txt_∂Œ1_Material1
[*]NCCCCCCCCCCCC([*])=O,O=[Si]=O,,,,186.2,10.5545_sv-jme.2024.975_OA_part_1.txt_∂Œ1_Material1
O=C([*])CCCCCN[*],O=C(CCCCC(N(CCCCCCN([*])[H])[H])=O)[*],O=C(O[*])CCCCCCCCCCN[*],[*]NCCCCCCCCCCCC([*])=O,,220,10.1080_25740881.2018.1563115_part_1.txt_∂Œ1_Material1
O=C([*])CCCCCN[*],C12=C3C(C=CC4C3=C5C(CC6=CC7=C8C9=C(C(C=C%10)=CC=C9C=C7)C%11=C%10C%12)=CC4)=CC=C1C=C%12C%13=C%11C8=C6C5=C2%13,,,,219.9,10.1002_pi.4601_part_2.txt_∂Œ1_Material1
O=C(CCCCC(N(CCCCCCN([*])[H])[H])=O)[*],C=CCN1C(=O)N(CC=C)C(=O)N(CC=C)C1=O,,,,247,10.1002_pen.24636_part_1.txt_∂Œ1_Material1
[*]C(NC1=C(C)C(NC(OCCO[*])=O)=CC=C1)=O,[*]CC(C1=CC=CC=C1)C/C=C/C[*],,,,179.8,10.3390_app9214694_part_3.txt_∂Œ1_Material1
O=C(C1=CC=C2C=C(C=CC2=C1)C([*])=O)OCCO[*],,,,,264,10.1177_0021955x12449641_part_2.txt_∂Œ1_Material1
[*]C(C=C1)=CC=C1S[*],O=C(C1=CC=C(C=C1)C(OCC[*])=O)O[*],C12=CC3=CC4=CC=CN=C4N=C3N=C1N=C5N=C6N=CC=CC6=CC5=C2,,,279.8,10.1002_pc.25234_part_1.txt_∂Œ1_Material1
[*]CC[*],[*]CC([*])CC,,,,123.99,10.1155_2014_654260_part_2.txt_∂Œ1_Material1
[*]CC([*])Cl,[*]CCCC([*])OC(C)=O,,,,85.89,10.1016_j.matdes.2014.09.027_part_1.txt_∂Œ1_Material1
[*]C([H])([H])C(O)([H])[*],[*]C1C(OC(C(C1O)O)OC2C(OC(C(C2O)O)O[*])CO)CO,,,,200,10.1002_jps.23315_part_2.txt_∂Œ1_Material1
[*]C(C)C[*],C=C([CH3])C(=O)OC([CH3])[CH3],,,,160,10.1002_app.36445_part_2.txt_∂Œ1_Material1
O=C([*])CCCCCN[*],[*]CCCC(C1C([*])C2CC1C/C2=C/C)C,[*]CC[*],,,222,10.1016_j.polymer.2013.02.001_part_1.txt_∂Œ1_Material1
[*]CC[*],[*]OCC[*],OCC1OC(OC2C(O)C(O)C(O[*])OC2CO)C(O)C(O)C1[*],[*]OCC[*],,130,10.1016_j.compscitech.2012.12.013_part_1.txt_∂Œ1_Material2
[*]C(C)C[*],[*]OC1C(O)C(O)C(OC2C(CO)OC([*])C(O)C2O)OC1CO,,,,165,10.1080_10426914.2015.1059444_part_4.txt_∂Œ1_Material1
[*]CC([*])Cl,OC1=C2C(C3(O)C4C5C6=C7C8C(C9=CC(C(O)=O)=C(C=C(C=C%10C(O)=O)C%11%12)C(C%11=C%13C%14C%15%16C%17(O%16)C%18C%19=C%20C%21=C%22C(C(O)=C%23)=C%24C%25C%21=C%26C%19=C%27C%17=C%28C%14(O)C%12=C%10C=C%28CC%27=CC%26=CC%25=C(C(O)=O)C=C%24)C9=C7C%13(O)C5=C%15C3=C%18C%29%30C%20(O%30)C%31C%22C%23=C%32)=CC(C(O)=O)=CC8=CC6=C(C(O)=O)C4=C2)=C%29C%33=C%31C%32=C(C(O)=O)C=C%331,O=C(CCCCCCCCCCCCCCCCC)O[Ca]OC(CCCCCCCCCCCCCCCCC)=O,,,140,10.1177_0307174x1203900610_part_1.txt_∂Œ1_Material1
[*]C(C)C[*],[Mg],,,,165.1,10.1007_s13726-017-0593-2_part_2.txt_∂Œ1_Material1
C/C(C[*])=C/C[*],[*]C(C)C[*],,,,155,10.15282_ijame.8.2013.19.0107_OA_part_3.txt_∂Œ1_Material3
O=C([*])C(C)O[*],[*]CCCC([*])C(OC)=O,[*]CC(CC)([*])C(OCC1=CC=CC=C1)=O,,,169.5,10.1021_am502337u_part_2.txt_∂Œ1_Material1
[*]C([H])([H])C(O)([H])[*],C[Si](C)(C[*])O[*],,,,228,10.1016_j.compscitech.2018.06.007_part_1.txt_∂Œ1_Material1
[*]C(CCCCC(OCCCCO[*])=O)=O,[*]CC(C1=CC=CC=C1)[*],[*]OC1C(C(OC(C1O)OC2C3C(C(OC2CO3)[*])O)CO)O,,,118,10.1021_acsapm.0c00892_part_1.txt_∂Œ1_Material1
[*]CC[*],[*]CC[*],O=[Al]O[Al]=O.O=[Si]=O.O=[Si]=O.O=[Si]=O,,,148,10.1080_00222348.2013.861313_part_2.txt_∂Œ1_Material1
[*]C([H])([H])C(O)([H])[*],OC1=C2C(C3(O)C4C5C6=C7C8C(C9=CC(C(O)=O)=C(C=C(C=C%10C(O)=O)C%11%12)C(C%11=C%13C%14C%15%16C%17(O%16)C%18C%19=C%20C%21=C%22C(C(O)=C%23)=C%24C%25C%21=C%26C%19=C%27C%17=C%28C%14(O)C%12=C%10C=C%28CC%27=CC%26=CC%25=C(C(O)=O)C=C%24)C9=C7C%13(O)C5=C%15C3=C%18C%29%30C%20(O%30)C%31C%22C%23=C%32)=CC(C(O)=O)=CC8=CC6=C(C(O)=O)C4=C2)=C%29C%33=C%31C%32=C(C(O)=O)C=C%331,,,,229,10.1016_j.matchemphys.2020.123465_part_7.txt_∂Œ1_Material1
C[Si](C)(C[*])O[*],C[Si](C)(C[*])O[*],,,,120,10.1155_2015_758474_part_1.txt_∂Œ1_Material1
[*]C(C)C[*],O=C(C1=CC=C(C=C1)C(OCC[*])=O)O[*],[*]CCC(CCCCCC)C[*],,,162.9,10.1080_00914037.2013.769225_part_2.txt_∂Œ1_Material1
[*]C(NC1=C(C)C(NC(OCCO[*])=O)=CC=C1)=O,[*]C(CCCCCO[*])=O,OCC(C(C(C1N)O)O[*])OC1OC2C(OC(C(C2O)N)[*])CO,,,110,10.1177_0885328216664448_part_1.txt_∂Œ1_Material1
[*]C([H])([H])C(O)([H])[*],[*]CC([*])N1CCCC1=O,[*]NCC(NC(C(ONCC(NC(C(NCC(NC(C([*])=O)C)=O)=O)C)=O)=O)CO)=O,,,220,10.1002_pen.24801_part_1.txt_∂Œ1_Material1
O=C([*])C(C)O[*],[*]OCCCOC(C1=CC=C(C([*])=O)C=C1)=O,C[N+](CCO)(CCO)[3H],,,149.2,10.1515_polyeng-2018-0256_part_1.txt_∂Œ1_Material4
[*]CC[*],[*]C/C=C/CCC([*])C#N,,,,132,10.1016_j.radphyschem.2015.12.002_part_1.txt_∂Œ1_Material1
[*]OCCCCOC(CCC([*])=O)=O,[*]C1C(OC(C(C1O)O)OC2C(OC(C(C2O)O)O[*])CO)CO,,,,89.7,10.1016_j.carbpol.2016.08.048_part_2.txt_∂Œ1_Material2
[*]C([H])([H])C(O)([H])[*],[Na+].[Cl-],,,,191.1,10.1002_app.45981_part_2.txt_∂Œ1_Material1
C=C([CH3])C(=O)O[CH3],O=C([*])OC1=CC=C(C=C1)C(C)(C)C2=CC=C(C=C2)O[*],,,,225,10.1016_j.compstruct.2014.04.006_part_8.txt_∂Œ1_Material1
O=C([*])CCCCCN[*],O=[Si]=O,,,,219.3,10.1177_0040517512456756_part_2.txt_∂Œ1_Material1
[*]C([H])([H])C(O)([H])[*],[Cu],,,,153.45000000000005,10.1016_j.porgcoat.2018.11.024_part_1.txt_∂Œ1_Material1
O=C(C1=CC=C(C=C1)C(OCC[*])=O)O[*],[*]C(C)C[*],,,,128.2,10.1002_app.41892_part_2.txt_∂Œ1_Material1
[*]OC1=C(C([*])=CC=C1C)C,[*]C(C)C[*],,,,115,10.1016_j.polymer.2018.05.075_part_2.txt_∂Œ1_Material1
[*]/C=C\CC/C=C\CC(CC([*])C1=CC=CC=C1)C2=CC=CC=C2,[*]CC[*],[C],,,130,10.1002_app.45512_part_1.txt_∂Œ1_Material1
OP(O)(O)=O,[*]C1C(OC(C(C1O)O)OC2C(OC(C(C2O)O)O[*])CO)CO,OCC(O)CO,,,104.8,10.1016_j.carbpol.2018.11.036_part_5.txt_∂Œ1_Material1
[*]CC[*],OCC(C(C(C1N)O)O[*])OC1OC2C(OC(C(C2O)N)[*])CO,O=C1C=CC(O1)=O.C=C,,,130,10.1177_0731684410391507_part_2.txt_∂Œ1_Material1
[*]OC1OC(CO)C(OC2C(O)C(O)C([*])C(CO)O2)C(O)C1O,[*]C(C)C[*],,,,163.9,10.1007_s12221-012-1300-8_part_2.txt_∂Œ1_Material1
[*]C(C(OC(CO[*])=O)C)=O,,,,,165,10.1016_j.surfin.2021.101254_part_3.txt_∂Œ1_Material2
[*]CC([*])Cl,[*]OC1C(O)C(O)C(OC2C(CO)OC([*])C(O)C2O)OC1CO,,,,180,10.3390_ma13030753_part_1.txt_∂Œ1_Material2
[*]NC(C)C(N1CCCC1C([*])=O)=O,O=P([O-])([O-])[O-].[Ca+2].[Ca+2].[OH-],,,,86.9,10.1080_10942912.2016.1190745_part_4.txt_∂Œ1_Material1
O=C([*])C1=CC=C(C=C1)OC2=CC=C(C=C2)OC3=CC=C(C=C3)[*],OC1=C2C(C3(O)C4C5C6=C7C8C(C9=CC(C(O)=O)=C(C=C(C=C%10C(O)=O)C%11%12)C(C%11=C%13C%14C%15%16C%17(O%16)C%18C%19=C%20C%21=C%22C(C(O)=C%23)=C%24C%25C%21=C%26C%19=C%27C%17=C%28C%14(O)C%12=C%10C=C%28CC%27=CC%26=CC%25=C(C(O)=O)C=C%24)C9=C7C%13(O)C5=C%15C3=C%18C%29%30C%20(O%30)C%31C%22C%23=C%32)=CC(C(O)=O)=CC8=CC6=C(C(O)=O)C4=C2)=C%29C%33=C%31C%32=C(C(O)=O)C=C%331,,,,345,10.1016_j.polymer.2021.123865_part_1.txt_∂Œ1_Material1
[*]C([H])([H])C(O)([H])[*],[*]CC(C#N)[*],,,,220,10.1088_0964-1726_23_7_075016_part_3.txt_∂Œ1_Material1
O=C([*])C(C)O[*],O=C(C1=CC=C(C([*])=O)C=C1)NC2=CCC(N[*])C=C2,OCC1OC(C(C(C1[*])O)O)OC2C(C(C(OC2CO)O[*])O)O,,,153,10.4028_www.scientific.net_amm.117-119.1343_part_1.txt_∂Œ1_Material1
[*]CC[*],[*]C([C@H](C)OC([C@H](C)O[*])=O)=O,,,,122.6,10.1002_app.32305_part_1.txt_∂Œ1_Material1
OP(O)(O)=O,OCC1OC(C(C(C1[*])O)O)OC2C(C(C(OC2CO)O[*])O)O,O=[Ti]=O,[*][C@H]1[C@H](O)[C@@H](O)[C@H](OC2C(O)C(OC(C)=O)C(O[*])OC2CO)O[C@@H]1CO,,115,10.1080_19443994.2015.1084597_part_3.txt_∂Œ1_Material1
[*]C(C)C[*],[*]C(N(CN(C(OCOC(N(CN(C(OCCO[*])=O)[H])[H])=O)=O)[H])[H])=O,,,,121.5,10.1021_la4023079_part_1.txt_∂Œ1_Material1
[*]CC[*],O=[Ti]=O,,,,135,10.1155_2011_964353_part_1.txt_∂Œ1_Material1
[*]CC[*],O1C(=O)C=CC1=O,,,,120,10.1016_j.compositesb.2011.01.010_part_1.txt_∂Œ1_Material1
[*]CC[*],[*]OC1C(O)C(O)C(OC2C(CO)OC([*])C(O)C2O)OC1CO,,,,135,10.1080_10426914.2015.1059444_part_4.txt_∂Œ1_Material2
[*]CC[*],[*]C(N(CN(C(OCOC(N(CN(C(OCCO[*])=O)[H])[H])=O)=O)[H])[H])=O,,,,134,10.1016_j.polymer.2019.03.036_part_1.txt_∂Œ1_Material1
O=C(C1=CC=C(C=C1)C(OCC[*])=O)O[*],[*]CC[*],O=[Si]=O,,,244,10.1002_pc.21078_part_1.txt_∂Œ1_Material1
O=C([*])C(C)O[*],[*]OCC[*],CCCCCCCCCCCCCCCCCCOC(CCC1=CC(C(C)(C)C)=C(C(C(C)(C)C)=C1)O)=O,,,200,10.1002_app.40394_part_1.txt_∂Œ1_Material1
[*]C(CCCCCO[*])=O,C[Si](O[*])(C)[*],,,,60.4,10.1016_j.matlet.2014.05.184_part_1.txt_∂Œ1_Material1
[*]CC([*])Cl,[Zn]=O,,,,178,10.1002_pc.25415_part_1.txt_∂Œ1_Material1
O=C(CCCCC(N(CCCCCCN([*])[H])[H])=O)[*],O=[Al]O[Al]=O.O=[Si]=O.O=[Si]=O.O=[Si]=O,,,,196.51,10.1002_app.47504_part_1.txt_∂Œ1_Material1
[*]CC[*],[*]CC(CCCC(CC)CC([*])C1=CC=CC=C1)C2=CC=CC=C2,,,,132.9,10.1002_pc.24096_part_2.txt_∂Œ1_Material1
[*]C([H])([H])C(O)([H])[*],[*]C(NC1=C(C)C(NC(OCCO[*])=O)=CC=C1)=O,,,,144.4,10.1016_j.compositesb.2014.10.013_part_1.txt_∂Œ1_Material1
[*]C(CCCCCO[*])=O,O=C([*])OC1=CC=C(C=C1)C(C)(C)C2=CC=C(C=C2)O[*],,,,45,10.3144_expresspolymlett.2018.43_part_3.txt_∂Œ1_Material1
C=C([CH3])C(=O)O[CH3],FC(F)([*])C([H])([*])[H],,,,155.8,10.1016_j.compscitech.2021.108792_part_2.txt_∂Œ1_Material2
[*]OC1C(C(OC(C1O)OC2C3C(C(OC2CO3)[*])O)CO)O,O=C(C(C[*])[*])N,,,,85,10.1016_j.polymertesting.2018.05.025_part_1.txt_∂Œ1_Material1
[*]NCC(NC(C(ONCC(NC(C(NCC(NC(C([*])=O)C)=O)=O)C)=O)=O)CO)=O,[*]OCC[*],[*]C([H])([H])C(O)([H])[*],,,178,10.1038_nprot.2011.379_part_1.txt_∂Œ1_Material1
O=C([*])C(C)O[*],[*]OCC[*],C[N+](CCO)(CCO)[3H],,,150.9,10.1002_app.34841_part_1.txt_∂Œ1_Material1
O=C(C(C[*])[*])N,[*]OCC[*],CC1=CC(O)=C(C=C1CCCC(C2=C(C=C(C(C(C)(C)C)=C2)O)C)C3=CC(C(C)(C)C)=C(C=C3C)O)C(C)(C)C,,,130,10.1016_j.polymertesting.2017.09.012_part_1.txt_∂Œ1_Material1
[*]C1C(OC(C(C1O)O)OC2C(OC(C(C2O)O)O[*])CO)CO,[*]CCCC([*])OC(C)=O,,,,120,10.1080_15440478.2018.1534192_part_4.txt_∂Œ1_Material3
[*]C(C)C[*],C/C(C[*])=C/C[*],[*]C(C)C[*],,,165,10.15282_ijame.8.2013.19.0107_OA_part_3.txt_∂Œ1_Material1
O=C([*])C(C)O[*],OP(O)(O)=O,[*]OCC[*],,,160,10.1088_1757-899x_965_1_012030_part_1.txt_∂Œ1_Material1
O=C([*])CCCCCN[*],[*]C(C)C[*],[*]C(C)C[*],,,220,10.1002_app.47690_part_1.txt_∂Œ1_Material2
OCC1OC(C(C(C1[*])O)O)OC2C(C(C(OC2CO)O[*])O)O,O=C([*])CCCCCN[*],,,,220,10.1007_s10570-020-03233-3_part_2.txt_∂Œ1_Material1
O=C([*])C(C)O[*],[Na+].[Cl-],,,,130,10.1002_polb.23522_part_1.txt_∂Œ1_Material3
FC(F)([*])C([H])([*])[H],OCC1OC(C(C(C1[*])O)O)OC2C(C(C(OC2CO)O[*])O)O,,,,171,10.3390_ma13030743_part_2.txt_∂Œ1_Material1
[*]OCCCCOC(CCC([*])=O)=O,OC1=C2C(C3(O)C4C5C6=C7C8C(C9=CC(C(O)=O)=C(C=C(C=C%10C(O)=O)C%11%12)C(C%11=C%13C%14C%15%16C%17(O%16)C%18C%19=C%20C%21=C%22C(C(O)=C%23)=C%24C%25C%21=C%26C%19=C%27C%17=C%28C%14(O)C%12=C%10C=C%28CC%27=CC%26=CC%25=C(C(O)=O)C=C%24)C9=C7C%13(O)C5=C%15C3=C%18C%29%30C%20(O%30)C%31C%22C%23=C%32)=CC(C(O)=O)=CC8=CC6=C(C(O)=O)C4=C2)=C%29C%33=C%31C%32=C(C(O)=O)C=C%331,,,,95,10.1002_app.39512_part_1.txt_∂Œ1_Material1
[*]CC(CC=CCC([*])C1=CC=CC=C1)C#N,O=[Si]=O.O=[Al]O[Al]=O.O=[Si]=O.O=[Si]=O.O=[Si]=O.O,,,,230,10.1108_rpj-12-2019-0321_part_1.txt_∂Œ1_Material1
OP(O)(O)=O,[*]O[C@H](C)CC([*])=O,,,,120,10.4028_www.scientific.net_kem.737.313_part_1.txt_∂Œ1_Material1
C=C([CH3])C(=O)O[CH3],[*]C(CCCCCO[*])=O,,,,60,10.1007_s10853-018-03261-2_part_2.txt_∂Œ1_Material1
[*]CC[*],[H]O[H],,,,110,10.1177_1464420713482827_part_2.txt_∂Œ1_Material1
O=C([*])C(C)O[*],[*]C(N(CN(C(OCOC(N(CN(C(OCCO[*])=O)[H])[H])=O)=O)[H])[H])=O,O=C([*])C(C)O[*],,,159.6,10.4028_www.scientific.net_msf.789.117_part_1.txt_∂Œ1_Material1
[*]CCCC(C1C([*])C2CC1C/C2=C/C)C,[*]C(C)C[*],,,,165,10.1080_00222348.2010.540994_part_1.txt_∂Œ1_Material2
O=C(CCCCC(N(CCCCCCN([*])[H])[H])=O)[*],[*]C(C)C[*],,,,263,10.1016_j.matdes.2009.10.031_part_1.txt_∂Œ1_Material1
OC1C(C(OC(C1O)OC2C(OC(C(C2O)O)OC3C(C(C(OC3C(OC)=O)OC4C(OC(C(C4O)O)[*])C(O)=O)O)O)C(OC)=O)C(O)=O)O[*],OCC(C(C(C1N)O)O[*])OC1OC2C(OC(C(C2O)N)[*])CO,O=C(CC(/C=C/C1=CC=C(C(OC)=C1)O)=O)/C=C/C2=CC=C(O)C(OC)=C2,,,146,10.3390_molecules26082152_part_1.txt_∂Œ1_Material1
O=C([*])CCCCCN[*],C12=CC3=CC4=CC=CN=C4N=C3N=C1N=C5N=C6N=CC=CC6=CC5=C2,OC(C(C)(CC(C1=CC=CC=C1)[*])CC(C[*])(C(OCC2CO2)=O)C)=O,,,220,10.1080_20550340.2019.1703334_part_3.txt_∂Œ1_Material1
[*]C([H])([H])C(O)([H])[*],O=[Zr]=O,[Na+].[Cl-],,,155,10.1002_pc.24063_part_1.txt_∂Œ1_Material1
O=C([*])CCCCCCCCCCC(NCCCCCCCCCCN[*])=O,OCC1OC(C(C(C1[*])O)O)OC2C(C(C(OC2CO)O[*])O)O,,,,200,10.3139_217.3142_part_1.txt_∂Œ1_Material2
[*]C([H])([H])C(O)([H])[*],OCC(O)CO,,,,161,10.1007_s10924-014-0682-7_part_1.txt_∂Œ1_Material1
[*]C(C)C[*],O=C([*])C(C)O[*],[*]C(C)C[*],,,165,10.1515_polyeng-2018-0073_part_1.txt_∂Œ1_Material1
[*]C([H])([H])C(O)([H])[*],[*]C1C(C(C(OC1C(O[Na])=O)OC2C(C(O[Na])=O)OC(O[*])C(O)C2O)O)O,[Ag+],,,222.1,10.1016_j.ijbiomac.2015.06.042_part_1.txt_∂Œ1_Material1
[*]C(C)C[*],O=C([*])OC1=CC=C(C=C1)C(C)(C)C2=CC=C(C=C2)O[*],[*]CC(CCCC(CC)CC([*])C1=CC=CC=C1)C2=CC=CC=C2,[*]CCCC(C1C([*])C2CC1C/C2=C/C)C,,165.2,10.1002_pen.24346_part_1.txt_∂Œ1_Material1
[*]C1C(OC(C(C1O)O)OC2C(OC(C(C2O)O)O[*])CO)CO,OP(O)(O)=O,[*]OCCCCOC(CCC([*])=O)=O,OCC(O)CO,,93.8,10.1179_1743289815y.0000000031_part_1.txt_∂Œ1_Material1
C=C([CH3])C(=O)O[CH3],[*]NCC(NC(C(ONCC(NC(C(NCC(NC(C([*])=O)C)=O)=O)C)=O)=O)CO)=O,[*]CC[*],,,169,10.1016_j.bioactmat.2020.04.005_part_1.txt_∂Œ1_Material1
O=C([*])C(C)O[*],OP(O)(O)=O,OCC1OC(C(C(C1[*])O)O)OC2C(C(C(OC2CO)O[*])O)O,,,154,10.3390_polym13071076_part_1.txt_∂Œ1_Material1
[*]C([C@H](C)OC([C@H](C)O[*])=O)=O,[*]NC(C(O)=O)CCC([*])=O,O=P([O-])([O-])[O-].[Ca+2].[Ca+2].[OH-],O=P([O-])([O-])[O-].[Ca+2].[Ca+2].[OH-],,179,10.1016_j.bioactmat.2020.09.001_part_2.txt_∂Œ1_Material2
[*]C([H])([H])C(O)([H])[*],O=[Si]=O,,,,217,10.11113_jt.v78.4401_part_2.txt_∂Œ1_Material1
[*]OCC[*],[*]CCCCOCCCCOCCCCOCCCCO[*],,,,47.7,10.1038_pj.2013.39_part_1.txt_∂Œ1_Material1
O=C([*])C(C)O[*],OP(O)(O)=O,[*]OC1OC(CO)C(OC2C(O)C(O)C([*])C(CO)O2)C(O)C1O,,,150.05,10.1007_s10924-020-01927-0_part_1.txt_∂Œ1_Material2
[*]CC[*],O=C=NC(C=C1)=CC=C1CC2=CC=C(C=C2)N=C=O,,,,134.7,10.1177_0892705714526911_part_2.txt_∂Œ1_Material1
O=C(C1=CC=C(C=C1)C(OCC[*])=O)O[*],O=C([*])C1=CC=C(C=C1)OC2=CC=C(C=C2)OC3=CC=C(C=C3)[*],,,,334,10.1177_0954008316661616_part_3.txt_∂Œ1_Material1
O=C([*])C(C)O[*],OCC(C(C(C1N)O)O[*])OC1OC2C(OC(C(C2O)N)[*])CO,[*]OCC[*],,,145.5,10.1016_j.mencom.2015.09.015_part_1.txt_∂Œ1_Material2
[*]C(CCCCC(OCCCCO[*])=O)=O,[*]C(CCCCCO[*])=O,,,,50,10.1016_j.eurpolymj.2018.09.036_part_3.txt_∂Œ1_Material2
[*]CC([*])Cl,C=C([CH3])C(=O)O[CH3],,,,172,10.1016_j.polymer.2020.122911_part_8.txt_∂Œ1_Material2
[*]C(C1=CC=C(C(OCCCCO[*])=O)C=C1)=O,O=C([*])C1=CC=C2C=C(C=CC2=C1)OC(C3=CC=C(C=C3)O[*])=O,,,,228,10.1016_j.matdes.2012.05.052_part_2.txt_∂Œ1_Material3
O=C(C1=CC=C(C=C1)C(OCC[*])=O)O[*],OP(O)(O)=O,O=[Ti]=O,,,247,10.1016_j.egypro.2014.07.137_part_2.txt_∂Œ1_Material1
OP(O)(O)=O,[*]C(CCCCCO[*])=O,O=[Ti]=O,,,109.5,10.3139_217.2750_part_1.txt_∂Œ1_Material1
O=C(C1=CC=C(C=C1)C(OCC[*])=O)O[*],O=C([*])CCCCCN[*],,,,265,10.1002_app.50916_part_1.txt_∂Œ1_Material1
O=C([*])OC1=CC=C(C=C1)C(C)(C)C2=CC=C(C=C2)O[*],[Al],,,,300,10.1002_app.47252_part_1.txt_∂Œ1_Material1
[*]CC(CCCC(CC)CC([*])C1=CC=CC=C1)C2=CC=CC=C2,[*]C(C)C[*],,,,160,10.1002_pen.24662_part_1.txt_∂Œ1_Material2
[*]NC(C(O)=O)CCC([*])=O,[*]NC(C)C(N1CCCC1C([*])=O)=O,[O-][Si]([O-])([O-])O[Si]([O-])([O-])[O-].[Ca+2],,,145,10.1039_d0gc01394c_part_7.txt_∂Œ1_Material3
NC1=CC=C(C=C1)/C2=C3C=C/C(N\3)=C(C4=N/C(C=C4)=C(C5=CC=C(N5)/C(C6=CC=CC=C6)=C7N=C2C=C\7)/C8=CC=CC=C8)\C9=CC=CC=C9,[*]CC[*],OCC1OC(C(C(C1[*])O)O)OC2C(C(C(OC2CO)O[*])O)O,,,161,10.1016_j.tca.2017.05.002_part_1.txt_∂Œ1_Material2
[*]C(C)C[*],[*]CCCC([*])OC(C)=O,,,,162,10.1002_app.34015_part_1.txt_∂Œ1_Material1
O=C(CCCCC(NCCCCCCCCCCN[*])=O)[*],OCC1OC(C(C(C1[*])O)O)OC2C(C(C(OC2CO)O[*])O)O,,,,223,10.3139_217.3142_part_1.txt_∂Œ1_Material1
[*]OCC[*],O=[Ti]=O,,,,27,10.1016_j.carbpol.2017.01.082_part_2.txt_∂Œ1_Material1
OCC(C(C(C1N)O)O[*])OC1OC2C(OC(C(C2O)N)[*])CO,[*]NC(C(N1CCCC1C(NCC(N2CC(CC2C(NC(C(NCC([*])=O)=O)CO)=O)O)=O)=O)=O)CCCCN,[*]NC(C(N1CCCC1C(NCC(N2CC(CC2C(NC(C(NCC([*])=O)=O)CO)=O)O)=O)=O)=O)CCCCN,,,134,10.1016_j.ijbiomac.2018.04.149_part_3.txt_∂Œ1_Material4
O=C([*])OC1=CC=C(C=C1)C(C)(C)C2=CC=C(C=C2)O[*],O=C(C1=CC=C(C=C1)C(OCC[*])=O)O[*],[*]CC(CC=CCC([*])C1=CC=CC=C1)C#N,,,257,10.1016_j.polymertesting.2016.08.019_part_4.txt_∂Œ1_Material1
O=C([*])OC1=CC=C(C=C1)C(C)(C)C2=CC=C(C=C2)O[*],O=C([*])C(C)O[*],[*]CCCC([*])OC(C)=O,,,170,10.4028_www.scientific.net_amm.79.282_part_1.txt_∂Œ1_Material1
O=C(C(C[*])[*])N,[*]NC(C(N1CCCC1C(NCC(N2CC(CC2C(NC(C(NCC([*])=O)=O)CO)=O)O)=O)=O)=O)CCCCN,,,,40,10.1007_s10409-021-01079-x_part_1.txt_∂Œ1_Material1
[*]CC[*],[*]CC[*],C/C(C[*])=C/C[*],,,93.3,10.1007_s13726-015-0329-0_part_2.txt_∂Œ1_Material4
OP(O)(O)=O,OCC(C(C(C1N)O)O[*])OC1OC2C(OC(C(C2O)N)[*])CO,C12=C3C(C=CC4C3=C5C(CC6=CC7=C8C9=C(C(C=C%10)=CC=C9C=C7)C%11=C%10C%12)=CC4)=CC=C1C=C%12C%13=C%11C8=C6C5=C2%13,,,79,10.1002_masy.201400080_part_1.txt_∂Œ1_Material3
O=C([*])OC1=CC=C(C=C1)C(C)(C)C2=CC=C(C=C2)O[*],OCC1OC(C(C(C1[*])O)O)OC2C(C(C(OC2CO)O[*])O)O,,,,150,10.1016_j.compositesa.2020.106068_part_3.txt_∂Œ1_Material1
[*]C(C)C[*],[*]CC[*],O=[Si]=O,,,113,10.1080_03602559.2014.886066_part_1.txt_∂Œ1_Material1
[*]NC(C(N1CCCC1C(NCC(N2CC(CC2C(NC(C(NCC([*])=O)=O)CO)=O)O)=O)=O)=O)CCCCN,C(CC=O)CC=O,,,,63.4,10.1002_jbm.a.32850_part_2.txt_∂Œ1_Material3
[*]OC(CC(OC(CC([*])=O)CC)=O)C,O=C([*])C(C)O[*],,,,116.3,10.1002_pc.24538_part_2.txt_∂Œ1_Material2
[*]CC[*],[*]C1C(OC(C(C1O)O)OC2C(OC(C(C2O)O)O[*])CO)CO,[*]OCC[*],,,129,10.1016_j.carbpol.2015.09.020_part_3.txt_∂Œ1_Material1
O=C(CCCCC(N(CCCCCCN([*])[H])[H])=O)[*],[*]CC[*],C12=CC3=CC4=CC=CN=C4N=C3N=C1N=C5N=C6N=CC=CC6=CC5=C2,,,270,10.1016_j.compscitech.2018.09.007_part_2.txt_∂Œ1_Material1
O=C(C1=CC=C(C=C1)C(OCC[*])=O)O[*],OP(O)(O)=O,[Zn]=O,,,248,10.1016_j.egypro.2014.07.137_part_2.txt_∂Œ1_Material2
[*]C([C@H](C)OC([C@H](C)O[*])=O)=O,O=C([*])C(C)O[*],,,,167,10.1038_pj.2011.3_part_1.txt_∂Œ1_Material1
O=C([*])C(C)O[*],[*]C(CCCCC(OCCCCO[*])=O)=O,[*]CC(OC(O[*])=O)C,,,135.6,10.1007_s00289-019-02942-5_part_2.txt_∂Œ1_Material1
O=C([*])C(C)O[*],OCC1OC(C(C(C1[*])O)O)OC2C(C(C(OC2CO)O[*])O)O,[*]OCC[*],,,169,10.1007_s10570-014-0476-z_part_3.txt_∂Œ1_Material1
O=C([*])C(C)O[*],[*]C1C(OC(C(C1O)O)OC2C(OC(C(C2O)O)O[*])CO)CO,C=C([CH3])C(=O)OC([CH3])[CH3],,,148.88,10.1002_app.44734_part_1.txt_∂Œ1_Material1
[*]NCCCCCCCCCCCC([*])=O,[C],,,,176,10.1016_j.compscitech.2010.12.028_part_1.txt_∂Œ1_Material1
O=C(O)C([*])C[*],[Zn]=O,,,,203,10.1007_s00289-019-02860-6_part_2.txt_∂Œ1_Material1
O=C([*])C(C)O[*],CC1(CC(CC(C)(C1)C)N=C=O)CN=C=O,,,,168,10.1016_j.compositesa.2015.05.010_part_2.txt_∂Œ1_Material1
[*]NCCCCCCCCCCCC([*])=O,[*]C1C(OC(C(C1O)O)OC2C(OC(C(C2O)O)O[*])CO)CO,C(C)(C1=CC=C(OCC2CO2)C=C1)(C)C1=CC=C(OCC2CO2)C=C1,,,154.7,10.1016_j.eurpolymj.2011.09.017_part_2.txt_∂Œ1_Material1
OCC(C(C(C1N)O)O[*])OC1OC2C(OC(C(C2O)N)[*])CO,[*]C([H])([H])C(O)([H])[*],O=[Al]O[Al]=O.O=[Si]=O.O=[Si]=O.O=[Si]=O,,,190,10.1039_c4ra13972k_part_3.txt_∂Œ1_Material2
[*]C(C)C[*],[*]C1C(OC(C(C1O)O)OC2C(OC(C(C2O)O)O[*])CO)CO,,,,154.45,10.1515_jmbm-2025-0038_OA_part_1.txt_∂Œ1_Material2
[*]CC(OC(O[*])=O)C,[*]C([H])([H])C(O)([H])[*],,,,132.9,10.1002_pi.6235_part_2.txt_∂Œ1_Material4
[*]C([H])([H])C(O)([H])[*],OC[C@@H]([C@H]([C@@H]([C@@H](CO)O)O)O)O,[H]O[H],,,221,10.1111_1750-3841.13950_part_1.txt_∂Œ1_Material1
[*]C1C(C(C(OC1C(O[Na])=O)OC2C(C(O[Na])=O)OC(O[*])C(O)C2O)O)O,[*]OCC[*],,,,65,10.1021_bm401373j_part_2.txt_∂Œ1_Material1
[*]CC[*],O=C(O)C([*])C[*],,,,106,10.1088_1757-899x_11_1_012001_part_1.txt_∂Œ1_Material1
[*]C(C=C1)=CC=C1S[*],OC1=C2C(C3(O)C4C5C6=C7C8C(C9=CC(C(O)=O)=C(C=C(C=C%10C(O)=O)C%11%12)C(C%11=C%13C%14C%15%16C%17(O%16)C%18C%19=C%20C%21=C%22C(C(O)=C%23)=C%24C%25C%21=C%26C%19=C%27C%17=C%28C%14(O)C%12=C%10C=C%28CC%27=CC%26=CC%25=C(C(O)=O)C=C%24)C9=C7C%13(O)C5=C%15C3=C%18C%29%30C%20(O%30)C%31C%22C%23=C%32)=CC(C(O)=O)=CC8=CC6=C(C(O)=O)C4=C2)=C%29C%33=C%31C%32=C(C(O)=O)C=C%331,,,,265,10.1002_pc.25245_part_1.txt_∂Œ1_Material1
O=C(C1=CC=C(C=C1)C(OCC[*])=O)O[*],OCC(C(C(C1N)O)O[*])OC1OC2C(OC(C(C2O)N)[*])CO,,,,260,10.1002_app.39693_part_1.txt_∂Œ1_Material1
[*]CCCCO[*],CC1(CC(CC(C)(C1)C)N=C=O)CN=C=O,,,,29.3,10.1016_j.jclepro.2020.123496_part_3.txt_∂Œ1_Material1
O=C(O[*])CCCCCCCCCCN[*],O=[Si]=O,,,,190.2,10.3390_polym12102298_part_2.txt_∂Œ1_Material1
O=C(C(C[*])[*])N,[*]C([H])([H])C(O)([H])[*],,,,221,10.3390_polym11091432_part_2.txt_∂Œ1_Material1
[*]C(C1=CC=C(C(OCCCCO[*])=O)C=C1)=O,[*]CCC(CCCCCC)C[*],,,,218.5,10.1002_app.40660_part_2.txt_∂Œ1_Material1
O=C([*])C(C)O[*],[*]CCCC([*])OC(C)=O,[*]CCCC([*])OC(C)=O,,,153.66,10.4028_www.scientific.net_amr.486.406_part_1.txt_∂Œ1_Material4
[*]C(NC1=C(C)C(NC(OCCO[*])=O)=CC=C1)=O,O=C(O)CCCCCCCCCCCCCCCCC,,,,70,10.1016_j.polymer.2018.08.002_part_2.txt_∂Œ1_Material1
O=C([*])CCCCCCCCCCC(NCCCCCCN[*])=O,[*]CCCC([*])OC(C)=O,OC1=C2C(C3(O)C4C5C6=C7C8C(C9=CC(C(O)=O)=C(C=C(C=C%10C(O)=O)C%11%12)C(C%11=C%13C%14C%15%16C%17(O%16)C%18C%19=C%20C%21=C%22C(C(O)=C%23)=C%24C%25C%21=C%26C%19=C%27C%17=C%28C%14(O)C%12=C%10C=C%28CC%27=CC%26=CC%25=C(C(O)=O)C=C%24)C9=C7C%13(O)C5=C%15C3=C%18C%29%30C%20(O%30)C%31C%22C%23=C%32)=CC(C(O)=O)=CC8=CC6=C(C(O)=O)C4=C2)=C%29C%33=C%31C%32=C(C(O)=O)C=C%331,,,201.2,10.1002_app.44206_part_2.txt_∂Œ1_Material3
[*]CC[*],[*]CC[*],[C],,,138,10.1016_j.polymertesting.2013.06.013_part_1.txt_∂Œ1_Material4
C=C([CH3])C(=O)O[CH3],[*]CC(OC(O[*])=O)C,[*]OC1=C(C([*])=CC=C1C)C,,,96.4,10.1039_d2py00442a_OA_part_2.txt_∂Œ1_Material7
[*]C(CCCCCO[*])=O,C[Si](C)(C[*])O[*],,,,50,10.1088_1748-6041_11_1_015007_part_2.txt_∂Œ1_Material1
[*]CCC(CCCCCC)C[*],[*]C(C)C[*],,,,160,10.1021_acsapm.9b00289_part_3.txt_∂Œ1_Material1
O=C([*])C(C)O[*],O=[Si]=O,[H][Si]([H])([H])[H],,,164,10.1016_j.compositesa.2018.11.020_part_1.txt_∂Œ1_Material1
[*]C(C)C[*],[*]CC[*],OCC1OC(C(C(C1[*])O)O)OC2C(C(C(OC2CO)O[*])O)O,,,165,10.1016_j.tca.2017.05.002_part_1.txt_∂Œ1_Material1
O=C([*])C(C)O[*],OP(O)(O)=O,O=[Ti]=O,,,153.59,10.3390_polym13071076_part_2.txt_∂Œ1_Material1
[*]C(N(CN(C(OCOC(N(CN(C(OCCO[*])=O)[H])[H])=O)=O)[H])[H])=O,[*]C(CCCCCO[*])=O,O=[Al]O[Al]=O.O=[Si]=O.O=[Si]=O.O=[Si]=O,,,54,10.1016_j.compscitech.2013.10.015_part_1.txt_∂Œ1_Material3
[*]C(C(OC(CO[*])=O)C)=O,O=P([O-])([O-])[O-].[Ca+2].[Ca+2].[OH-],,,,165,10.1155_2016_6869154_part_1.txt_∂Œ1_Material2
O=C([*])CCCCCN[*],O=C([*])OC1=CC=C(C=C1)C(C)(C)C2=CC=C(C=C2)O[*],[*]C(C)C[*],,,217,10.1016_j.polymertesting.2020.106930_part_3.txt_∂Œ1_Material2
[*]CC[*],[*]CC[*],[*]C(C)C[*],,,128.96,10.1016_j.matdes.2014.04.033_part_2.txt_∂Œ1_Material2
[*]C(CCCCCO[*])=O,O=[Si]=O.O=[Al]O[Al]=O.O=[Si]=O.O=[Si]=O.O=[Si]=O.O,OCC(C(C(C1N)O)O[*])OC1OC2C(OC(C(C2O)N)[*])CO,,,36,10.1088_1757-899x_536_1_012040_part_2.txt_∂Œ1_Material1
[*]OCC[*],O=C=NC(C=C1)=CC=C1CC2=CC=C(C=C2)N=C=O,,,,23,10.1016_j.enconman.2015.12.004_part_1.txt_∂Œ1_Material1
O=C([*])C(C)O[*],OCC1OC(OC2C(O)C(O)C(O[*])OC2CO)C(O)C(O)C1[*],CCOC(=O)C(O)(CC(=O)OCC)CC(=O)OCC,,,145,10.1021_acsapm.1c00281_part_1.txt_∂Œ1_Material1
O=C([*])C(C)O[*],O=C(CCCCC(NCCCCCCCCCCN[*])=O)[*],,,,220,10.1177_0095244318825286_part_1.txt_∂Œ1_Material1
[*]C([H])([H])C(O)([H])[*],[*]C(CCCCC(OCCCCO[*])=O)=O,O=[Ti]=O,,,155,10.1007_s10853-021-05854-w_part_3.txt_∂Œ1_Material1
OP(O)(O)=O,[*]C(CCCCCO[*])=O,O=C=NCCCCCCN=C=O,,,107.7,10.1021_ie300576z_part_1.txt_∂Œ1_Material1
[*]C([C@H](C)OC([C@H](C)O[*])=O)=O,OP(O)(O)=O,,,,150,10.1080_15583724.2020.1850475_part_6.txt_∂Œ1_Material1
[*]C(NC1=C(C)C(NC(OCCO[*])=O)=CC=C1)=O,[*]CCC(CCCC(CCCC(C[*])C)C)C,,,,180,10.1016_j.triboint.2018.11.010_part_2.txt_∂Œ1_Material1
[*]CC[*],[*]CC[*],CC1=CC(O)=C(C=C1CCCC(C2=C(C=C(C(C(C)(C)C)=C2)O)C)C3=CC(C(C)(C)C)=C(C=C3C)O)C(C)(C)C,,,115,10.1002_pen.24526_part_1.txt_∂Œ1_Material1
[*]C(C)C[*],[*]CCCC(C1C([*])C2CC1C/C2=C/C)C,OCC1OC(C(C(C1[*])O)O)OC2C(C(C(OC2CO)O[*])O)O,,,165.5,10.1002_pc.26137_part_2.txt_∂Œ1_Material5
[*]C(CCCCCO[*])=O,[H][O-],,,,60,10.1002_pat.5367_part_2.txt_∂Œ1_Material3
[*]C(C1=CC=C(C(OCCCCO[*])=O)C=C1)=O,O=C(O)CCCCCCCCCCCCCCCCC,,,,228.5,10.1007_s12034-010-0043-7_part_1.txt_∂Œ1_Material1
[*]C(C)C[*],[*]C(C)C[*],O=C(C1=CC=C(C([*])=O)C=C1)NC2=CCC(N[*])C=C2,,,163.3,10.1007_s00289-017-2212-y_part_5.txt_∂Œ1_Material1
[*]OC(CC(OC(CC([*])=O)CC)=O)C,O=[Si]=O,,,,140,10.1016_j.egypro.2013.06.803_part_1.txt_∂Œ1_Material2
[*]CC(CC=CCC([*])C1=CC=CC=C1)C#N,[*]C(C1=CC=C(C(OCCCCO[*])=O)C=C1)=O,,,,220,10.1002_app.48310_part_1.txt_∂Œ1_Material1
O=C([*])CCCCCN[*],C12=CC3=CC4=CC=CN=C4N=C3N=C1N=C5N=C6N=CC=CC6=CC5=C2,[*]CCCC(C1C([*])C2CC1C/C2=C/C)C,,,211.8,10.1002_pc.22881_part_2.txt_∂Œ1_Material3
O=C([*])CCCCCN[*],C12=CC3=CC4=CC=CN=C4N=C3N=C1N=C5N=C6N=CC=CC6=CC5=C2,[*]CC(CCCC(CC)CC([*])C1=CC=CC=C1)C2=CC=CC=C2,,,211.5,10.1002_pc.22881_part_2.txt_∂Œ1_Material4
O=[Si]=O.[Ca]=O,[*]OCC[*],,,,43.5,10.1080_17512549.2018.1488614_part_2.txt_∂Œ1_Material3
[*]C(NC1=C(C)C(NC(OCCO[*])=O)=CC=C1)=O,[*]C(C)C[*],,,,220,10.1016_j.polymertesting.2018.04.006_part_2.txt_∂Œ1_Material1
O=C([*])C(C)O[*],[*]C(CCCCCO[*])=O,OCC1OC(OC2C(O)C(O)C(O[*])OC2CO)C(O)C(O)C1[*],,,103.8,10.32604_jrm.2022.021473_OA_part_3.txt_∂Œ1_Material5
[*]C(C)C[*],O=[Al]O[Al]=O.O=[Si]=O.O=[Si]=O.O=[Si]=O,NC1=CC=C(C=C1)/C2=C3C=C/C(N\3)=C(C4=N/C(C=C4)=C(C5=CC=C(N5)/C(C6=CC=CC=C6)=C7N=C2C=C\7)/C8=CC=CC=C8)\C9=CC=CC=C9,,,164.2,10.1177_0967391120930613_part_2.txt_∂Œ1_Material1
O=C([*])C(C)O[*],[*]C(CCCCC(OCCCCO[*])=O)=O,O=[Al]O[Al]=O.O=[Si]=O.O=[Si]=O.O=[Si]=O,,,168.6,10.1177_0892705719890907_part_3.txt_∂Œ1_Material1
[*]C(C)C[*],[*]OCC[*],OC1=C2C(C3(O)C4C5C6=C7C8C(C9=CC(C(O)=O)=C(C=C(C=C%10C(O)=O)C%11%12)C(C%11=C%13C%14C%15%16C%17(O%16)C%18C%19=C%20C%21=C%22C(C(O)=C%23)=C%24C%25C%21=C%26C%19=C%27C%17=C%28C%14(O)C%12=C%10C=C%28CC%27=CC%26=CC%25=C(C(O)=O)C=C%24)C9=C7C%13(O)C5=C%15C3=C%18C%29%30C%20(O%30)C%31C%22C%23=C%32)=CC(C(O)=O)=CC8=CC6=C(C(O)=O)C4=C2)=C%29C%33=C%31C%32=C(C(O)=O)C=C%331,,,141.7,10.1016_j.polymertesting.2014.12.008_part_1.txt_∂Œ1_Material1
O=C([*])C(C)O[*],O=C([*])OC1=CC=C(C=C1)C(C)(C)C2=CC=C(C=C2)O[*],[Mg],O=[Mg].O=[Si]=O.O=[Si]=O.O=[Si]=O.O=[Si]=O.O=[Mg].O=[Mg].O,,95.9,10.1007_s10965-018-1529-z_part_1.txt_∂Œ1_Material4
[*]C1=CC(C2=NC3=CC(C4=CC=C5N=C([*])NC5=C4)=CC=C3N2)=CC=C1,,,,,180,10.1002_fuce.201300202_part_2.txt_∂Œ1_Material1
O=C([*])CCCCCN[*],[*]CC(C1=CC=CC=C1)[*],[*]C(C1=CC=CC=C1)CC2C(OC(C2[*])=O)=O,,,191,10.1002_pen.25357_part_2.txt_∂Œ1_Material2
[*]C(CCCCC(OCCCCOC(C1=CC=C(C(OCCCCO[*])=O)C=C1)=O)=O)=O,,,,,118.1,10.1007_s00289-018-2359-1_part_3.txt_∂Œ1_Material2
[*]C([C@H](C)OC([C@H](C)O[*])=O)=O,C[Si](C)(C[*])O[*],,,,155,10.1002_app.40211_part_1.txt_∂Œ1_Material1
[*]C([H])([H])C(O)([H])[*],[*]NCC(NC(C(ONCC(NC(C(NCC(NC(C([*])=O)C)=O)=O)C)=O)=O)CO)=O,,,,220,10.3390_ijms18081707_part_1.txt_∂Œ1_Material1
O=S(C(C=C1)=CC=C1OC(C=C2)=CC=C2C(C)(C)C(C=C3)=CC=C3O[*])(C4=CC=C([*])C=C4)=O,[*]OCC[*],,,,180,10.1007_s00289-019-03031-3_part_1.txt_∂Œ1_Material1
O=C([*])CCCCCN[*],Cl[Ca]Cl,,,,198,10.4028_www.scientific.net_amm.423-426.301_part_1.txt_∂Œ1_Material1
O=C([*])C(C)O[*],OC(C(C)(CC(C1=CC=CC=C1)[*])CC(C[*])(C(OCC2CO2)=O)C)=O,,,,145,10.1002_pc.24094_part_2.txt_∂Œ1_Material1
[*]C(CCCCCO[*])=O,[*]C1C(OC(C(C1O)O)OC2C(OC(C(C2O)O)O[*])CO)CO,O=C=NC(C=C1)=CC=C1CC2=CC=C(C=C2)N=C=O,,,60,10.5897_ajb11.2510_part_1.txt_∂Œ1_Material1
O=C([*])OC1=CC=C(C=C1)C(C)(C)C2=CC=C(C=C2)O[*],[*]C([C@H](C)OC([C@H](C)O[*])=O)=O,,,,155.6,10.1002_app.37766_part_1.txt_∂Œ1_Material1
O=C([*])C(C)O[*],O=[Al]O[Al]=O.O=[Si]=O.O=[Si]=O.O.O,,,,167.5,10.1080_10601325.2017.1317580_part_2.txt_∂Œ1_Material1
[*]CC(CCCC(CC)CC([*])C1=CC=CC=C1)C2=CC=CC=C2,[*]C(N(CN(C(OCOC(N(CN(C(OCCO[*])=O)[H])[H])=O)=O)[H])[H])=O,,,,93.1,10.1002_app.49598_part_1.txt_∂Œ1_Material2
[*]NCCCCCCCCCCCC([*])=O,[*]OC1C(C(O)=O)OC(OC2C(NC(C)=O)C([*])OC(CO)C2O)C(O)C1O,,,,180.48,10.3144_expresspolymlett.2017.92_part_3.txt_∂Œ1_Material1
[*]CC[*],[*]CC[*],CCCCCCCCCCCCCCCCCCOC(CCC1=CC(C(C)(C)C)=C(C(C(C)(C)C)=C1)O)=O,,,110,10.1002_pen.25740_part_1.txt_∂Œ1_Material1
[*]OC1=C(C([*])=CC=C1C)C,O=C([*])CCCCCN[*],[*]C(C1=CC=CC=C1)CC2C(OC(C2[*])=O)=O,,,220,10.1002_app.32730_part_2.txt_∂Œ1_Material1
[*]C([H])([H])C(O)([H])[*],O=C(O[Na])COCC(OC(C(C1O)O)[*])C1OC(C(C(C2O[*])O)O)OC2COCC(O[Na])=O,,,,220.24,10.3390_nano10091797_part_3.txt_∂Œ1_Material3
[*]CC[*],O=C([*])C(C)O[*],C=C(C(OCC1CO1)=O)C,,,168,10.1007_s13726-013-0126-6_part_1.txt_∂Œ1_Material1
[*]CC[*],[*]C1C(OC(C(C1O)O)OC2C(OC(C(C2O)O)O[*])CO)CO,OCC1OC(C(C(C1[*])O)O)OC2C(C(C(OC2CO)O[*])O)O,,,118.1,10.1016_j.indcrop.2018.02.017_part_1.txt_∂Œ1_Material1
[*]CC[*],[*]C([C@H](C)OC([C@H](C)O[*])=O)=O,[*]OCC[*],,,134,10.1515_polyeng-2013-0174_part_2.txt_∂Œ1_Material2
[*]CCCC([*])OC(C)=O,[*]C/C=C/CCC([*])C#N,,,,134,10.1016_j.polymer.2020.122212_part_1.txt_∂Œ1_Material1
[*]CC(COC1=CC=C(C=C1)C(C)(C)C2=CC=C(C=C2)O[*])O,O=[Si]=O,,,,184.85,10.1016_j.eml.2020.100963_part_1.txt_∂Œ1_Material1
O=C([*])C(C)O[*],[*]O[C@H](C)CC([*])=O,O=[Mg].O=[Si]=O.O=[Si]=O.O=[Si]=O.O=[Si]=O.O=[Mg].O=[Mg].O,,,178.8,10.1080_25740881.2019.1625396_part_2.txt_∂Œ1_Material2
O=C(C1=CC=C(C=C1)C(OCC[*])=O)O[*],[*]CC(COC1=CC=C(C=C1)C(C)(C)C2=CC=C(C=C2)O[*])O,OC1=C2C(C3(O)C4C5C6=C7C8C(C9=CC(C(O)=O)=C(C=C(C=C%10C(O)=O)C%11%12)C(C%11=C%13C%14C%15%16C%17(O%16)C%18C%19=C%20C%21=C%22C(C(O)=C%23)=C%24C%25C%21=C%26C%19=C%27C%17=C%28C%14(O)C%12=C%10C=C%28CC%27=CC%26=CC%25=C(C(O)=O)C=C%24)C9=C7C%13(O)C5=C%15C3=C%18C%29%30C%20(O%30)C%31C%22C%23=C%32)=CC(C(O)=O)=CC8=CC6=C(C(O)=O)C4=C2)=C%29C%33=C%31C%32=C(C(O)=O)C=C%331,,,180,10.1016_s1364-5439(11)70141-1_part_1.txt_∂Œ1_Material1
O=C([*])C(C)O[*],[*]C(CCCCCO[*])=O,[*]C1C(OC(C(C1O)O)OC2C(OC(C(C2O)O)O[*])CO)CO,,,165,10.3390_ma11112138_part_1.txt_∂Œ1_Material1
O=C([*])C(C)O[*],[*]C([H])([H])C(O)([H])[*],OCC1OC(C(C(C1[*])O)O)OC2C(C(C(OC2CO)O[*])O)O,,,143.8,10.1016_j.polymer.2014.06.071_part_2.txt_∂Œ1_Material2
O=C([*])CCCCCN[*],C12=CC3=CC4=CC=CN=C4N=C3N=C1N=C5N=C6N=CC=CC6=CC5=C2,[*]CCCC([*])OC(C)=O,,,212.6,10.1002_pc.22881_part_2.txt_∂Œ1_Material2
[*]CC(OC(O[*])=O)C,[*]C([H])([H])C(O)([H])[*],[*]CC(CC[*])O,,,155,10.1007_s10965-010-9467-4_part_1.txt_∂Œ1_Material1
[*]NC(C(N1CCCC1C(NCC(N2CC(CC2C(NC(C(NCC([*])=O)=O)CO)=O)O)=O)=O)=O)CCCCN,O=C(O[Na])COCC(OC(C(C1O)O)[*])C1OC(C(C(C2O[*])O)O)OC2COCC(O[Na])=O,,,,126.93,10.1016_j.fbio.2017.07.002_part_6.txt_∂Œ1_Material2
[*]CC[*],OCC1OC(C(C(C1[*])O)O)OC2C(C(C(OC2CO)O[*])O)O,[*]OCC[*],,,139.8,10.1002_pat.3971_part_1.txt_∂Œ1_Material2
O=C(CCCCCCCCCCC(NCCCCCCCCCCCCN[*])=O)[*],,,,,190.3,10.1002_app.41424_part_2.txt_∂Œ1_Material1
[*]C(C)C[*],O=C([*])C1=CC=C2C=C(C=CC2=C1)OC(C3=CC=C(C=C3)O[*])=O,[*]CC(CCCC(CC)CC([*])C1=CC=CC=C1)C2=CC=CC=C2,,,220,10.1007_s10965-012-9843-3_part_1.txt_∂Œ1_Material1
O=C([*])OC1=CC=C(C=C1)C(C)(C)C2=CC=C(C=C2)O[*],O=C([*])C(C)O[*],,,,151.4,10.1007_s10965-021-02539-5_part_2.txt_∂Œ1_Material2
[*]C(CCCCC(OCCCCO[*])=O)=O,O=[Si]=O,,,,110,10.1002_app.39206_part_1.txt_∂Œ1_Material2
[*]C(C)C[*],[*]CCC(CCCC(CCCC(C[*])C)C)C,CC1=CC(O)=C(C=C1CCCC(C2=C(C=C(C(C(C)(C)C)=C2)O)C)C3=CC(C(C)(C)C)=C(C=C3C)O)C(C)(C)C,,,170,10.1007_s11426-012-4531-z_part_3.txt_∂Œ1_Material1
O=C([*])C(C)O[*],[*]C/C=C/CCC([*])C#N,[*]C/C=C/CCC([*])C#N,,,151.99,10.4028_www.scientific.net_amr.486.406_part_1.txt_∂Œ1_Material3
O=C([*])C(C)O[*],[*]OC(CC(OC(CC([*])=O)CC)=O)C,[Na+].[Cl-],,,160,10.1002_polb.23522_part_1.txt_∂Œ1_Material2
[*]C(C1=CC=C(C(OCCCCO[*])=O)C=C1)=O,O=C(C1=CC=C(C=C1)C(OCC[*])=O)O[*],O=C(C1=CC=C(C=C1)C(OCC[*])=O)O[*],,,257,10.1177_0954008311431116_part_2.txt_∂Œ1_Material1
O=C([*])CCCCCN[*],OCC1OC(OC2C(O)C(O)C(O[*])OC2CO)C(O)C(O)C1[*],,,,220,10.1007_s10570-015-0723-y_part_1.txt_∂Œ1_Material1
[*]NCCCCCCCCCCCC([*])=O,O=[Al]O[Al]=O.O=[Si]=O.O=[Si]=O.O=[Si]=O,,,,183,10.1002_app.42299_part_1.txt_∂Œ1_Material1
[*]C(NC1=C(C)C(NC(OCCO[*])=O)=CC=C1)=O,O=C(C(C[*])[*])N,CC(NC(C([*])C)=O)C(NC(C)C(NC(C)C(N[*])=O)=O)=O,,,196,10.37358_mp.23.1.5649_OA_part_2.txt_∂Œ1_Material1
O=C([*])C(C)O[*],[*]CC(C1=CC=CC=C1)[*],,,,168.77,10.1007_s13726-019-00777-5_part_2.txt_∂Œ1_Material1
[*]CC(C1=CC=CC=C1)[*],[*]CCCC([*])OC(C)=O,,,,70.75,10.1002_adv.21781_part_1.txt_∂Œ1_Material1
[*]CCCC(CCCCCC)[*],C[Si](C)(C[*])O[*],,,,66,10.1080_03602559.2016.1227841_part_9.txt_∂Œ1_Material1
[*]OCC[*],[*]CC(C#N)[*],C12=C3C(C=CC4C3=C5C(CC6=CC7=C8C9=C(C(C=C%10)=CC=C9C=C7)C%11=C%10C%12)=CC4)=CC=C1C=C%12C%13=C%11C8=C6C5=C2%13,,,36,10.1002_vnl.21576_part_2.txt_∂Œ1_Material2
[*]C(CCCCCO[*])=O,O=C=NCCCCCCN=C=O,,,,42,10.1016_j.mtcomm.2020.101214_part_1.txt_∂Œ1_Material1
[*]C(C1=CC=C(C(OCCCCO[*])=O)C=C1)=O,[H][Si]([H])([H])[H],,,,220,10.1002_pc.24143_part_1.txt_∂Œ1_Material1
[*]C(CCCCC(OCCCCO[*])=O)=O,[*]OCC[*],,,,133,10.1002_app.44498_part_1.txt_∂Œ1_Material1
[*]C1C(OC(C(C1O)O)OC2C(OC(C(C2O)O)O[*])CO)CO,[*]C(C)C[*],[*]C([H])([H])C(O)([H])[*],,,165,10.1680_jemmr.18.00028_part_3.txt_∂Œ1_Material1
[*]CC[*],O=C([*])C(C)O[*],[*]OCC[*],,,109.7,10.1002_pen.21797_part_1.txt_∂Œ1_Material1
[*]CC(CC=CCC([*])C1=CC=CC=C1)C#N,C[N+](CCO)(CCO)[3H],,,,210,10.1002_pen.24385_part_1.txt_∂Œ1_Material1
O=C([*])C(C)O[*],[*]C(CCCCCO[*])=O,[*]OC1C(C(O)=O)OC(OC2C(NC(C)=O)C([*])OC(CO)C2O)C(O)C1O,,,173.88,10.3390_ma13071564_part_2.txt_∂Œ1_Material2
[*]OCC[*],[*]C([C@H](C)OC([C@H](C)O[*])=O)=O,,,,148.5,10.1515_pac-2016-0919_part_2.txt_∂Œ1_Material1
O=C([*])C(C)O[*],[*]OC1C(C(O)=O)OC(OC2C(NC(C)=O)C([*])OC(CO)C2O)C(O)C1O,[Na+].[Cl-],,,150,10.1002_polb.23522_part_1.txt_∂Œ1_Material1
[*]O[C@@]([H])(C)C(O[C@](C)([H])C([*])=O)=O,,,,,190,10.3390_nano11061472_part_3.txt_∂Œ1_Material1
[*]CC[*],O=C([*])C1=CC=C2C=C(C=CC2=C1)OC(C3=CC=C(C=C3)O[*])=O,,,,129,10.1002_app.34766_part_1.txt_∂Œ1_Material1
[*]C(C)C[*],[*]CC[*],O=C(C1=CC=C(C([*])=O)C=C1)NC2=CCC(N[*])C=C2,,,125.28,10.1016_j.compstruct.2018.01.090_part_3.txt_∂Œ1_Material1
[*]C([H])([H])C(O)([H])[*],OCC(C(C(C1N)O)O[*])OC1OC2C(OC(C(C2O)N)[*])CO,[*]NC(C(N1CCCC1C(NCC(N2CC(CC2C(NC(C(NCC([*])=O)=O)CO)=O)O)=O)=O)=O)CCCCN,,,160,10.1016_j.jfoodeng.2013.05.026_part_4.txt_∂Œ1_Material2
[*]NC(C(N1CCCC1C(NCC(N2CC(CC2C(NC(C(NCC([*])=O)=O)CO)=O)O)=O)=O)=O)CCCCN,[*]OC1C(O)C(O)C(OC2C(OC(C(CO)O)=O)C(OC3C(O)C(O)C(OC4C(O)C(O)C(O[*])OC4CO)OC3C(O)=O)OC(CO)C2O)OC1C,,,,27.08,10.1515_ijfe-2016-0410_part_1.txt_∂Œ1_Material1
[*]C(C)C[*],[Na+].[Cl-],,,,170,10.1038_s41598-023-41506-6_OA_part_1.txt_∂Œ1_Material1
[*]CC(COC1=CC=C(C=C1)C(C)(C)C2=CC=C(C=C2)O[*])O,O=C(C1=CC=C(C=C1)C(OCC[*])=O)O[*],,,,260,10.1177_1528083720901864_part_3.txt_∂Œ1_Material3
[*]C(CCCCCO[*])=O,[*]C(C[*])C(N(C)C)=O,,,,44,10.1016_j.polymer.2016.07.033_part_4.txt_∂Œ1_Material1
O=C([*])CCCCCN[*],FC(F)(C(F)(C(F)(C(F)(C(F)([*])F)F)C(F)(F)F)F)C[*],,,,201,10.1016_j.polymer.2013.10.001_part_10.txt_∂Œ1_Material1
[*]C1C(OC(C(C1O)O)OC2C(OC(C(C2O)O)O[*])CO)CO,O=C([*])C(C)O[*],,,,156,10.1016_j.fpsl.2019.100423_part_2.txt_∂Œ1_Material1
[*]C([H])([H])C(O)([H])[*],[*]CC(C)(C(OCCO)=O)[*],,,,160,10.1002_app.35298_part_2.txt_∂Œ1_Material1
[*]C(CCCCCO[*])=O,C12=C3C(C=CC4C3=C5C(CC6=CC7=C8C9=C(C(C=C%10)=CC=C9C=C7)C%11=C%10C%12)=CC4)=CC=C1C=C%12C%13=C%11C8=C6C5=C2%13,,,,55,10.4028_www.scientific.net_msf.773-774.496_part_1.txt_∂Œ1_Material1
[*]OCC[*],C12=CC3=CC4=CC=CN=C4N=C3N=C1N=C5N=C6N=CC=CC6=CC5=C2,,,,67.1,10.1016_j.polymer.2021.123894_part_1.txt_∂Œ1_Material1
[*]C([C@H](C)OC([C@H](C)O[*])=O)=O,[*]NC(C(O)=O)CCC([*])=O,[*]C(CCCCCO[*])=O,,,160,10.1039_d0gc01394c_part_7.txt_∂Œ1_Material2
O=C([*])C(C)O[*],[*]C1=C(C=CN2)C2=C([*])C(O)=C1O,,,,148.8,10.1007_s10973-023-12543-0_OA_part_2.txt_∂Œ1_Material1
FC(F)([*])C([H])([*])[H],OC1=C2C(C3(O)C4C5C6=C7C8C(C9=CC(C(O)=O)=C(C=C(C=C%10C(O)=O)C%11%12)C(C%11=C%13C%14C%15%16C%17(O%16)C%18C%19=C%20C%21=C%22C(C(O)=C%23)=C%24C%25C%21=C%26C%19=C%27C%17=C%28C%14(O)C%12=C%10C=C%28CC%27=CC%26=CC%25=C(C(O)=O)C=C%24)C9=C7C%13(O)C5=C%15C3=C%18C%29%30C%20(O%30)C%31C%22C%23=C%32)=CC(C(O)=O)=CC8=CC6=C(C(O)=O)C4=C2)=C%29C%33=C%31C%32=C(C(O)=O)C=C%331,,,,160,10.1038_s41598-019-46305-6_part_2.txt_∂Œ1_Material1
[*]C(C)C[*],[*]CCC(CCCCCC)C[*],O=[Mg].O=[Si]=O.O=[Si]=O.O=[Si]=O.O=[Si]=O.O=[Mg].O=[Mg].O,,,142.7,10.1515_polyeng-2016-0169_part_2.txt_∂Œ1_Material2
[*]CC[*],[*]CC(COC1=CC=C(C=C1)C(C)(C)C2=CC=C(C=C2)O[*])O,,,,132,10.1590_1980-5373-mr-2016-0589_part_1.txt_∂Œ1_Material2
[*]CC(CC[*])O,,,,,173.7,10.3390_molecules25173953_part_2.txt_∂Œ1_Material3
[*]OC1C(C(OC(C1O)OC2C3C(C(OC2CO3)[*])O)CO)O,[*]OCC[*],[*]C(CCCCCO[*])=O,,,30,10.1021_acsami.5b10675_part_2.txt_∂Œ1_Material2
[*]NCCCCCCCCCCCC([*])=O,NC1=NC2=C(N=CN2C2O[C@H](COP(=O)(O)OP(=O)(O)O)[C@H](O)[C@@H]2O)C(=O)N1,,,,170,10.1016_j.carbon.2013.07.043_part_1.txt_∂Œ1_Material1
[*]C1C(C(C(OC1C(O[Na])=O)OC2C(C(O[Na])=O)OC(O[*])C(O)C2O)O)O,N#CC(C1=CC=CC=N1)C1=CC=CC=C1,,,,122.45,10.1016_j.jfoodeng.2020.110127_part_3.txt_∂Œ1_Material1
[*]CC[*],O=C(O[Na])COCC(OC(C(C1O)O)[*])C1OC(C(C(C2O[*])O)O)OC2COCC(O[Na])=O,[*]OCC[*],,,147.73,10.1002_app.51519_part_3.txt_∂Œ1_Material1
O=C([*])OC1=CC=C(C=C1)C(C)(C)C2=CC=C(C=C2)O[*],O=C([*])C1=CC=C2C=C(C=CC2=C1)OC(C3=CC=C(C=C3)O[*])=O,,,,221,10.6000_1929-5995.2021.10.8_OA_part_1.txt_∂Œ1_Material1
OP(O)(O)=O,OCC1OC(OC2C(O)C(O)C(O[*])OC2CO)C(O)C(O)C1[*],,,,114.2,10.3390_polym12071472_part_2.txt_∂Œ1_Material3
O=C([*])C(C)O[*],O=C([*])OC1=CC=C(C=C1)C(C)(C)C2=CC=C(C=C2)O[*],C12=CC3=CC4=CC=CN=C4N=C3N=C1N=C5N=C6N=CC=CC6=CC5=C2,,,150,10.1002_app.46881_part_2.txt_∂Œ1_Material3
O=C([*])OC1=CC=C(C=C1)C(C)(C)C2=CC=C(C=C2)O[*],[*]C(C)C[*],[*]C(C)C[*],,,165,10.1080_00222348.2012.721659_part_2.txt_∂Œ1_Material1
OP(O)(O)=O,O=C([*])C(C)O[*],[*]C(CCCCCO[*])=O,,,169.5,10.3389_fmats.2022.975438_OA_part_2.txt_∂Œ1_Material2
[*]NC(C(N1CCCC1C(NCC(N2CC(CC2C(NC(C(NCC([*])=O)=O)CO)=O)O)=O)=O)=O)CCCCN,[Zn]=O,,,,105,10.1016_j.foodchem.2021.129492_part_2.txt_∂Œ1_Material1
[*]C([C@H](C)OC([C@H](C)O[*])=O)=O,[*]C(C(O[*])C)=O,,,,167,10.1007_s00289-015-1595-x_part_3.txt_∂Œ1_Material1
[*]CC(CC[*])O,[*]CC[*],[H]O[H],,,170,10.1016_j.polymer.2017.08.043_part_2.txt_∂Œ1_Material1
O=C([*])C(C)O[*],[*]O[C@@]([H])(C)C(O[C@](C)([H])C([*])=O)=O,,,,167.4,10.1016_j.compositesb.2018.09.030_part_2.txt_∂Œ1_Material1
[*]C(C)C[*],[*]C(CCCCCO[*])=O,,,,17.1,10.1002_adfm.201500105_part_1.txt_∂Œ1_Material1
[*]NCC(NC(C(ONCC(NC(C(NCC(NC(C([*])=O)C)=O)=O)C)=O)=O)CO)=O,[*]CC([*])Cl,,,,116,10.1039_c6tb01055e_part_2.txt_∂Œ1_Material1
O=C([*])C(C)O[*],[*]/C=C\CC/C=C\CC(CC([*])C1=CC=CC=C1)C2=CC=CC=C2,,,,171.9,10.1021_acssuschemeng.0c09413_part_2.txt_∂Œ1_Material1
[*]CC[*],[*]CC(C)(C(OCCO)=O)[*],OCC1OC(C(C(C1[*])O)O)OC2C(C(C(OC2CO)O[*])O)O,,,130,10.1021_acsami.7b13963_part_2.txt_∂Œ1_Material1
[*]C(C)C[*],[*]OCCCOC(C1=CC=C(C([*])=O)C=C1)=O,[*]C(C)C[*],,,222.7,10.1080_00222348.2018.1558576_part_2.txt_∂Œ1_Material1
[*]C([H])([H])C(O)([H])[*],[*]C(C)C[*],,,,160,10.1016_j.polymertesting.2020.106539_part_2.txt_∂Œ1_Material1
[*]CC[*],CCCCCCCCCCCCCCCCCCOC(CCC1=CC(C(C)(C)C)=C(C(C(C)(C)C)=C1)O)=O,CCCCCCCCCCCCCCCCCCOC(CCC1=CC(C(C)(C)C)=C(C(C(C)(C)C)=C1)O)=O,,,125,10.1002_pen.24114_part_1.txt_∂Œ1_Material1
[*]C([C@H](C)OC([C@H](C)O[*])=O)=O,[*]CCCCO[*],,,,120,10.1007_s00289-018-2452-5_part_2.txt_∂Œ1_Material1
O=C([*])C(C)O[*],[*]C(CCCCCO[*])=O,O=[Al]O[Al]=O.O=[Si]=O.O=[Si]=O.O=[Si]=O,,,156.7,10.1002_app.43815_part_2.txt_∂Œ1_Material1
OP(O)(O)=O,[*]OCC[*],OCC1OC(C(C(C1[*])O)O)OC2C(C(C(OC2CO)O[*])O)O,,,110,10.1002_app.43302_part_1.txt_∂Œ1_Material1
O=C([*])C(C)O[*],[*]C/C=C/CCC([*])C#N,O=C([O-])[O-].[Ca+2],,,150,10.1177_0095244320958108_part_1.txt_∂Œ1_Material1
[*]C(C)C[*],[*]CC(OC(O[*])=O)C,,,,165,10.1002_app.45266_part_1.txt_∂Œ1_Material2
[*]CC[*],O=C(C1=CC=C(C([*])=O)C=C1)NC2=CCC(N[*])C=C2,,,,135,10.15282_ijame.8.2013.19.0107_OA_part_3.txt_∂Œ1_Material4
[*]C(C)C[*],[*]C([C@H](C)OC([C@H](C)O[*])=O)=O,NC1=CC=C(C=C1)/C2=C3C=C/C(N\3)=C(C4=N/C(C=C4)=C(C5=CC=C(N5)/C(C6=CC=CC=C6)=C7N=C2C=C\7)/C8=CC=CC=C8)\C9=CC=CC=C9,,,152,10.1515_polyeng-2014-0179_part_1.txt_∂Œ1_Material1
O=C([*])C(C)O[*],OCC(C(C(C1N)O)O[*])OC1OC2C(OC(C(C2O)N)[*])CO,O=[Ti]=O,,,170,10.1016_j.jfoodeng.2013.05.026_part_4.txt_∂Œ1_Material1
O=C([*])C(C)O[*],C12=CC3=CC4=CC=CN=C4N=C3N=C1N=C5N=C6N=CC=CC6=CC5=C2,,,,200,10.1177_1687814019835698_part_2.txt_∂Œ1_Material1
[*]C(C)C[*],[*]CCC(CCCC(CCCC(C[*])C)C)C,O=[Mg].O=[Si]=O.O=[Si]=O.O=[Si]=O.O=[Si]=O.O=[Mg].O=[Mg].O,,,115,10.1016_j.polymer.2015.10.040_part_1.txt_∂Œ1_Material3
[*]C(N(CN(C(OCOC(N(CN(C(OCCO[*])=O)[H])[H])=O)=O)[H])[H])=O,[*]C(CCCCCO[*])=O,,,,57.26,10.1177_0095244314568691_part_3.txt_∂Œ1_Material3
[*]C(CCCCCO[*])=O,[*]NC(C(N1CCCC1C(NCC(N2CC(CC2C(NC(C(NCC([*])=O)=O)CO)=O)O)=O)=O)=O)CCCCN,[*]OC1C(C(O)=O)OC(OC2C(NC(C)=O)C([*])OC(CO)C2O)C(O)C1O,,,56.56,10.3390_ma13112661_part_2.txt_∂Œ1_Material2
O=C([*])CCCCCN[*],O=[Ti]=O,[*]CC(CC=CCC([*])C1=CC=CC=C1)C#N,,,220,10.3390_ma12233955_part_2.txt_∂Œ1_Material1
[*]OC(CC(OC(CC([*])=O)CC)=O)C,[*]C(CCCCC(OCCCCO[*])=O)=O,O=C([*])C(C)O[*],,,172,10.1002_app.46153_part_1.txt_∂Œ1_Material4
[*]CC[*],C=C([CH3])C(=O)O[CH3],,,,98,10.4028_www.scientific.net_amm.815.101_part_1.txt_∂Œ1_Material2
[*]CCC(CCCC(CCCC(C[*])C)C)C,[*]C(CCCCCO[*])=O,C12=C3C(C=CC4C3=C5C(CC6=CC7=C8C9=C(C(C=C%10)=CC=C9C=C7)C%11=C%10C%12)=CC4)=CC=C1C=C%12C%13=C%11C8=C6C5=C2%13,,,62,10.3390_ma6104489_part_2.txt_∂Œ1_Material3
C=C([CH3])C(=O)O[CH3],[*]C(F)(C(F)([*])F)F,,,,160,10.1002_app.49929_part_2.txt_∂Œ1_Material1
O=C([*])C(C)O[*],[*]OCC[*],C12=CC3=CC4=CC=CN=C4N=C3N=C1N=C5N=C6N=CC=CC6=CC5=C2,,,159,10.1021_acssuschemeng.9b06760_part_2.txt_∂Œ1_Material2
[*]C1C(OC(C(C1O)O)OC2C(OC(C(C2O)O)O[*])CO)CO,O=C(C1=CC=C(C=C1)C(OCC[*])=O)O[*],OCC(O)CO,,,288,10.1016_j.carres.2021.108401_part_2.txt_∂Œ1_Material1
[*]CC[*],[Zn]=O,OCC(C(C(C1N)O)O[*])OC1OC2C(OC(C(C2O)N)[*])CO,,,135.59,10.1002_pc.23738_part_1.txt_∂Œ1_Material8
OP(O)(O)=O,[*]CC(OC(O[*])=O)C,[*]C([H])([H])C(O)([H])[*],,,150,10.1007_s00396-021-04869-8_part_1.txt_∂Œ1_Material1
O=C([*])C(C)O[*],OCC(C(C(C1N)O)O[*])OC1OC2C(OC(C(C2O)N)[*])CO,OCC1OC(C(C(C1O)O[*])O)OC2C(C(C(OC2COS(=O)(O)=O)[*])NC(C)=O)O,,,152.97,10.1016_j.msec.2014.03.054_part_2.txt_∂Œ1_Material1
[*]O[C@H](C)CC([*])=O,[*]C(CCCCCO[*])=O,OCC1OC(C(C(C1[*])O)O)OC2C(C(C(OC2CO)O[*])O)O,,,172.34,10.1002_app.50510_part_2.txt_∂Œ1_Material1
[*]O[C@H](C)CC([*])=O,[*]CC(C#N)[*],,,,169,10.3390_polym8030097_part_2.txt_∂Œ1_Material2
[*]CCCC([*])OC(C)=O,[*]CC[*],,,,107.6,10.1016_j.polymertesting.2017.08.028_part_3.txt_∂Œ1_Material1
[*]C(CCCCCO[*])=O,[*]O[C@H](C)CC([*])=O,,,,29,10.1016_j.polymertesting.2018.03.014_part_4.txt_∂Œ1_Material1
O=C(C1=CC=C(C=C1)C(OCC[*])=O)O[*],CCCCCCCCCCCCCCCCCCOC(CCC1=CC(C(C)(C)C)=C(C(C(C)(C)C)=C1)O)=O,,,,248,10.1007_s00289-017-1962-x_part_1.txt_∂Œ1_Material2
O=C([*])C(C)O[*],[*]CC(OC(O[*])=O)C,,,,166,10.1007_s10118-019-2276-2_part_2.txt_∂Œ1_Material1
[*]C1=C(O)C(C(C)(C)C)=C(O)C(C)=C1SS[*],[C],,,,220,10.1177_0892705712470263_part_1.txt_∂Œ1_Material1
[*]C([H])([H])C(O)([H])[*],[*]OCC[*],,,,193,10.1007_s10854-019-02835-3_part_1.txt_∂Œ1_Material1
[*]CC[*],[Zn]=O,,,,129.42,10.1002_app.42338_part_1.txt_∂Œ1_Material1
[*]C(C)C[*],[*]C(N(CN(C(OCOC(N(CN(C(OCCO[*])=O)[H])[H])=O)=O)[H])[H])=O,[*]C(C)C[*],,,163,10.1080_10402004.2017.1406173_part_2.txt_∂Œ1_Material1
[*]C(CCCCCO[*])=O,[*]NC(C(N1CCCC1C(NCC(N2CC(CC2C(NC(C(NCC([*])=O)=O)CO)=O)O)=O)=O)=O)CCCCN,C(CC=O)CC=O,,,60,10.1177_1528083721991595_part_3.txt_∂Œ1_Material1
O=C([*])CCCCCN[*],[*]CC[*],[Li]Cl,,,240,10.1002_pc.25070_part_2.txt_∂Œ1_Material1
[*]CC[*],[*]C(C)C[*],[*]CC[*],,,140,10.1080_00222348.2019.1709710_part_1.txt_∂Œ1_Material1
O=C([*])CCCCCN[*],[Cu],,,,216,10.1080_10601325.2014.916182_part_1.txt_∂Œ1_Material1
[*]CC[*],O=C([*])CCCCCN[*],OC1=C2C(C3(O)C4C5C6=C7C8C(C9=CC(C(O)=O)=C(C=C(C=C%10C(O)=O)C%11%12)C(C%11=C%13C%14C%15%16C%17(O%16)C%18C%19=C%20C%21=C%22C(C(O)=C%23)=C%24C%25C%21=C%26C%19=C%27C%17=C%28C%14(O)C%12=C%10C=C%28CC%27=CC%26=CC%25=C(C(O)=O)C=C%24)C9=C7C%13(O)C5=C%15C3=C%18C%29%30C%20(O%30)C%31C%22C%23=C%32)=CC(C(O)=O)=CC8=CC6=C(C(O)=O)C4=C2)=C%29C%33=C%31C%32=C(C(O)=O)C=C%331,,,237,10.1002_app.51506_part_1.txt_∂Œ1_Material1
OCC(C(C(C1N)O)O[*])OC1OC2C(OC(C(C2O)N)[*])CO,O=C(C1=CC=C(C([*])=O)C=C1)NC2=CCC(N[*])C=C2,,,,151,10.1080_03602550903284206_part_1.txt_∂Œ1_Material1
O=C([*])CCCCCN[*],[*]NCCCCCCCCCCCC([*])=O,O=[Ti]=O,,,220,10.1007_s00170-018-3004-8_part_2.txt_∂Œ1_Material1
[*]C1C(OC(C(C1O)O)OC2C(OC(C(C2O)O)O[*])CO)CO,O=C([*])C(C)O[*],OP(O)(O)=O,,,110,10.1177_204124791100200201_part_2.txt_∂Œ1_Material1
[*]CC[*],[*]CCC(CCCCCC)C[*],OC1=C2C(C3(O)C4C5C6=C7C8C(C9=CC(C(O)=O)=C(C=C(C=C%10C(O)=O)C%11%12)C(C%11=C%13C%14C%15%16C%17(O%16)C%18C%19=C%20C%21=C%22C(C(O)=C%23)=C%24C%25C%21=C%26C%19=C%27C%17=C%28C%14(O)C%12=C%10C=C%28CC%27=CC%26=CC%25=C(C(O)=O)C=C%24)C9=C7C%13(O)C5=C%15C3=C%18C%29%30C%20(O%30)C%31C%22C%23=C%32)=CC(C(O)=O)=CC8=CC6=C(C(O)=O)C4=C2)=C%29C%33=C%31C%32=C(C(O)=O)C=C%331,,,107.1,10.1002_pen.23509_part_1.txt_∂Œ1_Material1
[*]OC1C(O)C(O)C(OC2C(OC(C(CO)O)=O)C(OC3C(O)C(O)C(OC4C(O)C(O)C(O[*])OC4CO)OC3C(O)=O)OC(CO)C2O)OC1C,O=C(C(C[*])[*])N,,,,165.6,10.1002_pen.25773_part_2.txt_∂Œ1_Material2
O=C([*])CCCCCN[*],O=[Si]=O,[H][Si]([H])([H])[H],,,220,10.1002_pc.23961_part_1.txt_∂Œ1_Material1
O=C([*])C(C)O[*],[*]C1C(OC(C(C1O)O)OC2C(OC(C(C2O)O)O[*])CO)CO,[*]C(CCCCCO[*])=O,,,168,10.1002_mame.201400332_part_1.txt_∂Œ1_Material1
[*]NC(C(N1CCCC1C(NCC(N2CC(CC2C(NC(C(NCC([*])=O)=O)CO)=O)O)=O)=O)=O)CCCCN,O=C(C(C[*])[*])N,,,,30,10.1039_c7tb01780d_part_3.txt_∂Œ1_Material1
[*]O[C@H](C)CC([*])=O,OCC(C(C(C1N)O)O[*])OC1OC2C(OC(C(C2O)N)[*])CO,,,,166,10.1002_app.35341_part_1.txt_∂Œ1_Material1
[*]C(C)C[*],[*]C1C(OC(C(C1O)O)OC2C(OC(C(C2O)O)O[*])CO)CO,OCC(O)CO,,,167.9,10.1007_s10973-010-0828-3_part_1.txt_∂Œ1_Material1
O=C(C1=CC=C(C=C1)C(OCC[*])=O)O[*],[*]C(C)C[*],[*]C(C)C[*],,,200.9,10.1016_j.aiepr.2019.02.001_part_2.txt_∂Œ1_Material2
O=C([*])C(C)O[*],[*]C(CCCCCO[*])=O,OC1=C2C(C3(O)C4C5C6=C7C8C(C9=CC(C(O)=O)=C(C=C(C=C%10C(O)=O)C%11%12)C(C%11=C%13C%14C%15%16C%17(O%16)C%18C%19=C%20C%21=C%22C(C(O)=C%23)=C%24C%25C%21=C%26C%19=C%27C%17=C%28C%14(O)C%12=C%10C=C%28CC%27=CC%26=CC%25=C(C(O)=O)C=C%24)C9=C7C%13(O)C5=C%15C3=C%18C%29%30C%20(O%30)C%31C%22C%23=C%32)=CC(C(O)=O)=CC8=CC6=C(C(O)=O)C4=C2)=C%29C%33=C%31C%32=C(C(O)=O)C=C%331,,,96.07,10.1002_app.45373_part_2.txt_∂Œ1_Material3
[*]C([C@H](C)OC([C@H](C)O[*])=O)=O,[*]CCC(CCCCCC)C[*],[*]O[C@@]([H])(C)C(O[C@](C)([H])C([*])=O)=O,,,165.6,10.1080_03602559.2013.812219_part_2.txt_∂Œ1_Material2
[*]OCCCCOC(CCC([*])=O)=O,OCC(C(C(C1N)O)O[*])OC1OC2C(OC(C(C2O)N)[*])CO,,,,113,10.4028_www.scientific.net_kem.775.26_part_1.txt_∂Œ1_Material1
[*]C([C@H](C)OC([C@H](C)O[*])=O)=O,OCC1OC(C(C(C1[*])O)O)OC2C(C(C(OC2CO)O[*])O)O,,,,178.5,10.1016_j.carbpol.2017.09.046_part_2.txt_∂Œ1_Material2
[*]C(CCCCCO[*])=O,O=C(O)C([*])C[*],,,,55,10.1080_00222348.2020.1757218_part_3.txt_∂Œ1_Material3
[*]C(CCCCCO[*])=O,O=C(CC(/C=C/C1=CC=C(C(OC)=C1)O)=O)/C=C/C2=CC=C(O)C(OC)=C2,,,,60.9,10.1016_j.msec.2017.02.087_part_4.txt_∂Œ1_Material1
[*]C(C)C[*],[*]NCCCCCCCCCCCC([*])=O,[*]C(C)C[*],,,168,10.1155_2015_742540_part_1.txt_∂Œ1_Material1
[*]CC(CC[*])O,C[N+](CCO)(CCO)[3H],,,,160,10.1002_adv.21274_part_1.txt_∂Œ1_Material2
O=C([*])C(C)O[*],[*]C(CCCCC(OCCCCO[*])=O)=O,C=C([CH3])C(=O)O[CH3],,,125,10.1021_acs.macromol.8b00297_part_2.txt_∂Œ1_Material1
OP(O)(O)=O,[*]OC(CC(OC(CC([*])=O)CC)=O)C,,,,115,10.53848_ssstj.v9i2.231_OA_part_1.txt_∂Œ1_Material1
[*]C(C(OC(CO[*])=O)C)=O,O=C([*])C(C)O[*],,,,143.7,10.1002_app.36757_part_2.txt_∂Œ1_Material1
O=C([*])C(C)O[*],[*]C(CCCCC(OCCCCO[*])=O)=O,OC(C(C)(CC(C1=CC=CC=C1)[*])CC(C[*])(C(OCC2CO2)=O)C)=O,,,168,10.1007_s00397-014-0774-2_part_1.txt_∂Œ1_Material1
O=C([*])C(C)O[*],[*]C(C1=CC=C(C=C1)C(OCCCCOC(C2=CC=C(C=C2)C(OCCCCO[*])=O)=O)=O)=O,,,,160,10.1002_app.46343_part_2.txt_∂Œ1_Material2
O=C([*])C(C)O[*],[*]C(C)C[*],C=C(C(OCC1CO1)=O)C,,,166.7,10.1016_j.polymertesting.2015.03.012_part_2.txt_∂Œ1_Material1
O=C(O[*])CCCCCCCCCCN[*],O=C(CCCCC(NCCCCCCCCCCN[*])=O)[*],,,,162,10.1016_j.polymer.2013.10.013_part_2.txt_∂Œ1_Material1
[*]O[C@H](C)CC([*])=O,[*]C(C(O[*])C)=O,OC1=C2C(C3(O)C4C5C6=C7C8C(C9=CC(C(O)=O)=C(C=C(C=C%10C(O)=O)C%11%12)C(C%11=C%13C%14C%15%16C%17(O%16)C%18C%19=C%20C%21=C%22C(C(O)=C%23)=C%24C%25C%21=C%26C%19=C%27C%17=C%28C%14(O)C%12=C%10C=C%28CC%27=CC%26=CC%25=C(C(O)=O)C=C%24)C9=C7C%13(O)C5=C%15C3=C%18C%29%30C%20(O%30)C%31C%22C%23=C%32)=CC(C(O)=O)=CC8=CC6=C(C(O)=O)C4=C2)=C%29C%33=C%31C%32=C(C(O)=O)C=C%331,,,148,10.1016_j.polymdegradstab.2013.06.033_part_2.txt_∂Œ1_Material1
[*]CC(CC=CCC([*])C1=CC=CC=C1)C#N,O=C(C1=CC=C(C=C1)C(OCC[*])=O)O[*],[*]CC(CC=CCC([*])C1=CC=CC=C1)C#N,,,248,10.1080_03602559.2014.1003225_part_3.txt_∂Œ1_Material1
[*]C([H])([H])C(O)([H])[*],[Mg],,,,200,10.1007_s11581-017-1988-y_part_2.txt_∂Œ1_Material1
[*]C(C)C[*],[*]OCCOC(CC(C([*])=O)C(C1CCCCC1)CC(CC(O)=O)C(OCCO)=O)=O,,,,140,10.1016_j.polymer.2016.02.010_part_1.txt_∂Œ1_Material1
O=C([*])C(C)O[*],[*]NC(C(O)=O)CCC([*])=O,,,,220,10.1039_d0gc01394c_part_3.txt_∂Œ1_Material2
O=C([*])C(C)O[*],[*]OCC[*],O=[Mg].O=[Si]=O.O=[Si]=O.O=[Si]=O.O=[Si]=O.O=[Mg].O=[Mg].O,,,150.1,10.1007_s10973-015-4997-y_part_2.txt_∂Œ1_Material1
C[Si](C)(C[*])O[*],[*]C(NC1=C(C)C(NC(OCCO[*])=O)=CC=C1)=O,O=[Ti]=O,,,103.4,10.3390_polym13142242_part_2.txt_∂Œ1_Material1
[*]C([C@H](C)OC([C@H](C)O[*])=O)=O,[*]C(C=C1)=CC=C1S[*],,,,147.5,10.1002_pol.20190192_part_2.txt_∂Œ1_Material1
C[Si](C)(C[*])O[*],[*]CC(COC1=CC=C(C=C1)C(C)(C)C2=CC=C(C=C2)O[*])O,,,,116.1,10.1007_s10965-021-02518-w_part_1.txt_∂Œ1_Material1
[*]CC(COC1=CC=C(C=C1)C(C)(C)C2=CC=C(C=C2)O[*])O,O=[Ti]=O,,,,200,10.1016_j.compositesb.2018.12.045_part_2.txt_∂Œ1_Material2
[*]CC(COC1=CC=C(C=C1)C(C)(C)C2=CC=C(C=C2)O[*])O,O=[Zr]=O,,,,190,10.1016_j.compositesb.2018.12.045_part_2.txt_∂Œ1_Material3
[*]C([C@H](C)OC([C@H](C)O[*])=O)=O,[*]CC[*],,,,149.6,10.1021_acs.macromol.5b01029_part_2.txt_∂Œ1_Material1
[*]C(C)C[*],[*]CCCC(C1C([*])C2CC1C/C2=C/C)C,O=[Si]=O,,,169.1,10.1177_0021998320948125_part_2.txt_∂Œ1_Material1
[*]CC(C1=CC=CC=C1)C/C=C/C[*],[*]C(C)C[*],,,,163.29,10.1002_app.46580_part_2.txt_∂Œ1_Material1
[*]OC1C(C(OC(C1O)OC2C3C(C(OC2CO3)[*])O)CO)O,,,,,140,10.1016_j.foodhyd.2014.12.026_part_7.txt_∂Œ1_Material3
[*]C([C@H](C)OC([C@H](C)O[*])=O)=O,[*]C(CCCCCO[*])=O,[*]C(CCCCCO[*])=O,,,167.25,10.1007_s10965-020-02206-1_part_1.txt_∂Œ1_Material1
[*]C([H])([H])C(O)([H])[*],O=[Ti]=O,OC1=C2C(C3(O)C4C5C6=C7C8C(C9=CC(C(O)=O)=C(C=C(C=C%10C(O)=O)C%11%12)C(C%11=C%13C%14C%15%16C%17(O%16)C%18C%19=C%20C%21=C%22C(C(O)=C%23)=C%24C%25C%21=C%26C%19=C%27C%17=C%28C%14(O)C%12=C%10C=C%28CC%27=CC%26=CC%25=C(C(O)=O)C=C%24)C9=C7C%13(O)C5=C%15C3=C%18C%29%30C%20(O%30)C%31C%22C%23=C%32)=CC(C(O)=O)=CC8=CC6=C(C(O)=O)C4=C2)=C%29C%33=C%31C%32=C(C(O)=O)C=C%331,,,245,10.1016_j.colsurfa.2014.06.006_part_2.txt_∂Œ1_Material2
[*]CCCC([*])OC(C)=O,O=[Ti]=O,,,,80,10.1002_vnl.21735_part_2.txt_∂Œ1_Material1
[*]CC(O)COC(CCCCCCCCC(O[*])=O)=O,OC1=C2C(C3(O)C4C5C6=C7C8C(C9=CC(C(O)=O)=C(C=C(C=C%10C(O)=O)C%11%12)C(C%11=C%13C%14C%15%16C%17(O%16)C%18C%19=C%20C%21=C%22C(C(O)=C%23)=C%24C%25C%21=C%26C%19=C%27C%17=C%28C%14(O)C%12=C%10C=C%28CC%27=CC%26=CC%25=C(C(O)=O)C=C%24)C9=C7C%13(O)C5=C%15C3=C%18C%29%30C%20(O%30)C%31C%22C%23=C%32)=CC(C(O)=O)=CC8=CC6=C(C(O)=O)C4=C2)=C%29C%33=C%31C%32=C(C(O)=O)C=C%331,,,,140,10.1007_s10973-020-10110-5_part_1.txt_∂Œ1_Material1
O=C([*])CCCCCN[*],[*]CC(CC)([*])C(OCC1=CC=CC=C1)=O,[*]C(C1=CC=CC=C1)CC2C(OC(C2[*])=O)=O,,,210,10.1007_s10965-017-1201-z_part_1.txt_∂Œ1_Material1
[*]CC[*],[*]CCC(CCCCCC)C[*],,,,112.9,10.1016_j.polymertesting.2021.107094_part_1.txt_∂Œ1_Material1
[*]C(C)C[*],[*]CC(CC(C#N)[*])C1=CC=CC=C1,,,,164,10.1080_03602559.2014.974190_part_1.txt_∂Œ1_Material3
[*]C(N(CN(C(OCOC(N(CN(C(OCCO[*])=O)[H])[H])=O)=O)[H])[H])=O,[*]C(F)(C(F)([*])F)F,,,,150,10.1016_j.supflu.2019.04.004_part_2.txt_∂Œ1_Material1
[*]C(N(CN(C(OCOC(N(CN(C(OCCO[*])=O)[H])[H])=O)=O)[H])[H])=O,[*]O[C@@]([H])(C)C(O[C@](C)([H])C([*])=O)=O,[*]C([C@H](C)OC([C@H](C)O[*])=O)=O,,,102.4,10.1002_app.51014_part_2.txt_∂Œ1_Material3
[*]C(C1=CC=C(C=C1)C(OCCCCOC(C2=CC=C(C=C2)C(OCCCCO[*])=O)=O)=O)=O,[*]C(C1=CC=C(C(OCCCCO[*])=O)C=C1)=O,,,,227.9,10.1155_2016_8515103_part_2.txt_∂Œ1_Material1
[*]CC([*])Cl,OCC1OC(C(C(C1[*])O)O)OC2C(C(C(OC2CO)O[*])O)O,,,,170,10.4028_www.scientific.net_msf.737.67_part_2.txt_∂Œ1_Material1
O=C([*])CCCCCN[*],O=C(OOC(=O)C1=CC=CC=C1)C1=CC=CC=C1,,,,217.6,10.1007_s12221-013-1595-0_part_1.txt_∂Œ1_Material3
[*]CC(CC=CCC([*])C1=CC=CC=C1)C#N,C=C([CH3])C(=O)O[CH3],,,,225,10.1080_03602559.2016.1211698_part_4.txt_∂Œ1_Material1
[*]CC[*],[C],,,,124.1,10.1007_s00289-018-2270-9_part_3.txt_∂Œ1_Material1
[*]CC[*],COC(C(C[*])([*])C)=O,,,,123,10.1002_pat.1674_part_2.txt_∂Œ1_Material2
OP(O)(O)=O,O=C([*])C(C)O[*],O=C(OOC(=O)C1=CC=CC=C1)C1=CC=CC=C1,,,103,10.1007_s00289-017-2054-7_part_2.txt_∂Œ1_Material1
[*]C([H])([H])C(O)([H])[*],OCC(C(C(C1N)O)O[*])OC1OC2C(OC(C(C2O)N)[*])CO,C(CC=O)CC=O,,,224,10.1016_j.memsci.2012.06.051_part_1.txt_∂Œ1_Material4
[*]C(C1=CC=C(C(OCCCCO[*])=O)C=C1)=O,[*]CC(CC=CCC([*])C1=CC=CC=C1)C#N,[Mg],,,270,10.1002_app.35205_part_2.txt_∂Œ1_Material1
[*]C(NC1=C(C)C(NC(OCCO[*])=O)=CC=C1)=O,C=C([CH3])C(=O)O[CH3],O=[Al]O[Al]=O.O=[Si]=O.O=[Si]=O.O=[Si]=O,,,64.3,10.1038_pj.2016.98_part_1.txt_∂Œ1_Material1
O=C(C1=CC=C2C=C(C=CC2=C1)C([*])=O)OCCO[*],[Zn]=O,,,,264.8,10.1016_j.tsf.2010.07.081_part_1.txt_∂Œ1_Material2
[*]C(CCCCCO[*])=O,[*]C(C(OC(CO[*])=O)C)=O,,,,60,10.1007_s12541-013-0087-x_part_1.txt_∂Œ1_Material1
O=C([*])C(C)O[*],[*]OCCCOC(C1=CC=C(C([*])=O)C=C1)=O,[*]CCC(CCCCCC)C[*],,,149.2,10.1515_polyeng-2018-0256_part_1.txt_∂Œ1_Material5
[*]C(C)C[*],O=C([*])OC1=CC=C(C=C1)C(C)(C)C2=CC=C(C=C2)O[*],OC1=C2C(C3(O)C4C5C6=C7C8C(C9=CC(C(O)=O)=C(C=C(C=C%10C(O)=O)C%11%12)C(C%11=C%13C%14C%15%16C%17(O%16)C%18C%19=C%20C%21=C%22C(C(O)=C%23)=C%24C%25C%21=C%26C%19=C%27C%17=C%28C%14(O)C%12=C%10C=C%28CC%27=CC%26=CC%25=C(C(O)=O)C=C%24)C9=C7C%13(O)C5=C%15C3=C%18C%29%30C%20(O%30)C%31C%22C%23=C%32)=CC(C(O)=O)=CC8=CC6=C(C(O)=O)C4=C2)=C%29C%33=C%31C%32=C(C(O)=O)C=C%331,,,156.2,10.1002_app.45062_part_1.txt_∂Œ1_Material1
C[Si](C)(C[*])O[*],FC(F)([*])C([H])([*])[H],,,,170,10.3390_polym12102378_part_5.txt_∂Œ1_Material1
[*]C(C)C[*],C=C(C(OCC1CO1)=O)C,,,,165,10.1002_app.38665_part_2.txt_∂Œ1_Material1
O=C(CCCCCCCCCCC(NCCCCCCCCCCCCN[*])=O)[*],[*]C(N(CN(C(OCOC(N(CN(C(OCCO[*])=O)[H])[H])=O)=O)[H])[H])=O,,,,155.7,10.1177_0892705719886009_part_2.txt_∂Œ1_Material1
[*]C(CCCCCO[*])=O,[*]CC(COC1=CC=C(C=C1)C(C)(C)C2=CC=C(C=C2)O[*])O,,,,71.3,10.1016_j.compscitech.2016.01.008_part_2.txt_∂Œ1_Material3
O=C([*])C(C)O[*],C=CC1=CC=CC=C1,,,,148.2,10.3390_polym9040117_part_2.txt_∂Œ1_Material1
[*]C([H])([H])C(O)([H])[*],FC(F)([*])C([H])([*])[H],,,,158,10.1007_s11581-016-1925-5_part_1.txt_∂Œ1_Material2
[*]C([C@H](C)OC([C@H](C)O[*])=O)=O,[*]CC(C(OCC)=O)[*],,,,177.6,10.1016_j.eurpolymj.2014.11.007_part_2.txt_∂Œ1_Material1
[*]C(C1=CC=C(C(OCCCCO[*])=O)C=C1)=O,O=C(C1=CC=C(C=C1)C(OCC[*])=O)O[*],[C],,,222,10.1080_00405000.2015.1077022_part_2.txt_∂Œ1_Material2
O=C(C1=CC=C(C=C1)C(OCC[*])=O)O[*],[Zn]=O,,,,254.6,10.1016_j.tsf.2010.07.081_part_1.txt_∂Œ1_Material1
O=C(CCCCC(N(CCCCCCN([*])[H])[H])=O)[*],O=C([*])CCCCCN[*],[*]C(F)(C(F)([*])F)F,,,256,10.1016_j.matpr.2021.08.296_part_1.txt_∂Œ1_Material2
C=C(C)C(=O)OCCCC,OCC1OC(C(C(C1[*])O)O)OC2C(C(C(OC2CO)O[*])O)O,[*]OCC[*],,,55,10.1016_j.carbpol.2019.01.098_part_1.txt_∂Œ1_Material1
FC(F)([*])C([H])([*])[H],[*]CC(CC=CCC([*])C1=CC=CC=C1)C#N,C=C([CH3])C(=O)O[CH3],,,165,10.1039_c4cp04481a_part_4.txt_∂Œ1_Material2
O=C([*])CCCCCN[*],[*]OCC[*],O=C(CCCCC(N(CCCCCCN([*])[H])[H])=O)[*],,,212.8,10.1002_app.36676_part_2.txt_∂Œ1_Material1
[*]C(N(CN(C(OCOC(N(CN(C(OCCO[*])=O)[H])[H])=O)=O)[H])[H])=O,[*]C1C(OC(C(C1O)O)OC2C(OC(C(C2O)O)O[*])CO)CO,[*]CCC(CCCCCC)C[*],,,82.2,10.1039_c5ra09713d_part_3.txt_∂Œ1_Material1
O=C([*])C(C)O[*],[*]C1C(O)C(O)C(OC2C(O)C(O)C(O[*])OC2COC(C)=O)OC1COC(C)=O,,,,190,10.1007_s10924-016-0785-4_part_1.txt_∂Œ1_Material2
[*]C(N(CN(C(OCOC(N(CN(C(OCCO[*])=O)[H])[H])=O)=O)[H])[H])=O,[*]C1C(OC(C(C1O)O)OC2C(OC(C(C2O)O)O[*])CO)CO,[*]C/C=C/CCC([*])C#N,,,85.9,10.1039_c5ra09713d_part_3.txt_∂Œ1_Material2
[*]NC(C(N1CCCC1C(NCC(N2CC(CC2C(NC(C(NCC([*])=O)=O)CO)=O)O)=O)=O)=O)CCCCN,[*]NC(C)C(N1CCCC1C([*])=O)=O,[*]C(CCCCCO[*])=O,,,59.2,10.7717_peerj.6358_part_2.txt_∂Œ1_Material1
O=C([*])OC1=CC=C(C=C1)C(C)(C)C2=CC=C(C=C2)O[*],[*]C(C1=CC=C(C(OCCCCO[*])=O)C=C1)=O,,,,260,10.1002_vnl.21313_part_1.txt_∂Œ1_Material1
[*]C(CCCCCO[*])=O,[*]OCC[*],[Na+].[Cl-],,,60,10.5301_jabb.2011.6473_part_1.txt_∂Œ1_Material1
CC(C=C([*])C=C1C)=C1O[*],[*]C(C)C[*],,,,147.5,10.1515_epoly.2010.10.1.336_part_2.txt_∂Œ1_Material1
[*]CCCC([*])OC(C)=O,C[Si](O[*])(C)[*],,,,74.7,10.1007_s13233-018-6134-9_part_1.txt_∂Œ1_Material2
[*]OC(CC(OC(CC([*])=O)CC)=O)C,[Zn]=O,,,,180.6,10.1515_pac-2016-0811_part_2.txt_∂Œ1_Material4
O=C([*])C(C)O[*],[*]O[C@H](C)CC([*])=O,[*]OCCCCOC(CCC([*])=O)=O,,,95,10.1007_s00289-018-2475-y_part_3.txt_∂Œ1_Material2
O=C([*])CCCCCN[*],C/C(C[*])=C/C[*],,,,221,10.1002_app.39750_part_1.txt_∂Œ1_Material1
[*]C(C)C[*],CC1=CC(C)=C(C(C)=C1)C(P(C2=CC=CC=C2)(C3=CC=CC=C3)=O)=O,,,,140,10.1002_pc.21162_part_1.txt_∂Œ1_Material2
[*]C(C)C[*],[*]C([H])([H])C(O)([H])[*],,,,170.5,10.1177_0040517519871944_part_1.txt_∂Œ1_Material1
OP(O)(O)=O,O=C([*])C(C)O[*],[C],,,105.68,10.1002_app.36944_part_2.txt_∂Œ1_Material1
[*]C([C@H](C)OC([C@H](C)O[*])=O)=O,[*]O[C@@]([H])(C)C(O[C@](C)([H])C([*])=O)=O,C=CCN1C(=O)N(CC=C)C(=O)N(CC=C)C1=O,,,177.6,10.1016_j.radphyschem.2012.10.002_part_1.txt_∂Œ1_Material3
O=C([*])C(C)O[*],[Cu],,,,148,10.3389_fmats.2019.00280_part_1.txt_∂Œ1_Material2
[*]CC[*],C[N+](CCO)(CCO)[3H],,,,123,10.1002_app.35245_part_1.txt_∂Œ1_Material2
[*]CC[*],[*]C1=C(O)C(C(C)(C)C)=C(O)C(C)=C1SS[*],,,,175,10.3390_recycling6030044_part_4.txt_∂Œ1_Material1
[*]OCCCCOC(CCC([*])=O)=O,[*]C([C@H](C)OC([C@H](C)O[*])=O)=O,,,,93.32,10.3390_polym8120421_part_1.txt_∂Œ1_Material1
OCC(C(C(C1N)O)O[*])OC1OC2C(OC(C(C2O)N)[*])CO,[*]C([H])([H])C(O)([H])[*],[*]NC(C(N1CCCC1C(NCC(N2CC(CC2C(NC(C(NCC([*])=O)=O)CO)=O)O)=O)=O)=O)CCCCN,,,162,10.1016_j.carbpol.2016.06.036_part_4.txt_∂Œ1_Material2
[*]CC(O)COC(CCCCCCCCC(O[*])=O)=O,[*]C(CCCCCO[*])=O,O=[Ti]=O,,,60,10.1039_c8cs00161h_part_3.txt_∂Œ1_Material1
[*]NCCCCCCCCCCCC([*])=O,[O-][Si]([O-])([O-])O[Si]([O-])([O-])[O-].[Ca+2],,,,183.3,10.1016_j.engfracmech.2018.07.035_part_1.txt_∂Œ1_Material2
[*]C(C)C[*],O=C(OOC(=O)C1=CC=CC=C1)C1=CC=CC=C1,,,,161.5,10.1007_s12221-013-1595-0_part_1.txt_∂Œ1_Material5
OP(O)(O)=O,[*]CC(OC(O[*])=O)C,,,,114.8,10.1007_s00396-021-04869-8_part_2.txt_∂Œ1_Material5
O=C([*])C(C)O[*],[*]O[C@H](C)CC([*])=O,OP(O)(O)=O,,,170,10.1007_s00289-018-2475-y_part_3.txt_∂Œ1_Material1
[*]C(CCCCC(OCCCCO[*])=O)=O,[Zn]=O,,,,125,10.1016_j.porgcoat.2018.07.002_part_1.txt_∂Œ1_Material2
O=C([*])C(C)O[*],[*]C(CCCCCO[*])=O,OCC(O)CO,,,179.85000000000002,10.1515_epoly.2010.10.1.946_part_4.txt_∂Œ1_Material1
[*]C(C)C[*],[*]C/C=C/CCC([*])C#N,,,,116.5,10.1002_vnl.20261_part_2.txt_∂Œ1_Material1
[*]CCCCO[*],O=C=NCCCCCCN=C=O,,,,56.5,10.1002_macp.202000439_part_1.txt_∂Œ1_Material1
[*]O[C@H](C)CC([*])=O,OC1=C2C(C3(O)C4C5C6=C7C8C(C9=CC(C(O)=O)=C(C=C(C=C%10C(O)=O)C%11%12)C(C%11=C%13C%14C%15%16C%17(O%16)C%18C%19=C%20C%21=C%22C(C(O)=C%23)=C%24C%25C%21=C%26C%19=C%27C%17=C%28C%14(O)C%12=C%10C=C%28CC%27=CC%26=CC%25=C(C(O)=O)C=C%24)C9=C7C%13(O)C5=C%15C3=C%18C%29%30C%20(O%30)C%31C%22C%23=C%32)=CC(C(O)=O)=CC8=CC6=C(C(O)=O)C4=C2)=C%29C%33=C%31C%32=C(C(O)=O)C=C%331,,,,126,10.1016_j.polymertesting.2019.106181_part_1.txt_∂Œ1_Material2
[*]C([H])([H])C(O)([H])[*],OC1C(C(OC(C1O)OC2C(OC(C(C2O)O)OC3C(C(C(OC3C(OC)=O)OC4C(OC(C(C4O)O)[*])C(O)=O)O)O)C(OC)=O)C(O)=O)O[*],[Ca+2],,,221.2,10.1002_app.50360_part_3.txt_∂Œ1_Material1
[*]C(C1=CC=C(C(OCCCCO[*])=O)C=C1)=O,C=C(C(OCC1CO1)=O)C,,,,215.6,10.1007_s40242-015-5161-8_part_1.txt_∂Œ1_Material1
O=C([*])CCCCCN[*],[*]CC(C1=CC=CC=C1)[*],,,,191,10.1002_pen.25357_part_2.txt_∂Œ1_Material1
[*]C(C)C[*],[*]C(C1=CC=C(C(OCCCCO[*])=O)C=C1)=O,,,,164,10.1007_s13726-021-00963-4_part_4.txt_∂Œ1_Material1
[*]C(CCCCCO[*])=O,[*]NCC(NC(C(ONCC(NC(C(NCC(NC(C([*])=O)C)=O)=O)C)=O)=O)CO)=O,,,,58.5,10.1021_ie202002p_part_2.txt_∂Œ1_Material2
[*]NCCCCCCCCCCCC([*])=O,O=[Si]=O.[Ca]=O,,,,170,10.4172_2168-9873.1000130_part_1.txt_∂Œ1_Material1
O=C([*])C(C)O[*],C1OC1C[N+]([CH3])([CH3])[CH3].[Cl-],OCC1OC(C(C(C1[*])O)O)OC2C(C(C(OC2CO)O[*])O)O,,,174.5,10.1016_j.compscitech.2014.11.012_part_2.txt_∂Œ1_Material1
[*]C(C)C[*],CCCCCCCCCCCCOS([O-])(=O)=O.[Na+],,,,163,10.1177_0892705711430430_part_3.txt_∂Œ1_Material2
O=C([*])OC1=CC=C(C=C1)C(C)(C)C2=CC=C(C=C2)O[*],O=C([*])CCCCCN[*],,,,265,10.1002_app.33449_part_1.txt_∂Œ1_Material1
OP(O)(O)=O,[*]OCCCCOC(CCC([*])=O)=O,O=C=NCCCCCCN=C=O,,,114.8,10.1016_j.polymer.2020.123248_part_2.txt_∂Œ1_Material2
[*]C1C(O)C(O)C(OC2C(O)C(O)C(O[*])OC2COC(C)=O)OC1COC(C)=O,[*]O[C@H](C)CC([*])=O,,,,123,10.1016_j.mtchem.2020.100358_part_2.txt_∂Œ1_Material2
O=C([*])CCCCCN[*],[*]CC(CC=CCC([*])C1=CC=CC=C1)C#N,[*]CC(CC=CCC([*])C1=CC=CC=C1)C#N,,,210,10.1080_03602559.2016.1233280_part_1.txt_∂Œ1_Material1
[*]CC[*],FC(F)([*])C([H])([*])[H],,,,122,10.1080_00222348.2014.895632_part_2.txt_∂Œ1_Material1
[*]C/C=C/CCC([*])C#N,[*]NCCCCCCCCCCCC([*])=O,,,,139,10.1177_0892705712475017_part_2.txt_∂Œ1_Material3
[*]C(CCCCCO[*])=O,C=C([CH3])C(=O)O[CH3],,,,60,10.1002_macp.201100031_part_1.txt_∂Œ1_Material1
[*]C(CCCCC(OCCCCO[*])=O)=O,[*]CC(CC(C#N)[*])C1=CC=CC=C1,,,,146,10.1016_j.matlet.2015.03.089_part_1.txt_∂Œ1_Material1
[*]C([C@H](C)OC([C@H](C)O[*])=O)=O,[*]OC1C(C(O)=O)OC(OC2C(NC(C)=O)C([*])OC(CO)C2O)C(O)C1O,,,,148,10.1021_jp201384q_part_1.txt_∂Œ1_Material1
[*]C([H])([H])C(O)([H])[*],CC(NC(C([*])C)=O)C(NC(C)C(NC(C)C(N[*])=O)=O)=O,,,,220,10.1515_epoly.2010.10.1.1567_part_2.txt_∂Œ1_Material1
[*]C(C=C1)=CC=C1S[*],C=C(C(OCC1CO1)=O)C,[*]C(C=C1)=CC=C1S[*],,,279,10.1002_app.49994_part_2.txt_∂Œ1_Material1
[*]OCCCOC(C1=CC=C(C([*])=O)C=C1)=O,[*]OCCCOC(C1=CC=C(C([*])=O)C=C1)=O,,,,202.6,10.1016_j.polymer.2019.04.024_part_2.txt_∂Œ1_Material1
[*]NCCCCCCCCCCCC([*])=O,O=C([*])CCCCCN[*],,,,178,10.1016_j.apsusc.2018.01.158_part_1.txt_∂Œ1_Material1
[*]OCCCOC(C1=CC=C(C([*])=O)C=C1)=O,[*]C(C1=CC=C(C=C1)C(OCCCCOC(C2=CC=C(C=C2)C(OCCCCO[*])=O)=O)=O)=O,,,,227.9,10.1080_00222348.2014.939525_part_3.txt_∂Œ1_Material1
[*]NC(C(N1CCCC1C(NCC(N2CC(CC2C(NC(C(NCC([*])=O)=O)CO)=O)O)=O)=O)=O)CCCCN,[*]CC(C)(C(OCCO)=O)[*],,,,51.3,10.1080_03602551003681804_part_2.txt_∂Œ1_Material1
[*]C1C(OC(C(C1O)O)OC2C(OC(C(C2O)O)O[*])CO)CO,[*]C(CCCCC(OCCCCO[*])=O)=O,O=C([*])C(C)O[*],,,147,10.4028_www.scientific.net_kem.861.170_part_1.txt_∂Œ1_Material1
[*]NCC(NC(C(ONCC(NC(C(NCC(NC(C([*])=O)C)=O)=O)C)=O)=O)CO)=O,[*]OCC[*],O=C(C1=COC(C2C(CO)=CCC12)O)OC,,,160,10.1016_j.jconrel.2010.11.007_part_2.txt_∂Œ1_Material2
[*]C(C1=CC=C(C(OCCCCO[*])=O)C=C1)=O,[*]CCCC([*])OC(C)=O,,,,224,10.1515_epoly-2017-0073_part_1.txt_∂Œ1_Material1
[*]CC[*],OCC(O)CO,,,,111,10.1016_j.lwt.2016.07.066_part_2.txt_∂Œ1_Material2
O=C([*])CCCCCN[*],[*]CCCCO[*],,,,210,10.1002_pi.3140_part_2.txt_∂Œ1_Material3
OCC1OC(C(C(C1[*])O)O)OC2C(C(C(OC2CO)O[*])O)O,O=C(O[Na])COCC(OC(C(C1O)O)[*])C1OC(C(C(C2O[*])O)O)OC2COCC(O[Na])=O,,,,210,10.1007_s10570-015-0779-8_part_9.txt_∂Œ1_Material2
[*]C([H])([H])C(O)([H])[*],[*]OCC[*],O=C(O[Na])COCC(OC(C(C1O)O)[*])C1OC(C(C(C2O[*])O)O)OC2COCC(O[Na])=O,,,140,10.1002_app.37665_part_2.txt_∂Œ1_Material1
[*]C(CCCCCO[*])=O,O=[Al]O[Al]=O.O=[Si]=O.O=[Si]=O.O=[Si]=O,[*]OC1C(C(O)=O)OC(OC2C(NC(C)=O)C([*])OC(CO)C2O)C(O)C1O,,,57,10.4028_www.scientific.net_amm.446-447.1129_part_1.txt_∂Œ1_Material1
O=C(C1=CC=C(C=C1)C(OCC[*])=O)O[*],O=C(C1=CC=C2C=C(C=CC2=C1)C([*])=O)OCCO[*],,,,255,10.4028_www.scientific.net_amr.912-914.445_part_3.txt_∂Œ1_Material2
[*]C(C)C[*],O=C([*])OC1=CC=C(C=C1)C(C)(C)C2=CC=C(C=C2)O[*],[*]C(N(CN(C(OCOC(N(CN(C(OCCO[*])=O)[H])[H])=O)=O)[H])[H])=O,[*]C(N(CN(C(OCOC(N(CN(C(OCCO[*])=O)[H])[H])=O)=O)[H])[H])=O,,159.4,10.1002_app.51276_part_2.txt_∂Œ1_Material2
O=C([*])C(C)O[*],[*]C(CCCCCO[*])=O,C=C(C(OCC1CO1)=O)C,,,160,10.4028_www.scientific.net_msf.775-776.24_part_1.txt_∂Œ1_Material2
[*]C(CCCCCO[*])=O,[*]CC(C1=CC=CC=C1)C/C=C/C[*],,,,58.9,10.1007_s10924-019-01522-y_part_2.txt_∂Œ1_Material2
[*]C([H])([H])C(O)([H])[*],O=C([O-])[O-].[Ca+2],,,,180,10.1021_acs.iecr.0c02182_part_7.txt_∂Œ1_Material1
C/C(C[*])=C/C[*],OP(O)(O)=O,,,,105,10.1002_pat.4534_part_3.txt_∂Œ1_Material1
[*]C(N(CN(C(OCOC(N(CN(C(OCCO[*])=O)[H])[H])=O)=O)[H])[H])=O,[*]C(CCCCCO[*])=O,OCC1OC(C(C(C1[*])O)O)OC2C(C(C(OC2CO)O[*])O)O,,,56,10.1007_s10570-020-03328-x_part_2.txt_∂Œ1_Material1
[*]C([C@H](C)OC([C@H](C)O[*])=O)=O,O=P([O-])([O-])[O-].[Ca+2].[Ca+2].[OH-],O=P([O-])([O-])[O-].[Ca+2].[Ca+2].[OH-],,,182,10.1016_j.bioactmat.2020.09.001_part_2.txt_∂Œ1_Material1
O=C(CCCCCCCCCCC(NCCCCCCCCCCN[*])=O)[*],[*]CCCCO[*],,,,181.7,10.1016_j.polymer.2021.123802_part_1.txt_∂Œ1_Material1
[*]C(CCCCCO[*])=O,[*]C(CCCCCO[*])=O,CC1=CC(C)=C(C(C)=C1)C(P(C2=CC=CC=C2)(C3=CC=CC=C3)=O)=O,,,55,10.1016_j.eurpolymj.2018.02.023_part_1.txt_∂Œ1_Material1
[*]C(CCCCCO[*])=O,[*]C1=CC=C([*])N1,,,,61.28,10.3389_fbioe.2019.00266_part_3.txt_∂Œ1_Material1
[*]CC(C1=CC=CC=C1)[*],[*]CC(CCCC(CC)CC([*])C1=CC=CC=C1)C2=CC=CC=C2,,,,209,10.1002_app.33625_part_1.txt_∂Œ1_Material2
O=C([*])CCCCCCCCCCC(NCCCCCCN[*])=O,[*]CCC(CCCCCC)C[*],,,,217,10.1002_pat.3113_part_1.txt_∂Œ1_Material1
[*]C(NC1=C(C)C(NC(OCCO[*])=O)=CC=C1)=O,[*]CC[*],[*]OCC[*],,,127,10.3390_ma8041626_part_2.txt_∂Œ1_Material1
[*]C([C@H](C)OC([C@H](C)O[*])=O)=O,[*]C([H])([H])C(O)([H])[*],[*]OCC[*],,,165.7,10.1002_polb.24437_part_1.txt_∂Œ1_Material1
[*]OC(CC(OC(CC([*])=O)CC)=O)C,O=C([*])OC1=CC=C(C=C1)C(C)(C)C2=CC=C(C=C2)O[*],,,,128.9,10.1016_j.compositesb.2020.108542_part_1.txt_∂Œ1_Material1
O=C(C1=CC=C(C=C1)C(OCC[*])=O)O[*],O=[Zr]=O,,,,250,10.1007_s11581-020-03755-7_part_1.txt_∂Œ1_Material1
[*]CC([*])Cl,[C],,,,185,10.3390_c4010015_part_1.txt_∂Œ1_Material1
[*]C([C@H](C)OC([C@H](C)O[*])=O)=O,OP(O)(O)=O,O=C(OOC(=O)C1=CC=CC=C1)C1=CC=CC=C1,,,127.5,10.1080_15583724.2020.1850475_part_4.txt_∂Œ1_Material1
[*]C(CCCCCO[*])=O,[*]CC(C1=CC=CC=C1)C/C=C/C[*],OCC1OC(C(C(C1[*])O)O)OC2C(C(C(OC2CO)O[*])O)O,,,60,10.1016_j.mtcomm.2019.100802_part_1.txt_∂Œ1_Material1
[*]O[C@H](C)CC([*])=O,[*]OCC[*],,,,130,10.1021_jp1018247_part_1.txt_∂Œ1_Material1
O=C(O[*])CCCCCCCCCCN[*],COC1=CC(/C=C/C=O)=CC(OC2=CC(C(C(OC3=CC=C(C=C3OC)C(C(CO)=O)O)CO)O)=CC=C2OC4=CC(C(C(COC5=CC=C(C=C5)C(C(CO)=O)O)=O)O)=CC=C4O)=C1,,,,200,10.1007_s10924-018-1311-7_part_1.txt_∂Œ1_Material1
OP(O)(O)=O,[*]C/C=C/CCC([*])C#N,,,,108.9,10.1002_masy.201400129_part_2.txt_∂Œ1_Material1
[*]CC(C1=CC=CC=C1)[*],[*]C(C)C[*],,,,164,10.3390_su12135272_part_4.txt_∂Œ1_Material3
O=C(C1=CC=C(C=C1)C(OCC[*])=O)O[*],C/C(C[*])=C/C[*],,,,250,10.1016_j.matchemphys.2012.03.015_part_2.txt_∂Œ1_Material1
[*]C([C@H](C)OC([C@H](C)O[*])=O)=O,[*]C(CCCCC(OCCCCO[*])=O)=O,,,,161,10.1088_1757-899x_526_1_012026_part_1.txt_∂Œ1_Material1
[*]C(F)(C(F)([*])F)F,C=C([CH3])C(=O)O[CH3],,,,160,10.1002_app.49929_part_2.txt_∂Œ1_Material2
[*]C(C)C[*],O=C(CCCCCCCCCCCCCCCCC)O[Ca]OC(CCCCCCCCCCCCCCCCC)=O,,,,163.56,10.1007_s10924-017-1016-3_part_2.txt_∂Œ1_Material1
O=C([*])CCCCCN[*],[*]CC[*],[*]OCC[*],,,220,10.1016_j.polymer.2012.09.027_part_1.txt_∂Œ1_Material3
[*]CC[*],[*]OC1C(C(O)=O)OC(OC2C(NC(C)=O)C([*])OC(CO)C2O)C(O)C1O,,,,127,10.1080_03602559.2013.763364_part_2.txt_∂Œ1_Material1
[*]OC1OC(CO)C(OC2C(O)C(O)C([*])C(CO)O2)C(O)C1O,,,,,161.7,10.1002_app.41710_part_2.txt_∂Œ1_Material2
O=C([*])C(C)O[*],[*]C(CCCCCO[*])=O,[*]O[C@@]([H])(C)C(O[C@](C)([H])C([*])=O)=O,,,190,10.3390_nano11061472_part_1.txt_∂Œ1_Material1
[*]C(CCCCCO[*])=O,[*]C(CCCCC(OCCCCO[*])=O)=O,,,,50,10.1016_j.polymertesting.2019.05.004_part_2.txt_∂Œ1_Material1
O=C([*])C(C)O[*],[C],,,,160,10.3390_c7030052_part_4.txt_∂Œ1_Material4
[*]O[C@H](C)CC([*])=O,OP(O)(O)=O,[*]OCCCCOC(CCC([*])=O)=O,,,172,10.1002_pi.6282_part_1.txt_∂Œ1_Material1
[*]CC[*],[*]CCC(CCCC(CCCC(C[*])C)C)C,,,,135,10.1080_03602559.2010.482087_part_1.txt_∂Œ1_Material1
[*]C([C@H](C)OC([C@H](C)O[*])=O)=O,[*]C([H])([H])C(O)([H])[*],,,,170,10.1016_j.coco.2020.100564_part_2.txt_∂Œ1_Material1
[*]OCCCCOC(CCC([*])=O)=O,[Zn]=O,,,,111.7,10.1016_j.colsurfa.2015.10.038_part_2.txt_∂Œ1_Material2
[*]CC(C1=CC=CC=C1)[*],[*]C/C=C/CCC(C=C)CC([*])C1=CC=CC=C1,,,,209,10.1002_app.33625_part_1.txt_∂Œ1_Material1
O=C(C1=CC=C(C=C1)C(OCC[*])=O)O[*],O=C([*])C(C)O[*],[H]O[H],,,247,10.1016_j.polymdegradstab.2011.10.017_part_1.txt_∂Œ1_Material1
[*]C(CCCCCO[*])=O,[*]NC(C(N1CCCC1C(NCC(N2CC(CC2C(NC(C(NCC([*])=O)=O)CO)=O)O)=O)=O)=O)CCCCN,OCC1OC(C(C(C1[*])O)O)OC2C(C(C(OC2CO)O[*])O)O,,,60,10.3390_polym12091962_part_2.txt_∂Œ1_Material2
[*]C([H])([H])C(O)([H])[*],[*]C([H])([H])C(O)([H])[*],,,,232.68,10.1007_s12221-012-0955-5_part_2.txt_∂Œ1_Material1
O=C([*])C(C)O[*],[*]O[C@H](C)CC([*])=O,C[N+](CCO)(CCO)[3H],,,170,10.1007_s10924-021-02186-3_part_1.txt_∂Œ1_Material1
[*]OCC[*],[*]C(CCCCCO[*])=O,[*]OC1C(C(O)=O)OC(OC2C(NC(C)=O)C([*])OC(CO)C2O)C(O)C1O,,,55.38,10.1007_s00542-018-4190-x_part_2.txt_∂Œ1_Material2
[*]OCC[*],O=C([*])C(C)O[*],,,,155,10.4325_seikeikakou.23.561_OA_part_1.txt_∂Œ1_Material1
[*]C(CCCCCO[*])=O,OCC1OC(C(C(C1[*])O)O)OC2C(C(C(OC2CO)O[*])O)O,O=C=O,,,58,10.1007_s10570-014-0327-y_part_1.txt_∂Œ1_Material1
[*]NCC(NC(C(ONCC(NC(C(NCC(NC(C([*])=O)C)=O)=O)C)=O)=O)CO)=O,[*]C(NC1=C(C)C(NC(OCCO[*])=O)=CC=C1)=O,,,,155,10.3390_polym10080874_part_2.txt_∂Œ1_Material1
[*]C(NC1=C(C)C(NC(OCCO[*])=O)=CC=C1)=O,[H]O[H],,,,55.1,10.3390_bioengineering6030069_part_2.txt_∂Œ1_Material2
OP(O)(O)=O,[*]C1C(OC(C(C1O)O)OC2C(OC(C(C2O)O)O[*])CO)CO,OC1=C2C(C3(O)C4C5C6=C7C8C(C9=CC(C(O)=O)=C(C=C(C=C%10C(O)=O)C%11%12)C(C%11=C%13C%14C%15%16C%17(O%16)C%18C%19=C%20C%21=C%22C(C(O)=C%23)=C%24C%25C%21=C%26C%19=C%27C%17=C%28C%14(O)C%12=C%10C=C%28CC%27=CC%26=CC%25=C(C(O)=O)C=C%24)C9=C7C%13(O)C5=C%15C3=C%18C%29%30C%20(O%30)C%31C%22C%23=C%32)=CC(C(O)=O)=CC8=CC6=C(C(O)=O)C4=C2)=C%29C%33=C%31C%32=C(C(O)=O)C=C%331,,,124,10.1007_s40684-016-0037-z_part_2.txt_∂Œ1_Material1
[*]C(C)C[*],[*]CC[*],[*]CCCC([*])OC(C)=O,,,132,10.1016_j.egypro.2014.07.165_part_1.txt_∂Œ1_Material4
[*]CCCCO[*],CC1(CC(CC(C)(C1)C)N=C=O)CN=C=O,[Ag+],,,19,10.1039_d0nj02671a_part_1.txt_∂Œ1_Material1
OP(O)(O)=O,[*]CC(O)COC(CCCCCCCCC(O[*])=O)=O,,,,112.8,10.1007_s10924-017-1015-4_part_2.txt_∂Œ1_Material1
O=C([*])C(C)O[*],[*]OC1C(C(O)=O)OC(OC2C(NC(C)=O)C([*])OC(CO)C2O)C(O)C1O,,,,170,10.1080_15583724.2017.1332640_part_7.txt_∂Œ1_Material1
[*]C(CCCCCO[*])=O,O=C([*])C(C)O[*],O=[Al]O[Al]=O.O=[Si]=O.O=[Si]=O.O=[Si]=O,,,137,10.1002_app.43061_part_1.txt_∂Œ1_Material1
[*]O[C@H](C)CC([*])=O,[*]C(C(O[*])C)=O,,,,147,10.1016_j.polymer.2011.01.039_part_1.txt_∂Œ1_Material1
[*]C(NC1=C(C)C(NC(OCCO[*])=O)=CC=C1)=O,O=[Ti]=O,,,,132,10.1007_s10973-019-08750-3_part_3.txt_∂Œ1_Material3
OP(O)(O)=O,[*]C(CCCCCO[*])=O,,,,107,10.1021_ie300576z_part_2.txt_∂Œ1_Material1
[*]CC[*],[*]C(CCCCCO[*])=O,,,,111,10.5562_cca2768_part_1.txt_∂Œ1_Material2
[*]CC(CC)([*])C(OCC1=CC=CC=C1)=O,FC(F)([*])C([H])([*])[H],,,,145,10.1002_pat.3865_part_2.txt_∂Œ1_Material4
O=C([*])CCCCCCCCCCC(NCCCCCCN[*])=O,O=[Ti]=O,,,,220,10.1007_s10904-016-0466-8_part_1.txt_∂Œ1_Material3
[*]OCCCOC(C1=CC=C(C([*])=O)C=C1)=O,O=C(C1=CC=C(C=C1)C(OCC[*])=O)O[*],,,,182,10.1002_adv.21443_part_1.txt_∂Œ1_Material1
[*]OCC[*],C=C([CH3])C(=O)O[CH3],,,,60.85000000000002,10.1021_ma402023n_part_1.txt_∂Œ1_Material1
O=C(C1=CC=C(C=C1)C(OCC[*])=O)O[*],O=C([O-])[O-].[Ca+2],,,,256,10.1007_s12221-014-1493-0_part_1.txt_∂Œ1_Material2
OCC1OC(C(C(C1[*])O)O)OC2C(C(C(OC2CO)O[*])O)O,[*]NC(C)C(N1CCCC1C([*])=O)=O,,,,63.9,10.1007_s10570-014-0372-6_part_2.txt_∂Œ1_Material1
[*]OCCCOC(C1=CC=C(C([*])=O)C=C1)=O,[*]CCCC(C1C([*])C2CC1C/C2=C/C)C,,,,224.96,10.1080_03602559.2010.496426_part_1.txt_∂Œ1_Material2
O=C([*])OC1=CC=C(C=C1)C(C)(C)C2=CC=C(C=C2)O[*],O=C=O,,,,260,10.3390_polym12102314_part_1.txt_∂Œ1_Material1
[*]CC(CC[*])O,COC1=CC(/C=C/C=O)=CC(OC2=CC(C(C(OC3=CC=C(C=C3OC)C(C(CO)=O)O)CO)O)=CC=C2OC4=CC(C(C(COC5=CC=C(C=C5)C(C(CO)=O)O)=O)O)=CC=C4O)=C1,,,,160,10.1016_j.eurpolymj.2017.04.035_part_4.txt_∂Œ1_Material2
[*]C(CCCCCO[*])=O,[*]NC(C(N1CCCC1C(NCC(N2CC(CC2C(NC(C(NCC([*])=O)=O)CO)=O)O)=O)=O)=O)CCCCN,[H]O[H],,,155,10.1016_j.eurpolymj.2013.04.036_part_2.txt_∂Œ1_Material1
O=C([*])CCCCCN[*],NC1=NC2=C(N=CN2C2O[C@H](COP(=O)(O)OP(=O)(O)O)[C@H](O)[C@@H]2O)C(=O)N1,,,,217,10.3390_nano11061454_part_2.txt_∂Œ1_Material2
[*]CC[*],[*]CCCC(C1C([*])C2CC1C/C2=C/C)C,,,,122,10.1016_j.matpr.2018.06.613_part_2.txt_∂Œ1_Material2
O=C([*])C(C)O[*],O=C([*])OC1=CC=C(C=C1)C(C)(C)C2=CC=C(C=C2)O[*],O=[Mg].O=[Si]=O.O=[Si]=O.O=[Si]=O.O=[Si]=O.O=[Mg].O=[Mg].O,,,101,10.1007_s10965-018-1529-z_part_1.txt_∂Œ1_Material3
[*]CCC(CCCC(CCCC(C[*])C)C)C,[*]O[C@H](C)CC([*])=O,,,,170,10.1177_0307174x1704400502_part_1.txt_∂Œ1_Material1
O=C(CCCCC(N(CCCCCCN([*])[H])[H])=O)[*],[*]C(C)C[*],[*]C(C)C[*],,,264,10.1007_s10853-014-8358-1_part_1.txt_∂Œ1_Material1
O=C(CCCCC(N(CCCCCCN([*])[H])[H])=O)[*],C[N+](CCO)(CCO)[3H],,,,220,10.1002_adv.20270_part_2.txt_∂Œ1_Material2
[*]C([C@H](C)OC([C@H](C)O[*])=O)=O,[*]NC(C(N1CCCC1C(NCC(N2CC(CC2C(NC(C(NCC([*])=O)=O)CO)=O)O)=O)=O)=O)CCCCN,,,,167,10.1002_app.30973_part_1.txt_∂Œ1_Material1
[*]C(CCCCCO[*])=O,O=C(C(C[*])[*])N,,,,42,10.1016_j.matpr.2019.05.323_part_1.txt_∂Œ1_Material1
[*]C([H])([H])C(O)([H])[*],[*]O[C@H](C)CC([*])=O,,,,130,10.1515_polyeng-2014-0202_part_1.txt_∂Œ1_Material1
O=C([*])CCCCCCCCCCC(NCCCCCCN[*])=O,[*]CCCC([*])OC(C)=O,,,,201.3,10.1002_app.44206_part_2.txt_∂Œ1_Material1
[*]C(C)C[*],O=C([*])C(C)O[*],,,,162.1,10.1007_s10924-020-01933-2_part_1.txt_∂Œ1_Material2
[*]C(CCCCCO[*])=O,[*]C(CCCCCO[*])=O,[*]C(CCCCCO[*])=O,,,36,10.3390_polym8120412_part_3.txt_∂Œ1_Material5
[*]NCCCCCCCCCCCC([*])=O,C=CC1=CC=CC=C1,,,,183,10.1002_app.42299_part_1.txt_∂Œ1_Material3
[*]NCCCCCCCCCCCC([*])=O,[*]C(CCCCCO[*])=O,,,,48,10.1002_pi.3162_part_1.txt_∂Œ1_Material1
[*]C1C(OC(C(C1O)O)OC2C(OC(C(C2O)O)O[*])CO)CO,[*]C([H])([H])C(O)([H])[*],O=C(N)N,,,208.96,10.1016_j.carbpol.2012.07.036_part_1.txt_∂Œ1_Material5
[*]C(C1=CC=C(C=C1)C(OCCCCOC(C2=CC=C(C=C2)C(OCCCCO[*])=O)=O)=O)=O,[*]C(C1=CC=C(C(OCCCCO[*])=O)C=C1)=O,[*]C(F)(C(F)([*])F)F,,,225.1,10.1155_2016_8515103_part_2.txt_∂Œ1_Material2
[*]C([C@H](C)OC([C@H](C)O[*])=O)=O,[*]NC(C(O)=O)CCC([*])=O,,,,180,10.3144_expresspolymlett.2015.27_part_1.txt_∂Œ1_Material1
[*]C1C(OC(C(C1O)O)OC2C(OC(C(C2O)O)O[*])CO)CO,[*]C(CCCCCO[*])=O,OCC(O)CO,,,63,10.1016_j.fpsl.2015.04.001_part_2.txt_∂Œ1_Material1
[*]CCCC([*])OC(C)=O,[*]C(CCCCCO[*])=O,,,,60,10.1007_s10973-013-3004-8_part_1.txt_∂Œ1_Material1
[*]C(CCCCCO[*])=O,[*]CCC(CCCC(CCCC(C[*])C)C)C,,,,58,10.3390_ma6104489_part_3.txt_∂Œ1_Material3
C=C([CH3])C(=O)O[CH3],[*]CC(OC(O[*])=O)C,[*]OCC[*],,,96.4,10.1039_d2py00442a_OA_part_2.txt_∂Œ1_Material6
O=C([*])CCCCCN[*],[Mg],,,,221,10.1016_j.phpro.2014.08.098_part_1.txt_∂Œ1_Material1
[*]C/C=C/CCC(C=C)CC([*])C1=CC=CC=C1,O=C(C1=CC=C(C=C1)C(OCC[*])=O)O[*],,,,255,10.3221_igf-esis.53.15_OA_part_1.txt_∂Œ1_Material1
[*]CC(CC=CCC([*])C1=CC=CC=C1)C#N,O=C(C1=CC=C(C=C1)C(OCC[*])=O)O[*],,,,250,10.1177_8756087918768348_part_2.txt_∂Œ1_Material1
[*]CC[*],COC1=CC(/C=C/C=O)=CC(OC2=CC(C(C(OC3=CC=C(C=C3OC)C(C(CO)=O)O)CO)O)=CC=C2OC4=CC(C(C(COC5=CC=C(C=C5)C(C(CO)=O)O)=O)O)=CC=C4O)=C1,,,,100,10.1016_j.eurpolymj.2017.04.035_part_4.txt_∂Œ1_Material1
[*]C(CCCCCO[*])=O,NC1=NC2=C(N=CN2C2O[C@H](COP(=O)(O)OP(=O)(O)O)[C@H](O)[C@@H]2O)C(=O)N1,,,,60,10.1016_j.eurpolymj.2018.11.031_part_1.txt_∂Œ1_Material1
O=C([*])C(C)O[*],O=P([O-])([O-])[O-].[Ca+2].[Ca+2].[OH-],,,,153,10.1016_j.matpr.2019.12.046_part_1.txt_∂Œ1_Material1
O=C([*])C(C)O[*],O=C([*])OC1=CC=C(C=C1)C(C)(C)C2=CC=C(C=C2)O[*],[Mg],,,111.2,10.1007_s10965-018-1529-z_part_1.txt_∂Œ1_Material2
[*]CC(C(OCC)=O)[*],[*]OCC[*],,,,55,10.1108_prt-02-2017-0020_part_2.txt_∂Œ1_Material1
[*]C(C)C[*],O=[Fe]O[Fe]=O,,,,161,10.1108_prt-08-2014-0066_part_2.txt_∂Œ1_Material3
[*]C(C1=CC=C(C(OCCCCO[*])=O)C=C1)=O,[*]CCCCO[*],,,,212,10.1002_pen.24792_part_1.txt_∂Œ1_Material1
[*]C(C)C[*],OCC1OC(OC2C(O)C(O)C(O[*])OC2CO)C(O)C(O)C1[*],,,,166.53,10.1007_s10570-020-03448-4_part_2.txt_∂Œ1_Material1
[*]C(C=C1)=CC=C1S[*],[*]OCCCCOC(CCC([*])=O)=O,,,,104.2,10.1021_acs.iecr.5b00637_part_2.txt_∂Œ1_Material3
[*]O[C@H](C)CC([*])=O,[*]NCC(NC(C(ONCC(NC(C(NCC(NC(C([*])=O)C)=O)=O)C)=O)=O)CO)=O,,,,157,10.3906_biy-1610-46_part_1.txt_∂Œ1_Material1
[*]NCCCCCCCCCCCC([*])=O,[*]C(C)C[*],[*]C(C)C[*],,,165,10.1016_j.polymertesting.2015.04.008_part_2.txt_∂Œ1_Material3
FC(F)([*])C([H])([*])[H],O=C([*])OC1=CC=C(C=C1)C(C)(C)C2=CC=C(C=C2)O[*],,,,174,10.1021_acsomega.0c04656_part_1.txt_∂Œ1_Material1
[*]CC[*],[*]C(C)C[*],O=C1C=CC(O1)=O.C=C,,,134,10.1002_pen.25775_part_1.txt_∂Œ1_Material2
[*]C(CCCCC(OCCCCOC(C1=CC=C(C(OCCCCO[*])=O)C=C1)=O)=O)=O,[Mg],,,,115,10.1002_pen.24347_part_1.txt_∂Œ1_Material1
[*]C(CCCCCO[*])=O,[*]NC(C)C(N1CCCC1C([*])=O)=O,,,,59.4,10.1016_j.msec.2017.03.118_part_3.txt_∂Œ1_Material1
FC(F)([*])C([H])([*])[H],[*]OCC[*],,,,130,10.1080_19443994.2015.1084597_part_3.txt_∂Œ1_Material3
O=C(CCCCC(N(CCCCCCN([*])[H])[H])=O)[*],[*]CC(C#N)[*],,,,261.78,10.3390_polym13121984_part_2.txt_∂Œ1_Material1
O=C(O[*])CCCCCCCCCCN[*],FC(F)([*])C([H])([*])[H],,,,160,10.3390_polym6082146_part_2.txt_∂Œ1_Material1
[*]C([C@H](C)OC([C@H](C)O[*])=O)=O,[*]O[C@@]([H])(C)C(O[C@](C)([H])C([*])=O)=O,[*]OCC[*],,,225,10.1002_pi.5506_part_1.txt_∂Œ1_Material1
O=C([*])C(C)O[*],[*]CC(CC)([*])C(OCC1=CC=CC=C1)=O,,,,168.5,10.1021_am502337u_part_2.txt_∂Œ1_Material3
[*]CCCC([*])OC(C)=O,C=CCN1C(=O)N(CC=C)C(=O)N(CC=C)C1=O,,,,80.5,10.1177_0967391120930108_part_2.txt_∂Œ1_Material2
FC(F)([*])C([H])([*])[H],FC(F)([*])C([H])([*])[H],,,,155,10.1002_app.45955_part_1.txt_∂Œ1_Material1
[*]C(C)C[*],[*]CC(CC=CCC([*])C1=CC=CC=C1)C#N,,,,163,10.3390_polym11111894_part_2.txt_∂Œ1_Material1
[*]CC(C#N)[*],[*]C(CCCCCO[*])=O,OCC(O)CO,,,50,10.1007_s10924-013-0592-0_part_2.txt_∂Œ1_Material1
[*]C(CCCCCO[*])=O,O=C([O-])[O-].[Ca+2],,,,110,10.1007_s10924-011-0384-3_part_1.txt_∂Œ1_Material3
[*]OC1C(C(O)=O)OC(OC2C(NC(C)=O)C([*])OC(CO)C2O)C(O)C1O,OCC1OC(C(C(C1[*])O)O)OC2C(C(C(OC2CO)O[*])O)O,,,,149.3,10.1016_j.carbpol.2014.01.062_part_1.txt_∂Œ1_Material1
[*]CC[*],O=C(O[Na])COCC(OC(C(C1O)O)[*])C1OC(C(C(C2O[*])O)O)OC2COCC(O[Na])=O,,,,129.1,10.1007_s10924-016-0880-6_part_2.txt_∂Œ1_Material2
O=C(CCCCC(N(CCCCCCN([*])[H])[H])=O)[*],[*]CC(COC1=CC=C(C=C1)C(C)(C)C2=CC=C(C=C2)O[*])O,,,,259,10.1016_j.compositesb.2019.05.004_part_2.txt_∂Œ1_Material1
[*]CC[*],[*]O[C@H](C)CC([*])=O,,,,176,10.3389_fmats.2020.00031_part_2.txt_∂Œ1_Material1
[*]CC[*],[*]CC[*],O=P([O-])([O-])[O-].[Ca+2].[Ca+2].[OH-],,,120.72,10.1002_app.41251_part_1.txt_∂Œ1_Material1
O=C(CCCCC(N(CCCCCCN([*])[H])[H])=O)[*],O=C([*])CCCCCN[*],,,,259.6,10.1039_d1ma00420d_OA_part_1.txt_∂Œ1_Material1
[*]C([C@H](C)OC([C@H](C)O[*])=O)=O,CC(CO[*])[*],,,,134,10.1002_app.45299_part_2.txt_∂Œ1_Material1
[*]OC1=C(C([*])=CC=C1C)C,O=C([*])CCCCCN[*],,,,222.6,10.1002_app.32730_part_1.txt_∂Œ1_Material1
[*]C(N(CN(C(OCOC(N(CN(C(OCCO[*])=O)[H])[H])=O)=O)[H])[H])=O,O=C([*])C(C)O[*],,,,106.7,10.1016_j.polymertesting.2021.107135_part_1.txt_∂Œ1_Material1
[*]C(C=C1)=CC=C1S[*],O=[Al]O[Al]=O,,,,280.82,10.1002_pc.23520_part_1.txt_∂Œ1_Material1
[*]CC[*],[*]C(F)(C(F)([*])F)F,,,,120,10.5897_ijps11.1653_part_1.txt_∂Œ1_Material1
[*]CCCC(C(O)=O)[*],,,,,55,10.1007_s10570-018-1875-3_part_2.txt_∂Œ1_Material2
O=C([*])CCCCCN[*],C=CCN1C(=O)N(CC=C)C(=O)N(CC=C)C1=O,,,,215,10.3390_ma13132915_part_1.txt_∂Œ1_Material1
[*]C(CCCCCO[*])=O,[*]CC([*])N1CCCC1=O,,,,59,10.1016_j.molliq.2021.117409_part_1.txt_∂Œ1_Material1
[*]C(C(OC(CO[*])=O)C)=O,[*]C(CCCCCO[*])=O,,,,65.7,10.1080_03602551003681846_part_1.txt_∂Œ1_Material2
[*]C(C=C1)=CC=C1S[*],C12=CC3=CC4=CC=CN=C4N=C3N=C1N=C5N=C6N=CC=CC6=CC5=C2,,,,280,10.1002_pc.25641_part_3.txt_∂Œ1_Material1
C=C([CH3])C(=O)O[CH3],[*]C(C)C[*],,,,161.8,10.1002_pc.23601_part_1.txt_∂Œ1_Material1
O=C(CCCCCCCCCCC(NCCCCCCCCCCN[*])=O)[*],O=C([*])CCCCCCCCCCC(NCCCCCCN[*])=O,,,,189,10.1016_j.polymer.2017.04.038_part_1.txt_∂Œ1_Material1
[*]C(CCCCCO[*])=O,[*]CC(CC(C#N)[*])C1=CC=CC=C1,,,,58,10.1016_j.polymer.2019.121984_part_1.txt_∂Œ1_Material2
[*]C(NC1=C(C)C(NC(OCCO[*])=O)=CC=C1)=O,[*]O[Si](C)(C)[*],,,,154,10.1007_s13233-020-8138-5_part_2.txt_∂Œ1_Material1
[*]C(C)C[*],[*]CC[*],O=C([*])C(C)O[*],,,164.7,10.1007_s10924-020-01840-6_part_2.txt_∂Œ1_Material2
C(C)(C1=CC=C(OCC2CO2)C=C1)(C)C1=CC=C(OCC2CO2)C=C1,[*]C1=C(C=CN2)C2=C([*])C(O)=C1O,,,,160,10.1016_j.polymdegradstab.2019.02.019_part_1.txt_∂Œ1_Material1
O=C([*])C(C)O[*],[*]CC(CC[*])O,,,,151.3,10.1021_bm301430j_part_2.txt_∂Œ1_Material2
[*]C([H])([H])C(O)([H])[*],OCC1OC(C(C(C1[*])O)O)OC2C(C(C(OC2CO)O[*])O)O,[*]OCC[*],,,173,10.1007_s10924-020-01881-x_part_2.txt_∂Œ1_Material1
O=C([*])C(C)O[*],C=C([CH3])C(=O)OC([CH3])[CH3],,,,110,10.1007_s12221-014-1469-0_part_1.txt_∂Œ1_Material2
[*]C(C1=CC=C(C(OCCCCO[*])=O)C=C1)=O,[*]CC[*],,,,225,10.4028_www.scientific.net_amr.860-863.855_part_1.txt_∂Œ1_Material2
[*]CCC(CCCCCC)C[*],OC(C(C)(CC(C1=CC=CC=C1)[*])CC(C[*])(C(OCC2CO2)=O)C)=O,,,,170.1,10.3390_polym10030291_part_2.txt_∂Œ1_Material3
[*]C(C)C[*],[*]CC(CC[*])O,,,,160,10.3390_polym13050705_part_3.txt_∂Œ1_Material3
[*]CC(C#N)[*],[*]C(CCCCCO[*])=O,,,,50,10.1007_s10924-013-0592-0_part_2.txt_∂Œ1_Material3
[*]CC(C1=CC=CC=C1)[*],C=C([CH3])C(=O)O[CH3],,,,220,10.1021_acs.macromol.9b01235_part_2.txt_∂Œ1_Material1
O=C([*])CCCCCN[*],C[Si](C)(C[*])O[*],,,,214,10.4028_www.scientific.net_msf.1003.219_part_1.txt_∂Œ1_Material1
[*]O[C@H](C)CC([*])=O,O=C([*])C(C)O[*],,,,180,10.1016_j.eurpolymj.2019.05.012_part_1.txt_∂Œ1_Material1
OP(O)(O)=O,OCC1OC(C(C(C1O)O[*])O)OC2C(C(C(OC2COS(=O)(O)=O)[*])NC(C)=O)O,,,,114,10.1016_j.polymdegradstab.2020.109272_part_4.txt_∂Œ1_Material2
O=C([*])C(C)O[*],[*]C(C1=CC=C(C(OCCCCO[*])=O)C=C1)=O,,,,120,10.1007_s00289-021-03596-y_part_2.txt_∂Œ1_Material4
C(C)(C1=CC=C(OCC2CO2)C=C1)(C)C1=CC=C(OCC2CO2)C=C1,C[Si](C)(C[*])O[*],,,,90,10.1080_03602559.2016.1211691_part_8.txt_∂Œ1_Material2
[*]C(CCCCC(OCCCCO[*])=O)=O,[*]CC(CC[*])O,,,,145,10.1016_j.polymertesting.2019.106301_part_2.txt_∂Œ1_Material1
[*]C(C1=CC=C(C(OCCCCO[*])=O)C=C1)=O,O=[Mg].O=[Si]=O.O=[Si]=O.O=[Si]=O.O=[Si]=O.O=[Mg].O=[Mg].O,,,,228.5,10.1007_s10965-010-9510-5_part_2.txt_∂Œ1_Material1
[*]C([C@H](C)OC([C@H](C)O[*])=O)=O,[*]CCC(CCCCCC)C[*],,,,160.8,10.1080_03602559.2013.812219_part_2.txt_∂Œ1_Material1
O=C(C1=CC=C(C=C1)C(OCC[*])=O)O[*],[*]C1C(OC(C(C1O)O)OC2C(OC(C(C2O)O)O[*])CO)CO,,,,255,10.1007_s10924-021-02073-x_part_2.txt_∂Œ1_Material3
[*]NCCCCCCCCCCCC([*])=O,[*]CC(C1=CC=CC=C1)[*],,,,150,10.1016_j.polymer.2015.10.023_part_6.txt_∂Œ1_Material1
[*]C([H])([H])C(O)([H])[*],CCOC(=O)C(O)(CC(=O)OCC)CC(=O)OCC,,,,143.1,10.1016_j.matpr.2019.06.335_part_1.txt_∂Œ1_Material2
[*]C(C)C[*],[*]CC[*],[*]CCC(CCCC(CCCC(C[*])C)C)C,,,164,10.1016_j.polymer.2020.123373_part_1.txt_∂Œ1_Material2
[*]C(NC1=C(C)C(NC(OCCO[*])=O)=CC=C1)=O,[*]C1=C(C=CN2)C2=C([*])C(O)=C1O,,,,191,10.1016_j.eurpolymj.2014.04.019_part_4.txt_∂Œ1_Material4
[*]OC1C(C(OC(C1O)OC2C3C(C(OC2CO3)[*])O)CO)O,[*]C(CCCCCO[*])=O,,,,30,10.1021_acsami.5b10675_part_2.txt_∂Œ1_Material1
O=C(C1=CC=C(C=C1)C(OCC[*])=O)O[*],OC(C(C)(CC(C1=CC=CC=C1)[*])CC(C[*])(C(OCC2CO2)=O)C)=O,,,,265,10.52547_jcc.3.3.3_OA_part_1.txt_∂Œ1_Material1
[*]C(C1=CC=C(C(OCCCCO[*])=O)C=C1)=O,O=[Ti]=O,,,,221.3,10.1016_j.matpr.2018.01.134_part_2.txt_∂Œ1_Material1
[*]CCC(CCCC(CCCC(C[*])C)C)C,[*]C(CCCCCO[*])=O,,,,62,10.3390_ma6104489_part_2.txt_∂Œ1_Material2
[*]C(C)C[*],[*]NCCCCCCCCCCCC([*])=O,,,,167.5,10.1002_pen.24631_part_1.txt_∂Œ1_Material2
[*]C([C@H](C)OC([C@H](C)O[*])=O)=O,[*]C(NC1=C(C)C(NC(OCCO[*])=O)=CC=C1)=O,,,,175,10.1021_acsomega.0c02765_part_2.txt_∂Œ1_Material1
O=C(C1=CC=C(C=C1)C(OCC[*])=O)O[*],[*]C1C(OC(C(C1O)O)OC2C(OC(C(C2O)O)O[*])CO)CO,O=C([*])C(C)O[*],,,161.2,10.1007_s10924-020-01933-2_part_2.txt_∂Œ1_Material3
[*]C(C1=CC=C(C(OCCCCO[*])=O)C=C1)=O,[*]C(N(CN(C(OCOC(N(CN(C(OCCO[*])=O)[H])[H])=O)=O)[H])[H])=O,,,,218.3,10.1016_j.polymertesting.2014.03.006_part_1.txt_∂Œ1_Material1
[*]CCCCOCCCCOCCCCOCCCCO[*],[*]NCCCCCCCCCCCC([*])=O,,,,170,10.1016_j.polymer.2015.10.023_part_5.txt_∂Œ1_Material2
[*]O[Si](C)(C)[*],,,,,75,10.1016_j.polymer.2020.122962_part_2.txt_∂Œ1_Material1
[*]OCCCOC(C1=CC=C(C([*])=O)C=C1)=O,[*]CC(CCCC(CC)CC([*])C1=CC=CC=C1)C2=CC=CC=C2,,,,225.79,10.1080_03602559.2010.496426_part_1.txt_∂Œ1_Material1
[*]C(CCCCCO[*])=O,[Mg]=O,,,,62,10.1007_s12033-021-00311-0_part_4.txt_∂Œ1_Material4
[*]OCC[*],COC1=CC(/C=C/C=O)=CC(OC2=CC(C(C(OC3=CC=C(C=C3OC)C(C(CO)=O)O)CO)O)=CC=C2OC4=CC(C(C(COC5=CC=C(C=C5)C(C(CO)=O)O)=O)O)=CC=C4O)=C1,,,,55.6,10.1016_j.compositesb.2018.08.063_part_1.txt_∂Œ1_Material1
[*]CCCC([*])C(OC)=O,[*]C/C=C/CCC([*])C#N,,,,62,10.1515_chem-2017-0047_part_2.txt_∂Œ1_Material1
O=C([*])CCCCCN[*],[*]O[C@H](C)CC([*])=O,,,,223,10.1002_masy.201800170_part_1.txt_∂Œ1_Material2
[*]CC[*],O=[Al]O[Al]=O,,,,165,10.1016_j.polymertesting.2019.105897_part_2.txt_∂Œ1_Material1
[*]C([C@H](C)OC([C@H](C)O[*])=O)=O,[*]C(C1=CC=C(C(OCCCCO[*])=O)C=C1)=O,,,,225,10.1016_j.eurpolymj.2013.06.038_part_2.txt_∂Œ1_Material1
[*]CC(O)COC(CCCCCCCCC(O[*])=O)=O,,,,,130,10.1088_1748-6041_8_3_035006_part_2.txt_∂Œ1_Material1
[*]C(C)C[*],OC(C(C)(CC(C1=CC=CC=C1)[*])CC(C[*])(C(OCC2CO2)=O)C)=O,,,,165,10.1021_ma5001354_part_1.txt_∂Œ1_Material1
[*]C(CCCCC(OCCCCO[*])=O)=O,[*]CC(OC(O[*])=O)C,,,,121.6,10.1007_s11814-017-0066-5_part_1.txt_∂Œ1_Material1
[*]C(CCCCCO[*])=O,CC(NC1C([C@@H](C(O[C@H]1O[*])CO)O[C@@H]2OC([C@H]([C@@H](C2NC(C)=O)O)[*])CO)O)=O,,,,58.7,10.1016_j.carbpol.2013.09.012_part_5.txt_∂Œ1_Material1
[*]C([H])([H])C(O)([H])[*],[*]OC1C(C(O)=O)OC(OC2C(NC(C)=O)C([*])OC(CO)C2O)C(O)C1O,,,,231.15,10.3390_polym13050746_part_1.txt_∂Œ1_Material1
[*]OC1C(C(O)=O)OC(OC2C(NC(C)=O)C([*])OC(CO)C2O)C(O)C1O,[*]NCC(NC(C(ONCC(NC(C(NCC(NC(C([*])=O)C)=O)=O)C)=O)=O)CO)=O,,,,135.6,10.1016_j.polymdegradstab.2013.10.019_part_1.txt_∂Œ1_Material4
[*]C([C@H](C)OC([C@H](C)O[*])=O)=O,O=[Si]=O,,,,150.8,10.1080_03602559.2017.1329439_part_2.txt_∂Œ1_Material1
[*]C(CCCCCO[*])=O,C(C)(C1=CC=C(OCC2CO2)C=C1)(C)C1=CC=C(OCC2CO2)C=C1,,,,68,10.3390_ma13081941_part_2.txt_∂Œ1_Material2
O=C(C1=CC=C(C=C1)C(OCC[*])=O)O[*],[*]NC(C(O)=O)CCC([*])=O,,,,221,10.3390_polym13030452_part_2.txt_∂Œ1_Material4
CC(C)[Si](C(C)C)(OS(=O)(C(F)(F)F)=O)C(C)C,[*]CC(C1=CC=CC=C1)C/C=C/C[*],,,,160,10.1155_2020_2381504_part_3.txt_∂Œ1_Material2
O=C(O)C([*])C[*],[*]OCC[*],,,,67.5,10.1515_epoly.2011.11.1.760_part_2.txt_∂Œ1_Material1
[*]OCCCOC(C1=CC=C(C([*])=O)C=C1)=O,O=C([*])C(C)O[*],,,,149,10.1002_pi.3087_part_1.txt_∂Œ1_Material1
O=C([*])OC1=CC=C(C=C1)C(C)(C)C2=CC=C(C=C2)O[*],O=C(C1=CC=C(C=C1)C(OCC[*])=O)O[*],,,,249.1,10.1002_pi.6213_part_1.txt_∂Œ1_Material1
[*]CC([*])CC,,,,,96.85000000000002,10.1016_j.polymer.2010.07.033_part_4.txt_∂Œ1_Material1
[*]O[C@H](C)CC([*])=O,[*]CC([*])N1CCCC1=O,,,,140,10.4028_www.scientific.net_amr.1115.296_part_1.txt_∂Œ1_Material1
O=C([*])CCCCCN[*],O=C([*])C(C)O[*],[*]C(N(CN(C(OCOC(N(CN(C(OCCO[*])=O)[H])[H])=O)=O)[H])[H])=O,,,183.1,10.4028_www.scientific.net_amm.200.278_part_1.txt_∂Œ1_Material1
OP(O)(O)=O,[*]C1C(O)C(O)C(OC2C(O)C(O)C(O[*])OC2COC(C)=O)OC1COC(C)=O,,,,113.9,10.1002_app.35351_part_1.txt_∂Œ1_Material1
OP(O)(O)=O,CC(CO[*])[*],,,,108,10.1002_app.32585_part_1.txt_∂Œ1_Material2
O=C([*])CCCCCN[*],OCC(C(C(C1N)O)O[*])OC1OC2C(OC(C(C2O)N)[*])CO,,,,222.8,10.1080_14658011.2017.1418711_part_2.txt_∂Œ1_Material2
[*]C(C)C[*],O=C(C1=CC=C(C=C1)C(OCC[*])=O)O[*],O=C=O,,,149,10.1016_j.polymer.2016.12.054_part_2.txt_∂Œ1_Material1
[*]C(CCCCCO[*])=O,[*]C([H])([H])C(O)([H])[*],,,,60,10.1007_s12033-021-00311-0_part_1.txt_∂Œ1_Material3
[*]C(CCCCCO[*])=O,Cl[Ca]Cl,,,,60,10.1021_co500033h_part_2.txt_∂Œ1_Material5
[*]C(CCCCCO[*])=O,[*]CCCCOCCCCOCCCCOCCCCO[*],,,,66.1,10.1007_s42452-019-1623-9_part_1.txt_∂Œ1_Material1
O=C([*])CCCCCN[*],[*]CCCC(CCCCCC)[*],,,,222,10.1016_j.matlet.2014.03.186_part_1.txt_∂Œ1_Material2
[*]C([H])([H])C(O)([H])[*],OC1C(C(OC(C1O)OC2C(OC(C(C2O)O)OC3C(C(C(OC3C(OC)=O)OC4C(OC(C(C4O)O)[*])C(O)=O)O)O)C(OC)=O)C(O)=O)O[*],,,,200,10.14233_ajchem.2015.19271_part_1.txt_∂Œ1_Material3
[*]OCC[*],[*]CC(C#N)[*],,,,35,10.1002_vnl.21576_part_2.txt_∂Œ1_Material1
O=C([*])C(C)O[*],C1OC1C[N+]([CH3])([CH3])[CH3].[Cl-],,,,141.2,10.1016_j.ijbiomac.2019.10.246_part_3.txt_∂Œ1_Material3
O=C([*])C(C)O[*],CCOC(=O)C(O)(CC(=O)OCC)CC(=O)OCC,,,,143.1,10.1016_j.ijbiomac.2019.10.246_part_3.txt_∂Œ1_Material2
[*]C(C1=CC=C(C(OCCCCO[*])=O)C=C1)=O,[*]CC(CC=CCC([*])C1=CC=CC=C1)C#N,,,,250,10.1002_app.35205_part_1.txt_∂Œ1_Material2
OCC(C(C(C1N)O)O[*])OC1OC2C(OC(C(C2O)N)[*])CO,OC[C@@H]([C@H]([C@@H]([C@@H](CO)O)O)O)O,,,,109.55,10.1016_j.ijbiomac.2014.06.039_part_2.txt_∂Œ1_Material6
FC(F)([*])C([H])([*])[H],O=C(C1=CC=C2C=C(C=CC2=C1)C([*])=O)OCCO[*],,,,171,10.1177_0954008316632366_part_1.txt_∂Œ1_Material1
O=C(CCCCC(N(CCCCCCN([*])[H])[H])=O)[*],[Mg],,,,229,10.1177_0954008320943927_part_2.txt_∂Œ1_Material1
O=C([*])CCCCCCCCCCC(NCCCCCCN[*])=O,,,,,234,10.1002_pen.24888_part_1.txt_∂Œ1_Material1
[*]C([H])([H])C(O)([H])[*],CCO[Si](OCC)(OCC)OCC,,,,150,10.1016_j.seppur.2011.07.020_part_2.txt_∂Œ1_Material4
[*]OC1C(C(O)=O)OC(OC2C(NC(C)=O)C([*])OC(CO)C2O)C(O)C1O,[*]O[C@H](C)CC([*])=O,,,,177,10.1080_10643389.2014.966422_part_1.txt_∂Œ1_Material1
[*]C1=CC=C([*])N1,,,,,130,10.1177_0883911520913905_part_3.txt_∂Œ1_Material4
[*]C(CCCCCO[*])=O,O=C(N)N,,,,47,10.1002_app.32929_part_2.txt_∂Œ1_Material1
[*]OC(CC(OC(CC([*])=O)CC)=O)C,[*]C1C(OC(C(C1O)O)OC2C(OC(C(C2O)O)O[*])CO)CO,,,,172,10.1002_app.46153_part_1.txt_∂Œ1_Material1
[*]C/C=C/CCC([*])C#N,[*]C(CCCCCO[*])=O,,,,60.6,10.1016_j.matdes.2019.108210_part_2.txt_∂Œ1_Material1
[*]CC(O)COC(CCCCCCCCC(O[*])=O)=O,[*]C([H])([H])C(O)([H])[*],,,,229,10.1016_j.eurpolymj.2014.12.008_part_4.txt_∂Œ1_Material1
O=C([*])CCCCCN[*],[Mg]=O,,,,224.85,10.1080_09507116.2016.1223185_part_1.txt_∂Œ1_Material1
[*]CC([*])Cl,[*]C(C)C[*],,,,218,10.1016_j.apsusc.2018.01.255_part_10.txt_∂Œ1_Material2
[*]OC(CC(OC(CC([*])=O)CC)=O)C,OP(O)(O)=O,,,,172,10.1002_app.46153_part_1.txt_∂Œ1_Material6
O=C(O[*])CCCCCCCCCCN[*],OP(O)(O)=O,,,,188,10.3390_ma12172833_part_1.txt_∂Œ1_Material1
O=C([*])CCCCCN[*],[*]C(C1=CC=C(C(OCCCCO[*])=O)C=C1)=O,,,,223,10.1080_03602559.2016.1233280_part_6.txt_∂Œ1_Material3
O=C([*])OC1=CC=C(C=C1)C(C)(C)C2=CC=C(C=C2)O[*],O=C([*])C1=CC=C(C=C1)OC2=CC=C(C=C2)OC3=CC=C(C=C3)[*],,,,282.5,10.1007_s00170-009-2507-8_part_2.txt_∂Œ1_Material4
O=C([*])OC1=CC=C(C=C1)C(C)(C)C2=CC=C(C=C2)O[*],O=C(C1=CC=C2C=C(C=CC2=C1)C([*])=O)OCCO[*],,,,253,10.1016_j.polymer.2015.07.059_part_1.txt_∂Œ1_Material1
O=C([*])C(C)O[*],[*]NCCCCCCCCCCCC([*])=O,,,,179,10.1002_app.48440_part_1.txt_∂Œ1_Material5
[*]C(C(O[*])C)=O,,,,,170,10.1007_s10439-015-1455-8_part_1.txt_∂Œ1_Material3
[*]C(CCCCCO[*])=O,OC1C(C(OC(C1O)OC2C(OC(C(C2O)O)OC3C(C(C(OC3C(OC)=O)OC4C(OC(C(C4O)O)[*])C(O)=O)O)O)C(OC)=O)C(O)=O)O[*],,,,57,10.1007_s00396-020-04699-0_part_1.txt_∂Œ1_Material1
OP(O)(O)=O,[*][C@H]1[C@H](O)[C@@H](O)[C@H](OC2C(O)C(OC(C)=O)C(O[*])OC2CO)O[C@@H]1CO,,,,118,10.1016_j.polymdegradstab.2010.01.006_part_1.txt_∂Œ1_Material1
[*]OCC[*],[*]CCCC(CCCCCC)[*],,,,89.85000000000002,10.3176_proc.2012.3.09_part_1.txt_∂Œ1_Material1
[*]CC(OC(O[*])=O)C,C=C([CH3])C(=O)O[CH3],,,,96.4,10.1039_d2py00442a_OA_part_2.txt_∂Œ1_Material1
[*]CC(OC(O[*])=O)C,[*]C(C[*])C(N(C)C)=O,,,,96.4,10.1039_d2py00442a_OA_part_2.txt_∂Œ1_Material5
[*]CC(O[*])CN=[N+]=[N-],[*]C(CCCCCO[*])=O,,,,43,10.1007_s13233-010-1104-x_part_1.txt_∂Œ1_Material1
OCC(C(C(C1N)O)O[*])OC1OC2C(OC(C(C2O)N)[*])CO,[*]C1C(C(C(OC1C(O[Na])=O)OC2C(C(O[Na])=O)OC(O[*])C(O)C2O)O)O,,,,121.3,10.3390_polym12071502_part_3.txt_∂Œ1_Material2
[*]C(CCCCCO[*])=O,[*]CC(C#N)[*],,,,58,10.3390_ma13030512_part_1.txt_∂Œ1_Material1
O=C([*])C(C)O[*],[*]OCCCOC(C1=CC=C(C([*])=O)C=C1)=O,,,,149.2,10.1515_polyeng-2018-0256_part_1.txt_∂Œ1_Material3
O=C([*])C1=CC=C(C=C1)OC2=CC=C(C=C2)OC3=CC=C(C=C3)[*],O=C([*])OC1=CC=C(C=C1)C(C)(C)C2=CC=C(C=C2)O[*],,,,282.5,10.1007_s00170-009-2507-8_part_2.txt_∂Œ1_Material3
O=C([*])CCCCCN[*],COC1=CC(/C=C/C=O)=CC(OC2=CC(C(C(OC3=CC=C(C=C3OC)C(C(CO)=O)O)CO)O)=CC=C2OC4=CC(C(C(COC5=CC=C(C=C5)C(C(CO)=O)O)=O)O)=CC=C4O)=C1,,,,218,10.1002_app.42963_part_1.txt_∂Œ1_Material3
[*]NC(C(N1CCCC1C(NCC(N2CC(CC2C(NC(C(NCC([*])=O)=O)CO)=O)O)=O)=O)=O)CCCCN,[*]NCC(NC(C(ONCC(NC(C(NCC(NC(C([*])=O)C)=O)=O)C)=O)=O)CO)=O,,,,160,10.1142_s179329202050085x_part_1.txt_∂Œ1_Material3
[*]C(C)C[*],C=C([CH3])C(=O)O[CH3],,,,160,10.1002_app.39037_part_2.txt_∂Œ1_Material1
OCC(C(C(C1N)O)O[*])OC1OC2C(OC(C(C2O)N)[*])CO,[*]OCC1C(C(C(CC1CO)COCC2C(C(C(CC2CO)C[*])O)COCC3C(C(C(C(O3)CO)O)O)COCC4C(C(C(C(O4)C(O)=O)COCC5C(C(C(C(O5)C(O)=O)O)O)O)O)O)O)O,,,,122,10.1111_1750-3841.13653_part_1.txt_∂Œ1_Material2
[*]CC(OC(O[*])=O)C,[*]CC(C1=CC=CC=C1)[*],,,,95.1,10.1039_d2py00442a_OA_part_2.txt_∂Œ1_Material4
[*]C(CCCCCO[*])=O,C/C(C[*])=C/C[*],,,,56.5,10.1007_s10853-013-7667-0_part_1.txt_∂Œ1_Material1
[*]C(CCCCCO[*])=O,OCC1OC(OC2C(O)C(O)C(O[*])OC2CO)C(O)C(O)C1[*],,,,60,10.3390_ma13173853_part_1.txt_∂Œ1_Material1
[*]C(C1=CC=C(C(OCCCCO[*])=O)C=C1)=O,O=C([*])C(C)O[*],,,,120,10.1007_s00289-021-03596-y_part_2.txt_∂Œ1_Material2
[*]C([H])([H])C(O)([H])[*],[*]CC[*],,,,114.67,10.29196_jub.v26i3.621_OA_part_2.txt_∂Œ1_Material2
O=C([*])C1=CC=C(C=C1)OC2=CC=C(C=C2)OC3=CC=C(C=C3)[*],[*]C1=CC(C2=NC3=CC(C4=CC=C5N=C([*])NC5=C4)=CC=C3N2)=CC=C1,,,,345,10.1016_j.triboint.2018.08.001_part_1.txt_∂Œ1_Material1
O=C(C1=CC=C(C=C1)C(OCC[*])=O)O[*],[*]CCCC([*])C(OC)=O,,,,246,10.1002_pen.24982_part_1.txt_∂Œ1_Material2
[*]C(CCCCCO[*])=O,[*]CC[*],,,,60,10.3390_polym11111874_part_1.txt_∂Œ1_Material1
[*]NC(C(O)=O)CCC([*])=O,O=C([*])C(C)O[*],,,,154.3,10.3390_polym13010029_part_2.txt_∂Œ1_Material1
C=C([CH3])C(=O)O[CH3],[*]CC(CC(C#N)[*])C1=CC=CC=C1,,,,160,10.1021_acs.macromol.9b02587_part_1.txt_∂Œ1_Material1
[*]C(C)C[*],CC(CO[*])[*],,,,162.3,10.1016_j.clay.2011.02.021_part_2.txt_∂Œ1_Material4
[*]C(C1=CC=C(C=C1)C(OCCCCOC(C2=CC=C(C=C2)C(OCCCCO[*])=O)=O)=O)=O,,,,,195,10.3390_polym13040525_part_1.txt_∂Œ1_Material1
[*]OCC[*],[*]CC([*])N1CCCC1=O,,,,69,10.1002_app.46403_part_1.txt_∂Œ1_Material1
CC(C)[Si](C(C)C)(OS(=O)(C(F)(F)F)=O)C(C)C,[*]C(NC1=C(C)C(NC(OCCO[*])=O)=CC=C1)=O,,,,70,10.1515_rams-2022-0265_OA_part_3.txt_∂Œ1_Material1
[*]CC(C1=CC=CC=C1)[*],O=C(C1=CC=C(C=C1)C(OCC[*])=O)O[*],,,,253,10.1016_j.jmrt.2021.05.020_part_1.txt_∂Œ1_Material1
O=C(C1=CC=C(C=C1)C(OCC[*])=O)O[*],C=C(C(OCC1CO1)=O)C,,,,246,10.1002_pen.24982_part_1.txt_∂Œ1_Material1
FC(F)([*])C([H])([*])[H],O=C([*])CCCCCN[*],,,,165,10.1002_app.43499_part_1.txt_∂Œ1_Material1
O=C(CCCCCCCCCCC(NCCCCCCCCCCN[*])=O)[*],,,,,177,10.1108_rpj-09-2018-0258_part_1.txt_∂Œ1_Material1
[*]CCC1C([*])C2CCC1C2,,,,,127,10.1016_j.polymertesting.2020.106635_part_3.txt_∂Œ1_Material1
OP(O)(O)=O,OCC(C(C(C1N)O)O[*])OC1OC2C(OC(C(C2O)N)[*])CO,,,,88.1,10.1002_pen.23966_part_2.txt_∂Œ1_Material1
CC(C=C([*])C=C1C)=C1O[*],,,,,220,10.1039_c3py00005b_part_1.txt_∂Œ1_Material9
CC(C=C([*])C=C1C)=C1O[*],[*]CC(C1=CC=CC=C1)[*],,,,225,10.1007_s00170-009-2507-8_part_1.txt_∂Œ1_Material4
O=C([*])C(C)O[*],O=C=O,,,,157,10.3390_compounds1020007_part_1.txt_∂Œ1_Material1
[*]CC(C(OCC)=O)[*],,,,,127.7,10.1021_acs.iecr.9b01733_part_6.txt_∂Œ1_Material1
O=C([*])C(C)O[*],[Ag],,,,106.2,10.1002_adfm.201101985_part_1.txt_∂Œ1_Material1
O=C([*])C(C)O[*],[*]OCC[*],O=C([*])C(C)O[*],[*]OCC[*],,145,10.1002_app.41030_part_1.txt_∂Œ1_Material1
O=C([*])C(C)O[*],[*]C1=C(O)C(C(C)(C)C)=C(O)C(C)=C1SS[*],,,,147.41,10.1002_app.43340_part_2.txt_∂Œ1_Material1
O=C([*])C(C)O[*],[*]CC(C1=CC=CC=C1)C/C=C/C[*],,,,147.41,10.1002_app.43340_part_2.txt_∂Œ1_Material2
O=C([*])C(C)O[*],[*]CCCC(CCCCCC)[*],,,,147.41,10.1002_app.43340_part_2.txt_∂Œ1_Material3
O=C([*])C(C)O[*],C=C(C(OCC1CO1)=O)C,[*]CCCC([*])C(OC)=O,,,151.5,10.1002_app.47682_part_3.txt_∂Œ1_Material1
O=C([*])C(C)O[*],[*]OC(CC(OC(CC([*])=O)CC)=O)C,[Ag],[Cu]=O,,180,10.1002_mame.202000244_part_2.txt_∂Œ1_Material1
O=C([*])C(C)O[*],O=C([*])C(C)O[*],[Ag],[Cu]=O,,178,10.1002_mame.202000244_part_2.txt_∂Œ1_Material2
O=C([*])C(C)O[*],[*]C(N(CN(C(OCOC(N(CN(C(OCCO[*])=O)[H])[H])=O)=O)[H])[H])=O,OC1=C2C(C3(O)C4C5C6=C7C8C(C9=CC(C(O)=O)=C(C=C(C=C%10C(O)=O)C%11%12)C(C%11=C%13C%14C%15%16C%17(O%16)C%18C%19=C%20C%21=C%22C(C(O)=C%23)=C%24C%25C%21=C%26C%19=C%27C%17=C%28C%14(O)C%12=C%10C=C%28CC%27=CC%26=CC%25=C(C(O)=O)C=C%24)C9=C7C%13(O)C5=C%15C3=C%18C%29%30C%20(O%30)C%31C%22C%23=C%32)=CC(C(O)=O)=CC8=CC6=C(C(O)=O)C4=C2)=C%29C%33=C%31C%32=C(C(O)=O)C=C%331,,,168.6,10.1002_mame.202000576_part_2.txt_∂Œ1_Material1
O=C([*])C(C)O[*],OCC1OC(C(C(C1[*])O)O)OC2C(C(C(OC2CO)O[*])O)O,CC1=CC=C(C=C1N=C=O)N=C=O,OCC(C(C(C1N)O)O[*])OC1OC2C(OC(C(C2O)N)[*])CO,,165.05,10.1002_pat.3506_part_2.txt_∂Œ1_Material1
O=C([*])C(C)O[*],[*]C(CCCCC(OCCCCO[*])=O)=O,OCC(C(C(C1N)O)O[*])OC1OC2C(OC(C(C2O)N)[*])CO,,,150,10.1002_pat.4274_part_3.txt_∂Œ1_Material1
O=C([*])C(C)O[*],[H][O-],OCC1OC(C(C(C1[*])O)O)OC2C(C(C(OC2CO)O[*])O)O,[*]CC(C1=CC=CC=C1)[*],,150,10.1002_pc.21165_part_1.txt_∂Œ1_Material1
O=C([*])C(C)O[*],[H][O-],[*]CC(C1=CC=CC=C1)[*],,,146.19,10.1002_pc.21165_part_2.txt_∂Œ1_Material1
O=C([*])C(C)O[*],[*]C1C(C(C(OC1C(O[Na])=O)OC2C(C(O[Na])=O)OC(O[*])C(O)C2O)O)O,[*]C/C=C(C[*])\Cl,,,150,10.1002_pc.24122_part_1.txt_∂Œ1_Material1
O=C([*])C(C)O[*],OCC1OC(C(C(C1[*])O)O)OC2C(C(C(OC2CO)O[*])O)O,[*]OCCOC(CC(C([*])=O)C(C1CCCCC1)CC(CC(O)=O)C(OCCO)=O)=O,,,164.3,10.1002_pc.25144_part_1.txt_∂Œ1_Material1
O=C([*])C(C)O[*],OCC1OC(C(C(C1[*])O)O)OC2C(C(C(OC2CO)O[*])O)O,OC1=C2C(C3(O)C4C5C6=C7C8C(C9=CC(C(O)=O)=C(C=C(C=C%10C(O)=O)C%11%12)C(C%11=C%13C%14C%15%16C%17(O%16)C%18C%19=C%20C%21=C%22C(C(O)=C%23)=C%24C%25C%21=C%26C%19=C%27C%17=C%28C%14(O)C%12=C%10C=C%28CC%27=CC%26=CC%25=C(C(O)=O)C=C%24)C9=C7C%13(O)C5=C%15C3=C%18C%29%30C%20(O%30)C%31C%22C%23=C%32)=CC(C(O)=O)=CC8=CC6=C(C(O)=O)C4=C2)=C%29C%33=C%31C%32=C(C(O)=O)C=C%331,C1OC1C[N+]([CH3])([CH3])[CH3].[Cl-],,170,10.1002_pen.25560_part_2.txt_∂Œ1_Material1
O=C([*])C(C)O[*],OCC1OC(C(C(C1[*])O)O)OC2C(C(C(OC2CO)O[*])O)O,OCC1OC(C(C(C1[*])O)O)OC2C(C(C(OC2CO)O[*])O)O,,,170.9,10.1002_ppap.201500218_part_1.txt_∂Œ1_Material1
O=C([*])C(C)O[*],[*]CC[*],OCC1OC(C(C(C1[*])O)O)OC2C(C(C(OC2CO)O[*])O)O,,,185,10.1002_ppap.201500218_part_2.txt_∂Œ1_Material1
O=C([*])C(C)O[*],[*]CCC(CCCC(CCCC(C[*])C)C)C,[*]C(C)C[*],OCC1OC(C(C(C1[*])O)O)OC2C(C(C(OC2CO)O[*])O)O,,170,10.1007_s00170-018-1953-6_part_1.txt_∂Œ1_Material1
O=C([*])C(C)O[*],[O-][Si]([O-])([O-])O[Si]([O-])([O-])[O-].[Ca+2],,,,170,10.1007_s10706-016-0079-6_part_1.txt_∂Œ1_Material3
O=C([*])C(C)O[*],[*]OCCOC(CC(C([*])=O)C(C1CCCCC1)CC(CC(O)=O)C(OCCO)=O)=O,,,,150,10.1007_s10924-016-0760-0_part_3.txt_∂Œ1_Material2
O=C([*])C(C)O[*],[*]C1C(C(C(OC1C(O[Na])=O)OC2C(C(O[Na])=O)OC(O[*])C(O)C2O)O)O,,,,180,10.1007_s10924-020-01677-z_part_1.txt_∂Œ1_Material4
O=C([*])C(C)O[*],[*]C(CCCCCO[*])=O,[*]C(CCCCCO[*])=O,,,157.3,10.1007_s10965-021-02439-8_part_1.txt_∂Œ1_Material1
O=C([*])C(C)O[*],[*]CCC(CCCC(CCCC(C[*])C)C)C,,,,131.43,10.1007_s11164-012-0994-y_part_2.txt_∂Œ1_Material1
O=C([*])C(C)O[*],[*]C1C(OC(C(C1O)O)OC2C(OC(C(C2O)O)O[*])CO)CO,[*]CCC(CCCC(CCCC(C[*])C)C)C,,,150,10.1007_s11367-012-0479-7_part_4.txt_∂Œ1_Material1
O=C([*])C(C)O[*],[*]C(CCCCCO[*])=O,[*]OCC[*],OCC(O)CO,,170,10.1007_s12206-011-0722-3_part_3.txt_∂Œ1_Material1
O=C([*])C(C)O[*],[*]OC1C(C(O)=O)OC(OC2C(NC(C)=O)C([*])OC(CO)C2O)C(O)C1O,O=C(C1=CC=C(C([*])=O)C=C1)NC2=CCC(N[*])C=C2,,,150,10.1007_s12221-021-0587-8_part_1.txt_∂Œ1_Material1
O=C([*])C(C)O[*],O=C(C1=CC=C(C([*])=O)C=C1)NC2=CCC(N[*])C=C2,O=[Al]O[Al]=O.O=[Si]=O.O=[Si]=O.O=[Si]=O,,,145,10.1007_s13726-012-0112-4_part_1.txt_∂Œ1_Material1
O=C([*])C(C)O[*],[*]CC([*])Cl,[Fe]12O[Fe]O[Fe](O2)O1,,,150,10.1007_s40430-020-2251-4_part_1.txt_∂Œ1_Material1
O=C([*])C(C)O[*],[*]CC[*],[*]C(C)C[*],,,160,10.1007_s40684-019-00017-4_part_1.txt_∂Œ1_Material1
O=C([*])C(C)O[*],OCC(O)CO,,,,145,10.1007_s40684-019-00017-4_part_3.txt_∂Œ1_Material2
O=C([*])C(C)O[*],[*]CCCC([*])OC(C)=O,OCC1OC(C(C(C1[*])O)O)OC2C(C(C(OC2CO)O[*])O)O,,,151.2,10.1007_s41783-018-0037-2_part_1.txt_∂Œ1_Material1
O=C([*])C(C)O[*],[*]C(F)(C(F)([*])F)F,,,,175,10.1016_j.actbio.2012.07.009_part_1.txt_∂Œ1_Material1
O=C([*])C(C)O[*],[*]C(CCCCCO[*])=O,[*]NC(C(O)=O)CCC([*])=O,OCC(O)CO,,150,10.1016_j.addr.2016.06.012_part_2.txt_∂Œ1_Material1
O=C([*])C(C)O[*],O=[Mg].O=[Si]=O.O=[Si]=O.O=[Si]=O.O=[Si]=O.O=[Mg].O=[Mg].O,[*]C1=CC=C(C=C1)C(N[*])=O,[*]OCC[*],[*]C1=NC2=CC3=C(C=C2O1)OC(C4=CC=C(C=C4)[*])=N3,175,10.1016_j.addr.2016.06.012_part_4.txt_∂Œ1_Material1
O=C([*])C(C)O[*],NCCC[Si](OCC)(OCC)OCC,,,,148.6,10.1016_j.clay.2016.10.046_part_3.txt_∂Œ1_Material1
O=C([*])C(C)O[*],CC(NC(C([*])C)=O)C(NC(C)C(NC(C)C(N[*])=O)=O)=O,OCC(C(C(C1N)O)O[*])OC1OC2C(OC(C(C2O)N)[*])CO,CC(NC(C([*])C)=O)C(NC(C)C(NC(C)C(N[*])=O)=O)=O,OCC1OC(C(C(C1[*])O)O)OC2C(C(C(OC2CO)O[*])O)O,150,10.1016_j.compositesa.2015.03.001_part_1.txt_∂Œ1_Material1
O=C([*])C(C)O[*],OCC1OC(C(C(C1[*])O)O)OC2C(C(C(OC2CO)O[*])O)O,OCC1OC(C(C(C1[*])O)O)OC2C(C(C(OC2CO)O[*])O)O,[*]OC1OC(CO)C(OC2C(O)C(O)C([*])C(CO)O2)C(O)C1O,,152,10.1016_j.compscitech.2010.06.005_part_1.txt_∂Œ1_Material1
O=C([*])C(C)O[*],O=C(C(C[*])[*])N,,,,150,10.1016_j.compscitech.2013.01.013_part_1.txt_∂Œ1_Material1
O=C([*])C(C)O[*],OCC1OC(C(C(C1[*])O)O)OC2C(C(C(OC2CO)O[*])O)O,OCC(O)CO,,,170,10.1016_j.compscitech.2018.12.021_part_6.txt_∂Œ1_Material1
O=C([*])C(C)O[*],[*]C(CCCCCO[*])=O,[O-][Si]([O-])([O-])O[Si]([O-])([O-])[O-].[Ca+2],[*]OCC[*],OCC(O)CO,160,10.1016_j.dental.2010.08.180_part_1.txt_∂Œ1_Material1
O=C([*])C(C)O[*],[*]OC1OC(CO)C(OC2C(O)C(O)C([*])C(CO)O2)C(O)C1O,[O-][Si]([O-])([O-])O[Si]([O-])([O-])[O-].[Ca+2],,,175,10.1016_j.egypro.2013.06.818_part_1.txt_∂Œ1_Material1
O=C([*])C(C)O[*],[*]OCC[*],OCC(O)CO,,,150,10.1016_j.eml.2020.101136_part_2.txt_∂Œ1_Material1
O=C([*])C(C)O[*],[*]C/C=C(C[*])\Cl,,,,170,10.1016_j.eurpolymj.2015.05.001_part_3.txt_∂Œ1_Material1
O=C([*])C(C)O[*],[*]OC1C(C(O)=O)OC(OC2C(NC(C)=O)C([*])OC(CO)C2O)C(O)C1O,CC(NC1C([C@@H](C(O[C@H]1O[*])CO)O[C@@H]2OC([C@H]([C@@H](C2NC(C)=O)O)[*])CO)O)=O,,,153,10.1016_j.ijbiomac.2019.10.168_part_2.txt_∂Œ1_Material1
O=C([*])C(C)O[*],[*]C(CCCCCO[*])=O,[*]OCC[*],O=[Ti]=O,OCC(O)CO,170,10.1016_j.ijmecsci.2013.05.008_part_3.txt_∂Œ1_Material1
O=C([*])C(C)O[*],[*]OCC[*],O=[Ti]=O,,,170,10.1016_j.ijmecsci.2016.04.021_part_2.txt_∂Œ1_Material1
O=C([*])C(C)O[*],O=[Ti]=O,[*]OCC[*],OCC(O)CO,,170,10.1016_j.ijmecsci.2017.09.004_part_11.txt_∂Œ1_Material1
O=C([*])C(C)O[*],O=[Mg].O=[Si]=O.O=[Si]=O.O=[Si]=O.O=[Si]=O.O=[Mg].O=[Mg].O,OCC1OC(C(C(C1[*])O)O)OC2C(C(C(OC2CO)O[*])O)O,,,175,10.1016_j.ijmecsci.2017.09.004_part_11.txt_∂Œ1_Material2
O=C([*])C(C)O[*],[O-][Si]([O-])([O-])O[Si]([O-])([O-])[O-].[Ca+2],[*]OCC[*],[*]OCCCCOC(CCC([*])=O)=O,,170,10.1016_j.ijplas.2011.10.007_part_3.txt_∂Œ1_Material1
O=C([*])C(C)O[*],O=[Ti]=O,[*]OCC[*],,,170,10.1016_j.jcis.2020.08.034_part_4.txt_∂Œ1_Material1
O=C([*])C(C)O[*],[*]OCC[*],[O-][Si]([O-])([O-])O[Si]([O-])([O-])[O-].[Ca+2],OCC1OC(C(C(C1[*])O)O)OC2C(C(C(OC2CO)O[*])O)O,,170,10.1016_j.jmbbm.2012.02.008_part_3.txt_∂Œ1_Material1
O=C([*])C(C)O[*],OCC(O)CO,OCC1OC(C(C(C1[*])O)O)OC2C(C(C(OC2CO)O[*])O)O,OCC1OC(C(C(C1[*])O)O)OC2C(C(C(OC2CO)O[*])O)O,,180,10.1016_j.jmbbm.2013.06.005_part_1.txt_∂Œ1_Material1
O=C([*])C(C)O[*],[Ag],[*]C(CCCCCO[*])=O,,,170,10.1016_j.jmbbm.2015.10.011_part_3.txt_∂Œ1_Material1
O=C([*])C(C)O[*],OCC(O)CO,O=[Mg].O=[Si]=O.O=[Si]=O.O=[Si]=O.O=[Si]=O.O=[Mg].O=[Mg].O,,,160,10.1016_j.jmbbm.2017.01.008_part_5.txt_∂Œ1_Material2
O=C([*])C(C)O[*],O=P([O-])([O-])[O-].[Ca+2].[Ca+2].[OH-],[*]O[C@@]([H])(C)C(O[C@](C)([H])C([*])=O)=O,,,172.4,10.1016_j.jmbbm.2017.10.036_part_7.txt_∂Œ1_Material1
O=C([*])C(C)O[*],[O-][Si]([O-])([O-])O[Si]([O-])([O-])[O-].[Ca+2],[*]OCC[*],,,170,10.1016_j.jmbbm.2017.11.037_part_4.txt_∂Œ1_Material1
O=C([*])C(C)O[*],OCC(O)CO,O=[Ti]=O,,,170,10.1016_j.jmbbm.2018.01.018_part_2.txt_∂Œ1_Material1
O=C([*])C(C)O[*],[*]C(CCCCCO[*])=O,[*]C/C=C(C[*])\Cl,,,170,10.1016_j.jmbbm.2019.05.016_part_2.txt_∂Œ1_Material1
O=C([*])C(C)O[*],[*]OC1C(C(O)=O)OC(OC2C(NC(C)=O)C([*])OC(CO)C2O)C(O)C1O,[*]OC1C(C(O)=O)OC(OC2C(NC(C)=O)C([*])OC(CO)C2O)C(O)C1O,,,153,10.1016_j.jmbbm.2019.103449_part_2.txt_∂Œ1_Material1
O=C([*])C(C)O[*],[O-][Si]([O-])([O-])O[Si]([O-])([O-])[O-].[Ca+2],OCC(O)CO,[*]OCC[*],,170,10.1016_j.jmbbm.2019.103595_part_1.txt_∂Œ1_Material1
O=C([*])C(C)O[*],[*]OC1C(C(O)=O)OC(OC2C(NC(C)=O)C([*])OC(CO)C2O)C(O)C1O,[Ag],,,150.1,10.1016_j.jmbbm.2021.104455_part_1.txt_∂Œ1_Material1
O=C([*])C(C)O[*],CC1=CC=C(C=C1N=C=O)N=C=O,O=C=NC(C=C1)=CC=C1CC2=CC=C(C=C2)N=C=O,CC1(CC(CC(C)(C1)C)N=C=O)CN=C=O,,152.2,10.1016_j.jmbbm.2021.104656_part_2.txt_∂Œ1_Material1
O=C([*])C(C)O[*],C[N+](CCO)(CCO)[3H],[*]C/C=C(C[*])\Cl,,,175,10.1016_j.matdes.2015.09.081_part_2.txt_∂Œ1_Material1
O=C([*])C(C)O[*],CC(NC(C([*])C)=O)C(NC(C)C(NC(C)C(N[*])=O)=O)=O,,,,155,10.1016_j.matpr.2021.06.425_part_1.txt_∂Œ1_Material2
O=C([*])C(C)O[*],[Cu],[Zn]=O,,,173,10.1016_j.msec.2018.08.002_part_6.txt_∂Œ1_Material6
O=C([*])C(C)O[*],[Ag+],[Zn]=O,,,173,10.1016_j.msec.2018.08.002_part_6.txt_∂Œ1_Material8
O=C([*])C(C)O[*],[*]C(C)C[*],C[N+](CCO)(CCO)[3H],,,123,10.1016_j.polymdegradstab.2015.10.019_part_2.txt_∂Œ1_Material3
O=C([*])C(C)O[*],[*]OCC[*],OCC1OC(C(C(C1[*])O)O)OC2C(C(C(OC2CO)O[*])O)O,,,170,10.1016_j.polymertesting.2017.05.016_part_2.txt_∂Œ1_Material1
O=C([*])C(C)O[*],[*]CCC1C([*])C2CCC1C2,,,,170,10.1016_j.polymertesting.2018.05.004_part_1.txt_∂Œ1_Material1
O=C([*])C(C)O[*],N#CC(C1=CC=CC=N1)C1=CC=CC=C1,,,,158.6,10.1021_acs.iecr.0c04285_part_1.txt_∂Œ1_Material1
O=C([*])C(C)O[*],C=C(C(OCC1CO1)=O)C,O=C=NC(C=C1)=CC=C1CC2=CC=C(C=C2)N=C=O,,,160,10.1021_acs.iecr.0c04285_part_3.txt_∂Œ1_Material1
O=C([*])C(C)O[*],[*]N1C(C2=CC3=C(C=C2C1=O)C(N(C3=O)C4=CC=C(C=C4)OC5=CC=C(C=C5)[*])=O)=O,[*]CC(COC1=CC=C(C=C1)C(C)(C)C2=CC=C(C=C2)O[*])O,,,110,10.1021_acssuschemeng.0c03463_part_2.txt_∂Œ1_Material1
O=C([*])C(C)O[*],[*]C(C)C[*],[*]CC[*],[*]OCC[*],,150,10.1080_14658011.2020.1844522_part_1.txt_∂Œ1_Material1
O=C([*])C(C)O[*],[*]C(C)C[*],[*]CC[*],,,153.3,10.1080_14658011.2020.1844522_part_2.txt_∂Œ1_Material1
O=C([*])C(C)O[*],[*]C(N(CN(C(OCOC(N(CN(C(OCCO[*])=O)[H])[H])=O)=O)[H])[H])=O,OCC1OC(C(C(C1O[*])O)O)[*],,,158.5,10.1088_1757-899x_290_1_012081_part_1.txt_∂Œ1_Material1
O=C([*])C(C)O[*],OC1=C2C(C3(O)C4C5C6=C7C8C(C9=CC(C(O)=O)=C(C=C(C=C%10C(O)=O)C%11%12)C(C%11=C%13C%14C%15%16C%17(O%16)C%18C%19=C%20C%21=C%22C(C(O)=C%23)=C%24C%25C%21=C%26C%19=C%27C%17=C%28C%14(O)C%12=C%10C=C%28CC%27=CC%26=CC%25=C(C(O)=O)C=C%24)C9=C7C%13(O)C5=C%15C3=C%18C%29%30C%20(O%30)C%31C%22C%23=C%32)=CC(C(O)=O)=CC8=CC6=C(C(O)=O)C4=C2)=C%29C%33=C%31C%32=C(C(O)=O)C=C%331,OCC1OC(C(C(C1[*])O)O)OC2C(C(C(OC2CO)O[*])O)O,O=C(O)C([*])C[*],,155.48,10.1111_jfpp.15055_part_3.txt_∂Œ1_Material1
O=C([*])C(C)O[*],O=[Mg].O=[Si]=O.O=[Si]=O.O=[Si]=O.O=[Si]=O.O=[Mg].O=[Mg].O,[*]CC(COC1=CC=C(C=C1)C(C)(C)C2=CC=C(C=C2)O[*])O,,,170,10.3390_polym11020306_part_4.txt_∂Œ1_Material1
O=C([*])C(C)O[*],OCC1OC(C(C(C1[*])O)O)OC2C(C(C(OC2CO)O[*])O)O,[*]CC[*],,,150,10.3390_polym11020306_part_7.txt_∂Œ1_Material1
O=C([*])C(C)O[*],[*]OCCCCOC(CCC([*])=O)=O,[*]O[C@@]([H])(C)C(O[C@](C)([H])C([*])=O)=O,,,110.1,10.3390_polym12102362_part_2.txt_∂Œ1_Material2
O=C([*])C(C)O[*],[Zn]=O,[*]OCC[*],,,175,10.3390_polym13040580_part_2.txt_∂Œ1_Material4
O=C([*])C(C)O[*],OCC1OC(C(C(C1[*])O)O)OC2C(C(C(OC2CO)O[*])O)O,[*]NC(C(N1CCCC1C(NCC(N2CC(CC2C(NC(C(NCC([*])=O)=O)CO)=O)O)=O)=O)=O)CCCCN,,,175,10.3390_polym13081247_part_2.txt_∂Œ1_Material1
O=C([*])C(C)O[*],O=C(C1=CC=C(C([*])=O)C=C1)NC2=CCC(N[*])C=C2,O=C(C1=CC=C(C([*])=O)C=C1)NC2=CCC(N[*])C=C2,,,150,10.4028_www.scientific.net_amm.145.1_part_1.txt_∂Œ1_Material1
O=C([*])C(C)O[*],C/C(C[*])=C/C[*],[*]CCC1C([*])C2CCC1C2,[*]NC(C(N1CCCC1C(NCC(N2CC(CC2C(NC(C(NCC([*])=O)=O)CO)=O)O)=O)=O)=O)CCCCN,[H][O-],151.3,10.4028_www.scientific.net_amm.851.179_part_1.txt_∂Œ1_Material1
O=C([*])C(C)O[*],[*]CC[*],[*]CC[*],[*]CC[*],,161.21,10.4028_www.scientific.net_amr.627.233_part_1.txt_∂Œ1_Material1
O=C([*])C(C)O[*],[*]C1C(OC(C(C1O)O)OC2C(OC(C(C2O)O)O[*])CO)CO,OCC(O)CO,[*]CCCC([*])C(OC)=O,O=[Al]O[Al]=O.O=[Si]=O.O=[Si]=O.O=[Si]=O,146,10.4028_www.scientific.net_amr.684.75_part_1.txt_∂Œ1_Material1
O=C([*])C(C)O[*],O=C([*])OC1=CC=C(C=C1)C(C)(C)C2=CC=C(C=C2)O[*],[*]CC[*],O=[Al]O[Al]=O.O=[Si]=O.O=[Si]=O.O=[Si]=O,,176.8,10.4028_www.scientific.net_amr.739.38_part_1.txt_∂Œ1_Material1
O=C([*])C(C)O[*],O=C(O[Na])COCC(OC(C(C1O)O)[*])C1OC(C(C(C2O[*])O)O)OC2COCC(O[Na])=O,,,,154,10.4028_www.scientific.net_amr.747.157_part_1.txt_∂Œ1_Material1
O=C([*])C(C)O[*],OCC1OC(OC2C(O)C(O)C(O[*])OC2CO)C(O)C(O)C1[*],OCC1OC(C(C(C1[*])O)O)OC2C(C(C(OC2CO)O[*])O)O,OCC1OC(C(C(C1[*])O)O)OC2C(C(C(OC2CO)O[*])O)O,,180,10.4028_www.scientific.net_amr.747.698_part_1.txt_∂Œ1_Material1
O=C([*])C(C)O[*],O=[Mg].O=[Si]=O.O=[Si]=O.O=[Si]=O.O=[Si]=O.O=[Mg].O=[Mg].O,O=C([*])C(C)O[*],C=C(C(OCC1CO1)=O)C,,181.3,10.1002_adv.21875_part_2.txt_∂Œ1_Material1
O=C([*])C(C)O[*],O=C=NC(C=C1)=CC=C1CC2=CC=C(C=C2)N=C=O,,,,140,10.1002_app.32949_part_1.txt_∂Œ1_Material1
O=C([*])C(C)O[*],[*]CC(C1=CC=CC=C1)[*],OCC1OC(C(C(C1[*])O)O)OC2C(C(C(OC2CO)O[*])O)O,,,131.2,10.1002_app.49668_part_1.txt_∂Œ1_Material1
O=C([*])C(C)O[*],[*]CC[*],O=C=NC(C=C1)=CC=C1CC2=CC=C(C=C2)N=C=O,,,151,10.1002_j.1941-9635.2017.tb01658.x_part_1.txt_∂Œ1_Material1
O=C([*])C(C)O[*],[*]C1=CC=C([*])N1,,,,150,10.1002_mame.202000584_part_1.txt_∂Œ1_Material1
O=C([*])C(C)O[*],[*]C([C@H](C)OC([C@H](C)O[*])=O)=O,[*]O[C@@]([H])(C)C(O[C@](C)([H])C([*])=O)=O,,,175,10.1002_marc.201900492_part_1.txt_∂Œ1_Material1
O=C([*])C(C)O[*],[*]C(C)C[*],C=C([CH3])C(=O)OC([CH3])[CH3],,,190,10.1002_pat.1954_part_1.txt_∂Œ1_Material1
O=C([*])C(C)O[*],[*]C(C(OC(CO[*])=O)C)=O,[*]OC1C(C(O)=O)OC(OC2C(NC(C)=O)C([*])OC(CO)C2O)C(O)C1O,[H]O[H],,180,10.1002_pat.5510_part_1.txt_∂Œ1_Material1
O=C([*])C(C)O[*],[Zn]=O,O=C(OOC(=O)C1=CC=CC=C1)C1=CC=CC=C1,,,150,10.1002_pc.23226_part_1.txt_∂Œ1_Material1
O=C([*])C(C)O[*],OCC1OC(C(C(C1[*])O)O)OC2C(C(C(OC2CO)O[*])O)O,[*]OC1C(C(O)=O)OC(OC2C(NC(C)=O)C([*])OC(CO)C2O)C(O)C1O,,,150,10.1002_pc.23554_part_1.txt_∂Œ1_Material1
O=C([*])C(C)O[*],[*]OCC[*],C=C(C(OCC1CO1)=O)C,CC1=CC(C)=C(C(C)=C1)C(P(C2=CC=CC=C2)(C3=CC=CC=C3)=O)=O,,170,10.1002_pc.24172_part_1.txt_∂Œ1_Material1
O=C([*])C(C)O[*],[H][Si]([H])([H])[H],OCC1OC(C(C(C1[*])O)O)OC2C(C(C(OC2CO)O[*])O)O,OCC1OC(C(C(C1[*])O)O)OC2C(C(C(OC2CO)O[*])O)O,,173,10.1002_pc.24747_part_2.txt_∂Œ1_Material1
O=C([*])C(C)O[*],[*]OC1C(C(O)=O)OC(OC2C(NC(C)=O)C([*])OC(CO)C2O)C(O)C1O,[O-][Si]([O-])([O-])O[Si]([O-])([O-])[O-].[Ca+2],,,170,10.1002_pc.25683_part_3.txt_∂Œ1_Material1
O=C([*])C(C)O[*],[*]C(C)C[*],OCC1OC(C(C(C1[*])O)O)OC2C(C(C(OC2CO)O[*])O)O,,,123.8,10.1002_pc.25835_part_3.txt_∂Œ1_Material1
O=C([*])C(C)O[*],O=[Al]O[Al]=O,,,,151.85,10.1002_vnl.21837_part_1.txt_∂Œ1_Material2
O=C([*])C(C)O[*],OCC1OC(C(C(C1O[*])O)O)[*],,,,153.77,10.1007_s10853-011-5605-6_part_1.txt_∂Œ1_Material1
O=C([*])C(C)O[*],[H][O-],C/C(C[*])=C/C[*],[H][Si]([H])([H])[H],,147.1,10.1007_s10924-011-0361-x_part_3.txt_∂Œ1_Material1
O=C([*])C(C)O[*],O=[Ti]=O,[*]CC[*],,,155,10.1007_s10924-019-01618-5_part_3.txt_∂Œ1_Material1
O=C([*])C(C)O[*],[*]C1C(C(C(OC1C(O[Na])=O)OC2C(C(O[Na])=O)OC(O[*])C(O)C2O)O)O,CC(NC(C([*])C)=O)C(NC(C)C(NC(C)C(N[*])=O)=O)=O,,,157.39,10.1007_s10973-019-09058-y_part_1.txt_∂Œ1_Material1
O=C([*])C(C)O[*],[*]CCCC([*])OC(C)=O,[*]CC(CC[*])O,OCC1OC(C(C(C1[*])O)O)OC2C(C(C(OC2CO)O[*])O)O,,167.24,10.1007_s12649-019-00738-2_part_2.txt_∂Œ1_Material1
O=C([*])C(C)O[*],COC(C(C[*])([*])C)=O,OCC1OC(C(C(C1[*])O)O)OC2C(C(C(OC2CO)O[*])O)O,,,147.6,10.1016_j.carbpol.2019.02.074_part_1.txt_∂Œ1_Material1
O=C([*])C(C)O[*],OCC1OC(C(C(C1[*])O)O)OC2C(C(C(OC2CO)O[*])O)O,[*]C1C(C(C(OC1C(O[Na])=O)OC2C(C(O[Na])=O)OC(O[*])C(O)C2O)O)O,,,166,10.1016_j.cej.2019.123470_part_6.txt_∂Œ1_Material1
O=C([*])C(C)O[*],[*]OC1OC(CO)C(OC2C(O)C(O)C([*])C(CO)O2)C(O)C1O,[*]OC1C(O)C(O)C(OC2C(CO)OC([*])C(O)C2O)OC1CO,,,145,10.1016_j.compstruct.2015.06.066_part_2.txt_∂Œ1_Material2
O=C([*])C(C)O[*],O=P([O-])([O-])[O-].[Ca+2].[Ca+2].[OH-],C[Si](O[*])(C)[*],[*]C(C)C[*],,170.9,10.1016_j.compstruct.2021.114267_part_1.txt_∂Œ1_Material1
O=C([*])C(C)O[*],[*]C(CCCCCO[*])=O,[*]OCC[*],[O-][Si]([O-])([O-])O[Si]([O-])([O-])[O-].[Ca+2],,170,10.1016_j.ensm.2019.05.026_part_6.txt_∂Œ1_Material1
O=C([*])C(C)O[*],OCC(O)CO,C=C(C(OCC1CO1)=O)C,O=C(OOC(=O)C1=CC=CC=C1)C1=CC=CC=C1,,148.7,10.1016_j.indcrop.2019.111748_part_2.txt_∂Œ1_Material1
O=C([*])C(C)O[*],C=C(C(OCC1CO1)=O)C,[*]OCC[*],OCC(O)CO,,170,10.1016_j.matdes.2011.08.046_part_1.txt_∂Œ1_Material1
O=C([*])C(C)O[*],[Ag],[*]C(C)C[*],,,160,10.1016_j.memsci.2012.02.060_part_1.txt_∂Œ1_Material1
O=C([*])C(C)O[*],[Al],[*]C(F)(C(F)([*])F)F,,,170,10.1016_j.polymdegradstab.2013.05.013_part_1.txt_∂Œ1_Material1
O=C([*])C(C)O[*],O=C(C1=CC=C(C=C1)C(OCC[*])=O)O[*],C=C(C(OCC1CO1)=O)C,,,150,10.1016_j.polymdegradstab.2021.109619_part_1.txt_∂Œ1_Material1
O=C([*])C(C)O[*],OCC1OC(OC2C(O)C(O)C(O[*])OC2CO)C(O)C(O)C1[*],O=[Mg].O=[Si]=O.O=[Si]=O.O=[Si]=O.O=[Si]=O.O=[Mg].O=[Mg].O,OCC1OC(C(C(C1[*])O)O)OC2C(C(C(OC2CO)O[*])O)O,[*]O[C@@]([H])(C)C(O[C@](C)([H])C([*])=O)=O,157.7,10.1016_j.polymer.2020.123280_part_3.txt_∂Œ1_Material1
O=C([*])C(C)O[*],O=C([*])C1=CC=C2C=C(C=CC2=C1)OC(C3=CC=C(C=C3)O[*])=O,OCC(C(C(C1N)O)O[*])OC1OC2C(OC(C(C2O)N)[*])CO,,,145,10.1021_acs.iecr.5b03473_part_1.txt_∂Œ1_Material1
O=C([*])C(C)O[*],[*]C(C)C[*],OCC(C(C(C1N)O)O[*])OC1OC2C(OC(C(C2O)N)[*])CO,[*]CC(C#N)[*],,155,10.1021_acssuschemeng.9b01016_part_1.txt_∂Œ1_Material1
O=C([*])C(C)O[*],[*]CC[*],[*]CC[*],,,168,10.1021_sc500767w_part_1.txt_∂Œ1_Material1
O=C([*])C(C)O[*],[*]C(C(OC(CO[*])=O)C)=O,,,,148.52,10.1080_00914037.2017.1297945_part_3.txt_∂Œ1_Material1
O=C([*])C(C)O[*],OCC(O)CO,OCC1OC(C(C(C1[*])O)O)OC2C(C(C(OC2CO)O[*])O)O,[*]CC[*],,157.4,10.1177_0021998315616274_part_1.txt_∂Œ1_Material1
O=C([*])C(C)O[*],[*]OCC[*],C/C(C[*])=C/C[*],C/C(C[*])=C/C[*],,151,10.1177_0095244318758156_part_2.txt_∂Œ1_Material1
O=C([*])C(C)O[*],[H][Si]([H])([H])[H],[*]OC1C(C(O)=O)OC(OC2C(NC(C)=O)C([*])OC(CO)C2O)C(O)C1O,,,152,10.1177_0892705711417029_part_1.txt_∂Œ1_Material1
O=C([*])C(C)O[*],[*]CC(C1=CC=CC=C1)[*],[*]OC1C(C(O)=O)OC(OC2C(NC(C)=O)C([*])OC(CO)C2O)C(O)C1O,,,150,10.1177_0892705711417029_part_2.txt_∂Œ1_Material1
O=C([*])C(C)O[*],[*]CCC1C([*])C2CCC1C2,OCC1OC(C(C(C1[*])O)O)OC2C(C(C(OC2CO)O[*])O)O,[*]CC[*],,151,10.1177_0892705718811895_part_2.txt_∂Œ1_Material1
O=C([*])C(C)O[*],[O-][Si]([O-])([O-])O[Si]([O-])([O-])[O-].[Ca+2],OCC(O)CO,O=[Ti]=O,,170,10.1177_0954406214552683_part_3.txt_∂Œ1_Material1
O=C([*])C(C)O[*],O=[Al]O[Al]=O.O=[Si]=O.O=[Si]=O.O=[Si]=O,OCC1OC(OC2C(O)C(O)C(O[*])OC2CO)C(O)C(O)C1[*],,,158.3,10.1177_096739111602400910_part_1.txt_∂Œ1_Material1
O=C([*])C(C)O[*],[*]OC1C(C(O)=O)OC(OC2C(NC(C)=O)C([*])OC(CO)C2O)C(O)C1O,[*]C1C(C(C(OC1C(O[Na])=O)OC2C(C(O[Na])=O)OC(O[*])C(O)C2O)O)O,,,171.6,10.1186_s43088-020-00057-9_part_3.txt_∂Œ1_Material1
O=C([*])C(C)O[*],OCC1OC(C(C(C1O[*])O)O)[*],[*]NC(C(N1CCCC1C(NCC(N2CC(CC2C(NC(C(NCC([*])=O)=O)CO)=O)O)=O)=O)=O)CCCCN,,,169,10.1557_mrc.2018.193_part_1.txt_∂Œ1_Material1
O=C([*])C(C)O[*],C(CC=O)CC=O,,,,175,10.3390_catal11020167_part_3.txt_∂Œ1_Material1
O=C([*])C(C)O[*],COC1=CC(/C=C/C=O)=CC(OC2=CC(C(C(OC3=CC=C(C=C3OC)C(C(CO)=O)O)CO)O)=CC=C2OC4=CC(C(C(COC5=CC=C(C=C5)C(C(CO)=O)O)=O)O)=CC=C4O)=C1,OCC(C(C(C1N)O)O[*])OC1OC2C(OC(C(C2O)N)[*])CO,OCC(C(C(C1N)O)O[*])OC1OC2C(OC(C(C2O)N)[*])CO,,150,10.3390_molecules26010126_part_3.txt_∂Œ1_Material1
O=C([*])C(C)O[*],O=C(C(C[*])[*])N,[H][O-],,,168.09,10.3390_polym10040403_part_2.txt_∂Œ1_Material1
O=C([*])C(C)O[*],OCC1OC(C(C(C1[*])O)O)OC2C(C(C(OC2CO)O[*])O)O,OCC1OC(OC2C(O)C(O)C(O[*])OC2CO)C(O)C(O)C1[*],OCC1OC(C(C(C1[*])O)O)OC2C(C(C(OC2CO)O[*])O)O,,170,10.3390_polym11071146_part_2.txt_∂Œ1_Material1
O=C([*])C(C)O[*],OCC1OC(C(C(C1[*])O)O)OC2C(C(C(OC2CO)O[*])O)O,[*]CC(C1=CC=CC=C1)[*],,,149.8,10.3390_polym12040812_part_2.txt_∂Œ1_Material3
O=C([*])C(C)O[*],N#CC(C1=CC=CC=N1)C1=CC=CC=C1,C/C(C[*])=C/C[*],,,148.8,10.3390_polym13071101_part_1.txt_∂Œ1_Material1
O=C([*])C(C)O[*],OCC1OC(C(C(C1O[*])O)O)[*],OCC1OC(C(C(C1[*])O)O)OC2C(C(C(OC2CO)O[*])O)O,,,149.1,10.3390_polym13081288_part_2.txt_∂Œ1_Material1
O=C([*])C(C)O[*],[*]OCC[*],[*]CCCC([*])C(OC)=O,,,150,10.3390_polym13081326_part_7.txt_∂Œ1_Material1
O=C([*])C(C)O[*],CCOC(=O)C(O)(CC(=O)OCC)CC(=O)OCC,OCC(C(C(C1N)O)O[*])OC1OC2C(OC(C(C2O)N)[*])CO,,,147.7,10.3390_polym9090406_part_3.txt_∂Œ1_Material3
O=C([*])C(C)O[*],[*]NC(C(N1CCCC1C(NCC(N2CC(CC2C(NC(C(NCC([*])=O)=O)CO)=O)O)=O)=O)=O)CCCCN,OCC1OC(C(C(C1[*])O)O)OC2C(C(C(OC2CO)O[*])O)O,,,150.67,10.4028_www.scientific.net_amm.873.95_part_1.txt_∂Œ1_Material1
O=C([*])C(C)O[*],[O-][Si]([O-])([O-])O[Si]([O-])([O-])[O-].[Ca+2],CC(NC(C([*])C)=O)C(NC(C)C(NC(C)C(N[*])=O)=O)=O,,,175,10.4028_www.scientific.net_kem.821.506_part_1.txt_∂Œ1_Material2
O=C([*])C(C)O[*],OCC1OC(C(C(C1[*])O)O)OC2C(C(C(OC2CO)O[*])O)O,CC(NC(C([*])C)=O)C(NC(C)C(NC(C)C(N[*])=O)=O)=O,,,180,10.4028_www.scientific.net_kem.821.506_part_1.txt_∂Œ1_Material3
O=C([*])C(C)O[*],[*]CCCC([*])OC(C)=O,OCC(O)CO,,,165,10.1002_app.35271_part_1.txt_∂Œ1_Material1
O=C([*])C(C)O[*],[*]C1C(C(C(OC1C(O[Na])=O)OC2C(C(O[Na])=O)OC(O[*])C(O)C2O)O)O,[O-][Si]([O-])([O-])O[Si]([O-])([O-])[O-].[Ca+2],,,160,10.1002_app.49752_part_1.txt_∂Œ1_Material1
O=C([*])C(C)O[*],[*]CCCC([*])C(OC)=O,[*]CC[*],,,190,10.1002_pc.22236_part_1.txt_∂Œ1_Material1
O=C([*])C(C)O[*],[*]C1C(C(C(OC1C(O[Na])=O)OC2C(C(O[Na])=O)OC(O[*])C(O)C2O)O)O,OCC1OC(C(C(C1[*])O)O)OC2C(C(C(OC2CO)O[*])O)O,OC1=C2C(C3(O)C4C5C6=C7C8C(C9=CC(C(O)=O)=C(C=C(C=C%10C(O)=O)C%11%12)C(C%11=C%13C%14C%15%16C%17(O%16)C%18C%19=C%20C%21=C%22C(C(O)=C%23)=C%24C%25C%21=C%26C%19=C%27C%17=C%28C%14(O)C%12=C%10C=C%28CC%27=CC%26=CC%25=C(C(O)=O)C=C%24)C9=C7C%13(O)C5=C%15C3=C%18C%29%30C%20(O%30)C%31C%22C%23=C%32)=CC(C(O)=O)=CC8=CC6=C(C(O)=O)C4=C2)=C%29C%33=C%31C%32=C(C(O)=O)C=C%331,,167,10.1002_pc.22236_part_2.txt_∂Œ1_Material1
O=C([*])C(C)O[*],O=P([O-])([O-])[O-].[Ca+2].[Ca+2].[OH-],[O-][Si]([O-])([O-])O[Si]([O-])([O-])[O-].[Ca+2],,,160,10.1002_pc.25807_part_1.txt_∂Œ1_Material1
O=C([*])C(C)O[*],[*]C(C)C[*],[*]C(NC1=C(C)C(NC(OCCO[*])=O)=CC=C1)=O,,,175,10.1002_pi.6053_part_3.txt_∂Œ1_Material1
O=C([*])C(C)O[*],[*]OCC[*],OCC(O)CO,O=[Ti]=O,C=C(C(OCC1CO1)=O)C,170,10.1016_j.addma.2018.07.009_part_8.txt_∂Œ1_Material1
O=C([*])C(C)O[*],C12=C3C(C=CC4C3=C5C(CC6=CC7=C8C9=C(C(C=C%10)=CC=C9C=C7)C%11=C%10C%12)=CC4)=CC=C1C=C%12C%13=C%11C8=C6C5=C2%13,OCC1OC(C(C(C1[*])O)O)OC2C(C(C(OC2CO)O[*])O)O,,,175,10.1016_j.addma.2018.07.009_part_8.txt_∂Œ1_Material2
O=C([*])C(C)O[*],OCC1OC(C(C(C1[*])O)O)OC2C(C(C(OC2CO)O[*])O)O,OCC1OC(C(C(C1O[*])O)O)[*],,,154.6,10.1016_j.compositesb.2018.11.139_part_1.txt_∂Œ1_Material1
O=C([*])C(C)O[*],[*]C(CCCCCO[*])=O,[*]C(CCCCC(OCCCCO[*])=O)=O,[O-][Si]([O-])([O-])O[Si]([O-])([O-])[O-].[Ca+2],,170,10.1016_j.ijmecsci.2018.09.057_part_3.txt_∂Œ1_Material1
O=C([*])C(C)O[*],[O-][Si]([O-])([O-])O[Si]([O-])([O-])[O-].[Ca+2],[*]OCC[*],OCC(O)CO,,170,10.1039_c4dt02954b_part_2.txt_∂Œ1_Material1
O=C([*])C(C)O[*],[*]C(CCCCCO[*])=O,[O-][Si]([O-])([O-])O[Si]([O-])([O-])[O-].[Ca+2],,,170,10.1111_ffe.12339_part_2.txt_∂Œ1_Material1
O=C([*])C(C)O[*],OCC1OC(C(C(C1[*])O)O)OC2C(C(C(OC2CO)O[*])O)O,OC1=C2C(C3(O)C4C5C6=C7C8C(C9=CC(C(O)=O)=C(C=C(C=C%10C(O)=O)C%11%12)C(C%11=C%13C%14C%15%16C%17(O%16)C%18C%19=C%20C%21=C%22C(C(O)=C%23)=C%24C%25C%21=C%26C%19=C%27C%17=C%28C%14(O)C%12=C%10C=C%28CC%27=CC%26=CC%25=C(C(O)=O)C=C%24)C9=C7C%13(O)C5=C%15C3=C%18C%29%30C%20(O%30)C%31C%22C%23=C%32)=CC(C(O)=O)=CC8=CC6=C(C(O)=O)C4=C2)=C%29C%33=C%31C%32=C(C(O)=O)C=C%331,,,160,10.1177_1528083721993943_part_4.txt_∂Œ1_Material3
O=C([*])C(C)O[*],O=[Mg].O=[Si]=O.O=[Si]=O.O=[Si]=O.O=[Si]=O.O=[Mg].O=[Mg].O,CC1=CC(O)=C(C=C1CCCC(C2=C(C=C(C(C(C)(C)C)=C2)O)C)C3=CC(C(C)(C)C)=C(C=C3C)O)C(C)(C)C,,,165,10.1177_1528083721993943_part_4.txt_∂Œ1_Material4
O=C([*])C(C)O[*],OCC(O)CO,O=[Mg].O=[Si]=O.O=[Si]=O.O=[Si]=O.O=[Si]=O.O=[Mg].O=[Mg].O,O=[Ti]=O,[O-][Si]([O-])([O-])O[Si]([O-])([O-])[O-].[Ca+2],170,10.1002_adma.201603612_part_5.txt_∂Œ1_Material1
O=C([*])C(C)O[*],O=C(C1=CC=C(C=C1)C(OCC[*])=O)O[*],[*]C(C=C1)=CC=C1S[*],[*]NCCCCCCCCCCCC([*])=O,,180,10.1016_j.compositesa.2019.105642_part_1.txt_∂Œ1_Material1
O=C([*])C(C)O[*],[*]C(CCCCCO[*])=O,[*]OCC[*],[O-][Si]([O-])([O-])O[Si]([O-])([O-])[O-].[Ca+2],O=[Ti]=O,170,10.1016_j.ijmecsci.2018.06.008_part_4.txt_∂Œ1_Material1
O=C([*])C(C)O[*],O=C([*])C(C)O[*],[*]OCC[*],,,160,10.1002_adv.21779_part_1.txt_∂Œ1_Material1
O=C([*])C(C)O[*],[*]NC(C(N1CCCC1C(NCC(N2CC(CC2C(NC(C(NCC([*])=O)=O)CO)=O)O)=O)=O)=O)CCCCN,[H][Si]([H])([H])[H],,,160,10.1002_adv.21823_part_1.txt_∂Œ1_Material1
O=C([*])C(C)O[*],[*]CC(C#N)[*],,,,153,10.1002_app.34276_part_1.txt_∂Œ1_Material1
O=C([*])C(C)O[*],OCC1OC(OC2C(O)C(O)C(O[*])OC2CO)C(O)C(O)C1[*],[*]C1C(C(C(OC1C(O[Na])=O)OC2C(C(O[Na])=O)OC(O[*])C(O)C2O)O)O,,,160,10.1002_app.35039_part_1.txt_∂Œ1_Material3
O=C([*])C(C)O[*],[*]CC(CCCC(CC)CC([*])C1=CC=CC=C1)C2=CC=CC=C2,O=[Al]O[Al]=O.O=[Si]=O.O=[Si]=O.O=[Si]=O,,,165,10.1002_app.35084_part_1.txt_∂Œ1_Material1
O=C([*])C(C)O[*],[*]OCCCCOC(CCC([*])=O)=O,[*]CC(COC1=CC=C(C=C1)C(C)(C)C2=CC=C(C=C2)O[*])O,,,155.2,10.1002_app.36920_part_1.txt_∂Œ1_Material1
O=C([*])C(C)O[*],[*]C(CCCCC(OCCCCO[*])=O)=O,COC(C(C[*])([*])C)=O,,,145,10.1002_app.38968_part_1.txt_∂Œ1_Material1
O=C([*])C(C)O[*],[*]OC1C(C(O)=O)OC(OC2C(NC(C)=O)C([*])OC(CO)C2O)C(O)C1O,[*]CCC(CCCC(CCCC(C[*])C)C)C,,,150,10.1002_app.49646_part_2.txt_∂Œ1_Material4
O=C([*])C(C)O[*],[O-][Si]([O-])([O-])O[Si]([O-])([O-])[O-].[Ca+2],[*]CC(COC1=CC=C(C=C1)C(C)(C)C2=CC=C(C=C2)O[*])O,[O-][Si]([O-])([O-])O[Si]([O-])([O-])[O-].[Ca+2],,155,10.1002_jbm.b.34764_part_1.txt_∂Œ1_Material1
O=C([*])C(C)O[*],[*]C1=C(C=CN2)C2=C([*])C(O)=C1O,[*]OC1C(C(O)=O)OC(OC2C(NC(C)=O)C([*])OC(CO)C2O)C(O)C1O,,,131,10.1002_pat.4652_part_3.txt_∂Œ1_Material1
O=C([*])C(C)O[*],OCC(C(C(C1N)O)O[*])OC1OC2C(OC(C(C2O)N)[*])CO,OCC1OC(C(C(C1[*])O)O)OC2C(C(C(OC2CO)O[*])O)O,,,170,10.1002_pat.5355_part_2.txt_∂Œ1_Material1
O=C([*])C(C)O[*],[*]OCC[*],CC(NC(C([*])C)=O)C(NC(C)C(NC(C)C(N[*])=O)=O)=O,,,170,10.1002_pc.23674_part_1.txt_∂Œ1_Material1
O=C([*])C(C)O[*],[*]CC(C1=CC=CC=C1)[*],OCC(O)CO,OCC1OC(C(C(C1[*])O)O)OC2C(C(C(OC2CO)O[*])O)O,,149,10.1002_pen.21896_part_1.txt_∂Œ1_Material1
O=C([*])C(C)O[*],[*]OCC[*],[Na+].[Cl-],,,170,10.1002_pen.24073_part_1.txt_∂Œ1_Material1
O=C([*])C(C)O[*],[*]OCC[*],[*]CCC(CCCC(CCCC(C[*])C)C)C,,,170,10.1002_pen.24350_part_1.txt_∂Œ1_Material1
O=C([*])C(C)O[*],OC1=C2C(C3(O)C4C5C6=C7C8C(C9=CC(C(O)=O)=C(C=C(C=C%10C(O)=O)C%11%12)C(C%11=C%13C%14C%15%16C%17(O%16)C%18C%19=C%20C%21=C%22C(C(O)=C%23)=C%24C%25C%21=C%26C%19=C%27C%17=C%28C%14(O)C%12=C%10C=C%28CC%27=CC%26=CC%25=C(C(O)=O)C=C%24)C9=C7C%13(O)C5=C%15C3=C%18C%29%30C%20(O%30)C%31C%22C%23=C%32)=CC(C(O)=O)=CC8=CC6=C(C(O)=O)C4=C2)=C%29C%33=C%31C%32=C(C(O)=O)C=C%331,O=C([*])C(C)O[*],,,150.1,10.1002_pi.4290_part_2.txt_∂Œ1_Material1
O=C([*])C(C)O[*],[Ca+2],,,,173,10.1002_term.2990_part_2.txt_∂Œ1_Material3
O=C([*])C(C)O[*],OCC1OC(C(C(C1[*])O)O)OC2C(C(C(OC2CO)O[*])O)O,[Ca+2],,,173,10.1002_term.2990_part_2.txt_∂Œ1_Material4
O=C([*])C(C)O[*],OCC(C(C(C1N)O)O[*])OC1OC2C(OC(C(C2O)N)[*])CO,[*]OC1C(C(O)=O)OC(OC2C(NC(C)=O)C([*])OC(CO)C2O)C(O)C1O,,,169.6,10.1002_vnl.21816_part_2.txt_∂Œ1_Material1
O=C([*])C(C)O[*],O=C=NC(C=C1)=CC=C1CC2=CC=C(C=C2)N=C=O,OCC1OC(C(C(C1[*])O)O)OC2C(C(C(OC2CO)O[*])O)O,,,130,10.1007_s00107-024-02153-4_OA_part_3.txt_∂Œ1_Material1
O=C([*])C(C)O[*],[*]CC[*],C/C(C[*])=C/C[*],,,171,10.1007_s00289-016-1889-7_part_3.txt_∂Œ1_Material3
O=C([*])C(C)O[*],[*]CC(C1=CC=CC=C1)[*],C1OC1C[N+]([CH3])([CH3])[CH3].[Cl-],,,178,10.1007_s00289-017-1992-4_part_3.txt_∂Œ1_Material1
O=C([*])C(C)O[*],[Ag],OCC(O)CO,,,170,10.1007_s00289-017-1992-4_part_4.txt_∂Œ1_Material1
O=C([*])C(C)O[*],[*]CC(COC1=CC=C(C=C1)C(C)(C)C2=CC=C(C=C2)O[*])O,,,,170,10.1007_s10853-016-9838-2_part_2.txt_∂Œ1_Material1
O=C([*])C(C)O[*],N#CC(C1=CC=CC=N1)C1=CC=CC=C1,[*]CCC(CCCC(CCCC(C[*])C)C)C,[*]CCC(CCCC(CCCC(C[*])C)C)C,,150,10.1007_s10853-016-9838-2_part_3.txt_∂Œ1_Material1
O=C([*])C(C)O[*],[*]C1C(C(C(OC1C(O[Na])=O)OC2C(C(O[Na])=O)OC(O[*])C(O)C2O)O)O,O=P([O-])([O-])[O-].[Ca+2].[Ca+2].[OH-],,,110.97,10.1007_s10853-019-03537-1_part_1.txt_∂Œ1_Material1
O=C([*])C(C)O[*],O=P([O-])([O-])[O-].[Ca+2].[Ca+2].[OH-],[*]OC1C(C(O)=O)OC(OC2C(NC(C)=O)C([*])OC(CO)C2O)C(O)C1O,,,175.76,10.1007_s10856-010-4110-9_part_1.txt_∂Œ1_Material1
O=C([*])C(C)O[*],[O-][Si]([O-])([O-])O[Si]([O-])([O-])[O-].[Ca+2],[*]CC(C1=CC=CC=C1)[*],,,175,10.1007_s10856-020-06394-6_part_1.txt_∂Œ1_Material1
O=C([*])C(C)O[*],[*]C([H])([H])C(O)([H])[*],C/C(C[*])=C/C[*],,,144.5,10.1007_s10924-012-0531-5_part_2.txt_∂Œ1_Material1
O=C([*])C(C)O[*],[H][O-],NCCC[Si](OCC)(OCC)OCC,,,170,10.1007_s10924-013-0594-y_part_1.txt_∂Œ1_Material1
O=C([*])C(C)O[*],O=C([*])C(C)O[*],C=C(C(OCC1CO1)=O)C,OC1=C2C(C3(O)C4C5C6=C7C8C(C9=CC(C(O)=O)=C(C=C(C=C%10C(O)=O)C%11%12)C(C%11=C%13C%14C%15%16C%17(O%16)C%18C%19=C%20C%21=C%22C(C(O)=C%23)=C%24C%25C%21=C%26C%19=C%27C%17=C%28C%14(O)C%12=C%10C=C%28CC%27=CC%26=CC%25=C(C(O)=O)C=C%24)C9=C7C%13(O)C5=C%15C3=C%18C%29%30C%20(O%30)C%31C%22C%23=C%32)=CC(C(O)=O)=CC8=CC6=C(C(O)=O)C4=C2)=C%29C%33=C%31C%32=C(C(O)=O)C=C%331,,155,10.1007_s10924-020-01936-z_part_1.txt_∂Œ1_Material1
O=C([*])C(C)O[*],[*]NC(C(N1CCCC1C(NCC(N2CC(CC2C(NC(C(NCC([*])=O)=O)CO)=O)O)=O)=O)=O)CCCCN,O=C([*])C(C)O[*],,,160,10.1007_s10924-020-01936-z_part_2.txt_∂Œ1_Material1
O=C([*])C(C)O[*],[*]OCCCCOC(CCC([*])=O)=O,[*]C/C=C(C[*])\Cl,,,140,10.1007_s10924-021-02055-z_part_1.txt_∂Œ1_Material2
O=C([*])C(C)O[*],C/C(C[*])=C/C[*],O=[Si]=O,,,150.6,10.1007_s10924-021-02063-z_part_2.txt_∂Œ1_Material3
O=C([*])C(C)O[*],[*]C(C)C[*],OCC(O)CO,,,131.5,10.1007_s10924-023-02949-0_OA_part_2.txt_∂Œ1_Material1
O=C([*])C(C)O[*],O=[Mg].O=[Si]=O.O=[Si]=O.O=[Si]=O.O=[Si]=O.O=[Mg].O=[Mg].O,[*]OCC[*],,,162,10.1007_s10973-014-4037-3_part_1.txt_∂Œ1_Material1
O=C([*])C(C)O[*],O=C([*])C(C)O[*],[*]CCC(CCCC(CCCC(C[*])C)C)C,,,148.12,10.1007_s10973-014-4084-9_part_1.txt_∂Œ1_Material1
O=C([*])C(C)O[*],OC1=C2C(C3(O)C4C5C6=C7C8C(C9=CC(C(O)=O)=C(C=C(C=C%10C(O)=O)C%11%12)C(C%11=C%13C%14C%15%16C%17(O%16)C%18C%19=C%20C%21=C%22C(C(O)=C%23)=C%24C%25C%21=C%26C%19=C%27C%17=C%28C%14(O)C%12=C%10C=C%28CC%27=CC%26=CC%25=C(C(O)=O)C=C%24)C9=C7C%13(O)C5=C%15C3=C%18C%29%30C%20(O%30)C%31C%22C%23=C%32)=CC(C(O)=O)=CC8=CC6=C(C(O)=O)C4=C2)=C%29C%33=C%31C%32=C(C(O)=O)C=C%331,OC1=C2C(C3(O)C4C5C6=C7C8C(C9=CC(C(O)=O)=C(C=C(C=C%10C(O)=O)C%11%12)C(C%11=C%13C%14C%15%16C%17(O%16)C%18C%19=C%20C%21=C%22C(C(O)=C%23)=C%24C%25C%21=C%26C%19=C%27C%17=C%28C%14(O)C%12=C%10C=C%28CC%27=CC%26=CC%25=C(C(O)=O)C=C%24)C9=C7C%13(O)C5=C%15C3=C%18C%29%30C%20(O%30)C%31C%22C%23=C%32)=CC(C(O)=O)=CC8=CC6=C(C(O)=O)C4=C2)=C%29C%33=C%31C%32=C(C(O)=O)C=C%331,,,148.8,10.1007_s11814-015-0142-7_part_1.txt_∂Œ1_Material1
O=C([*])C(C)O[*],C/C(C[*])=C/C[*],COC(C(C[*])([*])C)=O,,,155.5,10.1007_s13233-014-2102-1_part_2.txt_∂Œ1_Material1
O=C([*])C(C)O[*],OCC1OC(C(C(C1[*])O)O)OC2C(C(C(OC2CO)O[*])O)O,[*]CC(CCCC(CC)CC([*])C1=CC=CC=C1)C2=CC=CC=C2,,,169.7,10.1007_s13726-019-00733-3_part_2.txt_∂Œ1_Material1
O=C([*])C(C)O[*],OCC1OC(C(C(C1[*])O)O)OC2C(C(C(OC2CO)O[*])O)O,OCC1OC(C(C(C1[*])O)O)OC2C(C(C(OC2CO)O[*])O)O,OCC1OC(C(C(C1[*])O)O)OC2C(C(C(OC2CO)O[*])O)O,,150,10.1007_s40964-022-00356-w_OA_part_2.txt_∂Œ1_Material1
O=C([*])C(C)O[*],[*]NCC(NC(C(ONCC(NC(C(NCC(NC(C([*])=O)C)=O)=O)C)=O)=O)CO)=O,[*]CCC(CCCC(CCCC(C[*])C)C)C,CC(NC(C([*])C)=O)C(NC(C)C(NC(C)C(N[*])=O)=O)=O,,157.7,10.1007_s41783-017-0022-1_part_1.txt_∂Œ1_Material1
O=C([*])C(C)O[*],[*]NCC(NC(C(ONCC(NC(C(NCC(NC(C([*])=O)C)=O)=O)C)=O)=O)CO)=O,[*]CCC(CCCC(CCCC(C[*])C)C)C,,,150.3,10.1007_s41783-017-0022-1_part_2.txt_∂Œ1_Material3
O=C([*])C(C)O[*],[*]CCC(CCCC(CCCC(C[*])C)C)C,CC(NC(C([*])C)=O)C(NC(C)C(NC(C)C(N[*])=O)=O)=O,,,152.3,10.1007_s41783-017-0023-0_part_1.txt_∂Œ1_Material1
O=C([*])C(C)O[*],[Fe]12O[Fe]O[Fe](O2)O1,[*]C(CCCCCO[*])=O,,,165.75,10.1007_s42114-023-00687-4_OA_part_2.txt_∂Œ1_Material1
O=C([*])C(C)O[*],[Ag],OCC1OC(C(C(C1[*])O)O)OC2C(C(C(OC2CO)O[*])O)O,,,160,10.1016_j.carbpol.2013.11.052_part_1.txt_∂Œ1_Material1
O=C([*])C(C)O[*],[*]CCCC([*])OC(C)=O,C12=CC3=CC4=CC=CN=C4N=C3N=C1N=C5N=C6N=CC=CC6=CC5=C2,,,143.8,10.1016_j.carbpol.2015.10.094_part_5.txt_∂Œ1_Material1
O=C([*])C(C)O[*],OCC1OC(C(C(C1[*])O)O)OC2C(C(C(OC2CO)O[*])O)O,[*]C(CCCCC(OCCCCO[*])=O)=O,,,165,10.1016_j.cej.2021.130558_part_2.txt_∂Œ1_Material1
O=C([*])C(C)O[*],[*]C(C)C[*],O=[Al]O[Al]=O.O=[Si]=O.O=[Si]=O.O=[Si]=O,,,152,10.1016_j.compositesa.2014.12.005_part_2.txt_∂Œ1_Material1
O=C([*])C(C)O[*],OCC(O)CO,[*]OCC[*],,,170,10.1016_j.compositesb.2015.12.016_part_5.txt_∂Œ1_Material1
O=C([*])C(C)O[*],[*]OCC[*],[*]C(C)C[*],,,174.1,10.1016_j.compscitech.2018.11.015_part_2.txt_∂Œ1_Material1
O=C([*])C(C)O[*],O=[Ti]=O,[*]OCC[*],OCC(O)CO,C=C(C(OCC1CO1)=O)C,170,10.1016_j.compstruct.2013.05.026_part_2.txt_∂Œ1_Material1
O=C([*])C(C)O[*],[*]C([H])([H])C(O)([H])[*],O=C([*])C(C)O[*],,,150,10.1016_j.desal.2014.01.019_part_1.txt_∂Œ1_Material1
O=C([*])C(C)O[*],[*]C(CCCCC(OCCCCO[*])=O)=O,[*]OCCCCOC(CCC([*])=O)=O,,,151.3,10.1016_j.egypro.2013.06.786_part_1.txt_∂Œ1_Material1
O=C([*])C(C)O[*],[*]OC1C(C(O)=O)OC(OC2C(NC(C)=O)C([*])OC(CO)C2O)C(O)C1O,[H][Si]([H])([H])[H],,,160,10.1016_j.ijbiomac.2017.05.184_part_6.txt_∂Œ1_Material1
O=C([*])C(C)O[*],COC1=CC(/C=C/C=O)=CC(OC2=CC(C(C(OC3=CC=C(C=C3OC)C(C(CO)=O)O)CO)O)=CC=C2OC4=CC(C(C(COC5=CC=C(C=C5)C(C(CO)=O)O)=O)O)=CC=C4O)=C1,C=CCN1C(=O)N(CC=C)C(=O)N(CC=C)C1=O,,,145.1,10.1016_j.ijbiomac.2018.10.057_part_3.txt_∂Œ1_Material1
O=C([*])C(C)O[*],C=CCN1C(=O)N(CC=C)C(=O)N(CC=C)C1=O,,,,165,10.1016_j.ijbiomac.2018.10.057_part_5.txt_∂Œ1_Material1
O=C([*])C(C)O[*],O=[Ti]=O,OC1=C2C(C3(O)C4C5C6=C7C8C(C9=CC(C(O)=O)=C(C=C(C=C%10C(O)=O)C%11%12)C(C%11=C%13C%14C%15%16C%17(O%16)C%18C%19=C%20C%21=C%22C(C(O)=C%23)=C%24C%25C%21=C%26C%19=C%27C%17=C%28C%14(O)C%12=C%10C=C%28CC%27=CC%26=CC%25=C(C(O)=O)C=C%24)C9=C7C%13(O)C5=C%15C3=C%18C%29%30C%20(O%30)C%31C%22C%23=C%32)=CC(C(O)=O)=CC8=CC6=C(C(O)=O)C4=C2)=C%29C%33=C%31C%32=C(C(O)=O)C=C%331,,,166.18,10.1016_j.ijbiomac.2021.02.125_part_2.txt_∂Œ1_Material1
O=C([*])C(C)O[*],[*]C(NC1=C(C)C(NC(OCCO[*])=O)=CC=C1)=O,[*]OCC[*],,,160,10.1016_j.ijbiomac.2021.08.087_part_1.txt_∂Œ1_Material1
O=C([*])C(C)O[*],[*]C1C(C(C(OC1C(O[Na])=O)OC2C(C(O[Na])=O)OC(O[*])C(O)C2O)O)O,[*]NC(C(N1CCCC1C(NCC(N2CC(CC2C(NC(C(NCC([*])=O)=O)CO)=O)O)=O)=O)=O)CCCCN,[H][O-],[H][Si]([H])([H])[H],156.1,10.1016_j.indcrop.2018.03.068_part_1.txt_∂Œ1_Material1
O=C([*])C(C)O[*],[*]NC(C(N1CCCC1C(NCC(N2CC(CC2C(NC(C(NCC([*])=O)=O)CO)=O)O)=O)=O)=O)CCCCN,[H][O-],,,156.1,10.1016_j.indcrop.2018.03.068_part_2.txt_∂Œ1_Material1
O=C([*])C(C)O[*],[*]OCC[*],OCC1OC(C(C(C1[*])O)O)OC2C(C(C(OC2CO)O[*])O)O,OCC1OC(C(C(C1[*])O)O)OC2C(C(C(OC2CO)O[*])O)O,,170,10.1016_j.indcrop.2023.117011_OA_part_2.txt_∂Œ1_Material1
O=C([*])C(C)O[*],OCC(O)CO,[O-][Si]([O-])([O-])O[Si]([O-])([O-])[O-].[Ca+2],,,175,10.1016_j.jmbbm.2014.12.006_part_10.txt_∂Œ1_Material2
O=C([*])C(C)O[*],O=[Si]=O,[*]N1C(C2=CC3=C(C=C2C1=O)C(N(C3=O)C4=CC=C(C=C4)OC5=CC=C(C=C5)[*])=O)=O,OCC1OC(C(C(C1[*])O)O)OC2C(C(C(OC2CO)O[*])O)O,,145,10.1016_j.matchemphys.2020.123411_part_2.txt_∂Œ1_Material1
O=C([*])C(C)O[*],C[N+](CCO)(CCO)[3H],[*]CC(C#N)[*],,,161,10.1016_j.msec.2012.04.047_part_1.txt_∂Œ1_Material1
O=C([*])C(C)O[*],COC(C(C[*])([*])C)=O,C=C(C(OCC1CO1)=O)C,,,163.6,10.1016_j.polymer.2013.01.045_part_1.txt_∂Œ1_Material1
O=C([*])C(C)O[*],[*]CCC(CCCC(CCCC(C[*])C)C)C,[*]CC[*],,,150,10.1016_j.polymer.2018.06.035_part_2.txt_∂Œ1_Material1
O=C([*])C(C)O[*],[*]CC(C1=CC=CC=C1)[*],OC1=C2C(C3(O)C4C5C6=C7C8C(C9=CC(C(O)=O)=C(C=C(C=C%10C(O)=O)C%11%12)C(C%11=C%13C%14C%15%16C%17(O%16)C%18C%19=C%20C%21=C%22C(C(O)=C%23)=C%24C%25C%21=C%26C%19=C%27C%17=C%28C%14(O)C%12=C%10C=C%28CC%27=CC%26=CC%25=C(C(O)=O)C=C%24)C9=C7C%13(O)C5=C%15C3=C%18C%29%30C%20(O%30)C%31C%22C%23=C%32)=CC(C(O)=O)=CC8=CC6=C(C(O)=O)C4=C2)=C%29C%33=C%31C%32=C(C(O)=O)C=C%331,,,168.3,10.1016_j.polymertesting.2019.106008_part_2.txt_∂Œ1_Material1
O=C([*])C(C)O[*],OCC1OC(C(C(C1O[*])O)O)[*],[*]C1C(C(C(OC1C(O[Na])=O)OC2C(C(O[Na])=O)OC(O[*])C(O)C2O)O)O,,,165,10.1016_s1672-6529(14)60074-3_part_1.txt_∂Œ1_Material1
O=C([*])C(C)O[*],[*]OCC[*],O=C([*])OC1=CC=C(C=C1)C(C)(C)C2=CC=C(C=C2)O[*],[*]OCC[*],OCC1OC(C(C(C1[*])O)O)OC2C(C(C(OC2CO)O[*])O)O,146,10.1021_acs.chemmater.8b02062_part_2.txt_∂Œ1_Material1
O=C([*])C(C)O[*],OCC1OC(C(C(C1[*])O)O)OC2C(C(C(OC2CO)O[*])O)O,OCC(C(C(C1N)O)O[*])OC1OC2C(OC(C(C2O)N)[*])CO,,,146,10.1021_acs.chemmater.8b02062_part_2.txt_∂Œ1_Material2
O=C([*])C(C)O[*],O=C([*])C(C)O[*],[H][O-],,,175,10.1021_acs.iecr.0c02400_part_2.txt_∂Œ1_Material1
O=C([*])C(C)O[*],O=C(C1=CC=C(C=C1)C(OCC[*])=O)O[*],O=C=NC(C=C1)=CC=C1CC2=CC=C(C=C2)N=C=O,[*]CC[*],,167.2,10.1021_acs.iecr.8b01597_part_1.txt_∂Œ1_Material1
O=C([*])C(C)O[*],[*]NCC(NC(C(ONCC(NC(C(NCC(NC(C([*])=O)C)=O)=O)C)=O)=O)CO)=O,OCC1OC(C(C(C1O)O[*])O)OC2C(C(C(OC2COS(=O)(O)=O)[*])NC(C)=O)O,,,180,10.1021_acsapm.0c00673_part_1.txt_∂Œ1_Material1
O=C([*])C(C)O[*],OCC1OC(C(C(C1O)O[*])O)OC2C(C(C(OC2COS(=O)(O)=O)[*])NC(C)=O)O,,,,155,10.1021_acsapm.0c00673_part_3.txt_∂Œ1_Material4
O=C([*])C(C)O[*],[*]N1C(C2=CC3=C(C=C2C1=O)C(N(C3=O)C4=CC=C(C=C4)OC5=CC=C(C=C5)[*])=O)=O,[*]C(CCCCCO[*])=O,,,145,10.1021_acsapm.8b00172_part_2.txt_∂Œ1_Material1
O=C([*])C(C)O[*],[*]C(CCCCCO[*])=O,[*]N1C(C2=CC3=C(C=C2C1=O)C(N(C3=O)C4=CC=C(C=C4)OC5=CC=C(C=C5)[*])=O)=O,,,200,10.1021_acsapm.8b00172_part_4.txt_∂Œ1_Material1
O=C([*])C(C)O[*],OCC(C(C(C1N)O)O[*])OC1OC2C(OC(C(C2O)N)[*])CO,[*]C1C(C(C(OC1C(O[Na])=O)OC2C(C(O[Na])=O)OC(O[*])C(O)C2O)O)O,[*]C(C)C[*],,170,10.1021_acssuschemeng.0c00634_part_2.txt_∂Œ1_Material1
O=C([*])C(C)O[*],[*]C(C)C[*],OCC(C(C(C1N)O)O[*])OC1OC2C(OC(C(C2O)N)[*])CO,,,169.8,10.1021_acssuschemeng.0c00634_part_3.txt_∂Œ1_Material1
O=C([*])C(C)O[*],[*]NC(C)C(N1CCCC1C([*])=O)=O,,,,139.3,10.1021_ie3006098_part_1.txt_∂Œ1_Material1
O=C([*])C(C)O[*],C[Si](C)(C[*])O[*],,,,147.5,10.1038_s41428-024-00971-0_OA_part_2.txt_∂Œ1_Material1
O=C([*])C(C)O[*],OCC1OC(C(C(C1[*])O)O)OC2C(C(C(OC2CO)O[*])O)O,OCC1OC(OC2C(O)C(O)C(O[*])OC2CO)C(O)C(O)C1[*],,,160,10.1038_s41598-020-68274-x_part_1.txt_∂Œ1_Material1
O=C([*])C(C)O[*],O=C([*])C(C)O[*],[*]CC(C1=CC=CC=C1)[*],,,150,10.1063_1.4864263_part_1.txt_∂Œ1_Material1
O=C([*])C(C)O[*],OCC1OC(C(C(C1[*])O)O)OC2C(C(C(OC2CO)O[*])O)O,[*]OCC[*],OCC(O)CO,,170,10.1080_00222348.2020.1730600_part_4.txt_∂Œ1_Material1
O=C([*])C(C)O[*],[*]C1C(OC(C(C1O)O)OC2C(OC(C(C2O)O)O[*])CO)CO,OCC(C(C(C1N)O)O[*])OC1OC2C(OC(C(C2O)N)[*])CO,OCC(C(C(C1N)O)O[*])OC1OC2C(OC(C(C2O)N)[*])CO,OCC(O)CO,161.8,10.1080_03602559.2016.1211683_part_3.txt_∂Œ1_Material1
O=C([*])C(C)O[*],OCC1OC(C(C(C1[*])O)O)OC2C(C(C(OC2CO)O[*])O)O,CC1=CC=C(C=C1N=C=O)N=C=O,,,150,10.1080_1023666x.2013.784936_part_1.txt_∂Œ1_Material1
O=C([*])C(C)O[*],C=C([CH3])C(=O)OC([CH3])[CH3],C1OC1C[N+]([CH3])([CH3])[CH3].[Cl-],,,153,10.1080_14658011.2021.1913810_part_2.txt_∂Œ1_Material1
O=C([*])C(C)O[*],[*]C1C(C(C(OC1C(O[Na])=O)OC2C(C(O[Na])=O)OC(O[*])C(O)C2O)O)O,[*]CC[*],,,153,10.1088_1757-899x_223_1_012016_part_2.txt_∂Œ1_Material1
O=C([*])C(C)O[*],[H][O-],[*]NC(C(N1CCCC1C(NCC(N2CC(CC2C(NC(C(NCC([*])=O)=O)CO)=O)O)=O)=O)=O)CCCCN,[*]OCCOC(CC(C([*])=O)C(C1CCCCC1)CC(CC(O)=O)C(OCCO)=O)=O,,160,10.1088_2053-1591_ab748a_part_1.txt_∂Œ1_Material1
O=C([*])C(C)O[*],O=[Mg].O=[Si]=O.O=[Si]=O.O=[Si]=O.O=[Si]=O.O=[Mg].O=[Mg].O,O=P([O-])([O-])[O-].[Ca+2].[Ca+2].[OH-],,,170,10.1155_2014_827028_part_1.txt_∂Œ1_Material1
O=C([*])C(C)O[*],OCC(O)CO,[*]OCC[*],O=[Ti]=O,,150,10.1155_2020_6725029_part_3.txt_∂Œ1_Material1
O=C([*])C(C)O[*],O=[Si]=O,O=[Si]=O,,,122,10.1177_0021998319826377_part_2.txt_∂Œ1_Material1
O=C([*])C(C)O[*],[O-][Si]([O-])([O-])O[Si]([O-])([O-])[O-].[Ca+2],OCC1OC(C(C(C1[*])O)O)OC2C(C(C(OC2CO)O[*])O)O,,,151.8,10.1177_0021998320963533_part_1.txt_∂Œ1_Material1
O=C([*])C(C)O[*],OCC(C(C(C1N)O)O[*])OC1OC2C(OC(C(C2O)N)[*])CO,O=C(C1=CC=C(C=C1)C(OCC[*])=O)O[*],,,166.8,10.1177_0040517520904019_part_1.txt_∂Œ1_Material1
O=C([*])C(C)O[*],C/C(C[*])=C/C[*],C/C(C[*])=C/C[*],C/C(C[*])=C/C[*],,167.9,10.1177_0095244312468442_part_2.txt_∂Œ1_Material1
O=C([*])C(C)O[*],[*]O[C@H](C)CC([*])=O,O=C([*])C(C)O[*],,,150,10.1177_0892705714526912_part_1.txt_∂Œ1_Material1
O=C([*])C(C)O[*],[O-][Si]([O-])([O-])O[Si]([O-])([O-])[O-].[Ca+2],[O-][Si]([O-])([O-])O[Si]([O-])([O-])[O-].[Ca+2],[*]NC(C)C(N1CCCC1C([*])=O)=O,[*]OC1C(C(O)=O)OC(OC2C(NC(C)=O)C([*])OC(CO)C2O)C(O)C1O,130,10.1371_journal.pone.0060728_part_3.txt_∂Œ1_Material1
O=C([*])C(C)O[*],[*]OCC[*],C/C(C[*])=C/C[*],[*]C(CCCCC(OCCCCO[*])=O)=O,,180,10.1515_rams-2023-0140_OA_part_1.txt_∂Œ1_Material1
O=C([*])C(C)O[*],C=C(C(OCC1CO1)=O)C,[*]OC1C(C(O)=O)OC(OC2C(NC(C)=O)C([*])OC(CO)C2O)C(O)C1O,,,170,10.1515_rams-2023-0140_OA_part_5.txt_∂Œ1_Material1
O=C([*])C(C)O[*],OCC1OC(C(C(C1[*])O)O)OC2C(C(C(OC2CO)O[*])O)O,C=C(C(OCC1CO1)=O)C,,,160,10.1515_rams-2023-0140_OA_part_5.txt_∂Œ1_Material2
O=C([*])C(C)O[*],[*]OC1C(C(O)=O)OC(OC2C(NC(C)=O)C([*])OC(CO)C2O)C(O)C1O,C=C(C(OCC1CO1)=O)C,,,150,10.1515_rams-2023-0140_OA_part_5.txt_∂Œ1_Material3
O=C([*])C(C)O[*],[*]C(CCCCCO[*])=O,[O-][Si]([O-])([O-])O[Si]([O-])([O-])[O-].[Ca+2],OC1=C2C(C3(O)C4C5C6=C7C8C(C9=CC(C(O)=O)=C(C=C(C=C%10C(O)=O)C%11%12)C(C%11=C%13C%14C%15%16C%17(O%16)C%18C%19=C%20C%21=C%22C(C(O)=C%23)=C%24C%25C%21=C%26C%19=C%27C%17=C%28C%14(O)C%12=C%10C=C%28CC%27=CC%26=CC%25=C(C(O)=O)C=C%24)C9=C7C%13(O)C5=C%15C3=C%18C%29%30C%20(O%30)C%31C%22C%23=C%32)=CC(C(O)=O)=CC8=CC6=C(C(O)=O)C4=C2)=C%29C%33=C%31C%32=C(C(O)=O)C=C%331,[*]C(C)C[*],170,10.15379_2410-1869.2022.09.02.01_OA_part_2.txt_∂Œ1_Material1
O=C([*])C(C)O[*],O=C([*])C(C)O[*],C/C(C[*])=C/C[*],,,168,10.17576_mjas-2018-2205-16_OA_part_1.txt_∂Œ1_Material1
O=C([*])C(C)O[*],O=[Mg].O=[Si]=O.O=[Si]=O.O=[Si]=O.O=[Si]=O.O=[Mg].O=[Mg].O,OCC1OC(C(C(C1[*])O)O)OC2C(C(C(OC2CO)O[*])O)O,[*]OCC[*],,170,10.22146_ijc.80830_OA_part_2.txt_∂Œ1_Material1
O=C([*])C(C)O[*],CC1=CC(O)=C(C=C1CCCC(C2=C(C=C(C(C(C)(C)C)=C2)O)C)C3=CC(C(C)(C)C)=C(C=C3C)O)C(C)(C)C,,,,210,10.2298_jsc110711027l_part_1.txt_∂Œ1_Material1
O=C([*])C(C)O[*],CC1=CC(O)=C(C=C1CCCC(C2=C(C=C(C(C(C)(C)C)=C2)O)C)C3=CC(C(C)(C)C)=C(C=C3C)O)C(C)(C)C,CC1=CC(O)=C(C=C1CCCC(C2=C(C=C(C(C(C)(C)C)=C2)O)C)C3=CC(C(C)(C)C)=C(C=C3C)O)C(C)(C)C,,,140,10.2298_jsc110711027l_part_2.txt_∂Œ1_Material1
O=C([*])C(C)O[*],[*]OC1C(C(O)=O)OC(OC2C(NC(C)=O)C([*])OC(CO)C2O)C(O)C1O,OC1=C2C(C3(O)C4C5C6=C7C8C(C9=CC(C(O)=O)=C(C=C(C=C%10C(O)=O)C%11%12)C(C%11=C%13C%14C%15%16C%17(O%16)C%18C%19=C%20C%21=C%22C(C(O)=C%23)=C%24C%25C%21=C%26C%19=C%27C%17=C%28C%14(O)C%12=C%10C=C%28CC%27=CC%26=CC%25=C(C(O)=O)C=C%24)C9=C7C%13(O)C5=C%15C3=C%18C%29%30C%20(O%30)C%31C%22C%23=C%32)=CC(C(O)=O)=CC8=CC6=C(C(O)=O)C4=C2)=C%29C%33=C%31C%32=C(C(O)=O)C=C%331,,,172,10.3144_expresspolymlett.2024.48_OA_part_2.txt_∂Œ1_Material3
O=C([*])C(C)O[*],[*]C([H])([H])C(O)([H])[*],OCC(O)CO,,,143.3,10.33333_rp.vol51n2.03_OA_part_1.txt_∂Œ1_Material1
O=C([*])C(C)O[*],OCC1OC(C(C(C1[*])O)O)OC2C(C(C(OC2CO)O[*])O)O,OCC1OC(C(C(C1[*])O)O)OC2C(C(C(OC2CO)O[*])O)O,[*]C(NC1=C(C)C(NC(OCCO[*])=O)=CC=C1)=O,,150,10.3390_ijms20030675_part_2.txt_∂Œ1_Material1
O=C([*])C(C)O[*],[Zn]=O,OCC1OC(C(C(C1[*])O)O)OC2C(C(C(OC2CO)O[*])O)O,,,145,10.3390_jcs5020043_part_1.txt_∂Œ1_Material1
O=C([*])C(C)O[*],[*]CCCC([*])C(OC)=O,[*]OCC[*],,,152,10.3390_ma11101825_part_1.txt_∂Œ1_Material1
O=C([*])C(C)O[*],CC(NC1C([C@@H](C(O[C@H]1O[*])CO)O[C@@H]2OC([C@H]([C@@H](C2NC(C)=O)O)[*])CO)O)=O,[*]C1C(OC(C(C1O)O)OC2C(OC(C(C2O)O)O[*])CO)CO,,,113.55,10.3390_polym12010115_part_2.txt_∂Œ1_Material1
O=C([*])C(C)O[*],CC(NC1C([C@@H](C(O[C@H]1O[*])CO)O[C@@H]2OC([C@H]([C@@H](C2NC(C)=O)O)[*])CO)O)=O,OCC1OC(C(C(C1[*])O)O)OC2C(C(C(OC2CO)O[*])O)O,,,120,10.3390_polym13030325_part_1.txt_∂Œ1_Material1
O=C([*])C(C)O[*],OCC1OC(C(C(C1[*])O)O)OC2C(C(C(OC2CO)O[*])O)O,CC(NC1C([C@@H](C(O[C@H]1O[*])CO)O[C@@H]2OC([C@H]([C@@H](C2NC(C)=O)O)[*])CO)O)=O,,,170,10.3390_polym13030325_part_3.txt_∂Œ1_Material1
O=C([*])C(C)O[*],[*]OCCCCOC(CCC([*])=O)=O,OCC1OC(OC2C(O)C(O)C(O[*])OC2CO)C(O)C(O)C1[*],,,151,10.3390_polym13030465_part_2.txt_∂Œ1_Material1
O=C([*])C(C)O[*],[*]C(CCCCC(OCCCCO[*])=O)=O,[*]C/C=C(C[*])\Cl,,,170,10.3390_polym7050939_part_4.txt_∂Œ1_Material1
O=C([*])C(C)O[*],OCC1OC(C(C(C1[*])O)O)OC2C(C(C(OC2CO)O[*])O)O,OCC1OC(C(C(C1[*])O)O)OC2C(C(C(OC2CO)O[*])O)O,OCC1OC(C(C(C1[*])O)O)OC2C(C(C(OC2CO)O[*])O)O,[*]C1C(OC(C(C1O)O)OC2C(OC(C(C2O)O)O[*])CO)CO,114.5,10.3390_pr9040578_part_2.txt_∂Œ1_Material1
O=C([*])C(C)O[*],O=[Si]=O.O=[Al]O[Al]=O.O=[Si]=O.O=[Si]=O.O=[Si]=O.O,,,,159,10.33910_2687-153x-2021-2-2-68-73_OA_part_1.txt_∂Œ1_Material1
O=C([*])C(C)O[*],OCC1OC(C(C(C1[*])O)O)OC2C(C(C(OC2CO)O[*])O)O,[Ag],,,170,10.3832_ifor3244-013_OA_part_2.txt_∂Œ1_Material1
O=C([*])C(C)O[*],C/C(C[*])=C/C[*],C/C(C[*])=C/C[*],OCC1OC(C(C(C1O[*])O)O)[*],,156.1,10.4028_www.scientific.net_amr.1125.222_part_1.txt_∂Œ1_Material1
O=C([*])C(C)O[*],O=C=NC(C=C1)=CC=C1CC2=CC=C(C=C2)N=C=O,[*]OCC[*],,,147.33,10.4028_www.scientific.net_amr.844.65_part_1.txt_∂Œ1_Material1
O=C([*])C(C)O[*],O=C=NC(C=C1)=CC=C1CC2=CC=C(C=C2)N=C=O,[*]NCC(NC(C(ONCC(NC(C(NCC(NC(C([*])=O)C)=O)=O)C)=O)=O)CO)=O,,,148.85,10.4028_www.scientific.net_kem.594-595.823_part_1.txt_∂Œ1_Material1
O=C([*])C(C)O[*],[*]OCC[*],[*]NCCCCCCCCCCCC([*])=O,OC1=C2C(C3(O)C4C5C6=C7C8C(C9=CC(C(O)=O)=C(C=C(C=C%10C(O)=O)C%11%12)C(C%11=C%13C%14C%15%16C%17(O%16)C%18C%19=C%20C%21=C%22C(C(O)=C%23)=C%24C%25C%21=C%26C%19=C%27C%17=C%28C%14(O)C%12=C%10C=C%28CC%27=CC%26=CC%25=C(C(O)=O)C=C%24)C9=C7C%13(O)C5=C%15C3=C%18C%29%30C%20(O%30)C%31C%22C%23=C%32)=CC(C(O)=O)=CC8=CC6=C(C(O)=O)C4=C2)=C%29C%33=C%31C%32=C(C(O)=O)C=C%331,,177,10.4325_seikeikakou.24.408_OA_part_1.txt_∂Œ1_Material1
O=C([*])C(C)O[*],OCC1OC(C(C(C1[*])O)O)OC2C(C(C(OC2CO)O[*])O)O,O=C(O)C([*])C[*],,,150.5,10.7569_jrm.2017.634146_part_1.txt_∂Œ1_Material3
O=C([*])C(C)O[*],OCC1OC(OC2C(O)C(O)C(O[*])OC2CO)C(O)C(O)C1[*],O=C([*])C(C)O[*],,,154.8,10.1002_adv.21779_part_2.txt_∂Œ1_Material2
O=C([*])C(C)O[*],[*]C1=CC=C(C=C1)C(N[*])=O,,,,147.3,10.1007_s10973-014-4062-2_part_1.txt_∂Œ1_Material1
O=C([*])C(C)O[*],[Ag],O=C([*])OC1=CC=C(C=C1)C(C)(C)C2=CC=C(C=C2)O[*],,,155,10.1016_j.carbpol.2013.11.052_part_1.txt_∂Œ1_Material5
