SMILE A,SMILE B,SMILE C,SMILE D,SMILE E,Tensile Strength (MPa) log10,À´Ô´
O=C([*])OC1=CC=C(C=C1)C(C)(C)C2=CC=C(C=C2)O[*],,,,,1.7323937598229686,10.1002_app.33667_part_2.txt_¶Î1_Material1
[*]NC(C(N1CCCC1C(NCC(N2CC(CC2C(NC(C(NCC([*])=O)=O)CO)=O)O)=O)=O)=O)CCCCN,[Ag],OC1=C2C(C3(O)C4C5C6=C7C8C(C9=CC(C(O)=O)=C(C=C(C=C%10C(O)=O)C%11%12)C(C%11=C%13C%14C%15%16C%17(O%16)C%18C%19=C%20C%21=C%22C(C(O)=C%23)=C%24C%25C%21=C%26C%19=C%27C%17=C%28C%14(O)C%12=C%10C=C%28CC%27=CC%26=CC%25=C(C(O)=O)C=C%24)C9=C7C%13(O)C5=C%15C3=C%18C%29%30C%20(O%30)C%31C%22C%23=C%32)=CC(C(O)=O)=CC8=CC6=C(C(O)=O)C4=C2)=C%29C%33=C%31C%32=C(C(O)=O)C=C%331,OCC(C(C(C1N)O)O[*])OC1OC2C(OC(C(C2O)N)[*])CO,[*]C1C(OC(C(C1O)O)OC2C(OC(C(C2O)O)O[*])CO)CO,1.6399842480415885,10.3390_coatings6040041_part_2.txt_¶Î1_Material1
[*]CC([*])Cl,,,,,1,10.1002_app.40938_part_1.txt_¶Î1_Material1
[*]C(C)C[*],,,,,1.1613680022349748,10.1007_s10924-010-0230-z_part_1.txt_¶Î1_Material1
[*]C(C)C[*],O=[Al]O[Al]=O.O=[Si]=O.O=[Si]=O.O=[Si]=O,O=[Al]O[Al]=O.O=[Si]=O.O=[Si]=O.O=[Si]=O,,,1.561101383649056,10.1002_mame.201500107_part_1.txt_¶Î1_Material1
O=C(C(C[*])[*])N,[*]C(CCCCC(OCCCCO[*])=O)=O,[O-][Si](O[Si]([O-])=O)=O,O=[Si]=O,,0.1702617153949573,10.1016_j.eurpolymj.2018.10.031_part_1.txt_¶Î1_Material1
[*]C(C)C[*],C12=C3C(C=CC4C3=C5C(CC6=CC7=C8C9=C(C(C=C%10)=CC=C9C=C7)C%11=C%10C%12)=CC4)=CC=C1C=C%12C%13=C%11C8=C6C5=C2%13,,,,1.526339277389844,10.1515_polyeng-2021-0216_OA_part_2.txt_¶Î1_Material1
O=C(C1=CC=C(C=C1)C(OCC[*])=O)O[*],[*]C(F)(C(F)([*])F)F,O=[Si]=O,C12=CC3=CC4=CC=CN=C4N=C3N=C1N=C5N=C6N=CC=CC6=CC5=C2,O=[Al]O[Al]=O,1.4854374810763014,10.1177_0021998314545183_part_1.txt_¶Î1_Material1
OCC1OC(C(C(C1[*])O)O)OC2C(C(C(OC2CO)O[*])O)O,,,,,2.0791812460476247,10.3390_ma13225062_part_4.txt_¶Î1_Material1
[*]C(C)C[*],[H][Si]([H])([H])[H],[*]C1C(OC(C(C1O)O)OC2C(OC(C(C2O)O)O[*])CO)CO,O1C(=O)C=CC1=O,,1.7577754910119257,10.1177_0892705711428659_part_3.txt_¶Î1_Material1
[*]OC(CC(OC(CC([*])=O)CC)=O)C,,,,,1.414973347970818,10.1016_j.polymertesting.2016.09.022_part_2.txt_¶Î1_Material1
[*]C(NC1=C(C)C(NC(OCCO[*])=O)=CC=C1)=O,[*]C(CCCCCO[*])=O,,,,1.3222192947339193,10.4236_ojpchem.2018.81002_OA_part_1.txt_¶Î1_Material1
[*]CCCC([*])OC(C)=O,C[Si](C)(C[*])O[*],O=C([O-])[O-].[Ca+2],O=[Al]O[Al]=O.O=[Si]=O.O=[Si]=O.O.O,,0.8195439355418687,10.1002_pc.23595_part_2.txt_¶Î1_Material1
[*]C(N(CN(C(OCOC(N(CN(C(OCCO[*])=O)[H])[H])=O)=O)[H])[H])=O,O=[Al]O[Al]=O.O=[Si]=O.O=[Si]=O.O=[Si]=O,,,,1.2174839442139065,10.1016_j.carbpol.2018.02.034_part_1.txt_¶Î1_Material1
[*]CC(COC1=CC=C(C=C1)C(C)(C)C2=CC=C(C=C2)O[*])O,[*]C([H])([H])C(O)([H])[*],,,,1.73559889969818,10.1177_0021998320969793_part_2.txt_¶Î1_Material1
[*]C1C(C(C(OC1C(O[Na])=O)OC2C(C(O[Na])=O)OC(O[*])C(O)C2O)O)O,O=C(C(C[*])[*])N,[Na+].[Cl-],,,-0.26760624,10.1016_j.coco.2021.100837_part_1.txt_¶Î1_Material1
O=[Si]=O.[Ca]=O,O=[Si]=O,[*]C(C)C[*],C12=CC3=CC4=CC=CN=C4N=C3N=C1N=C5N=C6N=CC=CC6=CC5=C2,,1.582063362911709,10.1016_j.jclepro.2020.125652_part_3.txt_¶Î1_Material1
[*]C(C)C[*],CC(CC(C(C(O1)=O)CC1=O)[*])C[*],O=[Al]O[Al]=O.O=[Si]=O.O=[Si]=O.O=[Si]=O,O=[Al]O[Al]=O.O=[Si]=O.O=[Si]=O.O=[Si]=O,,1.5843312243675307,10.1177_0021998311413686_part_1.txt_¶Î1_Material1
[*]OCC[*],CCCC[Sn](OC(CC(C)CCCCCCCC)=O)(OC(CCCCCCCCCCC)=O)CCCC,,,,1.0906107078284066,10.1002_app.38486_part_1.txt_¶Î1_Material1
[*]C(N(CN(C(OCOC(N(CN(C(OCCO[*])=O)[H])[H])=O)=O)[H])[H])=O,,,,,1.5211380837040362,10.1039_c6py00350h_part_1.txt_¶Î1_Material1
[*]CC([*])Cl,OCC1OC(C(C(C1[*])O)O)OC2C(C(C(OC2CO)O[*])O)O,OCC(C(C(C1N)O)O[*])OC1OC2C(OC(C(C2O)N)[*])CO,O=[Al]O[Al]=O.O=[Si]=O.O=[Si]=O.O=[Si]=O,O=[Al]O[Al]=O.O=[Si]=O.O=[Si]=O.O=[Si]=O,1.6302244107524322,10.1002_app.40757_part_1.txt_¶Î1_Material1
[*]C(C)C[*],[*]CC[*],OCC1OC(C(C(C1[*])O)O)OC2C(C(C(OC2CO)O[*])O)O,NC1=CC=C(C=C1)/C2=C3C=C/C(N\3)=C(C4=N/C(C=C4)=C(C5=CC=C(N5)/C(C6=CC=CC=C6)=C7N=C2C=C\7)/C8=CC=CC=C8)\C9=CC=CC=C9,,1.4065401804339552,10.1002_pc.22650_part_1.txt_¶Î1_Material1
[*]C(C)C[*],C/C(C[*])=C/C[*],[S],OC1=C2C(C3(O)C4C5C6=C7C8C(C9=CC(C(O)=O)=C(C=C(C=C%10C(O)=O)C%11%12)C(C%11=C%13C%14C%15%16C%17(O%16)C%18C%19=C%20C%21=C%22C(C(O)=C%23)=C%24C%25C%21=C%26C%19=C%27C%17=C%28C%14(O)C%12=C%10C=C%28CC%27=CC%26=CC%25=C(C(O)=O)C=C%24)C9=C7C%13(O)C5=C%15C3=C%18C%29%30C%20(O%30)C%31C%22C%23=C%32)=CC(C(O)=O)=CC8=CC6=C(C(O)=O)C4=C2)=C%29C%33=C%31C%32=C(C(O)=O)C=C%331,O=C(O)CCCCCCCCCCCCCCCCC,1.0737183503461227,10.15282_ijame.8.2013.19.0107_OA_part_1.txt_¶Î1_Material1
OCC(C(C(C1N)O)O[*])OC1OC2C(OC(C(C2O)N)[*])CO,[*]C([H])([H])C(O)([H])[*],C(CC=O)CC=O,O=C(C1=COC(C2C(CO)=CCC12)O)OC,,1.00774777800074,10.1080_09205063.2019.1692641_part_2.txt_¶Î1_Material1
[*]C(NC1=C(C)C(NC(OCCO[*])=O)=CC=C1)=O,O=C(O)C(C[*])CC(CC(C(C(O)=O)[*])C(O)=O)C(O)=O,O=C(C1=CC=C(C=C1)C(OCC[*])=O)O[*],COC1=CC=C(C=C1)O,O=C(C1=CC=C(C=C1)OCCOC(C=C)=O)C(C)(C)O,1.0755469613925308,10.1016_j.porgcoat.2021.106251_part_1.txt_¶Î1_Material1
[*]CC[*],[*]C(C)C[*],[*]CC(C1=CC=CC=C1)[*],O=C(C1=CC=C(C=C1)C(OCC[*])=O)O[*],[*]CC([*])Cl,1.429752280002408,10.1002_pts.2551_part_1.txt_¶Î1_Material1
O=C(C(C[*])[*])N,[Fe]12O[Fe]O[Fe](O2)O1,,,,-0.823908741,10.1016_j.carbpol.2018.05.023_part_2.txt_¶Î1_Material1
[*]C(N(CN(C(OCOC(N(CN(C(OCCO[*])=O)[H])[H])=O)=O)[H])[H])=O,C=C(C(OCCOC(N(CCC(C)(C)CC(CN(C(OCCOC(C(C)=C)=O)=O)[H])C)[H])=O)=O)C,OCCCCO,N(CC)(CC)CC,,0.9444826721501688,10.1038_s41598-025-04739-1_OA_part_1.txt_¶Î1_Material1
O=C([*])OC1=CC=C(C=C1)C(C)(C)C2=CC=C(C=C2)O[*],[*]CC(CC=CCC([*])C1=CC=CC=C1)C#N,,,,1.7442929831226763,10.1002_pc.22342_part_1.txt_¶Î1_Material1
[*]CC[*],O=C1C([*])C(CC[*])C(O1)=O,[H][Si]([H])([H])[H],,,1.362670929725667,10.1016_j.polymertesting.2016.12.026_part_1.txt_¶Î1_Material1
[*]OCCCCOC(CCC([*])=O)=O,[*]C1C(OC(C(C1O)O)OC2C(OC(C(C2O)O)O[*])CO)CO,OCC(O)CO,O=C=NC(C=C1)=CC=C1CC2=CC=C(C=C2)N=C=O,,1.3944516808262162,10.7569_jrm.2013.634135_part_1.txt_¶Î1_Material1
[*]OCCOC(CC(C([*])=O)C(C1CCCCC1)CC(CC(O)=O)C(OCCO)=O)=O,C=C(C)C(=O)OCC(O)COC1=CC=C(C(C2=CC=C(O)C=C2)(C)C)C=C1,C(C1=CC=C(N2C(=O)C=CC2=O)C=C1)C1=CC=C(N2C(=O)C=CC2=O)C=C1,,,1.2430380486862944,10.1177_0954008311436263_part_1.txt_¶Î1_Material1
O=C(C1=CC=C(C=C1)C(OCC[*])=O)O[*],[*]CC(COC1=CC=C(C=C1)C(C)(C)C2=CC=C(C=C2)O[*])O,[*]C(C)C[*],[*]CC[*],[*]CC[*],1.6020599913279625,10.3390_polym13091369_part_2.txt_¶Î1_Material1
[*]C1=C(C=CN2)C2=C([*])C(O)=C1O,CC1(CC(CC(C)(C1)C)N=C=O)CN=C=O,OCCCCO,[*]CC(C#N)[*],,1.0842186867392387,10.56028_aetr.5.1.407.2023_OA_part_1.txt_¶Î1_Material1
O=C(C1=CC=C(C=C1)C(OCC[*])=O)O[*],O=[Al]O[Al]=O,O=[Ti]=O,O=[Si]=O,O=[Si]=O,1.4933186082321015,10.1016_j.porgcoat.2013.07.009_part_1.txt_¶Î1_Material1
[*]C(C)C[*],[S],OC1=C2C(C3(O)C4C5C6=C7C8C(C9=CC(C(O)=O)=C(C=C(C=C%10C(O)=O)C%11%12)C(C%11=C%13C%14C%15%16C%17(O%16)C%18C%19=C%20C%21=C%22C(C(O)=C%23)=C%24C%25C%21=C%26C%19=C%27C%17=C%28C%14(O)C%12=C%10C=C%28CC%27=CC%26=CC%25=C(C(O)=O)C=C%24)C9=C7C%13(O)C5=C%15C3=C%18C%29%30C%20(O%30)C%31C%22C%23=C%32)=CC(C(O)=O)=CC8=CC6=C(C(O)=O)C4=C2)=C%29C%33=C%31C%32=C(C(O)=O)C=C%331,O=C(O)CCCCCCCCCCCCCCCCC,,0.8808135922807914,10.1080_00222348.2010.516711_part_1.txt_¶Î1_Material1
[*]C(C)C[*],OCC1OC(C(C(C1[*])O)O)OC2C(C(C(OC2CO)O[*])O)O,,,,1.4099331233312946,10.1016_j.conbuildmat.2013.09.028_part_1.txt_¶Î1_Material1
[*]C1C(OC(C(C1O)O)OC2C(OC(C(C2O)O)O[*])CO)CO,O=C([*])C(C)O[*],OCC(O)CO,OC[C@@H]([C@H]([C@@H]([C@@H](CO)O)O)O)O,[*]OCC[*],1.6989700043360187,10.1007_s10924-021-02207-1_part_1.txt_¶Î1_Material1
[*]CC[*],COCC1OC(OC2C(CO)OC(O[*])C(OC)C2OC)C(OC)C(O)C1O[*],[*]OC(C(C1O)O)OC(COC)C1OC(OC(C(C2O)OC3OC(C(C(C3OC)O)OC4OC(C(C(C4OC)O)[*])COC)CO)COC)C2OCC(OC)C,,,1.351409751925439,10.1002_fsn3.2240_part_1.txt_¶Î1_Material1
O=C([*])CCCCCN[*],,,,,1.843232778098009,10.3390_polym12051041_part_1.txt_¶Î1_Material1
O=C(C1=CC=C(C([*])=O)C=C1)NC2=CCC(N[*])C=C2,O=[Al]O[Al]=O.O=[Si]=O.O=[Si]=O.O=[Si]=O,CCCCCCCCCCCCCCCC[N+](C)(C)C.[Br-],O=[Al]O[Al]=O.O=[Si]=O.O=[Si]=O.O=[Si]=O,,1.2671717284030135,10.1080_03602551003773163_part_1.txt_¶Î1_Material1
[*]CC([*])Cl,O=C([O-])[O-].[Ca+2],[Mg]=O,O=[Al]O[Al]=O,O=[Si]=O,1.1760912590556811,10.1002_app.51469_part_1.txt_¶Î1_Material1
[*]CC[*],O=C([O-])[O-].[Ca+2],O=C(CCCCCCCCCCCCCCCCC)O[Ca]OC(CCCCCCCCCCCCCCCCC)=O,O=[Mg].O=[Si]=O.O=[Si]=O.O=[Si]=O.O=[Si]=O.O=[Mg].O=[Mg].O,,1.1205739312058498,10.1177_8756087919846206_part_3.txt_¶Î1_Material1
[*]C(C)C[*],CC(CC(C(C(O1)=O)CC1=O)[*])C[*],[*]C/C=C/CCC([*])C#N,,,1.3443922736851108,10.1080_03602559.2010.496420_part_1.txt_¶Î1_Material1
[*]C1C(O)C(O)C(OC2C(O)C(O)C(O[*])OC2COC(C)=O)OC1COC(C)=O,[*]C1C(O)C(O)C(OC2C(O)C(O)C(O[*])OC2COCCO)OC1COCCO,O=C(C1=CC=C(C=C1)OCCOC(C=C)=O)C(C)(C)O,[C],,1.6500159524718383,10.1016_j.carbpol.2018.12.026_part_1.txt_¶Î1_Material1
[*]C([H])([H])C(O)([H])[*],OCC1OC(OC2C(O)C(O)C(O[*])OC2CO)C(O)C(O)C1[*],,,,1.710540447933297,10.1002_mawe.202000030_part_2.txt_¶Î1_Material1
[*]C(N(CN(C(OCOC(N(CN(C(OCCO[*])=O)[H])[H])=O)=O)[H])[H])=O,C[Si](C)(C[*])O[*],OC1=C2C(C3(O)C4C5C6=C7C8C(C9=CC(C(O)=O)=C(C=C(C=C%10C(O)=O)C%11%12)C(C%11=C%13C%14C%15%16C%17(O%16)C%18C%19=C%20C%21=C%22C(C(O)=C%23)=C%24C%25C%21=C%26C%19=C%27C%17=C%28C%14(O)C%12=C%10C=C%28CC%27=CC%26=CC%25=C(C(O)=O)C=C%24)C9=C7C%13(O)C5=C%15C3=C%18C%29%30C%20(O%30)C%31C%22C%23=C%32)=CC(C(O)=O)=CC8=CC6=C(C(O)=O)C4=C2)=C%29C%33=C%31C%32=C(C(O)=O)C=C%331,,,0.9084850188786496,10.1080_03602559.2017.1410837_part_1.txt_¶Î1_Material1
[*]CC([*])Cl,C/C(C[*])=C/C[*],OC1=C2C(C3(O)C4C5C6=C7C8C(C9=CC(C(O)=O)=C(C=C(C=C%10C(O)=O)C%11%12)C(C%11=C%13C%14C%15%16C%17(O%16)C%18C%19=C%20C%21=C%22C(C(O)=C%23)=C%24C%25C%21=C%26C%19=C%27C%17=C%28C%14(O)C%12=C%10C=C%28CC%27=CC%26=CC%25=C(C(O)=O)C=C%24)C9=C7C%13(O)C5=C%15C3=C%18C%29%30C%20(O%30)C%31C%22C%23=C%32)=CC(C(O)=O)=CC8=CC6=C(C(O)=O)C4=C2)=C%29C%33=C%31C%32=C(C(O)=O)C=C%331,O=C(O)CCCCCCCCCCCCCCCCC,[S],0.9708116108725178,10.1002_vnl.21401_part_1.txt_¶Î1_Material1
O=C([*])C(C)O[*],[H][Si]([H])([H])[H],[H][Si]([H])([H])[H],[Ti](OCCCC)(OCCCC)(OCCCC)OCCCC,,1.7840464158081133,10.1504_ijmmp.2014.066566_part_1.txt_¶Î1_Material1
O=C(C1=CC=C(C=C1)C(OCC[*])=O)O[*],[*]CC(COC1=CC=C(C=C1)C(C)(C)C2=CC=C(C=C2)O[*])O,[*]C([H])([H])C(O)([H])[*],,,1.416640507338281,10.1039_c3tb20059k_part_1.txt_¶Î1_Material1
[*]C(C)C[*],C/C(C[*])=C/C[*],NC1=CC=C(C=C1)/C2=C3C=C/C(N\3)=C(C4=N/C(C=C4)=C(C5=CC=C(N5)/C(C6=CC=CC=C6)=C7N=C2C=C\7)/C8=CC=CC=C8)\C9=CC=CC=C9,[H][Si]([H])([H])[H],,1.6232492903979006,10.1002_pc.22178_part_1.txt_¶Î1_Material1
O=C([*])C(C)O[*],[*]C(CCCCCO[*])=O,,,,1.5601458398490475,10.1155_2014_213180_part_1.txt_¶Î1_Material1
[*]C(C)C[*],[Al],,,,1.0791812460476249,10.3390_ma13020479_part_1.txt_¶Î1_Material1
[*]CC[*],O=C(C1=CC=C(C=C1)C(OCC[*])=O)O[*],,,,1.6031443726201824,10.4028_www.scientific.net_msf.659.85_part_1.txt_¶Î1_Material1
O=C(O)C([*])C[*],O=C(C(C[*])[*])N,C=C([CH3])C(=O)O[CH3],[Fe+3],OCC(C(C(C1N)O)O[*])OC1OC2C(OC(C(C2O)N)[*])CO,0.367355921026019,10.1016_j.compscitech.2020.108173_part_1.txt_¶Î1_Material1
[*]C(C)C[*],NC1=CC=C(C=C1)/C2=C3C=C/C(N\3)=C(C4=N/C(C=C4)=C(C5=CC=C(N5)/C(C6=CC=CC=C6)=C7N=C2C=C\7)/C8=CC=CC=C8)\C9=CC=CC=C9,OCC1OC(C(C(C1[*])O)O)OC2C(C(C(OC2CO)O[*])O)O,,,1.27207378750001,10.1007_s12221-014-2160-1_part_1.txt_¶Î1_Material1
[*]CC[*],O=[Ti]=O,,,,0.8450980400142568,10.1177_0307174x1804500104_part_1.txt_¶Î1_Material1
C/C(C[*])=C/C[*],[*]C/C=C/CCC(C=C)CC([*])C1=CC=CC=C1,O=[Si]=O,O=[Si]=O,,1.021189299069938,10.4028_www.scientific.net_msf.695.332_part_1.txt_¶Î1_Material1
O=C(C1=CC=C(C=C1)C(OCC[*])=O)O[*],O=C([O-])[O-].[Ca+2],,,,1.4545399849648188,10.1007_s12221-016-5612-y_part_1.txt_¶Î1_Material1
[*]C(C)C[*],[*]C/C=C/CCC([*])C#N,,,,1.2405492482825995,10.1177_0307174x1704400603_part_1.txt_¶Î1_Material1
[*]C(C)C[*],NC1=CC=C(C=C1)/C2=C3C=C/C(N\3)=C(C4=N/C(C=C4)=C(C5=CC=C(N5)/C(C6=CC=CC=C6)=C7N=C2C=C\7)/C8=CC=CC=C8)\C9=CC=CC=C9,[Zn]=O,,,1.4893959217271295,10.4028_www.scientific.net_amr.287-290.1980_part_1.txt_¶Î1_Material1
[*]CC(C#N)[*],C12=C3C(C=CC4C3=C5C(CC6=CC7=C8C9=C(C(C=C%10)=CC=C9C=C7)C%11=C%10C%12)=CC4)=CC=C1C=C%12C%13=C%11C8=C6C5=C2%13,[Fe]12O[Fe]O[Fe](O2)O1,,,1.8375884382355112,10.1007_s12221-025-00926-z_OA_part_1.txt_¶Î1_Material1
O=C([*])CCCCCN[*],OC1=C2C(C3(O)C4C5C6=C7C8C(C9=CC(C(O)=O)=C(C=C(C=C%10C(O)=O)C%11%12)C(C%11=C%13C%14C%15%16C%17(O%16)C%18C%19=C%20C%21=C%22C(C(O)=C%23)=C%24C%25C%21=C%26C%19=C%27C%17=C%28C%14(O)C%12=C%10C=C%28CC%27=CC%26=CC%25=C(C(O)=O)C=C%24)C9=C7C%13(O)C5=C%15C3=C%18C%29%30C%20(O%30)C%31C%22C%23=C%32)=CC(C(O)=O)=CC8=CC6=C(C(O)=O)C4=C2)=C%29C%33=C%31C%32=C(C(O)=O)C=C%331,[H][Si]([H])([H])[H],[H][O-],,2.150756439860309,10.4028_www.scientific.net_amr.299-300.460_part_1.txt_¶Î1_Material1
O=C([*])C(C)O[*],OC1=C2C(C3(O)C4C5C6=C7C8C(C9=CC(C(O)=O)=C(C=C(C=C%10C(O)=O)C%11%12)C(C%11=C%13C%14C%15%16C%17(O%16)C%18C%19=C%20C%21=C%22C(C(O)=C%23)=C%24C%25C%21=C%26C%19=C%27C%17=C%28C%14(O)C%12=C%10C=C%28CC%27=CC%26=CC%25=C(C(O)=O)C=C%24)C9=C7C%13(O)C5=C%15C3=C%18C%29%30C%20(O%30)C%31C%22C%23=C%32)=CC(C(O)=O)=CC8=CC6=C(C(O)=O)C4=C2)=C%29C%33=C%31C%32=C(C(O)=O)C=C%331,,,,1.2380461031287957,10.1179_174328910x12691245470031_part_1.txt_¶Î1_Material1
[*]C1C(C(C(OC1C(O[Na])=O)OC2C(C(O[Na])=O)OC(O[*])C(O)C2O)O)O,OCC(O)CO,,,,1.3521825181113625,10.1111_1750-3841.15564_part_1.txt_¶Î1_Material1
[*]CC(COC1=CC=C(C=C1)C(C)(C)C2=CC=C(C=C2)O[*])O,O=C(C1=CC=C(C=C1)C(OCC[*])=O)O[*],[*]C(C)C[*],[H][Si]([H])([H])[H],,1.3010299956639813,10.1080_15440478.2020.1848723_part_5.txt_¶Î1_Material1
[*]C(C)C[*],[*]C(C)C[*],OCC1OC(C(C(C1[*])O)O)OC2C(C(C(OC2CO)O[*])O)O,NC1=CC=C(C=C1)/C2=C3C=C/C(N\3)=C(C4=N/C(C=C4)=C(C5=CC=C(N5)/C(C6=CC=CC=C6)=C7N=C2C=C\7)/C8=CC=CC=C8)\C9=CC=CC=C9,,1.2624510897304295,10.1080_17480272.2011.606915_part_1.txt_¶Î1_Material1
[*]C(N(CN(C(OCOC(N(CN(C(OCCO[*])=O)[H])[H])=O)=O)[H])[H])=O,COC1=CC(/C=C/C=O)=CC(OC2=CC(C(C(OC3=CC=C(C=C3OC)C(C(CO)=O)O)CO)O)=CC=C2OC4=CC(C(C(COC5=CC=C(C=C5)C(C(CO)=O)O)=O)O)=CC=C4O)=C1,[Mg],N(CC)(CC)CC,O=C(CN(CN(CC(O)=O)CC(O)=O)CC(O)=O)O,1.6434526764861874,10.3390_polym8090318_part_1.txt_¶Î1_Material1
O=C(C1=CC=C(C=C1)C(OCC[*])=O)O[*],O=[Al]O[Al]=O.O=[Si]=O.O=[Si]=O.O=[Si]=O,,,,1.8755242639493088,10.1177_0021998312462618_part_2.txt_¶Î1_Material1
[*]CC(C1=CC=CC=C1)[*],OCC1OC(C(C(C1[*])O)O)OC2C(C(C(OC2CO)O[*])O)O,,,,1.3096301674258988,10.1007_s10570-015-0787-8_part_2.txt_¶Î1_Material1
O=C([*])CCCCCN[*],[*]CCCC([*])C(OC)=O,[*]C/C=C/CCC([*])C#N,,,1.81690383937566,10.1002_app.32458_part_1.txt_¶Î1_Material1
[*]C(N(CN(C(OCOC(N(CN(C(OCCO[*])=O)[H])[H])=O)=O)[H])[H])=O,[H][Si]([H])([H])[H],OC1=C2C(C3(O)C4C5C6=C7C8C(C9=CC(C(O)=O)=C(C=C(C=C%10C(O)=O)C%11%12)C(C%11=C%13C%14C%15%16C%17(O%16)C%18C%19=C%20C%21=C%22C(C(O)=C%23)=C%24C%25C%21=C%26C%19=C%27C%17=C%28C%14(O)C%12=C%10C=C%28CC%27=CC%26=CC%25=C(C(O)=O)C=C%24)C9=C7C%13(O)C5=C%15C3=C%18C%29%30C%20(O%30)C%31C%22C%23=C%32)=CC(C(O)=O)=CC8=CC6=C(C(O)=O)C4=C2)=C%29C%33=C%31C%32=C(C(O)=O)C=C%331,,,1.334453751150931,10.1002_pc.23331_part_1.txt_¶Î1_Material1
C/C(C[*])=C/C[*],[*]C/C=C\CCC(C=C)[*],,,,1.1760912590556811,10.1002_app.39795_part_1.txt_¶Î1_Material1
[*]C(C)C[*],NC1=CC=C(C=C1)/C2=C3C=C/C(N\3)=C(C4=N/C(C=C4)=C(C5=CC=C(N5)/C(C6=CC=CC=C6)=C7N=C2C=C\7)/C8=CC=CC=C8)\C9=CC=CC=C9,,,,1.3979400086720375,10.1177_0731684413498433_part_1.txt_¶Î1_Material1
[*]C(N(CN(C(OCOC(N(CN(C(OCCO[*])=O)[H])[H])=O)=O)[H])[H])=O,[*]C(C)C[*],[H][Si]([H])([H])[H],,,1.3424226808222062,10.4028_www.scientific.net_amr.849.121_part_1.txt_¶Î1_Material1
[*]C([H])([H])C(O)([H])[*],O=[Si]=O.[Ca]=O,,,,1.2787536009528289,10.4028_www.scientific.net_amm.584-586.1477_part_1.txt_¶Î1_Material1
[*]C(NC1=C(C)C(NC(OCCO[*])=O)=CC=C1)=O,O=[Si]=O,[H][Si]([H])([H])[H],[H][Si]([H])([H])[H],[H][Si]([H])([H])[H],1.6232492903979006,10.1016_j.ijadhadh.2011.12.005_part_1.txt_¶Î1_Material1
O=C(C1=CC=C(C=C1)C(OCC[*])=O)O[*],[*]CC(CCCC(CC)CC([*])C1=CC=CC=C1)C2=CC=CC=C2,[*]CC(CCCC(CC)CC([*])C1=CC=CC=C1)C2=CC=CC=C2,,,1.5563025007672873,10.1002_pi.6079_part_1.txt_¶Î1_Material1
[*]C1C(C(C(OC1C(O[Na])=O)OC2C(C(O[Na])=O)OC(O[*])C(O)C2O)O)O,O=C(O[Na])COCC(OC(C(C1O)O)[*])C1OC(C(C(C2O[*])O)O)OC2COCC(O[Na])=O,OCCOC1C(OCCO)C(C(OCCO)COCCOC(CCCCCCCCCCCCCCCCC)=O)OC1,OCC(O)CO,Cl[Ca]Cl,1.2060158767633449,10.1016_j.fpsl.2017.11.001_part_1.txt_¶Î1_Material1
OCC(C(C(C1N)O)O[*])OC1OC2C(OC(C(C2O)N)[*])CO,[*]C([H])([H])C(O)([H])[*],OC1=C2C(C3(O)C4C5C6=C7C8C(C9=CC(C(O)=O)=C(C=C(C=C%10C(O)=O)C%11%12)C(C%11=C%13C%14C%15%16C%17(O%16)C%18C%19=C%20C%21=C%22C(C(O)=C%23)=C%24C%25C%21=C%26C%19=C%27C%17=C%28C%14(O)C%12=C%10C=C%28CC%27=CC%26=CC%25=C(C(O)=O)C=C%24)C9=C7C%13(O)C5=C%15C3=C%18C%29%30C%20(O%30)C%31C%22C%23=C%32)=CC(C(O)=O)=CC8=CC6=C(C(O)=O)C4=C2)=C%29C%33=C%31C%32=C(C(O)=O)C=C%331,[Ag],[*]OCC[*],1.3979400086720375,10.1039_c6ra12192f_part_1.txt_¶Î1_Material1
O=C([*])C(C)O[*],OP(O)(O)=O,O=C([*])C(C)O[*],,,1.6937269489236468,10.3390_polym13152531_part_3.txt_¶Î1_Material1
[*]CC(COC1=CC=C(C=C1)C(C)(C)C2=CC=C(C=C2)O[*])O,,,,,1.6989700043360187,10.1002_pen.25109_part_1.txt_¶Î1_Material1
[*]CCCC(C1C([*])C2CC1C/C2=C/C)C,,,,,0.9547247909790628,10.1016_j.matdes.2012.03.032_part_1.txt_¶Î1_Material1
[*]C(C)C[*],CC(CC(C(C(O1)=O)CC1=O)[*])C[*],[*]CC(CCCC(CC)CC([*])C1=CC=CC=C1)C2=CC=CC=C2,[O-][Si]([O-])([O-])O[Si]([O-])([O-])[O-].[Ca+2],,1.8976270912904407,10.3390_ma8125451_part_1.txt_¶Î1_Material1
[*]C(C)C[*],OCC1OC(C(C(C1[*])O)O)OC2C(C(C(OC2CO)O[*])O)O,[H][Si]([H])([H])[H],,,1.0228406108765278,10.1002_pc.24004_part_1.txt_¶Î1_Material1
C/C(C[*])=C/C[*],[S],OC1=C2C(C3(O)C4C5C6=C7C8C(C9=CC(C(O)=O)=C(C=C(C=C%10C(O)=O)C%11%12)C(C%11=C%13C%14C%15%16C%17(O%16)C%18C%19=C%20C%21=C%22C(C(O)=C%23)=C%24C%25C%21=C%26C%19=C%27C%17=C%28C%14(O)C%12=C%10C=C%28CC%27=CC%26=CC%25=C(C(O)=O)C=C%24)C9=C7C%13(O)C5=C%15C3=C%18C%29%30C%20(O%30)C%31C%22C%23=C%32)=CC(C(O)=O)=CC8=CC6=C(C(O)=O)C4=C2)=C%29C%33=C%31C%32=C(C(O)=O)C=C%331,,,1.2385478876813278,10.1016_j.compositesa.2011.12.015_part_1.txt_¶Î1_Material1
[*]C(C)C[*],[*]C(C)C[*],NC1=CC=C(C=C1)/C2=C3C=C/C(N\3)=C(C4=N/C(C=C4)=C(C5=CC=C(N5)/C(C6=CC=CC=C6)=C7N=C2C=C\7)/C8=CC=CC=C8)\C9=CC=CC=C9,[H][Si]([H])([H])[H],,1.5024271199844328,10.3390_ma9050314_part_1.txt_¶Î1_Material1
[*]CC(COC1=CC=C(C=C1)C(C)(C)C2=CC=C(C=C2)O[*])O,[Mg],,,,1.8195439355418688,10.1002_pc.23245_part_2.txt_¶Î1_Material1
[*]CC(COC1=CC=C(C=C1)C(C)(C)C2=CC=C(C=C2)O[*])O,OC1=C2C(C3(O)C4C5C6=C7C8C(C9=CC(C(O)=O)=C(C=C(C=C%10C(O)=O)C%11%12)C(C%11=C%13C%14C%15%16C%17(O%16)C%18C%19=C%20C%21=C%22C(C(O)=C%23)=C%24C%25C%21=C%26C%19=C%27C%17=C%28C%14(O)C%12=C%10C=C%28CC%27=CC%26=CC%25=C(C(O)=O)C=C%24)C9=C7C%13(O)C5=C%15C3=C%18C%29%30C%20(O%30)C%31C%22C%23=C%32)=CC(C(O)=O)=CC8=CC6=C(C(O)=O)C4=C2)=C%29C%33=C%31C%32=C(C(O)=O)C=C%331,,,,1.4000196350651586,10.1155_2014_941793_part_2.txt_¶Î1_Material1
[*]NCC(NC(C(ONCC(NC(C(NCC(NC(C([*])=O)C)=O)=O)C)=O)=O)CO)=O,[*]C([H])([H])C(O)([H])[*],[*]C(C(OC1O[*])COC(O[Na])=O)C(O)C1N,[*]OCC[*],,1.6989700043360187,10.3389_fphar.2023.1117542_OA_part_1.txt_¶Î1_Material1
[*]C(C)C[*],[*]C/C=C/CCC([*])C#N,CC(CC(C(C(O1)=O)CC1=O)[*])C[*],,,1.2227164711475833,10.1002_vnl.21612_part_1.txt_¶Î1_Material1
[*]C/C=C\CCC(C=C)[*],[H][O-],,,,1.1760912590556811,10.1002_app.49374_part_1.txt_¶Î1_Material1
[*]CC(COC1=CC=C(C=C1)C(C)(C)C2=CC=C(C=C2)O[*])O,[*]C/C=C/CCC(C/C=C\C[*])C=C,,,,1.7189996378787182,10.1002_app.35417_part_1.txt_¶Î1_Material1
[*]C(NC1=C(C)C(NC(OCCO[*])=O)=CC=C1)=O,[*]C(CCCCCO[*])=O,OCCCCO,CC1(CC(CC(C)(C1)C)N=C=O)CN=C=O,,0.8388490907372553,10.1007_s00289-018-2304-3_part_3.txt_¶Î1_Material1
[*]CC(COC1=CC=C(C=C1)C(C)(C)C2=CC=C(C=C2)O[*])O,[Al],,,,1.980911937776844,10.1007_s10570-021-04037-9_part_1.txt_¶Î1_Material1
O=C([*])OC1=CC=C(C=C1)C(C)(C)C2=CC=C(C=C2)O[*],[*]CC(CC=CCC([*])C1=CC=CC=C1)C#N,[H][Si]([H])([H])[H],,,1.715167357848458,10.1080_03602559.2014.909478_part_1.txt_¶Î1_Material2
[*]C(C)C[*],[O-][Si]([O-])([O-])O[Si]([O-])([O-])[O-].[Ca+2],[O-][Si]([O-])([O-])O[Si]([O-])([O-])[O-].[Ca+2],,,1.1139433523068367,10.1002_pc.24701_part_1.txt_¶Î1_Material1
[*]C(C)C[*],O=[Si]=O,C12=CC3=CC4=CC=CN=C4N=C3N=C1N=C5N=C6N=CC=CC6=CC5=C2,CC(CC(C(C(O1)=O)CC1=O)[*])C[*],OC1=C2C(C3(O)C4C5C6=C7C8C(C9=CC(C(O)=O)=C(C=C(C=C%10C(O)=O)C%11%12)C(C%11=C%13C%14C%15%16C%17(O%16)C%18C%19=C%20C%21=C%22C(C(O)=C%23)=C%24C%25C%21=C%26C%19=C%27C%17=C%28C%14(O)C%12=C%10C=C%28CC%27=CC%26=CC%25=C(C(O)=O)C=C%24)C9=C7C%13(O)C5=C%15C3=C%18C%29%30C%20(O%30)C%31C%22C%23=C%32)=CC(C(O)=O)=CC8=CC6=C(C(O)=O)C4=C2)=C%29C%33=C%31C%32=C(C(O)=O)C=C%331,1.60788374435699,10.1007_s13726-020-00794-9_part_1.txt_¶Î1_Material1
[*]CC([*])Cl,[*]CC(CC=CCC([*])C1=CC=CC=C1)C#N,[*]CC[*],,,1.802773725291976,10.1016_j.polymer.2020.122198_part_1.txt_¶Î1_Material1
[*]C1=CC=C(C=C1)C(N[*])=O,[*]CC(COC1=CC=C(C=C1)C(C)(C)C2=CC=C(C=C2)O[*])O,,,,1.5932860670204574,10.1177_8756087913498883_part_1.txt_¶Î1_Material1
[*]C1C(C(C(OC1C(O[Na])=O)OC2C(C(O[Na])=O)OC(O[*])C(O)C2O)O)O,O=C(O)C([*])C[*],Cl[Ca]Cl,,,0.9661417327390326,10.1515_epoly-2015-0060_part_1.txt_¶Î1_Material1
[*]CC[*],OCC1OC(C(C(C1[*])O)O)OC2C(C(C(OC2CO)O[*])O)O,O=[Si]=O,OCCOC1C(OCCO)C(C(OCCO)COCCOC(CCCCCCCCCCCCCCCCC)=O)OC1,,1.2619761913978127,10.3390_polym11071115_part_1.txt_¶Î1_Material1
O=C(C1=CC=C(C=C1)C(OCC[*])=O)O[*],[*]OC1OC(CO)C(OC2C(O)C(O)C([*])C(CO)O2)C(O)C1O,,,,1.3979400086720375,10.4172_2165-8064.1000207_part_1.txt_¶Î1_Material1
[*]CC([*])Cl,O=[Ti]=O,,,,1.63558426631123,10.1051_matecconf_20167801033_part_1.txt_¶Î1_Material1
[*]CC[*],[*]OCC[*],,,,1.2174839442139065,10.1016_j.compositesb.2016.06.043_part_2.txt_¶Î1_Material1
O=C(C1=CC=C(C=C1)C(OCC[*])=O)O[*],[*]OCC[*],[*]OCC[*],[Na+].[Cl-],,1.1931245983544616,10.1007_s10570-018-2101-z_part_1.txt_¶Î1_Material1
[*]OCCOC(CC(C([*])=O)C(C1CCCCC1)CC(CC(O)=O)C(OCCO)=O)=O,CC(C)[Si](C(C)C)(OS(=O)(C(F)(F)F)=O)C(C)C,,,,1.434568904034199,10.1016_j.conbuildmat.2018.05.210_part_1.txt_¶Î1_Material1
O=C([*])C(C)O[*],C/C(C[*])=C/C[*],CC1(CC(CC(C)(C1)C)N=C=O)CN=C=O,CCCC[Sn](OC(CC(C)CCCCCCCC)=O)(OC(CCCCCCCCCCC)=O)CCCC,,1.380211241711606,10.4028_www.scientific.net_kem.531-532.317_part_1.txt_¶Î1_Material1
[*]CCCCO[*],,,,,1.599883072073688,10.1007_s00289-017-2088-x_part_4.txt_¶Î1_Material1
C/C(C[*])=C/C[*],[S],OC1=C2C(C3(O)C4C5C6=C7C8C(C9=CC(C(O)=O)=C(C=C(C=C%10C(O)=O)C%11%12)C(C%11=C%13C%14C%15%16C%17(O%16)C%18C%19=C%20C%21=C%22C(C(O)=C%23)=C%24C%25C%21=C%26C%19=C%27C%17=C%28C%14(O)C%12=C%10C=C%28CC%27=CC%26=CC%25=C(C(O)=O)C=C%24)C9=C7C%13(O)C5=C%15C3=C%18C%29%30C%20(O%30)C%31C%22C%23=C%32)=CC(C(O)=O)=CC8=CC6=C(C(O)=O)C4=C2)=C%29C%33=C%31C%32=C(C(O)=O)C=C%331,O=C(O)CCCCCCCCCCCCCCCCC,,1.1398790864012365,10.1080_03602559.2010.496425_part_1.txt_¶Î1_Material1
O=C([*])C(C)O[*],C/C(C[*])=C/C[*],[S],OC1=C2C(C3(O)C4C5C6=C7C8C(C9=CC(C(O)=O)=C(C=C(C=C%10C(O)=O)C%11%12)C(C%11=C%13C%14C%15%16C%17(O%16)C%18C%19=C%20C%21=C%22C(C(O)=C%23)=C%24C%25C%21=C%26C%19=C%27C%17=C%28C%14(O)C%12=C%10C=C%28CC%27=CC%26=CC%25=C(C(O)=O)C=C%24)C9=C7C%13(O)C5=C%15C3=C%18C%29%30C%20(O%30)C%31C%22C%23=C%32)=CC(C(O)=O)=CC8=CC6=C(C(O)=O)C4=C2)=C%29C%33=C%31C%32=C(C(O)=O)C=C%331,O=C(O)CCCCCCCCCCCCCCCCC,1.6232492903979006,10.4028_www.scientific.net_msf.885.298_part_1.txt_¶Î1_Material1
[*]C(C)C[*],OCC1OC(OC2C(O)C(O)C(O[*])OC2CO)C(O)C(O)C1[*],NC1=CC=C(C=C1)/C2=C3C=C/C(N\3)=C(C4=N/C(C=C4)=C(C5=CC=C(N5)/C(C6=CC=CC=C6)=C7N=C2C=C\7)/C8=CC=CC=C8)\C9=CC=CC=C9,,,1.4471580313422192,10.1007_s00289-010-0288-8_part_1.txt_¶Î1_Material1
[*]C1C(OC(C(C1O)O)OC2C(OC(C(C2O)O)O[*])CO)CO,[*]C([H])([H])C(O)([H])[*],O=[Al]O[Al]=O.O=[Si]=O.O=[Si]=O.O=[Si]=O,O=[Al]O[Al]=O.O=[Si]=O.O=[Si]=O.O=[Si]=O,OC(C(CC(O)=O)(CC(O)=O)O)=O,1.8155777483242672,10.1016_j.compscitech.2010.05.022_part_1.txt_¶Î1_Material1
[*]C([H])([H])C(O)([H])[*],[*]C([H])([H])C(O)([H])[*],O=C([O-])[O-].[Ca+2],,,1.4116197059632305,10.1016_j.ijadhadh.2019.102539_part_1.txt_¶Î1_Material1
[*]C(C1=CC=C(C(OCCCCO[*])=O)C=C1)=O,O=[Al]O[Al]=O.O=[Si]=O.O=[Si]=O.O=[Si]=O,O=[Al]O[Al]=O.O=[Si]=O.O=[Si]=O.O=[Si]=O,O=[Al]O[Al]=O.O=[Si]=O.O=[Si]=O.O=[Si]=O,,1.2174839442139065,10.1002_app.32616_part_1.txt_¶Î1_Material1
O=C(C1=CC=C(C=C1)C(OCC[*])=O)O[*],N(CC)(CC)CC,O=C([CH3])[CH3],,,1.4058583993176366,10.1002_pi.3112_part_1.txt_¶Î1_Material1
O=C(C1=CC=C(C=C1)C(OCC[*])=O)O[*],CC1(CC(CC(C)(C1)C)N=C=O)CN=C=O,N(CC)(CC)CC,CCCC[Sn](OC(CC(C)CCCCCCCC)=O)(OC(CCCCCCCCCCC)=O)CCCC,,1.2624510897304295,10.1016_j.porgcoat.2020.105545_part_1.txt_¶Î1_Material1
CC(C[*])O[*],,,,,1.380211241711606,10.4028_www.scientific.net_msf.986.18_part_1.txt_¶Î1_Material1
NC1=CC=C(C=C1)/C2=C3C=C/C(N\3)=C(C4=N/C(C=C4)=C(C5=CC=C(N5)/C(C6=CC=CC=C6)=C7N=C2C=C\7)/C8=CC=CC=C8)\C9=CC=CC=C9,O=C1C([*])C(CC[*])C(O1)=O,[H][O-],,,1.2289134059946882,10.1007_s10924-018-1296-2_part_1.txt_¶Î1_Material1
C/C(C[*])=C/C[*],OCC(O)CO,[*]OCC[*],,,0.9294189257142929,10.4028_www.scientific.net_kem.737.287_part_1.txt_¶Î1_Material1
[*]OC(C(C1O)O)OC(COC)C1OC(OC(C(C2O)OC3OC(C(C(C3OC)O)OC4OC(C(C(C4OC)O)[*])COC)CO)COC)C2OCC(OC)C,[*]C1C(O)C(O)C(OC2C(O)C(O)C(O[*])OC2COC(C)=O)OC1COC(C)=O,OC1=C2C(C3(O)C4C5C6=C7C8C(C9=CC(C(O)=O)=C(C=C(C=C%10C(O)=O)C%11%12)C(C%11=C%13C%14C%15%16C%17(O%16)C%18C%19=C%20C%21=C%22C(C(O)=C%23)=C%24C%25C%21=C%26C%19=C%27C%17=C%28C%14(O)C%12=C%10C=C%28CC%27=CC%26=CC%25=C(C(O)=O)C=C%24)C9=C7C%13(O)C5=C%15C3=C%18C%29%30C%20(O%30)C%31C%22C%23=C%32)=CC(C(O)=O)=CC8=CC6=C(C(O)=O)C4=C2)=C%29C%33=C%31C%32=C(C(O)=O)C=C%331,[H][O-],,1.7160033436347992,10.1016_j.matchemphys.2020.122963_part_1.txt_¶Î1_Material1
[*]C(NC1=C(C)C(NC(OCCO[*])=O)=CC=C1)=O,[*]C1C(OC(C(C1O)O)OC2C(OC(C(C2O)O)O[*])CO)CO,,,,0.9232440186302764,10.1002_app.41158_part_1.txt_¶Î1_Material1
[*]C(C)C[*],[*]C/C=C/CCC([*])C#N,CC(CC(C(C(O1)=O)CC1=O)[*])C[*],O[Si](O)(O[Si](O)(O)O)O.[Al].[Al].O,,1.416640507338281,10.1002_pc.25541_part_3.txt_¶Î1_Material1
[*]CC[*],O=C1C([*])C(CC[*])C(O1)=O,,,,1.380211241711606,10.1177_0892705720962170_part_1.txt_¶Î1_Material1
O=C([*])C(C)O[*],OP(O)(O)=O,,,,1.4393326938302626,10.4028_www.scientific.net_kem.798.322_part_1.txt_¶Î1_Material1
O=C([*])C(C)O[*],C12=C3C(C=CC4C3=C5C(CC6=CC7=C8C9=C(C(C=C%10)=CC=C9C=C7)C%11=C%10C%12)=CC4)=CC=C1C=C%12C%13=C%11C8=C6C5=C2%13,,,,1.3979400086720375,10.1002_pc.26053_part_2.txt_¶Î1_Material1
[*]NC(C(N1CCCC1C(NCC(N2CC(CC2C(NC(C(NCC([*])=O)=O)CO)=O)O)=O)=O)=O)CCCCN,OCC(C(C(C1N)O)O[*])OC1OC2C(OC(C(C2O)N)[*])CO,[H]C(=O)/C([H])=C(\[H])C1=CC=CC=C1,OCCOC1C(OCCO)C(C(OCCO)COCCOC(CCCCCCCCCCCCCCCCC)=O)OC1,,1.3010299956639813,10.1016_j.foodhyd.2017.12.012_part_1.txt_¶Î1_Material1
[*]C/C=C/CCC(C/C=C\C[*])C=C,[*]C/C=C/CCC(C/C=C\C[*])C=C,C[N+](CCO)(CCO)[3H],CC(C(=O)O)(CO)CO,,1.3324384599156054,10.1016_j.polymer.2016.07.039_part_1.txt_¶Î1_Material1
OCC1OC(C(C(C1[*])O)O)OC2C(C(C(OC2CO)O[*])O)O,O=C(C(C[*])[*])N,[Fe+3],,,-0.958607315,10.1016_j.carbpol.2020.117010_part_1.txt_¶Î1_Material1
[*]C(N(CN(C(OCOC(N(CN(C(OCCO[*])=O)[H])[H])=O)=O)[H])[H])=O,[*]C(N(CN(C(OCOC(N(CN(C(OCCO[*])=O)[H])[H])=O)=O)[H])[H])=O,,,,1.2753113545418118,10.1002_pc.24864_part_1.txt_¶Î1_Material1
C/C(C[*])=C/C[*],[*]C(C)C[*],[Zn]=O,,,0.9822712330395684,10.1016_j.proche.2012.06.021_part_1.txt_¶Î1_Material1
[*]C(C)C[*],O=C([*])OC1=CC=C(C=C1)C(C)(C)C2=CC=C(C=C2)O[*],[*]CC(CCCC(CC)CC([*])C1=CC=CC=C1)C2=CC=CC=C2,O1C(=O)C=CC1=O,,1.6989700043360187,10.1002_app.33715_part_1.txt_¶Î1_Material1
O=C(C1=CC=C(C=C1)C(OCC[*])=O)O[*],O=[Si]=O,,,,1.6344772701607315,10.1088_1757-899x_149_1_012091_part_1.txt_¶Î1_Material1
OCC(C(C(C1N)O)O[*])OC1OC2C(OC(C(C2O)N)[*])CO,[*]NC(C(N1CCCC1C(NCC(N2CC(CC2C(NC(C(NCC([*])=O)=O)CO)=O)O)=O)=O)=O)CCCCN,[O-][Si]([O-])([O-])O[Si]([O-])([O-])[O-].[Ca+2],OC1=C2C(C3(O)C4C5C6=C7C8C(C9=CC(C(O)=O)=C(C=C(C=C%10C(O)=O)C%11%12)C(C%11=C%13C%14C%15%16C%17(O%16)C%18C%19=C%20C%21=C%22C(C(O)=C%23)=C%24C%25C%21=C%26C%19=C%27C%17=C%28C%14(O)C%12=C%10C=C%28CC%27=CC%26=CC%25=C(C(O)=O)C=C%24)C9=C7C%13(O)C5=C%15C3=C%18C%29%30C%20(O%30)C%31C%22C%23=C%32)=CC(C(O)=O)=CC8=CC6=C(C(O)=O)C4=C2)=C%29C%33=C%31C%32=C(C(O)=O)C=C%331,,1.3010299956639813,10.1016_j.ijbiomac.2019.04.115_part_1.txt_¶Î1_Material1
[*]CCCCO[*],CC1=CC=C(C=C1N=C=O)N=C=O,,,,1.3891660843645324,10.1007_s10965-012-0057-5_part_1.txt_¶Î1_Material1
C/C(C[*])=C/C[*],[S],CC1=CC(O)=C(C=C1CCCC(C2=C(C=C(C(C(C)(C)C)=C2)O)C)C3=CC(C(C)(C)C)=C(C=C3C)O)C(C)(C)C,,,1.0606978403536116,10.1080_03602559.2012.715361_part_1.txt_¶Î1_Material1
O=C([*])OC1=CC=C(C=C1)C(C)(C)C2=CC=C(C=C2)O[*],C12=C3C(C=CC4C3=C5C(CC6=CC7=C8C9=C(C(C=C%10)=CC=C9C=C7)C%11=C%10C%12)=CC4)=CC=C1C=C%12C%13=C%11C8=C6C5=C2%13,[C],,,1.6020599913279625,10.3390_ma10050545_part_4.txt_¶Î1_Material1
[*]C(C)C[*],OCC1OC(C(C(C1[*])O)O)OC2C(C(C(OC2CO)O[*])O)O,[*]O[Si](C)(C)[*],,,1.6263403673750425,10.1002_app.34308_part_2.txt_¶Î1_Material1
[*]C(C)C[*],OC1=C2C(C3(O)C4C5C6=C7C8C(C9=CC(C(O)=O)=C(C=C(C=C%10C(O)=O)C%11%12)C(C%11=C%13C%14C%15%16C%17(O%16)C%18C%19=C%20C%21=C%22C(C(O)=C%23)=C%24C%25C%21=C%26C%19=C%27C%17=C%28C%14(O)C%12=C%10C=C%28CC%27=CC%26=CC%25=C(C(O)=O)C=C%24)C9=C7C%13(O)C5=C%15C3=C%18C%29%30C%20(O%30)C%31C%22C%23=C%32)=CC(C(O)=O)=CC8=CC6=C(C(O)=O)C4=C2)=C%29C%33=C%31C%32=C(C(O)=O)C=C%331,,,,1.6532125137753435,10.1080_15583724.2015.1019136_part_6.txt_¶Î1_Material1
[*]CC([*])Cl,[*]CC(CC=CCC([*])C1=CC=CC=C1)C#N,O=C(CCCCCCCCCCCCCCCCC)O[Ca]OC(CCCCCCCCCCCCCCCCC)=O,,,1.6074550232146685,10.1002_vnl.21381_part_1.txt_¶Î1_Material1
[*]CCCC([*])OC(C)=O,C[Si](C)(C[*])O[*],O=C([O-])[O-].[Ca+2],[Al],O=[Al]O[Al]=O.O=[Si]=O.O=[Si]=O.O.O,0.7558748556724915,10.1002_pc.23595_part_1.txt_¶Î1_Material1
[*]C(C)C[*],C12=C3C(C=CC4C3=C5C(CC6=CC7=C8C9=C(C(C=C%10)=CC=C9C=C7)C%11=C%10C%12)=CC4)=CC=C1C=C%12C%13=C%11C8=C6C5=C2%13,NC1=CC=C(C=C1)/C2=C3C=C/C(N\3)=C(C4=N/C(C=C4)=C(C5=CC=C(N5)/C(C6=CC=CC=C6)=C7N=C2C=C\7)/C8=CC=CC=C8)\C9=CC=CC=C9,,,1.82013575187043,10.3390_polym12020438_part_2.txt_¶Î1_Material1
[*]CC[*],OCC(C(C(C1N)O)O[*])OC1OC2C(OC(C(C2O)N)[*])CO,OCC(O)CO,,,1.0791812460476249,10.1016_j.carbpol.2013.10.052_part_1.txt_¶Î1_Material1
O=C(CCCCC(N(CCCCCCN([*])[H])[H])=O)[*],[*]CC(COC1=CC=C(C=C1)C(C)(C)C2=CC=C(C=C2)O[*])O,O=[Si]=O,C12=CC3=CC4=CC=CN=C4N=C3N=C1N=C5N=C6N=CC=CC6=CC5=C2,C(C1=CC=C(N)C=C1)C1=CC=C(N)C=C1,2.903089986991944,10.1177_0021998314565410_part_1.txt_¶Î1_Material1
O=C(C1=CC=C(C=C1)C(OCC[*])=O)O[*],[H][Si]([H])([H])[H],O=C(C1=CC=C(C=C1)OCCOC(C=C)=O)C(C)(C)O,O=[Si]=O,,1.146128035678238,10.1002_pat.1890_part_1.txt_¶Î1_Material1
[*]OC1C(O)C(O)C(OC2C(CO)OC([*])C(O)C2O)OC1CO,,,,,1.3710678622717365,10.1007_s10570-017-1268-z_part_3.txt_¶Î1_Material1
[*]NC(C(N1CCCC1C(NCC(N2CC(CC2C(NC(C(NCC([*])=O)=O)CO)=O)O)=O)=O)=O)CCCCN,OCC(O)CO,,,,1.507990724819691,10.1016_j.foodhyd.2019.105201_part_2.txt_¶Î1_Material1
[*]CC([*])Cl,[*]C(NC1=C(C)C(NC(OCCO[*])=O)=CC=C1)=O,O=C(CCCCCCCCCCCCCCCCC)O[Ca]OC(CCCCCCCCCCCCCCCCC)=O,,,1.3463529744506386,10.1007_s12221-020-9665-6_part_1.txt_¶Î1_Material1
[*]C(CCCCC(OCCCCO[*])=O)=O,O=C([*])C(C)O[*],,,,1,10.3390_ma13214897_part_3.txt_¶Î1_Material1
[*]C(C)C[*],[*]C(C)C[*],O=[Al]O[Al]=O,,,1.5601458398490475,10.1007_s00107-014-0853-1_part_1.txt_¶Î1_Material1
O=C([O-])[O-].[Ca+2],[*]C([H])([H])C(O)([H])[*],O=C=NC(C=C1)=CC=C1CC2=CC=C(C=C2)N=C=O,,,1,10.3390_polym10060652_part_1.txt_¶Î1_Material1
[*]OCCOC(CC(C([*])=O)C(C1CCCCC1)CC(CC(O)=O)C(OCCO)=O)=O,[*]C1C(O)C(O)C(OC2C(O)C(O)C(O[*])OC2COCCO)OC1COCCO,,,,1.988112840268352,10.1515_hf-2014-0207_part_1.txt_¶Î1_Material1
O=C([*])C(C)O[*],C=C([CH3])C(=O)O[CH3],C=C(C(OCC1CO1)=O)C,,,1.6812412373755872,10.1080_15440478.2021.1916672_part_1.txt_¶Î1_Material1
[*]C1C(OC(C(C1O)O)OC2C(OC(C(C2O)O)O[*])CO)CO,OCC(O)CO,OC1=C2C(C3(O)C4C5C6=C7C8C(C9=CC(C(O)=O)=C(C=C(C=C%10C(O)=O)C%11%12)C(C%11=C%13C%14C%15%16C%17(O%16)C%18C%19=C%20C%21=C%22C(C(O)=C%23)=C%24C%25C%21=C%26C%19=C%27C%17=C%28C%14(O)C%12=C%10C=C%28CC%27=CC%26=CC%25=C(C(O)=O)C=C%24)C9=C7C%13(O)C5=C%15C3=C%18C%29%30C%20(O%30)C%31C%22C%23=C%32)=CC(C(O)=O)=CC8=CC6=C(C(O)=O)C4=C2)=C%29C%33=C%31C%32=C(C(O)=O)C=C%331,,,1.631443769013172,10.1016_j.indcrop.2021.113525_part_1.txt_¶Î1_Material1
C(C)(C1=CC=C(OCC2CO2)C=C1)(C)C1=CC=C(OCC2CO2)C=C1,[*]C(C1=CC=CC=C1)CC2C(OC(C2[*])=O)=O,,,,1.6720978579357175,10.1002_app.31860_part_2.txt_¶Î1_Material1
[*]CCCC(C1C([*])C2CC1C/C2=C/C)C,O=[Si]=O,O=[Si]=O,[H][Si]([H])([H])[H],,0.7708520116421442,10.1039_c8sm01712c_part_1.txt_¶Î1_Material1
[*]C(C)C[*],[C],,,,1.5145477526602862,10.1002_app.32540_part_2.txt_¶Î1_Material1
[*]CC(COC1=CC=C(C=C1)C(C)(C)C2=CC=C(C=C2)O[*])O,CC1=CC(O)=C(C=C1CCCC(C2=C(C=C(C(C(C)(C)C)=C2)O)C)C3=CC(C(C)(C)C)=C(C=C3C)O)C(C)(C)C,[C],,,1.954242509439325,10.1177_0967391111019002-317_part_1.txt_¶Î1_Material1
OCC(C(C(C1N)O)O[*])OC1OC2C(OC(C(C2O)N)[*])CO,OCC(O)CO,OCCOC1C(OCCO)C(C(OCCO)COCCOC(CCCCCCCCCCCCCCCCC)=O)OC1,,,1.5427009694481109,10.1016_j.jfoodeng.2012.07.009_part_1.txt_¶Î1_Material2
[*]CCC(CCCC(CCCC(C[*])C)C)C,,,,,1.705007959333336,10.1016_j.polymertesting.2018.11.048_part_5.txt_¶Î1_Material1
O=C([*])CCCCCN[*],C(C)(C1=CC=C(OCC2CO2)C=C1)(C)C1=CC=C(OCC2CO2)C=C1,,,,1.741939077729199,10.1002_app.33662_part_2.txt_¶Î1_Material1
[*]C/C=C/CCC(C=C)CC([*])C1=CC=CC=C1,O=[Si]=O,[*]OCC[*],,,1.2041199826559248,10.3390_polym13050788_part_3.txt_¶Î1_Material1
OCC1OC(C(C(C1[*])O)O)OC2C(C(C(OC2CO)O[*])O)O,[H][O-],,,,2,10.1007_s10570-020-03332-1_part_4.txt_¶Î1_Material1
[*]C/C=C/CCC(C=C)CC([*])C1=CC=CC=C1,,,,,0.8407332346118067,10.1002_app.33165_part_2.txt_¶Î1_Material1
[*]CC([*])Cl,[*]CC(COC1=CC=C(C=C1)C(C)(C)C2=CC=C(C=C2)O[*])O,,,,1.963787827345556,10.1070_rcr4477_part_3.txt_¶Î1_Material1
[*]C(C)C[*],OCC1OC(C(C(C1[*])O)O)OC2C(C(C(OC2CO)O[*])O)O,NC1=CC=C(C=C1)/C2=C3C=C/C(N\3)=C(C4=N/C(C=C4)=C(C5=CC=C(N5)/C(C6=CC=CC=C6)=C7N=C2C=C\7)/C8=CC=CC=C8)\C9=CC=CC=C9,O=[Al]O[Al]=O.O=[Si]=O.O=[Si]=O.O=[Si]=O,,1.292256071356476,10.1177_0731684412438793_part_1.txt_¶Î1_Material1
[*]C/C=C/CCC([*])C#N,[*]CCCC([*])OC(C)=O,,,,1.1613680022349748,10.1002_pc.26049_part_1.txt_¶Î1_Material1
C/C(C[*])=C/C[*],[S],,,,1.255272505103306,10.1002_masy.201900150_part_1.txt_¶Î1_Material1
[*]OCCOC(CC(C([*])=O)C(C1CCCCC1)CC(CC(O)=O)C(OCCO)=O)=O,,,,,1.7810369386211318,10.1021_ie303433v_part_2.txt_¶Î1_Material1
[*]CC(COC1=CC=C(C=C1)C(C)(C)C2=CC=C(C=C2)O[*])O,C12=CC3=CC4=CC=CN=C4N=C3N=C1N=C5N=C6N=CC=CC6=CC5=C2,,,,2.0453229787866576,10.1016_j.compositesa.2018.08.019_part_1.txt_¶Î1_Material1
[*]C(NC1=C(C)C(NC(OCCO[*])=O)=CC=C1)=O,[*]CC(C1=CC=CC=C1)[*],OC1=C2C(C3(O)C4C5C6=C7C8C(C9=CC(C(O)=O)=C(C=C(C=C%10C(O)=O)C%11%12)C(C%11=C%13C%14C%15%16C%17(O%16)C%18C%19=C%20C%21=C%22C(C(O)=C%23)=C%24C%25C%21=C%26C%19=C%27C%17=C%28C%14(O)C%12=C%10C=C%28CC%27=CC%26=CC%25=C(C(O)=O)C=C%24)C9=C7C%13(O)C5=C%15C3=C%18C%29%30C%20(O%30)C%31C%22C%23=C%32)=CC(C(O)=O)=CC8=CC6=C(C(O)=O)C4=C2)=C%29C%33=C%31C%32=C(C(O)=O)C=C%331,C[Si](C)(C[*])O[*],,1.0334237554869496,10.1016_j.polymer.2020.122575_part_2.txt_¶Î1_Material1
[*]CCCCOCCCCOCCCCOCCCCO[*],O=C=NC(C=C1)=CC=C1CC2=CC=C(C=C2)N=C=O,,,,1.3979400086720375,10.1016_j.polymer.2019.121912_part_1.txt_¶Î1_Material1
O=C([*])OC1=CC=C(C=C1)C(C)(C)C2=CC=C(C=C2)O[*],[*]CC(CC=CCC([*])C1=CC=CC=C1)C#N,[Al],,,1.5658478186735176,10.1016_j.polymdegradstab.2015.11.007_part_1.txt_¶Î1_Material1
C/C(C[*])=C/C[*],O[Si](O)(O[Si](O)(O)O)O.[Al].[Al].O,O=C(C1=CC=C(C=C1)C(OCC[*])=O)O[*],,,1.1583624920952498,10.4028_www.scientific.net_kem.471-472.622_part_1.txt_¶Î1_Material1
[*]CC(COC1=CC=C(C=C1)C(C)(C)C2=CC=C(C=C2)O[*])O,O=[Si]=O,C12=CC3=CC4=CC=CN=C4N=C3N=C1N=C5N=C6N=CC=CC6=CC5=C2,,,2.4169731726030363,10.1007_s12221-021-0046-6_part_1.txt_¶Î1_Material1
[*]C(C)C[*],O=C(C1=CC=C(C([*])=O)C=C1)NC2=CCC(N[*])C=C2,C12=C3C(C=CC4C3=C5C(CC6=CC7=C8C9=C(C(C=C%10)=CC=C9C=C7)C%11=C%10C%12)=CC4)=CC=C1C=C%12C%13=C%11C8=C6C5=C2%13,NC1=CC=C(C=C1)/C2=C3C=C/C(N\3)=C(C4=N/C(C=C4)=C(C5=CC=C(N5)/C(C6=CC=CC=C6)=C7N=C2C=C\7)/C8=CC=CC=C8)\C9=CC=CC=C9,,1.146128035678238,10.4028_www.scientific.net_msf.1010.124_part_1.txt_¶Î1_Material1
C(C)(C1=CC=C(OCC2CO2)C=C1)(C)C1=CC=C(OCC2CO2)C=C1,O=C(C1=CC=C(C=C1)C(OCC[*])=O)O[*],O=C(C1=CC=C(C=C1)C(OCC[*])=O)O[*],O=[Ti]=O,,1.8721562727482928,10.4028_www.scientific.net_amr.787.408_part_1.txt_¶Î1_Material1
[*]C(CCCCCO[*])=O,C[N+](CCO)(CCO)[3H],,,,1.294466226161593,10.4028_www.scientific.net_kem.673.127_part_1.txt_¶Î1_Material1
O=C([*])CCCCCCCCCCC(NCCCCCCCCCCN[*])=O,O=[Al]O[Al]=O.O=[Si]=O.O=[Si]=O.O=[Si]=O,O=C([O-])[O-].[Ca+2],,,1.6592504687726608,10.1007_s12221-017-1074-0_part_1.txt_¶Î1_Material1
[*]C([C@H](C)OC([C@H](C)O[*])=O)=O,OP(O)(O)=O,C[N+](CCO)(CCO)[3H],[*]C1=NC2=CC3=C(C=C2O1)OC(C4=CC=C(C=C4)[*])=N3,,1.513217600067939,10.1002_pi.4700_part_1.txt_¶Î1_Material1
[*]C(C)C[*],C=C,O=[Si]=O,,,1.5440680443502757,10.3139_217.2411_part_3.txt_¶Î1_Material1
[*]CC([*])Cl,O=C([O-])[O-].[Ca+2],,,,1.3979400086720375,10.1080_09593330.2018.1461247_part_1.txt_¶Î1_Material1
[*]CCCC(C1C([*])C2CC1C/C2=C/C)C,[*]CCCC(C1C([*])C2CC1C/C2=C/C)C,[Zn]=O,O=C(O)CCCCCCCCCCCCCCCCC,[S],1.0969100130080565,10.1002_vnl.21369_part_1.txt_¶Î1_Material1
[*]C/C=C/CCC([*])C#N,O=[Si]=O,[H][Si]([H])([H])[H],,,1.1818435879447726,10.3139_217.2522_part_1.txt_¶Î1_Material1
[*]C(C)C[*],[*]NC1=CC=C([*])C=C1,O=[Si]=O,,,0.8450980400142568,10.1016_j.synthmet.2012.06.012_part_1.txt_¶Î1_Material1
[*]C(NC1=C(C)C(NC(OCCO[*])=O)=CC=C1)=O,O=C(O)C(C[*])CC(CC(C(C(O)=O)[*])C(O)=O)C(O)=O,,,,1.3010299956639813,10.1080_10601325.2018.1561151_part_2.txt_¶Î1_Material1
[*]C([H])([H])C(O)([H])[*],[*]C1C(OC(C(C1O)O)OC2C(OC(C(C2O)O)O[*])CO)CO,,,,1.19506899646859,10.1016_j.carbpol.2021.117930_part_1.txt_¶Î1_Material1
O=C([*])C(C)O[*],[*]C(CCCCCO[*])=O,[*]O[C@H](C)CC([*])=O,CCCCCC1OC1CC2OC2CCCCCCCC(OC(COC(CCCCCCCC3OC3CC4OC4CCCCC)=O)COC(CCCCCCCC5OC5CC6OC6CCCCC)=O)=O,,1.5352941200427703,10.3390_ma10111339_part_1.txt_¶Î1_Material1
[*]C/C=C/CCC([*])C#N,,,,,1,10.1016_j.polymertesting.2014.02.003_part_1.txt_¶Î1_Material1
[*]C1C(OC(C(C1O)O)OC2C(OC(C(C2O)O)O[*])CO)CO,OCC1OC(C(C(C1[*])O)O)OC2C(C(C(OC2CO)O[*])O)O,[*]C1C(OC(C(C1O)O)OC2C(OC(C(C2O)O)O[*])CO)CO,O=[Si]=O,OC(C(CC(O)=O)(CC(O)=O)O)=O,1.0755469613925308,10.1007_s10570-017-1399-2_part_2.txt_¶Î1_Material1
[*]C(C)C[*],[*]C(C)C[*],,,,1.403120521175818,10.1007_s00289-011-0642-5_part_2.txt_¶Î1_Material1
[*]C/C=C/CCC(C=C)CC([*])C1=CC=CC=C1,[C],OC1=C2C(C3(O)C4C5C6=C7C8C(C9=CC(C(O)=O)=C(C=C(C=C%10C(O)=O)C%11%12)C(C%11=C%13C%14C%15%16C%17(O%16)C%18C%19=C%20C%21=C%22C(C(O)=C%23)=C%24C%25C%21=C%26C%19=C%27C%17=C%28C%14(O)C%12=C%10C=C%28CC%27=CC%26=CC%25=C(C(O)=O)C=C%24)C9=C7C%13(O)C5=C%15C3=C%18C%29%30C%20(O%30)C%31C%22C%23=C%32)=CC(C(O)=O)=CC8=CC6=C(C(O)=O)C4=C2)=C%29C%33=C%31C%32=C(C(O)=O)C=C%331,O=C(O)CCCCCCCCCCCCCCCCC,CC1=CC(O)=C(C=C1CCCC(C2=C(C=C(C(C(C)(C)C)=C2)O)C)C3=CC(C(C)(C)C)=C(C=C3C)O)C(C)(C)C,1.287801729930226,10.1002_app.36710_part_1.txt_¶Î1_Material1
[*]C(N(CN(C(OCOC(N(CN(C(OCCO[*])=O)[H])[H])=O)=O)[H])[H])=O,O1C(=O)C=CC1=O,,,,0.9731278535996988,10.1016_j.indcrop.2015.05.080_part_2.txt_¶Î1_Material1
[*]C(NC1=C(C)C(NC(OCCO[*])=O)=CC=C1)=O,[*]CC(COC1=CC=C(C=C1)C(C)(C)C2=CC=C(C=C2)O[*])O,,,,1.4800069429571503,10.1002_pat.1603_part_1.txt_¶Î1_Material1
[*]CC(COC1=CC=C(C=C1)C(C)(C)C2=CC=C(C=C2)O[*])O,O=C(C1=CC=C(C=C1)C(OCC[*])=O)O[*],C=C(C)C(=O)OCC(O)COC1=CC=C(C(C2=CC=C(O)C=C2)(C)C)C=C1,,,2,10.1016_j.conbuildmat.2021.123565_part_1.txt_¶Î1_Material1
[*]OCCCCOC(CCC([*])=O)=O,[Ti](OCCCC)(OCCCC)(OCCCC)OCCCC,,,,1.2741578492636798,10.1021_ie501504b_part_1.txt_¶Î1_Material1
[*]C(C)C[*],O=C(C1=CC=C(C([*])=O)C=C1)NC2=CCC(N[*])C=C2,O=[Al]O[Al]=O.O=[Si]=O.O=[Si]=O.O=[Si]=O,,,1.4983105537896004,10.1002_pc.23616_part_1.txt_¶Î1_Material1
OCC(C(C(C1N)O)O[*])OC1OC2C(OC(C(C2O)N)[*])CO,[*]CC([*])N1CCCC1=O,O=[Ti]=O,O=[Ti]=O,,1.6800634274819486,10.1088_1757-899x_757_1_012073_part_1.txt_¶Î1_Material1
[*]C([H])([H])C(O)([H])[*],[*]C([H])([H])C(O)([H])[*],O=[Si]=O.[Ca]=O,O=[Si]=O,,1.2041199826559248,10.1617_s11527-010-9691-8_part_1.txt_¶Î1_Material1
[*]OCCOC(CC(C([*])=O)C(C1CCCCC1)CC(CC(O)=O)C(OCCO)=O)=O,[H][Si]([H])([H])[H],O=C(O)C([*])C[*],,,1.368472838440362,10.1016_j.matdes.2013.04.035_part_1.txt_¶Î1_Material1
[*]C/C=C/CCC(C=C)CC([*])C1=CC=CC=C1,O=[Si]=O,[O-][Si]([O-])([O-])O[Si]([O-])([O-])[O-].[Ca+2],,,1.2041199826559248,10.1002_pc.25533_part_2.txt_¶Î1_Material1
[*]CC(COC1=CC=C(C=C1)C(C)(C)C2=CC=C(C=C2)O[*])O,OCC1OC(C(C(C1O[*])O)O)[*],[*]OCC[*],,,1.715167357848458,10.1016_j.indcrop.2021.113804_part_1.txt_¶Î1_Material1
[*]CC[*],O=C1C([*])C(CC[*])C(O1)=O,O=[Al]O[Al]=O.O=[Si]=O.O=[Si]=O.O=[Si]=O,C[N+](CCO)(CCO)[3H],O=[Al]O[Al]=O.O=[Si]=O.O=[Si]=O.O=[Si]=O,1.3159703454569178,10.1134_s0965545x12010014_part_1.txt_¶Î1_Material1
[*]N1C(C2=CC3=C(C=C2C1=O)C(N(C3=O)C4=CC=C(C=C4)OC5=CC=C(C=C5)[*])=O)=O,O=[Si]=O,,,,2.4913616938342726,10.1007_s10853-013-7229-5_part_2.txt_¶Î1_Material1
[*]C(C)C[*],NC1=CC=C(C=C1)/C2=C3C=C/C(N\3)=C(C4=N/C(C=C4)=C(C5=CC=C(N5)/C(C6=CC=CC=C6)=C7N=C2C=C\7)/C8=CC=CC=C8)\C9=CC=CC=C9,CC1=CC(O)=C(C=C1CCCC(C2=C(C=C(C(C(C)(C)C)=C2)O)C)C3=CC(C(C)(C)C)=C(C=C3C)O)C(C)(C)C,,,1.3430144971507676,10.1515_eng-2019-0014_part_1.txt_¶Î1_Material1
[*]CCCC([*])OC(C)=O,OC1=C2C(C3(O)C4C5C6=C7C8C(C9=CC(C(O)=O)=C(C=C(C=C%10C(O)=O)C%11%12)C(C%11=C%13C%14C%15%16C%17(O%16)C%18C%19=C%20C%21=C%22C(C(O)=C%23)=C%24C%25C%21=C%26C%19=C%27C%17=C%28C%14(O)C%12=C%10C=C%28CC%27=CC%26=CC%25=C(C(O)=O)C=C%24)C9=C7C%13(O)C5=C%15C3=C%18C%29%30C%20(O%30)C%31C%22C%23=C%32)=CC(C(O)=O)=CC8=CC6=C(C(O)=O)C4=C2)=C%29C%33=C%31C%32=C(C(O)=O)C=C%331,,,,0.6989700043360189,10.1016_j.compscitech.2020.108609_part_1.txt_¶Î1_Material1
O=C([*])CCCCCN[*],[H][Si]([H])([H])[H],[H][Si]([H])([H])[H],[H][Si]([H])([H])[H],,2.0584260244570056,10.3144_expresspolymlett.2010.74_part_1.txt_¶Î1_Material1
[*]OCC[*],S=[Mo]=S,O=[Al]O[Al]=O,,,1.6020599913279625,10.1016_j.compositesa.2010.04.005_part_1.txt_¶Î1_Material1
[*]C([C@H](C)OC([C@H](C)O[*])=O)=O,OP(O)(O)=O,[*]C1=NC2=CC3=C(C=C2O1)OC(C4=CC=C(C=C4)[*])=N3,,,1.667452952889954,10.1002_pi.4700_part_1.txt_¶Î1_Material2
C[Si](C)(C[*])O[*],O=[Si]=O,O=[Si]=O,O=[Si]=O,,-0.040958608,10.1002_app.45544_part_2.txt_¶Î1_Material1
C/C(C[*])=C/C[*],CC1=CC(O)=C(C=C1CCCC(C2=C(C=C(C(C(C)(C)C)=C2)O)C)C3=CC(C(C)(C)C)=C(C=C3C)O)C(C)(C)C,O=C(O)CCCCCCCCCCCCCCCCC,OC1=C2C(C3(O)C4C5C6=C7C8C(C9=CC(C(O)=O)=C(C=C(C=C%10C(O)=O)C%11%12)C(C%11=C%13C%14C%15%16C%17(O%16)C%18C%19=C%20C%21=C%22C(C(O)=C%23)=C%24C%25C%21=C%26C%19=C%27C%17=C%28C%14(O)C%12=C%10C=C%28CC%27=CC%26=CC%25=C(C(O)=O)C=C%24)C9=C7C%13(O)C5=C%15C3=C%18C%29%30C%20(O%30)C%31C%22C%23=C%32)=CC(C(O)=O)=CC8=CC6=C(C(O)=O)C4=C2)=C%29C%33=C%31C%32=C(C(O)=O)C=C%331,[S],1.1760912590556811,10.1002_pc.22473_part_1.txt_¶Î1_Material1
[*]C/C=C\CCC(C=C)[*],O=C=NC(C=C1)=CC=C1CC2=CC=C(C=C2)N=C=O,,,,0.8633228601204559,10.1016_j.eurpolymj.2019.07.038_part_1.txt_¶Î1_Material1
[*]CC[*],[*]CC([*])Cl,[*]OC1OC(CO)C(OC2C(O)C(O)C([*])C(CO)O2)C(O)C1O,,,1.741939077729199,10.1515_polyeng-2012-0004_part_1.txt_¶Î1_Material1
[*]C(C)C[*],[H][Si]([H])([H])[H],,,,1.557507201905658,10.1177_1558925020958195_part_1.txt_¶Î1_Material1
OC1C(C(OC(C1O)OC2C(OC(C(C2O)O)OC3C(C(C(OC3C(OC)=O)OC4C(OC(C(C4O)O)[*])C(O)=O)O)O)C(OC)=O)C(O)=O)O[*],[*]C1C(C(C(OC1C(O[Na])=O)OC2C(C(O[Na])=O)OC(O[*])C(O)C2O)O)O,[*]OCC1C(C(C(CC1CO)COCC2C(C(C(CC2CO)C[*])O)COCC3C(C(C(C(O3)CO)O)O)COCC4C(C(C(C(O4)C(O)=O)COCC5C(C(C(C(O5)C(O)=O)O)O)O)O)O)O)O,OCC(O)CO,Cl[Ca]Cl,1.472024697700281,10.1016_j.ijbiomac.2021.04.111_part_1.txt_¶Î1_Material1
[*]C1C(C(C(OC1C(O[Na])=O)OC2C(C(O[Na])=O)OC(O[*])C(O)C2O)O)O,Cl[Ca]Cl,[Al],,,2.128980523966612,10.1016_j.carbpol.2015.09.034_part_1.txt_¶Î1_Material1
[*]C([H])([H])C(O)([H])[*],OCC(C(C(C1N)O)O[*])OC1OC2C(OC(C(C2O)N)[*])CO,OCC1OC(C(C(C1[*])O)O)OC2C(C(C(OC2CO)O[*])O)O,[Ag+],,1.740362689494244,10.2147_ijn.s60274_part_1.txt_¶Î1_Material1
[*]CC(COC1=CC=C(C=C1)C(C)(C)C2=CC=C(C=C2)O[*])O,[*]CC(COC1=CC=C(C=C1)C(C)(C)C2=CC=C(C=C2)O[*])O,,,,2.052578525044658,10.1007_s10570-021-03752-7_part_3.txt_¶Î1_Material1
[*]CC(COC1=CC=C(C=C1)C(C)(C)C2=CC=C(C=C2)O[*])O,[*]NC1=CC=C([*])C=C1,,,,1.6848453616444126,10.1080_03602559.2013.814145_part_1.txt_¶Î1_Material1
C/C(C[*])=C/C[*],[C],,,,1.1658376246901283,10.3311_ppch.12122_part_1.txt_¶Î1_Material1
[*]CC(COC1=CC=C(C=C1)C(C)(C)C2=CC=C(C=C2)O[*])O,O=C(C1=CC=C(C=C1)C(OCC[*])=O)O[*],O=[Si]=O,,,1.5368108659915414,10.1016_j.matpr.2019.09.183_part_2.txt_¶Î1_Material1
[*]C(N(CN(C(OCOC(N(CN(C(OCCO[*])=O)[H])[H])=O)=O)[H])[H])=O,[*]CC(C#N)[*],[H][Si]([H])([H])[H],,,1.4471580313422192,10.1007_s10965-010-9438-9_part_1.txt_¶Î1_Material1
[*]C(C)C[*],[Al],NC1=CC=C(C=C1)/C2=C3C=C/C(N\3)=C(C4=N/C(C=C4)=C(C5=CC=C(N5)/C(C6=CC=CC=C6)=C7N=C2C=C\7)/C8=CC=CC=C8)\C9=CC=CC=C9,,,1.3293978793610426,10.1016_j.conbuildmat.2013.02.079_part_1.txt_¶Î1_Material1
O=C([*])OC1=CC=C(C=C1)C(C)(C)C2=CC=C(C=C2)O[*],[O-][Si]([O-])([O-])O[Si]([O-])([O-])[O-].[Ca+2],,,,1.8119099804200989,10.1038_s41428-019-0181-8_part_1.txt_¶Î1_Material1
C/C(C[*])=C/C[*],O=[Si]=O,O=C(C1=CC=C(C=C1)C(OCC[*])=O)O[*],,,1.1583624920952498,10.4028_www.scientific.net_kem.471-472.622_part_1.txt_¶Î1_Material2
C/C(C[*])=C/C[*],[*]C(CCCCCO[*])=O,,,,1.146128035678238,10.1016_j.crci.2014.02.003_part_1.txt_¶Î1_Material1
O=C([*])CCCCCN[*],COC(C(C[*])([*])C)=O,COC(C(C[*])([*])C)=O,C(C)(C1=CC=C(OCC2CO2)C=C1)(C)C1=CC=C(OCC2CO2)C=C1,,2,10.1002_app.33662_part_1.txt_¶Î1_Material1
O=C(C1=CC=C(C=C1)C(OCC[*])=O)O[*],C12=C3C(C=CC4C3=C5C(CC6=CC7=C8C9=C(C(C=C%10)=CC=C9C=C7)C%11=C%10C%12)=CC4)=CC=C1C=C%12C%13=C%11C8=C6C5=C2%13,,,,1.8864907251724816,10.1002_pc.23366_part_1.txt_¶Î1_Material1
[*]C1C(OC(C(C1O)O)OC2C(OC(C(C2O)O)O[*])CO)CO,OC(C(CC(O)=O)(CC(O)=O)O)=O,OCC(O)CO,O=[Ti]=O,,1.6532125137753435,10.1002_pc.24598_part_1.txt_¶Î1_Material1
OCC(C(C(C1N)O)O[*])OC1OC2C(OC(C(C2O)N)[*])CO,[*]C([H])([H])C(O)([H])[*],[*]OCC[*],,,1.7840464158081133,10.1016_j.cej.2012.11.071_part_1.txt_¶Î1_Material1
[*]C(C)C[*],[*]CCCC(C1C([*])C2CC1C/C2=C/C)C,O=C([O-])[O-].[Ca+2],NC1=CC=C(C=C1)/C2=C3C=C/C(N\3)=C(C4=N/C(C=C4)=C(C5=CC=C(N5)/C(C6=CC=CC=C6)=C7N=C2C=C\7)/C8=CC=CC=C8)\C9=CC=CC=C9,,1,10.4028_www.scientific.net_kem.594-595.770_part_1.txt_¶Î1_Material1
[*]C(C)C[*],O=C([O-])[O-].[Ca+2],[H][Si]([H])([H])[H],,,1.3970705499594087,10.1007_s12221-017-7276-7_part_1.txt_¶Î1_Material3
[*]C1C(C(C(OC1C(O[Na])=O)OC2C(C(O[Na])=O)OC(O[*])C(O)C2O)O)O,OC1=C2C(C3(O)C4C5C6=C7C8C(C9=CC(C(O)=O)=C(C=C(C=C%10C(O)=O)C%11%12)C(C%11=C%13C%14C%15%16C%17(O%16)C%18C%19=C%20C%21=C%22C(C(O)=C%23)=C%24C%25C%21=C%26C%19=C%27C%17=C%28C%14(O)C%12=C%10C=C%28CC%27=CC%26=CC%25=C(C(O)=O)C=C%24)C9=C7C%13(O)C5=C%15C3=C%18C%29%30C%20(O%30)C%31C%22C%23=C%32)=CC(C(O)=O)=CC8=CC6=C(C(O)=O)C4=C2)=C%29C%33=C%31C%32=C(C(O)=O)C=C%331,OCC(O)CO,,,1.7676010680503356,10.1007_s42452-020-2936-4_part_1.txt_¶Î1_Material1
[*]C([H])([H])C(O)([H])[*],[*]CC([*])N1CCCC1=O,OCC(O)CO,,,0.8419848045901139,10.1002_bit.27743_part_2.txt_¶Î1_Material1
[*]C(C1=CC=C(C(OCCCCO[*])=O)C=C1)=O,O=C([*])OC1=CC=C(C=C1)C(C)(C)C2=CC=C(C=C2)O[*],,,,1.869231719730976,10.1007_s10692-018-9914-2_part_1.txt_¶Î1_Material1
[*]C1C(OC(C(C1O)O)OC2C(OC(C(C2O)O)O[*])CO)CO,O=C([*])C(C)O[*],OC(C(CC(O)=O)(CC(O)=O)O)=O,O1C(=O)C=CC1=O,O=C=NC(C=C1)=CC=C1CC2=CC=C(C=C2)N=C=O,1.7677493673455795,10.1007_s10924-014-0666-7_part_1.txt_¶Î1_Material1
[*]C(C)C[*],[*]NC1=CC=C([*])C=C1,,,,1.3364597338485296,10.1002_app.38532_part_1.txt_¶Î1_Material1
[*]CC[*],O=[Si]=O.[Ca]=O,O=[Si]=O,,,1.1613680022349748,10.1016_j.cemconcomp.2021.104030_part_1.txt_¶Î1_Material1
C/C(C[*])=C/C[*],[*]CC([*])N1CCCC1=O,,,,1.0969100130080565,10.1088_1757-899x_801_1_012091_part_1.txt_¶Î1_Material1
O=C(C(C[*])[*])N,[*]C1C(C(C(OC1C(O[Na])=O)OC2C(C(O[Na])=O)OC(O[*])C(O)C2O)O)O,O=[Al]O[Al]=O.O=[Si]=O.O=[Si]=O.O=[Si]=O,[Ca+2],,-0.795880017,10.1016_j.carbpol.2018.05.082_part_1.txt_¶Î1_Material1
[*]C(C)C[*],O=C([*])OC1=CC=C(C=C1)C(C)(C)C2=CC=C(C=C2)O[*],O=[Ti]=O,[*]C(C)C[*],,1.3560258571931227,10.1177_0021998316658536_part_1.txt_¶Î1_Material1
[*]C(N(CN(C(OCOC(N(CN(C(OCCO[*])=O)[H])[H])=O)=O)[H])[H])=O,COC(C(C[*])([*])C)=O,,,,1.7160033436347992,10.1016_j.compscitech.2013.08.011_part_1.txt_¶Î1_Material1
C[Si](C)(C[*])O[*],[Ag],[O-][Si]([O-])([O-])O[Si]([O-])([O-])[O-].[Ca+2],,,0.0681858617461616,10.1186_s12903-019-0867-5_part_1.txt_¶Î1_Material2
[*]NCC(NC(C(ONCC(NC(C(NCC(NC(C([*])=O)C)=O)=O)C)=O)=O)CO)=O,[*]NC(C(N1CCCC1C(NCC(N2CC(CC2C(NC(C(NCC([*])=O)=O)CO)=O)O)=O)=O)=O)CCCCN,OC1=C2C(C3(O)C4C5C6=C7C8C(C9=CC(C(O)=O)=C(C=C(C=C%10C(O)=O)C%11%12)C(C%11=C%13C%14C%15%16C%17(O%16)C%18C%19=C%20C%21=C%22C(C(O)=C%23)=C%24C%25C%21=C%26C%19=C%27C%17=C%28C%14(O)C%12=C%10C=C%28CC%27=CC%26=CC%25=C(C(O)=O)C=C%24)C9=C7C%13(O)C5=C%15C3=C%18C%29%30C%20(O%30)C%31C%22C%23=C%32)=CC(C(O)=O)=CC8=CC6=C(C(O)=O)C4=C2)=C%29C%33=C%31C%32=C(C(O)=O)C=C%331,,,1.3579348470004535,10.1016_j.eurpolymj.2020.109842_part_2.txt_¶Î1_Material1
O=C(CCCCC(N(CCCCCCN([*])[H])[H])=O)[*],[*]C(C1=CC=C(C(OCCCCO[*])=O)C=C1)=O,[*]C(C=C1)=CC=C1S[*],O=C([*])OC1=CC=C(C=C1)C(C)(C)C2=CC=C(C=C2)O[*],O=[Si]=O,2,10.1111_ffe.12363_part_1.txt_¶Î1_Material1
C/C(C[*])=C/C[*],[Mg]=O,,,,1.255272505103306,10.1007_s13726-015-0319-2_part_1.txt_¶Î1_Material1
[*]C(C)C[*],[*]CC[*],NC1=CC=C(C=C1)/C2=C3C=C/C(N\3)=C(C4=N/C(C=C4)=C(C5=CC=C(N5)/C(C6=CC=CC=C6)=C7N=C2C=C\7)/C8=CC=CC=C8)\C9=CC=CC=C9,CC1=CC(O)=C(C=C1CCCC(C2=C(C=C(C(C(C)(C)C)=C2)O)C)C3=CC(C(C)(C)C)=C(C=C3C)O)C(C)(C)C,,1.4578818967339924,10.1016_j.compscitech.2020.108395_part_1.txt_¶Î1_Material1
[*]C(C)C[*],NC1=CC=C(C=C1)/C2=C3C=C/C(N\3)=C(C4=N/C(C=C4)=C(C5=CC=C(N5)/C(C6=CC=CC=C6)=C7N=C2C=C\7)/C8=CC=CC=C8)\C9=CC=CC=C9,[H][O-],,,1.361538971269279,10.1002_app.38135_part_1.txt_¶Î1_Material1
[*]C(C)C[*],CC(CC(C(C(O1)=O)CC1=O)[*])C[*],O=[Al]O[Al]=O.O=[Si]=O.O=[Si]=O.O=[Si]=O,,,1.5314789170422551,10.1590_s0104-14282012005000004_part_2.txt_¶Î1_Material1
[*]C/C=C/CCC(C=C)CC([*])C1=CC=CC=C1,[Zn]=O,[S],O=C(O)CCCCCCCCCCCCCCCCC,,1.3692158574101427,10.3390_ma13071498_part_1.txt_¶Î1_Material1
[*]OCCOC(CC(C([*])=O)C(C1CCCCC1)CC(CC(O)=O)C(OCCO)=O)=O,O=[Ti]=O,O=[Si]=O,,,2.2430380486862944,10.1016_j.pnsc.2017.12.005_part_2.txt_¶Î1_Material1
[*]C(C)C[*],O=[Si]=O,OC1=C2C(C3(O)C4C5C6=C7C8C(C9=CC(C(O)=O)=C(C=C(C=C%10C(O)=O)C%11%12)C(C%11=C%13C%14C%15%16C%17(O%16)C%18C%19=C%20C%21=C%22C(C(O)=C%23)=C%24C%25C%21=C%26C%19=C%27C%17=C%28C%14(O)C%12=C%10C=C%28CC%27=CC%26=CC%25=C(C(O)=O)C=C%24)C9=C7C%13(O)C5=C%15C3=C%18C%29%30C%20(O%30)C%31C%22C%23=C%32)=CC(C(O)=O)=CC8=CC6=C(C(O)=O)C4=C2)=C%29C%33=C%31C%32=C(C(O)=O)C=C%331,[Zn]=O,,1.2479732663618066,10.1007_s11595-018-1851-6_part_1.txt_¶Î1_Material1
[*]C(C=C1)=CC=C1S[*],[*]OCCCCOC(CCC([*])=O)=O,O=C=NC(C=C1)=CC=C1CC2=CC=C(C=C2)N=C=O,,,1.568201724066995,10.1021_acs.iecr.5b00637_part_1.txt_¶Î1_Material1
[*]CC(COC1=CC=C(C=C1)C(C)(C)C2=CC=C(C=C2)O[*])O,O=[Si]=O,,,,1.692582562274909,10.1155_2020_7914796_part_2.txt_¶Î1_Material1
OCC1OC(C(C(C1[*])O)O)OC2C(C(C(OC2CO)O[*])O)O,[*]C1C(C(C(OC1C(O[Na])=O)OC2C(C(O[Na])=O)OC(O[*])C(O)C2O)O)O,OC1=C2C(C3(O)C4C5C6=C7C8C(C9=CC(C(O)=O)=C(C=C(C=C%10C(O)=O)C%11%12)C(C%11=C%13C%14C%15%16C%17(O%16)C%18C%19=C%20C%21=C%22C(C(O)=C%23)=C%24C%25C%21=C%26C%19=C%27C%17=C%28C%14(O)C%12=C%10C=C%28CC%27=CC%26=CC%25=C(C(O)=O)C=C%24)C9=C7C%13(O)C5=C%15C3=C%18C%29%30C%20(O%30)C%31C%22C%23=C%32)=CC(C(O)=O)=CC8=CC6=C(C(O)=O)C4=C2)=C%29C%33=C%31C%32=C(C(O)=O)C=C%331,,,1.7323937598229686,10.1007_s10570-020-03484-0_part_1.txt_¶Î1_Material1
[*]NCC(NC(C(ONCC(NC(C(NCC(NC(C([*])=O)C)=O)=O)C)=O)=O)CO)=O,[*]C1C(C(C(OC1C(O[Na])=O)OC2C(C(O[Na])=O)OC(O[*])C(O)C2O)O)O,[*]OCC[*],Cl[Ca]Cl,,1.0969100130080565,10.1007_s12221-020-9445-3_part_1.txt_¶Î1_Material1
CC(COC(C(CC(C(C(C(OC(C)C)=O)C1=CC=CC=C1)C(OCC(OC(C2=CC=CC=C2C(O)=O)=O)C)=O)C3=CC=CC=C3)C(C(OC(C)C[*])=O)C4=CC=CC=C4)=O)OC(C5=CC=CC=C5C(O[*])=O)=O,[H][O-],,,,1.6361868951987244,10.1177_0731684413518828_part_1.txt_¶Î1_Material1
O=C(C1=CC=C(C=C1)C(OCC[*])=O)O[*],[O-][Si]([O-])([O-])O[Si]([O-])([O-])[O-].[Ca+2],O=C([*])CCCCCN[*],,,1.7678976160180906,10.1016_j.compositesb.2021.108928_part_1.txt_¶Î1_Material1
CC(COC(C(CC(C(C(C(OC(C)C)=O)C1=CC=CC=C1)C(OCC(OC(C2=CC=CC=C2C(O)=O)=O)C)=O)C3=CC=CC=C3)C(C(OC(C)C[*])=O)C4=CC=CC=C4)=O)OC(C5=CC=CC=C5C(O[*])=O)=O,,,,,1.2291697025391009,10.1016_j.polymer.2021.123657_part_1.txt_¶Î1_Material1
C=CC1=CC=CC=C1,C/C(C[*])=C/C[*],[S],OC1=C2C(C3(O)C4C5C6=C7C8C(C9=CC(C(O)=O)=C(C=C(C=C%10C(O)=O)C%11%12)C(C%11=C%13C%14C%15%16C%17(O%16)C%18C%19=C%20C%21=C%22C(C(O)=C%23)=C%24C%25C%21=C%26C%19=C%27C%17=C%28C%14(O)C%12=C%10C=C%28CC%27=CC%26=CC%25=C(C(O)=O)C=C%24)C9=C7C%13(O)C5=C%15C3=C%18C%29%30C%20(O%30)C%31C%22C%23=C%32)=CC(C(O)=O)=CC8=CC6=C(C(O)=O)C4=C2)=C%29C%33=C%31C%32=C(C(O)=O)C=C%331,O=C(O)CCCCCCCCCCCCCCCCC,1.287801729930226,10.1080_03602559.2010.512348_part_1.txt_¶Î1_Material1
[*]CC(COC1=CC=C(C=C1)C(C)(C)C2=CC=C(C=C2)O[*])O,O=C(C1=CC=C(C=C1)C(OCC[*])=O)O[*],[*]OC1OC(CO)C(OC2C(O)C(O)C([*])C(CO)O2)C(O)C1O,O=[Si]=O,,1.499687082618404,10.1504_ijmatei.2018.093802_part_2.txt_¶Î1_Material1
O=C(O)C([*])C[*],O=C(O)C([*])C[*],,,,1,10.1016_j.matchemphys.2015.09.027_part_1.txt_¶Î1_Material1
[*]C(C)C[*],NC1=CC=C(C=C1)/C2=C3C=C/C(N\3)=C(C4=N/C(C=C4)=C(C5=CC=C(N5)/C(C6=CC=CC=C6)=C7N=C2C=C\7)/C8=CC=CC=C8)\C9=CC=CC=C9,[Al],,,1.416141031168329,10.4028_www.scientific.net_msf.1010.130_part_1.txt_¶Î1_Material1
[*]C(N(CN(C(OCOC(N(CN(C(OCCO[*])=O)[H])[H])=O)=O)[H])[H])=O,C=C([CH3])C(=O)O[CH3],N(CC)(CC)CC,,,1.3117538610557542,10.4028_www.scientific.net_amr.535-537.1386_part_1.txt_¶Î1_Material1
[*]NC(C(N1CCCC1C(NCC(N2CC(CC2C(NC(C(NCC([*])=O)=O)CO)=O)O)=O)=O)=O)CCCCN,[*]C1C(OC(C(C1O)O)OC2C(OC(C(C2O)O)O[*])CO)CO,OC1=C2C(C3(O)C4C5C6=C7C8C(C9=CC(C(O)=O)=C(C=C(C=C%10C(O)=O)C%11%12)C(C%11=C%13C%14C%15%16C%17(O%16)C%18C%19=C%20C%21=C%22C(C(O)=C%23)=C%24C%25C%21=C%26C%19=C%27C%17=C%28C%14(O)C%12=C%10C=C%28CC%27=CC%26=CC%25=C(C(O)=O)C=C%24)C9=C7C%13(O)C5=C%15C3=C%18C%29%30C%20(O%30)C%31C%22C%23=C%32)=CC(C(O)=O)=CC8=CC6=C(C(O)=O)C4=C2)=C%29C%33=C%31C%32=C(C(O)=O)C=C%331,,,1.360971883725936,10.1007_s13197-020-04904-6_part_1.txt_¶Î1_Material1
[*]C(C)C[*],[*]C(C)C[*],CCCCCCCCCCCCCCCCCCOC(CCC1=CC(C(C)(C)C)=C(C(C(C)(C)C)=C1)O)=O,,,1.172894697752176,10.1002_pen.23392_part_1.txt_¶Î1_Material1
OCC1OC(C(C(C1[*])O)O)OC2C(C(C(OC2CO)O[*])O)O,OCC(O)CO,[*]OCC[*],OC[C@@H]([C@H]([C@@H]([C@@H](CO)O)O)O)O,OCCOC1C(OCCO)C(C(OCCO)COCCOC(CCCCCCCCCCCCCCCCC)=O)OC1,1.0659529803138696,10.1016_j.scienta.2016.01.016_part_1.txt_¶Î1_Material1
[*]CC[*],[*]CC[*],[*]C(C)C[*],O=C1C([*])C(CC[*])C(O1)=O,,1.3988077302032644,10.1007_s12221-017-1106-9_part_1.txt_¶Î1_Material1
OC(C(C1OC2OC(C(C(C2O)O)OC3OC(C(C(C3O)O)O)COC4OC(C(C(C4O)O)OC5OC(C(C(C5O)O)OC6OC(C(C(C6O)O[*])O)C)CO)CO)CO)O[*])COC1CO,[*]C1C(C(C(OC1C(O[Na])=O)OC2C(C(O[Na])=O)OC(O[*])C(O)C2O)O)O,O=C(O[Na])COCC(OC(C(C1O)O)[*])C1OC(C(C(C2O[*])O)O)OC2COCC(O[Na])=O,OCC(O)CO,OC[C@@H]([C@H]([C@@H]([C@@H](CO)O)O)O)O,1.842609239610562,10.1111_ijfs.12039_part_1.txt_¶Î1_Material1
[*]C(C)C[*],C12=C3C(C=CC4C3=C5C(CC6=CC7=C8C9=C(C(C=C%10)=CC=C9C=C7)C%11=C%10C%12)=CC4)=CC=C1C=C%12C%13=C%11C8=C6C5=C2%13,O=C(C1=CC=C(C([*])=O)C=C1)NC2=CCC(N[*])C=C2,[*]C(C)C[*],,1.5287881917748962,10.1177_00952443211015362_part_1.txt_¶Î1_Material1
C/C(C[*])=C/C[*],C/C(C[*])=C/C[*],OC1=C2C(C3(O)C4C5C6=C7C8C(C9=CC(C(O)=O)=C(C=C(C=C%10C(O)=O)C%11%12)C(C%11=C%13C%14C%15%16C%17(O%16)C%18C%19=C%20C%21=C%22C(C(O)=C%23)=C%24C%25C%21=C%26C%19=C%27C%17=C%28C%14(O)C%12=C%10C=C%28CC%27=CC%26=CC%25=C(C(O)=O)C=C%24)C9=C7C%13(O)C5=C%15C3=C%18C%29%30C%20(O%30)C%31C%22C%23=C%32)=CC(C(O)=O)=CC8=CC6=C(C(O)=O)C4=C2)=C%29C%33=C%31C%32=C(C(O)=O)C=C%331,O=C(O)CCCCCCCCCCCCCCCCC,[S],1.3404441148401185,10.1007_s10570-017-1613-2_part_1.txt_¶Î1_Material1
[*]NC(C(N1CCCC1C(NCC(N2CC(CC2C(NC(C(NCC([*])=O)=O)CO)=O)O)=O)=O)=O)CCCCN,OCC1OC(C(C(C1[*])O)O)OC2C(C(C(OC2CO)O[*])O)O,,,,1.1583624920952498,10.1016_j.vacuum.2017.05.032_part_4.txt_¶Î1_Material1
C=C([CH3])C(=O)O[CH3],[*]C(CCCCCO[*])=O,OC1=C2C(C3(O)C4C5C6=C7C8C(C9=CC(C(O)=O)=C(C=C(C=C%10C(O)=O)C%11%12)C(C%11=C%13C%14C%15%16C%17(O%16)C%18C%19=C%20C%21=C%22C(C(O)=C%23)=C%24C%25C%21=C%26C%19=C%27C%17=C%28C%14(O)C%12=C%10C=C%28CC%27=CC%26=CC%25=C(C(O)=O)C=C%24)C9=C7C%13(O)C5=C%15C3=C%18C%29%30C%20(O%30)C%31C%22C%23=C%32)=CC(C(O)=O)=CC8=CC6=C(C(O)=O)C4=C2)=C%29C%33=C%31C%32=C(C(O)=O)C=C%331,,,0.9609461957338314,10.1016_j.rinp.2021.104125_part_1.txt_¶Î1_Material1
[*]C(C)C[*],O=C(O)CCCCCCCCCCCCCCCCC,CC1=CC=C(C=C1N=C=O)N=C=O,NC1=CC=C(C=C1)/C2=C3C=C/C(N\3)=C(C4=N/C(C=C4)=C(C5=CC=C(N5)/C(C6=CC=CC=C6)=C7N=C2C=C\7)/C8=CC=CC=C8)\C9=CC=CC=C9,,1.83416628394262,10.1016_j.compositesa.2011.10.011_part_1.txt_¶Î1_Material1
[*]C(C)C[*],O=[Al]O[Al]=O.O=[Si]=O.O=[Si]=O.O=[Si]=O,,,,1.4726101975960446,10.1515_epoly-2014-0128_part_1.txt_¶Î1_Material1
[*]CC([*])Cl,[*]CC(C(OC)=O)(CC(C/C=C/CCC(C1=CC=CC=C1)[*])C#N)C,O=C(CCCCCCCCCCCCCCCCC)O[Ca]OC(CCCCCCCCCCCCCCCCC)=O,,,1.6532125137753435,10.1177_0731684411427484_part_1.txt_¶Î1_Material1
[*]CC(COC1=CC=C(C=C1)C(C)(C)C2=CC=C(C=C2)O[*])O,C12=C3C(C=CC4C3=C5C(CC6=CC7=C8C9=C(C(C=C%10)=CC=C9C=C7)C%11=C%10C%12)=CC4)=CC=C1C=C%12C%13=C%11C8=C6C5=C2%13,,,,2.050495758883855,10.3390_polym10050485_part_3.txt_¶Î1_Material1
O=C([*])OC1=CC=C(C=C1)C(C)(C)C2=CC=C(C=C2)O[*],[*]C(C1=CC=C(C(OCCCCO[*])=O)C=C1)=O,O=[Si]=O,[*]CC(COC1=CC=C(C=C1)C(C)(C)C2=CC=C(C=C2)O[*])O,,2.138113146487167,10.1177_0731684415599071_part_1.txt_¶Î1_Material1
[*]CC(COC1=CC=C(C=C1)C(C)(C)C2=CC=C(C=C2)O[*])O,C[Si](C)(C[*])O[*],[H][Si]([H])([H])[H],,,1.4191293077419758,10.1557_jmr.2019.235_part_1.txt_¶Î1_Material1
O=C([*])C(C)O[*],[O-][Si]([O-])([O-])O[Si]([O-])([O-])[O-].[Ca+2],[H][Si]([H])([H])[H],,,2.0755469613925306,10.1016_j.polymertesting.2010.11.015_part_1.txt_¶Î1_Material1
O=C([*])OC1=CC=C(C=C1)C(C)(C)C2=CC=C(C=C2)O[*],[*]CCN[*],O=[Si]=O,,,2.1322276607333674,10.4172_2165-8064.1000366_part_1.txt_¶Î1_Material1
[*]C(C)C[*],[*]NCCCCCCCCCCCC([*])=O,,,,1.4727564493172125,10.1002_pc.24376_part_1.txt_¶Î1_Material1
N#CC(C1=CC=CC=N1)C1=CC=CC=C1,OCC(C(C(C1N)O)O[*])OC1OC2C(OC(C(C2O)N)[*])CO,,,,1.3673559210260189,10.4028_www.scientific.net_amm.716-717.28_part_1.txt_¶Î1_Material1
O=C(O[Na])COCC(OC(C(C1O)O)[*])C1OC(C(C(C2O[*])O)O)OC2COCC(O[Na])=O,O=[Al]O[Al]=O.O=[Si]=O.O=[Si]=O.O=[Si]=O,OC1=C2C(C3(O)C4C5C6=C7C8C(C9=CC(C(O)=O)=C(C=C(C=C%10C(O)=O)C%11%12)C(C%11=C%13C%14C%15%16C%17(O%16)C%18C%19=C%20C%21=C%22C(C(O)=C%23)=C%24C%25C%21=C%26C%19=C%27C%17=C%28C%14(O)C%12=C%10C=C%28CC%27=CC%26=CC%25=C(C(O)=O)C=C%24)C9=C7C%13(O)C5=C%15C3=C%18C%29%30C%20(O%30)C%31C%22C%23=C%32)=CC(C(O)=O)=CC8=CC6=C(C(O)=O)C4=C2)=C%29C%33=C%31C%32=C(C(O)=O)C=C%331,OC(C(C)(CC(C1=CC=CC=C1)[*])CC(C[*])(C(OCC2CO2)=O)C)=O,,1.0969100130080565,10.3390_polym11040675_part_8.txt_¶Î1_Material1
[*]CC([*])Cl,OC1=C2C(C3(O)C4C5C6=C7C8C(C9=CC(C(O)=O)=C(C=C(C=C%10C(O)=O)C%11%12)C(C%11=C%13C%14C%15%16C%17(O%16)C%18C%19=C%20C%21=C%22C(C(O)=C%23)=C%24C%25C%21=C%26C%19=C%27C%17=C%28C%14(O)C%12=C%10C=C%28CC%27=CC%26=CC%25=C(C(O)=O)C=C%24)C9=C7C%13(O)C5=C%15C3=C%18C%29%30C%20(O%30)C%31C%22C%23=C%32)=CC(C(O)=O)=CC8=CC6=C(C(O)=O)C4=C2)=C%29C%33=C%31C%32=C(C(O)=O)C=C%331,O=C(CCCCCCCCCCCCCCCCC)O[Ca]OC(CCCCCCCCCCCCCCCCC)=O,OCC(O)CO,,1.4983105537896004,10.1016_s1672-6529(13)60205-x_part_1.txt_¶Î1_Material1
[*]C(C)C[*],O1C(=O)C=CC1=O,OC1=C2C(C3(O)C4C5C6=C7C8C(C9=CC(C(O)=O)=C(C=C(C=C%10C(O)=O)C%11%12)C(C%11=C%13C%14C%15%16C%17(O%16)C%18C%19=C%20C%21=C%22C(C(O)=C%23)=C%24C%25C%21=C%26C%19=C%27C%17=C%28C%14(O)C%12=C%10C=C%28CC%27=CC%26=CC%25=C(C(O)=O)C=C%24)C9=C7C%13(O)C5=C%15C3=C%18C%29%30C%20(O%30)C%31C%22C%23=C%32)=CC(C(O)=O)=CC8=CC6=C(C(O)=O)C4=C2)=C%29C%33=C%31C%32=C(C(O)=O)C=C%331,,,1.520876381688342,10.1016_j.matpr.2020.02.964_part_1.txt_¶Î1_Material1
[H]N(C1=CC=C(C=C1)CC2=CC=C(C=C2)N(C(OCCO[*])=O)[H])C([*])=O,C12=CC3=CC4=CC=CN=C4N=C3N=C1N=C5N=C6N=CC=CC6=CC5=C2,,,,1.481442628502305,10.1007_s00289-021-03771-1_part_1.txt_¶Î1_Material1
[*]CC([*])Cl,C=C([CH3])C(=O)O[CH3],O=[Si]=O,O=[Si]=O,O=C(O)CCCCCCCCCCCCCCCCC,1.404833716619938,10.1080_03602559.2013.843695_part_1.txt_¶Î1_Material3
[*]NCC(NC(C(ONCC(NC(C(NCC(NC(C([*])=O)C)=O)=O)C)=O)=O)CO)=O,O=C(C1=CC=C(C=C1)C(OCC[*])=O)O[*],[*]CCN[*],,,1.7895807121644254,10.1007_s10856-018-6055-3_part_1.txt_¶Î1_Material1
[*]NC(C(N1CCCC1C(NCC(N2CC(CC2C(NC(C(NCC([*])=O)=O)CO)=O)O)=O)=O)=O)CCCCN,OC1C(C(OC(C1O)OC2C(OC(C(C2O)O)OC3C(C(C(OC3C(OC)=O)OC4C(OC(C(C4O)O)[*])C(O)=O)O)O)C(OC)=O)C(O)=O)O[*],OC[C@@H]([C@H]([C@@H]([C@@H](CO)O)O)O)O,OCCOC1C(OCCO)C(C(OCCO)COCCOC(CCCCCCCCCCCCCCCCC)=O)OC1,,1.7198282862543348,10.1111_jfpp.14480_part_1.txt_¶Î1_Material4
[*]NC(C(N1CCCC1C(NCC(N2CC(CC2C(NC(C(NCC([*])=O)=O)CO)=O)O)=O)=O)=O)CCCCN,OCCOC1C(OCCO)C(C(OCCO)COCCOC(CCCCCCCCCCCCCCCCC)=O)OC1,,,,1.0773679052841565,10.1016_j.foodhyd.2015.12.005_part_1.txt_¶Î1_Material1
OCC1OC(C(C(C1[*])O)O)OC2C(C(C(OC2CO)O[*])O)O,OCC1OC(C(C(C1[*])O)O)OC2C(C(C(OC2CO)O[*])O)O,,,,1.640481436970422,10.1007_s10570-019-02904-0_part_1.txt_¶Î1_Material1
[*]C(NC1=C(C)C(NC(OCCO[*])=O)=CC=C1)=O,O=C(CN(CN(CC(O)=O)CC(O)=O)CC(O)=O)O,,,,1.230448921378274,10.1016_j.matchemphys.2010.06.002_part_2.txt_¶Î1_Material1
O=C([*])CCCCCN[*],O=[Al]O[Al]=O.O=[Si]=O.O=[Si]=O.O=[Si]=O,,,,1.8127128667653687,10.1016_j.jallcom.2009.10.201_part_1.txt_¶Î1_Material1
O=C([*])CCCCCN[*],[*]CC(CCCC(CC)CC([*])C1=CC=CC=C1)C2=CC=CC=C2,O=[Mg].O=[Si]=O.O=[Si]=O.O=[Si]=O.O=[Si]=O.O=[Mg].O=[Mg].O,,,1.5726392970428134,10.1002_app.41381_part_2.txt_¶Î1_Material1
[*]C1C(OC(C(C1O)O)OC2C(OC(C(C2O)O)O[*])CO)CO,O=C([*])C(C)O[*],OCC(O)CO,,,1,10.12988_ces.2018.84194_part_1.txt_¶Î1_Material1
[*]C([H])([H])C(O)([H])[*],[*]NC(C(N1CCCC1C(NCC(N2CC(CC2C(NC(C(NCC([*])=O)=O)CO)=O)O)=O)=O)=O)CCCCN,,,,0.8512583487190752,10.1016_j.matpr.2020.12.297_part_1.txt_¶Î1_Material1
[*]C(N(CN(C(OCOC(N(CN(C(OCCO[*])=O)[H])[H])=O)=O)[H])[H])=O,OC1=C2C(C3(O)C4C5C6=C7C8C(C9=CC(C(O)=O)=C(C=C(C=C%10C(O)=O)C%11%12)C(C%11=C%13C%14C%15%16C%17(O%16)C%18C%19=C%20C%21=C%22C(C(O)=C%23)=C%24C%25C%21=C%26C%19=C%27C%17=C%28C%14(O)C%12=C%10C=C%28CC%27=CC%26=CC%25=C(C(O)=O)C=C%24)C9=C7C%13(O)C5=C%15C3=C%18C%29%30C%20(O%30)C%31C%22C%23=C%32)=CC(C(O)=O)=CC8=CC6=C(C(O)=O)C4=C2)=C%29C%33=C%31C%32=C(C(O)=O)C=C%331,OCC1OC(C(C(C1[*])O)O)OC2C(C(C(OC2CO)O[*])O)O,,,1.6354837468149122,10.3390_coatings10040400_part_1.txt_¶Î1_Material1
FC(F)([*])C([H])([*])[H],O=C(C1=CC=C(C=C1)C(OCC[*])=O)O[*],,,,1.3044905277734875,10.1002_app.41247_part_1.txt_¶Î1_Material1
[*]CC([*])Cl,[*]C/C=C/CCC([*])C#N,,,,0.8750612633917001,10.1002_app.42448_part_1.txt_¶Î1_Material1
[*]OCC[*],OCCCCO,,,,1.3710678622717365,10.1016_j.porgcoat.2021.106148_part_1.txt_¶Î1_Material1
[*]C(C)C[*],NC1=CC=C(C=C1)/C2=C3C=C/C(N\3)=C(C4=N/C(C=C4)=C(C5=CC=C(N5)/C(C6=CC=CC=C6)=C7N=C2C=C\7)/C8=CC=CC=C8)\C9=CC=CC=C9,O=[Mg].O=[Si]=O.O=[Si]=O.O=[Si]=O.O=[Si]=O.O=[Mg].O=[Mg].O,O=[Si]=O,[*]CCCC(C1C([*])C2CC1C/C2=C/C)C,1.462397997898956,10.1002_pc.22893_part_2.txt_¶Î1_Material1
O=C(O)C([*])C[*],OCC(C(C(C1N)O)O[*])OC1OC2C(OC(C(C2O)N)[*])CO,O[Si](O)(O[Si](O)(O)O)O.[Al].[Al].O,,,0.48572142648158,10.1016_j.compositesb.2020.108046_part_1.txt_¶Î1_Material1
[*][C@H]1[C@H](O)[C@@H](O)[C@H](O[C@H]2[C@H]([C@@H](O)[C@H](O[C@H]3[C@H](O)[C@H](O)[C@H](O[C@H]4[C@H](O)[C@H](O)[C@H](O[*])O[C@@H]4CO)O[C@@H]3CO)O[C@@H]2COC(C)=O)O)O[C@@H]1CO,,,,,1.0530784434834195,10.4028_www.scientific.net_amr.510.673_part_1.txt_¶Î1_Material1
[*]C(C)C[*],CC(CC(C(C(O1)=O)CC1=O)[*])C[*],C12=CC3=CC4=CC=CN=C4N=C3N=C1N=C5N=C6N=CC=CC6=CC5=C2,,,1.8290463368531824,10.1515_polyeng-2019-0355_part_1.txt_¶Î1_Material1
O=C([*])C1=CC=C2C=C(C=CC2=C1)OC(C3=CC=C(C=C3)O[*])=O,[C],,,,1.8350561017201164,10.1002_app.32540_part_2.txt_¶Î1_Material2
O=C([*])C(C)O[*],[*]CC(C1=CC=CC=C1)[*],OCC1OC(C(C(C1[*])O)O)OC2C(C(C(OC2CO)O[*])O)O,OC1=C2C(C3(O)C4C5C6=C7C8C(C9=CC(C(O)=O)=C(C=C(C=C%10C(O)=O)C%11%12)C(C%11=C%13C%14C%15%16C%17(O%16)C%18C%19=C%20C%21=C%22C(C(O)=C%23)=C%24C%25C%21=C%26C%19=C%27C%17=C%28C%14(O)C%12=C%10C=C%28CC%27=CC%26=CC%25=C(C(O)=O)C=C%24)C9=C7C%13(O)C5=C%15C3=C%18C%29%30C%20(O%30)C%31C%22C%23=C%32)=CC(C(O)=O)=CC8=CC6=C(C(O)=O)C4=C2)=C%29C%33=C%31C%32=C(C(O)=O)C=C%331,,1.3138672203691537,10.4028_www.scientific.net_kem.773.311_part_1.txt_¶Î1_Material1
[*]C(C)C[*],OCC1OC(C(C(C1[*])O)O)OC2C(C(C(OC2CO)O[*])O)O,[O-][Si]([O-])([O-])O[Si]([O-])([O-])[O-].[Ca+2],CC1=CC(O)=C(C=C1CCCC(C2=C(C=C(C(C(C)(C)C)=C2)O)C)C3=CC(C(C)(C)C)=C(C=C3C)O)C(C)(C)C,,1.1903316981702914,10.4028_www.scientific.net_kem.816.197_part_1.txt_¶Î1_Material1
[*]CC([*])Cl,OP(O)(O)=O,,,,1.6812412373755872,10.1002_pc.24098_part_1.txt_¶Î1_Material1
[*]C(CCCCCO[*])=O,OCC(C(C(C1N)O)O[*])OC1OC2C(OC(C(C2O)N)[*])CO,[*]C([H])([H])C(O)([H])[*],,,0.9148718175400504,10.1016_j.ijbiomac.2020.01.067_part_1.txt_¶Î1_Material1
[*]CC([*])Cl,C12=CC3=CC4=CC=CN=C4N=C3N=C1N=C5N=C6N=CC=CC6=CC5=C2,[O-][Si]([O-])([O-])O[Si]([O-])([O-])[O-].[Ca+2],,,1.8727388274726688,10.1002_pc.25754_part_1.txt_¶Î1_Material3
[*]NC(C(N1CCCC1C(NCC(N2CC(CC2C(NC(C(NCC([*])=O)=O)CO)=O)O)=O)=O)=O)CCCCN,CC1=CC(O)=C(C=C1CCCC(C2=C(C=C(C(C(C)(C)C)=C2)O)C)C3=CC(C(C)(C)C)=C(C=C3C)O)C(C)(C)C,,,,1.0969100130080565,10.1016_j.bcab.2021.102152_part_1.txt_¶Î1_Material1
[*]NCC(NC(C(ONCC(NC(C(NCC(NC(C([*])=O)C)=O)=O)C)=O)=O)CO)=O,[*]OCC[*],OCC1OC(C(C(C1[*])O)O)OC2C(C(C(OC2CO)O[*])O)O,,,1.3010299956639813,10.1002_app.35273_part_1.txt_¶Î1_Material1
O=C([*])OC1=CC=C(C=C1)C(C)(C)C2=CC=C(C=C2)O[*],CC1(CC(CC(C)(C1)C)N=C=O)CN=C=O,,,,1.582063362911709,10.4028_www.scientific.net_amr.499.104_part_1.txt_¶Î1_Material1
[*]C1C(OC(C(C1O)O)OC2C(OC(C(C2O)O)O[*])CO)CO,O=C([*])C(C)O[*],OC1=C2C(C3(O)C4C5C6=C7C8C(C9=CC(C(O)=O)=C(C=C(C=C%10C(O)=O)C%11%12)C(C%11=C%13C%14C%15%16C%17(O%16)C%18C%19=C%20C%21=C%22C(C(O)=C%23)=C%24C%25C%21=C%26C%19=C%27C%17=C%28C%14(O)C%12=C%10C=C%28CC%27=CC%26=CC%25=C(C(O)=O)C=C%24)C9=C7C%13(O)C5=C%15C3=C%18C%29%30C%20(O%30)C%31C%22C%23=C%32)=CC(C(O)=O)=CC8=CC6=C(C(O)=O)C4=C2)=C%29C%33=C%31C%32=C(C(O)=O)C=C%331,,,1.0413926851582251,10.5935_0103-5053.20150126_part_1.txt_¶Î1_Material1
[*]C(CCCCCO[*])=O,[Zn]=O,,,,0.8228216453031046,10.1590_0104-1428.04018_part_1.txt_¶Î1_Material1
[*]CC[*],[*]C(C)C[*],[H][Si]([H])([H])[H],O=C([O-])[O-].[Ca+2],,0.9020028913507294,10.1080_09593330.2021.1946162_part_2.txt_¶Î1_Material1
[*]C(C)C[*],O=C([O-])[O-].[Ca+2],OCC(C(C(C1N)O)O[*])OC1OC2C(OC(C(C2O)N)[*])CO,,,1.5368108659915414,10.1007_s12221-014-1278-5_part_2.txt_¶Î1_Material1
[*]C(CCCCCO[*])=O,[*]C(N(CN(C(OCOC(N(CN(C(OCCO[*])=O)[H])[H])=O)=O)[H])[H])=O,C[N+](CCO)(CCO)[3H],C[N+](CCO)(CCO)[3H],C[N+](CCO)(CCO)[3H],1.3820170425748683,10.1002_app.38408_part_1.txt_¶Î1_Material1
[*]C([H])([H])C(O)([H])[*],O=C(O)C([*])C[*],[Fe+3],,,0.5563025007672873,10.1002_pc.24933_part_2.txt_¶Î1_Material1
[*]OCCOC(CC(C([*])=O)C(C1CCCCC1)CC(CC(O)=O)C(OCCO)=O)=O,OC1=C2C(C3(O)C4C5C6=C7C8C(C9=CC(C(O)=O)=C(C=C(C=C%10C(O)=O)C%11%12)C(C%11=C%13C%14C%15%16C%17(O%16)C%18C%19=C%20C%21=C%22C(C(O)=C%23)=C%24C%25C%21=C%26C%19=C%27C%17=C%28C%14(O)C%12=C%10C=C%28CC%27=CC%26=CC%25=C(C(O)=O)C=C%24)C9=C7C%13(O)C5=C%15C3=C%18C%29%30C%20(O%30)C%31C%22C%23=C%32)=CC(C(O)=O)=CC8=CC6=C(C(O)=O)C4=C2)=C%29C%33=C%31C%32=C(C(O)=O)C=C%331,,,,2.0290589500844995,10.1002_pi.2801_part_1.txt_¶Î1_Material1
[*]CC(CC=CCC([*])C1=CC=CC=C1)C#N,[*]CC(C1=CC=CC=C1)[*],,,,1.3579348470004535,10.1016_j.polymer.2017.12.038_part_4.txt_¶Î1_Material1
[*]CC[*],OCC1OC(C(C(C1[*])O)O)OC2C(C(C(OC2CO)O[*])O)O,,,,1.414973347970818,10.1021_acsami.7b13963_part_3.txt_¶Î1_Material1
C=C(C)C(=O)OCC(O)COC1=CC=C(C(C2=CC=C(O)C=C2)(C)C)C=C1,[*]C1=CC=C(C=C1)C(N[*])=O,,,,1.6989700043360187,10.1002_pc.24561_part_1.txt_¶Î1_Material1
[*]C(NC1=C(C)C(NC(OCCO[*])=O)=CC=C1)=O,[*]C1C(O)C(O)C(OC2C(O)C(O)C(O[*])OC2COCCO)OC1COCCO,,,,1.0043213737826426,10.1016_j.polymer.2020.122532_part_1.txt_¶Î1_Material1
[*]C1C(OC(C(C1O)O)OC2C(OC(C(C2O)O)O[*])CO)CO,OCC1OC(C(C(C1[*])O)O)OC2C(C(C(OC2CO)O[*])O)O,OCC(O)CO,,,1.2041199826559248,10.4028_www.scientific.net_msf.1010.514_part_1.txt_¶Î1_Material1
[*]CC(C1=CC=CC=C1)[*],[*]C/C=C/CCC(C=C)CC([*])C1=CC=CC=C1,[*]CC(C1=CC=CC=C1)C/C=C/C[*],,,0.8512583487190752,10.1080_00222348.2014.1000739_part_2.txt_¶Î1_Material1
[*]C(CCCCCO[*])=O,O=C=NCCCCCCN=C=O,[*]NC(C(N1CCCC1C(NCC(N2CC(CC2C(NC(C(NCC([*])=O)=O)CO)=O)O)=O)=O)=O)CCCCN,[*]OC1C(C(O)=O)OC(OC2C(NC(C)=O)C([*])OC(CO)C2O)C(O)C1O,CCN=C=NCCCN(C)C,0.9777236052888476,10.3390_polym13091527_part_1.txt_¶Î1_Material1
OC1C(O[*])C(C(O[Ca]O2)=O)OC(OC3C(O)C(O)C(OC4C(C(O[Ca]O5)=O)OC(OC6C(O)C(O)C(OC7C(C(O[Ca]O8)=O)OC(OC9C(O)C(O)C([*])OC9C8=O)C(O)C7O)OC6C5=O)C(O)C4O)OC3C2=O)C1O,[Ca+2],,,,1,10.1016_j.ijbiomac.2015.07.021_part_1.txt_¶Î1_Material1
OCC(C(C(C1N)O)O[*])OC1OC2C(OC(C(C2O)N)[*])CO,O[Si](O)(O[Si](O)(O)O)O.[Al].[Al].O,,,,1.423737249982329,10.1016_j.foodhyd.2018.05.048_part_2.txt_¶Î1_Material1
[*]C([H])([H])C(O)([H])[*],OCC(C(C(C1N)O)O[*])OC1OC2C(OC(C(C2O)N)[*])CO,[*]C1=CC=C([*])N1,[*]CC(C1=CC=C(C=C1)S(O)(=O)=O)[*],[C],1.2750808984568585,10.3390_app11073040_part_1.txt_¶Î1_Material1
[*]C(C)C[*],NC1=CC=C(C=C1)/C2=C3C=C/C(N\3)=C(C4=N/C(C=C4)=C(C5=CC=C(N5)/C(C6=CC=CC=C6)=C7N=C2C=C\7)/C8=CC=CC=C8)\C9=CC=CC=C9,O=[Si]=O,,,1.506505032404872,10.1177_0731684413519006_part_1.txt_¶Î1_Material1
[*]CC(COC1=CC=C(C=C1)C(C)(C)C2=CC=C(C=C2)O[*])O,[*]C(NC1=C(C)C(NC(OCCO[*])=O)=CC=C1)=O,CCCC[Sn](OC(CC(C)CCCCCCCC)=O)(OC(CCCCCCCCCCC)=O)CCCC,OCC(O)CO,[O-][Si]([O-])([O-])O[Si]([O-])([O-])[O-].[Ca+2],1.8671727511786496,10.1177_096739111202000507_part_1.txt_¶Î1_Material1
O=C(CCCCCCCCCCC(NCCCCCCCCCCCCN[*])=O)[*],S=[Mo]=S,[*]C(F)(C(F)([*])F)F,,,1.6875289612146342,10.4028_www.scientific.net_amr.295-297.1573_part_1.txt_¶Î1_Material1
[*]CC[*],[*]CC[*],O=C([*])C(C)O[*],[Ti](OCCCC)(OCCCC)(OCCCC)OCCCC,,1.0492180226701815,10.4172_2469-9764.1000121_part_1.txt_¶Î1_Material1
[*]OCCOC(CC(C([*])=O)C(C1CCCCC1)CC(CC(O)=O)C(OCCO)=O)=O,[Cu],,,,1.6532125137753435,10.1016_j.proeng.2013.12.203_part_1.txt_¶Î1_Material1
[*]CC(COC1=CC=C(C=C1)C(C)(C)C2=CC=C(C=C2)O[*])O,[H][O-],[H][Si]([H])([H])[H],,,1.7781512503836436,10.1080_14484846.2020.1806194_part_1.txt_¶Î1_Material1
C[Si](C)(C[*])O[*],O=[Si]=O,O=[Si]=O,,,0.3074960379132129,10.1016_j.coco.2020.02.003_part_1.txt_¶Î1_Material1
[*]C(C)C[*],[*]CCC(CCCCCC)C[*],[C],,,1.3010299956639813,10.1002_pc.25672_part_1.txt_¶Î1_Material1
O=C([*])C(C)O[*],[*]C(CCCCC(OCCCCO[*])=O)=O,O=C([*])C(C)O[*],O=C([O-])[O-].[Ca+2],,1.5211380837040362,10.4028_www.scientific.net_amr.123-125.193_part_1.txt_¶Î1_Material1
O=C([*])C(C)O[*],O=C([*])OC1=CC=C(C=C1)C(C)(C)C2=CC=C(C=C2)O[*],,,,1.8123785111541943,10.11113_mjfas.v19n1.2754_OA_part_1.txt_¶Î1_Material1
O=C([*])CCCCCN[*],[*]CC(CCCC(CC)CC([*])C1=CC=CC=C1)C2=CC=CC=C2,[*]CC(CCCC(CC)CC([*])C1=CC=CC=C1)C2=CC=CC=C2,C12=C3C(C=CC4C3=C5C(CC6=CC7=C8C9=C(C(C=C%10)=CC=C9C=C7)C%11=C%10C%12)=CC4)=CC=C1C=C%12C%13=C%11C8=C6C5=C2%13,[C],1.5786392099680724,10.1155_2015_819580_part_1.txt_¶Î1_Material1
O=C(C(C[*])[*])N,[Ag+],[*]C1=C(C=CN2)C2=C([*])C(O)=C1O,,,-0.142667504,10.1016_j.carbpol.2021.117894_part_1.txt_¶Î1_Material1
[*]C(C)C[*],[*]C(C)C[*],OCC1OC(C(C(C1[*])O)O)OC2C(C(C(OC2CO)O[*])O)O,CCCCCCCCCCCCCCCCCCOC(CCC1=CC(C(C)(C)C)=C(C(C(C)(C)C)=C1)O)=O,,1.3443922736851108,10.1002_vnl.21711_part_1.txt_¶Î1_Material1
O=C(O)C([*])C[*],C[Si](C)(C[*])O[*],CCCCCCCCCCCCOS([O-])(=O)=O.[Na+],,,1.3521825181113625,10.1016_j.porgcoat.2016.10.009_part_2.txt_¶Î1_Material1
[*]C(C)C[*],[*]CCC(CCCCCC)C[*],O=C1C=CC(O1)=O.C=C,NC1=CC=C(C=C1)/C2=C3C=C/C(N\3)=C(C4=N/C(C=C4)=C(C5=CC=C(N5)/C(C6=CC=CC=C6)=C7N=C2C=C\7)/C8=CC=CC=C8)\C9=CC=CC=C9,,1.1038037209559568,10.1016_j.polymertesting.2017.05.031_part_3.txt_¶Î1_Material1
[*]CC(C1=CC=CC=C1)C/C=C/C[*],,,,,0.6812412373755872,10.3390_polym13081287_part_1.txt_¶Î1_Material1
[*]C(NC1=C(C)C(NC(OCCO[*])=O)=CC=C1)=O,O=C(O)C(C[*])CC(CC(C(C(O)=O)[*])C(O)=O)C(O)=O,N(CC)(CC)CC,,,1.1072099696478683,10.1016_j.polymer.2013.07.005_part_1.txt_¶Î1_Material1
O=C(CCCCC(N(CCCCCCN([*])[H])[H])=O)[*],[*]C(NC1=C(C)C(NC(OCCO[*])=O)=CC=C1)=O,[H][Si]([H])([H])[H],,,1.9294189257142929,10.1080_15685543.2013.813185_part_1.txt_¶Î1_Material1
[*]C1C(OC(C(C1O)O)OC2C(OC(C(C2O)O)O[*])CO)CO,OCC(C(C(C1N)O)O[*])OC1OC2C(OC(C(C2O)N)[*])CO,C(CC=O)CC=O,OCC(O)CO,,1.04688519083771,10.4028_www.scientific.net_amr.415-417.1626_part_1.txt_¶Î1_Material1
O=C([*])C(C)O[*],OCC1OC(C(C(C1[*])O)O)OC2C(C(C(OC2CO)O[*])O)O,O=C(O[Na])COCC(OC(C(C1O)O)[*])C1OC(C(C(C2O[*])O)O)OC2COCC(O[Na])=O,[H][Si]([H])([H])[H],,1.6998377258672457,10.1007_s10570-021-04086-0_part_2.txt_¶Î1_Material1
O=C(CCCCC(NCCCCCCCCCCN[*])=O)[*],,,,,1.5198279937757189,10.1021_ie302879t_part_1.txt_¶Î1_Material1
C[Si](O[*])(C)[*],[Ti](OCCCC)(OCCCC)(OCCCC)OCCCC,OC1=C2C(C3(O)C4C5C6=C7C8C(C9=CC(C(O)=O)=C(C=C(C=C%10C(O)=O)C%11%12)C(C%11=C%13C%14C%15%16C%17(O%16)C%18C%19=C%20C%21=C%22C(C(O)=C%23)=C%24C%25C%21=C%26C%19=C%27C%17=C%28C%14(O)C%12=C%10C=C%28CC%27=CC%26=CC%25=C(C(O)=O)C=C%24)C9=C7C%13(O)C5=C%15C3=C%18C%29%30C%20(O%30)C%31C%22C%23=C%32)=CC(C(O)=O)=CC8=CC6=C(C(O)=O)C4=C2)=C%29C%33=C%31C%32=C(C(O)=O)C=C%331,,,0.8808135922807914,10.1002_pc.25984_part_1.txt_¶Î1_Material1
OCC1OC(OC2C(O)C(O)C(O[*])OC2CO)C(O)C(O)C1[*],[H]O[H],,,,1.3443922736851108,10.3390_ma13194370_part_3.txt_¶Î1_Material1
O=C([*])CCCCCN[*],[C],,,,1.9508514588885464,10.1143_jjap.50.01af04_part_1.txt_¶Î1_Material1
OC(C(C1OC2OC(C(C(C2O)O)OC3OC(C(C(C3O)O)O)COC4OC(C(C(C4O)O)OC5OC(C(C(C5O)O)OC6OC(C(C(C6O)O[*])O)C)CO)CO)CO)O[*])COC1CO,OCC(C(C(C1N)O)O[*])OC1OC2C(OC(C(C2O)N)[*])CO,O[Si](O)(O[Si](O)(O)O)O.[Al].[Al].O,,,1.869231719730976,10.1016_j.clay.2021.106205_part_1.txt_¶Î1_Material1
O=C(CCCCC(N(CCCCCCN([*])[H])[H])=O)[*],,,,,2.204119982655925,10.1177_1099636220924654_part_3.txt_¶Î1_Material1
O=C(C1=CC=C(C=C1)C(OCC[*])=O)O[*],O=[Al]O[Al]=O,O=C([O-])[O-].[Ca+2],O=[Ti]=O,,1.5720579899263043,10.1016_j.jestch.2015.10.005_part_1.txt_¶Î1_Material1
[*]OC1C(C(OC(C1O)OC2C3C(C(OC2CO3)[*])O)CO)O,O=C(C(C[*])[*])N,C12=C3C(C=CC4C3=C5C(CC6=CC7=C8C9=C(C(C=C%10)=CC=C9C=C7)C%11=C%10C%12)=CC4)=CC=C1C=C%12C%13=C%11C8=C6C5=C2%13,,,-0.537602002,10.1002_pol.20200567_part_1.txt_¶Î1_Material1
[*]CC(CC=CCC([*])C1=CC=CC=C1)C#N,,,,,1.749736315569061,10.1002_pc.26076_part_4.txt_¶Î1_Material1
[*]NC(C(N1CCCC1C(NCC(N2CC(CC2C(NC(C(NCC([*])=O)=O)CO)=O)O)=O)=O)=O)CCCCN,OCC1OC(C(C(C1[*])O)O)OC2C(C(C(OC2CO)O[*])O)O,[Ag+],,,1.4714384073892992,10.1016_j.indcrop.2019.02.011_part_2.txt_¶Î1_Material1
O=C([*])OC1=CC=C(C=C1)C(C)(C)C2=CC=C(C=C2)O[*],[*]CC(CC=CCC([*])C1=CC=CC=C1)C#N,[*]CC(C1=CC=CC=C1)[*],,,1.7165875776756925,10.1007_s11665-015-1743-3_part_1.txt_¶Î1_Material1
[*]C(NC1=C(C)C(NC(OCCO[*])=O)=CC=C1)=O,[H][Si]([H])([H])[H],,,,1.3996737214810382,10.3390_polym12081772_part_1.txt_¶Î1_Material1
[*]C(C)C[*],O=C(C1=CC=C(C=C1)C(OCC[*])=O)O[*],O=C([O-])[O-].[Ca+2],,,1.6140531059872192,10.1016_j.compscitech.2012.01.001_part_1.txt_¶Î1_Material1
O=C(C(C[*])[*])N,[Na+].[Cl-],[*]NC(C(N1CCCC1C(NCC(N2CC(CC2C(NC(C(NCC([*])=O)=O)CO)=O)O)=O)=O)=O)CCCCN,,,-0.251811973,10.1021_acsmacrolett.6b00702_part_1.txt_¶Î1_Material1
[*]C(C)C[*],[C],[S],OC1=C2C(C3(O)C4C5C6=C7C8C(C9=CC(C(O)=O)=C(C=C(C=C%10C(O)=O)C%11%12)C(C%11=C%13C%14C%15%16C%17(O%16)C%18C%19=C%20C%21=C%22C(C(O)=C%23)=C%24C%25C%21=C%26C%19=C%27C%17=C%28C%14(O)C%12=C%10C=C%28CC%27=CC%26=CC%25=C(C(O)=O)C=C%24)C9=C7C%13(O)C5=C%15C3=C%18C%29%30C%20(O%30)C%31C%22C%23=C%32)=CC(C(O)=O)=CC8=CC6=C(C(O)=O)C4=C2)=C%29C%33=C%31C%32=C(C(O)=O)C=C%331,,1.2671717284030135,10.1016_j.jiec.2012.12.024_part_1.txt_¶Î1_Material1
[*]C/C=C/CCC([*])C#N,[*]CC[*],,,,1.1903316981702914,10.1088_1757-899x_1079_4_042015_part_1.txt_¶Î1_Material1
O=C([*])CCCCCN[*],[Mg+2].[OH-].[OH-],,,,1.9030899869919435,10.1007_s10973-023-12774-1_OA_part_2.txt_¶Î1_Material1
[*]C/C=C/CCC(C=C)CC([*])C1=CC=CC=C1,[*]C1=C(O)C(C(C)(C)C)=C(O)C(C)=C1SS[*],[*]CCCC(C1C([*])C2CC1C/C2=C/C)C,OC1=C2C(C3(O)C4C5C6=C7C8C(C9=CC(C(O)=O)=C(C=C(C=C%10C(O)=O)C%11%12)C(C%11=C%13C%14C%15%16C%17(O%16)C%18C%19=C%20C%21=C%22C(C(O)=C%23)=C%24C%25C%21=C%26C%19=C%27C%17=C%28C%14(O)C%12=C%10C=C%28CC%27=CC%26=CC%25=C(C(O)=O)C=C%24)C9=C7C%13(O)C5=C%15C3=C%18C%29%30C%20(O%30)C%31C%22C%23=C%32)=CC(C(O)=O)=CC8=CC6=C(C(O)=O)C4=C2)=C%29C%33=C%31C%32=C(C(O)=O)C=C%331,,1.3117538610557542,10.1002_app.39253_part_2.txt_¶Î1_Material1
[*]C(C)C[*],[Al],[O-][Si]([O-])([O-])O[Si]([O-])([O-])[O-].[Ca+2],,,1.6009728956867482,10.1016_j.coco.2017.06.005_part_1.txt_¶Î1_Material1
[*]C/C=C/CCC(C=C)CC([*])C1=CC=CC=C1,C/C(C[*])=C/C[*],C/C(C[*])=C/C[*],,,1.313656346618031,10.1016_j.polymertesting.2020.106350_part_1.txt_¶Î1_Material1
[*]C(NC1=C(C)C(NC(OCCO[*])=O)=CC=C1)=O,O=[Si]=O.O=[Al]O[Al]=O.O=[Si]=O.O=[Si]=O.O=[Si]=O.O,,,,1.5440680443502757,10.1016_j.ijbiomac.2011.09.010_part_1.txt_¶Î1_Material1
O=C([*])C(C)O[*],C[Si](O[*])(C)[*],[H][Si]([H])([H])[H],O=C(C1=CC=C(C=C1)C(OCC[*])=O)O[*],O=[Mg].O=[Si]=O.O=[Si]=O.O=[Si]=O.O=[Si]=O.O=[Mg].O=[Mg].O,1.6989700043360187,10.1016_j.rinp.2018.04.028_part_1.txt_¶Î1_Material1
C/C(C[*])=C/C[*],[*]C(CCCCCO[*])=O,[H]C(C([*])=O)(N[*])CC1=CC=CC=C1,O=[Si]=O,,1.3521825181113625,10.1016_j.crci.2013.10.008_part_1.txt_¶Î1_Material1
[*]OC(CC(OC(CC([*])=O)CC)=O)C,OCC1OC(C(C(C1[*])O)O)OC2C(C(C(OC2CO)O[*])O)O,,,,1.7781512503836436,10.3390_polym12123006_part_2.txt_¶Î1_Material2
[*]OCCCOC(C1=CC=C(C([*])=O)C=C1)=O,[*]C(CCCCC(OCCCCO[*])=O)=O,,,,0.919601023784111,10.1002_pat.3752_part_1.txt_¶Î1_Material1
OCC1OC(C(C(C1[*])O)O)OC2C(C(C(OC2CO)O[*])O)O,O=C(C1=CC=C(C=C1)C(OCC[*])=O)O[*],OCC1OC(C(C(C1O[*])O)O)[*],,,2,10.1007_s10570-015-0732-x_part_3.txt_¶Î1_Material1
[*]C1C(C(C(OC1C(O[Na])=O)OC2C(C(O[Na])=O)OC(O[*])C(O)C2O)O)O,OCC(C(C(C1N)O)O[*])OC1OC2C(OC(C(C2O)N)[*])CO,OCC(O)CO,,,1.16790781000148,10.1021_jf4010065_part_1.txt_¶Î1_Material1
O=C([*])CCCCCN[*],[*]NCCCCCCCCCCCC([*])=O,,,,1.7781512503836436,10.1002_pen.25171_part_2.txt_¶Î1_Material1
[*]C(C)C[*],[*]C(C)C[*],OCC1OC(C(C(C1[*])O)O)OC2C(C(C(OC2CO)O[*])O)O,[H][Si]([H])([H])[H],,1.3138672203691537,10.1080_01694243.2018.1541635_part_1.txt_¶Î1_Material1
C/C(C[*])=C/C[*],[*]C(C)C[*],[Zn]=O,O=C(O)CCCCCCCCCCCCCCCCC,,0.9670797341444972,10.4028_www.scientific.net_amr.844.127_part_1.txt_¶Î1_Material1
[*]C(N(CN(C(OCOC(N(CN(C(OCCO[*])=O)[H])[H])=O)=O)[H])[H])=O,CCCC[Sn](CCCC)(OC(CCCCCCCCCCC)=O)OC(CCCCCCCCCCC)=O,,,,1.1139433523068367,10.3390_polym12051011_part_2.txt_¶Î1_Material1
[*]CC(COC1=CC=C(C=C1)C(C)(C)C2=CC=C(C=C2)O[*])O,[*]C(NC1=C(C)C(NC(OCCO[*])=O)=CC=C1)=O,[H][Si]([H])([H])[H],,,1.6324572921847242,10.1002_pc.25710_part_1.txt_¶Î1_Material1
COCC1OC(OC2C(CO)OC(O[*])C(OC)C2OC)C(OC)C(O)C1O[*],[*]OCC[*],,,,1.6599162000698502,10.1016_j.lwt.2020.110811_part_1.txt_¶Î1_Material1
[*]OCCOC(CC(C([*])=O)C(C1CCCCC1)CC(CC(O)=O)C(OCCO)=O)=O,C12=CC3=CC4=CC=CN=C4N=C3N=C1N=C5N=C6N=CC=CC6=CC5=C2,,,,1.499687082618404,10.1007_s00289-018-2598-1_part_4.txt_¶Î1_Material1
[*]C(N(CN(C(OCOC(N(CN(C(OCCO[*])=O)[H])[H])=O)=O)[H])[H])=O,O=C(O)C(C[*])CC(CC(C(C(O)=O)[*])C(O)=O)C(O)=O,,,,1.4219328132785083,10.4028_www.scientific.net_amr.177.677_part_1.txt_¶Î1_Material1
C=CC1=CC=CC=C1,[*]CC(C1=CC=CC=C1)[*],,,,1.390935107103379,10.1007_s13233-018-6122-0_part_2.txt_¶Î1_Material1
O=C(C1=CC=C(C=C1)C(OCC[*])=O)O[*],[H][Si]([H])([H])[H],,,,1.7827591926239972,10.1016_j.indcrop.2011.05.020_part_2.txt_¶Î1_Material1
O=C(O)C([*])C[*],,,,,0.8388490907372553,10.1002_polb.24737_part_1.txt_¶Î1_Material1
OCC1OC(C(C(C1[*])O)O)OC2C(C(C(OC2CO)O[*])O)O,[*]C1C(C(C(OC1C(O[Na])=O)OC2C(C(O[Na])=O)OC(O[*])C(O)C2O)O)O,,,,1.7323937598229686,10.1007_s10570-020-03484-0_part_2.txt_¶Î1_Material1
[*]C(N(CN(C(OCOC(N(CN(C(OCCO[*])=O)[H])[H])=O)=O)[H])[H])=O,O=[Si]=O,,,,1.325310371711061,10.1016_j.jmrt.2018.04.024_part_1.txt_¶Î1_Material1
OCC(C(C(C1N)O)O[*])OC1OC2C(OC(C(C2O)N)[*])CO,[*]C([H])([H])C(O)([H])[*],O=P([O-])([O-])[O-].[Ca+2].[Ca+2].[OH-],,,1.0591846176313713,10.1039_c7nj01246b_part_2.txt_¶Î1_Material1
[*]C(C)C[*],OCC1OC(C(C(C1[*])O)O)OC2C(C(C(OC2CO)O[*])O)O,NC1=CC=C(C=C1)/C2=C3C=C/C(N\3)=C(C4=N/C(C=C4)=C(C5=CC=C(N5)/C(C6=CC=CC=C6)=C7N=C2C=C\7)/C8=CC=CC=C8)\C9=CC=CC=C9,C[N+](CCO)(CCO)[3H],,1.3521825181113625,10.1002_app.32985_part_1.txt_¶Î1_Material1
[*]C1C(C(C(OC1C(O[Na])=O)OC2C(C(O[Na])=O)OC(O[*])C(O)C2O)O)O,OC1=C2C(C3(O)C4C5C6=C7C8C(C9=CC(C(O)=O)=C(C=C(C=C%10C(O)=O)C%11%12)C(C%11=C%13C%14C%15%16C%17(O%16)C%18C%19=C%20C%21=C%22C(C(O)=C%23)=C%24C%25C%21=C%26C%19=C%27C%17=C%28C%14(O)C%12=C%10C=C%28CC%27=CC%26=CC%25=C(C(O)=O)C=C%24)C9=C7C%13(O)C5=C%15C3=C%18C%29%30C%20(O%30)C%31C%22C%23=C%32)=CC(C(O)=O)=CC8=CC6=C(C(O)=O)C4=C2)=C%29C%33=C%31C%32=C(C(O)=O)C=C%331,[Mg]=O,,,1.84085855404188,10.1016_j.carbpol.2014.08.104_part_1.txt_¶Î1_Material1
O=C([*])CCCCCN[*],O=[Si]=O,O=[Al]O[Al]=O.O=[Si]=O.O=[Si]=O.O=[Si]=O,,,1.7024305364455252,10.4028_www.scientific.net_msf.789.169_part_1.txt_¶Î1_Material1
[*]C(C)C[*],CC(CC(C(C(O1)=O)CC1=O)[*])C[*],,,,1.7160033436347992,10.1002_pc.22558_part_1.txt_¶Î1_Material1
O=C([*])OC1=CC=C(C=C1)C(C)(C)C2=CC=C(C=C2)O[*],[H][Si]([H])([H])[H],,,,1.2041199826559248,10.1002_pc.23339_part_1.txt_¶Î1_Material1
[*]C(C)C[*],[*]OC1OC(CO)C(OC2C(O)C(O)C([*])C(CO)O2)C(O)C1O,[H][O-],,,1.5905074620085833,10.1016_j.proeng.2014.11.837_part_1.txt_¶Î1_Material1
[*]C([H])([H])C(O)([H])[*],C(CC=O)CC=O,OCC1OC(C(C(C1[*])O)O)OC2C(C(C(OC2CO)O[*])O)O,,,1.549003262025788,10.3390_polym12061364_part_1.txt_¶Î1_Material1
[*]N1C(C2=CC3=C(C=C2C1=O)C(N(C3=O)C4=CC=C(C=C4)OC5=CC=C(C=C5)[*])=O)=O,,,,,1.850952399793493,10.1016_j.polymer.2018.02.017_part_2.txt_¶Î1_Material1
[*]C1C(OC(C(C1O)O)OC2C(OC(C(C2O)O)O[*])CO)CO,OC1C(O)C([*])OC(COC2C(O)C(O)C(O)C(CO)O2)C1OC3C(O)C(O)C(CO[*])C(CO)O3,,,,0.9030899869919436,10.1016_j.matchemphys.2021.124714_part_2.txt_¶Î1_Material1
O=C(C1=CC=C(C=C1)C(OCC[*])=O)O[*],C=C(C)C(=O)OCC(O)COC1=CC=C(C(C2=CC=C(O)C=C2)(C)C)C=C1,C12=CC3=CC4=CC=CN=C4N=C3N=C1N=C5N=C6N=CC=CC6=CC5=C2,,,1.1846914308175989,10.1007_s12221-015-0443-9_part_1.txt_¶Î1_Material1
O=C([*])C(C)O[*],OCC1OC(C(C(C1[*])O)O)OC2C(C(C(OC2CO)O[*])O)O,,,,1.6989700043360187,10.3390_polym12123006_part_2.txt_¶Î1_Material1
[*]CC(COC1=CC=C(C=C1)C(C)(C)C2=CC=C(C=C2)O[*])O,C12=CC3=CC4=CC=CN=C4N=C3N=C1N=C5N=C6N=CC=CC6=CC5=C2,OCC1OC(C(C(C1[*])O)O)OC2C(C(C(OC2CO)O[*])O)O,,,2.825750581348028,10.1016_j.compositesa.2010.05.010_part_1.txt_¶Î1_Material1
[*]OCCOC(CC(C([*])=O)C(C1CCCCC1)CC(CC(O)=O)C(OCCO)=O)=O,OCC1OC(C(C(C1[*])O)O)OC2C(C(C(OC2CO)O[*])O)O,[*]C1C(O)C(O)C(OC2C(O)C(O)C(O[*])OC2COCCO)OC1COCCO,,,1.403120521175818,10.1002_pc.23333_part_1.txt_¶Î1_Material1
[*]NCCCCCCCCCCCC([*])=O,,,,,1.6608654780038692,10.3390_polym12020308_part_3.txt_¶Î1_Material1
[*]C1C(C(C(OC1C(O[Na])=O)OC2C(C(O[Na])=O)OC(O[*])C(O)C2O)O)O,O=C(C(C[*])[*])N,[Fe+3],[Al+3],,-0.958607315,10.1016_j.eurpolymj.2021.110306_part_2.txt_¶Î1_Material1
[*]C(C)C[*],[*]CCCC(C1C([*])C2CC1C/C2=C/C)C,,,,1.69284691927723,10.3139_217.3286_part_2.txt_¶Î1_Material1
[*]C(C)C[*],[*]C(C)C[*],NC1=NC2=C(N=CN2C2O[C@H](COP(=O)(O)OP(=O)(O)O)[C@H](O)[C@@H]2O)C(=O)N1,,,1.3222192947339193,10.1016_j.synthmet.2015.12.011_part_3.txt_¶Î1_Material1
COC(C(C[*])([*])C)=O,O=P([O-])([O-])[O-].[Ca+2].[Ca+2].[OH-],,,,1.7767738024121071,10.26900_jsp.5.1.04_OA_part_1.txt_¶Î1_Material1
[*]C(CCCCCO[*])=O,OC1=C2C(C3(O)C4C5C6=C7C8C(C9=CC(C(O)=O)=C(C=C(C=C%10C(O)=O)C%11%12)C(C%11=C%13C%14C%15%16C%17(O%16)C%18C%19=C%20C%21=C%22C(C(O)=C%23)=C%24C%25C%21=C%26C%19=C%27C%17=C%28C%14(O)C%12=C%10C=C%28CC%27=CC%26=CC%25=C(C(O)=O)C=C%24)C9=C7C%13(O)C5=C%15C3=C%18C%29%30C%20(O%30)C%31C%22C%23=C%32)=CC(C(O)=O)=CC8=CC6=C(C(O)=O)C4=C2)=C%29C%33=C%31C%32=C(C(O)=O)C=C%331,,,,0.6020599913279624,10.1016_j.nanoen.2019.02.058_part_1.txt_¶Î1_Material1
[*]OCC[*],O=C=NCCCCCCN=C=O,,,,1.11293997608408,10.1002_ange.201407978_part_1.txt_¶Î1_Material1
O=C=NC(C=C1)=CC=C1CC2=CC=C(C=C2)N=C=O,[*]CCCCO[*],,,,1.1760912590556811,10.1177_0307174x1203900907_part_1.txt_¶Î1_Material1
[*]CC[*],CCCCCCCCCCCCCCCCCCOC(CCC1=CC(C(C)(C)C)=C(C(C(C)(C)C)=C1)O)=O,,,,1.146128035678238,10.1002_pen.24670_part_1.txt_¶Î1_Material1
[*]CC(COC1=CC=C(C=C1)C(C)(C)C2=CC=C(C=C2)O[*])O,OCC1OC(C(C(C1[*])O)O)OC2C(C(C(OC2CO)O[*])O)O,[H][O-],,,1.3222192947339193,10.1002_pc.25253_part_2.txt_¶Î1_Material1
O=C([*])OC1=CC=C(C=C1)C(C)(C)C2=CC=C(C=C2)O[*],O=[Si]=O,[*]C(F)(C(F)([*])F)F,,,2.005952286887383,10.1080_03602550903284297_part_2.txt_¶Î1_Material1
[*]C(C1=CC=C(C=C1)C(OCCCCOC(C2=CC=C(C=C2)C(OCCCCO[*])=O)=O)=O)=O,[*]C(C1=CC=C(C(OCCCCO[*])=O)C=C1)=O,[*]CCCCOCCCCOCCCCOCCCCO[*],,,1.3304137733491908,10.1021_acs.iecr.7b00904_part_2.txt_¶Î1_Material2
[*]NC(C)C(N1CCCC1C([*])=O)=O,C(CC=O)CC=O,OC[C@@H]([C@H]([C@@H]([C@@H](CO)O)O)O)O,OCC(O)CO,,0.5440680443502757,10.1016_j.fbio.2016.12.002_part_3.txt_¶Î1_Material1
[*]CC(COC1=CC=C(C=C1)C(C)(C)C2=CC=C(C=C2)O[*])O,C12=CC3=CC4=CC=CN=C4N=C3N=C1N=C5N=C6N=CC=CC6=CC5=C2,C12=CC3=CC4=CC=CN=C4N=C3N=C1N=C5N=C6N=CC=CC6=CC5=C2,,,2.835056101720116,10.1002_pc.24102_part_2.txt_¶Î1_Material1
O=C([*])C(C)O[*],[*]C(C)C[*],[C],C12=C3C(C=CC4C3=C5C(CC6=CC7=C8C9=C(C(C=C%10)=CC=C9C=C7)C%11=C%10C%12)=CC4)=CC=C1C=C%12C%13=C%11C8=C6C5=C2%13,,1.5118833609788744,10.1016_j.compositesb.2019.107717_part_2.txt_¶Î1_Material1
[*]C(C)C[*],O=C([*])OC1=CC=C(C=C1)C(C)(C)C2=CC=C(C=C2)O[*],[*]CC(CCCC(CC)CC([*])C1=CC=CC=C1)C2=CC=CC=C2,,,1.3291944150884512,10.1177_0892705713518792_part_2.txt_¶Î1_Material1
[*]CC[*],[Fe],O=[Si]=O.[Ca]=O,,,1.4421660857847205,10.3390_polym12112624_part_2.txt_¶Î1_Material1
[*]CC[*],C[N+](CCO)(CCO)[3H],,,,1.2819419334408249,10.1177_147776061603200204_part_1.txt_¶Î1_Material1
[*]C1C(C(C(OC1C(O[Na])=O)OC2C(C(O[Na])=O)OC(O[*])C(O)C2O)O)O,OCC1OC(C(C(C1[*])O)O)OC2C(C(C(OC2CO)O[*])O)O,Cl[Ca]Cl,,,1.991093108048888,10.1016_j.foodchem.2013.11.037_part_1.txt_¶Î1_Material1
[*]CC[*],[*]CC[*],OC1=C2C(C3(O)C4C5C6=C7C8C(C9=CC(C(O)=O)=C(C=C(C=C%10C(O)=O)C%11%12)C(C%11=C%13C%14C%15%16C%17(O%16)C%18C%19=C%20C%21=C%22C(C(O)=C%23)=C%24C%25C%21=C%26C%19=C%27C%17=C%28C%14(O)C%12=C%10C=C%28CC%27=CC%26=CC%25=C(C(O)=O)C=C%24)C9=C7C%13(O)C5=C%15C3=C%18C%29%30C%20(O%30)C%31C%22C%23=C%32)=CC(C(O)=O)=CC8=CC6=C(C(O)=O)C4=C2)=C%29C%33=C%31C%32=C(C(O)=O)C=C%331,O=P([O-])([O-])[O-].[Ca+2].[Ca+2].[OH-],,1.7535830588929069,10.1016_j.eurpolymj.2020.109529_part_11.txt_¶Î1_Material1
O=C(O[Na])COCC(OC(C(C1O)O)[*])C1OC(C(C(C2O[*])O)O)OC2COCC(O[Na])=O,[*]C([H])([H])C(O)([H])[*],,,,1.0969100130080565,10.1016_j.carbpol.2017.03.017_part_1.txt_¶Î1_Material1
OCC1OC(C(C(C1[*])O)O)OC2C(C(C(OC2CO)O[*])O)O,[*]OCCCCOC(CCC([*])=O)=O,,,,1.740362689494244,10.1007_s10570-014-0241-3_part_1.txt_¶Î1_Material1
[*]C(NC1=C(C)C(NC(OCCO[*])=O)=CC=C1)=O,[*]C(N(CN(C(OCOC(N(CN(C(OCCO[*])=O)[H])[H])=O)=O)[H])[H])=O,C(COC(=O)CCS)(COC(=O)CCS)(COC(=O)CCS)COC(=O)CCS,OCCOC1C(OCCO)C(C(OCCO)COCCOC(CCCCCCCCCCCCCCCCC)=O)OC1,,1,10.1039_d2ma00085g_OA_part_2.txt_¶Î1_Material1
[*]C(CCCCCO[*])=O,C[Si](C)(C[*])O[*],CC1=CC=C(C=C1N=C=O)N=C=O,CC1(CC(CC(C)(C1)C)N=C=O)CN=C=O,[Mg],0.8388490907372553,10.1021_acsomega.8b00734_part_1.txt_¶Î1_Material1
[*]NCC(NC(C(ONCC(NC(C(NCC(NC(C([*])=O)C)=O)=O)C)=O)=O)CO)=O,O=C(O[Na])COCC(OC(C(C1O)O)[*])C1OC(C(C(C2O[*])O)O)OC2COCC(O[Na])=O,Cl[Ca]Cl,,,1.0969100130080565,10.1016_j.carbpol.2016.05.088_part_2.txt_¶Î1_Material1
[*]CC(C1=CC=CC=C1)[*],[*]C/C=C/CCC(C=C)CC([*])C1=CC=CC=C1,,,,0.7723217067229198,10.1177_0967391118809436_part_1.txt_¶Î1_Material1
[*]C([H])([H])C(O)([H])[*],[Ag+],,,,0.8976270912904415,10.14311_ap.2015.55.0014_part_1.txt_¶Î1_Material1
[*]CC[*],[*]C1=C(O)C(C(C)(C)C)=C(O)C(C)=C1SS[*],[*]C(N(CN(C(OCOC(N(CN(C(OCCO[*])=O)[H])[H])=O)=O)[H])[H])=O,,,1.414973347970818,10.1007_s13233-015-3155-5_part_1.txt_¶Î1_Material3
[*]C(C)C[*],[*]CCC(CCCC(CCCC(C[*])C)C)C,,,,1.3979400086720375,10.3139_217.2411_part_4.txt_¶Î1_Material1
[*]C(N(CN(C(OCOC(N(CN(C(OCCO[*])=O)[H])[H])=O)=O)[H])[H])=O,[*]C(NC1=C(C)C(NC(OCCO[*])=O)=CC=C1)=O,C[N+](CCO)(CCO)[3H],,,0.865103974641128,10.1177_0954008314525972_part_1.txt_¶Î1_Material1
OCC(C(C(C1N)O)O[*])OC1OC2C(OC(C(C2O)N)[*])CO,[*]C([H])([H])C(O)([H])[*],O=C(CN(CN(CC(O)=O)CC(O)=O)CC(O)=O)O,,,0.9493900066449128,10.1111_j.1742-481x.2012.01077.x_part_1.txt_¶Î1_Material1
[*]CC(C1=CC=CC=C1)[*],[*]CC(CC=CCC([*])C1=CC=CC=C1)C#N,[*]CC(C1=CC=CC=C1)[*],,,1.1760912590556811,10.1002_app.48329_part_1.txt_¶Î1_Material1
O=C(C1=CC=C(C=C1)C(OCC[*])=O)O[*],O=C([*])OC1=CC=C(C=C1)C(C)(C)C2=CC=C(C=C2)O[*],O[Si](O)(O[Si](O)(O)O)O.[Al].[Al].O,[*]CC(CCCC(CC)CC([*])C1=CC=CC=C1)C2=CC=CC=C2,,2,10.1002_app.42608_part_1.txt_¶Î1_Material1
[*]C1C(OC(C(C1O)O)OC2C(OC(C(C2O)O)O[*])CO)CO,OC(C(CC(O)=O)(CC(O)=O)O)=O,OCC(O)CO,,,1,10.1177_0967391120923440_part_1.txt_¶Î1_Material1
OCC1OC(C(C(C1[*])O)O)OC2C(C(C(OC2CO)O[*])O)O,OCC(O)CO,OCCOC1C(OCCO)C(C(OCCO)COCCOC(CCCCCCCCCCCCCCCCC)=O)OC1,,,0.91803033678488,10.1016_j.scienta.2016.01.016_part_2.txt_¶Î1_Material1
[*]NCCCCCCCCCCCC([*])=O,C12=C3C(C=CC4C3=C5C(CC6=CC7=C8C9=C(C(C=C%10)=CC=C9C=C7)C%11=C%10C%12)=CC4)=CC=C1C=C%12C%13=C%11C8=C6C5=C2%13,,,,1.6812412373755872,10.1088_0957-4484_22_27_275714_part_1.txt_¶Î1_Material1
OCC(C(C(C1N)O)O[*])OC1OC2C(OC(C(C2O)N)[*])CO,[*]C1C(O)C(O)C(OC2C(O)C(O)C(O[*])OC2COCCO)OC1COCCO,[Ag+],[Zn]=O,,1.3979400086720375,10.1016_j.ijbiomac.2015.02.016_part_1.txt_¶Î1_Material1
O=C([*])OC1=CC=C(C=C1)C(C)(C)C2=CC=C(C=C2)O[*],[*]OCC[*],,,,1.8034571156484136,10.1155_2016_7089530_part_1.txt_¶Î1_Material2
[*]C1OC2COC(C2OC3C(C(C(C(C3)CO)OS(=O)([O-])=O)O[*])O)C1OS(=O)([O-])=O,[*]C([H])([H])C(O)([H])[*],[Ca+2],O=C([O-])[O-].[Ca+2],,1.6464037262230695,10.1016_j.compositesb.2017.12.009_part_1.txt_¶Î1_Material1
O=C([*])C(C)O[*],C[Si](O[*])(C)[*],[H][Si]([H])([H])[H],O=C(C1=CC=C(C=C1)C(OCC[*])=O)O[*],,1.4992745818922173,10.1016_j.rinp.2017.11.030_part_1.txt_¶Î1_Material1
[*]C1C(C(C(OC1C(O[Na])=O)OC2C(C(O[Na])=O)OC(O[*])C(O)C2O)O)O,OCC(O)CO,Cl[Ca]Cl,,,1.3521825181113625,10.1016_j.jfoodeng.2012.03.006_part_1.txt_¶Î1_Material1
[*]CC[*],[*]CC[*],O=[Si]=O.[Ca]=O,O=[Si]=O,O=[Si]=O,1.3010299956639813,10.3390_polym12112624_part_1.txt_¶Î1_Material1
[*]C([H])([H])C(O)([H])[*],O=[Al]O[Al]=O.O=[Si]=O.O=[Si]=O.O=[Si]=O,[Ag+],,,1.4871383754771863,10.1016_j.clay.2018.05.009_part_1.txt_¶Î1_Material1
[*]C(C)C[*],[*]C(C)C[*],OCC1OC(C(C(C1[*])O)O)OC2C(C(C(OC2CO)O[*])O)O,,,1.3891660843645324,10.1002_app.32826_part_2.txt_¶Î1_Material2
[*]OCC[*],O=C=NCCCCCCN=C=O,OC1=C2C(C3(O)C4C5C6=C7C8C(C9=CC(C(O)=O)=C(C=C(C=C%10C(O)=O)C%11%12)C(C%11=C%13C%14C%15%16C%17(O%16)C%18C%19=C%20C%21=C%22C(C(O)=C%23)=C%24C%25C%21=C%26C%19=C%27C%17=C%28C%14(O)C%12=C%10C=C%28CC%27=CC%26=CC%25=C(C(O)=O)C=C%24)C9=C7C%13(O)C5=C%15C3=C%18C%29%30C%20(O%30)C%31C%22C%23=C%32)=CC(C(O)=O)=CC8=CC6=C(C(O)=O)C4=C2)=C%29C%33=C%31C%32=C(C(O)=O)C=C%331,,,1.3364597338485296,10.1016_j.tca.2017.10.016_part_1.txt_¶Î1_Material1
[*]OC(CC(OC(CC([*])=O)CC)=O)C,[*]C(CCCCC(OCCCCO[*])=O)=O,,,,1.5440680443502757,10.3389_fmats.2019.00275_part_1.txt_¶Î1_Material1
[*]C(C)C[*],[*]C1=CC=C(C=C1)C(N[*])=O,[Al],,,1.235528446907549,10.1016_j.compstruct.2017.02.100_part_1.txt_¶Î1_Material1
OCC1OC(C(C(C1[*])O)O)OC2C(C(C(OC2CO)O[*])O)O,O=C(O[Na])COCC(OC(C(C1O)O)[*])C1OC(C(C(C2O[*])O)O)OC2COCC(O[Na])=O,OCC1O[C@H](C(C([C@@H]1O)O)O)O,[*]OC1C(C(OC(C1O)OC2C3C(C(OC2CO3)[*])O)CO)O,,1.884795363948981,10.1007_s10570-015-0802-0_part_3.txt_¶Î1_Material1
[*]NCCCCCCCCCCCC([*])=O,[*]C(C)C[*],CCCCCCCCCCCCCCCCCCOC(CCC1=CC(C(C)(C)C)=C(C(C(C)(C)C)=C1)O)=O,,,1.3979400086720375,10.1115_1.4032977_part_1.txt_¶Î1_Material1
[*]CCCC([*])OC(C)=O,[*]CC[*],[*]C(C)C[*],,,1.249198357391113,10.1177_8756087912441175_part_3.txt_¶Î1_Material1
[*]NC(C)C(N1CCCC1C([*])=O)=O,[*]OCC[*],,,,1.1760912590556811,10.1016_j.msec.2019.109760_part_3.txt_¶Î1_Material1
OCC1OC(C(C(C1O)O[*])O)OC2C(C(C(OC2COS(=O)(O)=O)[*])NC(C)=O)O,[*]C([H])([H])C(O)([H])[*],,,,1.5352941200427703,10.3390_polym10101054_part_1.txt_¶Î1_Material1
OCC1OC(C(C(C1[*])O)O)OC2C(C(C(OC2CO)O[*])O)O,OCC1OC(C(C(C1[*])O)O)OC2C(C(C(OC2CO)O[*])O)O,OCC1OC(C(C(C1[*])O)O)OC2C(C(C(OC2CO)O[*])O)O,,,2.040285798932492,10.1007_s12221-021-0903-3_part_1.txt_¶Î1_Material1
[*]C([H])([H])C(O)([H])[*],[*]C1C(OC(C(C1O)O)OC2C(OC(C(C2O)O)O[*])CO)CO,OCC(O)CO,[*]OCC[*],C(CC=O)CC=O,1.0086001717619175,10.1080_03602559.2011.566241_part_1.txt_¶Î1_Material1
OCC(C(C(C1N)O)O[*])OC1OC2C(OC(C(C2O)N)[*])CO,[*]NC(C(N1CCCC1C(NCC(N2CC(CC2C(NC(C(NCC([*])=O)=O)CO)=O)O)=O)=O)=O)CCCCN,[*]C([H])([H])C(O)([H])[*],OCC(O)CO,,1.9030899869919435,10.1016_j.mtcomm.2021.102219_part_1.txt_¶Î1_Material1
O=C([*])OC1=CC=C(C=C1)C(C)(C)C2=CC=C(C=C2)O[*],[*]CCCC([*])C(OC)=O,,,,1.4913616938342726,10.1002_vnl.21763_part_1.txt_¶Î1_Material1
[*]C(C)C[*],CC(CC(C(C(O1)=O)CC1=O)[*])C[*],[H][Si]([H])([H])[H],,,1.6208644752651211,10.4028_www.scientific.net_amm.470.23_part_1.txt_¶Î1_Material4
O=C([*])C(C)O[*],O=[Al]O[Al]=O.O=[Si]=O.O=[Si]=O.O=[Si]=O,OCC1OC(C(C(C1[*])O)O)OC2C(C(C(OC2CO)O[*])O)O,,,1.6551384348113822,10.4028_www.scientific.net_amr.1125.271_part_2.txt_¶Î1_Material1
[*]CC[*],[*]CCCC([*])OC(C)=O,O=[Si]=O,C[Si](O[*])(C)[*],,0.9836262871245346,10.4028_www.scientific.net_amr.652-654.406_part_1.txt_¶Î1_Material1
[*]OCCOC(CC(C([*])=O)C(C1CCCCC1)CC(CC(O)=O)C(OCCO)=O)=O,C[N+](CCO)(CCO)[3H],,,,1.4065401804339552,10.1002_app.35058_part_1.txt_¶Î1_Material1
OCC1OC(C(C(C1[*])O)O)OC2C(C(C(OC2CO)O[*])O)O,COC1=CC(/C=C/C=O)=CC(OC2=CC(C(C(OC3=CC=C(C=C3OC)C(C(CO)=O)O)CO)O)=CC=C2OC4=CC(C(C(COC5=CC=C(C=C5)C(C(CO)=O)O)=O)O)=CC=C4O)=C1,OCC1OC(C(C(C1[*])O)O)OC2C(C(C(OC2CO)O[*])O)O,,,2.204119982655925,10.1007_s10570-015-0792-y_part_2.txt_¶Î1_Material1
[*]C([C@H](C)OC([C@H](C)O[*])=O)=O,[*]NC(C(O)=O)CCC([*])=O,OC1=C2C(C3(O)C4C5C6=C7C8C(C9=CC(C(O)=O)=C(C=C(C=C%10C(O)=O)C%11%12)C(C%11=C%13C%14C%15%16C%17(O%16)C%18C%19=C%20C%21=C%22C(C(O)=C%23)=C%24C%25C%21=C%26C%19=C%27C%17=C%28C%14(O)C%12=C%10C=C%28CC%27=CC%26=CC%25=C(C(O)=O)C=C%24)C9=C7C%13(O)C5=C%15C3=C%18C%29%30C%20(O%30)C%31C%22C%23=C%32)=CC(C(O)=O)=CC8=CC6=C(C(O)=O)C4=C2)=C%29C%33=C%31C%32=C(C(O)=O)C=C%331,[*]C1=C(C=CN2)C2=C([*])C(O)=C1O,,0.9772662124272928,10.36922_ijb.1829_OA_part_1.txt_¶Î1_Material1
[*]CCCC(C1C([*])C2CC1C/C2=C/C)C,[*]CC[*],O1C(=O)C=CC1=O,,,1.1818435879447726,10.1002_vnl.21694_part_1.txt_¶Î1_Material1
C/C(C[*])=C/C[*],OC1=C2C(C3(O)C4C5C6=C7C8C(C9=CC(C(O)=O)=C(C=C(C=C%10C(O)=O)C%11%12)C(C%11=C%13C%14C%15%16C%17(O%16)C%18C%19=C%20C%21=C%22C(C(O)=C%23)=C%24C%25C%21=C%26C%19=C%27C%17=C%28C%14(O)C%12=C%10C=C%28CC%27=CC%26=CC%25=C(C(O)=O)C=C%24)C9=C7C%13(O)C5=C%15C3=C%18C%29%30C%20(O%30)C%31C%22C%23=C%32)=CC(C(O)=O)=CC8=CC6=C(C(O)=O)C4=C2)=C%29C%33=C%31C%32=C(C(O)=O)C=C%331,O=C(O)CCCCCCCCCCCCCCCCC,[S],CC1=CC(O)=C(C=C1CCCC(C2=C(C=C(C(C(C)(C)C)=C2)O)C)C3=CC(C(C)(C)C)=C(C=C3C)O)C(C)(C)C,1.390935107103379,10.3144_expresspolymlett.2015.56_part_1.txt_¶Î1_Material1
[*]CC[*],[*]OCC[*],CC1=CC(O)=C(C=C1CCCC(C2=C(C=C(C(C(C)(C)C)=C2)O)C)C3=CC(C(C)(C)C)=C(C=C3C)O)C(C)(C)C,,,1.0863598306747482,10.1002_app.44118_part_1.txt_¶Î1_Material1
OCC1OC(C(C(C1O[*])O)O)[*],OCC1OC(C(C(C1[*])O)O)OC2C(C(C(OC2CO)O[*])O)O,OC1=C2C(C3(O)C4C5C6=C7C8C(C9=CC(C(O)=O)=C(C=C(C=C%10C(O)=O)C%11%12)C(C%11=C%13C%14C%15%16C%17(O%16)C%18C%19=C%20C%21=C%22C(C(O)=C%23)=C%24C%25C%21=C%26C%19=C%27C%17=C%28C%14(O)C%12=C%10C=C%28CC%27=CC%26=CC%25=C(C(O)=O)C=C%24)C9=C7C%13(O)C5=C%15C3=C%18C%29%30C%20(O%30)C%31C%22C%23=C%32)=CC(C(O)=O)=CC8=CC6=C(C(O)=O)C4=C2)=C%29C%33=C%31C%32=C(C(O)=O)C=C%331,,,1.8075350280688527,10.1007_s10570-014-0255-x_part_3.txt_¶Î1_Material1
O=C(O[Na])COCC(OC(C(C1O)O)[*])C1OC(C(C(C2O[*])O)O)OC2COCC(O[Na])=O,OCC(O)CO,,,,2.058843414668761,10.1016_j.polymertesting.2019.105989_part_1.txt_¶Î1_Material1
[*]C(C)C[*],O=[Al]O[Al]=O.O=[Si]=O.O=[Si]=O.O.O,,,,1,10.1080_03602559.2013.844833_part_1.txt_¶Î1_Material1
[*]C1C(O)C(O)C(OC2C(O)C(O)C(O[*])OC2COC(C)=O)OC1COC(C)=O,OC1=C2C(C3(O)C4C5C6=C7C8C(C9=CC(C(O)=O)=C(C=C(C=C%10C(O)=O)C%11%12)C(C%11=C%13C%14C%15%16C%17(O%16)C%18C%19=C%20C%21=C%22C(C(O)=C%23)=C%24C%25C%21=C%26C%19=C%27C%17=C%28C%14(O)C%12=C%10C=C%28CC%27=CC%26=CC%25=C(C(O)=O)C=C%24)C9=C7C%13(O)C5=C%15C3=C%18C%29%30C%20(O%30)C%31C%22C%23=C%32)=CC(C(O)=O)=CC8=CC6=C(C(O)=O)C4=C2)=C%29C%33=C%31C%32=C(C(O)=O)C=C%331,[Zn]=O,,,0.6190933306267428,10.1038_pj.2011.97_part_1.txt_¶Î1_Material1
O=C(C(C[*])[*])N,[*]NC(C(N1CCCC1C(NCC(N2CC(CC2C(NC(C(NCC([*])=O)=O)CO)=O)O)=O)=O)=O)CCCCN,O[Si](O)(O[Si](O)(O)O)O.[Al].[Al].O,,,0.093421685162235,10.1016_j.compscitech.2020.108071_part_1.txt_¶Î1_Material1
[*]CC(C(OC)=O)(CC(C/C=C/CCC(C1=CC=CC=C1)[*])C#N)C,,,,,1.271841606536499,10.1080_03602559.2015.1050516_part_1.txt_¶Î1_Material1
[*]C(NC1=C(C)C(NC(OCCO[*])=O)=CC=C1)=O,O=C(C1=CC=C(C=C1)C(OCC[*])=O)O[*],,,,1.235528446907549,10.1016_j.polymer.2012.12.077_part_2.txt_¶Î1_Material1
OC(C(C1OC2OC(C(C(C2O)O)OC3OC(C(C(C3O)O)O)COC4OC(C(C(C4O)O)OC5OC(C(C(C5O)O)OC6OC(C(C(C6O)O[*])O)C)CO)CO)CO)O[*])COC1CO,OC(C1C(CO[*])C(O)C(O)C(OC2C(O)C(O)C(O[*])OC2C(O)=O)O1)=O,O=C(O[Na])COCC(OC(C(C1O)O)[*])C1OC(C(C(C2O[*])O)O)OC2COCC(O[Na])=O,OCC(O)CO,OC[C@@H]([C@H]([C@@H]([C@@H](CO)O)O)O)O,1.6720978579357175,10.1111_ijfs.12039_part_2.txt_¶Î1_Material1
[*]C(C)C[*],[*]C(C)C[*],C12=CC3=CC4=CC=CN=C4N=C3N=C1N=C5N=C6N=CC=CC6=CC5=C2,,,1.4563660331290431,10.1016_j.matdes.2011.03.021_part_1.txt_¶Î1_Material1
[*]C(NC1=C(C)C(NC(OCCO[*])=O)=CC=C1)=O,FC(F)([*])C([H])([*])[H],,,,1.292256071356476,10.1016_j.colsurfa.2014.03.008_part_1.txt_¶Î1_Material1
[*]C(C)C[*],[S],,,,1.380211241711606,10.1016_j.reactfunctpolym.2019.06.001_part_1.txt_¶Î1_Material1
[*]CC[*],O=[Mg].O=[Si]=O.O=[Si]=O.O=[Si]=O.O=[Si]=O.O=[Mg].O=[Mg].O,O=C([O-])[O-].[Ca+2],O=C(CCCCCCCCCCCCCCCCC)O[Ca]OC(CCCCCCCCCCCCCCCCC)=O,,1.136720567156407,10.1177_8756087919846206_part_1.txt_¶Î1_Material1
O=C1C([*])C(CC[*])C(O1)=O,,,,,1.628491104967123,10.1002_app.46308_part_1.txt_¶Î1_Material1
[*]C(N(CN(C(OCOC(N(CN(C(OCCO[*])=O)[H])[H])=O)=O)[H])[H])=O,OCC1OC(C(C(C1[*])O)O)OC2C(C(C(OC2CO)O[*])O)O,,,,1.252610340567373,10.1016_j.polymer.2019.121832_part_1.txt_¶Î1_Material1
OCC1OC(C(C(C1[*])O)O)OC2C(C(C(OC2CO)O[*])O)O,OCC1OC(C(C(C1[*])O)O)OC2C(C(C(OC2CO)O[*])O)O,[*]C(C)C[*],[*]C(NC1=C(C)C(NC(OCCO[*])=O)=CC=C1)=O,OC[C@@H]([C@H]([C@@H]([C@@H](CO)O)O)O)O,1.7993405494535817,10.1016_j.fpsl.2020.100464_part_1.txt_¶Î1_Material1
[*]C(CCCCCO[*])=O,O=[Al]O[Al]=O,,,,0.651278013998144,10.1016_j.jallcom.2019.06.013_part_4.txt_¶Î1_Material1
O=C([*])OC1=CC=C(C=C1)C(C)(C)C2=CC=C(C=C2)O[*],[*]C/C=C(C[*])\Cl,,,,1.8573324964312683,10.1179_1743289811x12988633927952_part_1.txt_¶Î1_Material1
[*]C/C=C/CCC(C=C)CC([*])C1=CC=CC=C1,O=[Si]=O,,,,1.5563025007672873,10.1016_j.compositesb.2019.05.014_part_1.txt_¶Î1_Material1
[*]C(N(CN(C(OCOC(N(CN(C(OCCO[*])=O)[H])[H])=O)=O)[H])[H])=O,C/C(C[*])=C/C[*],O=C(C1=CC=C(C([*])=O)C=C1)NC2=CCC(N[*])C=C2,,,0.7634279935629372,10.1007_s12221-018-7737-7_part_1.txt_¶Î1_Material1
C/C(C[*])=C/C[*],OC1=C2C(C3(O)C4C5C6=C7C8C(C9=CC(C(O)=O)=C(C=C(C=C%10C(O)=O)C%11%12)C(C%11=C%13C%14C%15%16C%17(O%16)C%18C%19=C%20C%21=C%22C(C(O)=C%23)=C%24C%25C%21=C%26C%19=C%27C%17=C%28C%14(O)C%12=C%10C=C%28CC%27=CC%26=CC%25=C(C(O)=O)C=C%24)C9=C7C%13(O)C5=C%15C3=C%18C%29%30C%20(O%30)C%31C%22C%23=C%32)=CC(C(O)=O)=CC8=CC6=C(C(O)=O)C4=C2)=C%29C%33=C%31C%32=C(C(O)=O)C=C%331,[S],[Zn]=O,O=[Ti]=O,1.1078880251827987,10.4028_www.scientific.net_ddf.382.21_part_1.txt_¶Î1_Material1
O=C([*])C(C)O[*],[*]O[C@H](C)CC([*])=O,,,,1.506505032404872,10.5552_drind.2018.1737_part_1.txt_¶Î1_Material1
[*]CC([*])N1CCCC1=O,[Fe+3],OCC1OC(C(C(C1[*])O)O)OC2C(C(C(OC2CO)O[*])O)O,,,0.2764618041732441,10.1007_s10570-020-03487-x_part_1.txt_¶Î1_Material1
O=C(C(C[*])[*])N,OC1=C2C(C3(O)C4C5C6=C7C8C(C9=CC(C(O)=O)=C(C=C(C=C%10C(O)=O)C%11%12)C(C%11=C%13C%14C%15%16C%17(O%16)C%18C%19=C%20C%21=C%22C(C(O)=C%23)=C%24C%25C%21=C%26C%19=C%27C%17=C%28C%14(O)C%12=C%10C=C%28CC%27=CC%26=CC%25=C(C(O)=O)C=C%24)C9=C7C%13(O)C5=C%15C3=C%18C%29%30C%20(O%30)C%31C%22C%23=C%32)=CC(C(O)=O)=CC8=CC6=C(C(O)=O)C4=C2)=C%29C%33=C%31C%32=C(C(O)=O)C=C%331,[Ca+2],,,-0.853871964,10.1002_smll.201301591_part_1.txt_¶Î1_Material1
O=C([*])C(C)O[*],O=C([*])C(C)O[*],CC1=CC(O)=C(C=C1CCCC(C2=C(C=C(C(C(C)(C)C)=C2)O)C)C3=CC(C(C)(C)C)=C(C=C3C)O)C(C)(C)C,,,1.4771212547196624,10.1016_j.polymertesting.2014.04.001_part_1.txt_¶Î1_Material1
[*]C1C(OC(C(C1O)O)OC2C(OC(C(C2O)O)O[*])CO)CO,OCC(C(C(C1N)O)O[*])OC1OC2C(OC(C(C2O)N)[*])CO,O=[Ti]=O,OCC(O)CO,,1.3246939138617746,10.1080_00222348.2021.1889123_part_1.txt_¶Î1_Material1
OCC1OC(C(C(C1[*])O)O)OC2C(C(C(OC2CO)O[*])O)O,[H][Si]([H])([H])[H],,,,1.7853298350107671,10.1007_s10570-020-03103-y_part_3.txt_¶Î1_Material1
O=C(O)C(C[*])CC(CC(C(C(O)=O)[*])C(O)=O)C(O)=O,[*]C(NC1=C(C)C(NC(OCCO[*])=O)=CC=C1)=O,OCC1OC(C(C(C1[*])O)O)OC2C(C(C(OC2CO)O[*])O)O,OCC1OC(C(C(C1[*])O)O)OC2C(C(C(OC2CO)O[*])O)O,,1.9030899869919435,10.1016_j.reactfunctpolym.2014.07.020_part_1.txt_¶Î1_Material1
O=C([*])CCCCCN[*],[O-][Si]([O-])([O-])O[Si]([O-])([O-])[O-].[Ca+2],[*]C(F)(C(F)([*])F)F,[*]CC[*],,1.6989700043360187,10.1155_2013_320837_part_1.txt_¶Î1_Material1
O=C([*])OC1=CC=C(C=C1)C(C)(C)C2=CC=C(C=C2)O[*],[*]CC[*],,,,1.8438554226231607,10.1007_s10965-021-02656-1_part_2.txt_¶Î1_Material1
[H]N(C1=CC=C(C=C1)CC2=CC=C(C=C2)N(C(OCCO[*])=O)[H])C([*])=O,[*]C(N(CN(C(OCOC(N(CN(C(OCCO[*])=O)[H])[H])=O)=O)[H])[H])=O,,,,1.3979400086720375,10.1080_03602559.2013.820757_part_1.txt_¶Î1_Material1
[*]NC(C)C(N1CCCC1C([*])=O)=O,OCC1O[C@H](C(C([C@@H]1O)O)O)O,,,,0.0791812460476248,10.1016_j.actbio.2020.12.053_part_2.txt_¶Î1_Material1
[*]CC[*],O=C(C1=CC=C(C=C1)C(OCC[*])=O)O[*],C=C(C(OCC1CO1)=O)C,,,1.3117538610557542,10.1002_pc.24260_part_2.txt_¶Î1_Material1
[*]C(CCCCCO[*])=O,OCC(O)CO,,,,0.7160033436347992,10.1007_s10924-017-1029-y_part_1.txt_¶Î1_Material1
O=C(C1=CC=C(C=C1)C(OCC[*])=O)O[*],[H][O-],[OH-].[OH-].[Ca+2],[H][Si]([H])([H])[H],,1.4774106879072515,10.1016_j.polymertesting.2020.106538_part_1.txt_¶Î1_Material1
O=C(C(C[*])[*])N,[Ca+2],[Ca+2],,,-0.259637311,10.1016_j.carbpol.2019.115596_part_1.txt_¶Î1_Material1
[*]C([H])([H])C(O)([H])[*],OCC1OC(C(C(C1[*])O)O)OC2C(C(C(OC2CO)O[*])O)O,[*]OCC[*],OCC(C(C(C1N)O)O[*])OC1OC2C(OC(C(C2O)N)[*])CO,,1.8459038388987823,10.1002_pc.26225_part_1.txt_¶Î1_Material1
C[Si](C)(C[*])O[*],O=[Si]=O,,,,-0.318758763,10.1016_j.polymdegradstab.2011.12.016_part_2.txt_¶Î1_Material1
[*]NC(C(N1CCCC1C(NCC(N2CC(CC2C(NC(C(NCC([*])=O)=O)CO)=O)O)=O)=O)=O)CCCCN,O=C(C1=COC(C2C(CO)=CCC12)O)OC,,,,1.187520720836463,10.1016_j.lwt.2020.110607_part_5.txt_¶Î1_Material1
[*]C(N(CN(C(OCOC(N(CN(C(OCCO[*])=O)[H])[H])=O)=O)[H])[H])=O,[H][O-],[H][Si]([H])([H])[H],,,1.3324384599156054,10.1177_0892705719890904_part_1.txt_¶Î1_Material1
[*]C(C)C[*],[*]OC1OC(CO)C(OC2C(O)C(O)C([*])C(CO)O2)C(O)C1O,[*]C1C(O)C(O)C(OC2C(O)C(O)C(O[*])OC2COCCO)OC1COCCO,O=C(N)N,,1.8085485512404047,10.1007_s12221-010-0455-4_part_1.txt_¶Î1_Material1
C/C(C[*])=C/C[*],C/C(C[*])=C/C[*],OCC1OC(OC2C(O)C(O)C(O[*])OC2CO)C(O)C(O)C1[*],C/C(C[*])=C/C[*],,1.1931245983544616,10.1007_s10570-017-1613-2_part_2.txt_¶Î1_Material1
[*]NC(C(N1CCCC1C(NCC(N2CC(CC2C(NC(C(NCC([*])=O)=O)CO)=O)O)=O)=O)=O)CCCCN,O=[Si]=O,OCC(O)CO,,,0.9633155113861112,10.1007_s11947-010-0461-y_part_1.txt_¶Î1_Material1
OCC1OC(C(C(C1[*])O)O)OC2C(C(C(OC2CO)O[*])O)O,O=C(O[Na])COCC(OC(C(C1O)O)[*])C1OC(C(C(C2O[*])O)O)OC2COCC(O[Na])=O,OCCOC1C(OCCO)C(C(OCCO)COCCOC(CCCCCCCCCCCCCCCCC)=O)OC1,,,1.3010299956639813,10.1002_masy.201900174_part_1.txt_¶Î1_Material1
OC1C(C(OC(C1O)OC2C(OC(C(C2O)O)OC3C(C(C(OC3C(OC)=O)OC4C(OC(C(C4O)O)[*])C(O)=O)O)O)C(OC)=O)C(O)=O)O[*],[*]C1C(C(C(OC1C(O[Na])=O)OC2C(C(O[Na])=O)OC(O[*])C(O)C2O)O)O,,,,1.7084209001347128,10.1002_app.33422_part_1.txt_¶Î1_Material3
O=C([*])CCCCCCCCCCC(NCCCCCCCCCCN[*])=O,,,,,2.0261245167454502,10.21935_tls.v1i2.89_OA_part_1.txt_¶Î1_Material1
C/C(C[*])=C/C[*],C/C(C[*])=C/C[*],O=[Si]=O,[Zn]=O,O=C(O)CCCCCCCCCCCCCCCCC,1.3010299956639813,10.1016_j.polymdegradstab.2021.109665_part_1.txt_¶Î1_Material1
[*]C(C)C[*],C[N+](CCO)(CCO)[3H],,,,1.3222192947339193,10.1177_096739111001800202_part_1.txt_¶Î1_Material1
[*]C(CCCCC(OCCCCO[*])=O)=O,,,,,1.2787536009528289,10.1002_app.49025_part_1.txt_¶Î1_Material1
[*]CC[*],O=C(CCCCCCCCCCCCCCCCC)O[Ca]OC(CCCCCCCCCCCCCCCCC)=O,,,,1.136720567156407,10.1177_8756087919846206_part_4.txt_¶Î1_Material1
[*]CC[*],C/C(C[*])=C/C[*],,,,0.785329835010767,10.1088_1742-6596_1129_1_012036_part_1.txt_¶Î1_Material2
C/C(C[*])=C/C[*],[*]C(C)C[*],[*]C(C)C[*],,,0.7558748556724915,10.7454_mst.v17i3.2926_part_1.txt_¶Î1_Material1
COC(C(C[*])([*])C)=O,C12=C3C(C=CC4C3=C5C(CC6=CC7=C8C9=C(C(C=C%10)=CC=C9C=C7)C%11=C%10C%12)=CC4)=CC=C1C=C%12C%13=C%11C8=C6C5=C2%13,[*]C1=CC=C([*])N1,,,1.6812412373755872,10.1002_mdp2.182_part_1.txt_¶Î1_Material1
[*]CC(O)COC(CCCCCCCCC(O[*])=O)=O,[Mg],,,,1.6989700043360187,10.1016_j.ijpharm.2010.01.017_part_2.txt_¶Î1_Material1
[*]CC(COC1=CC=C(C=C1)C(C)(C)C2=CC=C(C=C2)O[*])O,O=C([*])OC1=CC=C(C=C1)C(C)(C)C2=CC=C(C=C2)O[*],O=[Al]O[Al]=O.O=[Si]=O.O=[Si]=O.O=[Si]=O,,,1.7160033436347992,10.1002_app.32757_part_1.txt_¶Î1_Material1
[*]C(C)C[*],C12=C3C(C=CC4C3=C5C(CC6=CC7=C8C9=C(C(C=C%10)=CC=C9C=C7)C%11=C%10C%12)=CC4)=CC=C1C=C%12C%13=C%11C8=C6C5=C2%13,O=[Si]=O,O=[Si]=O,,1.3222192947339193,10.1002_pen.24356_part_2.txt_¶Î1_Material1
[*]C(C)C[*],CC(C=C([*])C=C1C)=C1O[*],[*]CC(CCCC(CC)CC([*])C1=CC=CC=C1)C2=CC=CC=C2,,,1.255272505103306,10.1016_j.polymdegradstab.2012.02.005_part_2.txt_¶Î1_Material1
O=C([*])CCCCCN[*],[*]CCCC([*])OC(C)=O,O=P([O-])([O-])[O-].[Ca+2].[Ca+2].[OH-],,,1.6180480967120927,10.1080_03602559.2013.844242_part_1.txt_¶Î1_Material1
[*]C1C(C(C(OC1C(O[Na])=O)OC2C(C(O[Na])=O)OC(O[*])C(O)C2O)O)O,OCC1OC(C(C(C1[*])O)O)OC2C(C(C(OC2CO)O[*])O)O,,,,1.7091002815511669,10.1111_jfpp.13120_part_1.txt_¶Î1_Material1
[*]CCCC(C1C([*])C2CC1C/C2=C/C)C,OC1=C2C(C3(O)C4C5C6=C7C8C(C9=CC(C(O)=O)=C(C=C(C=C%10C(O)=O)C%11%12)C(C%11=C%13C%14C%15%16C%17(O%16)C%18C%19=C%20C%21=C%22C(C(O)=C%23)=C%24C%25C%21=C%26C%19=C%27C%17=C%28C%14(O)C%12=C%10C=C%28CC%27=CC%26=CC%25=C(C(O)=O)C=C%24)C9=C7C%13(O)C5=C%15C3=C%18C%29%30C%20(O%30)C%31C%22C%23=C%32)=CC(C(O)=O)=CC8=CC6=C(C(O)=O)C4=C2)=C%29C%33=C%31C%32=C(C(O)=O)C=C%331,O=C(O)CCCCCCCCCCCCCCCCC,[S],,1.08278537031645,10.1007_s13726-018-0609-6_part_1.txt_¶Î1_Material1
[*]C1C(OC(C(C1O)O)OC2C(OC(C(C2O)O)O[*])CO)CO,[*]C(CCCCC(OCCCCO[*])=O)=O,OC(C(CC(O)=O)(CC(O)=O)O)=O,,,0.8260748027008264,10.1016_j.carbpol.2012.05.009_part_1.txt_¶Î1_Material1
[*]C(C)C[*],O=C([O-])[O-].[Ca+2],NC1=CC=C(C=C1)/C2=C3C=C/C(N\3)=C(C4=N/C(C=C4)=C(C5=CC=C(N5)/C(C6=CC=CC=C6)=C7N=C2C=C\7)/C8=CC=CC=C8)\C9=CC=CC=C9,,,1.420450859106068,10.37934_aram.122.1.5461_OA_part_1.txt_¶Î1_Material1
[*]NC(C(N1CCCC1C(NCC(N2CC(CC2C(NC(C(NCC([*])=O)=O)CO)=O)O)=O)=O)=O)CCCCN,[*]NC(C)C(N1CCCC1C([*])=O)=O,,,,0.9867717342662448,10.1016_j.ijbiomac.2016.01.089_part_6.txt_¶Î1_Material1
O=C(CCCCC(N(CCCCCCN([*])[H])[H])=O)[*],[*]C(F)(C(F)([*])F)F,,,,1.806179973983887,10.1177_0954008312446765_part_1.txt_¶Î1_Material1
O=C(C1=CC=C(C=C1)C([*])=O)NC2=CC=C(C=C2)N[*],[*]C(C)C[*],[*]C1=C(C=CN2)C2=C([*])C(O)=C1O,,,0.9138138523837168,10.1016_j.compscitech.2015.01.001_part_2.txt_¶Î1_Material1
[*]C(NC1=C(C)C(NC(OCCO[*])=O)=CC=C1)=O,C12=C3C(C=CC4C3=C5C(CC6=CC7=C8C9=C(C(C=C%10)=CC=C9C=C7)C%11=C%10C%12)=CC4)=CC=C1C=C%12C%13=C%11C8=C6C5=C2%13,OC1=C2C(C3(O)C4C5C6=C7C8C(C9=CC(C(O)=O)=C(C=C(C=C%10C(O)=O)C%11%12)C(C%11=C%13C%14C%15%16C%17(O%16)C%18C%19=C%20C%21=C%22C(C(O)=C%23)=C%24C%25C%21=C%26C%19=C%27C%17=C%28C%14(O)C%12=C%10C=C%28CC%27=CC%26=CC%25=C(C(O)=O)C=C%24)C9=C7C%13(O)C5=C%15C3=C%18C%29%30C%20(O%30)C%31C%22C%23=C%32)=CC(C(O)=O)=CC8=CC6=C(C(O)=O)C4=C2)=C%29C%33=C%31C%32=C(C(O)=O)C=C%331,,,1.6532125137753435,10.1166_jnn.2015.8353_part_1.txt_¶Î1_Material1
O=C([*])OC1=CC=C(C=C1)C(C)(C)C2=CC=C(C=C2)O[*],[Zn]=O,,,,1.2041199826559248,10.1016_j.compositesb.2014.01.016_part_1.txt_¶Î1_Material1
O=C([*])OC1=CC=C(C=C1)C(C)(C)C2=CC=C(C=C2)O[*],OC(C(C)(CC(C1=CC=CC=C1)[*])CC(C[*])(C(OCC2CO2)=O)C)=O,O=[Si]=O,,,1.9294189257142929,10.1002_pat.4277_part_2.txt_¶Î1_Material1
O=C([*])CCCCCN[*],[*]CC(CCCC(CC)CC([*])C1=CC=CC=C1)C2=CC=CC=C2,C[N+](CCO)(CCO)[3H],O=[Si]=O,,1.550228353055094,10.1515_epoly.2010.10.1.1214_part_1.txt_¶Î1_Material1
[*]CC[*],[Zn]=O,NCCC[Si](OCC)(OCC)OCC,,,1.6135247028536523,10.1177_0731684413509426_part_1.txt_¶Î1_Material1
[*]CC[*],C/C(C[*])=C/C[*],[S],OC1=C2C(C3(O)C4C5C6=C7C8C(C9=CC(C(O)=O)=C(C=C(C=C%10C(O)=O)C%11%12)C(C%11=C%13C%14C%15%16C%17(O%16)C%18C%19=C%20C%21=C%22C(C(O)=C%23)=C%24C%25C%21=C%26C%19=C%27C%17=C%28C%14(O)C%12=C%10C=C%28CC%27=CC%26=CC%25=C(C(O)=O)C=C%24)C9=C7C%13(O)C5=C%15C3=C%18C%29%30C%20(O%30)C%31C%22C%23=C%32)=CC(C(O)=O)=CC8=CC6=C(C(O)=O)C4=C2)=C%29C%33=C%31C%32=C(C(O)=O)C=C%331,O=C(O)CCCCCCCCCCCCCCCCC,1.0969100130080565,10.4028_www.scientific.net_amm.679.184_part_1.txt_¶Î1_Material1
[*]C(C)C[*],C12=CC3=CC4=CC=CN=C4N=C3N=C1N=C5N=C6N=CC=CC6=CC5=C2,C12=C3C(C=CC4C3=C5C(CC6=CC7=C8C9=C(C(C=C%10)=CC=C9C=C7)C%11=C%10C%12)=CC4)=CC=C1C=C%12C%13=C%11C8=C6C5=C2%13,,,1.6374897295125106,10.1016_j.jiec.2016.04.003_part_1.txt_¶Î1_Material1
C/C(C[*])=C/C[*],OCC(C(C(C1N)O)O[*])OC1OC2C(OC(C(C2O)N)[*])CO,[*]O[C@H](C)CC([*])=O,,,1.1931245983544616,10.4028_www.scientific.net_amr.1033-1034.912_part_1.txt_¶Î1_Material1
OCC(C(C(C1N)O)O[*])OC1OC2C(OC(C(C2O)N)[*])CO,O=C(O[Na])COCC(OC(C(C1O)O)[*])C1OC(C(C(C2O[*])O)O)OC2COCC(O[Na])=O,OCC(O)CO,O=[Al]O[Al]=O.O=[Si]=O.O=[Si]=O.O=[Si]=O,,1.2988530764097066,10.1016_j.eurpolymj.2020.110225_part_2.txt_¶Î1_Material1
[*]OCCCCOC(CCC([*])=O)=O,[Ti](OCCCC)(OCCCC)(OCCCC)OCCCC,O=C=NCCCCCCN=C=O,,,1.6020599913279625,10.1016_j.polymer.2014.05.059_part_2.txt_¶Î1_Material1
OC1=C2C(C3(O)C4C5C6=C7C8C(C9=CC(C(O)=O)=C(C=C(C=C%10C(O)=O)C%11%12)C(C%11=C%13C%14C%15%16C%17(O%16)C%18C%19=C%20C%21=C%22C(C(O)=C%23)=C%24C%25C%21=C%26C%19=C%27C%17=C%28C%14(O)C%12=C%10C=C%28CC%27=CC%26=CC%25=C(C(O)=O)C=C%24)C9=C7C%13(O)C5=C%15C3=C%18C%29%30C%20(O%30)C%31C%22C%23=C%32)=CC(C(O)=O)=CC8=CC6=C(C(O)=O)C4=C2)=C%29C%33=C%31C%32=C(C(O)=O)C=C%331,[*]OC1OC(CO)C(OC2C(O)C(O)C([*])C(CO)O2)C(O)C1O,,,,1.9599948383284165,10.1002_app.33220_part_1.txt_¶Î1_Material1
[*]CC(C1=CC=CC=C1)[*],[*]CC(CC(C#N)[*])C1=CC=CC=C1,,,,1.3222192947339193,10.1088_2053-1591_ab38e7_part_2.txt_¶Î1_Material1
[*]C(C)C[*],[Ti](OCCCC)(OCCCC)(OCCCC)OCCCC,,,,1.8920946026904804,10.1080_14658011.2019.1692565_part_1.txt_¶Î1_Material1
[*]CC(COC1=CC=C(C=C1)C(C)(C)C2=CC=C(C=C2)O[*])O,O=C([*])CCCCCN[*],O=[Si]=O,,,2.1844074854123203,10.1088_1757-899x_183_1_012002_part_1.txt_¶Î1_Material1
O=C(C1=CC=C(C=C1)C(OCC[*])=O)O[*],[*]CC(CC=CCC([*])C1=CC=CC=C1)C#N,[*]CC(C1=CC=CC=C1)[*],,,1.2216749970707688,10.1177_204124791700800403_part_2.txt_¶Î1_Material1
O=C([*])C(C)O[*],[*]OCCCCOC(CCC([*])=O)=O,O=C=NCCCCCCN=C=O,,,1.720985744153739,10.3390_ma14010197_part_2.txt_¶Î1_Material1
[*]C(C)C[*],NC1=CC=C(C=C1)/C2=C3C=C/C(N\3)=C(C4=N/C(C=C4)=C(C5=CC=C(N5)/C(C6=CC=CC=C6)=C7N=C2C=C\7)/C8=CC=CC=C8)\C9=CC=CC=C9,NC1=CC=C(C=C1)/C2=C3C=C/C(N\3)=C(C4=N/C(C=C4)=C(C5=CC=C(N5)/C(C6=CC=CC=C6)=C7N=C2C=C\7)/C8=CC=CC=C8)\C9=CC=CC=C9,,,1.3888114134735237,10.1016_j.matpr.2015.07.251_part_1.txt_¶Î1_Material1
COCC1OC(OC2C(CO)OC(O[*])C(OC)C2OC)C(OC)C(O)C1O[*],[*]C1C(OC(C(C1O)O)OC2C(OC(C(C2O)O)O[*])CO)CO,OCC1OC(C(C(C1[*])O)O)OC2C(C(C(OC2CO)O[*])O)O,,,1.5976951859255124,10.1590_01047760201723042303_part_2.txt_¶Î1_Material1
O=C([*])C(C)O[*],[*]C(CCCCC(OCCCCO[*])=O)=O,OCC(O)CO,,,1.2853322276438846,10.3390_polym12091904_part_2.txt_¶Î1_Material1
[*]C/C=C/CCC([*])C#N,[*]CC([*])Cl,O=C([O-])[O-].[Ca+2],[S],O=C(O)CCCCCCCCCCCCCCCCC,1.0043213737826426,10.1002_vnl.21651_part_1.txt_¶Î1_Material1
[*]NCC(NC(C(ONCC(NC(C(NCC(NC(C([*])=O)C)=O)=O)C)=O)=O)CO)=O,Cl[Fe](Cl)Cl,,,,1.3010299956639813,10.1021_am301844c_part_1.txt_¶Î1_Material1
[*]CC([*])Cl,[*]CC([*])N1CCCC1=O,,,,0.9777236052888476,10.1007_s13726-015-0340-5_part_1.txt_¶Î1_Material1
O=C([*])C(C)O[*],[*]C1C(OC(C(C1O)O)OC2C(OC(C(C2O)O)O[*])CO)CO,OCC(O)CO,OC[C@@H]([C@H]([C@@H]([C@@H](CO)O)O)O)O,,1.668385917,10.1002_app.33981_part_2.txt_¶Î1_Material1
C=C([CH3])C(=O)O[CH3],C/C(C[*])=C/C[*],[S],OC1=C2C(C3(O)C4C5C6=C7C8C(C9=CC(C(O)=O)=C(C=C(C=C%10C(O)=O)C%11%12)C(C%11=C%13C%14C%15%16C%17(O%16)C%18C%19=C%20C%21=C%22C(C(O)=C%23)=C%24C%25C%21=C%26C%19=C%27C%17=C%28C%14(O)C%12=C%10C=C%28CC%27=CC%26=CC%25=C(C(O)=O)C=C%24)C9=C7C%13(O)C5=C%15C3=C%18C%29%30C%20(O%30)C%31C%22C%23=C%32)=CC(C(O)=O)=CC8=CC6=C(C(O)=O)C4=C2)=C%29C%33=C%31C%32=C(C(O)=O)C=C%331,O=C(O)CCCCCCCCCCCCCCCCC,1.1172712956557642,10.1016_j.matpr.2020.01.396_part_1.txt_¶Î1_Material1
C/C(C[*])=C/C[*],[*]C/C=C/CCC(C=C)CC([*])C1=CC=CC=C1,O=[Si]=O,,,1.1522883443830565,10.1177_096739111402200402_part_1.txt_¶Î1_Material1
[*]CC(C1=CC=CC=C1)[*],COC(C(C[*])([*])C)=O,O=[Ti]=O,,,1.6532125137753435,10.1021_mz400407m_part_1.txt_¶Î1_Material1
[*]OC1C(C(O)=O)OC(OC2C(NC(C)=O)C([*])OC(CO)C2O)C(O)C1O,[*]C1C(C(C(OC1C(O[Na])=O)OC2C(C(O[Na])=O)OC(O[*])C(O)C2O)O)O,[Ag+],,,1.1760912590556811,10.1016_j.eurpolymj.2018.09.003_part_1.txt_¶Î1_Material1
OCC1OC(C(C(C1O[*])O)O)[*],C/C(C[*])=C/C[*],,,,1.271841606536499,10.1016_j.matlet.2013.08.109_part_1.txt_¶Î1_Material1
[*]CC[*],FC(F)(C(F)(C(F)(C(F)(C(F)([*])F)F)C(F)(F)F)F)C[*],C/C(C[*])=C/C[*],O=C(O)CCCCCCCCCCCCCCCCC,C=CCN1C(=O)N(CC=C)C(=O)N(CC=C)C1=O,1.0610753236297918,10.1002_pen.22018_part_1.txt_¶Î1_Material1
O=C([*])C(C)O[*],OP(O)(O)=O,C[N+](CCO)(CCO)[3H],,,1.551449997972875,10.3390_polym9080350_part_1.txt_¶Î1_Material1
[*]NC(C(N1CCCC1C(NCC(N2CC(CC2C(NC(C(NCC([*])=O)=O)CO)=O)O)=O)=O)=O)CCCCN,OCC(C(C(C1N)O)O[*])OC1OC2C(OC(C(C2O)N)[*])CO,[Zn]=O,,,1.5010592622177514,10.1016_j.meatsci.2020.108161_part_1.txt_¶Î1_Material1
OCC1OC(C(C(C1[*])O)O)OC2C(C(C(OC2CO)O[*])O)O,OCC(C(C(C1N)O)O[*])OC1OC2C(OC(C(C2O)N)[*])CO,[*]C([H])([H])C(O)([H])[*],,,1.3172273491764204,10.1016_j.carbpol.2019.03.093_part_1.txt_¶Î1_Material1
[*]C1C(OC(C(C1O)O)OC2C(OC(C(C2O)O)O[*])CO)CO,O=C([*])C(C)O[*],OCC1OC(C(C(C1[*])O)O)OC2C(C(C(OC2CO)O[*])O)O,,,1.5118833609788744,10.3390_ma8063168_part_1.txt_¶Î1_Material1
O=C(O[Na])COCC(OC(C(C1O)O)[*])C1OC(C(C(C2O[*])O)O)OC2COCC(O[Na])=O,[*]C1C(C(C(OC1C(O[Na])=O)OC2C(C(O[Na])=O)OC(O[*])C(O)C2O)O)O,,,,1.4670158184384354,10.4028_www.scientific.net_amr.842.110_part_1.txt_¶Î1_Material1
[*]CC[*],O=C(O)CCCCCCCCCCCCCCCCC,[H][Si]([H])([H])[H],,,1.1643528557844371,10.1007_s10973-018-7378-5_part_1.txt_¶Î1_Material1
[*]NC(C(N1CCCC1C(NCC(N2CC(CC2C(NC(C(NCC([*])=O)=O)CO)=O)O)=O)=O)=O)CCCCN,OCC(C(C(C1N)O)O[*])OC1OC2C(OC(C(C2O)N)[*])CO,OCC(O)CO,OC[C@@H]([C@H]([C@@H]([C@@H](CO)O)O)O)O,[*]OCC[*],1.4471580313422192,10.4028_www.scientific.net_amr.295-297.1202_part_1.txt_¶Î1_Material1
O=C(C1=CC=C(C=C1)C(OCC[*])=O)O[*],[*]OC1OC(CO)C(OC2C(O)C(O)C([*])C(CO)O2)C(O)C1O,O=[Si]=O,,,1.4653828514484182,10.1016_j.matpr.2018.06.499_part_1.txt_¶Î1_Material1
[*]C(NC1=C(C)C(NC(OCCO[*])=O)=CC=C1)=O,[Cu],,,,1.3113299523037931,10.1007_s10904-012-9755-z_part_2.txt_¶Î1_Material1
[*]C1C(OC(C(C1O)O)OC2C(OC(C(C2O)O)O[*])CO)CO,[*]NC(C(N1CCCC1C(NCC(N2CC(CC2C(NC(C(NCC([*])=O)=O)CO)=O)O)=O)=O)=O)CCCCN,,,,1.380211241711606,10.1016_j.foodhyd.2016.05.008_part_2.txt_¶Î1_Material1
[*]C(C)C[*],[*]CC(COC1=CC=C(C=C1)C(C)(C)C2=CC=C(C=C2)O[*])O,,,,1.4771212547196624,10.1016_j.apcbee.2014.01.017_part_1.txt_¶Î1_Material1
OC(C1C(CO[*])C(O)C(O)C(OC2C(O)C(O)C(O[*])OC2C(O)=O)O1)=O,OCC(C(C(C1N)O)O[*])OC1OC2C(OC(C(C2O)N)[*])CO,,,,1.380211241711606,10.1007_s12588-016-9143-6_part_3.txt_¶Î1_Material1
[*]OCCCCOC(CCC([*])=O)=O,,,,,1,10.1002_app.44544_part_1.txt_¶Î1_Material1
[*]CC[*],O=C([O-])[O-].[Ca+2],O=[Si]=O,O=[Al]O[Al]=O.O=[Si]=O.O=[Si]=O.O.O,,1.413299764081252,10.1007_s00289-020-03454-3_part_3.txt_¶Î1_Material1
[*]C(NC1=C(C)C(NC(OCCO[*])=O)=CC=C1)=O,[Ni],,,,1.2787536009528289,10.1039_c1jm10255a_part_1.txt_¶Î1_Material1
[*]C(NC1=C(C)C(NC(OCCO[*])=O)=CC=C1)=O,[Fe]12O[Fe]O[Fe](O2)O1,,,,0.7558748556724915,10.1007_s00289-013-0999-8_part_1.txt_¶Î1_Material1
O=C([*])C(C)O[*],[*]CCCC([*])OC(C)=O,O=[Si]=O,[*]CC(CCCC(CC)CC([*])C1=CC=CC=C1)C2=CC=CC=C2,,1.5118833609788744,10.1016_j.polymertesting.2020.106735_part_2.txt_¶Î1_Material1
[*]C([H])([H])C(O)([H])[*],[*]C1C(OC(C(C1O)O)OC2C(OC(C(C2O)O)O[*])CO)CO,C12=C3C(C=CC4C3=C5C(CC6=CC7=C8C9=C(C(C=C%10)=CC=C9C=C7)C%11=C%10C%12)=CC4)=CC=C1C=C%12C%13=C%11C8=C6C5=C2%13,,,1.1522883443830565,10.1002_pc.25708_part_2.txt_¶Î1_Material1
[*]C(C)C[*],O=C(C1=CC=C(C([*])=O)C=C1)NC2=CCC(N[*])C=C2,OC1=C2C(C3(O)C4C5C6=C7C8C(C9=CC(C(O)=O)=C(C=C(C=C%10C(O)=O)C%11%12)C(C%11=C%13C%14C%15%16C%17(O%16)C%18C%19=C%20C%21=C%22C(C(O)=C%23)=C%24C%25C%21=C%26C%19=C%27C%17=C%28C%14(O)C%12=C%10C=C%28CC%27=CC%26=CC%25=C(C(O)=O)C=C%24)C9=C7C%13(O)C5=C%15C3=C%18C%29%30C%20(O%30)C%31C%22C%23=C%32)=CC(C(O)=O)=CC8=CC6=C(C(O)=O)C4=C2)=C%29C%33=C%31C%32=C(C(O)=O)C=C%331,,,1.599883072073688,10.1177_155892501701200206_part_1.txt_¶Î1_Material1
OCC(C(C(C1N)O)O[*])OC1OC2C(OC(C(C2O)N)[*])CO,[*]C([H])([H])C(O)([H])[*],O=[Al]O[Al]=O.O=[Si]=O.O=[Si]=O.O=[Si]=O,O=[Al]O[Al]=O.O=[Si]=O.O=[Si]=O.O=[Si]=O,,1.812445402872756,10.1016_j.carbpol.2015.12.072_part_5.txt_¶Î1_Material1
C/C(C[*])=C/C[*],[*]CCCC(C1C([*])C2CC1C/C2=C/C)C,[Zn]=O,[S],O=C(O)CCCCCCCCCCCCCCCCC,1.2671717284030135,10.1002_pc.24467_part_1.txt_¶Î1_Material1
OCC(C(C(C1N)O)O[*])OC1OC2C(OC(C(C2O)N)[*])CO,[*]OCC[*],O=C(O[Na])COCC(OC(C(C1O)O)[*])C1OC(C(C(C2O[*])O)O)OC2COCC(O[Na])=O,,,1.084576277934331,10.4028_www.scientific.net_kem.840.142_part_1.txt_¶Î1_Material1
C=C([CH3])C(=O)O[CH3],COC(C(C[*])([*])C)=O,C=C([CH3])C(=O)OC([CH3])[CH3],,,1.832125542534009,10.1177_0892705709356341_part_4.txt_¶Î1_Material1
O=C([*])CCCCCN[*],[*]CC(C#N)[*],,,,1.668385917,10.1016_j.compositesb.2015.03.038_part_1.txt_¶Î1_Material1
C[Si](C)(C[*])O[*],OC1=C2C(C3(O)C4C5C6=C7C8C(C9=CC(C(O)=O)=C(C=C(C=C%10C(O)=O)C%11%12)C(C%11=C%13C%14C%15%16C%17(O%16)C%18C%19=C%20C%21=C%22C(C(O)=C%23)=C%24C%25C%21=C%26C%19=C%27C%17=C%28C%14(O)C%12=C%10C=C%28CC%27=CC%26=CC%25=C(C(O)=O)C=C%24)C9=C7C%13(O)C5=C%15C3=C%18C%29%30C%20(O%30)C%31C%22C%23=C%32)=CC(C(O)=O)=CC8=CC6=C(C(O)=O)C4=C2)=C%29C%33=C%31C%32=C(C(O)=O)C=C%331,,,,-0.337242168,10.1080_03602559.2013.828232_part_1.txt_¶Î1_Material1
[*]C([H])([H])C(O)([H])[*],[*]CC(C#N)[*],C(CC=O)CC=O,CC(=O)O,O=C([CH3])[CH3],0.9132839017604184,10.1039_c6ra13971j_part_1.txt_¶Î1_Material1
C/C(C[*])=C/C[*],,,,,0.9206450014067876,10.1002_pc.22242_part_1.txt_¶Î1_Material1
[*]CC(COC1=CC=C(C=C1)C(C)(C)C2=CC=C(C=C2)O[*])O,[*]C1=CC=C([*])N1,OC1=C2C(C3(O)C4C5C6=C7C8C(C9=CC(C(O)=O)=C(C=C(C=C%10C(O)=O)C%11%12)C(C%11=C%13C%14C%15%16C%17(O%16)C%18C%19=C%20C%21=C%22C(C(O)=C%23)=C%24C%25C%21=C%26C%19=C%27C%17=C%28C%14(O)C%12=C%10C=C%28CC%27=CC%26=CC%25=C(C(O)=O)C=C%24)C9=C7C%13(O)C5=C%15C3=C%18C%29%30C%20(O%30)C%31C%22C%23=C%32)=CC(C(O)=O)=CC8=CC6=C(C(O)=O)C4=C2)=C%29C%33=C%31C%32=C(C(O)=O)C=C%331,,,1.812913356642856,10.1016_j.polymertesting.2017.03.022_part_2.txt_¶Î1_Material1
[*]C(CCCCCO[*])=O,[*]C([C@H](C)OC([C@H](C)O[*])=O)=O,,,,1.2174839442139065,10.1002_marc.201600414_part_1.txt_¶Î1_Material1
[*]CC(CC=CCC([*])C1=CC=CC=C1)C#N,OC1=C2C(C3(O)C4C5C6=C7C8C(C9=CC(C(O)=O)=C(C=C(C=C%10C(O)=O)C%11%12)C(C%11=C%13C%14C%15%16C%17(O%16)C%18C%19=C%20C%21=C%22C(C(O)=C%23)=C%24C%25C%21=C%26C%19=C%27C%17=C%28C%14(O)C%12=C%10C=C%28CC%27=CC%26=CC%25=C(C(O)=O)C=C%24)C9=C7C%13(O)C5=C%15C3=C%18C%29%30C%20(O%30)C%31C%22C%23=C%32)=CC(C(O)=O)=CC8=CC6=C(C(O)=O)C4=C2)=C%29C%33=C%31C%32=C(C(O)=O)C=C%331,,,,1.7474118078864234,10.3390_polym13162614_part_1.txt_¶Î1_Material1
[*]C(C1=CC=C(C(OCCCCO[*])=O)C=C1)=O,,,,,2.017867718963505,10.1177_096739111602400807_part_1.txt_¶Î1_Material1
O=S(C(C=C1)=CC=C1OC(C=C2)=CC=C2C(C)(C)C(C=C3)=CC=C3O[*])(C4=CC=C([*])C=C4)=O,[*]OCC[*],[*]CC([*])N1CCCC1=O,COC1=CC(/C=C/C=O)=CC(OC2=CC(C(C(OC3=CC=C(C=C3OC)C(C(CO)=O)O)CO)O)=CC=C2OC4=CC(C(C(COC5=CC=C(C=C5)C(C(CO)=O)O)=O)O)=CC=C4O)=C1,,1.1613680022349748,10.1002_app.40616_part_1.txt_¶Î1_Material1
[*]NCC(NC(C(ONCC(NC(C(NCC(NC(C([*])=O)C)=O)=O)C)=O)=O)CO)=O,[*]OCC[*],,,,1.230448921378274,10.1080_10667857.2017.1405889_part_2.txt_¶Î1_Material1
FC(F)([*])C([H])([*])[H],C[Si](C)(C[*])O[*],[H][Si]([H])([H])[H],[H][Si]([H])([H])[H],[Ti](OCCCC)(OCCCC)(OCCCC)OCCCC,1.7781512503836436,10.1016_j.apsusc.2014.10.028_part_1.txt_¶Î1_Material1
[*]C(C)C[*],[*]C(C)C[*],[*]CCC(CCCCCC)C[*],C12=C3C(C=CC4C3=C5C(CC6=CC7=C8C9=C(C(C=C%10)=CC=C9C=C7)C%11=C%10C%12)=CC4)=CC=C1C=C%12C%13=C%11C8=C6C5=C2%13,,1.2174839442139065,10.3390_ma12233924_part_1.txt_¶Î1_Material1
[*]C(C=C1)=CC=C1S[*],O=C([*])C1=CC=C2C=C(C=CC2=C1)OC(C3=CC=C(C=C3)O[*])=O,,,,1.8325089127062364,10.1007_s10853-011-5745-8_part_2.txt_¶Î1_Material1
O=C(C1=CC=C(C=C1)C(OCC[*])=O)O[*],[C],,,,1.376576957056512,10.1061_(asce)mt.1943-5533.0002273_part_1.txt_¶Î1_Material1
[*]OCCOC(CC(C([*])=O)C(C1CCCCC1)CC(CC(O)=O)C(OCCO)=O)=O,O=[Si]=O,O=[Si]=O,,,1.8055008581584,10.1080_00222348.2018.1476440_part_1.txt_¶Î1_Material1
[*]C(C1=CC=C(C=C1)C(OCCCCOC(C2=CC=C(C=C2)C(OCCCCO[*])=O)=O)=O)=O,[C],,,,1.6020599913279625,10.1007_s10118-021-2560-1_part_1.txt_¶Î1_Material1
O=C(CCCCC(N(CCCCCCN([*])[H])[H])=O)[*],[O-][Si]([O-])([O-])O[Si]([O-])([O-])[O-].[Ca+2],,,,2.170261715394957,10.1002_pc.22293_part_1.txt_¶Î1_Material1
[*]NC(C(N1CCCC1C(NCC(N2CC(CC2C(NC(C(NCC([*])=O)=O)CO)=O)O)=O)=O)=O)CCCCN,OCC1OC(C(C(C1[*])O)O)OC2C(C(C(OC2CO)O[*])O)O,[*]OCC[*],,,1.2787536009528289,10.1016_j.electacta.2011.03.124_part_1.txt_¶Î1_Material1
O=C(O[Na])COCC(OC(C(C1O)O)[*])C1OC(C(C(C2O[*])O)O)OC2COCC(O[Na])=O,N#CC(C1=CC=CC=N1)C1=CC=CC=C1,OCC(O)CO,,,1.7259116322950483,10.1016_j.carbpol.2009.07.035_part_1.txt_¶Î1_Material1
[*]CC(COC1=CC=C(C=C1)C(C)(C)C2=CC=C(C=C2)O[*])O,[Al],C12=CC3=CC4=CC=CN=C4N=C3N=C1N=C5N=C6N=CC=CC6=CC5=C2,,,2.392696953259666,10.1177_0967391111019002-324_part_1.txt_¶Î1_Material1
[*]CC(COC1=CC=C(C=C1)C(C)(C)C2=CC=C(C=C2)O[*])O,CC1=CC=C(C=C1N=C=O)N=C=O,O=CN(C)C,,,1.3996737214810382,10.4028_www.scientific.net_amm.204-208.4075_part_1.txt_¶Î1_Material1
[*]CC(C1=CC=CC=C1)[*],[*]CCCC([*])OC(C)=O,[*]CC(C1=CC=CC=C1)C/C=C/C[*],,,0.9041743682841636,10.1016_j.matchemphys.2012.08.063_part_1.txt_¶Î1_Material1
[*]C([H])([H])C(O)([H])[*],[*]C1=CC=C([*])N1,[*]CC(C1=CC=C(C=C1)S(O)(=O)=O)[*],[C],,1.6056282220076186,10.3390_app11073040_part_3.txt_¶Î1_Material2
[*]CC(COC1=CC=C(C=C1)C(C)(C)C2=CC=C(C=C2)O[*])O,[*]OC1OC(CO)C(OC2C(O)C(O)C([*])C(CO)O2)C(O)C1O,,,,1.7545776560447304,10.1007_s00170-020-05427-2_part_2.txt_¶Î1_Material1
[*]C1C(C(C(OC1C(O[Na])=O)OC2C(C(O[Na])=O)OC(O[*])C(O)C2O)O)O,[*]C([H])([H])C(O)([H])[*],[H][Si]([H])([H])[H],,,1.0580462303952818,10.1016_j.ijbiomac.2019.11.168_part_1.txt_¶Î1_Material1
O=C(CCCCC(N(CCCCCCN([*])[H])[H])=O)[*],[C],S=[Mo]=S,,,1.812913356642856,10.4028_www.scientific.net_amr.123-125.1043_part_1.txt_¶Î1_Material1
[*]C(NC1=C(C)C(NC(OCCO[*])=O)=CC=C1)=O,[*]O[Si](C)(C)[*],,,,1.1072099696478683,10.1002_mame.201900056_part_1.txt_¶Î1_Material1
[*]CC(CC=CCC([*])C1=CC=CC=C1)C#N,[*]OCC[*],,,,1.7686381012476144,10.1002_app.48377_part_2.txt_¶Î1_Material1
C/C(C[*])=C/C[*],OCC1OC(C(C(C1[*])O)O)OC2C(C(C(OC2CO)O[*])O)O,[*]C1C(C(C(OC1C(O[Na])=O)OC2C(C(O[Na])=O)OC(O[*])C(O)C2O)O)O,,,1.1335389083702174,10.3390_polym13030468_part_1.txt_¶Î1_Material1
O=C([*])OC1=CC=C(C=C1)C(C)(C)C2=CC=C(C=C2)O[*],OC1=C2C(C3(O)C4C5C6=C7C8C(C9=CC(C(O)=O)=C(C=C(C=C%10C(O)=O)C%11%12)C(C%11=C%13C%14C%15%16C%17(O%16)C%18C%19=C%20C%21=C%22C(C(O)=C%23)=C%24C%25C%21=C%26C%19=C%27C%17=C%28C%14(O)C%12=C%10C=C%28CC%27=CC%26=CC%25=C(C(O)=O)C=C%24)C9=C7C%13(O)C5=C%15C3=C%18C%29%30C%20(O%30)C%31C%22C%23=C%32)=CC(C(O)=O)=CC8=CC6=C(C(O)=O)C4=C2)=C%29C%33=C%31C%32=C(C(O)=O)C=C%331,,,,2,10.1557_jmr.2010.0139_part_2.txt_¶Î1_Material1
O=C(C1=CC=C(C=C1)C(OCC[*])=O)O[*],O=[Si]=O,[O-][Si]([O-])([O-])O[Si]([O-])([O-])[O-].[Ca+2],,,1.872505899345925,10.1088_1757-899x_245_1_012006_part_2.txt_¶Î1_Material1
[*]C(N(CN(C(OCOC(N(CN(C(OCCO[*])=O)[H])[H])=O)=O)[H])[H])=O,[*]C(NC1=C(C)C(NC(OCCO[*])=O)=CC=C1)=O,NCCC[Si](OCC)(OCC)OCC,,,1.8369567370595503,10.1016_j.porgcoat.2011.11.027_part_2.txt_¶Î1_Material1
[*]CC(COC1=CC=C(C=C1)C(C)(C)C2=CC=C(C=C2)O[*])O,OC(C(C)(CC(C1=CC=CC=C1)[*])CC(C[*])(C(OCC2CO2)=O)C)=O,O=[Ti]=O,,,1.6989700043360187,10.1007_s10570-016-1005-z_part_3.txt_¶Î1_Material1
[*]OC1OC(CO)C(OC2C(O)C(O)C([*])C(CO)O2)C(O)C1O,,,,,1.4245549766067132,10.38032_jea.2022.02.001_OA_part_1.txt_¶Î1_Material1
[*]C(N(CN(C(OCOC(N(CN(C(OCCO[*])=O)[H])[H])=O)=O)[H])[H])=O,[Ca+2],,,,1.7520484478194385,10.14233_ajchem.2014.15436_part_2.txt_¶Î1_Material2
[*]CC[*],OS(=O)(OOS(O)(=O)=O)=O.N.N,,,,1.1846914308175989,10.1166_jbmb.2012.1235_part_2.txt_¶Î1_Material1
O=C([*])OC1=CC=C(C=C1)C(C)(C)C2=CC=C(C=C2)O[*],[*]C(NC1=C(C)C(NC(OCCO[*])=O)=CC=C1)=O,,,,1.8739015978644613,10.1016_j.matchemphys.2019.122334_part_2.txt_¶Î1_Material1
[*]C(N(CN(C(OCOC(N(CN(C(OCCO[*])=O)[H])[H])=O)=O)[H])[H])=O,O=C(C1=CC=C(C=C1)C(OCC[*])=O)O[*],O=C(C1=CC=C(C=C1)C([*])=O)NC2=CC=C(C=C2)N[*],O=[Ti]=O,,1.6989700043360187,10.1002_pc.24864_part_2.txt_¶Î1_Material1
OCC1OC(C(C(C1[*])O)O)OC2C(C(C(OC2CO)O[*])O)O,OCC1OC(C(C(C1[*])O)O)OC2C(C(C(OC2CO)O[*])O)O,COC1=CC(/C=C/C=O)=CC(OC2=CC(C(C(OC3=CC=C(C=C3OC)C(C(CO)=O)O)CO)O)=CC=C2OC4=CC(C(C(COC5=CC=C(C=C5)C(C(CO)=O)O)=O)O)=CC=C4O)=C1,,,2.3508679962865644,10.1080_15440478.2021.1941484_part_1.txt_¶Î1_Material1
[*]C/C=C/CCC(C=C)CC([*])C1=CC=CC=C1,OCC1OC(C(C(C1[*])O)O)OC2C(C(C(OC2CO)O[*])O)O,OC1=C2C(C3(O)C4C5C6=C7C8C(C9=CC(C(O)=O)=C(C=C(C=C%10C(O)=O)C%11%12)C(C%11=C%13C%14C%15%16C%17(O%16)C%18C%19=C%20C%21=C%22C(C(O)=C%23)=C%24C%25C%21=C%26C%19=C%27C%17=C%28C%14(O)C%12=C%10C=C%28CC%27=CC%26=CC%25=C(C(O)=O)C=C%24)C9=C7C%13(O)C5=C%15C3=C%18C%29%30C%20(O%30)C%31C%22C%23=C%32)=CC(C(O)=O)=CC8=CC6=C(C(O)=O)C4=C2)=C%29C%33=C%31C%32=C(C(O)=O)C=C%331,O=C(O)CCCCCCCCCCCCCCCCC,[S],0.9339931638312424,10.1002_app.33240_part_1.txt_¶Î1_Material1
O=C(CCCCC(N(CCCCCCN([*])[H])[H])=O)[*],[*]C(F)(C(F)([*])F)F,[H][Si]([H])([H])[H],,,1.9877556167385235,10.1007_s12666-017-1095-9_part_2.txt_¶Î1_Material1
[*]CC[*],O=[Al]O[Al]=O.O=[Si]=O.O=[Si]=O.O.O,,,,1.2755416884013095,10.1002_pc.23014_part_1.txt_¶Î1_Material1
[*]CC(COC1=CC=C(C=C1)C(C)(C)C2=CC=C(C=C2)O[*])O,O=[Ti]=O,,,,1.4941545940184429,10.1016_j.matpr.2021.06.148_part_2.txt_¶Î1_Material1
[*]C(CCCCC([*])S(=O)(Cl)=O)Cl,[S],OC1=C2C(C3(O)C4C5C6=C7C8C(C9=CC(C(O)=O)=C(C=C(C=C%10C(O)=O)C%11%12)C(C%11=C%13C%14C%15%16C%17(O%16)C%18C%19=C%20C%21=C%22C(C(O)=C%23)=C%24C%25C%21=C%26C%19=C%27C%17=C%28C%14(O)C%12=C%10C=C%28CC%27=CC%26=CC%25=C(C(O)=O)C=C%24)C9=C7C%13(O)C5=C%15C3=C%18C%29%30C%20(O%30)C%31C%22C%23=C%32)=CC(C(O)=O)=CC8=CC6=C(C(O)=O)C4=C2)=C%29C%33=C%31C%32=C(C(O)=O)C=C%331,O=C(O)CCCCCCCCCCCCCCCCC,,1.1702617153949575,10.2298_ciceq110315017m_part_1.txt_¶Î1_Material2
OCC(C(C(C1N)O)O[*])OC1OC2C(OC(C(C2O)N)[*])CO,[*]C(C(OC(CO[*])=O)C)=O,,,,0.9469432706978256,10.1016_j.polymdegradstab.2020.109322_part_1.txt_¶Î1_Material1
O=C(C1=CC=C(C=C1)C(OCC[*])=O)O[*],OCC1OC(C(C(C1O[*])O)O)[*],,,,2,10.1007_s12221-013-1040-4_part_1.txt_¶Î1_Material1
[*]CC[*],[*]CC[*],O=[Al]O[Al]=O.O=[Si]=O.O=[Si]=O.O=[Si]=O,O=C(CCCCCCCCCCCCCCCCC)O[Ca]OC(CCCCCCCCCCCCCCCCC)=O,,1.3996737214810382,10.3390_ma13153342_part_2.txt_¶Î1_Material1
[*]C(N(CN(C(OCOC(N(CN(C(OCCO[*])=O)[H])[H])=O)=O)[H])[H])=O,OC1=C2C(C3(O)C4C5C6=C7C8C(C9=CC(C(O)=O)=C(C=C(C=C%10C(O)=O)C%11%12)C(C%11=C%13C%14C%15%16C%17(O%16)C%18C%19=C%20C%21=C%22C(C(O)=C%23)=C%24C%25C%21=C%26C%19=C%27C%17=C%28C%14(O)C%12=C%10C=C%28CC%27=CC%26=CC%25=C(C(O)=O)C=C%24)C9=C7C%13(O)C5=C%15C3=C%18C%29%30C%20(O%30)C%31C%22C%23=C%32)=CC(C(O)=O)=CC8=CC6=C(C(O)=O)C4=C2)=C%29C%33=C%31C%32=C(C(O)=O)C=C%331,OCC1OC(C(C(C1[*])O)O)OC2C(C(C(OC2CO)O[*])O)O,[Ag],,1.6354837468149122,10.3390_coatings10040400_part_3.txt_¶Î1_Material1
FC(F)([*])C([H])([*])[H],C=C([CH3])C(=O)O[CH3],,,,1.568201724066995,10.1002_app.40494_part_2.txt_¶Î1_Material1
O=C(C1=CC=C(C=C1)C(OCC[*])=O)O[*],[*]NC1=CC=C([*])C=C1,,,,1.631443769013172,10.1177_0040517513515316_part_1.txt_¶Î1_Material1
[*]C(C)C[*],[Zn]=O,,,,1.4393326938302626,10.1515_epoly-2020-0060_part_1.txt_¶Î1_Material1
[*]CC[*],OCC(C(C(C1N)O)O[*])OC1OC2C(OC(C(C2O)N)[*])CO,OC1=C2C(C3(O)C4C5C6=C7C8C(C9=CC(C(O)=O)=C(C=C(C=C%10C(O)=O)C%11%12)C(C%11=C%13C%14C%15%16C%17(O%16)C%18C%19=C%20C%21=C%22C(C(O)=C%23)=C%24C%25C%21=C%26C%19=C%27C%17=C%28C%14(O)C%12=C%10C=C%28CC%27=CC%26=CC%25=C(C(O)=O)C=C%24)C9=C7C%13(O)C5=C%15C3=C%18C%29%30C%20(O%30)C%31C%22C%23=C%32)=CC(C(O)=O)=CC8=CC6=C(C(O)=O)C4=C2)=C%29C%33=C%31C%32=C(C(O)=O)C=C%331,CCCC[Sn](CCCC)(OC(CCCCCCCCCCC)=O)OC(CCCCCCCCCCC)=O,O=C(O)CCCCCCCCCCCCCCCCC,1.0086001717619175,10.1515_polyeng-2015-0350_part_1.txt_¶Î1_Material1
[*][C@H]1[C@H](O)[C@@H](O)[C@H](O[C@H]2[C@H]([C@@H](O)[C@H](O[C@H]3[C@H](O)[C@H](O)[C@H](O[C@H]4[C@H](O)[C@H](O)[C@H](O[*])O[C@@H]4CO)O[C@@H]3CO)O[C@@H]2COC(C)=O)O)O[C@@H]1CO,OCC(O)CO,,,,1.1818435879447726,10.1016_j.lwt.2014.05.029_part_1.txt_¶Î1_Material1
OCC1OC(C(C(C1O[*])O)O)[*],[*]C([H])([H])C(O)([H])[*],OCC(O)CO,[H]O[H],,1.244771761495295,10.1016_j.foodhyd.2020.105657_part_1.txt_¶Î1_Material1
[*]C1C(OC(C(C1O)O)OC2C(OC(C(C2O)O)O[*])CO)CO,[*]C([H])([H])C(O)([H])[*],,,,1.4868553552769432,10.1088_1757-899x_798_1_012002_part_1.txt_¶Î1_Material1
[*]OC1C(O)C(O)C(OC2C(CO)OC([*])C(O)C2O)OC1CO,CC1(CC(CC(C)(C1)C)N=C=O)CN=C=O,,,,1.3010299956639813,10.1007_s11998-015-9741-9_part_1.txt_¶Î1_Material1
O=C([*])C(C)O[*],O=C([*])C(C)O[*],C12=CC3=CC4=CC=CN=C4N=C3N=C1N=C5N=C6N=CC=CC6=CC5=C2,OC1=C2C(C3(O)C4C5C6=C7C8C(C9=CC(C(O)=O)=C(C=C(C=C%10C(O)=O)C%11%12)C(C%11=C%13C%14C%15%16C%17(O%16)C%18C%19=C%20C%21=C%22C(C(O)=C%23)=C%24C%25C%21=C%26C%19=C%27C%17=C%28C%14(O)C%12=C%10C=C%28CC%27=CC%26=CC%25=C(C(O)=O)C=C%24)C9=C7C%13(O)C5=C%15C3=C%18C%29%30C%20(O%30)C%31C%22C%23=C%32)=CC(C(O)=O)=CC8=CC6=C(C(O)=O)C4=C2)=C%29C%33=C%31C%32=C(C(O)=O)C=C%331,C=C([CH3])C(=O)OC([CH3])[CH3],2.071882007306125,10.1177_0021998317708020_part_1.txt_¶Î1_Material1
[*]C(C)C[*],[*]C(C)C[*],NC1=CC=C(C=C1)/C2=C3C=C/C(N\3)=C(C4=N/C(C=C4)=C(C5=CC=C(N5)/C(C6=CC=CC=C6)=C7N=C2C=C\7)/C8=CC=CC=C8)\C9=CC=CC=C9,,,1.3010299956639813,10.1080_03602559.2011.557823_part_1.txt_¶Î1_Material1
O=C([*])OC1=CC=C(C=C1)C(C)(C)C2=CC=C(C=C2)O[*],[*]CC(CC=CCC([*])C1=CC=CC=C1)C#N,C12=C3C(C=CC4C3=C5C(CC6=CC7=C8C9=C(C(C=C%10)=CC=C9C=C7)C%11=C%10C%12)=CC4)=CC=C1C=C%12C%13=C%11C8=C6C5=C2%13,,,1.845098040014257,10.1016_j.polymdegradstab.2015.06.013_part_1.txt_¶Î1_Material1
[*]C([H])([H])C(O)([H])[*],[*]C1C(O)C(O)C(OC2C(O)C(O)C(O[*])OC2COCCO)OC1COCCO,,,,1.3517963068970236,10.1016_j.carbpol.2013.12.049_part_2.txt_¶Î1_Material1
[*]C(C)C[*],CC(CC(C(C(O1)=O)CC1=O)[*])C[*],CC(CC(C(C(O1)=O)CC1=O)[*])C[*],,,1.436480695009495,10.1002_app.32826_part_1.txt_¶Î1_Material1
O=C([*])C(C)O[*],[*]CC[*],O=[Ti]=O,O=C([O-])[O-].[Ca+2],,1.6989700043360187,10.1002_pen.25124_part_1.txt_¶Î1_Material1
[*]C/C=C/CCC(C/C=C\C[*])C=C,[*]C(NC1=C(C)C(NC(OCCO[*])=O)=CC=C1)=O,O=C(CCCCCCC(=O)ON1C(=O)CCC1=O)ON1C(=O)CCC1=O,,,1.3979400086720375,10.1002_prep.201700180_part_2.txt_¶Î1_Material1
O=C(C1=CC=C(C=C1)C(OCC[*])=O)O[*],[Mg],,,,1.8541237821011671,10.1007_s42154-019-00047-3_part_1.txt_¶Î1_Material1
O=C(C1=CC=C(C=C1)C(OCC[*])=O)O[*],O=[Al]O[Al]=O,,,,1.662757831681574,10.1080_15440478.2019.1636745_part_2.txt_¶Î1_Material1
[*]CC[*],OC1=C2C(C3(O)C4C5C6=C7C8C(C9=CC(C(O)=O)=C(C=C(C=C%10C(O)=O)C%11%12)C(C%11=C%13C%14C%15%16C%17(O%16)C%18C%19=C%20C%21=C%22C(C(O)=C%23)=C%24C%25C%21=C%26C%19=C%27C%17=C%28C%14(O)C%12=C%10C=C%28CC%27=CC%26=CC%25=C(C(O)=O)C=C%24)C9=C7C%13(O)C5=C%15C3=C%18C%29%30C%20(O%30)C%31C%22C%23=C%32)=CC(C(O)=O)=CC8=CC6=C(C(O)=O)C4=C2)=C%29C%33=C%31C%32=C(C(O)=O)C=C%331,,,,0.895422546039408,10.1002_app.36898_part_2.txt_¶Î1_Material1
[*]CC[*],[*]C1C(OC(C(C1O)O)OC2C(OC(C(C2O)O)O[*])CO)CO,O=C(N)N,OCC(O)CO,OC[C@@H]([C@H]([C@@H]([C@@H](CO)O)O)O)O,1.130333768495006,10.1088_1742-6596_1150_1_012032_part_1.txt_¶Î1_Material1
[*]C([H])([H])C(O)([H])[*],O=[Al]O[Al]=O.O=[Si]=O.O=[Si]=O.O=[Si]=O,OCC(O)CO,,,1.0334237554869496,10.1002_pc.25238_part_1.txt_¶Î1_Material1
[*]CC(O[*])CN=[N+]=[N-],,,,,0.846955325019824,10.1021_acs.langmuir.1c00939_part_1.txt_¶Î1_Material1
[*]C([H])([H])C(O)([H])[*],[*]C1C(OC(C(C1O)O)OC2C(OC(C(C2O)O)O[*])CO)CO,OCC1OC(C(C(C1[*])O)O)OC2C(C(C(OC2CO)O[*])O)O,,,1.9294189257142929,10.1007_s13369-021-05336-w_part_1.txt_¶Î1_Material1
O=C([*])OC1=CC=C(C=C1)C(C)(C)C2=CC=C(C=C2)O[*],[*]CC(CC=CCC([*])C1=CC=CC=C1)C#N,O=[Al]O[Al]=O.O=[Si]=O.O=[Si]=O.O=[Si]=O,,,1.6127838567197357,10.4028_www.scientific.net_kem.674.173_part_1.txt_¶Î1_Material1
[*]C(C)C[*],OC1=C2C(C3(O)C4C5C6=C7C8C(C9=CC(C(O)=O)=C(C=C(C=C%10C(O)=O)C%11%12)C(C%11=C%13C%14C%15%16C%17(O%16)C%18C%19=C%20C%21=C%22C(C(O)=C%23)=C%24C%25C%21=C%26C%19=C%27C%17=C%28C%14(O)C%12=C%10C=C%28CC%27=CC%26=CC%25=C(C(O)=O)C=C%24)C9=C7C%13(O)C5=C%15C3=C%18C%29%30C%20(O%30)C%31C%22C%23=C%32)=CC(C(O)=O)=CC8=CC6=C(C(O)=O)C4=C2)=C%29C%33=C%31C%32=C(C(O)=O)C=C%331,CC(CC(C(C(O1)=O)CC1=O)[*])C[*],,,1.4638929889859074,10.1007_s12034-020-2061-4_part_1.txt_¶Î1_Material4
O=C([*])C(C)O[*],[*]C([H])([H])C(O)([H])[*],,,,1.7611758131557314,10.3390_polym11081314_part_2.txt_¶Î1_Material1
[*]NC(C(N1CCCC1C(NCC(N2CC(CC2C(NC(C(NCC([*])=O)=O)CO)=O)O)=O)=O)=O)CCCCN,[*]CC(C#N)[*],C(CC=O)CC=O,,,1.3521825181113625,10.1088_1755-1315_565_1_012066_part_1.txt_¶Î1_Material1
[*]C(CCCCCO[*])=O,[*]C(N(CN(C(OCOC(N(CN(C(OCCO[*])=O)[H])[H])=O)=O)[H])[H])=O,,,,1.2227164711475833,10.1039_c4ra14601h_part_4.txt_¶Î1_Material1
[*]OCCCCOC(CCC([*])=O)=O,O=C(C1=CC=C(C([*])=O)C=C1)NC2=CCC(N[*])C=C2,,,,1.2699796766453235,10.3390_polym13142359_part_1.txt_¶Î1_Material1
C/C(C[*])=C/C[*],[*]C(C)C[*],,,,0.919078092376074,10.4028_www.scientific.net_amr.844.109_part_1.txt_¶Î1_Material1
[*]CC[*],[Fe],O=[Si]=O,O=[Si]=O,O=[Si]=O.[Ca]=O,1.0791812460476249,10.1016_j.conbuildmat.2019.03.096_part_1.txt_¶Î1_Material1
[*]C(NC1=C(C)C(NC(OCCO[*])=O)=CC=C1)=O,O=[Si]=O,CC(C(=O)O)(CO)CO,,,1.3979400086720375,10.1007_s00289-021-03814-7_part_2.txt_¶Î1_Material1
[*]C(N(CN(C(OCOC(N(CN(C(OCCO[*])=O)[H])[H])=O)=O)[H])[H])=O,[*]OCC[*],,,,1.8048206787211625,10.1016_j.eurpolymj.2021.110647_part_1.txt_¶Î1_Material1
OC(C(C1OC2OC(C(C(C2O)O)OC3OC(C(C(C3O)O)O)COC4OC(C(C(C4O)O)OC5OC(C(C(C5O)O)OC6OC(C(C(C6O)O[*])O)C)CO)CO)CO)O[*])COC1CO,OCC(C(C(C1N)O)O[*])OC1OC2C(OC(C(C2O)N)[*])CO,C1C=CC=CC=C1,,,1.8325089127062364,10.1016_j.clay.2021.106205_part_2.txt_¶Î1_Material1
O=C(C1=CC=C(C=C1)C(OCC[*])=O)O[*],[*]CC(C1=CC=C(C=C1)S(O)(=O)=O)[*],,,,2.004321373782642,10.26599_nr.2025.94907500_OA_part_1.txt_¶Î1_Material1
[*]CC(C1=CC=CC=C1)[*],[*]C/C=C/CCC(C=C)CC([*])C1=CC=CC=C1,[S],[Zn]=O,O=C(O)CCCCCCCCCCCCCCCCC,1.130333768495006,10.1002_app.32151_part_1.txt_¶Î1_Material1
[*]C(C)C[*],[H][Si]([H])([H])[H],NC1=CC=C(C=C1)/C2=C3C=C/C(N\3)=C(C4=N/C(C=C4)=C(C5=CC=C(N5)/C(C6=CC=CC=C6)=C7N=C2C=C\7)/C8=CC=CC=C8)\C9=CC=CC=C9,,,1.3324384599156054,10.1080_15685543.2013.812767_part_1.txt_¶Î1_Material1
[*]C1C(C(C(OC1C(O[Na])=O)OC2C(C(O[Na])=O)OC(O[*])C(O)C2O)O)O,O=C([O-])[O-].[Ca+2],OCCOC1C(OCCO)C(C(OCCO)COCCOC(CCCCCCCCCCCCCCCCC)=O)OC1,OCC(O)CO,,1.4927603890268375,10.1016_j.jfoodeng.2011.05.023_part_1.txt_¶Î1_Material1
[*]CC(COC1=CC=C(C=C1)C(C)(C)C2=CC=C(C=C2)O[*])O,[*]CC([*])Cl,C12=CC3=CC4=CC=CN=C4N=C3N=C1N=C5N=C6N=CC=CC6=CC5=C2,,,2.7982845514803416,10.1177_0731684420921952_part_2.txt_¶Î1_Material1
[*]CC([*])Cl,OC1=C2C(C3(O)C4C5C6=C7C8C(C9=CC(C(O)=O)=C(C=C(C=C%10C(O)=O)C%11%12)C(C%11=C%13C%14C%15%16C%17(O%16)C%18C%19=C%20C%21=C%22C(C(O)=C%23)=C%24C%25C%21=C%26C%19=C%27C%17=C%28C%14(O)C%12=C%10C=C%28CC%27=CC%26=CC%25=C(C(O)=O)C=C%24)C9=C7C%13(O)C5=C%15C3=C%18C%29%30C%20(O%30)C%31C%22C%23=C%32)=CC(C(O)=O)=CC8=CC6=C(C(O)=O)C4=C2)=C%29C%33=C%31C%32=C(C(O)=O)C=C%331,OCC(C(C(C1N)O)O[*])OC1OC2C(OC(C(C2O)N)[*])CO,,,1.3036279763838898,10.1016_j.carbpol.2020.117575_part_1.txt_¶Î1_Material1
[*]CC[*],O[Si](O)(O[Si](O)(O)O)O.[Al].[Al].O,,,,1.1983821300082942,10.4028_www.scientific.net_msf.919.144_part_1.txt_¶Î1_Material1
[*]C1C(C(C(OC1C(O[Na])=O)OC2C(C(O[Na])=O)OC(O[*])C(O)C2O)O)O,OC(C(CC(O)=O)(CC(O)=O)O)=O,OCC(O)CO,,,1.1760912590556811,10.1016_j.fpsl.2021.100733_part_1.txt_¶Î1_Material1
O=C(C(C[*])[*])N,OC1=C2C(C3(O)C4C5C6=C7C8C(C9=CC(C(O)=O)=C(C=C(C=C%10C(O)=O)C%11%12)C(C%11=C%13C%14C%15%16C%17(O%16)C%18C%19=C%20C%21=C%22C(C(O)=C%23)=C%24C%25C%21=C%26C%19=C%27C%17=C%28C%14(O)C%12=C%10C=C%28CC%27=CC%26=CC%25=C(C(O)=O)C=C%24)C9=C7C%13(O)C5=C%15C3=C%18C%29%30C%20(O%30)C%31C%22C%23=C%32)=CC(C(O)=O)=CC8=CC6=C(C(O)=O)C4=C2)=C%29C%33=C%31C%32=C(C(O)=O)C=C%331,,,,-0.795880017,10.1016_j.polymer.2020.123340_part_1.txt_¶Î1_Material1
O=C(C(C[*])[*])N,CCCCCCCCCCCCOS([O-])(=O)=O.[Na+],[Na+].[Cl-],OS(=O)(OOS(O)(=O)=O)=O.N.N,,-0.096910013,10.1007_s11431-020-1682-3_part_1.txt_¶Î1_Material1
[*]C(C)C[*],[*]CCCC(CCCCCC)[*],[*]C(C)C[*],[*]CCCC(CCCCCC)[*],C[N+](CCO)(CCO)[3H],1.3242824552976926,10.1002_pat.3363_part_1.txt_¶Î1_Material1
O=C(C1=CC=C(C=C1)C(OCC[*])=O)O[*],[OH-].[OH-].[Ca+2],[K+].[OH-],[H][O-],[H][Si]([H])([H])[H],1.2787536009528289,10.1080_14658011.2020.1862978_part_2.txt_¶Î1_Material1
[*]C(C)C[*],OCC1OC(C(C(C1[*])O)O)OC2C(C(C(OC2CO)O[*])O)O,CC(CC(C(C(O1)=O)CC1=O)[*])C[*],CC1=CC(O)=C(C=C1CCCC(C2=C(C=C(C(C(C)(C)C)=C2)O)C)C3=CC(C(C)(C)C)=C(C=C3C)O)C(C)(C)C,,1.6020599913279625,10.1002_pen.21729_part_1.txt_¶Î1_Material1
[*]C(C)C[*],[H][O-],NC1=CC=C(C=C1)/C2=C3C=C/C(N\3)=C(C4=N/C(C=C4)=C(C5=CC=C(N5)/C(C6=CC=CC=C6)=C7N=C2C=C\7)/C8=CC=CC=C8)\C9=CC=CC=C9,,,1.9153998352122696,10.1155_2020_8865748_part_1.txt_¶Î1_Material1
[*]C(C)C[*],[*]CCCC(C1C([*])C2CC1C/C2=C/C)C,[C],,,1.255272505103306,10.1007_s13726-014-0256-5_part_2.txt_¶Î1_Material1
O=C([*])CCCCCN[*],FC(F)(C(F)(C(F)(C(F)(C(F)([*])F)F)C(F)(F)F)F)C[*],OC1=C2C(C3(O)C4C5C6=C7C8C(C9=CC(C(O)=O)=C(C=C(C=C%10C(O)=O)C%11%12)C(C%11=C%13C%14C%15%16C%17(O%16)C%18C%19=C%20C%21=C%22C(C(O)=C%23)=C%24C%25C%21=C%26C%19=C%27C%17=C%28C%14(O)C%12=C%10C=C%28CC%27=CC%26=CC%25=C(C(O)=O)C=C%24)C9=C7C%13(O)C5=C%15C3=C%18C%29%30C%20(O%30)C%31C%22C%23=C%32)=CC(C(O)=O)=CC8=CC6=C(C(O)=O)C4=C2)=C%29C%33=C%31C%32=C(C(O)=O)C=C%331,,,1.5378190950732742,10.1016_j.polymer.2014.12.016_part_1.txt_¶Î1_Material1
O=C([*])CCCCCCCCCCC(NCCCCCCCCCCN[*])=O,C=C([CH3])C(=O)OC([CH3])[CH3],C=C(C(OCC1CO1)=O)C,,,2.201397124320452,10.1016_j.polymertesting.2021.107133_part_1.txt_¶Î1_Material1
[*]CC([*])Cl,[*]OCC[*],[C],,,0.91539983521227,10.4028_www.scientific.net_amm.679.128_part_1.txt_¶Î1_Material1
[*]C(N(CN(C(OCOC(N(CN(C(OCCO[*])=O)[H])[H])=O)=O)[H])[H])=O,[Mg]=O,,,,0.99563519459755,10.1016_j.compositesb.2019.107218_part_1.txt_¶Î1_Material1
OCC(C(C(C1N)O)O[*])OC1OC2C(OC(C(C2O)N)[*])CO,[*]C1C(OC(C(C1O)O)OC2C(OC(C(C2O)O)O[*])CO)CO,C=C([CH3])C(=O)O[CH3],,,0.9698816437465,10.1080_03602551003664560_part_1.txt_¶Î1_Material1
O=C(C1=CC=C(C=C1)C(OCC[*])=O)O[*],[H][O-],,,,2.0863598306747484,10.1002_pc.23938_part_1.txt_¶Î1_Material1
[*]C(C)C[*],[*]C/C=C/CCC([*])C#N,[*]C(C)C[*],,,1.3521825181113625,10.1002_vnl.21571_part_1.txt_¶Î1_Material1
[*]C(NC1=C(C)C(NC(OCCO[*])=O)=CC=C1)=O,N(CC)(CC)CC,,,,1.6127838567197357,10.1007_s13233-011-0116-5_part_1.txt_¶Î1_Material1
[*]CC[*],CCCCCCCCCCCCCCCC[N+](C)(C)C.[Br-],,,,1.6989700043360187,10.1021_ie201077k_part_1.txt_¶Î1_Material1
O=C([*])C(C)O[*],[*]C(C)C[*],,,,1.1335389083702174,10.1007_s10924-011-0382-5_part_1.txt_¶Î1_Material1
[*]NC(C(N1CCCC1C(NCC(N2CC(CC2C(NC(C(NCC([*])=O)=O)CO)=O)O)=O)=O)=O)CCCCN,OCC(O)CO,O=[Si]=O,,,0.989894563718773,10.1016_j.fbio.2013.01.001_part_1.txt_¶Î1_Material1
[*]OCC[*],[*]CC[*],[*]CCCC([*])OC(C)=O,O=C([O-])[O-].[Ca+2],,1.8215790279120088,10.1515_polyeng-2014-0213_part_1.txt_¶Î1_Material1
[*]C(NC1=C(C)C(NC(OCCO[*])=O)=CC=C1)=O,O=[Al]O[Al]=O.O=[Si]=O.O=[Si]=O.O=[Si]=O,,,,0.8129133566428556,10.1134_s0965545x14060170_part_1.txt_¶Î1_Material1
[*]C([H])([H])C(O)([H])[*],[*]CCCC([*])OC(C)=O,,,,1.588159616383092,10.1016_j.lwt.2020.110109_part_1.txt_¶Î1_Material1
[*]CC[*],[*]CC(CC[*])O,,,,0.9052560487484512,10.1002_pat.3905_part_1.txt_¶Î1_Material1
[*]C(C)C[*],OCC1OC(C(C(C1[*])O)O)OC2C(C(C(OC2CO)O[*])O)O,NC1=CC=C(C=C1)/C2=C3C=C/C(N\3)=C(C4=N/C(C=C4)=C(C5=CC=C(N5)/C(C6=CC=CC=C6)=C7N=C2C=C\7)/C8=CC=CC=C8)\C9=CC=CC=C9,,,1.551449997972875,10.1080_02773813.2018.1432655_part_2.txt_¶Î1_Material1
[*]C/C=C(C[*])\Cl,OC1=C2C(C3(O)C4C5C6=C7C8C(C9=CC(C(O)=O)=C(C=C(C=C%10C(O)=O)C%11%12)C(C%11=C%13C%14C%15%16C%17(O%16)C%18C%19=C%20C%21=C%22C(C(O)=C%23)=C%24C%25C%21=C%26C%19=C%27C%17=C%28C%14(O)C%12=C%10C=C%28CC%27=CC%26=CC%25=C(C(O)=O)C=C%24)C9=C7C%13(O)C5=C%15C3=C%18C%29%30C%20(O%30)C%31C%22C%23=C%32)=CC(C(O)=O)=CC8=CC6=C(C(O)=O)C4=C2)=C%29C%33=C%31C%32=C(C(O)=O)C=C%331,,,,1.1821292140529984,10.4028_www.scientific.net_amm.80-81.400_part_1.txt_¶Î1_Material1
[*]C([C@H](C)OC([C@H](C)O[*])=O)=O,[*]CCCC([*])OC(C)=O,,,,1.5440680443502757,10.1016_j.compositesb.2016.09.082_part_1.txt_¶Î1_Material1
[*]C(C)C[*],O=[Al]O[Al]=O,O=[Ti]=O,,,1.5616975326539937,10.1155_2014_718765_part_1.txt_¶Î1_Material1
OCC1OC(C(C(C1[*])O)O)OC2C(C(C(OC2CO)O[*])O)O,[*]C1=C(C=CN2)C2=C([*])C(O)=C1O,,,,1.7481880270062005,10.26599_pbm.2018.9260024_OA_part_1.txt_¶Î1_Material1
[*]C(C)C[*],O=C([*])C(C)O[*],[*]OC(CC(OC(CC([*])=O)CC)=O)C,O=[Mg].O=[Si]=O.O=[Si]=O.O=[Si]=O.O=[Si]=O.O=[Mg].O=[Mg].O,,1.6334684555795864,10.1021_acsomega.7b00983_part_1.txt_¶Î1_Material1
[*]C(C)C[*],[*]OC1OC(CO)C(OC2C(O)C(O)C([*])C(CO)O2)C(O)C1O,[O-][Si]([O-])([O-])O[Si]([O-])([O-])[O-].[Ca+2],,,1.4471580313422192,10.1177_0892705711401848_part_1.txt_¶Î1_Material1
O=C([*])C(C)O[*],[*]O[C@H](C)CC([*])=O,C=C([CH3])C(=O)OC([CH3])[CH3],O=[Al]O[Al]=O.O=[Si]=O.O=[Si]=O.O=[Si]=O,,1.3531465462139791,10.1021_sc400395s_part_1.txt_¶Î1_Material1
OCC1OC(C(C(C1[*])O)O)OC2C(C(C(OC2CO)O[*])O)O,OCC1O[C@H](C(C([C@@H]1O)O)O)O,OC(C(CC(O)=O)(CC(O)=O)O)=O,,,1.534026106056135,10.1007_s10570-021-04020-4_part_2.txt_¶Î1_Material1
OCC1OC(C(C(C1[*])O)O)OC2C(C(C(OC2CO)O[*])O)O,OCC(C(C(C1N)O)O[*])OC1OC2C(OC(C(C2O)N)[*])CO,OCC(O)CO,OC[C@@H]([C@H]([C@@H]([C@@H](CO)O)O)O)O,,1.491641793477586,10.1016_j.carbpol.2019.115164_part_1.txt_¶Î1_Material1
[*]CC[*],O=C1C=CC(O1)=O.C=C,,,,1.2340108175871791,10.1177_0731684413500545_part_1.txt_¶Î1_Material1
[*]C(CCCCCO[*])=O,[*]NC(C(N1CCCC1C(NCC(N2CC(CC2C(NC(C(NCC([*])=O)=O)CO)=O)O)=O)=O)=O)CCCCN,C(CC=O)CC=O,,,0.1398790864012364,10.1002_app.49219_part_2.txt_¶Î1_Material1
[*]C([H])([H])C(O)([H])[*],[*]C1C(O)C(O)C(OC2C(O)C(O)C(O[*])OC2COC(C)=O)OC1COC(C)=O,[*]OCC[*],,,1.6099144100859977,10.4172_2157-7587.1000131_OA_part_1.txt_¶Î1_Material1
[*]OCCOC(CC(C([*])=O)C(C1CCCCC1)CC(CC(O)=O)C(OCCO)=O)=O,O=[Si]=O,,,,2.284520967479148,10.1007_s13233-018-6006-3_part_1.txt_¶Î1_Material1
O=C([*])CCCCCCCCCCC(NCCCCCCCCCCN[*])=O,[*]CC(CC=CCC([*])C1=CC=CC=C1)C#N,[*]C(C)C[*],[*]C(C)C[*],C=CC1=CC=CC=C1,1.6522463410033232,10.4028_www.scientific.net_amr.239-242.3146_part_1.txt_¶Î1_Material1
O=C([*])CCCCCN[*],O=[Si]=O,O=[Si]=O,O=[Si]=O,,1.888909259263532,10.1002_app.33967_part_2.txt_¶Î1_Material1
[*]CC(COC1=CC=C(C=C1)C(C)(C)C2=CC=C(C=C2)O[*])O,NCCC[Si](OCC)(OCC)OCC,OC(C(C)(CC(C1=CC=CC=C1)[*])CC(C[*])(C(OCC2CO2)=O)C)=O,,,1.5532760461370994,10.1002_app.50491_part_3.txt_¶Î1_Material1
[*]CC[*],[*]CC[*],[*]C1C(OC(C(C1O)O)OC2C(OC(C(C2O)O)O[*])CO)CO,[*]OCC[*],,1.2148438480476975,10.1016_j.carbpol.2015.12.057_part_2.txt_¶Î1_Material1
[*]C(CCCCCO[*])=O,N#CC(C1=CC=CC=N1)C1=CC=CC=C1,,,,1.1958996524092338,10.1002_pc.24694_part_1.txt_¶Î1_Material1
[*]CC[*],[*]CC[*],[*]OCC[*],[*]OCC[*],,1.2405492482825995,10.1007_s13726-020-00889-3_part_2.txt_¶Î1_Material1
[*]C(C)C[*],O=[Mg].O=[Si]=O.O=[Si]=O.O=[Si]=O.O=[Si]=O.O=[Mg].O=[Mg].O,[*]CCC(CCCCCC)C[*],[*]C(C)C[*],,1.0791812460476249,10.1002_pc.25702_part_1.txt_¶Î1_Material1
O=C(C1=CC=C(C=C1)C(OCC[*])=O)O[*],O=C([O-])[O-].[Ca+2],O=[Si]=O,,,1.476541809027429,10.1088_1757-899x_546_4_042046_part_1.txt_¶Î1_Material1
[*]C(C)C[*],[*]OC1OC(CO)C(OC2C(O)C(O)C([*])C(CO)O2)C(O)C1O,[*]OC1C(O)C(O)C(OC2C(CO)OC([*])C(O)C2O)OC1CO,,,1.7634279935629371,10.3390_fib6040094_part_1.txt_¶Î1_Material1
[*]CC(C1=CC=CC=C1)[*],[H]Cl,,,,1.6720978579357175,10.1177_096739111702500208_part_1.txt_¶Î1_Material1
O=C([*])C(C)O[*],[*]OCC[*],[Zn]=O,,,1.6513749439130432,10.3390_molecules26071967_part_2.txt_¶Î1_Material4
[*]CC[*],O=C(C1=CC=C(C=C1)C(OCC[*])=O)O[*],[*]OCC[*],C=C(C(OCC1CO1)=O)C,,1.2884728005997823,10.1016_j.matchemphys.2017.05.054_part_6.txt_¶Î1_Material1
[*]C(C1=CC=C(C(OCCCCO[*])=O)C=C1)=O,O=C([*])C1=CC=C2C=C(C=CC2=C1)OC(C3=CC=C(C=C3)O[*])=O,O=[Si]=O,,,1.6989700043360187,10.1016_j.matdes.2012.05.052_part_1.txt_¶Î1_Material1
[*]NC(C(N1CCCC1C(NCC(N2CC(CC2C(NC(C(NCC([*])=O)=O)CO)=O)O)=O)=O)=O)CCCCN,[*]NC(C(N1CCCC1C(NCC(N2CC(CC2C(NC(C(NCC([*])=O)=O)CO)=O)O)=O)=O)=O)CCCCN,,,,1.481729196960016,10.1007_s11483-017-9479-2_part_1.txt_¶Î1_Material1
[*]OCCOC(CC(C([*])=O)C(C1CCCCC1)CC(CC(O)=O)C(OCCO)=O)=O,[*]CC(C#N)[*],OCC1OC(C(C(C1[*])O)O)OC2C(C(C(OC2CO)O[*])O)O,O=C([O-])[O-].[Ca+2],,1.4313637641589874,10.4028_www.scientific.net_kem.867.68_part_1.txt_¶Î1_Material1
[*]CC([*])Cl,C/C(C[*])=C/C[*],,,,0.6434526764861874,10.1016_j.proche.2016.03.105_part_1.txt_¶Î1_Material1
[*]C(C)C[*],OCC1OC(C(C(C1O[*])O)O)[*],O=C(O)CCCCCCCCCCCCCCCCC,NC1=CC=C(C=C1)/C2=C3C=C/C(N\3)=C(C4=N/C(C=C4)=C(C5=CC=C(N5)/C(C6=CC=CC=C6)=C7N=C2C=C\7)/C8=CC=CC=C8)\C9=CC=CC=C9,,1.3891660843645324,10.1002_pat.3742_part_1.txt_¶Î1_Material1
[*]C([H])([H])C(O)([H])[*],OCC1OC(C(C(C1[*])O)O)OC2C(C(C(OC2CO)O[*])O)O,[Ag+],,,1.756027212973441,10.1016_j.carbpol.2013.07.065_part_1.txt_¶Î1_Material1
[*]C1C(C(C(OC1C(O[Na])=O)OC2C(C(O[Na])=O)OC(O[*])C(O)C2O)O)O,OCC(O)CO,OC[C@@H]([C@H]([C@@H]([C@@H](CO)O)O)O)O,[*]OCC[*],OCCOC1C(OCCO)C(C(OCCO)COCCOC(CCCCCCCCCCCCCCCCC)=O)OC1,1,10.3390_foods7100170_part_2.txt_¶Î1_Material1
OCC1OC(OC2C(O)C(O)C(O[*])OC2CO)C(O)C(O)C1[*],OC1C(O)C([*])OC(COC2C(O)C(O)C(O)C(CO)O2)C1OC3C(O)C(O)C(CO[*])C(CO)O3,[*]C([H])([H])C(O)([H])[*],,,1.3729120029701063,10.1680_jgrma.17.00029_part_1.txt_¶Î1_Material1
O=C(C1=CC=C(C=C1)C(OCC[*])=O)O[*],O=C(C1=CC=C(C=C1)C(OCC[*])=O)O[*],,,,1.5273720828276118,10.1002_app.47719_part_2.txt_¶Î1_Material1
[*]C(C)C[*],CC(CC(C(C(O1)=O)CC1=O)[*])C[*],[*]CCCC(C1C([*])C2CC1C/C2=C/C)C,,,1.5987905067631152,10.1007_s10973-018-7509-z_part_1.txt_¶Î1_Material3
O=C([*])C(C)O[*],O=C(C1=CC=C(C([*])=O)C=C1)NC2=CCC(N[*])C=C2,[*]OC1OC(CO)C(OC2C(O)C(O)C([*])C(CO)O2)C(O)C1O,,,1.724275869600789,10.1016_j.matpr.2020.02.457_part_1.txt_¶Î1_Material1
OCC1OC(C(C(C1O[*])O)O)[*],[*]CCC(CCCC(CCCC(C[*])C)C)C,,,,1.968482948553935,10.1007_s10570-013-9877-7_part_2.txt_¶Î1_Material1
OCC(C(C(C1N)O)O[*])OC1OC2C(OC(C(C2O)N)[*])CO,O=C(O[Na])COCC(OC(C(C1O)O)[*])C1OC(C(C(C2O[*])O)O)OC2COCC(O[Na])=O,OCC(O)CO,,,1.8350561017201164,10.1016_j.eurpolymj.2020.110225_part_1.txt_¶Î1_Material2
[*]CC[*],[H][Si]([H])([H])[H],[H][Si]([H])([H])[H],[H][Si]([H])([H])[H],,1.021189299069938,10.4028_www.scientific.net_amr.93-94.300_part_1.txt_¶Î1_Material1
[*]OC1C(C(O)=O)OC(OC2C(NC(C)=O)C([*])OC(CO)C2O)C(O)C1O,OCC(C(C(C1N)O)O[*])OC1OC2C(OC(C(C2O)N)[*])CO,[*]C(CCCCCO[*])=O,,,1.0969100130080565,10.1007_s10570-013-0099-9_part_2.txt_¶Î1_Material1
[*]NCC(NC(C(ONCC(NC(C(NCC(NC(C([*])=O)C)=O)=O)C)=O)=O)CO)=O,[*]C1=CC=C([*])N1,OC1=C2C(C3(O)C4C5C6=C7C8C(C9=CC(C(O)=O)=C(C=C(C=C%10C(O)=O)C%11%12)C(C%11=C%13C%14C%15%16C%17(O%16)C%18C%19=C%20C%21=C%22C(C(O)=C%23)=C%24C%25C%21=C%26C%19=C%27C%17=C%28C%14(O)C%12=C%10C=C%28CC%27=CC%26=CC%25=C(C(O)=O)C=C%24)C9=C7C%13(O)C5=C%15C3=C%18C%29%30C%20(O%30)C%31C%22C%23=C%32)=CC(C(O)=O)=CC8=CC6=C(C(O)=O)C4=C2)=C%29C%33=C%31C%32=C(C(O)=O)C=C%331,,,1.459241664878082,10.1021_acsbiomaterials.9b01971_part_5.txt_¶Î1_Material1
O=C(O[Na])COCC(OC(C(C1O)O)[*])C1OC(C(C(C2O[*])O)O)OC2COCC(O[Na])=O,[*]C([H])([H])C(O)([H])[*],OCC(O)CO,OCCOC1C(OCCO)C(C(OCCO)COCCOC(CCCCCCCCCCCCCCCCC)=O)OC1,,1.0492180226701815,10.1016_j.carbpol.2017.03.017_part_2.txt_¶Î1_Material1
O=C(C1=CC=C(C=C1)C(OCC[*])=O)O[*],CCCCCCCCCCCCCCCC[N+](C)(C)C.[Br-],,,,2,10.1002_pc.22223_part_1.txt_¶Î1_Material1
[*]CC(COC1=CC=C(C=C1)C(C)(C)C2=CC=C(C=C2)O[*])O,C12=C3C(C=CC4C3=C5C(CC6=CC7=C8C9=C(C(C=C%10)=CC=C9C=C7)C%11=C%10C%12)=CC4)=CC=C1C=C%12C%13=C%11C8=C6C5=C2%13,O=[Si]=O,,,2.072249897613515,10.1177_0967391119828559_part_1.txt_¶Î1_Material1
[*]C(C)C[*],O=C([O-])[O-].[Ca+2],[*]CC(COC1=CC=C(C=C1)C(C)(C)C2=CC=C(C=C2)O[*])O,,,1.5786392099680724,10.1177_0892705712439558_part_1.txt_¶Î1_Material1
O=C([*])CCCCCN[*],[O-][Si]([O-])([O-])O[Si]([O-])([O-])[O-].[Ca+2],,,,1.919078092376074,10.1016_j.compstruct.2009.09.007_part_1.txt_¶Î1_Material1
[*]CC[*],[*]OC1OC(CO)C(OC2C(O)C(O)C([*])C(CO)O2)C(O)C1O,[H][O-],[H][Si]([H])([H])[H],O1C(=O)C=CC1=O,1.4795753101749884,10.1080_15440478.2020.1838999_part_2.txt_¶Î1_Material1
O=C([*])C(C)O[*],C/C(C[*])=C/C[*],C/C(C[*])=C/C[*],,,1.4139699717480614,10.4028_www.scientific.net_amr.410.59_part_1.txt_¶Î1_Material3
OCC(C(C(C1N)O)O[*])OC1OC2C(OC(C(C2O)N)[*])CO,OCC1OC(C(C(C1[*])O)O)OC2C(C(C(OC2CO)O[*])O)O,OC(C(CC(O)=O)(CC(O)=O)O)=O,OCC(O)CO,,1.6599162000698502,10.1088_1757-899x_429_1_012042_part_1.txt_¶Î1_Material1
[*]CC([*])Cl,O=C(O)CCCCCCCCCCCCCCCCC,,,,1.627160952374776,10.1080_15440478.2018.1534186_part_1.txt_¶Î1_Material1
[*]CCCC([*])OC(C)=O,,,,,1.2988530764097066,10.1016_j.mtcomm.2021.102114_part_1.txt_¶Î1_Material1
O=C(C(C[*])[*])N,[*]C1C(C(C(OC1C(O[Na])=O)OC2C(C(O[Na])=O)OC(O[*])C(O)C2O)O)O,,,,-0.27572413,10.1016_j.carbpol.2018.05.078_part_3.txt_¶Î1_Material1
[*]C(C)C[*],NC1=CC=C(C=C1)/C2=C3C=C/C(N\3)=C(C4=N/C(C=C4)=C(C5=CC=C(N5)/C(C6=CC=CC=C6)=C7N=C2C=C\7)/C8=CC=CC=C8)\C9=CC=CC=C9,CC1=CC=C(C=C1N=C=O)N=C=O,,,1.4659773682858228,10.1515_epoly-2014-0186_part_2.txt_¶Î1_Material1
O=C(C1=CC=C(C=C1)C(OCC[*])=O)O[*],[*]CC(COC1=CC=C(C=C1)C(C)(C)C2=CC=C(C=C2)O[*])O,,,,1.6720978579357175,10.1039_c6gc01198e_part_2.txt_¶Î1_Material1
[*]C(NC1=C(C)C(NC(OCCO[*])=O)=CC=C1)=O,OC1=C2C(C3(O)C4C5C6=C7C8C(C9=CC(C(O)=O)=C(C=C(C=C%10C(O)=O)C%11%12)C(C%11=C%13C%14C%15%16C%17(O%16)C%18C%19=C%20C%21=C%22C(C(O)=C%23)=C%24C%25C%21=C%26C%19=C%27C%17=C%28C%14(O)C%12=C%10C=C%28CC%27=CC%26=CC%25=C(C(O)=O)C=C%24)C9=C7C%13(O)C5=C%15C3=C%18C%29%30C%20(O%30)C%31C%22C%23=C%32)=CC(C(O)=O)=CC8=CC6=C(C(O)=O)C4=C2)=C%29C%33=C%31C%32=C(C(O)=O)C=C%331,OC1=C2C(C3(O)C4C5C6=C7C8C(C9=CC(C(O)=O)=C(C=C(C=C%10C(O)=O)C%11%12)C(C%11=C%13C%14C%15%16C%17(O%16)C%18C%19=C%20C%21=C%22C(C(O)=C%23)=C%24C%25C%21=C%26C%19=C%27C%17=C%28C%14(O)C%12=C%10C=C%28CC%27=CC%26=CC%25=C(C(O)=O)C=C%24)C9=C7C%13(O)C5=C%15C3=C%18C%29%30C%20(O%30)C%31C%22C%23=C%32)=CC(C(O)=O)=CC8=CC6=C(C(O)=O)C4=C2)=C%29C%33=C%31C%32=C(C(O)=O)C=C%331,,,1.382917135087531,10.1039_c4nj01989j_part_1.txt_¶Î1_Material1
O=C(C(C[*])[*])N,O=[Al]O[Al]=O.O=[Si]=O.O=[Si]=O.O.O,,,,-0.769551079,10.1016_j.msec.2020.110649_part_1.txt_¶Î1_Material1
[*]CC(COC1=CC=C(C=C1)C(C)(C)C2=CC=C(C=C2)O[*])O,[*]CC(OC(O[*])=O)C,,,,1.715167357848458,10.1016_j.compscitech.2016.02.004_part_1.txt_¶Î1_Material1
[*]OCCOC(CC(C([*])=O)C(C1CCCCC1)CC(CC(O)=O)C(OCCO)=O)=O,[*]OC1OC(CO)C(OC2C(O)C(O)C([*])C(CO)O2)C(O)C1O,[H][O-],[H][Si]([H])([H])[H],,1.4771212547196624,10.1016_j.jestch.2016.10.016_part_1.txt_¶Î1_Material1
[*]C(C)C[*],OCC1OC(C(C(C1[*])O)O)OC2C(C(C(OC2CO)O[*])O)O,COC(C(C[*])([*])C)=O,,,1.3324384599156054,10.1007_s10570-021-04086-0_part_2.txt_¶Î1_Material3
[*]CCCC(C1C([*])C2CC1C/C2=C/C)C,[C],OC1=C2C(C3(O)C4C5C6=C7C8C(C9=CC(C(O)=O)=C(C=C(C=C%10C(O)=O)C%11%12)C(C%11=C%13C%14C%15%16C%17(O%16)C%18C%19=C%20C%21=C%22C(C(O)=C%23)=C%24C%25C%21=C%26C%19=C%27C%17=C%28C%14(O)C%12=C%10C=C%28CC%27=CC%26=CC%25=C(C(O)=O)C=C%24)C9=C7C%13(O)C5=C%15C3=C%18C%29%30C%20(O%30)C%31C%22C%23=C%32)=CC(C(O)=O)=CC8=CC6=C(C(O)=O)C4=C2)=C%29C%33=C%31C%32=C(C(O)=O)C=C%331,,,0.6454222693490919,10.1016_j.radphyschem.2011.12.008_part_1.txt_¶Î1_Material1
[*]OCCCCOC(CCC([*])=O)=O,[*]C(CCCCC(OCCCCOC(C1=CC=C(C(OCCCCO[*])=O)C=C1)=O)=O)=O,,,,1.5118833609788744,10.1007_s10924-013-0636-5_part_1.txt_¶Î1_Material1
[*]C1C(OC(C(C1O)O)OC2C(OC(C(C2O)O)O[*])CO)CO,OCC(O)CO,,,,0.7024305364455253,10.1002_pc.24488_part_1.txt_¶Î1_Material1
[*]OCCOC(CC(C([*])=O)C(C1CCCCC1)CC(CC(O)=O)C(OCCO)=O)=O,[H][Si]([H])([H])[H],[H][Si]([H])([H])[H],,,1.24551266781415,10.1016_j.jmrt.2020.02.065_part_2.txt_¶Î1_Material1
[*]NCCCCCCCCCCCC([*])=O,C12[Si]34C15C3C425,,,,1.6803355134145632,10.1088_2053-1591_ab0874_part_3.txt_¶Î1_Material1
[*]C(C(OC1O[*])COC(O[Na])=O)C(O)C1N,[*]C1C(O)C(O)C(OC2C(O)C(O)C(O[*])OC2COC(C)=O)OC1COC(C)=O,C(CC=O)CC=O,,,0.8692317197309762,10.1016_j.cej.2009.11.025_part_1.txt_¶Î1_Material1
[*]C(CCCCC(OCCCCO[*])=O)=O,[*]C(CCCCCO[*])=O,[*]C(N(CN(C(OCOC(N(CN(C(OCCO[*])=O)[H])[H])=O)=O)[H])[H])=O,O=C=NC(C=C1)=CC=C1CC2=CC=C(C=C2)N=C=O,,1.2041199826559248,10.4028_www.scientific.net_kem.816.187_part_1.txt_¶Î1_Material3
[*]CC[*],[H][O-],,,,1.3010299956639813,10.1080_16583655.2018.1451103_part_1.txt_¶Î1_Material1
O=C([*])C(C)O[*],OP(O)(O)=O,O=[Al]O[Al]=O.O=[Si]=O.O=[Si]=O.O=[Si]=O,,,1.6445370577784073,10.1007_s10118-018-2043-9_part_1.txt_¶Î1_Material1
[*]CC[*],[*]CC(C1=CC=C(C=C1)S(O)(=O)=O)[*],,,,1.0791812460476249,10.1080_03602559.2013.820758_part_1.txt_¶Î1_Material1
[*]C(N(CN(C(OCOC(N(CN(C(OCCO[*])=O)[H])[H])=O)=O)[H])[H])=O,OCC(O)CO,,,,1.568201724066995,10.1177_0954008312459546_part_2.txt_¶Î1_Material1
[*]NCC(NC(C(ONCC(NC(C(NCC(NC(C([*])=O)C)=O)=O)C)=O)=O)CO)=O,[*]C([H])([H])C(O)([H])[*],CCO,O=S([CH3])[CH3],CC(=O)O,1.5440680443502757,10.1007_s10692-017-9849-z_part_2.txt_¶Î1_Material1
OCC(C(C(C1N)O)O[*])OC1OC2C(OC(C(C2O)N)[*])CO,[*]OCC[*],OC(CO)CO,,,1.725258066359961,10.1186_s12896-025-00953-x_OA_part_1.txt_¶Î1_Material1
O=C([*])C(C)O[*],OS(=O)(OOS(O)(=O)=O)=O.N.N,O=C([*])C(C)O[*],O=C=NCCCCCCN=C=O,[O-][Si]([O-])([O-])O[Si]([O-])([O-])[O-].[Ca+2],2.096910013008056,10.3390_jfb3040706_part_3.txt_¶Î1_Material1
[*]CC([*])Cl,CCCC[Sn](OC(CC(C)CCCCCCCC)=O)(OC(CCCCCCCCCCC)=O)CCCC,,,,1.5987905067631152,10.1002_app.32687_part_1.txt_¶Î1_Material1
O=C([*])CCCCCN[*],[*]C(C)C[*],,,,1.5365584425715302,10.1002_pc.24157_part_2.txt_¶Î1_Material1
O=C([*])C(C)O[*],[*]C(CCCCC(OCCCCO[*])=O)=O,C=C(C(OCC1CO1)=O)C,NC1=NC2=C(N=CN2C2O[C@H](COP(=O)(O)OP(=O)(O)O)[C@H](O)[C@@H]2O)C(=O)N1,,1.3010299956639813,10.11113_mjfas.v14n4.1233_OA_part_2.txt_¶Î1_Material1
[*]C(C)C[*],O=C([*])CCCCCN[*],O=[Mg].O=[Si]=O.O=[Si]=O.O=[Si]=O.O=[Si]=O.O=[Mg].O=[Mg].O,[*]CC(CCCC(CC)CC([*])C1=CC=CC=C1)C2=CC=CC=C2,C=CCN1C(=O)N(CC=C)C(=O)N(CC=C)C1=O,1.806179973983887,10.1002_app.39584_part_1.txt_¶Î1_Material1
OC(C(C1OC2OC(C(C(C2O)O)OC3OC(C(C(C3O)O)O)COC4OC(C(C(C4O)O)OC5OC(C(C(C5O)O)OC6OC(C(C(C6O)O[*])O)C)CO)CO)CO)O[*])COC1CO,OCC(O)CO,OCC1OC(C(C(C1[*])O)O)OC2C(C(C(OC2CO)O[*])O)O,OCC(O)CO,,1.6020599913279625,10.1007_s10570-012-9673-9_part_2.txt_¶Î1_Material2
O=C([*])CCCCCN[*],[*]C(C)C[*],NC1=CC=C(C=C1)/C2=C3C=C/C(N\3)=C(C4=N/C(C=C4)=C(C5=CC=C(N5)/C(C6=CC=CC=C6)=C7N=C2C=C\7)/C8=CC=CC=C8)\C9=CC=CC=C9,,,1.7853298350107671,10.1016_j.compositesa.2019.105680_part_4.txt_¶Î1_Material1
[*]C([H])([H])C(O)([H])[*],[Ag+],C(CC=O)CC=O,,,1.0534626049254554,10.1039_c5ra08721j_part_1.txt_¶Î1_Material1
C[Si](C)(C[*])O[*],[Ag],,,,-0.366531544,10.1186_s12903-019-0867-5_part_1.txt_¶Î1_Material1
O=C([*])C(C)O[*],O=C([*])C(C)O[*],[*]OC1C(C(O)=O)OC(OC2C(NC(C)=O)C([*])OC(CO)C2O)C(O)C1O,O=C([*])C(C)O[*],,1.9599948383284165,10.1002_app.43381_part_2.txt_¶Î1_Material1
[*]NC(C(N1CCCC1C(NCC(N2CC(CC2C(NC(C(NCC([*])=O)=O)CO)=O)O)=O)=O)=O)CCCCN,O=C(C(C[*])[*])N,,,,-0.522878745,10.1002_nano.202000087_part_1.txt_¶Î1_Material1
O=C([*])C(C)O[*],O=C([*])C(C)O[*],OCC(O)CO,,,1.2884728005997823,10.4028_www.scientific.net_msf.956.201_part_1.txt_¶Î1_Material1
[*]C(C)C[*],O=C(O)CCCCCCCCCCCCCCCCC,NC1=CC=C(C=C1)/C2=C3C=C/C(N\3)=C(C4=N/C(C=C4)=C(C5=CC=C(N5)/C(C6=CC=CC=C6)=C7N=C2C=C\7)/C8=CC=CC=C8)\C9=CC=CC=C9,,,1.4683473304121573,10.1002_pat.3742_part_1.txt_¶Î1_Material3
O=C(O[Na])COCC(OC(C(C1O)O)[*])C1OC(C(C(C2O[*])O)O)OC2COCC(O[Na])=O,,,,,1.3637999454791092,10.1016_j.porgcoat.2019.105383_part_2.txt_¶Î1_Material1
[*]CC(COC1=CC=C(C=C1)C(C)(C)C2=CC=C(C=C2)O[*])O,[*]CC(C#N)[*],[*]CC(C#N)[*],,,1.6170003411208989,10.1002_mame.201600551_part_2.txt_¶Î1_Material1
[*]CC(COC1=CC=C(C=C1)C(C)(C)C2=CC=C(C=C2)O[*])O,[H][Si]([H])([H])[H],,,,1.260071387985075,10.1002_pc.25479_part_1.txt_¶Î1_Material1
OCC(C(C(C1N)O)O[*])OC1OC2C(OC(C(C2O)N)[*])CO,[*]C1C(O)C(O)C(OC2C(O)C(O)C(O[*])OC2COC(C)=O)OC1COC(C)=O,O=[Ti]=O,,,1.9257760538367463,10.1002_app.42732_part_1.txt_¶Î1_Material1
O=C([*])CCCCCN[*],[*]CC(CC[*])O,[*]CC[*],,,1.503790683057181,10.21278_tof.43401_part_1.txt_¶Î1_Material1
[*]C([H])([H])C(O)([H])[*],O=C(O)C([*])C[*],OCC(O)CO,,,0.7403626894942439,10.1016_j.compositesa.2020.106050_part_3.txt_¶Î1_Material1
[*]C(C)C[*],[*]OCC[*],,,,1.3010299956639813,10.1002_macp.201300355_part_2.txt_¶Î1_Material1
[*]C(C)C[*],[H][O-],[H][O-],,,1.4082399653118496,10.26776_ijemm.03.03.2018.04_OA_part_2.txt_¶Î1_Material1
OCC(C(C(C1N)O)O[*])OC1OC2C(OC(C(C2O)N)[*])CO,[*]C1C(OC(C(C1O)O)OC2C(OC(C(C2O)O)O[*])CO)CO,OC(CO)CO,,,1.044539760392411,10.1016_j.foodhyd.2014.12.026_part_5.txt_¶Î1_Material6
[*]C(N(CN(C(OCOC(N(CN(C(OCCO[*])=O)[H])[H])=O)=O)[H])[H])=O,[H][Si]([H])([H])[H],,,,1.236033147117636,10.7569_jrm.2017.634188_part_1.txt_¶Î1_Material1
[*]C1C(O)C(O)C(OC2C(O)C(O)C(O[*])OC2COC(C)=O)OC1COC(C)=O,C12=C3C(C=CC4C3=C5C(CC6=CC7=C8C9=C(C(C=C%10)=CC=C9C=C7)C%11=C%10C%12)=CC4)=CC=C1C=C%12C%13=C%11C8=C6C5=C2%13,OC1=C2C(C3(O)C4C5C6=C7C8C(C9=CC(C(O)=O)=C(C=C(C=C%10C(O)=O)C%11%12)C(C%11=C%13C%14C%15%16C%17(O%16)C%18C%19=C%20C%21=C%22C(C(O)=C%23)=C%24C%25C%21=C%26C%19=C%27C%17=C%28C%14(O)C%12=C%10C=C%28CC%27=CC%26=CC%25=C(C(O)=O)C=C%24)C9=C7C%13(O)C5=C%15C3=C%18C%29%30C%20(O%30)C%31C%22C%23=C%32)=CC(C(O)=O)=CC8=CC6=C(C(O)=O)C4=C2)=C%29C%33=C%31C%32=C(C(O)=O)C=C%331,,,1.3424226808222062,10.1515_polyeng-2019-0075_part_1.txt_¶Î1_Material1
[*]C1C(OC(C(C1O)O)OC2C(OC(C(C2O)O)O[*])CO)CO,[*]C([H])([H])C(O)([H])[*],OC(C(CC(O)=O)(CC(O)=O)O)=O,,,1.3384564936046048,10.1080_1023666x.2014.879426_part_1.txt_¶Î1_Material1
[*]NC(C(N1CCCC1C(NCC(N2CC(CC2C(NC(C(NCC([*])=O)=O)CO)=O)O)=O)=O)=O)CCCCN,N#CC(C1=CC=CC=N1)C1=CC=CC=C1,,,,1.746322765089953,10.1016_j.foodchem.2014.08.012_part_1.txt_¶Î1_Material1
[*]C(CCCCC(OCCCCO[*])=O)=O,O=C([*])C(C)O[*],[*]CCCC(CCCCCC)[*],,,1.437750562820388,10.53848_ssstj.v9i2.230_OA_part_1.txt_¶Î1_Material1
[*]C/C=C/CCC(C/C=C\C[*])C=C,C[Si](C)(C[*])O[*],CC1(CC(CC(C)(C1)C)N=C=O)CN=C=O,,,0.5428254269591799,10.1166_mex.2016.1318_part_1.txt_¶Î1_Material1
O=C([*])CCCCCN[*],[*]C(C)C[*],[*]C(C)C[*],,,1.0293837776852095,10.1007_s12221-018-1009-4_part_1.txt_¶Î1_Material1
CC(COC(C(CC(C(C(C(OC(C)C)=O)C1=CC=CC=C1)C(OCC(OC(C2=CC=CC=C2C(O)=O)=O)C)=O)C3=CC=CC=C3)C(C(OC(C)C[*])=O)C4=CC=CC=C4)=O)OC(C5=CC=CC=C5C(O[*])=O)=O,[O-][Si]([O-])([O-])O[Si]([O-])([O-])[O-].[Ca+2],,,,1.6334684555795864,10.1088_1757-899x_11_1_012015_part_1.txt_¶Î1_Material1
O=C([*])C(C)O[*],[*]C(CCCCCO[*])=O,O=[Ti]=O,OC(C(C)(CC(C1=CC=CC=C1)[*])CC(C[*])(C(OCC2CO2)=O)C)=O,,1.3979400086720375,10.1016_j.matchemphys.2017.03.051_part_4.txt_¶Î1_Material1
O=C([*])C(C)O[*],[*]CCCC([*])C(OC)=O,,,,1.645422269349092,10.1002_app.44677_part_2.txt_¶Î1_Material1
[*]C(C)C[*],[*]C1C(OC(C(C1O)O)OC2C(OC(C(C2O)O)O[*])CO)CO,[*]C(C)C[*],CCCCCCCCCCCCCCCCCC(OC)=O,,1.1903316981702914,10.1016_j.carbpol.2015.08.074_part_3.txt_¶Î1_Material1
[*]C(C)C[*],[H][Si]([H])([H])[H],[H][Si]([H])([H])[H],[H][Si]([H])([H])[H],,1.4955443375464486,10.1177_1558925020958195_part_2.txt_¶Î1_Material1
[*]NCC(NC(C(ONCC(NC(C(NCC(NC(C([*])=O)C)=O)=O)C)=O)=O)CO)=O,[*]NCC(NC(C(ONCC(NC(C(NCC(NC(C([*])=O)C)=O)=O)C)=O)=O)CO)=O,CCO,[H]O[H],,1.4913616938342726,10.1088_2053-1591_aa8e07_part_3.txt_¶Î1_Material1
O=C(O[Na])COCC(OC(C(C1O)O)[*])C1OC(C(C(C2O[*])O)O)OC2COCC(O[Na])=O,C(C)(C1=CC=C(OCC2CO2)C=C1)(C)C1=CC=C(OCC2CO2)C=C1,OCC(O)CO,,,1.2041199826559248,10.1007_s10570-021-03763-4_part_1.txt_¶Î1_Material1
[*]C(NC1=C(C)C(NC(OCCO[*])=O)=CC=C1)=O,[*]C1=C(C=CN2)C2=C([*])C(O)=C1O,,,,0.6693168805661122,10.1016_j.apsusc.2021.149931_part_2.txt_¶Î1_Material1
O=C([*])OC1=CC=C(C=C1)C(C)(C)C2=CC=C(C=C2)O[*],[*]C(C1=CC=C(C(OCCCCO[*])=O)C=C1)=O,,,,1.7634279935629371,10.1088_2053-1591_aaa25c_part_4.txt_¶Î1_Material1
[*]NC(C(N1CCCC1C(NCC(N2CC(CC2C(NC(C(NCC([*])=O)=O)CO)=O)O)=O)=O)=O)CCCCN,O=C(CC(/C=C/C1=CC=C(C(OC)=C1)O)=O)/C=C/C2=CC=C(O)C(OC)=C2,,,,1.4424797690644486,10.1016_j.foodhyd.2014.02.014_part_2.txt_¶Î1_Material1
O=C([*])CCCCCN[*],[*]CC(COC1=CC=C(C=C1)C(C)(C)C2=CC=C(C=C2)O[*])O,CCCCCCCCCCCCOS([O-])(=O)=O.[Na+],,,2.2702128548962426,10.1002_pc.24681_part_1.txt_¶Î1_Material1
[*]C1OC(CCC)OC(C[*])C1,[*]CC(C1=CC=CC=C1)[*],OC1=C2C(C3(O)C4C5C6=C7C8C(C9=CC(C(O)=O)=C(C=C(C=C%10C(O)=O)C%11%12)C(C%11=C%13C%14C%15%16C%17(O%16)C%18C%19=C%20C%21=C%22C(C(O)=C%23)=C%24C%25C%21=C%26C%19=C%27C%17=C%28C%14(O)C%12=C%10C=C%28CC%27=CC%26=CC%25=C(C(O)=O)C=C%24)C9=C7C%13(O)C5=C%15C3=C%18C%29%30C%20(O%30)C%31C%22C%23=C%32)=CC(C(O)=O)=CC8=CC6=C(C(O)=O)C4=C2)=C%29C%33=C%31C%32=C(C(O)=O)C=C%331,,,1.499687082618404,10.1080_03602559.2015.1103266_part_8.txt_¶Î1_Material2
O=C([*])CCCCCN[*],[*]C(C)C[*],O=C(C1=CC=C(C([*])=O)C=C1)NC2=CCC(N[*])C=C2,[*]C(C)C[*],,1.3979400086720375,10.1515_polyeng-2012-0016_part_1.txt_¶Î1_Material1
CC1=CC(C)=C(C(C)=C1)C(P(C2=CC=CC=C2)(C3=CC=CC=C3)=O)=O,O=[Al]O[Al]=O.O=[Si]=O.O=[Si]=O.O=[Si]=O,[*]C(C)C[*],,,1.4094258686714434,10.1080_17458080.2011.597436_part_2.txt_¶Î1_Material1
[*]CC(C1=CC=CC=C1)[*],[*]C/C=C\CCC(C=C)[*],,,,1,10.3126_jncs.v28i0.8057_part_1.txt_¶Î1_Material1
[*]C([H])([H])C(O)([H])[*],OCC1OC(C(C(C1[*])O)O)OC2C(C(C(OC2CO)O[*])O)O,[Ag],,,1.909609510490169,10.1515_jmbm-2017-0027_part_2.txt_¶Î1_Material3
O=C([*])OC1=CC=C(C=C1)C(C)(C)C2=CC=C(C=C2)O[*],[*]C(NC1=C(C)C(NC(OCCO[*])=O)=CC=C1)=O,O=[Al]O[Al]=O,[*]OCC[*],,1.0043213737826426,10.1002_pen.25764_part_1.txt_¶Î1_Material1
OCC(C(C(C1N)O)O[*])OC1OC2C(OC(C(C2O)N)[*])CO,[*]C([H])([H])C(O)([H])[*],O=[Al]O[Al]=O.O=[Si]=O.O=[Si]=O.O=[Si]=O,,,1.3970705499594087,10.1016_j.compositesb.2019.05.042_part_1.txt_¶Î1_Material1
[*]C(N(CN(C(OCOC(N(CN(C(OCCO[*])=O)[H])[H])=O)=O)[H])[H])=O,[*]NC1=CC=C([*])C=C1,,,,1.187520720836463,10.1007_s00289-019-02796-x_part_1.txt_¶Î1_Material1
[*]OC1C(C(OC(C1O)OC2C3C(C(OC2CO3)[*])O)CO)O,O=C(C(C[*])[*])N,OCC1OC(C(C(C1[*])O)O)OC2C(C(C(OC2CO)O[*])O)O,,,-0.161150909,10.1002_pol.20200567_part_2.txt_¶Î1_Material1
[*]C([H])([H])C(O)([H])[*],C12=C3C(C=CC4C3=C5C(CC6=CC7=C8C9=C(C(C=C%10)=CC=C9C=C7)C%11=C%10C%12)=CC4)=CC=C1C=C%12C%13=C%11C8=C6C5=C2%13,[*]C1C(C(C(OC1C(O[Na])=O)OC2C(C(O[Na])=O)OC(O[*])C(O)C2O)O)O,,,1.8750612633917,10.1080_15685543.2014.879512_part_3.txt_¶Î1_Material1
[*]C(N(CN(C(OCOC(N(CN(C(OCCO[*])=O)[H])[H])=O)=O)[H])[H])=O,O=C(O)CCCCCCCCCCCCCCCCC,O=[Ti]=O,,,1.7134905430939424,10.1002_app.49898_part_1.txt_¶Î1_Material1
[*]C(C)C[*],O=C(C1=CC=C(C([*])=O)C=C1)NC2=CCC(N[*])C=C2,[H][O-],CC(=O)O,,1.0863598306747482,10.4028_www.scientific.net_amr.383-390.2737_part_1.txt_¶Î1_Material1
[*]CC(COC1=CC=C(C=C1)C(C)(C)C2=CC=C(C=C2)O[*])O,[O-][Si]([O-])([O-])O[Si]([O-])([O-])[O-].[Ca+2],C12=CC3=CC4=CC=CN=C4N=C3N=C1N=C5N=C6N=CC=CC6=CC5=C2,,,2.051268318870385,10.1177_0967391118809233_part_1.txt_¶Î1_Material3
[*]C(NC1=C(C)C(NC(OCCO[*])=O)=CC=C1)=O,[Ag+],,,,0.9111576087399766,10.1177_0885328216687665_part_2.txt_¶Î1_Material1
[*]NC(C(N1CCCC1C(NCC(N2CC(CC2C(NC(C(NCC([*])=O)=O)CO)=O)O)=O)=O)=O)CCCCN,[*]C1C(C(C(OC1C(O[Na])=O)OC2C(C(O[Na])=O)OC(O[*])C(O)C2O)O)O,,,,1.0322157032979815,10.1016_j.jfoodeng.2009.07.025_part_1.txt_¶Î1_Material1
[*]C(C)C[*],[*]CC(CC=CCC([*])C1=CC=CC=C1)C#N,[*]C(C)C[*],[*]CC(CCCC(CC)CC([*])C1=CC=CC=C1)C2=CC=CC=C2,,1.505149978319906,10.1177_0892705717697775_part_3.txt_¶Î1_Material1
[*]C(C)C[*],[*]OCCCOC(C1=CC=C(C([*])=O)C=C1)=O,[*]C(C)C[*],C[N+](CCO)(CCO)[3H],,1.5327543789924978,10.1080_00222348.2012.742816_part_2.txt_¶Î1_Material1
O=[Si]=O,[*]C(NC1=C(C)C(NC(OCCO[*])=O)=CC=C1)=O,,,,1.6989700043360187,10.3390_jcs3020040_part_3.txt_¶Î1_Material1
[*]C1C(C(C(OC1C(O[Na])=O)OC2C(C(O[Na])=O)OC(O[*])C(O)C2O)O)O,OCC(O)CO,OC[C@@H]([C@H]([C@@H]([C@@H](CO)O)O)O)O,,,1.9452715815077093,10.3390_ma12182923_part_3.txt_¶Î1_Material1
[*]C1C(OC(C(C1O)O)OC2C(OC(C(C2O)O)O[*])CO)CO,O=[Al]O[Al]=O.O=[Si]=O.O=[Si]=O.O.O,OCC(O)CO,,,1,10.1002_pc.22928_part_1.txt_¶Î1_Material1
O=C(C1=CC=C(C=C1)C(OCC[*])=O)O[*],O=C([*])OC1=CC=C(C=C1)C(C)(C)C2=CC=C(C=C2)O[*],,,,1.8260748027008264,10.4028_www.scientific.net_amr.750-752.858_part_1.txt_¶Î1_Material1
CC(COC(C(CC(C(C(C(OC(C)C)=O)C1=CC=CC=C1)C(OCC(OC(C2=CC=CC=C2C(O)=O)=O)C)=O)C3=CC=CC=C3)C(C(OC(C)C[*])=O)C4=CC=CC=C4)=O)OC(C5=CC=CC=C5C(O[*])=O)=O,[*]OC1OC(CO)C(OC2C(O)C(O)C([*])C(CO)O2)C(O)C1O,,,,1.7704101315139062,10.1016_j.compscitech.2014.01.017_part_2.txt_¶Î1_Material1
[*]C/C=C/CCC([*])C#N,[*]C/C=C/CCC([*])C#N,[C],,,1.4941545940184429,10.1515_polyeng-2016-0375_part_2.txt_¶Î1_Material1
[*]C(CCCCCO[*])=O,[*]NC(C(N1CCCC1C(NCC(N2CC(CC2C(NC(C(NCC([*])=O)=O)CO)=O)O)=O)=O)=O)CCCCN,[Cu],,,0.8943160626844384,10.1016_j.matlet.2021.129787_part_1.txt_¶Î1_Material1
[*]C(C)C[*],CC(CC(C(C(O1)=O)CC1=O)[*])C[*],CC1=CC(O)=C(C=C1CCCC(C2=C(C=C(C(C(C)(C)C)=C2)O)C)C3=CC(C(C)(C)C)=C(C=C3C)O)C(C)(C)C,,,1.9951523768914536,10.4028_www.scientific.net_amm.341-342.54_part_1.txt_¶Î1_Material1
[*]O[C@H](C)CC([*])=O,OCC(C(C(C1N)O)O[*])OC1OC2C(OC(C(C2O)N)[*])CO,[*]OC1C(C(O)=O)OC(OC2C(NC(C)=O)C([*])OC(CO)C2O)C(O)C1O,,,1.0969100130080565,10.1080_25740881.2019.1602645_part_1.txt_¶Î1_Material1
OP(O)(O)=O,[*]OCCCCOC(CCC([*])=O)=O,[H]O[H],OCC(O)CO,OC1=C2C(C3(O)C4C5C6=C7C8C(C9=CC(C(O)=O)=C(C=C(C=C%10C(O)=O)C%11%12)C(C%11=C%13C%14C%15%16C%17(O%16)C%18C%19=C%20C%21=C%22C(C(O)=C%23)=C%24C%25C%21=C%26C%19=C%27C%17=C%28C%14(O)C%12=C%10C=C%28CC%27=CC%26=CC%25=C(C(O)=O)C=C%24)C9=C7C%13(O)C5=C%15C3=C%18C%29%30C%20(O%30)C%31C%22C%23=C%32)=CC(C(O)=O)=CC8=CC6=C(C(O)=O)C4=C2)=C%29C%33=C%31C%32=C(C(O)=O)C=C%331,1.5809249756756194,10.1007_s13233-017-5025-9_part_1.txt_¶Î1_Material2
[*]CC(COC1=CC=C(C=C1)C(C)(C)C2=CC=C(C=C2)O[*])O,[*]C(C)C[*],,,,1.5125509929042107,10.1016_j.matpr.2020.09.669_part_1.txt_¶Î1_Material1
O=C(C1=CC=C(C=C1)C(OCC[*])=O)O[*],O=[Si]=O,O=[Al]O[Al]=O,,,1.9138138523837167,10.4028_www.scientific.net_amr.586.199_part_1.txt_¶Î1_Material1
[*]C([H])([H])C(O)([H])[*],[Fe]12O[Fe]O[Fe](O2)O1,,,,1.2016701796465816,10.1088_2053-1591_aaa25f_part_4.txt_¶Î1_Material1
O=C([*])C(C)O[*],[*][C@H]1[C@H](O)[C@@H](O)[C@H](OC2C(O)C(OC(C)=O)C(O[*])OC2CO)O[C@@H]1CO,C[N+](CCO)(CCO)[3H],C[N+](CCO)(CCO)[3H],,1.7759743311293692,10.1016_j.matlet.2015.03.019_part_1.txt_¶Î1_Material1
CC(COC(C(CC(C(C(C(OC(C)C)=O)C1=CC=CC=C1)C(OCC(OC(C2=CC=CC=C2C(O)=O)=O)C)=O)C3=CC=CC=C3)C(C(OC(C)C[*])=O)C4=CC=CC=C4)=O)OC(C5=CC=CC=C5C(O[*])=O)=O,O=C(C1=CC=C(C([*])=O)C=C1)NC2=CCC(N[*])C=C2,,,,2,10.4028_www.scientific.net_amm.465-466.962_part_1.txt_¶Î1_Material1
[*]OC(C(C1O)O)OC(COC)C1OC(OC(C(C2O)OC3OC(C(C(C3OC)O)OC4OC(C(C(C4OC)O)[*])COC)CO)COC)C2OCC(OC)C,,,,,1.2624510897304295,10.3390_polym11040675_part_8.txt_¶Î1_Material3
[*]OC1C(C(OC(C1O)OC2C3C(C(OC2CO3)[*])O)CO)O,O=C(C(C[*])[*])N,[H]O[H],,,0.1003705451175629,10.1016_j.carbpol.2018.07.070_part_1.txt_¶Î1_Material1
O=C([*])CCCCCN[*],O=C(O)C([*])C[*],[Cu],,,1.6812412373755872,10.1080_00405000.2017.1355632_part_1.txt_¶Î1_Material1
O=C(O)C([*])C[*],O=C(C(C[*])[*])N,O=C(C1=CC=C(C=C1)OCCOC(C=C)=O)C(C)(C)O,,,-0.698970004,10.1016_j.carbpol.2018.06.047_part_2.txt_¶Î1_Material1
[*]CC[*],O=[Si]=O,O=[Si]=O,,,0.8228216453031046,10.1155_2018_1967936_part_1.txt_¶Î1_Material1
[*]CC[*],Cl[Si](C)(C)C,[*]OCC[*],OCC(O)CO,,0.9294189257142929,10.1002_app.36329_part_1.txt_¶Î1_Material1
[*]CC([*])Cl,[*]OCC[*],O=[Al]O[Al]=O.O=[Si]=O.O=[Si]=O.O=[Si]=O,,,1.2430380486862944,10.1177_0892705719854495_part_1.txt_¶Î1_Material1
[*]CC[*],[*]OCC[*],[*]OCC[*],,,1.2648178230095364,10.1080_03602559.2012.762018_part_1.txt_¶Î1_Material2
[*]NCC(NC(C(ONCC(NC(C(NCC(NC(C([*])=O)C)=O)=O)C)=O)=O)CO)=O,CC(NC(C([*])C)=O)C(NC(C)C(NC(C)C(N[*])=O)=O)=O,,,,1.3873898263387294,10.1177_0021998317743563_part_2.txt_¶Î1_Material1
O=C([*])OC1=CC=C(C=C1)C(C)(C)C2=CC=C(C=C2)O[*],C12=CC3=CC4=CC=CN=C4N=C3N=C1N=C5N=C6N=CC=CC6=CC5=C2,,,,2.537567257152676,10.1016_j.compositesb.2020.108093_part_1.txt_¶Î1_Material1
[*]CC([*])Cl,O=[Al]O[Al]=O,O=C([O-])[O-].[Ca+2],O=C(O)CCCCCCCCCCCCCCCCC,,1.4313637641589874,10.1016_j.compositesa.2011.09.025_part_1.txt_¶Î1_Material1
C=C(C)C(=O)OCC(O)COC1=CC=C(C(C2=CC=C(O)C=C2)(C)C)C=C1,[*]CC(COC1=CC=C(C=C1)C(C)(C)C2=CC=C(C=C2)O[*])O,C12=CC3=CC4=CC=CN=C4N=C3N=C1N=C5N=C6N=CC=CC6=CC5=C2,,,2.711368496574712,10.1002_pc.25507_part_1.txt_¶Î1_Material1
[*]C(C)C[*],[*]CC(CCCC(CC)CC([*])C1=CC=CC=C1)C2=CC=CC=C2,,,,1.351216345339342,10.1177_0892705713518792_part_2.txt_¶Î1_Material2
[*]C(C)C[*],[*]C1C(OC(C(C1O)O)OC2C(OC(C(C2O)O)O[*])CO)CO,NC1=CC=C(C=C1)/C2=C3C=C/C(N\3)=C(C4=N/C(C=C4)=C(C5=CC=C(N5)/C(C6=CC=CC=C6)=C7N=C2C=C\7)/C8=CC=CC=C8)\C9=CC=CC=C9,,,1.4771212547196624,10.1021_ie4025243_part_1.txt_¶Î1_Material1
[*]CC[*],O=C1C=CC(O1)=O.C=C,O=C(O)CCCCCCCCCCCCCCCCC,,,1.5587085705331658,10.3390_polym10030308_part_1.txt_¶Î1_Material1
[*]C/C=C/CCC(C=C)CC([*])C1=CC=CC=C1,[Zn]=O,O=C(O)CCCCCCCCCCCCCCCCC,,,1.2648178230095364,10.1002_app.38253_part_1.txt_¶Î1_Material1
[*]CC[*],O=C1C=CC(O1)=O.C=C,NC1=CC=C(C=C1)/C2=C3C=C/C(N\3)=C(C4=N/C(C=C4)=C(C5=CC=C(N5)/C(C6=CC=CC=C6)=C7N=C2C=C\7)/C8=CC=CC=C8)\C9=CC=CC=C9,C=C(C(OCC1CO1)=O)C,,1.3324384599156054,10.1177_0892705711417656_part_2.txt_¶Î1_Material3
[*]C(CCCCCO[*])=O,[H][O-],[H][Si]([H])([H])[H],,,1.250420002308894,10.1016_j.jmrt.2020.06.066_part_2.txt_¶Î1_Material1
[*]N1C(C2=CC3=C(C=C2C1=O)C(N(C3=O)C4=CC=C(C=C4)OC5=CC=C(C=C5)[*])=O)=O,C[Si](C)(C[*])O[*],O=[Si]=O,NCCC[Si](OCC)(OCC)OCC,CCO[Si](OCC)(OCC)OCC,2.0681858617461617,10.1007_s13233-011-0311-4_part_1.txt_¶Î1_Material3
O=C([*])C(C)O[*],O=[Si]=O,,,,1.7781512503836436,10.1179_2055033214y.0000000008_part_2.txt_¶Î1_Material1
[*]OC1OC(CO)C(OC2C(O)C(O)C([*])C(CO)O2)C(O)C1O,OC1=C2C(C3(O)C4C5C6=C7C8C(C9=CC(C(O)=O)=C(C=C(C=C%10C(O)=O)C%11%12)C(C%11=C%13C%14C%15%16C%17(O%16)C%18C%19=C%20C%21=C%22C(C(O)=C%23)=C%24C%25C%21=C%26C%19=C%27C%17=C%28C%14(O)C%12=C%10C=C%28CC%27=CC%26=CC%25=C(C(O)=O)C=C%24)C9=C7C%13(O)C5=C%15C3=C%18C%29%30C%20(O%30)C%31C%22C%23=C%32)=CC(C(O)=O)=CC8=CC6=C(C(O)=O)C4=C2)=C%29C%33=C%31C%32=C(C(O)=O)C=C%331,,,,1.550228353055094,10.1177_0021998311430866_part_1.txt_¶Î1_Material1
OCC(C(C(C1N)O)O[*])OC1OC2C(OC(C(C2O)N)[*])CO,[Zn]=O,,,,1.1818435879447726,10.1016_j.polymertesting.2019.106004_part_1.txt_¶Î1_Material1
C=C([CH3])C(=O)O[CH3],C[Si](O[*])(C)[*],O=[Si]=O,,,0.5314789170422551,10.1002_app.50252_part_2.txt_¶Î1_Material1
[*]CC(COC1=CC=C(C=C1)C(C)(C)C2=CC=C(C=C2)O[*])O,[*]OCCOC(CC(C([*])=O)C(C1CCCCC1)CC(CC(O)=O)C(OCCO)=O)=O,O=[Si]=O,,,1.924795995797912,10.1007_s13204-012-0068-x_part_1.txt_¶Î1_Material1
[*]C(C)C[*],[*]CC[*],O=[Ti]=O,[*]CC(CCCC(CC)CC([*])C1=CC=CC=C1)C2=CC=CC=C2,,1.2929202996000062,10.31803_tg-20190312191013_part_1.txt_¶Î1_Material1
[*]C([H])([H])C(O)([H])[*],[*]C([H])([H])C(O)([H])[*],O=[Si]=O.[Ca]=O,O=[Si]=O,[H]O[H],1.6023855901051052,10.1016_j.conbuildmat.2014.12.071_part_1.txt_¶Î1_Material2
OCC(C(C(C1N)O)O[*])OC1OC2C(OC(C(C2O)N)[*])CO,[*]CC([*])N1CCCC1=O,OCC1OC(C(C(C1[*])O)O)OC2C(C(C(OC2CO)O[*])O)O,O=C(CC(/C=C/C1=CC=C(C(OC)=C1)O)=O)/C=C/C2=CC=C(O)C(OC)=C2,,1.1258064581395268,10.1002_jbm.a.36097_part_3.txt_¶Î1_Material1
[*]C/C=C/CCC([*])C#N,[C],,,,1.2201080880400552,10.1002_app.49936_part_2.txt_¶Î1_Material1
[*]OC(CC(OC(CC([*])=O)CC)=O)C,OP(O)(O)=O,O[Si](O)(O[Si](O)(O)O)O.[Al].[Al].O,,,1.5440680443502757,10.1016_j.eurpolymj.2015.12.009_part_1.txt_¶Î1_Material1
[*]C(C)C[*],O=[Si]=O,O=[Si]=O,,,1.5563025007672873,10.1515_secm-2012-0035_part_1.txt_¶Î1_Material1
[*]OCCOC(CC(C([*])=O)C(C1CCCCC1)CC(CC(O)=O)C(OCCO)=O)=O,O=C(C1=CC=C(C=C1)OCCOC(C=C)=O)C(C)(C)O,C=CC1=CC=CC=C1,,,1.1010593549081156,10.1177_0731684413481863_part_1.txt_¶Î1_Material1
[*]OC1=C(C([*])=CC=C1C)C,[*]CC(C1=CC=CC=C1)[*],C[N+](CCO)(CCO)[3H],C[N+](CCO)(CCO)[3H],C[N+](CCO)(CCO)[3H],1.3424226808222062,10.1177_0892705712439559_part_4.txt_¶Î1_Material1
[*]C([H])([H])C(O)([H])[*],[*]CC[*],C(CC=O)CC=O,,,0.9459607035775686,10.1002_pc.24796_part_1.txt_¶Î1_Material1
[*]CC[*],[*]CC[*],O=[Al]O[Al]=O.O=[Si]=O.O=[Si]=O.O.O,,,1.8195439355418688,10.1007_s42452-020-2679-2_part_1.txt_¶Î1_Material1
OCC(C(C(C1N)O)O[*])OC1OC2C(OC(C(C2O)N)[*])CO,[*]OC1C(C(OC(C1O)OC2C3C(C(OC2CO3)[*])O)CO)O,C(CC=O)CC=O,,,1.021189299069938,10.1016_j.carbpol.2018.10.002_part_5.txt_¶Î1_Material1
O=C([*])OC1=CC=C(C=C1)C(C)(C)C2=CC=C(C=C2)O[*],O=[Ti]=O,O=[Si]=O,,,1.404149249209695,10.1016_j.ces.2014.12.043_part_1.txt_¶Î1_Material1
[*]C1C(C(C(OC1C(O[Na])=O)OC2C(C(O[Na])=O)OC(O[*])C(O)C2O)O)O,[*]C([H])([H])C(O)([H])[*],C(CC=O)CC=O,,,1.0969100130080565,10.1016_j.matlet.2020.128517_part_1.txt_¶Î1_Material1
[*]C1C(OC(C(C1O)O)OC2C(OC(C(C2O)O)O[*])CO)CO,O=[Al]O[Al]=O.O=[Si]=O.O=[Si]=O.O=[Si]=O,,,,1.414973347970818,10.1002_app.32312_part_1.txt_¶Î1_Material2
[*]C(C)C[*],C12=CC3=CC4=CC=CN=C4N=C3N=C1N=C5N=C6N=CC=CC6=CC5=C2,,,,1.48572142648158,10.1177_0021998317710319_part_2.txt_¶Î1_Material1
OCC(C(C(C1N)O)O[*])OC1OC2C(OC(C(C2O)N)[*])CO,[*]C1C(C(C(OC1C(O[Na])=O)OC2C(C(O[Na])=O)OC(O[*])C(O)C2O)O)O,Cl[Ca]Cl,,,1.110589710299249,10.1002_masy.201600141_part_1.txt_¶Î1_Material1
CC(COC(C(CC(C(C(C(OC(C)C)=O)C1=CC=CC=C1)C(OCC(OC(C2=CC=CC=C2C(O)=O)=O)C)=O)C3=CC=CC=C3)C(C(OC(C)C[*])=O)C4=CC=CC=C4)=O)OC(C5=CC=CC=C5C(O[*])=O)=O,[*]C(F)(C(F)([*])F)F,,,,1.740362689494244,10.1016_j.triboint.2016.03.013_part_1.txt_¶Î1_Material1
O=C([*])C(C)O[*],O=C([*])C(C)O[*],,,,1.5364321758220134,10.1002_pc.25284_part_2.txt_¶Î1_Material1
[*]C(C)C[*],O=P([O-])([O-])[O-].[Ca+2].[Ca+2].[OH-],[H][Si]([H])([H])[H],,,1.575187844927661,10.1177_0021998310376095_part_1.txt_¶Î1_Material1
[*]C1C(OC(C(C1O)O)OC2C(OC(C(C2O)O)O[*])CO)CO,OCC(C(C(C1N)O)O[*])OC1OC2C(OC(C(C2O)N)[*])CO,[*]C1=C(C=CN2)C2=C([*])C(O)=C1O,O=[Al]O[Al]=O.O=[Si]=O.O=[Si]=O.O=[Si]=O,,1.4834446480985353,10.1016_j.foodhyd.2016.06.030_part_1.txt_¶Î1_Material1
O=[Si]=O.[Ca]=O,[*]C([H])([H])C(O)([H])[*],,,,1.6434526764861874,10.1007_s11771-021-4710-1_part_2.txt_¶Î1_Material1
OCC(C(C(C1N)O)O[*])OC1OC2C(OC(C(C2O)N)[*])CO,O=[Ti]=O,,,,1.5740312677277188,10.1111_jfpp.14536_part_1.txt_¶Î1_Material1
[*]CC(C)(C(OCCO)=O)[*],O=[Al]O[Al]=O.O=[Si]=O.O=[Si]=O.O=[Si]=O,,,,1.7774268223893113,10.1002_pen.23391_part_2.txt_¶Î1_Material1
[*]CC[*],O=C(C1=CC=C(C=C1)C(OCC[*])=O)O[*],OCC1OC(C(C(C1[*])O)O)OC2C(C(C(OC2CO)O[*])O)O,C=C(C(OCC1CO1)=O)C,,1.4424797690644486,10.1016_j.biortech.2009.12.069_part_1.txt_¶Î1_Material1
[*]C([H])([H])C(O)([H])[*],[*]CC([*])N1CCCC1=O,,,,1.230959555748569,10.1007_s10854-017-8110-0_part_2.txt_¶Î1_Material1
[*]CC[*],O=C(C1=CC=C(C=C1)C(OCC[*])=O)O[*],C=C(C(OCC1CO1)=O)C,OC1=C2C(C3(O)C4C5C6=C7C8C(C9=CC(C(O)=O)=C(C=C(C=C%10C(O)=O)C%11%12)C(C%11=C%13C%14C%15%16C%17(O%16)C%18C%19=C%20C%21=C%22C(C(O)=C%23)=C%24C%25C%21=C%26C%19=C%27C%17=C%28C%14(O)C%12=C%10C=C%28CC%27=CC%26=CC%25=C(C(O)=O)C=C%24)C9=C7C%13(O)C5=C%15C3=C%18C%29%30C%20(O%30)C%31C%22C%23=C%32)=CC(C(O)=O)=CC8=CC6=C(C(O)=O)C4=C2)=C%29C%33=C%31C%32=C(C(O)=O)C=C%331,,1.2810333672477277,10.1088_1757-899x_943_1_012002_part_1.txt_¶Î1_Material1
[*]C(C)C[*],[*]CC[*],[Cu],,,1.2271150825891253,10.32737_0005-2531-2021-3-49-53_OA_part_1.txt_¶Î1_Material1
O=C(CCCCC(N(CCCCCCN([*])[H])[H])=O)[*],[*]C(C)C[*],S=[Mo]=S,C12[Si]34C15C3C425,O=[Al]O[Al]=O,1.6127838567197357,10.1007_s12666-016-0971-z_part_2.txt_¶Î1_Material1
FC(F)([*])C([H])([*])[H],,,,,1.7505083948513462,10.3390_ma11030347_part_3.txt_¶Î1_Material2
C/C(C[*])=C/C[*],[*]C/C=C/CCC(C=C)CC([*])C1=CC=CC=C1,[C],OC1=C2C(C3(O)C4C5C6=C7C8C(C9=CC(C(O)=O)=C(C=C(C=C%10C(O)=O)C%11%12)C(C%11=C%13C%14C%15%16C%17(O%16)C%18C%19=C%20C%21=C%22C(C(O)=C%23)=C%24C%25C%21=C%26C%19=C%27C%17=C%28C%14(O)C%12=C%10C=C%28CC%27=CC%26=CC%25=C(C(O)=O)C=C%24)C9=C7C%13(O)C5=C%15C3=C%18C%29%30C%20(O%30)C%31C%22C%23=C%32)=CC(C(O)=O)=CC8=CC6=C(C(O)=O)C4=C2)=C%29C%33=C%31C%32=C(C(O)=O)C=C%331,O=C(O)CCCCCCCCCCCCCCCCC,1.2278867046136734,10.1016_j.radphyschem.2010.08.015_part_1.txt_¶Î1_Material1
[*]C(C)C[*],[*]/C=C\CC/C=C\CC(CC([*])C1=CC=CC=C1)C2=CC=CC=C2,O=[Si]=O,[*]C(C)C[*],,1.393926006585837,10.1007_s10118-020-2399-5_part_2.txt_¶Î1_Material1
O=C(C1=CC=C(C=C1)C(OCC[*])=O)O[*],O=[Si]=O,O=C(CCCCC(N(CCCCCCN([*])[H])[H])=O)[*],,,2.455332215348645,10.1080_00405000.2013.869433_part_2.txt_¶Î1_Material1
[*]C(C)C[*],[*]CCC(CCCC(CCCC(C[*])C)C)C,[*]CCC(CCCC(CCCC(C[*])C)C)C,,,1.4632956099620027,10.1002_app.38495_part_1.txt_¶Î1_Material1
[*]C([H])([H])C(O)([H])[*],OC(C(CC(O)=O)(CC(O)=O)O)=O,,,,1.6232492903979006,10.1002_pts.2566_part_2.txt_¶Î1_Material1
[*]C(C)C[*],CC(CC(C(C(O1)=O)CC1=O)[*])C[*],[*]CCCC([*])OC(C)=O,,,1.550228353055094,10.1007_s10973-018-7509-z_part_1.txt_¶Î1_Material5
[*]CC(COC1=CC=C(C=C1)C(C)(C)C2=CC=C(C=C2)O[*])O,O=[Si]=O,[H][Si]([H])([H])[H],[H][Si]([H])([H])[H],,1.688419822002711,10.1016_j.compositesb.2013.10.069_part_1.txt_¶Î1_Material1
O=C(O[Na])COCC1OC(OC2C(COCC(O[Na])=O)OC([*])C(O)C2O)C(O)C(O)C1O[*],OCC(C(C(C1N)O)O[*])OC1OC2C(OC(C(C2O)N)[*])CO,OCC(O)CO,,,1.4771212547196624,10.1515_hf.2011.113_part_1.txt_¶Î1_Material1
[*]C([H])([H])C(O)([H])[*],O=C(O[Na])COCC(OC(C(C1O)O)[*])C1OC(C(C(C2O[*])O)O)OC2COCC(O[Na])=O,[*]C1C(C(C(OC1C(O[Na])=O)OC2C(C(O[Na])=O)OC(O[*])C(O)C2O)O)O,[Ca+2],,1.0644579892269184,10.1080_1539445x.2021.1926281_part_2.txt_¶Î1_Material1
[*]C(C)C[*],[*]C(C)C[*],O=[Mg].O=[Si]=O.O=[Si]=O.O=[Si]=O.O=[Si]=O.O=[Mg].O=[Mg].O,,,1.290034611362518,10.1504_ijmmm.2017.082905_part_2.txt_¶Î1_Material1
[*]CC(COC1=CC=C(C=C1)C(C)(C)C2=CC=C(C=C2)O[*])O,O=[Al]O[Al]=O.O=[Si]=O.O=[Si]=O.O=[Si]=O,,,,1.472902651803664,10.1080_03602559.2011.618157_part_1.txt_¶Î1_Material1
[*]CC(COC1=CC=C(C=C1)C(C)(C)C2=CC=C(C=C2)O[*])O,[*]CC(C1=CC=CC=C1)[*],,,,1.8195439355418688,10.1007_s10965-013-0135-3_part_2.txt_¶Î1_Material1
[*]C(C)C[*],CC1=CC(C)=C(C(C)=C1)C(P(C2=CC=CC=C2)(C3=CC=CC=C3)=O)=O,O=[Si]=O,[*]C(C)C[*],,1.4608978427565478,10.1007_s10118-020-2399-5_part_1.txt_¶Î1_Material1
[*]O[C@H](C)CC([*])=O,,,,,1.505149978319906,10.1134_s0003683810030075_part_1.txt_¶Î1_Material1
O=C([*])OC1=CC=C(C=C1)C(C)(C)C2=CC=C(C=C2)O[*],O=[Al]O[Al]=O,,,,2.122707254318348,10.1002_adv.21832_part_1.txt_¶Î1_Material1
[*]C(F)(C(F)([*])F)F,C12[Si]34C15C3C425,O=[Al]O[Al]=O,S=[Mo]=S,,1.7622282842864745,10.1177_0021998314545183_part_3.txt_¶Î1_Material1
OCC(C(C(C1N)O)O[*])OC1OC2C(OC(C(C2O)N)[*])CO,OC1=C2C(C3(O)C4C5C6=C7C8C(C9=CC(C(O)=O)=C(C=C(C=C%10C(O)=O)C%11%12)C(C%11=C%13C%14C%15%16C%17(O%16)C%18C%19=C%20C%21=C%22C(C(O)=C%23)=C%24C%25C%21=C%26C%19=C%27C%17=C%28C%14(O)C%12=C%10C=C%28CC%27=CC%26=CC%25=C(C(O)=O)C=C%24)C9=C7C%13(O)C5=C%15C3=C%18C%29%30C%20(O%30)C%31C%22C%23=C%32)=CC(C(O)=O)=CC8=CC6=C(C(O)=O)C4=C2)=C%29C%33=C%31C%32=C(C(O)=O)C=C%331,,,,1.7781512503836436,10.1002_adfm.201203550_part_1.txt_¶Î1_Material1
[*]C/C=C/CCC(C=C)CC([*])C1=CC=CC=C1,[*]CCCC(C1C([*])C2CC1C/C2=C/C)C,OC1=C2C(C3(O)C4C5C6=C7C8C(C9=CC(C(O)=O)=C(C=C(C=C%10C(O)=O)C%11%12)C(C%11=C%13C%14C%15%16C%17(O%16)C%18C%19=C%20C%21=C%22C(C(O)=C%23)=C%24C%25C%21=C%26C%19=C%27C%17=C%28C%14(O)C%12=C%10C=C%28CC%27=CC%26=CC%25=C(C(O)=O)C=C%24)C9=C7C%13(O)C5=C%15C3=C%18C%29%30C%20(O%30)C%31C%22C%23=C%32)=CC(C(O)=O)=CC8=CC6=C(C(O)=O)C4=C2)=C%29C%33=C%31C%32=C(C(O)=O)C=C%331,[C],,1.380211241711606,10.1002_app.39253_part_1.txt_¶Î1_Material1
[*]OCCCCOC(CCC([*])=O)=O,O=C(C1=CC=C(C=C1)C(OCC[*])=O)O[*],,,,1.7084209001347128,10.1021_ie101798n_part_2.txt_¶Î1_Material1
[*]C1C(C(C(OC1C(O[Na])=O)OC2C(C(O[Na])=O)OC(O[*])C(O)C2O)O)O,[*]NC(C(N1CCCC1C(NCC(N2CC(CC2C(NC(C(NCC([*])=O)=O)CO)=O)O)=O)=O)=O)CCCCN,OCC(O)CO,OCCOC1C(OCCO)C(C(OCCO)COCCOC(CCCCCCCCCCCCCCCCC)=O)OC1,,1.0549958615291417,10.1088_1755-1315_101_1_012019_part_1.txt_¶Î1_Material1
O=C(C1=CC=C(C=C1)C(OCC[*])=O)O[*],O=C=O,,,,1.4471580313422192,10.1007_s13367-013-0015-8_part_1.txt_¶Î1_Material1
[*]CC(C1=CC=CC=C1)[*],[*]CC(C1=CC=CC=C1)[*],,,,1.3031960574204888,10.1002_app.32638_part_1.txt_¶Î1_Material2
[*]C(NC1=C(C)C(NC(OCCO[*])=O)=CC=C1)=O,C12=C3C(C=CC4C3=C5C(CC6=CC7=C8C9=C(C(C=C%10)=CC=C9C=C7)C%11=C%10C%12)=CC4)=CC=C1C=C%12C%13=C%11C8=C6C5=C2%13,,,,1.3324384599156054,10.1021_jp508864b_part_2.txt_¶Î1_Material1
[*]C(C)C[*],[*]CC(CCCC(CC)CC([*])C1=CC=CC=C1)C2=CC=CC=C2,[*]CC(CCCC(CC)CC([*])C1=CC=CC=C1)C2=CC=CC=C2,,,1.6033609243483804,10.1007_s10570-021-03995-4_part_3.txt_¶Î1_Material1
OCC(C(C(C1N)O)O[*])OC1OC2C(OC(C(C2O)N)[*])CO,[*]CC(C#N)[*],,,,1.6434526764861874,10.1016_j.polymertesting.2018.04.031_part_1.txt_¶Î1_Material1
OCC1OC(C(C(C1[*])O)O)OC2C(C(C(OC2CO)O[*])O)O,[*]C([H])([H])C(O)([H])[*],OC1=C2C(C3(O)C4C5C6=C7C8C(C9=CC(C(O)=O)=C(C=C(C=C%10C(O)=O)C%11%12)C(C%11=C%13C%14C%15%16C%17(O%16)C%18C%19=C%20C%21=C%22C(C(O)=C%23)=C%24C%25C%21=C%26C%19=C%27C%17=C%28C%14(O)C%12=C%10C=C%28CC%27=CC%26=CC%25=C(C(O)=O)C=C%24)C9=C7C%13(O)C5=C%15C3=C%18C%29%30C%20(O%30)C%31C%22C%23=C%32)=CC(C(O)=O)=CC8=CC6=C(C(O)=O)C4=C2)=C%29C%33=C%31C%32=C(C(O)=O)C=C%331,,,1.3506356082589543,10.5402_2012_154314_part_1.txt_¶Î1_Material1
[*]CCN[*],O=C([*])OC1=CC=C(C=C1)C(C)(C)C2=CC=C(C=C2)O[*],,,,1.3979400086720375,10.5762_kais.2014.15.2.1216_OA_part_1.txt_¶Î1_Material1
[*]NCC(NC(C(ONCC(NC(C(NCC(NC(C([*])=O)C)=O)=O)C)=O)=O)CO)=O,[*]C([H])([H])C(O)([H])[*],OCC(O)CO,,,1.2583978040955086,10.1016_j.compositesb.2018.08.136_part_1.txt_¶Î1_Material1
OCC(C(C(C1N)O)O[*])OC1OC2C(OC(C(C2O)N)[*])CO,O=[Si]=O,,,,0.8750612633917001,10.1016_j.compscitech.2014.03.004_part_1.txt_¶Î1_Material1
[*]C(C)C[*],NC1=CC=C(C=C1)/C2=C3C=C/C(N\3)=C(C4=N/C(C=C4)=C(C5=CC=C(N5)/C(C6=CC=CC=C6)=C7N=C2C=C\7)/C8=CC=CC=C8)\C9=CC=CC=C9,O=[Al]O[Al]=O,NC1=CC=C(C=C1)/C2=C3C=C/C(N\3)=C(C4=N/C(C=C4)=C(C5=CC=C(N5)/C(C6=CC=CC=C6)=C7N=C2C=C\7)/C8=CC=CC=C8)\C9=CC=CC=C9,,1.541579243946581,10.1007_s40684-019-00135-z_part_1.txt_¶Î1_Material2
[*]CC(COC1=CC=C(C=C1)C(C)(C)C2=CC=C(C=C2)O[*])O,O=C([*])OC1=CC=C(C=C1)C(C)(C)C2=CC=C(C=C2)O[*],[H][Si]([H])([H])[H],,,1.5146805441249815,10.1080_03602559.2011.566298_part_1.txt_¶Î1_Material1
[*]CC(COC1=CC=C(C=C1)C(C)(C)C2=CC=C(C=C2)O[*])O,[*]OC1OC(CO)C(OC2C(O)C(O)C([*])C(CO)O2)C(O)C1O,O=C(C1=CC=C(C=C1)C(OCC[*])=O)O[*],,,1.954242509439325,10.3390_fib7080072_part_2.txt_¶Î1_Material3
[*]C(C)C[*],OC1=C2C(C3(O)C4C5C6=C7C8C(C9=CC(C(O)=O)=C(C=C(C=C%10C(O)=O)C%11%12)C(C%11=C%13C%14C%15%16C%17(O%16)C%18C%19=C%20C%21=C%22C(C(O)=C%23)=C%24C%25C%21=C%26C%19=C%27C%17=C%28C%14(O)C%12=C%10C=C%28CC%27=CC%26=CC%25=C(C(O)=O)C=C%24)C9=C7C%13(O)C5=C%15C3=C%18C%29%30C%20(O%30)C%31C%22C%23=C%32)=CC(C(O)=O)=CC8=CC6=C(C(O)=O)C4=C2)=C%29C%33=C%31C%32=C(C(O)=O)C=C%331,[O-][Si]([O-])([O-])O[Si]([O-])([O-])[O-].[Ca+2],,,1.1789769472931697,10.3390_ma12010152_part_2.txt_¶Î1_Material7
[*]C([H])([H])C(O)([H])[*],O=C(O)C([*])C[*],,,,0.667452952889954,10.1080_09205063.2019.1706148_part_3.txt_¶Î1_Material1
[*]CC(COC1=CC=C(C=C1)C(C)(C)C2=CC=C(C=C2)O[*])O,[H][Si]([H])([H])[H],[H][Si]([H])([H])[H],,,1.3996737214810382,10.1007_s10570-013-0044-y_part_3.txt_¶Î1_Material2
[*]C(C)C[*],[*]OC1OC(CO)C(OC2C(O)C(O)C([*])C(CO)O2)C(O)C1O,,,,1.3911116137028026,10.1080_00914037.2011.610039_part_1.txt_¶Î1_Material1
[*]C(C)C[*],CC1=CC(O)=C(C=C1CCCC(C2=C(C=C(C(C(C)(C)C)=C2)O)C)C3=CC(C(C)(C)C)=C(C=C3C)O)C(C)(C)C,CC1=CC(O)=C(C=C1CCCC(C2=C(C=C(C(C(C)(C)C)=C2)O)C)C3=CC(C(C)(C)C)=C(C=C3C)O)C(C)(C)C,O=C(CCCCCCCCCCCCCCCCC)O[Ca]OC(CCCCCCCCCCCCCCCCC)=O,,1.3222192947339193,10.4028_www.scientific.net_amr.239-242.288_part_1.txt_¶Î1_Material1
O=S(C(C=C1)=CC=C1OC(C=C2)=CC=C2C(C)(C)C(C=C3)=CC=C3O[*])(C4=CC=C([*])C=C4)=O,OCC(C(C(C1N)O)O[*])OC1OC2C(OC(C(C2O)N)[*])CO,C(CC=O)CC=O,,,0.9661417327390326,10.1177_155892501400900109_part_2.txt_¶Î1_Material1
OCC(C(C(C1N)O)O[*])OC1OC2C(OC(C(C2O)N)[*])CO,[*]CC([*])N1CCCC1=O,C(CC=O)CC=O,,,1.8195439355418688,10.3109_02652048.2013.788084_part_1.txt_¶Î1_Material1
O=C([*])C(C)O[*],[*]CCCC([*])OC(C)=O,OC1=C2C(C3(O)C4C5C6=C7C8C(C9=CC(C(O)=O)=C(C=C(C=C%10C(O)=O)C%11%12)C(C%11=C%13C%14C%15%16C%17(O%16)C%18C%19=C%20C%21=C%22C(C(O)=C%23)=C%24C%25C%21=C%26C%19=C%27C%17=C%28C%14(O)C%12=C%10C=C%28CC%27=CC%26=CC%25=C(C(O)=O)C=C%24)C9=C7C%13(O)C5=C%15C3=C%18C%29%30C%20(O%30)C%31C%22C%23=C%32)=CC(C(O)=O)=CC8=CC6=C(C(O)=O)C4=C2)=C%29C%33=C%31C%32=C(C(O)=O)C=C%331,,,1.541579243946581,10.1002_pat.5435_part_2.txt_¶Î1_Material1
[*]CC[*],[*]CC[*],[*]C(C)C[*],C=C([CH3])C(=O)OC([CH3])[CH3],,1.1613680022349748,10.1016_j.matdes.2014.04.033_part_1.txt_¶Î1_Material2
[*]C(C)C[*],[*]C(C)C[*],[*]CC(CCCC(CC)CC([*])C1=CC=CC=C1)C2=CC=CC=C2,,,1.255272505103306,10.3390_ma8125451_part_2.txt_¶Î1_Material1
CC(COC(C(CC(C(C(C(OC(C)C)=O)C1=CC=CC=C1)C(OCC(OC(C2=CC=CC=C2C(O)=O)=O)C)=O)C3=CC=CC=C3)C(C(OC(C)C[*])=O)C4=CC=CC=C4)=O)OC(C5=CC=CC=C5C(O[*])=O)=O,OC1=C2C(C3(O)C4C5C6=C7C8C(C9=CC(C(O)=O)=C(C=C(C=C%10C(O)=O)C%11%12)C(C%11=C%13C%14C%15%16C%17(O%16)C%18C%19=C%20C%21=C%22C(C(O)=C%23)=C%24C%25C%21=C%26C%19=C%27C%17=C%28C%14(O)C%12=C%10C=C%28CC%27=CC%26=CC%25=C(C(O)=O)C=C%24)C9=C7C%13(O)C5=C%15C3=C%18C%29%30C%20(O%30)C%31C%22C%23=C%32)=CC(C(O)=O)=CC8=CC6=C(C(O)=O)C4=C2)=C%29C%33=C%31C%32=C(C(O)=O)C=C%331,,,,1.812913356642856,10.1080_15440478.2019.1687069_part_1.txt_¶Î1_Material1
O=C([*])CCCCCCCCCCC(NCCCCCCCCCCN[*])=O,O=[Si]=O,,,,1.6618126855372612,10.1177_0307174x1704400709_part_2.txt_¶Î1_Material1
C/C(C[*])=C/C[*],O=[Si]=O.O=[Al]O[Al]=O.O=[Si]=O.O=[Si]=O.O=[Si]=O.O,[C],,,1.1760912590556811,10.1088_1757-899x_223_1_012003_part_2.txt_¶Î1_Material1
[*]CCCC(C1C([*])C2CC1C/C2=C/C)C,OC1=C2C(C3(O)C4C5C6=C7C8C(C9=CC(C(O)=O)=C(C=C(C=C%10C(O)=O)C%11%12)C(C%11=C%13C%14C%15%16C%17(O%16)C%18C%19=C%20C%21=C%22C(C(O)=C%23)=C%24C%25C%21=C%26C%19=C%27C%17=C%28C%14(O)C%12=C%10C=C%28CC%27=CC%26=CC%25=C(C(O)=O)C=C%24)C9=C7C%13(O)C5=C%15C3=C%18C%29%30C%20(O%30)C%31C%22C%23=C%32)=CC(C(O)=O)=CC8=CC6=C(C(O)=O)C4=C2)=C%29C%33=C%31C%32=C(C(O)=O)C=C%331,OC1=C2C(C3(O)C4C5C6=C7C8C(C9=CC(C(O)=O)=C(C=C(C=C%10C(O)=O)C%11%12)C(C%11=C%13C%14C%15%16C%17(O%16)C%18C%19=C%20C%21=C%22C(C(O)=C%23)=C%24C%25C%21=C%26C%19=C%27C%17=C%28C%14(O)C%12=C%10C=C%28CC%27=CC%26=CC%25=C(C(O)=O)C=C%24)C9=C7C%13(O)C5=C%15C3=C%18C%29%30C%20(O%30)C%31C%22C%23=C%32)=CC(C(O)=O)=CC8=CC6=C(C(O)=O)C4=C2)=C%29C%33=C%31C%32=C(C(O)=O)C=C%331,,,0.3541084391474008,10.1016_j.polymer.2020.122824_part_1.txt_¶Î1_Material1
[*]OCCCOC(C1=CC=C(C([*])=O)C=C1)=O,O=C([O-])[O-].[Ca+2],[Ti](OCCCC)(OCCCC)(OCCCC)OCCCC,,,1.8350561017201164,10.1155_2013_890749_part_1.txt_¶Î1_Material1
[*]NCC(NC(C(ONCC(NC(C(NCC(NC(C([*])=O)C)=O)=O)C)=O)=O)CO)=O,[*]NCC(NC(C(ONCC(NC(C(NCC(NC(C([*])=O)C)=O)=O)C)=O)=O)CO)=O,,,,1.7011360660925263,10.1177_0040517519837727_part_2.txt_¶Î1_Material1
[*]C(C)C[*],O=[Ti]=O,,,,1.599883072073688,10.4028_www.scientific.net_amr.690-693.494_part_1.txt_¶Î1_Material1
[*]C(C)C[*],[*]CCCC(C1C([*])C2CC1C/C2=C/C)C,[*]CCCC(C1C([*])C2CC1C/C2=C/C)C,,,1.462397997898956,10.1002_pen.24320_part_1.txt_¶Î1_Material1
[*]C/C=C/CCC(C/C=C\C[*])C=C,CC1=CC=C(C=C1N=C=O)N=C=O,,,,1.3010299956639813,10.1007_s00396-016-4010-8_part_3.txt_¶Î1_Material1
[*]OCCCOC(C1=CC=C(C([*])=O)C=C1)=O,,,,,1.9370161074648145,10.3390_polym8070237_part_2.txt_¶Î1_Material1
[*]CC([*])Cl,[*]C/C=C/CCC([*])C#N,C12[Si]34C15C3C425,,,0.8129133566428556,10.1002_app.39063_part_1.txt_¶Î1_Material1
[*]CC([*])Cl,[Zn]=O,,,,1.7275412570285564,10.1016_j.apsusc.2018.01.255_part_1.txt_¶Î1_Material1
[*]CC([*])Cl,O=[Al]O[Al]=O.O=[Si]=O.O=[Si]=O.O=[Si]=O,,,,1.662757831681574,10.1002_app.38401_part_1.txt_¶Î1_Material1
[*]C(C)C[*],[*]C1=C(O)C(C(C)(C)C)=C(O)C(C)=C1SS[*],OC1=C2C(C3(O)C4C5C6=C7C8C(C9=CC(C(O)=O)=C(C=C(C=C%10C(O)=O)C%11%12)C(C%11=C%13C%14C%15%16C%17(O%16)C%18C%19=C%20C%21=C%22C(C(O)=C%23)=C%24C%25C%21=C%26C%19=C%27C%17=C%28C%14(O)C%12=C%10C=C%28CC%27=CC%26=CC%25=C(C(O)=O)C=C%24)C9=C7C%13(O)C5=C%15C3=C%18C%29%30C%20(O%30)C%31C%22C%23=C%32)=CC(C(O)=O)=CC8=CC6=C(C(O)=O)C4=C2)=C%29C%33=C%31C%32=C(C(O)=O)C=C%331,,,1.1613680022349748,10.1002_app.45354_part_3.txt_¶Î1_Material1
[*]CC[*],[*]CC[*],[Cu],,,1.2224563366792467,10.32737_0005-2531-2023-2-53-60_OA_part_1.txt_¶Î1_Material1
OCC1OC(C(C(C1[*])O)O)OC2C(C(C(OC2CO)O[*])O)O,[*]C([H])([H])C(O)([H])[*],,,,1.2016701796465816,10.1007_s10570-018-2030-x_part_1.txt_¶Î1_Material1
[*]CC(COC1=CC=C(C=C1)C(C)(C)C2=CC=C(C=C2)O[*])O,OCC1OC(C(C(C1[*])O)O)OC2C(C(C(OC2CO)O[*])O)O,,,,1.6989700043360187,10.1007_s10570-015-0728-6_part_2.txt_¶Î1_Material1
[*]C(C)C[*],[*]OC1OC(CO)C(OC2C(O)C(O)C([*])C(CO)O2)C(O)C1O,[*]CC(COC1=CC=C(C=C1)C(C)(C)C2=CC=C(C=C2)O[*])O,,,1.625312450961674,10.1002_pc.25614_part_1.txt_¶Î1_Material1
OC1=C(C=CC=C1CC2=CC=CC([*])=C2O)CC3=CC=CC([*])=C3O,[H][O-],OS(=O)(OOS(O)(=O)=O)=O.N.N,,,0.9242792860618816,10.1002_pen.23772_part_1.txt_¶Î1_Material1
O=C(C1=CC=C(C=C1)C(OCC[*])=O)O[*],O=C(C1=CC=C(C([*])=O)C=C1)NC2=CCC(N[*])C=C2,[H][O-],,,2.143014800254095,10.1016_j.matdes.2014.10.067_part_2.txt_¶Î1_Material1
[*]CC[*],O=[Si]=O,OCCOC1C(OCCO)C(C(OCCO)COCCOC(CCCCCCCCCCCCCCCCC)=O)OC1,,,1.2619761913978127,10.3390_polym11071115_part_2.txt_¶Î1_Material1
O=C([*])C(C)O[*],O=C(O[*])CCCCCCCCCCN[*],,,,1.7283537820212285,10.3144_expresspolymlett.2015.67_part_2.txt_¶Î1_Material1
O=C([*])C(C)O[*],C[N+](CCO)(CCO)[3H],,,,1.356217134219735,10.1002_pen.24955_part_1.txt_¶Î1_Material1
[*]C1C(OC(C(C1O)O)OC2C(OC(C(C2O)O)O[*])CO)CO,[*]C([H])([H])C(O)([H])[*],O=[Si]=O,,,1.812913356642856,10.1016_j.carbpol.2010.11.042_part_1.txt_¶Î1_Material1
[*]C1C(OC(C(C1O)O)OC2C(OC(C(C2O)O)O[*])CO)CO,OCC(C(C(C1N)O)O[*])OC1OC2C(OC(C(C2O)N)[*])CO,OC[C@@H]([C@H]([C@@H]([C@@H](CO)O)O)O)O,[H]Cl,,1.0265332645232967,10.1088_1757-899x_180_1_012126_part_2.txt_¶Î1_Material1
O=C([*])C(C)O[*],[H][O-],CC(=O)O,,,1.4313637641589874,10.1177_0731684412441867_part_1.txt_¶Î1_Material1
[*]O[C@H](C)CC([*])=O,O=[Al]O[Al]=O.O=[Si]=O.O=[Si]=O.O=[Si]=O,,,,1.2957869402516091,10.1007_s10570-021-03735-8_part_3.txt_¶Î1_Material1
[*]C(C)C[*],O=C([*])OC1=CC=C(C=C1)C(C)(C)C2=CC=C(C=C2)O[*],CC(CC(C(C(O1)=O)CC1=O)[*])C[*],,,1.513217600067939,10.1051_matecconf_201710901005_part_1.txt_¶Î1_Material1
[*]CC(COC1=CC=C(C=C1)C(C)(C)C2=CC=C(C=C2)O[*])O,O=[Ti]=O,OCC1OC(C(C(C1O[*])O)O)[*],,,1.6720978579357175,10.1016_j.compscitech.2021.108884_part_1.txt_¶Î1_Material1
C=C(C)C(=O)OCC(O)COC1=CC=C(C(C2=CC=C(O)C=C2)(C)C)C=C1,O=C(C1=CC=C(C=C1)C(OCC[*])=O)O[*],[*]CC(COC1=CC=C(C=C1)C(C)(C)C2=CC=C(C=C2)O[*])O,O=[Ti]=O,,1.6020599913279625,10.1016_j.oceaneng.2021.109134_part_3.txt_¶Î1_Material2
[*]C(C)C[*],[*]C/C=C/CCC([*])C#N,[H][O-],,,1.0199466816788425,10.1177_0892705719832072_part_3.txt_¶Î1_Material1
[*]CC[*],O=[Al]O[Al]=O,,,,1,10.1016_j.matchemphys.2021.124251_part_1.txt_¶Î1_Material1
O=C([*])C(C)O[*],O=C([*])C(C)O[*],O=C([*])C(C)O[*],,,1.6364878963533651,10.1002_pc.25879_part_2.txt_¶Î1_Material2
[*]CC([*])Cl,[*]CCCC([*])OC(C)=O,O=C(C1=CC=C(C([*])=O)C=C1)NC2=CCC(N[*])C=C2,O=C(C1=CC=C(C([*])=O)C=C1)NC2=CCC(N[*])C=C2,,0.9030899869919436,10.1016_j.compositesa.2014.03.023_part_1.txt_¶Î1_Material1
[*]C(N(CN(C(OCOC(N(CN(C(OCCO[*])=O)[H])[H])=O)=O)[H])[H])=O,[H][O-],,,,1.6334684555795864,10.3144_expresspolymlett.2012.108_part_1.txt_¶Î1_Material1
[*]C(N(CN(C(OCOC(N(CN(C(OCCO[*])=O)[H])[H])=O)=O)[H])[H])=O,C[Si](C)(C[*])O[*],CC(C(=O)O)(CO)CO,,,1.4837298990000238,10.4028_www.scientific.net_amr.136.179_part_1.txt_¶Î1_Material1
[*]CCN[*],[*]OCC[*],,,,1,10.3390_molecules26082143_part_6.txt_¶Î1_Material1
[*]CC([*])Cl,COC(C(C[*])([*])C)=O,,,,1.714329759745233,10.1080_10739149.2016.1164713_part_2.txt_¶Î1_Material1
[*]CC[*],[*]CCCC([*])OC(C)=O,OC1=C2C(C3(O)C4C5C6=C7C8C(C9=CC(C(O)=O)=C(C=C(C=C%10C(O)=O)C%11%12)C(C%11=C%13C%14C%15%16C%17(O%16)C%18C%19=C%20C%21=C%22C(C(O)=C%23)=C%24C%25C%21=C%26C%19=C%27C%17=C%28C%14(O)C%12=C%10C=C%28CC%27=CC%26=CC%25=C(C(O)=O)C=C%24)C9=C7C%13(O)C5=C%15C3=C%18C%29%30C%20(O%30)C%31C%22C%23=C%32)=CC(C(O)=O)=CC8=CC6=C(C(O)=O)C4=C2)=C%29C%33=C%31C%32=C(C(O)=O)C=C%331,,,1,10.4028_www.scientific.net_amr.1133.211_part_1.txt_¶Î1_Material1
[*]CC(COC1=CC=C(C=C1)C(C)(C)C2=CC=C(C=C2)O[*])O,O=[Al]O[Al]=O,[O-][Si]([O-])([O-])O[Si]([O-])([O-])[O-].[Ca+2],,,1.7007037171450194,10.1002_pc.25050_part_1.txt_¶Î1_Material1
O=C([*])C(C)O[*],[Mg],O=[Si]=O,,,1.9211660506377388,10.1016_j.compositesa.2018.11.020_part_2.txt_¶Î1_Material1
O=C(C1=CC=C(C=C1)C(OCC[*])=O)O[*],[H][O-],[H][Si]([H])([H])[H],,,1.836450713720155,10.1002_pc.21028_part_1.txt_¶Î1_Material1
O=C(C(C[*])[*])N,[*]NC(C(N1CCCC1C(NCC(N2CC(CC2C(NC(C(NCC([*])=O)=O)CO)=O)O)=O)=O)=O)CCCCN,[Ag+],,,-0.602059991,10.1016_j.ijbiomac.2021.06.193_part_1.txt_¶Î1_Material1
O=C([*])C1=CC=C(C=C1)OC2=CC=C(C=C2)OC3=CC=C(C=C3)[*],,,,,2.1225435240687545,10.1177_0954008316661616_part_2.txt_¶Î1_Material1
[*]C([H])([H])C(O)([H])[*],[*]C1C(OC(C(C1O)O)OC2C(OC(C(C2O)O)O[*])CO)CO,CC1=CC(O)=C(C=C1CCCC(C2=C(C=C(C(C(C)(C)C)=C2)O)C)C3=CC(C(C)(C)C)=C(C=C3C)O)C(C)(C)C,OC(C(CC(O)=O)(CC(O)=O)O)=O,,1.3996737214810382,10.1007_s10924-020-01678-y_part_4.txt_¶Î1_Material1
[*]C1C(OC(C(C1O)O)OC2C(OC(C(C2O)O)O[*])CO)CO,[*]OCCCCOC(CCC([*])=O)=O,,,,1.4771212547196624,10.1007_s10924-019-01601-0_part_1.txt_¶Î1_Material1
[*]C(C)C[*],[*]C(C)C[*],O=[Ti]=O,,,1.4313637641589874,10.1515_secm-2020-0012_part_1.txt_¶Î1_Material1
[*]CC(C1=CC=CC=C1)[*],[*]C(CCCCC(OCCCCO[*])=O)=O,O=C(O)C([*])C[*],,,1.1335389083702174,10.1080_03602559.2012.720333_part_1.txt_¶Î1_Material1
C(C)(C1=CC=C(OCC2CO2)C=C1)(C)C1=CC=C(OCC2CO2)C=C1,[*]OCCOC(CC(C([*])=O)C(C1CCCCC1)CC(CC(O)=O)C(OCCO)=O)=O,,,,1.1760912590556811,10.1002_polb.24004_part_1.txt_¶Î1_Material3
[*]C(CCCCCO[*])=O,C[Si](C)(C[*])O[*],CC1(CC(CC(C)(C1)C)N=C=O)CN=C=O,CC1=CC=C(C=C1N=C=O)N=C=O,,1.3096301674258988,10.1021_acsomega.8b00734_part_2.txt_¶Î1_Material1
[*]CCCC(C1C([*])C2CC1C/C2=C/C)C,[*]C(C)C[*],,,,0.9030899869919436,10.1002_pen.25772_part_2.txt_¶Î1_Material1
[*]NC(C(N1CCCC1C(NCC(N2CC(CC2C(NC(C(NCC([*])=O)=O)CO)=O)O)=O)=O)=O)CCCCN,[*]C1C(OC(C(C1O)O)OC2C(OC(C(C2O)O)O[*])CO)CO,O=[Al]O[Al]=O.O=[Si]=O.O=[Si]=O.O=[Si]=O,,,0.9030899869919436,10.1016_j.jfoodeng.2010.02.023_part_1.txt_¶Î1_Material1
O=C([*])CCCCCCCCCCC(NCCCCCCCCCCN[*])=O,O=[Si]=O,[*]CCCC([*])OC(C)=O,,,1.212187604403958,10.1002_pen.23920_part_1.txt_¶Î1_Material1
[*]C1C(O)C(O)C(OC2C(O)C(O)C(O[*])OC2COCCO)OC1COCCO,C12=CC3=CC4=CC=CN=C4N=C3N=C1N=C5N=C6N=CC=CC6=CC5=C2,,,,1.255272505103306,10.1016_j.indcrop.2018.06.039_part_1.txt_¶Î1_Material1
[*]NC(C(N1CCCC1C(NCC(N2CC(CC2C(NC(C(NCC([*])=O)=O)CO)=O)O)=O)=O)=O)CCCCN,OCC(O)CO,OCC(C(C(C1N)O)O[*])OC1OC2C(OC(C(C2O)N)[*])CO,OCC(C(C(C1N)O)O[*])OC1OC2C(OC(C(C2O)N)[*])CO,,1.7596678446896306,10.1002_app.49282_part_2.txt_¶Î1_Material1
[*]C1C(C(C(OC1C(O[Na])=O)OC2C(C(O[Na])=O)OC(O[*])C(O)C2O)O)O,[*]C1C(O)C(O)C(OC2C(O)C(O)C(O[*])OC2COCCO)OC1COCCO,,,,1.3010299956639813,10.1016_j.carbpol.2010.06.037_part_1.txt_¶Î1_Material3
OCC1OC(C(C(C1[*])O)O)OC2C(C(C(OC2CO)O[*])O)O,OC[C@@H]([C@H]([C@@H]([C@@H](CO)O)O)O)O,OCC(O)CO,O=C(O[Na])COCC(OC(C(C1O)O)[*])C1OC(C(C(C2O[*])O)O)OC2COCC(O[Na])=O,,1.7781512503836436,10.3390_ma6041270_part_1.txt_¶Î1_Material1
O=C([*])C(C)O[*],[*]C1C(OC(C(C1O)O)OC2C(OC(C(C2O)O)O[*])CO)CO,OCC1OC(C(C(C1[*])O)O)OC2C(C(C(OC2CO)O[*])O)O,,,1.954242509439325,10.4028_www.scientific.net_kem.462-463.576_part_1.txt_¶Î1_Material1
[*]CC[*],[H][O-],[H][Si]([H])([H])[H],,,1.4471580313422192,10.1016_j.matdes.2012.01.020_part_1.txt_¶Î1_Material1
O=C([*])CCCCCN[*],C12=CC3=CC4=CC=CN=C4N=C3N=C1N=C5N=C6N=CC=CC6=CC5=C2,,,,2.1687920203141817,10.1002_pc.23907_part_1.txt_¶Î1_Material1
O=C([*])C(C)O[*],[*]CC(CC=CCC([*])C1=CC=CC=C1)C#N,,,,1.3521825181113625,10.1088_1757-899x_701_1_012055_part_1.txt_¶Î1_Material1
[*]O[C@H](C)CC([*])=O,O=[Si]=O,[*]CC(CCCC(CC)CC([*])C1=CC=CC=C1)C2=CC=CC=C2,[*]CC(CCCC(CC)CC([*])C1=CC=CC=C1)C2=CC=CC=C2,,1.3077099234048066,10.1002_pc.24188_part_3.txt_¶Î1_Material1
[*]CC(COC1=CC=C(C=C1)C(C)(C)C2=CC=C(C=C2)O[*])O,[*]CC(CCOCC[*])C,,,,1.6693168805661125,10.1002_pen.25620_part_2.txt_¶Î1_Material2
[*]CC([*])Cl,O=[Al]O[Al]=O,,,,1.1072099696478683,10.1007_s13726-013-0154-2_part_1.txt_¶Î1_Material1
O=C(C1=CC=C(C=C1)C(OCC[*])=O)O[*],FC(F)([*])C([H])([*])[H],O=[Ti]=O,[Zn]=O,O=[Si]=O,1.0081741840064264,10.1016_j.colsurfa.2019.05.090_part_2.txt_¶Î1_Material1
[*]C(C)C[*],[*]C1C(O)C(O)C(OC2C(O)C(O)C(O[*])OC2COCCO)OC1COCCO,O=C(N)N,,,1.6819644589946832,10.1007_s12221-010-0455-4_part_2.txt_¶Î1_Material1
[*]NC(C(N1CCCC1C(NCC(N2CC(CC2C(NC(C(NCC([*])=O)=O)CO)=O)O)=O)=O)=O)CCCCN,OCC1OC(C(C(C1[*])O)O)OC2C(C(C(OC2CO)O[*])O)O,O=[Al]O[Al]=O.O=[Si]=O.O=[Si]=O.O=[Si]=O,,,0.7160033436347992,10.7569_jrm.2016.634106_part_1.txt_¶Î1_Material1
[*]C(NC1=C(C)C(NC(OCCO[*])=O)=CC=C1)=O,O=[Si]=O,O=[Si]=O,O=[Si]=O,,1.568201724066995,10.1016_j.colsurfa.2013.12.019_part_2.txt_¶Î1_Material1
[*]CC[*],[*]CC[*],O=C(C1=CC=C(C=C1)C(OCC[*])=O)O[*],C=C(C(OCC1CO1)=O)C,OCC1OC(C(C(C1[*])O)O)OC2C(C(C(OC2CO)O[*])O)O,1.320146286111054,10.1007_s12221-019-1089-9_part_2.txt_¶Î1_Material1
[*]CC[*],[*]C(C1=CC=C(C(OCCCCO[*])=O)C=C1)=O,,,,1.829946695941636,10.1016_j.polymer.2018.09.012_part_5.txt_¶Î1_Material1
O=C([*])C(C)O[*],O=C(C1=CC=C(C=C1)C(OCC[*])=O)O[*],O=[Al]O[Al]=O,,,1.8048206787211625,10.1007_s11665-021-05711-6_part_1.txt_¶Î1_Material1
OP(O)(O)=O,[*]C/C=C/CCC([*])C#N,,,,1.2966651902615312,10.1002_masy.201400129_part_1.txt_¶Î1_Material1
O=C(CCCCC(N(CCCCCCN([*])[H])[H])=O)[*],C12=CC3=CC4=CC=CN=C4N=C3N=C1N=C5N=C6N=CC=CC6=CC5=C2,,,,1.7994094796151268,10.1115_1.4035942_part_6.txt_¶Î1_Material1
[*]C(C)C[*],[Mg+2].[OH-].[OH-],,,,1.3010299956639813,10.1002_adv.21504_part_1.txt_¶Î1_Material1
[*]C1C(OC(C(C1O)O)OC2C(OC(C(C2O)O)O[*])CO)CO,[*]C(C)C[*],,,,1.1970047280230458,10.1088_1757-899x_368_1_012017_part_1.txt_¶Î1_Material1
[*]C(N(CN(C(OCOC(N(CN(C(OCCO[*])=O)[H])[H])=O)=O)[H])[H])=O,[Zn]=O,O=[Fe]O[Fe]=O,,,1.591064607026499,10.1016_j.compositesb.2021.109206_part_2.txt_¶Î1_Material1
[*]OC1C(C(OC(C1O)OC2C3C(C(OC2CO3)[*])O)CO)O,OCC1OC(C(C(C1[*])O)O)OC2C(C(C(OC2CO)O[*])O)O,,,,1.4942937686653328,10.1016_j.foodhyd.2014.09.037_part_8.txt_¶Î1_Material1
[*]C(C1=CC=C(C(OCCCCO[*])=O)C=C1)=O,O=C([*])OC1=CC=C(C=C1)C(C)(C)C2=CC=C(C=C2)O[*],[*]C(C)C[*],,,1.6989700043360187,10.1007_s10965-015-0869-1_part_2.txt_¶Î1_Material1
[*]CC(COC1=CC=C(C=C1)C(C)(C)C2=CC=C(C=C2)O[*])O,NCCC[Si](OCC)(OCC)OCC,,,,1.7339992865383869,10.1007_s00289-020-03375-1_part_2.txt_¶Î1_Material1
O=C(C1=CC=C(C=C1)C(OCC[*])=O)O[*],[H][O-],OC1=C2C(C3(O)C4C5C6=C7C8C(C9=CC(C(O)=O)=C(C=C(C=C%10C(O)=O)C%11%12)C(C%11=C%13C%14C%15%16C%17(O%16)C%18C%19=C%20C%21=C%22C(C(O)=C%23)=C%24C%25C%21=C%26C%19=C%27C%17=C%28C%14(O)C%12=C%10C=C%28CC%27=CC%26=CC%25=C(C(O)=O)C=C%24)C9=C7C%13(O)C5=C%15C3=C%18C%29%30C%20(O%30)C%31C%22C%23=C%32)=CC(C(O)=O)=CC8=CC6=C(C(O)=O)C4=C2)=C%29C%33=C%31C%32=C(C(O)=O)C=C%331,,,1.2564772062416767,10.1007_s00289-020-03374-2_part_1.txt_¶Î1_Material1
O=C(C1=CC=C(C=C1)C(OCC[*])=O)O[*],[*]C(C1=CC=C(C(OCCCCO[*])=O)C=C1)=O,[Mg+2].[OH-].[OH-],,,1.8573324964312683,10.1002_adv.21918_part_1.txt_¶Î1_Material1
[*]C(C)C[*],O=C([*])CCCCCN[*],[*]C(C)C[*],,,1.3424226808222062,10.1002_pen.24075_part_1.txt_¶Î1_Material1
[*]NC(C(N1CCCC1C(NCC(N2CC(CC2C(NC(C(NCC([*])=O)=O)CO)=O)O)=O)=O)=O)CCCCN,[*]C1C(OC(C(C1O)O)OC2C(OC(C(C2O)O)O[*])CO)CO,C(CC=O)CC=O,[*]OCC[*],,0.8976270912904415,10.1016_j.compositesa.2011.08.024_part_1.txt_¶Î1_Material1
[*]C(NC1=C(C)C(NC(OCCO[*])=O)=CC=C1)=O,OCC1OC(OC2C(O)C(O)C(O[*])OC2CO)C(O)C(O)C1[*],,,,0.8260748027008264,10.1007_s10570-015-0685-0_part_2.txt_¶Î1_Material1
[*]C1C(O)C(O)C(OC2C(O)C(O)C(O[*])OC2COC(C)=O)OC1COC(C)=O,[*]OCC[*],[Na+].[Cl-],,,1.0413926851582251,10.1007_s10570-014-0466-1_part_1.txt_¶Î1_Material1
OC1C(O)C([*])OC(COC2C(O)C(O)C(O)C(CO)O2)C1OC3C(O)C(O)C(CO[*])C(CO)O3,OC1C(O)C([*])OC(COC2C(O)C(O)C(O)C(CO)O2)C1OC3C(O)C(O)C(CO[*])C(CO)O3,[Ag],,,1.0791812460476249,10.1155_2013_912458_part_1.txt_¶Î1_Material1
C/C(C[*])=C/C[*],OC1=C2C(C3(O)C4C5C6=C7C8C(C9=CC(C(O)=O)=C(C=C(C=C%10C(O)=O)C%11%12)C(C%11=C%13C%14C%15%16C%17(O%16)C%18C%19=C%20C%21=C%22C(C(O)=C%23)=C%24C%25C%21=C%26C%19=C%27C%17=C%28C%14(O)C%12=C%10C=C%28CC%27=CC%26=CC%25=C(C(O)=O)C=C%24)C9=C7C%13(O)C5=C%15C3=C%18C%29%30C%20(O%30)C%31C%22C%23=C%32)=CC(C(O)=O)=CC8=CC6=C(C(O)=O)C4=C2)=C%29C%33=C%31C%32=C(C(O)=O)C=C%331,,,,1.1760912590556811,10.1016_j.polymertesting.2017.09.024_part_1.txt_¶Î1_Material1
[*]CC[*],OCC1OC(C(C(C1[*])O)O)OC2C(C(C(OC2CO)O[*])O)O,[*]C1C(OC(C(C1O)O)OC2C(OC(C(C2O)O)O[*])CO)CO,,,1.255272505103306,10.1002_app.48744_part_1.txt_¶Î1_Material2
[*]C(CCCCCO[*])=O,CC1=CC(O)=C(C=C1CCCC(C2=C(C=C(C(C(C)(C)C)=C2)O)C)C3=CC(C(C)(C)C)=C(C=C3C)O)C(C)(C)C,,,,0.9344984512435676,10.1088_1755-1315_233_2_022004_part_1.txt_¶Î1_Material1
[*]C1C(OC(C(C1O)O)OC2C(OC(C(C2O)O)O[*])CO)CO,[*]C(CCCCCO[*])=O,,,,0.7323937598229685,10.1016_j.carbpol.2015.03.080_part_2.txt_¶Î1_Material1
[*]C1C(OC(C(C1O)O)OC2C(OC(C(C2O)O)O[*])CO)CO,OCC1OC(OC2C(O)C(O)C(O[*])OC2CO)C(O)C(O)C1[*],OCC(O)CO,[H]O[H],,1.0982975364946976,10.1007_s10570-017-1423-6_part_2.txt_¶Î1_Material1
[*]CCCC(C1C([*])C2CC1C/C2=C/C)C,[*]C/C=C/CCC([*])C#N,,,,0.8709888137605752,10.1002_app.33476_part_2.txt_¶Î1_Material1
O=C([*])C(C)O[*],O=[Mg].O=[Si]=O.O=[Si]=O.O=[Si]=O.O=[Si]=O.O=[Mg].O=[Mg].O,[*]OCC[*],CC(CO[*])[*],,1.7781512503836436,10.1002_adma.201305413_part_1.txt_¶Î1_Material1
[*]C(CCCCCO[*])=O,[*]OC1C(C(O)=O)OC(OC2C(NC(C)=O)C([*])OC(CO)C2O)C(O)C1O,CCCCCCCCCCCCCCCCCCOC(CCC1=CC(C(C)(C)C)=C(C(C(C)(C)C)=C1)O)=O,CCCCCCCCCCCCCCCCCCOC(CCC1=CC(C(C)(C)C)=C(C(C(C)(C)C)=C1)O)=O,,1.3117538610557542,10.3390_polym12112587_part_1.txt_¶Î1_Material2
[*]C(C)C[*],C=C,[*]CC([*])CC,,,1.740362689494244,10.1007_s00289-010-0274-1_part_2.txt_¶Î1_Material1
O=C([*])CCCCCN[*],OS(=O)(OOS(O)(=O)=O)=O.N.N,,,,2.0989896394011773,10.1002_pc.24808_part_3.txt_¶Î1_Material1
FC(F)([*])C([H])([*])[H],[*]CC[*],C=C(C(OCC1CO1)=O)C,,,1.4082399653118496,10.1016_j.polymer.2018.11.042_part_2.txt_¶Î1_Material1
O=C([*])CCCCCN[*],[H][Si]([H])([H])[H],O[Si](O)(O[Si](O)(O)O)O.[Al].[Al].O,,,1.8750612633917,10.1002_pc.22787_part_2.txt_¶Î1_Material1
O=C([*])CCCCCN[*],O=[Si]=O.O=[Al]O[Al]=O.O=[Si]=O.O=[Si]=O.O=[Si]=O.O,O=[Mg].O=[Si]=O.O=[Si]=O.O=[Si]=O.O=[Si]=O.O=[Mg].O=[Mg].O,CCCCCCCCCCCCCCCCCCOC(CCC1=CC(C(C)(C)C)=C(C(C(C)(C)C)=C1)O)=O,,2.03342375548695,10.1177_0307174x1003700712_part_1.txt_¶Î1_Material1
O=C([*])C(C)O[*],O=C([*])OC1=CC=C(C=C1)C(C)(C)C2=CC=C(C=C2)O[*],C=C(C(OCC1CO1)=O)C,,,1.8041394323353503,10.1039_c6ra21208e_part_2.txt_¶Î1_Material1
O=C(CCCCC(N(CCCCCCN([*])[H])[H])=O)[*],O=[Si]=O,,,,1.93976877545335,10.17515_resm2021.334me0822_OA_part_2.txt_¶Î1_Material3
O=C([*])C(C)O[*],O=[Al]O[Al]=O.O=[Si]=O.O=[Si]=O.O=[Si]=O,OC(C(CC(O)=O)(CC(O)=O)O)=O,,,1.669037800885156,10.1016_j.compositesb.2015.02.034_part_1.txt_¶Î1_Material1
[*]CC(COC1=CC=C(C=C1)C(C)(C)C2=CC=C(C=C2)O[*])O,[*]CC(COC1=CC=C(C=C1)C(C)(C)C2=CC=C(C=C2)O[*])O,[*]CC(COC1=CC=C(C=C1)C(C)(C)C2=CC=C(C=C2)O[*])O,,,1.3710678622717365,10.1134_s1995421215020173_part_1.txt_¶Î1_Material1
[*]CC[*],C12=CC3=CC4=CC=CN=C4N=C3N=C1N=C5N=C6N=CC=CC6=CC5=C2,,,,1.391640703492388,10.1002_app.42237_part_2.txt_¶Î1_Material1
O=C([*])C(C)O[*],OP(O)(O)=O,O=[Mg].O=[Si]=O.O=[Si]=O.O=[Si]=O.O=[Si]=O.O=[Mg].O=[Mg].O,,,1.1082266563749286,10.1002_app.51557_part_2.txt_¶Î1_Material1
[*]CC[*],[*]CCCC([*])OC(C)=O,,,,0.9590413923210936,10.13031_aea.12434_part_1.txt_¶Î1_Material2
[*]C(C)C[*],[*]C(N(CN(C(OCOC(N(CN(C(OCCO[*])=O)[H])[H])=O)=O)[H])[H])=O,C=C([CH3])C(=O)OC([CH3])[CH3],,,1.4073909044707316,10.1007_s10965-019-1974-3_part_2.txt_¶Î1_Material1
[*]C(CCCCCO[*])=O,O=C=NCCCCCCN=C=O,OCCCCO,,,1.1398790864012365,10.3390_polym13091527_part_1.txt_¶Î1_Material2
O=C([*])C(C)O[*],[*]C(CCCCCO[*])=O,O=[Ti]=O,,,1.3979400086720375,10.1016_j.compositesa.2015.12.005_part_3.txt_¶Î1_Material1
C[Si](C)(C[*])O[*],[*]C1C(O)C(O)C(OC2C(O)C(O)C(O[*])OC2COC(C)=O)OC1COC(C)=O,O=S(C(C=C1)=CC=C1OC(C=C2)=CC=C2C(C)(C)C(C=C3)=CC=C3O[*])(C4=CC=C([*])C=C4)=O,[*]CCN[*],,1.6020599913279625,10.1016_j.cjche.2018.12.005_part_2.txt_¶Î1_Material1
[*]C1C(OC(C(C1O)O)OC2C(OC(C(C2O)O)O[*])CO)CO,[*]C(CCCCC(OCCCCO[*])=O)=O,OC(C(CC(O)=O)(CC(O)=O)O)=O,OCC(O)CO,,0.8175653695597808,10.4322_polimeros.2013.014_part_1.txt_¶Î1_Material1
[*]CC(C#N)[*],OC1=C2C(C3(O)C4C5C6=C7C8C(C9=CC(C(O)=O)=C(C=C(C=C%10C(O)=O)C%11%12)C(C%11=C%13C%14C%15%16C%17(O%16)C%18C%19=C%20C%21=C%22C(C(O)=C%23)=C%24C%25C%21=C%26C%19=C%27C%17=C%28C%14(O)C%12=C%10C=C%28CC%27=CC%26=CC%25=C(C(O)=O)C=C%24)C9=C7C%13(O)C5=C%15C3=C%18C%29%30C%20(O%30)C%31C%22C%23=C%32)=CC(C(O)=O)=CC8=CC6=C(C(O)=O)C4=C2)=C%29C%33=C%31C%32=C(C(O)=O)C=C%331,[*]C([H])([H])C(O)([H])[*],,,1.441066406639263,10.1021_acsami.0c21075_part_1.txt_¶Î1_Material1
[*]C(C)C[*],CC1=CC(O)=C(C=C1CCCC(C2=C(C=C(C(C(C)(C)C)=C2)O)C)C3=CC(C(C)(C)C)=C(C=C3C)O)C(C)(C)C,,,,1.812913356642856,10.1016_j.compscitech.2014.03.010_part_1.txt_¶Î1_Material1
[*]C(C)C[*],COC1=CC(/C=C/C=O)=CC(OC2=CC(C(C(OC3=CC=C(C=C3OC)C(C(CO)=O)O)CO)O)=CC=C2OC4=CC(C(C(COC5=CC=C(C=C5)C(C(CO)=O)O)=O)O)=CC=C4O)=C1,[*]C(C)C[*],CCCCCCCCCCCCCCCCCCOC(CCC1=CC(C(C)(C)C)=C(C(C(C)(C)C)=C1)O)=O,O=C(CCCCCCCCCCCCCCCCC)O[Ca]OC(CCCCCCCCCCCCCCCCC)=O,1.271841606536499,10.1016_j.carbpol.2011.11.041_part_1.txt_¶Î1_Material1
C/C(C[*])=C/C[*],[*]C/C=C/CCC(C=C)CC([*])C1=CC=CC=C1,[S],[Zn]=O,C[N+](CCO)(CCO)[3H],1.1986570869544226,10.1007_s10965-010-9441-1_part_1.txt_¶Î1_Material1
[*]C([H])([H])C(O)([H])[*],C(CC=O)CC=O,,,,1.292256071356476,10.1016_j.gee.2020.06.015_part_4.txt_¶Î1_Material1
[*]CC(C1=CC=C(C=C1)S(O)(=O)=O)[*],[*]C([H])([H])C(O)([H])[*],,,,1.3424226808222062,10.1002_admt.201600056_part_2.txt_¶Î1_Material1
O=C(C1=CC=C(C=C1)C(OCC[*])=O)O[*],O=C(C1=CC=C(C=C1)C(OCC[*])=O)O[*],O=C(C1=CC=C(C=C1)C(OCC[*])=O)O[*],,,2,10.3144_expresspolymlett.2011.22_part_1.txt_¶Î1_Material1
[*]CC(C(OC)=O)(CC(C/C=C/CCC(C1=CC=CC=C1)[*])C#N)C,[*]C/C=C/CCC([*])C#N,[*]C/C=C/CCC([*])C#N,,,1.4265112613645752,10.1002_vnl.21448_part_2.txt_¶Î1_Material1
[*]CC(OC(O[*])=O)C,CC1(CC(CC(C)(C1)C)N=C=O)CN=C=O,CC(C(=O)O)(CO)CO,,,1.255754786643044,10.1007_s10965-021-02616-9_part_1.txt_¶Î1_Material1
[*]NC(C(N1CCCC1C(NCC(N2CC(CC2C(NC(C(NCC([*])=O)=O)CO)=O)O)=O)=O)=O)CCCCN,OCC(O)CO,OCC1OC(C(C(C1[*])O)O)OC2C(C(C(OC2CO)O[*])O)O,,,1.3710678622717365,10.15446_dyna.v82n191.45296_part_1.txt_¶Î1_Material1
OCC(C(C(C1N)O)O[*])OC1OC2C(OC(C(C2O)N)[*])CO,[*]OCC[*],O=[Si]=O,,,1.290034611362518,10.1088_1757-899x_349_1_012022_part_1.txt_¶Î1_Material1
[*]NCC(NC(C(ONCC(NC(C(NCC(NC(C([*])=O)C)=O)=O)C)=O)=O)CO)=O,OCC1OC(C(C(C1[*])O)O)OC2C(C(C(OC2CO)O[*])O)O,,,,1.0969100130080565,10.1007_s12221-011-1002-7_part_1.txt_¶Î1_Material1
[*]C([C@H](C)OC([C@H](C)O[*])=O)=O,[*]OCC[*],,,,1.599883072073688,10.1002_app.33174_part_1.txt_¶Î1_Material1
[*]C1C(OC(C(C1O)O)OC2C(OC(C(C2O)O)O[*])CO)CO,[*]C1C(O)C(O)C(OC2C(O)C(O)C(O[*])OC2COC(C)=O)OC1COC(C)=O,[Ag],,,1.5909532351879858,10.1016_j.polymertesting.2013.06.012_part_1.txt_¶Î1_Material1
O=C([*])OC1=CC=C(C=C1)C(C)(C)C2=CC=C(C=C2)O[*],O=[Ti]=O,,,,1.6092741724045876,10.1007_s13233-011-0608-3_part_1.txt_¶Î1_Material3
[*]CC(COC1=CC=C(C=C1)C(C)(C)C2=CC=C(C=C2)O[*])O,[*]CC(C1=CC=CC=C1)[*],C[N+](CCO)(CCO)[3H],,,1.7723217067229198,10.1007_s10965-013-0135-3_part_1.txt_¶Î1_Material1
O=C([*])C(C)O[*],[*]OCC[*],[*]OCC[*],,,1.5520595341878844,10.4028_www.scientific.net_amr.335-336.165_part_1.txt_¶Î1_Material1
O=C([*])C(C)O[*],O=[Ti]=O,,,,1.760422483423212,10.3390_molecules26071967_part_2.txt_¶Î1_Material1
[*]C(C)C[*],O=C(CCCCC(N(CCCCCCN([*])[H])[H])=O)[*],,,,1.6989700043360187,10.1016_j.compositesb.2015.05.046_part_4.txt_¶Î1_Material1
O=C(C1=CC=C(C=C1)C(OCC[*])=O)O[*],[*]CC(C1=CC=CC=C1)[*],,,,1.639486489268586,10.1007_s13233-018-6039-7_part_1.txt_¶Î1_Material1
[*]NC(C(N1CCCC1C(NCC(N2CC(CC2C(NC(C(NCC([*])=O)=O)CO)=O)O)=O)=O)=O)CCCCN,OCC1OC(C(C(C1[*])O)O)OC2C(C(C(OC2CO)O[*])O)O,OC1=C2C(C3(O)C4C5C6=C7C8C(C9=CC(C(O)=O)=C(C=C(C=C%10C(O)=O)C%11%12)C(C%11=C%13C%14C%15%16C%17(O%16)C%18C%19=C%20C%21=C%22C(C(O)=C%23)=C%24C%25C%21=C%26C%19=C%27C%17=C%28C%14(O)C%12=C%10C=C%28CC%27=CC%26=CC%25=C(C(O)=O)C=C%24)C9=C7C%13(O)C5=C%15C3=C%18C%29%30C%20(O%30)C%31C%22C%23=C%32)=CC(C(O)=O)=CC8=CC6=C(C(O)=O)C4=C2)=C%29C%33=C%31C%32=C(C(O)=O)C=C%331,[Ag+],,1.5561818466529111,10.1016_j.indcrop.2019.02.011_part_1.txt_¶Î1_Material1
OCC1OC(C(C(C1[*])O)O)OC2C(C(C(OC2CO)O[*])O)O,[Cu],,,,1.4771212547196624,10.1080_1023666x.2018.1485201_part_1.txt_¶Î1_Material1
[*]C(C)C[*],O=C(O)C([*])C[*],,,,1.3117538610557542,10.1002_app.46597_part_1.txt_¶Î1_Material1
O=C(C1=CC=C(C=C1)C(OCC[*])=O)O[*],OCC1OC(C(C(C1[*])O)O)OC2C(C(C(OC2CO)O[*])O)O,,,,2.133538908370217,10.1088_1757-899x_334_1_012081_part_2.txt_¶Î1_Material1
O=C([*])C(C)O[*],[*]C1C(OC(C(C1O)O)OC2C(OC(C(C2O)O)O[*])CO)CO,O=C=NCCCCCCN=C=O,,,1.3710678622717365,10.1016_j.carbpol.2013.01.038_part_1.txt_¶Î1_Material1
O=C(CCCCC(N(CCCCCCN([*])[H])[H])=O)[*],[*]C(F)(C(F)([*])F)F,O=[Si]=O,,,1.9877556167385235,10.1007_s12666-017-1095-9_part_1.txt_¶Î1_Material2
O=C(CCCCC(N(CCCCCCN([*])[H])[H])=O)[*],[*]C(F)(C(F)([*])F)F,O=[Si]=O,C12=CC3=CC4=CC=CN=C4N=C3N=C1N=C5N=C6N=CC=CC6=CC5=C2,,1.9877556167385235,10.1007_s12666-017-1095-9_part_1.txt_¶Î1_Material1
[*]C(CCCCCO[*])=O,[*]NC(C)C(N1CCCC1C([*])=O)=O,,,,0.6242820958356683,10.1021_acsabm.0c01084_part_1.txt_¶Î1_Material1
[*]C([H])([H])C(O)([H])[*],O=[Ti]=O,OC(C(C)(CC(C1=CC=CC=C1)[*])CC(C[*])(C(OCC2CO2)=O)C)=O,,,2,10.3389_fmats.2023.1276785_OA_part_3.txt_¶Î1_Material1
O=C(CCCCC(N(CCCCCCN([*])[H])[H])=O)[*],NC1=NC(N)=NC(N)=N1,,,,1.8864907251724816,10.1016_j.clay.2016.02.027_part_1.txt_¶Î1_Material1
[*]C(CCCCCO[*])=O,O=C([*])C(C)O[*],OC1=C2C(C3(O)C4C5C6=C7C8C(C9=CC(C(O)=O)=C(C=C(C=C%10C(O)=O)C%11%12)C(C%11=C%13C%14C%15%16C%17(O%16)C%18C%19=C%20C%21=C%22C(C(O)=C%23)=C%24C%25C%21=C%26C%19=C%27C%17=C%28C%14(O)C%12=C%10C=C%28CC%27=CC%26=CC%25=C(C(O)=O)C=C%24)C9=C7C%13(O)C5=C%15C3=C%18C%29%30C%20(O%30)C%31C%22C%23=C%32)=CC(C(O)=O)=CC8=CC6=C(C(O)=O)C4=C2)=C%29C%33=C%31C%32=C(C(O)=O)C=C%331,,,1.187520720836463,10.3390_polym12010228_part_2.txt_¶Î1_Material1
O=C(C1=CC=C(C=C1)C(OCC[*])=O)O[*],[*]C(F)(C(F)([*])F)F,,,,1.845098040014257,10.1080_03602559.2016.1247281_part_6.txt_¶Î1_Material2
[*]C([H])([H])C(O)([H])[*],[*]C1C(OC(C(C1O)O)OC2C(OC(C(C2O)O)O[*])CO)CO,O=C(O[Na])COCC(OC(C(C1O)O)[*])C1OC(C(C(C2O[*])O)O)OC2COCC(O[Na])=O,O=[Al]O[Al]=O.O=[Si]=O.O=[Si]=O.O=[Si]=O,,1.2619761913978127,10.1186_2193-1801-2-376_part_1.txt_¶Î1_Material1
[*]C([H])([H])C(O)([H])[*],O=C([*])C(C)O[*],,,,1.549003262025788,10.1021_ie502531w_part_1.txt_¶Î1_Material1
[*]OCCOC(CC(C([*])=O)C(C1CCCCC1)CC(CC(O)=O)C(OCCO)=O)=O,O=[Zr]=O,O=[Al]O[Al]=O,,,1.5740312677277188,10.1002_pc.24410_part_3.txt_¶Î1_Material1
O=C([*])C(C)O[*],[*]C(CCCCCO[*])=O,OCC1OC(C(C(C1[*])O)O)OC2C(C(C(OC2CO)O[*])O)O,,,1.6532125137753435,10.1016_j.polymdegradstab.2018.04.012_part_2.txt_¶Î1_Material1
[*]C(C)C[*],NC1=CC=C(C=C1)/C2=C3C=C/C(N\3)=C(C4=N/C(C=C4)=C(C5=CC=C(N5)/C(C6=CC=CC=C6)=C7N=C2C=C\7)/C8=CC=CC=C8)\C9=CC=CC=C9,[H][Si]([H])([H])[H],,,1.5811528919662887,10.1080_15440478.2020.1787923_part_1.txt_¶Î1_Material1
[*]NCC(NC(C(ONCC(NC(C(NCC(NC(C([*])=O)C)=O)=O)C)=O)=O)CO)=O,O=[Ti]=O,OCC(C(C(C1N)O)O[*])OC1OC2C(OC(C(C2O)N)[*])CO,,,1.6989700043360187,10.2147_ijn.s172881_part_3.txt_¶Î1_Material1
[*]CC(COC1=CC=C(C=C1)C(C)(C)C2=CC=C(C=C2)O[*])O,C[Si](C)(C[*])O[*],,,,1.498861688992884,10.1039_c9sm01952a_part_1.txt_¶Î1_Material1
[*]CC([*])Cl,[*]CC([*])Cl,CC1=CC=C(C=C1N=C=O)N=C=O,,,1.0433622780211296,10.1177_0892705719886011_part_4.txt_¶Î1_Material1
[*]CC(OC(O[*])=O)C,[*]CC(OC(O[*])=O)C,OC1=C2C(C3(O)C4C5C6=C7C8C(C9=CC(C(O)=O)=C(C=C(C=C%10C(O)=O)C%11%12)C(C%11=C%13C%14C%15%16C%17(O%16)C%18C%19=C%20C%21=C%22C(C(O)=C%23)=C%24C%25C%21=C%26C%19=C%27C%17=C%28C%14(O)C%12=C%10C=C%28CC%27=CC%26=CC%25=C(C(O)=O)C=C%24)C9=C7C%13(O)C5=C%15C3=C%18C%29%30C%20(O%30)C%31C%22C%23=C%32)=CC(C(O)=O)=CC8=CC6=C(C(O)=O)C4=C2)=C%29C%33=C%31C%32=C(C(O)=O)C=C%331,,,1.8864907251724816,10.1016_j.eurpolymj.2013.11.008_part_2.txt_¶Î1_Material1
[*]OCCCOC(C1=CC=C(C([*])=O)C=C1)=O,[*]C(C)C[*],NC1=CC=C(C=C1)/C2=C3C=C/C(N\3)=C(C4=N/C(C=C4)=C(C5=CC=C(N5)/C(C6=CC=CC=C6)=C7N=C2C=C\7)/C8=CC=CC=C8)\C9=CC=CC=C9,,,1.6713580034434916,10.1002_app.33106_part_1.txt_¶Î1_Material1
[*]C([H])([H])C(O)([H])[*],[*]C1=C(C=CN2)C2=C([*])C(O)=C1O,,,,1.4548448600085102,10.1016_j.cej.2020.126212_part_3.txt_¶Î1_Material1
[*]NC(C(N1CCCC1C(NCC(N2CC(CC2C(NC(C(NCC([*])=O)=O)CO)=O)O)=O)=O)=O)CCCCN,O=C(O)CCCCCCCCCCCCCCCCC,OCC(O)CO,,,0.9758911364017928,10.1016_j.foodchem.2010.03.090_part_1.txt_¶Î1_Material1
[*]C1C(OC(C(C1O)O)OC2C(OC(C(C2O)O)O[*])CO)CO,[*]C(C(OC1O[*])COC(O[Na])=O)C(O)C1N,,,,1.334453751150931,10.1016_j.indcrop.2018.05.047_part_1.txt_¶Î1_Material1
O=C(C(C[*])[*])N,[K+].[OH-],[H][O-],,,-0.920818754,10.1007_s40820-022-00980-9_OA_part_2.txt_¶Î1_Material1
C[Si](C)(C[*])O[*],[Ag],[*]CC([*])N1CCCC1=O,,,1.255272505103306,10.1007_s11998-013-9505-3_part_3.txt_¶Î1_Material1
[*]CC[*],[*]OC1OC(CO)C(OC2C(O)C(O)C([*])C(CO)O2)C(O)C1O,,,,1.4095950193968156,10.1016_j.matpr.2021.04.502_part_1.txt_¶Î1_Material1
O=C([*])C(C)O[*],[*]OCC[*],O=C([*])C(C)O[*],,,1.6074550232146685,10.1002_pc.24314_part_1.txt_¶Î1_Material1
[*]CCCC(C1C([*])C2CC1C/C2=C/C)C,O=[Si]=O,,,,0.8633228601204559,10.1002_pen.24604_part_2.txt_¶Î1_Material1
C/C(C[*])=C/C[*],OCC1OC(C(C(C1[*])O)O)OC2C(C(C(OC2CO)O[*])O)O,,,,1.2380461031287957,10.1016_j.compositesa.2011.12.015_part_2.txt_¶Î1_Material1
[*]C/C=C/CCC([*])C#N,[*]C/C=C/CCC([*])C#N,OCC1OC(C(C(C1[*])O)O)OC2C(C(C(OC2CO)O[*])O)O,,,1,10.1002_mame.202100483_part_1.txt_¶Î1_Material1
C=C([CH3])C(=O)O[CH3],[*]OCC[*],CNC(CNC(CN)=O)=O,,,1.8391007827071533,10.1080_03602559.2017.1315642_part_3.txt_¶Î1_Material1
[*]C/C=C/CCC([*])C#N,[*]C(NC1=C(C)C(NC(OCCO[*])=O)=CC=C1)=O,,,,0.6434526764861874,10.1016_j.wear.2009.08.037_part_1.txt_¶Î1_Material1
OCC(C(C(C1N)O)O[*])OC1OC2C(OC(C(C2O)N)[*])CO,[*]C1C(C(C(OC1C(O[Na])=O)OC2C(C(O[Na])=O)OC(O[*])C(O)C2O)O)O,[*]C(C(OC1O[*])COC(O[Na])=O)C(O)C1N,[Zn]=O,,1.387033701282363,10.1016_j.foodchem.2019.01.022_part_1.txt_¶Î1_Material1
[*]C1C(OC(C(C1O)O)OC2C(OC(C(C2O)O)O[*])CO)CO,[*]C([H])([H])C(O)([H])[*],OCC(O)CO,C(CC=O)CC=O,,1.404149249209695,10.1007_s11703-011-1143-x_part_1.txt_¶Î1_Material1
[*]C(C(C1O)O)OCC1OC(C(C2O)OC(C)=O)OCC2OC(OCC(C3O)OC4OCC(C(C4O)OC(C)=O)OC5OCC(C(C5OC(C)=O)OC(C)=O)[*])C3OC(C(C(C6OC)O)O)OC6C([O-])=O,OCC(O)CO,OC[C@@H]([C@H]([C@@H]([C@@H](CO)O)O)O)O,[*]OCC[*],,1,10.1007_s10570-012-9764-7_part_1.txt_¶Î1_Material1
[*]CC(COC1=CC=C(C=C1)C(C)(C)C2=CC=C(C=C2)O[*])O,CCCCCCCCCCCCOS([O-])(=O)=O.[Na+],CCCCCCCCCCCCCCCC[N+](C)(C)C.[Br-],,,1.9030899869919435,10.1007_s13726-011-0013-y_part_2.txt_¶Î1_Material1
O=C(C(C[*])[*])N,[*]NC(C(N1CCCC1C(NCC(N2CC(CC2C(NC(C(NCC([*])=O)=O)CO)=O)O)=O)=O)=O)CCCCN,,,,-0.244125144,10.1016_j.polymer.2021.123786_part_1.txt_¶Î1_Material1
[*]CC(COC1=CC=C(C=C1)C(C)(C)C2=CC=C(C=C2)O[*])O,C=C([CH3])C(=O)O[CH3],,,,1.1880843737149382,10.1002_app.50550_part_4.txt_¶Î1_Material1
OCC(C(C(C1N)O)O[*])OC1OC2C(OC(C(C2O)N)[*])CO,[*]C([H])([H])C(O)([H])[*],O=C([O-])[O-].[Ca+2],,,1.0293837776852095,10.1016_j.compscitech.2014.11.003_part_2.txt_¶Î1_Material1
[*]OCCOC(CC(C([*])=O)C(C1CCCCC1)CC(CC(O)=O)C(OCCO)=O)=O,COC(C(C[*])([*])C)=O,,,,1.564192460626198,10.1016_j.matpr.2021.04.608_part_1.txt_¶Î1_Material1
[*]C(NC1=C(C)C(NC(OCCO[*])=O)=CC=C1)=O,[Ag],[Cu],,,1.3636119798921444,10.1007_s11029-011-9192-z_part_1.txt_¶Î1_Material1
[*]C(C)C[*],[*]C/C=C/CCC(C=C)CC([*])C1=CC=CC=C1,O=C(C1=CC=C(C([*])=O)C=C1)NC2=CCC(N[*])C=C2,,,0.8727388274726688,10.1088_1755-1315_596_1_012015_part_1.txt_¶Î1_Material1
[*]OCCOC(CC(C([*])=O)C(C1CCCCC1)CC(CC(O)=O)C(OCCO)=O)=O,C=CC1=CC=CC=C1,C=C([CH3])C(=O)O[CH3],,,1.911690158753861,10.1002_app.49825_part_3.txt_¶Î1_Material1
[*]C/C=C/CCC(C=C)CC([*])C1=CC=CC=C1,[Zn]=O,,,,0.9969492484953812,10.1002_adv.21791_part_2.txt_¶Î1_Material1
[*]CC[*],OCC1OC(C(C(C1[*])O)O)OC2C(C(C(OC2CO)O[*])O)O,C12=CC3=CC4=CC=CN=C4N=C3N=C1N=C5N=C6N=CC=CC6=CC5=C2,,,1.3926969532596658,10.1007_s42114-019-00116-5_part_2.txt_¶Î1_Material1
OCC(C(C(C1N)O)O[*])OC1OC2C(OC(C(C2O)N)[*])CO,O=P([O-])([O-])[O-].[Ca+2].[Ca+2].[OH-],[Zn]=O,,,1.2084413564385674,10.1016_j.ijbiomac.2017.07.168_part_3.txt_¶Î1_Material2
[*]CC[*],NC1=NC2=C(N=CN2C2O[C@H](COP(=O)(O)OP(=O)(O)O)[C@H](O)[C@@H]2O)C(=O)N1,,,,1.089905111439398,10.3390_ma14144024_part_2.txt_¶Î1_Material1
[*]OCCOC(CC(C([*])=O)C(C1CCCCC1)CC(CC(O)=O)C(OCCO)=O)=O,[H][Si]([H])([H])[H],,,,1.462397997898956,10.1177_0021998312454032_part_1.txt_¶Î1_Material1
[*]C(C)C[*],O=[Si]=O.O=[Al]O[Al]=O.O=[Si]=O.O=[Si]=O.O=[Si]=O.O,O=C(O)CCCCCCCCCCCCCCCCC,,,1.5526682161121932,10.1177_0021998316644852_part_1.txt_¶Î1_Material1
O=C([*])C(C)O[*],OP(O)(O)=O,OCC1OC(OC2C(O)C(O)C(O[*])OC2CO)C(O)C(O)C1[*],,,1.5289167002776547,10.1002_app.44895_part_1.txt_¶Î1_Material1
O=C([*])OC1=CC=C(C=C1)C(C)(C)C2=CC=C(C=C2)O[*],O=C([*])C(C)O[*],C=C(C(OCC1CO1)=O)C,,,1.6532125137753435,10.1039_c6ra21208e_part_3.txt_¶Î1_Material1
[*]CC[*],[*]CC[*],OC1=C2C(C3(O)C4C5C6=C7C8C(C9=CC(C(O)=O)=C(C=C(C=C%10C(O)=O)C%11%12)C(C%11=C%13C%14C%15%16C%17(O%16)C%18C%19=C%20C%21=C%22C(C(O)=C%23)=C%24C%25C%21=C%26C%19=C%27C%17=C%28C%14(O)C%12=C%10C=C%28CC%27=CC%26=CC%25=C(C(O)=O)C=C%24)C9=C7C%13(O)C5=C%15C3=C%18C%29%30C%20(O%30)C%31C%22C%23=C%32)=CC(C(O)=O)=CC8=CC6=C(C(O)=O)C4=C2)=C%29C%33=C%31C%32=C(C(O)=O)C=C%331,,,1.423245873936808,10.1002_app.46768_part_1.txt_¶Î1_Material1
O=C(C(C[*])[*])N,[O-][Si](O[Si]([O-])=O)=O,[*]NC(C(N1CCCC1C(NCC(N2CC(CC2C(NC(C(NCC([*])=O)=O)CO)=O)O)=O)=O)=O)CCCCN,,,-0.468521083,10.1021_acsami.5b05287_part_2.txt_¶Î1_Material1
O=C(C1=CC=C(C=C1)C(OCC[*])=O)O[*],[*]C(C)C[*],[*]C(C)C[*],[*]CCC(CCCCCC)C[*],[*]CCCC([*])OC(C)=O,1.677606952720493,10.1016_j.aiepr.2019.02.001_part_3.txt_¶Î1_Material1
[*]C1C(C(C(OC1C(O[Na])=O)OC2C(C(O[Na])=O)OC(O[*])C(O)C2O)O)O,OC1C(C(OC(C1O)OC2C(OC(C(C2O)O)OC3C(C(C(OC3C(OC)=O)OC4C(OC(C(C4O)O)[*])C(O)=O)O)O)C(OC)=O)C(O)=O)O[*],[Ag],,,1.7323937598229686,10.1007_s13197-016-2343-4_part_2.txt_¶Î1_Material1
O=C(O[Na])COCC1OC(OC2C(COCC(O[Na])=O)OC([*])C(O)C2O)C(O)C(O)C1O[*],,,,,2.060697840353612,10.1039_c3py00683b_part_1.txt_¶Î1_Material1
CCCCCCC1=C(SC([*])=C1)[*],[*]C(N(CN(C(OCOC(N(CN(C(OCCO[*])=O)[H])[H])=O)=O)[H])[H])=O,[Ag],C12=C3C(C=CC4C3=C5C(CC6=CC7=C8C9=C(C(C=C%10)=CC=C9C=C7)C%11=C%10C%12)=CC4)=CC=C1C=C%12C%13=C%11C8=C6C5=C2%13,,1.3222192947339193,10.1039_d3lp00106g_OA_part_2.txt_¶Î1_Material1
[*]CC[*],[*]CC([*])Cl,,,,1.7489628612561614,10.1515_polyeng-2012-0004_part_2.txt_¶Î1_Material1
[*]CC[*],[*]CC(COC1=CC=C(C=C1)C(C)(C)C2=CC=C(C=C2)O[*])O,,,,1.983039616046102,10.1177_0021998318755542_part_2.txt_¶Î1_Material1
[*]C(N(CN(C(OCOC(N(CN(C(OCCO[*])=O)[H])[H])=O)=O)[H])[H])=O,C12=C3C(C=CC4C3=C5C(CC6=CC7=C8C9=C(C(C=C%10)=CC=C9C=C7)C%11=C%10C%12)=CC4)=CC=C1C=C%12C%13=C%11C8=C6C5=C2%13,,,,1.2988530764097066,10.1002_app.49364_part_1.txt_¶Î1_Material1
OCC1OC(C(C(C1[*])O)O)OC2C(C(C(OC2CO)O[*])O)O,[*]C(C)C[*],[Ag+],,,1.8290463368531824,10.1016_j.compositesb.2019.02.006_part_2.txt_¶Î1_Material1
[*]OCCCCOC(CCC([*])=O)=O,[*]C(C=C1)=CC=C1S[*],,,,1.1209028176145273,10.1039_c9sm01958h_part_2.txt_¶Î1_Material1
[*]C(CCCCCO[*])=O,[*]OCC[*],OCC(C(C(C1N)O)O[*])OC1OC2C(OC(C(C2O)N)[*])CO,OCC1OC(C(C(C1O)O[*])O)OC2C(C(C(OC2COS(=O)(O)=O)[*])NC(C)=O)O,,1.403120521175818,10.1016_j.msec.2020.111696_part_2.txt_¶Î1_Material1
O=C([*])C(C)O[*],[*]C(CCCCC(OCCCCO[*])=O)=O,O=C=NC(C=C1)=CC=C1CC2=CC=C(C=C2)N=C=O,C=C([CH3])C(=O)OC([CH3])[CH3],,1.5440680443502757,10.4028_www.scientific.net_msf.695.178_part_1.txt_¶Î1_Material1
O=C([*])C(C)O[*],[*]OCC[*],O=C([*])C(C)O[*],OC1=C2C(C3(O)C4C5C6=C7C8C(C9=CC(C(O)=O)=C(C=C(C=C%10C(O)=O)C%11%12)C(C%11=C%13C%14C%15%16C%17(O%16)C%18C%19=C%20C%21=C%22C(C(O)=C%23)=C%24C%25C%21=C%26C%19=C%27C%17=C%28C%14(O)C%12=C%10C=C%28CC%27=CC%26=CC%25=C(C(O)=O)C=C%24)C9=C7C%13(O)C5=C%15C3=C%18C%29%30C%20(O%30)C%31C%22C%23=C%32)=CC(C(O)=O)=CC8=CC6=C(C(O)=O)C4=C2)=C%29C%33=C%31C%32=C(C(O)=O)C=C%331,,1.6665179805548809,10.1002_pc.24314_part_2.txt_¶Î1_Material1
[*]C(NC1=C(C)C(NC(OCCO[*])=O)=CC=C1)=O,CCCC[Sn](OC(CC(C)CCCCCCCC)=O)(OC(CCCCCCCCCCC)=O)CCCC,,,,1.3944516808262162,10.1007_s13233-009-0137-5_part_1.txt_¶Î1_Material1
O=C(O[Na])COCC(OC(C(C1O)O)[*])C1OC(C(C(C2O[*])O)O)OC2COCC(O[Na])=O,[*]OCC[*],,,,1.1789769472931697,10.1016_j.indcrop.2019.111644_part_2.txt_¶Î1_Material1
OCC(C(C(C1N)O)O[*])OC1OC2C(OC(C(C2O)N)[*])CO,OCC(O)CO,[Na+].[Cl-],,,1,10.1016_j.carbpol.2017.06.069_part_5.txt_¶Î1_Material1
OCC1OC(OC2C(O)C(O)C(O[*])OC2CO)C(O)C(O)C1[*],[*]C1OC2COC(C2OC3C(C(C(C(C3)CO)OS(=O)([O-])=O)O[*])O)C1OS(=O)([O-])=O,,,,1.1760912590556811,10.1515_ijfe-2012-0172_part_2.txt_¶Î1_Material1
[*]C([H])([H])C(O)([H])[*],[*]NC(C(N1CCCC1C(NCC(N2CC(CC2C(NC(C(NCC([*])=O)=O)CO)=O)O)=O)=O)=O)CCCCN,OCC1OC(C(C(C1[*])O)O)OC2C(C(C(OC2CO)O[*])O)O,,,1.1398790864012365,10.1016_j.jobab.2021.02.009_part_1.txt_¶Î1_Material1
O=C(C1=CC=C(C=C1)C(OCC[*])=O)O[*],[*]C(CCCCC(OCCCCO[*])=O)=O,O=[Ti]=O,[Zn]=O,,1.4281347940287887,10.1016_j.matpr.2017.06.173_part_1.txt_¶Î1_Material1
[*]CC(C#N)[*],[*]C(NC1=C(C)C(NC(OCCO[*])=O)=CC=C1)=O,,,,1.1643528557844371,10.1016_j.jcis.2017.08.055_part_1.txt_¶Î1_Material1
[*]C(C)C[*],[*]C/C=C/CCC(C=C)CC([*])C1=CC=CC=C1,O=C([O-])[O-].[Ca+2],,,0.9982593384236988,10.1002_pc.23973_part_2.txt_¶Î1_Material1
OP(O)(O)=O,[*]C(CCCCC(OCCCCO[*])=O)=O,O=[Al]O[Al]=O.O=[Si]=O.O=[Si]=O.O=[Si]=O,O=[Al]O[Al]=O.O=[Si]=O.O=[Si]=O.O=[Si]=O,O=[Al]O[Al]=O.O=[Si]=O.O=[Si]=O.O=[Si]=O,1.3263358609287514,10.3144_expresspolymlett.2010.51_part_2.txt_¶Î1_Material1
[*]CC(C#N)[*],[*]C(NC1=C(C)C(NC(OCCO[*])=O)=CC=C1)=O,O=[Ti]=O,,,1,10.1016_j.jcis.2017.08.055_part_3.txt_¶Î1_Material1
[*]C(N(CN(C(OCOC(N(CN(C(OCCO[*])=O)[H])[H])=O)=O)[H])[H])=O,[*]C1=CC=C([*])N1,OC1=C2C(C3(O)C4C5C6=C7C8C(C9=CC(C(O)=O)=C(C=C(C=C%10C(O)=O)C%11%12)C(C%11=C%13C%14C%15%16C%17(O%16)C%18C%19=C%20C%21=C%22C(C(O)=C%23)=C%24C%25C%21=C%26C%19=C%27C%17=C%28C%14(O)C%12=C%10C=C%28CC%27=CC%26=CC%25=C(C(O)=O)C=C%24)C9=C7C%13(O)C5=C%15C3=C%18C%29%30C%20(O%30)C%31C%22C%23=C%32)=CC(C(O)=O)=CC8=CC6=C(C(O)=O)C4=C2)=C%29C%33=C%31C%32=C(C(O)=O)C=C%331,,,1.380211241711606,10.4028_www.scientific.net_kem.831.122_part_1.txt_¶Î1_Material1
COC1=CC(/C=C/C=O)=CC(OC2=CC(C(C(OC3=CC=C(C=C3OC)C(C(CO)=O)O)CO)O)=CC=C2OC4=CC(C(C(COC5=CC=C(C=C5)C(C(CO)=O)O)=O)O)=CC=C4O)=C1,CC(CO[*])[*],CC(C(=O)O)(CO)CO,,,1,10.4028_www.scientific.net_amr.295-297.278_part_1.txt_¶Î1_Material1
[*]OCCOC(CC(C([*])=O)C(C1CCCCC1)CC(CC(O)=O)C(OCCO)=O)=O,[*]OCCOC(CC(C([*])=O)C(C1CCCCC1)CC(CC(O)=O)C(OCCO)=O)=O,OCC1OC(C(C(C1[*])O)O)OC2C(C(C(OC2CO)O[*])O)O,,,1.3875677794171886,10.1177_0021998320916542_part_1.txt_¶Î1_Material1
[*]NC(C(N1CCCC1C(NCC(N2CC(CC2C(NC(C(NCC([*])=O)=O)CO)=O)O)=O)=O)=O)CCCCN,O=P([O-])([O-])[O-].[Ca+2].[Ca+2].[OH-],[Ag],,,1.684755622108624,10.1166_jbns.2011.1054_part_1.txt_¶Î1_Material1
[*]NC(C(N1CCCC1C(NCC(N2CC(CC2C(NC(C(NCC([*])=O)=O)CO)=O)O)=O)=O)=O)CCCCN,OCC(C(C(C1N)O)O[*])OC1OC2C(OC(C(C2O)N)[*])CO,O=[Si]=O,,,1.6545615547417432,10.1111_jfpe.13329_part_2.txt_¶Î1_Material1
OCC1OC(C(C(C1[*])O)O)OC2C(C(C(OC2CO)O[*])O)O,O=[Si]=O,,,,1.4517864355242902,10.1016_j.conbuildmat.2018.05.134_part_2.txt_¶Î1_Material1
O=C([*])C(C)O[*],[*]CCCC([*])OC(C)=O,[*]CC(CCCC(CC)CC([*])C1=CC=CC=C1)C2=CC=CC=C2,O=[Si]=O,,1.423245873936808,10.1016_j.polymertesting.2020.106735_part_2.txt_¶Î1_Material3
O=C([*])OC1=CC=C(C=C1)C(C)(C)C2=CC=C(C=C2)O[*],[*]CC([*])N1CCCC1=O,[Na+].[Cl-],,,1.7160033436347992,10.1088_0957-4484_24_27_275603_part_1.txt_¶Î1_Material1
[*]C(C)C[*],[*]OCC[*],OCC(O)CO,,,1.0132586652835165,10.1002_app.32651_part_1.txt_¶Î1_Material1
[*]C/C=C/C[*],OCC1OC(C(C(C1[*])O)O)OC2C(C(C(OC2CO)O[*])O)O,O=[Ti]=O,,,0.92272545799326,10.1177_0892705720935968_part_3.txt_¶Î1_Material5
[*]C(C)C[*],[*]CCC(CCCC(CCCC(C[*])C)C)C,[*]CC[*],,,1.4393326938302626,10.1016_j.polymer.2015.03.064_part_1.txt_¶Î1_Material1
[*]CC[*],OCC1OC(C(C(C1[*])O)O)OC2C(C(C(OC2CO)O[*])O)O,O=C1C=CC(O1)=O.C=C,,,1.0086001717619175,10.1177_0892705710388590_part_2.txt_¶Î1_Material1
[*]C(C)C[*],O=C([*])CCCCCN[*],O=[Al]O[Al]=O.O=[Si]=O.O=[Si]=O.O=[Si]=O,,,1.5296869537729163,10.1002_app.32328_part_1.txt_¶Î1_Material1
[*]CC(COC1=CC=C(C=C1)C(C)(C)C2=CC=C(C=C2)O[*])O,O=[Si]=O,C=C([CH3])C(=O)O[CH3],,,1.860816963864537,10.1515_epoly.2011.11.1.710_part_1.txt_¶Î1_Material1
O=C([*])CCCCCN[*],[*]C(C)C[*],C[N+](CCO)(CCO)[3H],,,1.845098040014257,10.1016_j.matdes.2010.05.024_part_1.txt_¶Î1_Material1
O=C(CCCCC(N(CCCCCCN([*])[H])[H])=O)[*],[*]C(N(CN(C(OCOC(N(CN(C(OCCO[*])=O)[H])[H])=O)=O)[H])[H])=O,,,,1.6551384348113822,10.1002_app.49155_part_3.txt_¶Î1_Material2
FC(F)([*])C([H])([*])[H],[*]CC[*],CC1=CC(O)=C(C=C1CCCC(C2=C(C=C(C(C(C)(C)C)=C2)O)C)C3=CC(C(C)(C)C)=C(C=C3C)O)C(C)(C)C,,,1.0718820073061257,10.1016_j.memsci.2019.117527_part_1.txt_¶Î1_Material1
[*]C([H])([H])C(O)([H])[*],C12=CC3=CC4=CC=CN=C4N=C3N=C1N=C5N=C6N=CC=CC6=CC5=C2,,,,1.4413808849165113,10.1002_masy.201550313_part_1.txt_¶Î1_Material1
[*]CC(CCCC(CC)CC([*])C1=CC=CC=C1)C2=CC=CC=C2,,,,,1.0969100130080565,10.1177_0967391121991290_part_1.txt_¶Î1_Material1
[*]CC[*],[*]CC[*],[*]CCCC([*])OC(C)=O,,,1.3579348470004535,10.1002_pts.2371_part_1.txt_¶Î1_Material1
[*]C(CCCCCO[*])=O,[*]C(C(OC(CO[*])=O)C)=O,[*]NC(C(N1CCCC1C(NCC(N2CC(CC2C(NC(C(NCC([*])=O)=O)CO)=O)O)=O)=O)=O)CCCCN,OCC(C(C(C1N)O)O[*])OC1OC2C(OC(C(C2O)N)[*])CO,C(CC=O)CC=O,0.3617278360175928,10.1088_1468-6996_13_3_035002_part_1.txt_¶Î1_Material1
OCC(C(C(C1N)O)O[*])OC1OC2C(OC(C(C2O)N)[*])CO,[*]NC(C(N1CCCC1C(NCC(N2CC(CC2C(NC(C(NCC([*])=O)=O)CO)=O)O)=O)=O)=O)CCCCN,[*]C1C(OC(C(C1O)O)OC2C(OC(C(C2O)O)O[*])CO)CO,,,1.69284691927723,10.1080_00222348.2020.1714854_part_1.txt_¶Î1_Material1
[*]C(NC1=C(C)C(NC(OCCO[*])=O)=CC=C1)=O,C=C([CH3])C(=O)O[CH3],C=CC(OCCCC)=O,[H]O[H],,0.8438554226231612,10.1002_app.44488_part_2.txt_¶Î1_Material1
O=C([*])CCCCCN[*],[H][O-],,,,1.4082399653118496,10.1016_j.compositesb.2015.04.040_part_1.txt_¶Î1_Material1
[*]CC(C1=CC=CC=C1)[*],[*]CC(C1=CC=CC=C1)C/C=C/C[*],,,,1.0170333392987805,10.1177_0731684414525998_part_2.txt_¶Î1_Material1
OCC1OC(C(C(C1[*])O)O)OC2C(C(C(OC2CO)O[*])O)O,O=[Si]=O.O=[Al]O[Al]=O.O=[Si]=O.O=[Si]=O.O=[Si]=O.O,O=[Si]=O.O=[Al]O[Al]=O.O=[Si]=O.O=[Si]=O.O=[Si]=O.O,,,1.6242820958356683,10.1007_s10570-019-02473-2_part_1.txt_¶Î1_Material1
OCC1OC(C(C(C1[*])O)O)OC2C(C(C(OC2CO)O[*])O)O,[Li]Cl,[H][O-],,,1.631443769013172,10.1002_pc.24015_part_1.txt_¶Î1_Material1
O=C(O[Na])COCC(OC(C(C1O)O)[*])C1OC(C(C(C2O[*])O)O)OC2COCC(O[Na])=O,[*]C1C(C(C(OC1C(O[Na])=O)OC2C(C(O[Na])=O)OC(O[*])C(O)C2O)O)O,OCC(C(C(C1N)O)O[*])OC1OC2C(OC(C(C2O)N)[*])CO,,,1.8150461760646304,10.3390_coatings8080291_part_3.txt_¶Î1_Material1
[*]NCC(NC(C(ONCC(NC(C(NCC(NC(C([*])=O)C)=O)=O)C)=O)=O)CO)=O,CCO,,,,0.9344984512435676,10.1016_j.ijbiomac.2013.01.033_part_1.txt_¶Î1_Material1
[*]C(CCCCCO[*])=O,O=C=NCCCCCCN=C=O,[*]C1=CC(C2=NC3=CC(C4=CC=C5N=C([*])NC5=C4)=CC=C3N2)=CC=C1,,,1.7223047868743278,10.1039_c6ra24393b_part_2.txt_¶Î1_Material1
OCC(C(C(C1N)O)O[*])OC1OC2C(OC(C(C2O)N)[*])CO,[*]OCC[*],[Zn]=O,[Ag],,1.884228769632604,10.1016_j.carbpol.2012.02.058_part_1.txt_¶Î1_Material1
[*]CC(CCCC(CC)CC([*])C1=CC=CC=C1)C2=CC=CC=C2,[*]C(C)C[*],,,,1.1958996524092338,10.1002_mawe.201500396_part_1.txt_¶Î1_Material1
[*]C(C)C[*],CC(C)[Si](C(C)C)(C(C)C)OS(C(F)(F)F)(=O)=O,[*]CC(CCCC(CC)CC([*])C1=CC=CC=C1)C2=CC=CC=C2,,,1.089905111439398,10.1016_j.matdes.2009.10.057_part_1.txt_¶Î1_Material1
C(C)(C1=CC=C(OCC2CO2)C=C1)(C)C1=CC=C(OCC2CO2)C=C1,[*]N1C(C2=CC3=C(C=C2C1=O)C(N(C3=O)C4=CC=C(C=C4)OC5=CC=C(C=C5)[*])=O)=O,[*]CC(C#N)[*],,,2.5219222448835006,10.1007_s12221-014-2564-y_part_1.txt_¶Î1_Material1
[*]C1C(OC(C(C1O)O)OC2C(OC(C(C2O)O)O[*])CO)CO,[*]C1C(OC(C(C1O)O)OC2C(OC(C(C2O)O)O[*])CO)CO,O=C(C1=CC=C(C([*])=O)C=C1)NC2=CCC(N[*])C=C2,,,1.6989700043360187,10.1016_j.compositesa.2012.11.010_part_1.txt_¶Î1_Material1
[*]C(CCCCC([*])S(=O)(Cl)=O)Cl,O=C(O)CCCCCCCCCCCCCCCCC,,,,1.4456042032735976,10.1177_096739111001800802_part_1.txt_¶Î1_Material1
N#CC(C1=CC=CC=N1)C1=CC=CC=C1,OCC(O)CO,O=C(O[Na])COCC(OC(C(C1O)O)[*])C1OC(C(C(C2O[*])O)O)OC2COCC(O[Na])=O,,,1.1271047983648077,10.1002_app.36902_part_2.txt_¶Î1_Material1
[*]C(C)C[*],OCC(C(C(C1N)O)O[*])OC1OC2C(OC(C(C2O)N)[*])CO,,,,1.521007252408604,10.1007_s00289-015-1556-4_part_1.txt_¶Î1_Material1
OCC1OC(C(C(C1[*])O)O)OC2C(C(C(OC2CO)O[*])O)O,O=C(O[Na])COCC(OC(C(C1O)O)[*])C1OC(C(C(C2O[*])O)O)OC2COCC(O[Na])=O,,,,2.146128035678238,10.1021_acssuschemeng.8b00814_part_4.txt_¶Î1_Material1
O=C([*])C(C)O[*],OCC1OC(OC2C(O)C(O)C(O[*])OC2CO)C(O)C(O)C1[*],,,,1.720985744153739,10.1007_s10570-019-02931-x_part_3.txt_¶Î1_Material1
[*]C1C(OC(C(C1O)O)OC2C(OC(C(C2O)O)O[*])CO)CO,[*]OCCCCOC(CCC([*])=O)=O,OCC(O)CO,CC1=CC=C(C=C1N=C=O)N=C=O,,1.359835482339888,10.1016_j.carbpol.2010.08.051_part_1.txt_¶Î1_Material1
[*]NC(C(N1CCCC1C(NCC(N2CC(CC2C(NC(C(NCC([*])=O)=O)CO)=O)O)=O)=O)=O)CCCCN,[*]C([H])([H])C(O)([H])[*],O=[Al]O[Al]=O.O=[Si]=O.O=[Si]=O.O.O,,,0.6848453616444125,10.1007_s00289-019-02684-4_part_3.txt_¶Î1_Material1
[*]C(N(CN(C(OCOC(N(CN(C(OCCO[*])=O)[H])[H])=O)=O)[H])[H])=O,O=C(O)C([*])C[*],CC(C(=O)O)(CO)CO,,,1.3263358609287514,10.1007_s10965-016-1134-y_part_2.txt_¶Î1_Material1
[*]NC(C(N1CCCC1C(NCC(N2CC(CC2C(NC(C(NCC([*])=O)=O)CO)=O)O)=O)=O)=O)CCCCN,COC1=CC(/C=C/C=O)=CC(OC2=CC(C(C(OC3=CC=C(C=C3OC)C(C(CO)=O)O)CO)O)=CC=C2OC4=CC(C(C(COC5=CC=C(C=C5)C(C(CO)=O)O)=O)O)=CC=C4O)=C1,,,,1.845098040014257,10.1002_chem.201803763_part_1.txt_¶Î1_Material1
CC1(CC(CC(C)(C1)C)N=C=O)CN=C=O,[*]C1=C(C=CN2)C2=C([*])C(O)=C1O,,,,1.7134905430939424,10.1002_app.49575_part_1.txt_¶Î1_Material1
O=C([*])C(C)O[*],[*]C([C@H](C)OC([C@H](C)O[*])=O)=O,,,,1.862906213562998,10.1016_j.reactfunctpolym.2021.104964_part_2.txt_¶Î1_Material1
[*]OC(CC(OC(CC([*])=O)CC)=O)C,OCC1OC(C(C(C1[*])O)O)OC2C(C(C(OC2CO)O[*])O)O,O=[Mg].O=[Si]=O.O=[Si]=O.O=[Si]=O.O=[Si]=O.O=[Mg].O=[Mg].O,,,1.385606273598312,10.1016_j.eurpolymj.2017.11.041_part_1.txt_¶Î1_Material1
[H]N(C1=CC=C(C=C1)CC2=CC=C(C=C2)N(C(OCCO[*])=O)[H])C([*])=O,[Cu],[*]C1=C(C=CN2)C2=C([*])C(O)=C1O,,,1.667452952889954,10.1016_j.polymertesting.2020.106883_part_1.txt_¶Î1_Material1
O=C([*])CCCCCN[*],[*]C(C)C[*],C12=CC3=CC4=CC=CN=C4N=C3N=C1N=C5N=C6N=CC=CC6=CC5=C2,NC1=CC=C(C=C1)/C2=C3C=C/C(N\3)=C(C4=N/C(C=C4)=C(C5=CC=C(N5)/C(C6=CC=CC=C6)=C7N=C2C=C\7)/C8=CC=CC=C8)\C9=CC=CC=C9,,2.225309281725863,10.3390_ma11030429_part_1.txt_¶Î1_Material1
[*]C/C=C/CCC([*])C#N,[Zn]=O,,,,1.2787536009528289,10.1016_j.compscitech.2021.108815_part_1.txt_¶Î1_Material1
[*]C(C)C[*],[*]C(C)C[*],[*]CCC(CCCCCC)C[*],,,1.6414741105040995,10.3390_polym11071198_part_4.txt_¶Î1_Material1
[*]CC(COC1=CC=C(C=C1)C(C)(C)C2=CC=C(C=C2)O[*])O,[*]OCCOC(CC(C([*])=O)C(C1CCCCC1)CC(CC(O)=O)C(OCCO)=O)=O,NCCC[Si](OCC)(OCC)OCC,,,2.0755469613925306,10.1002_vnl.21491_part_2.txt_¶Î1_Material1
O=C([*])CCCCCCCCCCC(NCCCCCCCCCCN[*])=O,[*]OCCOC(CC(C([*])=O)C(C1CCCCC1)CC(CC(O)=O)C(OCCO)=O)=O,[H][O-],,,1.7160033436347992,10.3390_ma10091040_part_2.txt_¶Î1_Material1
N#CC(C1=CC=CC=N1)C1=CC=CC=C1,OCC1OC(C(C(C1[*])O)O)OC2C(C(C(OC2CO)O[*])O)O,,,,1.6020599913279625,10.1016_j.compscitech.2017.04.027_part_1.txt_¶Î1_Material1
[*]C(N(CN(C(OCOC(N(CN(C(OCCO[*])=O)[H])[H])=O)=O)[H])[H])=O,OC1=C2C(C3(O)C4C5C6=C7C8C(C9=CC(C(O)=O)=C(C=C(C=C%10C(O)=O)C%11%12)C(C%11=C%13C%14C%15%16C%17(O%16)C%18C%19=C%20C%21=C%22C(C(O)=C%23)=C%24C%25C%21=C%26C%19=C%27C%17=C%28C%14(O)C%12=C%10C=C%28CC%27=CC%26=CC%25=C(C(O)=O)C=C%24)C9=C7C%13(O)C5=C%15C3=C%18C%29%30C%20(O%30)C%31C%22C%23=C%32)=CC(C(O)=O)=CC8=CC6=C(C(O)=O)C4=C2)=C%29C%33=C%31C%32=C(C(O)=O)C=C%331,,,,1.2648178230095364,10.1016_j.porgcoat.2018.04.016_part_1.txt_¶Î1_Material1
O=C([*])C(C)O[*],O=C([*])C(C)O[*],OC1=C2C(C3(O)C4C5C6=C7C8C(C9=CC(C(O)=O)=C(C=C(C=C%10C(O)=O)C%11%12)C(C%11=C%13C%14C%15%16C%17(O%16)C%18C%19=C%20C%21=C%22C(C(O)=C%23)=C%24C%25C%21=C%26C%19=C%27C%17=C%28C%14(O)C%12=C%10C=C%28CC%27=CC%26=CC%25=C(C(O)=O)C=C%24)C9=C7C%13(O)C5=C%15C3=C%18C%29%30C%20(O%30)C%31C%22C%23=C%32)=CC(C(O)=O)=CC8=CC6=C(C(O)=O)C4=C2)=C%29C%33=C%31C%32=C(C(O)=O)C=C%331,,,1.7226339225338123,10.1007_s10924-019-01411-4_part_1.txt_¶Î1_Material1
OCC(C(C(C1N)O)O[*])OC1OC2C(OC(C(C2O)N)[*])CO,O1C(=O)C=CC1=O,O=[Al]O[Al]=O.O=[Si]=O.O=[Si]=O.O=[Si]=O,,,1.6246945312720813,10.1088_1757-899x_176_1_012001_part_1.txt_¶Î1_Material1
O=C([*])C(C)O[*],[*]C/C=C/C[*],CC1=CC=C(C=C1N=C=O)N=C=O,,,0.9395192526186184,10.1021_ma401508b_part_2.txt_¶Î1_Material1
O=C(C(C[*])[*])N,O=[Al]O[Al]=O.O=[Si]=O.O=[Si]=O.O=[Si]=O,[*]C1C(C(C(OC1C(O[Na])=O)OC2C(C(O[Na])=O)OC(O[*])C(O)C2O)O)O,[Ca+2],,-0.958607315,10.1016_j.carbpol.2018.05.082_part_4.txt_¶Î1_Material1
C/C(C[*])=C/C[*],O=[Al]O[Al]=O.O=[Si]=O.O=[Si]=O.O=[Si]=O,,,,1.1863912156954932,10.1002_app.32781_part_1.txt_¶Î1_Material3
[*]OCCCCOC(CCC([*])=O)=O,[*]OCCCCOC(CCC([*])=O)=O,,,,1.3979400086720375,10.1002_mame.201300038_part_1.txt_¶Î1_Material1
[*]C(C)C[*],[*]CC[*],[*]CC(CCCC(CC)CC([*])C1=CC=CC=C1)C2=CC=CC=C2,O=[Ti]=O,,1.505149978319906,10.31803_tg-20190312191013_part_2.txt_¶Î1_Material1
O=C(C(C[*])[*])N,O=C(C(C[*])[*])N,,,,-0.508638306,10.1016_j.polymer.2019.02.012_part_3.txt_¶Î1_Material1
[*]C([H])([H])C(O)([H])[*],O=[Al]O[Al]=O.O=[Si]=O.O=[Si]=O.O=[Si]=O,OC1=C2C(C3(O)C4C5C6=C7C8C(C9=CC(C(O)=O)=C(C=C(C=C%10C(O)=O)C%11%12)C(C%11=C%13C%14C%15%16C%17(O%16)C%18C%19=C%20C%21=C%22C(C(O)=C%23)=C%24C%25C%21=C%26C%19=C%27C%17=C%28C%14(O)C%12=C%10C=C%28CC%27=CC%26=CC%25=C(C(O)=O)C=C%24)C9=C7C%13(O)C5=C%15C3=C%18C%29%30C%20(O%30)C%31C%22C%23=C%32)=CC(C(O)=O)=CC8=CC6=C(C(O)=O)C4=C2)=C%29C%33=C%31C%32=C(C(O)=O)C=C%331,,,1.285557309007774,10.1007_s13726-021-00964-3_part_1.txt_¶Î1_Material1
[*]C([H])([H])C(O)([H])[*],[*]CC[*],[Fe],C12=CC3=CC4=CC=CN=C4N=C3N=C1N=C5N=C6N=CC=CC6=CC5=C2,,1.6532125137753435,10.1016_j.conbuildmat.2020.119061_part_4.txt_¶Î1_Material1
[*]CC(CC(C#N)[*])C1=CC=CC=C1,[*]C(CCCCC(OCCCCO[*])=O)=O,,,,1.6989700043360187,10.1002_pen.24935_part_1.txt_¶Î1_Material1
O=C(C1=CC=C2C=C(C=CC2=C1)C([*])=O)OCCO[*],[*]C1=C(C=CN2)C2=C([*])C(O)=C1O,,,,2.057475915826254,10.1177_09540083211014936_part_1.txt_¶Î1_Material1
[*]C/C=C/CCC(C/C=C\C[*])C=C,CC1(CC(CC(C)(C1)C)N=C=O)CN=C=O,,,,0.6848453616444125,10.1021_acsomega.8b00022_part_1.txt_¶Î1_Material1
[*]C1C(O)C(O)C(OC2C(O)C(O)C(O[*])OC2COC(C)=O)OC1COC(C)=O,O=[Si]=O,,,,1.380211241711606,10.14314_polimery.2013.550_OA_part_1.txt_¶Î1_Material1
C/C(C[*])=C/C[*],[*]C(C)C[*],[S],,,1.1903316981702914,10.1177_0095244311432781_part_2.txt_¶Î1_Material1
[*]NCC(NC(C(ONCC(NC(C(NCC(NC(C([*])=O)C)=O)=O)C)=O)=O)CO)=O,[*]C(NC1=C(C)C(NC(OCCO[*])=O)=CC=C1)=O,[Ag],,,1.1931245983544616,10.4028_www.scientific.net_msf.848.557_part_1.txt_¶Î1_Material1
O=C([*])C(C)O[*],[*]OCC[*],,,,1.845098040014257,10.1016_j.ijbiomac.2016.11.003_part_1.txt_¶Î1_Material1
[*]NC(C(N1CCCC1C(NCC(N2CC(CC2C(NC(C(NCC([*])=O)=O)CO)=O)O)=O)=O)=O)CCCCN,OCC(O)CO,OCCOC1C(OCCO)C(C(OCCO)COCCOC(CCCCCCCCCCCCCCCCC)=O)OC1,,,1.6396856612426811,10.1016_j.jfoodeng.2013.03.005_part_1.txt_¶Î1_Material1
O=C([*])C(C)O[*],O[Si](O)(O[Si](O)(O)O)O.[Al].[Al].O,,,,1.7007037171450194,10.1002_app.49134_part_1.txt_¶Î1_Material1
O=C([*])CCCCCN[*],[*]C/C=C/CCC([*])C#N,CCCCCCCCCCCCCCCCCCOC(CCC1=CC(C(C)(C)C)=C(C(C(C)(C)C)=C1)O)=O,,,1.2692793897718986,10.5254_rct.13.87976_part_1.txt_¶Î1_Material1
O=C(C1=CC=C(C=C1)C(OCC[*])=O)O[*],[H][O-],OC1=C2C(C3(O)C4C5C6=C7C8C(C9=CC(C(O)=O)=C(C=C(C=C%10C(O)=O)C%11%12)C(C%11=C%13C%14C%15%16C%17(O%16)C%18C%19=C%20C%21=C%22C(C(O)=C%23)=C%24C%25C%21=C%26C%19=C%27C%17=C%28C%14(O)C%12=C%10C=C%28CC%27=CC%26=CC%25=C(C(O)=O)C=C%24)C9=C7C%13(O)C5=C%15C3=C%18C%29%30C%20(O%30)C%31C%22C%23=C%32)=CC(C(O)=O)=CC8=CC6=C(C(O)=O)C4=C2)=C%29C%33=C%31C%32=C(C(O)=O)C=C%331,[H]O[H],,1.4256972133625911,10.4028_www.scientific.net_amr.812.258_part_1.txt_¶Î1_Material1
C/C(C[*])=C/C[*],[*]C([H])([H])C(O)([H])[*],,,,1.08278537031645,10.5254_1.3673424_part_1.txt_¶Î1_Material1
[*]NCC(NC(C(ONCC(NC(C(NCC(NC(C([*])=O)C)=O)=O)C)=O)=O)CO)=O,[Ca+2],[Mg],[H]O[H],,1.717670503002262,10.1007_s12221-014-0540-1_part_2.txt_¶Î1_Material1
OP(O)(O)=O,[*]CCCC(C(O)=O)[*],[*]CCCC(C(O)=O)[*],,,1.7185016888672742,10.1002_vnl.21485_part_1.txt_¶Î1_Material1
O=C([*])OC1=CC=C(C=C1)C(C)(C)C2=CC=C(C=C2)O[*],[*]CC(CC=CCC([*])C1=CC=CC=C1)C#N,O=[Mg].O=[Si]=O.O=[Si]=O.O=[Si]=O.O=[Si]=O.O=[Mg].O=[Mg].O,,,1.826722520168992,10.1002_app.35147_part_1.txt_¶Î1_Material1
OCC(C(C(C1N)O)O[*])OC1OC2C(OC(C(C2O)N)[*])CO,[*]C1OC2COC(C2OC3C(C(C(C(C3)CO)OS(=O)([O-])=O)O[*])O)C1OS(=O)([O-])=O,,,,1.1986570869544226,10.1016_j.foodhyd.2018.07.017_part_7.txt_¶Î1_Material3
[*]C(N(CN(C(OCOC(N(CN(C(OCCO[*])=O)[H])[H])=O)=O)[H])[H])=O,[*]CC(COC1=CC=C(C=C1)C(C)(C)C2=CC=C(C=C2)O[*])O,,,,1.7853298350107671,10.1016_j.polymdegradstab.2016.12.001_part_3.txt_¶Î1_Material1
[*]C1C(O)C(O)C(OC2C(O)C(O)C(O[*])OC2COC(C)=O)OC1COC(C)=O,O=[Si]=O,OCCCCO,O=C=NCCCCCCN=C=O,,1.4169731726030363,10.1007_s10570-021-03901-y_part_2.txt_¶Î1_Material1
[*]CCCC([*])OC(C)=O,[*]CC[*],O=[Al]O[Al]=O.O=[Si]=O.O=[Si]=O.O=[Si]=O,,,0.9661417327390326,10.1115_1.4034696_part_1.txt_¶Î1_Material1
[*]C(CCCCCO[*])=O,OCC1OC(C(C(C1[*])O)O)OC2C(C(C(OC2CO)O[*])O)O,OCCOC1C(OCCO)C(C(OCCO)COCCOC(CCCCCCCCCCCCCCCCC)=O)OC1,OCC(O)CO,,1.2380461031287957,10.1021_jf304439s_part_1.txt_¶Î1_Material1
[*]CC[*],O=[Al]O[Al]=O,O=P([O-])([O-])[O-].[Ca+2].[Ca+2].[OH-],,,1.1072099696478683,10.1002_app.33961_part_2.txt_¶Î1_Material1
OCC1OC(C(C(C1[*])O)O)OC2C(C(C(OC2CO)O[*])O)O,OCC1OC(C(C(C1O[*])O)O)[*],,,,1.880813592280792,10.1039_c6ta07681e_part_1.txt_¶Î1_Material1
O=C(C1=CC=C(C=C1)C(OCC[*])=O)O[*],O1C(=O)C=CC1=O,,,,1.8325089127062364,10.1155_2016_7249743_part_1.txt_¶Î1_Material2
O=C([*])OC1=CC=C(C=C1)C(C)(C)C2=CC=C(C=C2)O[*],[*]CC(CC=CCC([*])C1=CC=CC=C1)C#N,C12=CC3=CC4=CC=CN=C4N=C3N=C1N=C5N=C6N=CC=CC6=CC5=C2,,,2.204119982655925,10.1002_app.39105_part_1.txt_¶Î1_Material1
[*]C1C(OC(C(C1O)O)OC2C(OC(C(C2O)O)O[*])CO)CO,[*]C/C=C/CCC(C=C)CC([*])C1=CC=CC=C1,OCC1OC(C(C(C1[*])O)O)OC2C(C(C(OC2CO)O[*])O)O,,,1.4465371670736438,10.1016_j.indcrop.2018.09.039_part_1.txt_¶Î1_Material1
O=C(C1=CC=C(C=C1)C(OCC[*])=O)O[*],C[N+](CCO)(CCO)[3H],,,,1.954724790979063,10.1557_opl.2011.201_part_2.txt_¶Î1_Material1
OP(O)(O)=O,[*]OC1C(C(O)=O)OC(OC2C(NC(C)=O)C([*])OC(CO)C2O)C(O)C1O,,,,1.560504415195057,10.1021_acs.iecr.7b02245_part_2.txt_¶Î1_Material1
O=C([*])OC1=CC=C(C=C1)C(C)(C)C2=CC=C(C=C2)O[*],O=[Al]O[Al]=O.O=[Si]=O.O=[Si]=O.O=[Si]=O,,,,1.792391689498254,10.4028_www.scientific.net_amm.214.31_part_1.txt_¶Î1_Material1
O=C([*])C(C)O[*],OCC1OC(C(C(C1[*])O)O)OC2C(C(C(OC2CO)O[*])O)O,[H][Si]([H])([H])[H],,,1.7708520116421442,10.1016_j.compositesb.2019.107098_part_2.txt_¶Î1_Material1
[*]C(C)C[*],[O-][Si]([O-])([O-])O[Si]([O-])([O-])[O-].[Ca+2],O=C([O-])[O-].[Ca+2],,,1.7634279935629371,10.1134_s0965545x16030172_part_2.txt_¶Î1_Material1
[*]C(C)C[*],[*]CC(CCCC(CC)CC([*])C1=CC=CC=C1)C2=CC=CC=C2,[H][O-],,,1.462397997898956,10.1016_s1672-6529(14)60139-6_part_2.txt_¶Î1_Material1
O=C(C1=CC=C(C=C1)C(OCC[*])=O)O[*],[*]NCC(NC(C(ONCC(NC(C(NCC(NC(C([*])=O)C)=O)=O)C)=O)=O)CO)=O,[*]CCN[*],,,1.6989700043360187,10.1007_s10856-018-6055-3_part_2.txt_¶Î1_Material1
[*]CC(COC1=CC=C(C=C1)C(C)(C)C2=CC=C(C=C2)O[*])O,OCC1OC(C(C(C1[*])O)O)OC2C(C(C(OC2CO)O[*])O)O,O=[Si]=O,,,2.187520720836463,10.1007_s12633-021-01135-y_part_1.txt_¶Î1_Material1
[*]C(CCCCCO[*])=O,COC1=CC(/C=C/C=O)=CC(OC2=CC(C(C(OC3=CC=C(C=C3OC)C(C(CO)=O)O)CO)O)=CC=C2OC4=CC(C(C(COC5=CC=C(C=C5)C(C(CO)=O)O)=O)O)=CC=C4O)=C1,,,,1.6020599913279625,10.4028_www.scientific.net_amr.1070-1072.100_part_1.txt_¶Î1_Material1
[*]C(N(CN(C(OCOC(N(CN(C(OCCO[*])=O)[H])[H])=O)=O)[H])[H])=O,[*]CC([*])N1CCCC1=O,,,,0.9876662649262746,10.1016_j.matdes.2013.11.029_part_1.txt_¶Î1_Material1
[*]C([H])([H])C(O)([H])[*],OCC(O)CO,OC(C(CC(O)=O)(CC(O)=O)O)=O,C(CC=O)CC=O,,1.5275010109811202,10.1177_08927057211007550_part_1.txt_¶Î1_Material1
[*]NC(C)C(N1CCCC1C([*])=O)=O,O=P([O-])([O-])[O-].[Ca+2].[Ca+2].[OH-],,,,-0.040958608,10.1002_jor.21275_part_1.txt_¶Î1_Material1
[*]C(C)C[*],[*]CC(CCCC(CC)CC([*])C1=CC=CC=C1)C2=CC=CC=C2,C12=C3C(C=CC4C3=C5C(CC6=CC7=C8C9=C(C(C=C%10)=CC=C9C=C7)C%11=C%10C%12)=CC4)=CC=C1C=C%12C%13=C%11C8=C6C5=C2%13,C12=CC3=CC4=CC=CN=C4N=C3N=C1N=C5N=C6N=CC=CC6=CC5=C2,,1.3040594662175993,10.1007_s10965-016-0979-4_part_1.txt_¶Î1_Material1
[*]CC(COC1=CC=C(C=C1)C(C)(C)C2=CC=C(C=C2)O[*])O,[*]C(NC1=C(C)C(NC(OCCO[*])=O)=CC=C1)=O,,,,1.9030899869919435,10.1007_s10118-018-2145-4_part_1.txt_¶Î1_Material1
[*]C(C)C[*],[*]C(C)C[*],[*]CC(CCCC(CC)CC([*])C1=CC=CC=C1)C2=CC=CC=C2,[H][O-],[H]Cl,1.4082399653118496,10.1016_j.compositesa.2014.10.019_part_2.txt_¶Î1_Material1
[*]C([H])([H])C(O)([H])[*],OCC(O)CO,,,,1.0492180226701815,10.1016_j.foodhyd.2012.03.007_part_1.txt_¶Î1_Material1
[*]C(N(CN(C(OCOC(N(CN(C(OCCO[*])=O)[H])[H])=O)=O)[H])[H])=O,[*]CC(CC=CCC([*])C1=CC=CC=C1)C#N,,,,1.575187844927661,10.1002_pc.24387_part_2.txt_¶Î1_Material1
O=C([*])C(C)O[*],O=[Al]O[Al]=O,OCC(C(C(C1N)O)O[*])OC1OC2C(OC(C(C2O)N)[*])CO,,,1.9175055095525464,10.1016_j.engreg.2020.08.002_part_2.txt_¶Î1_Material1
OCC(C(C(C1N)O)O[*])OC1OC2C(OC(C(C2O)N)[*])CO,[Ni],,,,1.0253058652647702,10.1080_03602559.2017.1344853_part_1.txt_¶Î1_Material1
O=C([*])C(C)O[*],[*]C(CCCCCO[*])=O,OCC(C(C(C1N)O)O[*])OC1OC2C(OC(C(C2O)N)[*])CO,OCC(O)CO,,1.3725438007590702,10.4028_www.scientific.net_amr.900.320_part_1.txt_¶Î1_Material1
[*]C([H])([H])C(O)([H])[*],O=C(CC(/C=C/C1=CC=C(C(OC)=C1)O)=O)/C=C/C2=CC=C(O)C(OC)=C2,OCC(O)CO,,,1.5177235948337355,10.1016_j.foodhyd.2017.04.018_part_1.txt_¶Î1_Material1
[*]C(CCCCCO[*])=O,C12=C3C(C=CC4C3=C5C(CC6=CC7=C8C9=C(C(C=C%10)=CC=C9C=C7)C%11=C%10C%12)=CC4)=CC=C1C=C%12C%13=C%11C8=C6C5=C2%13,C[Si](O[*])(C)[*],,,0.8055008581584001,10.1177_0892705720912781_part_1.txt_¶Î1_Material1
[*]C(C)C[*],O=C([*])CCCCCN[*],O=[Si]=O,[*]C(C)C[*],,1.3979400086720375,10.1016_j.compositesb.2015.09.033_part_1.txt_¶Î1_Material1
C/C(C[*])=C/C[*],O=C(C(C[*])[*])N,C(CC=O)CC=O,,,0,10.14233_ajchem.2023.27592_OA_part_1.txt_¶Î1_Material1
[*]C([H])([H])C(O)([H])[*],OC1=C2C(C3(O)C4C5C6=C7C8C(C9=CC(C(O)=O)=C(C=C(C=C%10C(O)=O)C%11%12)C(C%11=C%13C%14C%15%16C%17(O%16)C%18C%19=C%20C%21=C%22C(C(O)=C%23)=C%24C%25C%21=C%26C%19=C%27C%17=C%28C%14(O)C%12=C%10C=C%28CC%27=CC%26=CC%25=C(C(O)=O)C=C%24)C9=C7C%13(O)C5=C%15C3=C%18C%29%30C%20(O%30)C%31C%22C%23=C%32)=CC(C(O)=O)=CC8=CC6=C(C(O)=O)C4=C2)=C%29C%33=C%31C%32=C(C(O)=O)C=C%331,OCCOC1C(OCCO)C(C(OCCO)COCCOC(CCCCCCCCCCCCCCCCC)=O)OC1,OC(CO)CO,,1.3172273491764204,10.1007_s10924-019-01627-4_part_1.txt_¶Î1_Material1
O=C([*])C(C)O[*],OP(O)(O)=O,OC1=C2C(C3(O)C4C5C6=C7C8C(C9=CC(C(O)=O)=C(C=C(C=C%10C(O)=O)C%11%12)C(C%11=C%13C%14C%15%16C%17(O%16)C%18C%19=C%20C%21=C%22C(C(O)=C%23)=C%24C%25C%21=C%26C%19=C%27C%17=C%28C%14(O)C%12=C%10C=C%28CC%27=CC%26=CC%25=C(C(O)=O)C=C%24)C9=C7C%13(O)C5=C%15C3=C%18C%29%30C%20(O%30)C%31C%22C%23=C%32)=CC(C(O)=O)=CC8=CC6=C(C(O)=O)C4=C2)=C%29C%33=C%31C%32=C(C(O)=O)C=C%331,,,1.6532125137753435,10.1080_15583724.2020.1850475_part_7.txt_¶Î1_Material1
O=C([*])C(C)O[*],OCC1OC(C(C(C1[*])O)O)OC2C(C(C(OC2CO)O[*])O)O,[Ag],,,1.756027212973441,10.1016_j.carbpol.2013.07.065_part_3.txt_¶Î1_Material1
O=C(C1=CC=C(C=C1)C(OCC[*])=O)O[*],Cl[Fe](Cl)Cl,,,,1.878406887580996,10.4028_www.scientific.net_amm.421.296_part_1.txt_¶Î1_Material1
O=C(C(C[*])[*])N,[*]C1C(C(C(OC1C(O[Na])=O)OC2C(C(O[Na])=O)OC(O[*])C(O)C2O)O)O,OC1=C2C(C3(O)C4C5C6=C7C8C(C9=CC(C(O)=O)=C(C=C(C=C%10C(O)=O)C%11%12)C(C%11=C%13C%14C%15%16C%17(O%16)C%18C%19=C%20C%21=C%22C(C(O)=C%23)=C%24C%25C%21=C%26C%19=C%27C%17=C%28C%14(O)C%12=C%10C=C%28CC%27=CC%26=CC%25=C(C(O)=O)C=C%24)C9=C7C%13(O)C5=C%15C3=C%18C%29%30C%20(O%30)C%31C%22C%23=C%32)=CC(C(O)=O)=CC8=CC6=C(C(O)=O)C4=C2)=C%29C%33=C%31C%32=C(C(O)=O)C=C%331,,,-0.823908741,10.1016_j.eurpolymj.2018.04.019_part_1.txt_¶Î1_Material1
[*]C([H])([H])C(O)([H])[*],[*]OC1C(C(O)=O)OC(OC2C(NC(C)=O)C([*])OC(CO)C2O)C(O)C1O,O=C(O)C([*])C[*],[*]OC1C(C(O)=O)OC(OC2C(NC(C)=O)C([*])OC(CO)C2O)C(O)C1O,O=C(O)C([*])C[*],0.7160033436347992,10.3390_pr9050730_part_5.txt_¶Î1_Material1
[*]CC[*],[*]C(CCCCCO[*])=O,O=[Al]O[Al]=O,,,1.6334684555795864,10.3390_molecules26113090_part_1.txt_¶Î1_Material1
[*]C([H])([H])C(O)([H])[*],O=C(O)C([*])C[*],OC(CO)CO,,,0.5563025007672873,10.1016_j.polymer.2020.122469_part_1.txt_¶Î1_Material1
[*]CC[*],O=[Al]O[Al]=O.O=[Si]=O.O=[Si]=O.O=[Si]=O,,,,1.0413926851582251,10.1177_0095244311398638_part_3.txt_¶Î1_Material1
[*]CC([*])Cl,[Mg+2].[OH-].[OH-],,,,1.3579348470004535,10.1177_0307174x1203901212_part_1.txt_¶Î1_Material1
[*]OC1C(C(OC(C1O)OC2C3C(C(OC2CO3)[*])O)CO)O,[*]C(NC1=C(C)C(NC(OCCO[*])=O)=CC=C1)=O,,,,0.8188854145940099,10.1515_epoly-2023-0035_OA_part_3.txt_¶Î1_Material1
OCC1OC(C(C(C1[*])O)O)OC2C(C(C(OC2CO)O[*])O)O,OCC1OC(C(C(C1[*])O)O)OC2C(C(C(OC2CO)O[*])O)O,O=C=O,[H]Cl,,2.2355284469075487,10.1021_acs.biomac.9b01559_part_2.txt_¶Î1_Material1
[*]C/C=C/CCC([*])C#N,C=C(C(OCC1CO1)=O)C,,,,1.0791812460476249,10.1177_0095244312445523_part_1.txt_¶Î1_Material1
CC(COC(C(CC(C(C(C(OC(C)C)=O)C1=CC=CC=C1)C(OCC(OC(C2=CC=CC=C2C(O)=O)=O)C)=O)C3=CC=CC=C3)C(C(OC(C)C[*])=O)C4=CC=CC=C4)=O)OC(C5=CC=CC=C5C(O[*])=O)=O,[*]NCC(NC(C(ONCC(NC(C(NCC(NC(C([*])=O)C)=O)=O)C)=O)=O)CO)=O,[*]OC1OC(CO)C(OC2C(O)C(O)C([*])C(CO)O2)C(O)C1O,,,1.515211304327802,10.1080_15685543.2013.830513_part_2.txt_¶Î1_Material1
O=C([*])C(C)O[*],C/C(C[*])=C/C[*],C/C(C[*])=C/C[*],O=C([O-])[O-].[Ca+2],,1.4798631130230977,10.4028_www.scientific.net_amr.410.59_part_1.txt_¶Î1_Material2
[*]CC[*],[H][Si]([H])([H])[H],,,,1.0969100130080565,10.1016_j.matpr.2021.03.684_part_1.txt_¶Î1_Material1
[*]OCCCCOC(CCC([*])=O)=O,[*]C(CCCCC(OCCCCO[*])=O)=O,[*]OCC[*],OC(C(C)(CC(C1=CC=CC=C1)[*])CC(C[*])(C(OCC2CO2)=O)C)=O,,1.380211241711606,10.1039_c2gc35875a_part_1.txt_¶Î1_Material1
OP(O)(O)=O,[*]OCC[*],,,,1.4281347940287887,10.1002_app.43302_part_2.txt_¶Î1_Material1
[*]NCCCCCCCCCCCC([*])=O,O=[Zr]=O,,,,1.568201724066995,10.1016_j.dental.2018.09.006_part_2.txt_¶Î1_Material1
[*]C(C)C[*],[*]C1C(OC(C(C1O)O)OC2C(OC(C(C2O)O)O[*])CO)CO,[*]CCCC([*])OC(C)=O,,,1.3521825181113625,10.1177_0095244312439491_part_1.txt_¶Î1_Material1
O=C([*])CCCCCN[*],C/C(C[*])=C/C[*],C12=CC3=CC4=CC=CN=C4N=C3N=C1N=C5N=C6N=CC=CC6=CC5=C2,,,1.8555191556678,10.1088_1757-899x_612_2_022073_part_1.txt_¶Î1_Material1
C(C)(C1=CC=C(OCC2CO2)C=C1)(C)C1=CC=C(OCC2CO2)C=C1,[*]CC([*])Cl,[*]OC1OC(CO)C(OC2C(O)C(O)C([*])C(CO)O2)C(O)C1O,,,1.792391689498254,10.1002_pc.23192_part_1.txt_¶Î1_Material1
[*]CC[*],[Al],O=C1C=CC(O1)=O.C=C,,,1.4517864355242902,10.1016_j.compositesb.2012.10.019_part_1.txt_¶Î1_Material1
O=C(C1=CC=C(C=C1)C(OCC[*])=O)O[*],OC1=C2C(C3(O)C4C5C6=C7C8C(C9=CC(C(O)=O)=C(C=C(C=C%10C(O)=O)C%11%12)C(C%11=C%13C%14C%15%16C%17(O%16)C%18C%19=C%20C%21=C%22C(C(O)=C%23)=C%24C%25C%21=C%26C%19=C%27C%17=C%28C%14(O)C%12=C%10C=C%28CC%27=CC%26=CC%25=C(C(O)=O)C=C%24)C9=C7C%13(O)C5=C%15C3=C%18C%29%30C%20(O%30)C%31C%22C%23=C%32)=CC(C(O)=O)=CC8=CC6=C(C(O)=O)C4=C2)=C%29C%33=C%31C%32=C(C(O)=O)C=C%331,CCO,,,1.799616204481499,10.1155_2013_725396_part_1.txt_¶Î1_Material1
[*]OC1=C(C([*])=CC=C1C)C,[*]CC(C1=CC=CC=C1)[*],[*]CC(CCCC(CC)CC([*])C1=CC=CC=C1)C2=CC=CC=C2,,,1.7512791039833422,10.1002_pen.22159_part_2.txt_¶Î1_Material1
[*]C1=C(C=CN2)C2=C([*])C(O)=C1O,C12=C3C(C=CC4C3=C5C(CC6=CC7=C8C9=C(C(C=C%10)=CC=C9C=C7)C%11=C%10C%12)=CC4)=CC=C1C=C%12C%13=C%11C8=C6C5=C2%13,,,,1.8293037728310249,10.1021_acsami.0c18373_part_1.txt_¶Î1_Material1
[*]C1C(OC(C(C1O)O)OC2C(OC(C(C2O)O)O[*])CO)CO,[*]CC[*],[*]OCC[*],,,0.8864907251724818,10.1002_pc.23307_part_2.txt_¶Î1_Material1
[*]C1=CC=C(C=C1)C(N[*])=O,,,,,1.4629966120280562,10.1007_s10570-018-2170-z_part_1.txt_¶Î1_Material1
[*]C([H])([H])C(O)([H])[*],C[N+](CCO)(CCO)[3H],,,,1.847078862065716,10.3390_polym12020264_part_3.txt_¶Î1_Material1
[*]NCC(NC(C(ONCC(NC(C(NCC(NC(C([*])=O)C)=O)=O)C)=O)=O)CO)=O,O=C(C(C[*])[*])N,CCCCCCCCCCCCOS([O-])(=O)=O.[Na+],[Na+].[Cl-],,0.0681858617461616,10.1039_c8tb02445f_part_1.txt_¶Î1_Material1
[*]CC(COC1=CC=C(C=C1)C(C)(C)C2=CC=C(C=C2)O[*])O,[*]C([H])([H])C(O)([H])[*],C12=CC3=CC4=CC=CN=C4N=C3N=C1N=C5N=C6N=CC=CC6=CC5=C2,,,2.4019172505175748,10.1177_096369351602500303_part_1.txt_¶Î1_Material1
[*]C(N(CN(C(OCOC(N(CN(C(OCCO[*])=O)[H])[H])=O)=O)[H])[H])=O,Cl[Ca]Cl,,,,1.0644579892269184,10.14233_ajchem.2014.15436_part_1.txt_¶Î1_Material1
OC1C(O[*])C(C(O[Ca]O2)=O)OC(OC3C(O)C(O)C(OC4C(C(O[Ca]O5)=O)OC(OC6C(O)C(O)C(OC7C(C(O[Ca]O8)=O)OC(OC9C(O)C(O)C([*])OC9C8=O)C(O)C7O)OC6C5=O)C(O)C4O)OC3C2=O)C1O,OCCOC1C(OCCO)C(C(OCCO)COCCOC(CCCCCCCCCCCCCCCCC)=O)OC1,,,,1.1812717715594616,10.1016_j.foodhyd.2021.106733_part_2.txt_¶Î1_Material1
O=C([*])OC1=CC=C(C=C1)C(C)(C)C2=CC=C(C=C2)O[*],[*]CC(CC=CCC([*])C1=CC=CC=C1)C#N,NC1=NC2=C(N=CN2C2O[C@H](COP(=O)(O)OP(=O)(O)O)[C@H](O)[C@@H]2O)C(=O)N1,,,1.8318697742805017,10.1002_app.51500_part_2.txt_¶Î1_Material4
[*]CC(COC1=CC=C(C=C1)C(C)(C)C2=CC=C(C=C2)O[*])O,[*]C/C=C/CCC([*])C#N,O=[Si]=O,C12=CC3=CC4=CC=CN=C4N=C3N=C1N=C5N=C6N=CC=CC6=CC5=C2,,2.8095597146352675,10.1177_0021998315609976_part_1.txt_¶Î1_Material2
O=C(C1=CC=C(C=C1)C(OCC[*])=O)O[*],COCN(C1=NC(N(COC)COC)=NC(N(COC)COC)=N1)COC,,,,1.4116197059632305,10.1016_j.porgcoat.2016.05.003_part_1.txt_¶Î1_Material1
[*]OCCOC(CC(C([*])=O)C(C1CCCCC1)CC(CC(O)=O)C(OCCO)=O)=O,C/C(C[*])=C/C[*],COC(C(C[*])([*])C)=O,,,1.6366884479532828,10.1016_j.matpr.2021.04.608_part_1.txt_¶Î1_Material2
O=C([*])C(C)O[*],C/C(C[*])=C/C[*],OC1=C2C(C3(O)C4C5C6=C7C8C(C9=CC(C(O)=O)=C(C=C(C=C%10C(O)=O)C%11%12)C(C%11=C%13C%14C%15%16C%17(O%16)C%18C%19=C%20C%21=C%22C(C(O)=C%23)=C%24C%25C%21=C%26C%19=C%27C%17=C%28C%14(O)C%12=C%10C=C%28CC%27=CC%26=CC%25=C(C(O)=O)C=C%24)C9=C7C%13(O)C5=C%15C3=C%18C%29%30C%20(O%30)C%31C%22C%23=C%32)=CC(C(O)=O)=CC8=CC6=C(C(O)=O)C4=C2)=C%29C%33=C%31C%32=C(C(O)=O)C=C%331,CCCCCCCCCCCCCCCCCCOC(CCC1=CC(C(C)(C)C)=C(C(C(C)(C)C)=C1)O)=O,,1.3617278360175928,10.1016_j.polymertesting.2014.07.004_part_1.txt_¶Î1_Material1
O=C([*])CCCCCN[*],[*]CC(CCCC(CC)CC([*])C1=CC=CC=C1)C2=CC=CC=C2,C[N+](CCO)(CCO)[3H],,,1.7686381012476144,10.1515_flret-2018-0001_part_1.txt_¶Î1_Material1
OCC(C(C(C1N)O)O[*])OC1OC2C(OC(C(C2O)N)[*])CO,[*]OCC[*],C(CC=O)CC=O,[*]CC(COC1=CC=C(C=C1)C(C)(C)C2=CC=C(C=C2)O[*])O,,1.4881274962474584,10.3390_polym11111737_part_2.txt_¶Î1_Material1
[*]NCCCCCCCCCCCC([*])=O,O=C(CCCCC(N(CCCCCCN([*])[H])[H])=O)[*],,,,1.3494717992143856,10.1002_pc.21100_part_2.txt_¶Î1_Material1
[*]O[C@H](C)CC([*])=O,[*]C(CCCCCO[*])=O,[Fe]12O[Fe]O[Fe](O2)O1,OCC1OC(C(C(C1[*])O)O)OC2C(C(C(OC2CO)O[*])O)O,,1.5922878159521308,10.1016_j.addma.2021.102146_part_2.txt_¶Î1_Material1
O=C([*])C(C)O[*],[*]C1C(OC(C(C1O)O)OC2C(OC(C(C2O)O)O[*])CO)CO,,,,1.4502491083193612,10.1016_j.carbpol.2016.03.082_part_3.txt_¶Î1_Material1
[*]C(N(CN(C(OCOC(N(CN(C(OCCO[*])=O)[H])[H])=O)=O)[H])[H])=O,C(COC(=O)CCS)(COC(=O)CCS)(COC(=O)CCS)COC(=O)CCS,,,,1.2387985627139169,10.1039_d2ma00085g_OA_part_3.txt_¶Î1_Material1
[*]C(CCCCCO[*])=O,[*]OCC[*],[*]OCC[*],,,0.7944880466591696,10.3390_polym9050183_part_2.txt_¶Î1_Material1
[*]C(C=C1)=CC=C1S[*],O=C([*])CCCCCN[*],OC1=C2C(C3(O)C4C5C6=C7C8C(C9=CC(C(O)=O)=C(C=C(C=C%10C(O)=O)C%11%12)C(C%11=C%13C%14C%15%16C%17(O%16)C%18C%19=C%20C%21=C%22C(C(O)=C%23)=C%24C%25C%21=C%26C%19=C%27C%17=C%28C%14(O)C%12=C%10C=C%28CC%27=CC%26=CC%25=C(C(O)=O)C=C%24)C9=C7C%13(O)C5=C%15C3=C%18C%29%30C%20(O%30)C%31C%22C%23=C%32)=CC(C(O)=O)=CC8=CC6=C(C(O)=O)C4=C2)=C%29C%33=C%31C%32=C(C(O)=O)C=C%331,,,1.7543483357110188,10.1007_s13233-020-8038-8_part_1.txt_¶Î1_Material1
[*]C1C(OC(C(C1O)O)OC2C(OC(C(C2O)O)O[*])CO)CO,[*]NC(C(N1CCCC1C(NCC(N2CC(CC2C(NC(C(NCC([*])=O)=O)CO)=O)O)=O)=O)=O)CCCCN,OCC(O)CO,,,0.8750612633917001,10.1002_app.46254_part_2.txt_¶Î1_Material1
[*]C(NC1=C(C)C(NC(OCCO[*])=O)=CC=C1)=O,O=[Ti]=O,[H][Si]([H])([H])[H],,,1.8518696007297664,10.1016_j.apsusc.2010.12.020_part_1.txt_¶Î1_Material1
O=C([*])C(C)O[*],[*]C(CCCCC(OCCCCO[*])=O)=O,C=C(C(OCC1CO1)=O)C,OC(C(C)(CC(C1=CC=CC=C1)[*])CC(C[*])(C(OCC2CO2)=O)C)=O,,1.6989700043360187,10.1016_j.polymer.2020.122591_part_8.txt_¶Î1_Material1
O=C([*])OC1=CC=C(C=C1)C(C)(C)C2=CC=C(C=C2)O[*],CC(CC(C(C(O1)=O)CC1=O)[*])C[*],,,,1.7774268223893113,10.1515_adms-2016-0019_part_1.txt_¶Î1_Material1
[*]C(NC1=C(C)C(NC(OCCO[*])=O)=CC=C1)=O,COC(C(C[*])([*])C)=O,,,,1.2227164711475833,10.1007_s11998-021-00476-y_part_1.txt_¶Î1_Material1
[*]C/C=C/C[*],,,,,1.3789426986134374,10.1021_ie3003123_part_2.txt_¶Î1_Material2
[*]CC[*],[*]C/C=C/CCC(C=C)CC([*])C1=CC=CC=C1,[*]CC(CCCC(CC)CC([*])C1=CC=CC=C1)C2=CC=CC=C2,,,1.0644579892269184,10.3139_217.2473_part_2.txt_¶Î1_Material1
[*]CCCCOCCCCOCCCCOCCCCO[*],,,,,1.3845326154942486,10.3390_polym13040525_part_3.txt_¶Î1_Material1
[*]C([C@H](C)OC([C@H](C)O[*])=O)=O,[*]OCCCCOC(CCC([*])=O)=O,[*]C([C@H](C)OC([C@H](C)O[*])=O)=O,,,1.6794278966121188,10.1016_j.polymdegradstab.2016.11.022_part_5.txt_¶Î1_Material1
O=C([*])C(C)O[*],[*]C(CCCCC(OCCCCO[*])=O)=O,[*]CCC(CCCCCC)C[*],,,1.3579348470004535,10.3389_fmats.2020.00130_part_2.txt_¶Î1_Material1
[*]N1C(C2=CC3=C(C=C2C1=O)C(N(C3=O)C4=CC=C(C=C4)OC5=CC=C(C=C5)[*])=O)=O,[*]C1=C(C=CN2)C2=C([*])C(O)=C1O,,,,2.3064679187148034,10.1016_j.matchemphys.2020.122677_part_1.txt_¶Î1_Material1
C[Si](C)(C[*])O[*],C=C([CH3])C(=O)O[CH3],CCCC[Sn](OC(CC(C)CCCCCCCC)=O)(OC(CCCCCCCCCCC)=O)CCCC,,,0.4913616938342727,10.4028_www.scientific.net_amr.535-537.1193_part_1.txt_¶Î1_Material1
[*]C/C=C/CCC(C/C=C\C[*])C=C,CC(CO[*])[*],CC1=CC=C(C=C1N=C=O)N=C=O,OCCCCO,,1.3010299956639813,10.1007_s00396-016-4010-8_part_1.txt_¶Î1_Material1
[*]OCCCCOC(CCC([*])=O)=O,[H][O-],,,,1.893206753059848,10.1177_1528083718821876_part_1.txt_¶Î1_Material1
[*]C([H])([H])C(O)([H])[*],O=C(O)C([*])C[*],[*]C1=C2C(OCCO2)=C([*])S1,OC(CO)CO,,0.5185139398778874,10.1016_j.polymer.2020.122469_part_4.txt_¶Î1_Material1
C/C(C[*])=C/C[*],[*]CCCC(C1C([*])C2CC1C/C2=C/C)C,[C],,,1.740362689494244,10.1016_j.polymertesting.2012.11.003_part_1.txt_¶Î1_Material2
C[Si](C)(C[*])O[*],C=C([CH3])C(=O)O[CH3],,,,0.3979400086720376,10.1007_s13206-010-4210-0_part_1.txt_¶Î1_Material1
[*]CC[*],C[Si](C)(C[*])O[*],O=C=NC(C=C1)=CC=C1CC2=CC=C(C=C2)N=C=O,OCCCCO,,1.1139433523068367,10.1002_app.42521_part_1.txt_¶Î1_Material1
[*]CNCC1=CC=CC([*])=C1O,OCC1OC(C(C(C1[*])O)O)OC2C(C(C(OC2CO)O[*])O)O,O=[Si]=O,,,1.6532125137753435,10.1177_0967391120903664_part_1.txt_¶Î1_Material1
C[Si](C)(C[*])O[*],[*]NCCCCCCCCCCCC([*])=O,O=[Si]=O,,,1.292256071356476,10.3144_expresspolymlett.2014.26_part_2.txt_¶Î1_Material1
[*]C(C)C[*],NC1=CC=C(C=C1)/C2=C3C=C/C(N\3)=C(C4=N/C(C=C4)=C(C5=CC=C(N5)/C(C6=CC=CC=C6)=C7N=C2C=C\7)/C8=CC=CC=C8)\C9=CC=CC=C9,C12=CC3=CC4=CC=CN=C4N=C3N=C1N=C5N=C6N=CC=CC6=CC5=C2,,,1.6334684555795864,10.1016_j.compositesa.2019.05.003_part_2.txt_¶Î1_Material1
C[Si](C)(C[*])O[*],OC1=C2C(C3(O)C4C5C6=C7C8C(C9=CC(C(O)=O)=C(C=C(C=C%10C(O)=O)C%11%12)C(C%11=C%13C%14C%15%16C%17(O%16)C%18C%19=C%20C%21=C%22C(C(O)=C%23)=C%24C%25C%21=C%26C%19=C%27C%17=C%28C%14(O)C%12=C%10C=C%28CC%27=CC%26=CC%25=C(C(O)=O)C=C%24)C9=C7C%13(O)C5=C%15C3=C%18C%29%30C%20(O%30)C%31C%22C%23=C%32)=CC(C(O)=O)=CC8=CC6=C(C(O)=O)C4=C2)=C%29C%33=C%31C%32=C(C(O)=O)C=C%331,[O-][Si]([O-])([O-])O[Si]([O-])([O-])[O-].[Ca+2],,,0,10.1002_app.48958_part_1.txt_¶Î1_Material1
O=C(O[*])CCCCCCCCCCN[*],OC(C(C)(CC(C1=CC=CC=C1)[*])CC(C[*])(C(OCC2CO2)=O)C)=O,O=[Ti]=O,,,1.7024305364455252,10.1016_j.indcrop.2016.02.007_part_3.txt_¶Î1_Material1
O=C([*])C(C)O[*],[*]CC(CC=CCC([*])C1=CC=CC=C1)C#N,OCC1OC(OC2C(O)C(O)C(O[*])OC2CO)C(O)C(O)C1[*],[H][Si]([H])([H])[H],,1.3010299956639813,10.1088_1757-899x_701_1_012055_part_2.txt_¶Î1_Material1
[*]CC(COC1=CC=C(C=C1)C(C)(C)C2=CC=C(C=C2)O[*])O,[*]NCC(NC(C(ONCC(NC(C(NCC(NC(C([*])=O)C)=O)=O)C)=O)=O)CO)=O,,,,2.1616973421081176,10.1016_j.matpr.2020.07.618_part_1.txt_¶Î1_Material1
FC(F)([*])C([H])([*])[H],O=[Ti]=O,[*]OCC[*],,,1.146128035678238,10.1016_j.apsusc.2015.03.193_part_1.txt_¶Î1_Material1
O=C([*])C(C)O[*],C=C([CH3])C(=O)O[CH3],,,,1.792391689498254,10.1002_app.43935_part_2.txt_¶Î1_Material4
OCC(C(C(C1N)O)O[*])OC1OC2C(OC(C(C2O)N)[*])CO,[*]NC(C)C(N1CCCC1C([*])=O)=O,,,,1.4394905903896835,10.1007_s11483-021-09678-8_part_2.txt_¶Î1_Material1
O=C([*])C(C)O[*],[*]C1C(OC(C(C1O)O)OC2C(OC(C(C2O)O)O[*])CO)CO,NC1=CC=C(C=C1)/C2=C3C=C/C(N\3)=C(C4=N/C(C=C4)=C(C5=CC=C(N5)/C(C6=CC=CC=C6)=C7N=C2C=C\7)/C8=CC=CC=C8)\C9=CC=CC=C9,OCC(O)CO,[H]O[H],1.3010299956639813,10.1002_star.201100024_part_3.txt_¶Î1_Material1
[*]NC(C(N1CCCC1C(NCC(N2CC(CC2C(NC(C(NCC([*])=O)=O)CO)=O)O)=O)=O)=O)CCCCN,O=C(C(C[*])[*])N,OS(=O)(OOS(O)(=O)=O)=O.N.N,,,-0.568636236,10.1039_c7tb01780d_part_2.txt_¶Î1_Material1
C[Si](C)(C[*])O[*],C[Si](C)(C[*])O[*],,,,-0.096910013,10.1021_am508515z_part_2.txt_¶Î1_Material1
OCC(C(C(C1N)O)O[*])OC1OC2C(OC(C(C2O)N)[*])CO,[*]C1C(C(C(OC1C(O[Na])=O)OC2C(C(O[Na])=O)OC(O[*])C(O)C2O)O)O,OC1=C2C(C3(O)C4C5C6=C7C8C(C9=CC(C(O)=O)=C(C=C(C=C%10C(O)=O)C%11%12)C(C%11=C%13C%14C%15%16C%17(O%16)C%18C%19=C%20C%21=C%22C(C(O)=C%23)=C%24C%25C%21=C%26C%19=C%27C%17=C%28C%14(O)C%12=C%10C=C%28CC%27=CC%26=CC%25=C(C(O)=O)C=C%24)C9=C7C%13(O)C5=C%15C3=C%18C%29%30C%20(O%30)C%31C%22C%23=C%32)=CC(C(O)=O)=CC8=CC6=C(C(O)=O)C4=C2)=C%29C%33=C%31C%32=C(C(O)=O)C=C%331,,,1.958085848521085,10.1080_09276440.2015.1018716_part_2.txt_¶Î1_Material1
[O-]S(OC1C(CO)OC(OC2C3COC2C(O)C(OC2C(O)C(OC4C5COC4C(O)C(O)O5)OC(CO)C2OS([O-])(=O)=O)O3)C(O)C1O)(=O)=O,O=C(C(C[*])[*])N,OC1=C2C(C3(O)C4C5C6=C7C8C(C9=CC(C(O)=O)=C(C=C(C=C%10C(O)=O)C%11%12)C(C%11=C%13C%14C%15%16C%17(O%16)C%18C%19=C%20C%21=C%22C(C(O)=C%23)=C%24C%25C%21=C%26C%19=C%27C%17=C%28C%14(O)C%12=C%10C=C%28CC%27=CC%26=CC%25=C(C(O)=O)C=C%24)C9=C7C%13(O)C5=C%15C3=C%18C%29%30C%20(O%30)C%31C%22C%23=C%32)=CC(C(O)=O)=CC8=CC6=C(C(O)=O)C4=C2)=C%29C%33=C%31C%32=C(C(O)=O)C=C%331,,,-0.193820026,10.1016_j.polymer.2019.122138_part_3.txt_¶Î1_Material1
O=C(C1=CC=C(C=C1)C(OCC[*])=O)O[*],O=[Ti]=O,O=[Al]O[Al]=O,,,1.7781512503836436,10.1016_j.surfcoat.2019.125025_part_2.txt_¶Î1_Material1
C/C(C[*])=C/C[*],C/C(C[*])=C/C[*],,,,0.7634279935629372,10.1016_j.polymer.2010.06.026_part_1.txt_¶Î1_Material1
OC1=C(C=CC=C1CC2=CC=CC([*])=C2O)CC3=CC=CC([*])=C3O,OCC1OC(C(C(C1[*])O)O)OC2C(C(C(OC2CO)O[*])O)O,[H][Si]([H])([H])[H],,,1.2214142378423387,10.1002_pen.23772_part_2.txt_¶Î1_Material2
[*]C1C(C(C(OC1C(O[Na])=O)OC2C(C(O[Na])=O)OC(O[*])C(O)C2O)O)O,O=[Ti]=O,[Cu],,,1.209515014542631,10.1007_s10570-017-1541-1_part_2.txt_¶Î1_Material2
[*]C1C(OC(C(C1O)O)OC2C(OC(C(C2O)O)O[*])CO)CO,OCC(C(C(C1N)O)O[*])OC1OC2C(OC(C(C2O)N)[*])CO,OCC(O)CO,,,0.8998205024270963,10.1016_j.foodhyd.2015.03.019_part_4.txt_¶Î1_Material1
O=C(C1=CC=C(C=C1)C(OCC[*])=O)O[*],[O-][Si]([O-])([O-])O[Si]([O-])([O-])[O-].[Ca+2],[O-][Si]([O-])([O-])O[Si]([O-])([O-])[O-].[Ca+2],,,1.4955443375464486,10.1002_vnl.21753_part_1.txt_¶Î1_Material1
[*]C(CCCCC(OCCCCO[*])=O)=O,[*]C1C(OC(C(C1O)O)OC2C(OC(C(C2O)O)O[*])CO)CO,[Mg],,,1.4313637641589874,10.1016_j.carbpol.2015.01.058_part_1.txt_¶Î1_Material1
[*]OCCCCOC(CCC([*])=O)=O,[H][Si]([H])([H])[H],,,,1.369957607346053,10.4028_www.scientific.net_msf.675-677.361_part_1.txt_¶Î1_Material1
[*]C(C)C[*],[*]NC(C)C(N1CCCC1C([*])=O)=O,,,,1.1622656142980214,10.1002_jbm.b.34016_part_2.txt_¶Î1_Material2
[*]OCCOC(CC(C([*])=O)C(C1CCCCC1)CC(CC(O)=O)C(OCCO)=O)=O,[*]OC1OC(CO)C(OC2C(O)C(O)C([*])C(CO)O2)C(O)C1O,,,,1.462397997898956,10.4028_www.scientific.net_nhc.25.22_part_1.txt_¶Î1_Material1
[*]C1OC2COC(C2OC3C(C(C(C(C3)CO)OS(=O)([O-])=O)O[*])O)C1OS(=O)([O-])=O,O=C(C(C[*])[*])N,OC1=C2C(C3(O)C4C5C6=C7C8C(C9=CC(C(O)=O)=C(C=C(C=C%10C(O)=O)C%11%12)C(C%11=C%13C%14C%15%16C%17(O%16)C%18C%19=C%20C%21=C%22C(C(O)=C%23)=C%24C%25C%21=C%26C%19=C%27C%17=C%28C%14(O)C%12=C%10C=C%28CC%27=CC%26=CC%25=C(C(O)=O)C=C%24)C9=C7C%13(O)C5=C%15C3=C%18C%29%30C%20(O%30)C%31C%22C%23=C%32)=CC(C(O)=O)=CC8=CC6=C(C(O)=O)C4=C2)=C%29C%33=C%31C%32=C(C(O)=O)C=C%331,,,-0.37675071,10.1016_j.polymer.2019.122138_part_1.txt_¶Î1_Material1
COC(C(C[*])([*])C)=O,,,,,1.4199557484897578,10.1002_jbm.b.33643_part_4.txt_¶Î1_Material2
[*]C(N(CN(C(OCOC(N(CN(C(OCCO[*])=O)[H])[H])=O)=O)[H])[H])=O,[Al],,,,0.9637878273455552,10.1007_s10118-014-1378-0_part_1.txt_¶Î1_Material1
O=C([*])CCCCCCCCCCC(NCCCCCCN[*])=O,,,,,1.731346975545955,10.4028_www.scientific.net_msf.798-799.732_part_1.txt_¶Î1_Material1
[*]CCCCO[*],[*]OCC[*],C[Si](C)(C[*])O[*],,,1.1218879851036812,10.1515_epoly.2011.11.1.750_part_1.txt_¶Î1_Material1
C=C([CH3])C(=O)O[CH3],[*]C/C=C/CCC(C=C)CC([*])C1=CC=CC=C1,O=C=NC(C=C1)=CC=C1CC2=CC=C(C=C2)N=C=O,,,1.0718820073061257,10.1016_j.matlet.2012.10.050_part_1.txt_¶Î1_Material1
[*]C1C(OC(C(C1O)O)OC2C(OC(C(C2O)O)O[*])CO)CO,[*]C([H])([H])C(O)([H])[*],O=[Al]O[Al]=O.O=[Si]=O.O=[Si]=O.O=[Si]=O,[H]O[H],,1.9489017609702133,10.1016_j.compscitech.2010.05.022_part_2.txt_¶Î1_Material1
[*]CC[*],[O-][Si]([O-])([O-])O[Si]([O-])([O-])[O-].[Ca+2],O=C([O-])[O-].[Ca+2],,,1,10.1088_1742-6596_1279_1_012076_part_1.txt_¶Î1_Material1
O=C([*])OC1=CC=C(C=C1)C(C)(C)C2=CC=C(C=C2)O[*],[*]CC(CC=CCC([*])C1=CC=CC=C1)C#N,O=[Si]=O,,,1.7781512503836436,10.1002_app.45777_part_1.txt_¶Î1_Material1
[*]OCC[*],[Ag+],,,,1.5669086552268034,10.1007_s00289-021-03725-7_part_2.txt_¶Î1_Material1
[*]C(NC1=C(C)C(NC(OCCO[*])=O)=CC=C1)=O,[*]OCCOC(CC(C([*])=O)C(C1CCCCC1)CC(CC(O)=O)C(OCCO)=O)=O,O=C(C1=CC=C(C([*])=O)C=C1)NC2=CCC(N[*])C=C2,,,1.7817553746524688,10.1007_s10924-019-01623-8_part_1.txt_¶Î1_Material1
[*]C([C@H](C)OC([C@H](C)O[*])=O)=O,,,,,1.3010299956639813,10.1080_09205063.2013.825752_part_1.txt_¶Î1_Material1
[*]C1C(OC(C(C1O)O)OC2C(OC(C(C2O)O)O[*])CO)CO,OCC1OC(C(C(C1[*])O)O)OC2C(C(C(OC2CO)O[*])O)O,[Ag+],OC[C@@H]([C@H]([C@@H]([C@@H](CO)O)O)O)O,OCC(O)CO,0.9982593384236988,10.1007_s10570-020-03567-y_part_1.txt_¶Î1_Material1
OCC(C(C(C1N)O)O[*])OC1OC2C(OC(C(C2O)N)[*])CO,[*]OCC[*],[Ag+],O=[Ti]=O,,1.95390459341346,10.1016_j.polymertesting.2020.107013_part_2.txt_¶Î1_Material1
OP(O)(O)=O,OCC(C(C(C1N)O)O[*])OC1OC2C(OC(C(C2O)N)[*])CO,,,,1.389343311252078,10.1007_s12210-017-0646-7_part_1.txt_¶Î1_Material1
[*]C1C(OC(C(C1O)O)OC2C(OC(C(C2O)O)O[*])CO)CO,O=[Al]O[Al]=O.O=[Si]=O.O=[Si]=O.O=[Si]=O,OCC(C(C(C1N)O)O[*])OC1OC2C(OC(C(C2O)N)[*])CO,,,1.3010299956639813,10.1177_8756087915590189_part_4.txt_¶Î1_Material3
OC1=C(C=CC=C1CC2=CC=CC([*])=C2O)CC3=CC=CC([*])=C3O,CC(NC1C([C@@H](C(O[C@H]1O[*])CO)O[C@@H]2OC([C@H]([C@@H](C2NC(C)=O)O)[*])CO)O)=O,,,,1,10.1007_s10965-019-1834-1_part_1.txt_¶Î1_Material1
N#CC(C1=CC=CC=N1)C1=CC=CC=C1,[*]NC(C(N1CCCC1C(NCC(N2CC(CC2C(NC(C(NCC([*])=O)=O)CO)=O)O)=O)=O)=O)CCCCN,[*]C1C(C(C(OC1C(O[Na])=O)OC2C(C(O[Na])=O)OC(O[*])C(O)C2O)O)O,CCN=C=NCCCN(C)C,,0.887054378050957,10.1002_jbm.b.33459_part_1.txt_¶Î1_Material1
OCC1OC(C(C(C1[*])O)O)OC2C(C(C(OC2CO)O[*])O)O,N#CC(C1=CC=CC=N1)C1=CC=CC=C1,,,,1.299942900022767,10.1007_s10570-019-02513-x_part_2.txt_¶Î1_Material1
OCC1OC(C(C(C1O[*])O)O)[*],[*]C1C(OC(C(C1O)O)OC2C(OC(C(C2O)O)O[*])CO)CO,,,,2.225309281725863,10.1007_s10570-012-9790-5_part_1.txt_¶Î1_Material1
OCC(O)CO,[*]C(CCCCCO[*])=O,,,,1.0625819842281632,10.1007_s10924-011-0374-5_part_1.txt_¶Î1_Material1
[*]C(C1=CC=C(C=C1)C(OCCCCOC(C2=CC=C(C=C2)C(OCCCCO[*])=O)=O)=O)=O,[*]C(C1=CC=C(C(OCCCCO[*])=O)C=C1)=O,[*]C(F)(C(F)([*])F)F,,,1.569373909615046,10.1155_2016_8515103_part_1.txt_¶Î1_Material1
[*]C([H])([H])C(O)([H])[*],OCC(O)CO,OCC1OC(C(C(C1[*])O)O)OC2C(C(C(OC2CO)O[*])O)O,,,1.8623699371228823,10.1016_j.msec.2016.11.135_part_6.txt_¶Î1_Material1
[*]CC[*],O=C([*])CCCCCN[*],[*]OCC[*],,,1.0726174765452363,10.1177_0734242x18777795_part_1.txt_¶Î1_Material1
O=C([*])CCCCCN[*],[*]C(NC1=C(C)C(NC(OCCO[*])=O)=CC=C1)=O,,,,1.5550944485783191,10.1002_adv.21837_part_1.txt_¶Î1_Material1
[*]C(N(CN(C(OCOC(N(CN(C(OCCO[*])=O)[H])[H])=O)=O)[H])[H])=O,[*]C(N(CN(C(OCOC(N(CN(C(OCCO[*])=O)[H])[H])=O)=O)[H])[H])=O,[*]C(N(CN(C(OCOC(N(CN(C(OCCO[*])=O)[H])[H])=O)=O)[H])[H])=O,,,0.8129133566428556,10.1007_s42452-019-0908-3_part_1.txt_¶Î1_Material1
O=C([*])C(C)O[*],O=P([O-])([O-])[O-].[Ca+2].[Ca+2].[OH-],[*]OCC[*],[O-][Si]([O-])([O-])O[Si]([O-])([O-])[O-].[Ca+2],,1.6989700043360187,10.1016_j.engreg.2020.08.002_part_1.txt_¶Î1_Material1
[*]C1C(C(C(OC1C(O[Na])=O)OC2C(C(O[Na])=O)OC(O[*])C(O)C2O)O)O,OCC(O)CO,OC(C(CC(O)=O)(CC(O)=O)O)=O,,,1.5328817194073971,10.1007_s11694-020-00605-y_part_1.txt_¶Î1_Material1
[*]C([H])([H])C(O)([H])[*],[*]C1C(OC(C(C1O)O)OC2C(OC(C(C2O)O)O[*])CO)CO,OCC(O)CO,,,1.740362689494244,10.1007_s10924-012-0419-4_part_2.txt_¶Î1_Material1
[*]C(C)C[*],NC1=CC=C(C=C1)/C2=C3C=C/C(N\3)=C(C4=N/C(C=C4)=C(C5=CC=C(N5)/C(C6=CC=CC=C6)=C7N=C2C=C\7)/C8=CC=CC=C8)\C9=CC=CC=C9,O1C(=O)C=CC1=O,,,1.64738297011462,10.1002_app.36445_part_1.txt_¶Î1_Material1
[*]C(NC1=C(C)C(NC(OCCO[*])=O)=CC=C1)=O,[*]OCC[*],,,,1.4771212547196624,10.1007_s10853-016-0689-7_part_3.txt_¶Î1_Material1
[*]C1C(OC(C(C1O)O)OC2C(OC(C(C2O)O)O[*])CO)CO,[*]C([H])([H])C(O)([H])[*],Cl[Ca]Cl,OCC(O)CO,,1.230448921378274,10.1002_pc.23517_part_2.txt_¶Î1_Material1
OCC1OC(C(C(C1[*])O)O)OC2C(C(C(OC2CO)O[*])O)O,O=C([*])C(C)O[*],,,,1.980911937776844,10.1007_s10570-018-1822-3_part_1.txt_¶Î1_Material2
[*]C/C=C/CCC([*])C#N,[*]CCCC([*])OC(C)=O,OC1=C2C(C3(O)C4C5C6=C7C8C(C9=CC(C(O)=O)=C(C=C(C=C%10C(O)=O)C%11%12)C(C%11=C%13C%14C%15%16C%17(O%16)C%18C%19=C%20C%21=C%22C(C(O)=C%23)=C%24C%25C%21=C%26C%19=C%27C%17=C%28C%14(O)C%12=C%10C=C%28CC%27=CC%26=CC%25=C(C(O)=O)C=C%24)C9=C7C%13(O)C5=C%15C3=C%18C%29%30C%20(O%30)C%31C%22C%23=C%32)=CC(C(O)=O)=CC8=CC6=C(C(O)=O)C4=C2)=C%29C%33=C%31C%32=C(C(O)=O)C=C%331,,,0.7323937598229685,10.1007_s10965-017-1309-1_part_1.txt_¶Î1_Material1
O=C(C1=CC=C(C=C1)C(OCC[*])=O)O[*],[*]CC(CC=CCC([*])C1=CC=CC=C1)C#N,,,,1.190051417759206,10.1177_204124791700800403_part_3.txt_¶Î1_Material1
[*]C(C)C[*],O=C([*])C(C)O[*],,,,1.5440680443502757,10.1016_j.compositesa.2015.03.029_part_2.txt_¶Î1_Material1
O=C(CCCCC(N(CCCCCCN([*])[H])[H])=O)[*],OC1=C2C(C3(O)C4C5C6=C7C8C(C9=CC(C(O)=O)=C(C=C(C=C%10C(O)=O)C%11%12)C(C%11=C%13C%14C%15%16C%17(O%16)C%18C%19=C%20C%21=C%22C(C(O)=C%23)=C%24C%25C%21=C%26C%19=C%27C%17=C%28C%14(O)C%12=C%10C=C%28CC%27=CC%26=CC%25=C(C(O)=O)C=C%24)C9=C7C%13(O)C5=C%15C3=C%18C%29%30C%20(O%30)C%31C%22C%23=C%32)=CC(C(O)=O)=CC8=CC6=C(C(O)=O)C4=C2)=C%29C%33=C%31C%32=C(C(O)=O)C=C%331,,,,1.8893017025063104,10.1016_j.compositesb.2017.01.054_part_2.txt_¶Î1_Material1
[*]C1C(C(C(OC1C(O[Na])=O)OC2C(C(O[Na])=O)OC(O[*])C(O)C2O)O)O,OCC(C(C(C1N)O)O[*])OC1OC2C(OC(C(C2O)N)[*])CO,OCC1OC(C(C(C1[*])O)O)OC2C(C(C(OC2CO)O[*])O)O,,,1.678518379040114,10.1016_j.carbpol.2014.02.054_part_2.txt_¶Î1_Material1
C/C(C[*])=C/C[*],[*]C/C=C/CCC(C=C)CC([*])C1=CC=CC=C1,C12=C3C(C=CC4C3=C5C(CC6=CC7=C8C9=C(C(C=C%10)=CC=C9C=C7)C%11=C%10C%12)=CC4)=CC=C1C=C%12C%13=C%11C8=C6C5=C2%13,,,1.021189299069938,10.1002_app.47278_part_1.txt_¶Î1_Material1
[*]C(CCCCCO[*])=O,[*]NC(C(N1CCCC1C(NCC(N2CC(CC2C(NC(C(NCC([*])=O)=O)CO)=O)O)=O)=O)=O)CCCCN,OCC(C(C(C1N)O)O[*])OC1OC2C(OC(C(C2O)N)[*])CO,,,0.3010299956639812,10.1016_j.actbio.2012.10.032_part_1.txt_¶Î1_Material1
[*]C(CCCCCO[*])=O,OCCOC1C(OCCO)C(C(OCCO)COCCOC(CCCCCCCCCCCCCCCCC)=O)OC1,,,,0.557507201905658,10.3390_ijms22147690_part_1.txt_¶Î1_Material1
[*]C(C)C[*],[O-][Si]([O-])([O-])O[Si]([O-])([O-])[O-].[Ca+2],,,,1.5921767573958667,10.1177_0021998310380290_part_1.txt_¶Î1_Material2
O=C(CCCCC(N(CCCCCCN([*])[H])[H])=O)[*],[Cu],,,,1.9068735347220704,10.1007_s00289-021-03751-5_part_1.txt_¶Î1_Material1
O=C(O[*])CCCCCCCCCCN[*],,,,,1.827369273053825,10.1007_s10118-020-2449-z_part_2.txt_¶Î1_Material1
[*]C(C)C[*],[*]CCC(CCCCCC)C[*],O=[Si]=O,,,1,10.3390_ma11081321_part_1.txt_¶Î1_Material1
O=C([*])OC1=CC=C(C=C1)C(C)(C)C2=CC=C(C=C2)O[*],[*]CC(CC=CCC([*])C1=CC=CC=C1)C#N,O=[Si]=O,[*]CCCC([*])C(OC)=O,,1.8608767964032973,10.1002_pen.25011_part_1.txt_¶Î1_Material1
O=C(CCCCC(NCCCCCCCCCCN[*])=O)[*],O[Si](O)(O[Si](O)(O)O)O.[Al].[Al].O,,,,1.5854607295085006,10.3390_polym12071503_part_1.txt_¶Î1_Material1
[*]OC1C(C(OC(C1O)OC2C3C(C(OC2CO3)[*])O)CO)O,[*]C1C(C(C(OC1C(O[Na])=O)OC2C(C(O[Na])=O)OC(O[*])C(O)C2O)O)O,[*]C1OC2COC(C2OC3C(C(C(C(C3)CO)OS(=O)([O-])=O)O[*])O)C1OS(=O)([O-])=O,,,1.3552599055273784,10.1007_s00289-021-03797-5_part_4.txt_¶Î1_Material1
[*]C(CCCCCO[*])=O,OCC(C(C(C1N)O)O[*])OC1OC2C(OC(C(C2O)N)[*])CO,O=[Al]O[Al]=O.O=[Si]=O.O=[Si]=O.O=[Si]=O,O=[Al]O[Al]=O.O=[Si]=O.O=[Si]=O.O=[Si]=O,,1.177536499929862,10.1177_0731684411410338_part_1.txt_¶Î1_Material1
[*]CC[*],O=C(O[Na])COCC(OC(C(C1O)O)[*])C1OC(C(C(C2O[*])O)O)OC2COCC(O[Na])=O,OC1=C2C(C3(O)C4C5C6=C7C8C(C9=CC(C(O)=O)=C(C=C(C=C%10C(O)=O)C%11%12)C(C%11=C%13C%14C%15%16C%17(O%16)C%18C%19=C%20C%21=C%22C(C(O)=C%23)=C%24C%25C%21=C%26C%19=C%27C%17=C%28C%14(O)C%12=C%10C=C%28CC%27=CC%26=CC%25=C(C(O)=O)C=C%24)C9=C7C%13(O)C5=C%15C3=C%18C%29%30C%20(O%30)C%31C%22C%23=C%32)=CC(C(O)=O)=CC8=CC6=C(C(O)=O)C4=C2)=C%29C%33=C%31C%32=C(C(O)=O)C=C%331,CCCC[Sn](CCCC)(OC(CCCCCCCCCCC)=O)OC(CCCCCCCCCCC)=O,,0.9084850188786496,10.1007_s10924-016-0880-6_part_1.txt_¶Î1_Material1
OCC(C(C(C1N)O)O[*])OC1OC2C(OC(C(C2O)N)[*])CO,[*]CC(C)(C(OCCO)=O)[*],,,,1.6334684555795864,10.1016_j.carbpol.2017.04.023_part_4.txt_¶Î1_Material1
[*]C(C)C[*],NC1=CC=C(C=C1)/C2=C3C=C/C(N\3)=C(C4=N/C(C=C4)=C(C5=CC=C(N5)/C(C6=CC=CC=C6)=C7N=C2C=C\7)/C8=CC=CC=C8)\C9=CC=CC=C9,COC1=CC(/C=C/C=O)=CC(OC2=CC(C(C(OC3=CC=C(C=C3OC)C(C(CO)=O)O)CO)O)=CC=C2OC4=CC(C(C(COC5=CC=C(C=C5)C(C(CO)=O)O)=O)O)=CC=C4O)=C1,,,1.423245873936808,10.1016_j.indcrop.2019.02.026_part_1.txt_¶Î1_Material1
[*]OCC[*],[*]OCC[*],,,,1.0791812460476249,10.1016_j.indcrop.2019.111883_part_2.txt_¶Î1_Material1
O=C(C1=CC=C(C=C1)C(OCC[*])=O)O[*],[Al],OC1=C2C(C3(O)C4C5C6=C7C8C(C9=CC(C(O)=O)=C(C=C(C=C%10C(O)=O)C%11%12)C(C%11=C%13C%14C%15%16C%17(O%16)C%18C%19=C%20C%21=C%22C(C(O)=C%23)=C%24C%25C%21=C%26C%19=C%27C%17=C%28C%14(O)C%12=C%10C=C%28CC%27=CC%26=CC%25=C(C(O)=O)C=C%24)C9=C7C%13(O)C5=C%15C3=C%18C%29%30C%20(O%30)C%31C%22C%23=C%32)=CC(C(O)=O)=CC8=CC6=C(C(O)=O)C4=C2)=C%29C%33=C%31C%32=C(C(O)=O)C=C%331,,,1.9319661147281728,10.1088_1757-899x_628_1_012001_part_2.txt_¶Î1_Material2
[*]C(CCCCC(OCCCCO[*])=O)=O,O=C([*])C(C)O[*],OC(C(C)(CC(C1=CC=CC=C1)[*])CC(C[*])(C(OCC2CO2)=O)C)=O,,,1.3820170425748683,10.1021_acsomega.8b00823_part_1.txt_¶Î1_Material1
[*]C(C)C[*],O=[Mg].O=[Si]=O.O=[Si]=O.O=[Si]=O.O=[Si]=O.O=[Mg].O=[Mg].O,O=[Mg].O=[Si]=O.O=[Si]=O.O=[Si]=O.O=[Si]=O.O=[Mg].O=[Mg].O,,,1.5118833609788744,10.1002_pen.23243_part_1.txt_¶Î1_Material1
[*]C([H])([H])C(O)([H])[*],OCC1OC(C(C(C1[*])O)O)OC2C(C(C(OC2CO)O[*])O)O,OCC(C(C(C1N)O)O[*])OC1OC2C(OC(C(C2O)N)[*])CO,,,1.909609510490169,10.1515_jmbm-2017-0027_part_2.txt_¶Î1_Material2
[*]CC[*],[*]CC[*],[*]CC[*],,,1.354108439147401,10.1080_00222348.2012.660077_part_2.txt_¶Î1_Material1
[*]C(N(CN(C(OCOC(N(CN(C(OCCO[*])=O)[H])[H])=O)=O)[H])[H])=O,OCC(C(C(C1N)O)O[*])OC1OC2C(OC(C(C2O)N)[*])CO,[Zn]=O,,,0.9454685851318196,10.1080_25740881.2021.1921206_part_2.txt_¶Î1_Material3
[*]C(C)C[*],[*]OC1OC(CO)C(OC2C(O)C(O)C([*])C(CO)O2)C(O)C1O,NC1=CC=C(C=C1)/C2=C3C=C/C(N\3)=C(C4=N/C(C=C4)=C(C5=CC=C(N5)/C(C6=CC=CC=C6)=C7N=C2C=C\7)/C8=CC=CC=C8)\C9=CC=CC=C9,,,1.569724949226159,10.1080_15440478.2019.1612309_part_1.txt_¶Î1_Material1
[*]CC(COC1=CC=C(C=C1)C(C)(C)C2=CC=C(C=C2)O[*])O,O=[Si]=O,[O-][Si]([O-])([O-])O[Si]([O-])([O-])[O-].[Ca+2],,,1.7331972651065697,10.1016_j.polymdegradstab.2016.12.016_part_5.txt_¶Î1_Material1
O=C([*])CCCCCN[*],[*]CCCC(CCCCCC)[*],O=[Al]O[Al]=O,[*]OCC[*],,1.7160033436347992,10.1179_1743289815y.0000000009_part_1.txt_¶Î1_Material1
C/C(C[*])=C/C[*],O=[Si]=O,C12[Si]34C15C3C425,O=[Fe]O[Fe]=O,,1.4099331233312946,10.1016_j.polymertesting.2020.106461_part_3.txt_¶Î1_Material1
[*]C([H])([H])C(O)([H])[*],OCC(C(C(C1N)O)O[*])OC1OC2C(OC(C(C2O)N)[*])CO,OC(CO)CO,Cl[Ca]Cl,,1.3424226808222062,10.1088_1742-6596_1011_1_012052_part_1.txt_¶Î1_Material1
[*]NCCCCCCCCCCCC([*])=O,[*]C1C(OC(C(C1O)O)OC2C(OC(C(C2O)O)O[*])CO)CO,,,,1.812913356642856,10.3139_217.2576_part_2.txt_¶Î1_Material1
[*]C(CCCCCO[*])=O,OCC(C(C(C1N)O)O[*])OC1OC2C(OC(C(C2O)N)[*])CO,O=[Al]O[Al]=O.O=[Si]=O.O=[Si]=O.O=[Si]=O,,,1.4548448600085102,10.1177_0731684411410338_part_2.txt_¶Î1_Material2
OCC1OC(C(C(C1[*])O)O)OC2C(C(C(OC2CO)O[*])O)O,[*]C1C(C(C(OC1C(O[Na])=O)OC2C(C(O[Na])=O)OC(O[*])C(O)C2O)O)O,[*]C1OC2COC(C2OC3C(C(C(C(C3)CO)OS(=O)([O-])=O)O[*])O)C1OS(=O)([O-])=O,,,1.230448921378274,10.1039_c8gc00590g_part_1.txt_¶Î1_Material1
OP(O)(O)=O,[*]OCC[*],O=C=NC(C=C1)=CC=C1CC2=CC=C(C=C2)N=C=O,,,1.3424226808222062,10.1002_mame.201400141_part_2.txt_¶Î1_Material1
[*]C1C(O)C(O)C(OC2C(O)C(O)C(O[*])OC2COC(C)=O)OC1COC(C)=O,[*]C([H])([H])C(O)([H])[*],[*]OCC[*],,,1.0969100130080565,10.1016_j.msec.2021.112127_part_1.txt_¶Î1_Material1
C[Si](O[*])(C)[*],C[Si](C)(C[*])O[*],,,,0.5010592622177514,10.1002_pc.25756_part_1.txt_¶Î1_Material1
O=C([*])CCCCCN[*],[*]C/C=C/CCC(C/C=C\C[*])C=C,[H][O-],,,1.7323937598229686,10.1515_secm-2020-0020_part_1.txt_¶Î1_Material1
O=C(C1=CC=C(C=C1)C(OCC[*])=O)O[*],NCCC[Si](OCC)(OCC)OCC,,,,2.2174839442139063,10.1016_j.porgcoat.2011.11.027_part_1.txt_¶Î1_Material1
[*]C(C)C[*],O=[Si]=O,NC1=CC=C(C=C1)/C2=C3C=C/C(N\3)=C(C4=N/C(C=C4)=C(C5=CC=C(N5)/C(C6=CC=CC=C6)=C7N=C2C=C\7)/C8=CC=CC=C8)\C9=CC=CC=C9,,,1.380211241711606,10.1177_0021998314568576_part_4.txt_¶Î1_Material1
O=C=NC(C=C1)=CC=C1CC2=CC=C(C=C2)N=C=O,[*]CCCCOCCCCOCCCCOCCCCO[*],[*]C1C(O)C(O)C(OC2C(O)C(O)C(O[*])OC2COCCO)OC1COCCO,,,1.0969100130080565,10.1021_acs.biomac.9b01255_part_4.txt_¶Î1_Material3
[*]NC(C(N1CCCC1C(NCC(N2CC(CC2C(NC(C(NCC([*])=O)=O)CO)=O)O)=O)=O)=O)CCCCN,OCC(C(C(C1N)O)O[*])OC1OC2C(OC(C(C2O)N)[*])CO,C(CC=O)CC=O,,,1.57978359661681,10.1016_j.carbpol.2015.10.014_part_2.txt_¶Î1_Material3
[*]C(CCCCCO[*])=O,OC1C(C(OC(C1O)OC2C(OC(C(C2O)O)OC3C(C(C(OC3C(OC)=O)OC4C(OC(C(C4O)O)[*])C(O)=O)O)O)C(OC)=O)C(O)=O)O[*],[*]NC1=CC=C([*])C=C1,,,1.7472563974421442,10.1108_ijsi-04-2019-0033_part_1.txt_¶Î1_Material1
[*]CC(O[*])CN=[N+]=[N-],[*]CC(C(OCC)=O)[*],CC1(CC(CC(C)(C1)C)N=C=O)CN=C=O,,,0.8432327780980095,10.1007_s00289-020-03440-9_part_1.txt_¶Î1_Material1
[*]C(C)C[*],[*]CCC(CCCCCC)C[*],O=[Mg].O=[Si]=O.O=[Si]=O.O=[Si]=O.O=[Si]=O.O=[Mg].O=[Mg].O,,,1.285557309007774,10.1002_pc.22914_part_1.txt_¶Î1_Material1
[*]C(C)C[*],[*]CC[*],O=C([O-])[O-].[Ca+2],,,1.167317334748176,10.1007_s13233-016-4083-8_part_2.txt_¶Î1_Material1
[*]CC[*],[*]C1C(OC(C(C1O)O)OC2C(OC(C(C2O)O)O[*])CO)CO,OCC(O)CO,,,0.9777236052888476,10.1515_chem-2019-0064_part_1.txt_¶Î1_Material1
[*]C([C@H](C)OC([C@H](C)O[*])=O)=O,[*]OC1C(C(O)=O)OC(OC2C(NC(C)=O)C([*])OC(CO)C2O)C(O)C1O,,,,1.8262692193937264,10.1016_j.polymer.2016.03.007_part_2.txt_¶Î1_Material1
[*]C(NC1=C(C)C(NC(OCCO[*])=O)=CC=C1)=O,OC(C(C)(CC(C1=CC=CC=C1)[*])CC(C[*])(C(OCC2CO2)=O)C)=O,O=[Ti]=O,,,1.3979400086720375,10.4028_www.scientific.net_kem.773.3_part_2.txt_¶Î1_Material1
[*]CCC(CCCC(CCCC(C[*])C)C)C,[*]OCC[*],[Ag+],,,1.4169731726030363,10.1016_j.polymertesting.2019.105946_part_2.txt_¶Î1_Material2
[*]C(C)C[*],NC1=CC=C(C=C1)/C2=C3C=C/C(N\3)=C(C4=N/C(C=C4)=C(C5=CC=C(N5)/C(C6=CC=CC=C6)=C7N=C2C=C\7)/C8=CC=CC=C8)\C9=CC=CC=C9,[*]OC1OC(CO)C(OC2C(O)C(O)C([*])C(CO)O2)C(O)C1O,,,0.9840770339028307,10.1080_15440478.2017.1410510_part_3.txt_¶Î1_Material1
O=C([*])CCCCCCCCCCC(NCCCCCCCCCCN[*])=O,[Zn]=O,,,,1.4265112613645752,10.1007_s10965-014-0539-8_part_2.txt_¶Î1_Material1
[*]C(CCCCCO[*])=O,NC(C=O)C(O)C(OC1OC(C(=O)O)=CC(O)C1OS(O)(=O)=O)C(O)CO,,,,0.4653828514484183,10.1002_mabi.201800020_part_2.txt_¶Î1_Material1
[*]N1C(C2=CC3=C(C=C2C1=O)C(N(C3=O)C4=CC=C(C=C4)OC5=CC=C(C=C5)[*])=O)=O,C12=CC3=CC4=CC=CN=C4N=C3N=C1N=C5N=C6N=CC=CC6=CC5=C2,,,,2.093421685162235,10.1080_03602550903414001_part_1.txt_¶Î1_Material1
O=C(O[Na])COCC(OC(C(C1O)O)[*])C1OC(C(C(C2O[*])O)O)OC2COCC(O[Na])=O,OC1=C2C(C3(O)C4C5C6=C7C8C(C9=CC(C(O)=O)=C(C=C(C=C%10C(O)=O)C%11%12)C(C%11=C%13C%14C%15%16C%17(O%16)C%18C%19=C%20C%21=C%22C(C(O)=C%23)=C%24C%25C%21=C%26C%19=C%27C%17=C%28C%14(O)C%12=C%10C=C%28CC%27=CC%26=CC%25=C(C(O)=O)C=C%24)C9=C7C%13(O)C5=C%15C3=C%18C%29%30C%20(O%30)C%31C%22C%23=C%32)=CC(C(O)=O)=CC8=CC6=C(C(O)=O)C4=C2)=C%29C%33=C%31C%32=C(C(O)=O)C=C%331,,,,1.5714759036819437,10.1016_j.compositesb.2015.08.031_part_4.txt_¶Î1_Material1
[*]C1=C(O)C(C(C)(C)C)=C(O)C(C)=C1SS[*],,,,,1.3324384599156054,10.1002_app.38170_part_2.txt_¶Î1_Material4
OCC(C(C(C1N)O)O[*])OC1OC2C(OC(C(C2O)N)[*])CO,[*]C([H])([H])C(O)([H])[*],OCC(O)CO,,,1.591064607026499,10.1016_j.carbpol.2015.08.094_part_1.txt_¶Î1_Material1
[*]C([H])([H])C(O)([H])[*],[*]C([H])([H])C(O)([H])[*],OCC1OC(C(C(C1[*])O)O)OC2C(C(C(OC2CO)O[*])O)O,,,1.9294189257142929,10.1177_0021998316665238_part_1.txt_¶Î1_Material1
[*]C1C(OC(C(C1O)O)OC2C(OC(C(C2O)O)O[*])CO)CO,O=C([*])C(C)O[*],OC[C@@H]([C@H]([C@@H]([C@@H](CO)O)O)O)O,OCC(O)CO,,1.2380461031287957,10.1016_j.carbpol.2019.05.042_part_1.txt_¶Î1_Material1
OCC(C(C(C1N)O)O[*])OC1OC2C(OC(C(C2O)N)[*])CO,O=[Si]=O,[*]OCC[*],,,1.5211380837040362,10.4028_www.scientific.net_ddf.382.3_part_1.txt_¶Î1_Material1
[*]C1C(OC(C(C1O)O)OC2C(OC(C(C2O)O)O[*])CO)CO,OCC1OC(C(C(C1[*])O)O)OC2C(C(C(OC2CO)O[*])O)O,,,,1.2839792842384798,10.1177_1082013211427622_part_2.txt_¶Î1_Material1
[*]C(C)C[*],[*]C1=C(O)C(C(C)(C)C)=C(O)C(C)=C1SS[*],,,,1.0170333392987805,10.1002_app.45354_part_2.txt_¶Î1_Material1
[*]C(C)C[*],O=[Mg].O=[Si]=O.O=[Si]=O.O=[Si]=O.O=[Si]=O.O=[Mg].O=[Mg].O,,,,1.5440680443502757,10.1016_j.ifacol.2018.11.301_part_1.txt_¶Î1_Material1
C[Si](O[*])(C)[*],O=[Si]=O,O=[Si]=O,,,0.9561684304753632,10.1016_j.polymer.2020.122904_part_2.txt_¶Î1_Material1
O=C([*])CCCCCN[*],[*]CC[*],[*]CCCC(C(O)=O)[*],C=C(C(OCC1CO1)=O)C,,1.3729120029701063,10.3144_expresspolymlett.2013.84_part_2.txt_¶Î1_Material1
O=C(C(C[*])[*])N,[*]C1C(C(C(OC1C(O[Na])=O)OC2C(C(O[Na])=O)OC(O[*])C(O)C2O)O)O,C(NC(=O)C=C)NC(=O)C=C,,,-0.408935393,10.1016_j.eurpolymj.2018.04.019_part_2.txt_¶Î1_Material1
OP(O)(O)=O,C/C(C[*])=C/C[*],[S],OC1=C2C(C3(O)C4C5C6=C7C8C(C9=CC(C(O)=O)=C(C=C(C=C%10C(O)=O)C%11%12)C(C%11=C%13C%14C%15%16C%17(O%16)C%18C%19=C%20C%21=C%22C(C(O)=C%23)=C%24C%25C%21=C%26C%19=C%27C%17=C%28C%14(O)C%12=C%10C=C%28CC%27=CC%26=CC%25=C(C(O)=O)C=C%24)C9=C7C%13(O)C5=C%15C3=C%18C%29%30C%20(O%30)C%31C%22C%23=C%32)=CC(C(O)=O)=CC8=CC6=C(C(O)=O)C4=C2)=C%29C%33=C%31C%32=C(C(O)=O)C=C%331,,1.1869563354654122,10.1088_1757-899x_965_1_012026_part_1.txt_¶Î1_Material1
OP(O)(O)=O,[*]OCCCCOC(CCC([*])=O)=O,,,,1.591064607026499,10.1021_acssuschemeng.5b00646_part_1.txt_¶Î1_Material1
OCC1OC(C(C(C1[*])O)O)OC2C(C(C(OC2CO)O[*])O)O,OCC(O)CO,[Ag],,,1.5017437296279943,10.13005_ojc_340320_part_1.txt_¶Î1_Material5
O=C([*])C(C)O[*],[*]C([H])([H])C(O)([H])[*],OCC(C(C(C1N)O)O[*])OC1OC2C(OC(C(C2O)N)[*])CO,,,0.8992731873176038,10.1016_j.carbpol.2019.115589_part_2.txt_¶Î1_Material1
[*]C(C)C[*],[*]C/C=C/CCC([*])C#N,[C],O=C([O-])[O-].[Ca+2],,1.1818435879447726,10.1177_096739111502300808_part_2.txt_¶Î1_Material1
[*]C1C(O)C(O)C(OC2C(O)C(O)C(O[*])OC2COC(C)=O)OC1COC(C)=O,[*]OCC[*],,,,0.8987251815894935,10.1016_j.proenv.2012.10.049_part_1.txt_¶Î1_Material1
[*]NC(C(N1CCCC1C(NCC(N2CC(CC2C(NC(C(NCC([*])=O)=O)CO)=O)O)=O)=O)=O)CCCCN,OCC(C(C(C1N)O)O[*])OC1OC2C(OC(C(C2O)N)[*])CO,O=C(C1=COC(C2C(CO)=CCC12)O)OC,,,1.205745540942662,10.1002_bip.23232_part_2.txt_¶Î1_Material1
[*]C(CCCCCO[*])=O,O=[Ti]=O,OC(C(C)(CC(C1=CC=CC=C1)[*])CC(C[*])(C(OCC2CO2)=O)C)=O,,,1.3979400086720375,10.1007_s12033-018-0084-5_part_1.txt_¶Î1_Material1
[*]CC[*],[O-][Si]([O-])([O-])O[Si]([O-])([O-])[O-].[Ca+2],O=[Mg].O=[Si]=O.O=[Si]=O.O=[Si]=O.O=[Si]=O.O=[Mg].O=[Mg].O,,,1.8123785111541943,10.3390_ma6094122_part_1.txt_¶Î1_Material1
[*]CC([*])Cl,OCC1OC(C(C(C1[*])O)O)OC2C(C(C(OC2CO)O[*])O)O,O=[Ti]=O,,,1.5763413502057928,10.1002_pen.21893_part_2.txt_¶Î1_Material1
O=C(C1=CC=C(C([*])=O)C=C1)NC2=CCC(N[*])C=C2,,,,,1.4063698354692675,10.1002_app.32096_part_1.txt_¶Î1_Material1
[*]CC([*])N1CCCC1=O,OCC1OC(C(C(C1[*])O)O)OC2C(C(C(OC2CO)O[*])O)O,OCC1OC(C(C(C1[*])O)O)OC2C(C(C(OC2CO)O[*])O)O,,,0.9867717342662448,10.1007_s10692-019-09977-4_part_1.txt_¶Î1_Material2
C12=CC3=CC4=CC=CN=C4N=C3N=C1N=C5N=C6N=CC=CC6=CC5=C2,[O-][Si]([O-])([O-])O[Si]([O-])([O-])[O-].[Ca+2],O=C(C1=CC=C(C=C1)C([*])=O)NC2=CC=C(C=C2)N[*],,,1.2826221128780626,10.3390_jmmp5030068_part_2.txt_¶Î1_Material1
[*]C1C(O)C(O)C(OC2C(O)C(O)C(O[*])OC2COC(C)=O)OC1COC(C)=O,[*]OCCCCOC(CCC([*])=O)=O,,,,1.4771212547196624,10.1002_app.45429_part_2.txt_¶Î1_Material1
O=C([*])CCCCCN[*],[*]NCCCCCCCCCCCC([*])=O,[*]CC(CC[*])O,,,1.6532125137753435,10.1016_j.polymdegradstab.2017.07.026_part_3.txt_¶Î1_Material1
[*]CC[*],[*]C(NC1=C(C)C(NC(OCCO[*])=O)=CC=C1)=O,O=[Si]=O,,,1.1945143418824673,10.1016_j.electacta.2014.12.102_part_1.txt_¶Î1_Material1
[*]C(NC1=C(C)C(NC(OCCO[*])=O)=CC=C1)=O,NCCC[Si](OCC)(OCC)OCC,,,,1.255272505103306,10.1007_s10965-010-9438-9_part_2.txt_¶Î1_Material1
[*]CCC(CCCC(CCCC(C[*])C)C)C,O=[Si]=O,,,,1.82865989653532,10.1177_0954008315600228_part_2.txt_¶Î1_Material4
[*]OCCCCOC(CCC([*])=O)=O,[*]OCC[*],,,,1.6532125137753435,10.1039_c2py00603k_part_1.txt_¶Î1_Material1
C/C(C[*])=C/C[*],[*]CCCC(C1C([*])C2CC1C/C2=C/C)C,[Zn]=O,,,1.2227164711475833,10.1080_1023666x.2015.1050905_part_2.txt_¶Î1_Material1
[*]OCC[*],[*]C([H])([H])C(O)([H])[*],OC1=C2C(C3(O)C4C5C6=C7C8C(C9=CC(C(O)=O)=C(C=C(C=C%10C(O)=O)C%11%12)C(C%11=C%13C%14C%15%16C%17(O%16)C%18C%19=C%20C%21=C%22C(C(O)=C%23)=C%24C%25C%21=C%26C%19=C%27C%17=C%28C%14(O)C%12=C%10C=C%28CC%27=CC%26=CC%25=C(C(O)=O)C=C%24)C9=C7C%13(O)C5=C%15C3=C%18C%29%30C%20(O%30)C%31C%22C%23=C%32)=CC(C(O)=O)=CC8=CC6=C(C(O)=O)C4=C2)=C%29C%33=C%31C%32=C(C(O)=O)C=C%331,O=I([O-])(=O)=O.[Na+],,1.2518814545525276,10.1007_s10008-019-04359-6_part_1.txt_¶Î1_Material1
[*]OCC[*],O=[Si]=O,,,,1.146128035678238,10.1016_j.actbio.2013.01.034_part_1.txt_¶Î1_Material2
[*]CC([*])Cl,[*]CC([*])Cl,[*]C/C=C/C[*],OCC1OC(C(C(C1[*])O)O)OC2C(C(C(OC2CO)O[*])O)O,,1.6503075231319364,10.3144_expresspolymlett.2015.34_part_1.txt_¶Î1_Material1
[*]C(C)C[*],CCCCCCCCCCCCCCCCCCOC(CCC1=CC(C(C)(C)C)=C(C(C(C)(C)C)=C1)O)=O,,,,1.6646419755561257,10.4028_www.scientific.net_msf.913.564_part_1.txt_¶Î1_Material1
O=C(C1=CC=C(C=C1)C(OCC[*])=O)O[*],[*]OCCCCCC([*])=O,,,,1.0141003215196205,10.1002_vnl.21713_part_1.txt_¶Î1_Material1
O=C(C(C[*])[*])N,OCC1OC(C(C(C1[*])O)O)OC2C(C(C(OC2CO)O[*])O)O,,,,-1,10.1007_s10570-019-02710-8_part_2.txt_¶Î1_Material1
[*]C(C)C[*],[*]CC(C1=CC=CC=C1)[*],[*]CC(CCCC(CC)CC([*])C1=CC=CC=C1)C2=CC=CC=C2,,,1.212187604403958,10.1007_s12588-011-9005-1_part_1.txt_¶Î1_Material1
[*]C([H])([H])C(O)([H])[*],[*]NC1=CC=C([*])C=C1,[Ag],,,1.1398790864012365,10.1515_secm-2016-0329_part_1.txt_¶Î1_Material1
O=C([*])CCCCCN[*],[*]CCC(CCCCCC)C[*],,,,1.740362689494244,10.1016_j.compscitech.2010.07.023_part_2.txt_¶Î1_Material3
[*]C(CCCCC(OCCCCO[*])=O)=O,[*]OCC[*],,,,0.8129133566428556,10.1002_app.44498_part_2.txt_¶Î1_Material1
O=C([*])C(C)O[*],OC(C(CC(O)=O)(CC(O)=O)O)=O,C[Si](C)(C[*])O[*],,,1.7781512503836436,10.1021_acs.macromol.9b02677_part_1.txt_¶Î1_Material1
[*]C([H])([H])C(O)([H])[*],O=[Ti]=O,,,,1.155336037465062,10.1080_1023666x.2013.767080_part_2.txt_¶Î1_Material1
[*]C1C(O)C(O)C(OC2C(O)C(O)C(O[*])OC2COCCO)OC1COCCO,O=[Si]=O,[Ag],,,1.6180480967120927,10.1007_s10570-021-03873-z_part_2.txt_¶Î1_Material1
[*]OC1C(C(OC(C1O)OC2C3C(C(OC2CO3)[*])O)CO)O,C[N+](CCO)(CCO)[3H],,,,1.594834355583318,10.1111_j.1750-3841.2012.02988.x_part_1.txt_¶Î1_Material2
[*]C1OC(CCC)OC(C[*])C1,[*]CC(C#N)[*],,,,1.7972675408307164,10.1016_j.memsci.2020.118487_part_5.txt_¶Î1_Material1
[*]C/C=C/CCC([*])C#N,O=[Si]=O,,,,1.294466226161593,10.1016_j.eurpolymj.2014.01.035_part_1.txt_¶Î1_Material1
[*]C(C)C[*],[*]CCCC(CCCCCC)[*],O=[Si]=O,[*]C(C)C[*],,1.3117538610557542,10.1002_mame.201100147_part_1.txt_¶Î1_Material1
[*]C(C)C[*],C/C(C[*])=C/C[*],,,,1.2164298308762511,10.1088_1757-899x_957_1_012020_part_1.txt_¶Î1_Material1
C=C([CH3])C(=O)O[CH3],COC(C(C[*])([*])C)=O,,,,1.585573518622731,10.1002_app.49192_part_2.txt_¶Î1_Material1
O=C([*])C(C)O[*],O=C([*])C(C)O[*],C=C(C(OCC1CO1)=O)C,,,1.6532125137753435,10.1016_j.jmst.2017.03.004_part_2.txt_¶Î1_Material1
[*]OC1=C(C([*])=CC=C1C)C,O=C(CCCCC(N(CCCCCCN([*])[H])[H])=O)[*],[*]CC(CCCC(CC)CC([*])C1=CC=CC=C1)C2=CC=CC=C2,O=[Al]O[Al]=O.O=[Si]=O.O=[Si]=O.O=[Si]=O,,1.7781512503836436,10.1155_2016_9104395_part_1.txt_¶Î1_Material1
[*]C(C1=CC=C(C(OCCCCO[*])=O)C=C1)=O,[*]OCCOC(CC(C([*])=O)C(C1CCCCC1)CC(CC(O)=O)C(OCCO)=O)=O,,,,1.740362689494244,10.1016_j.compositesb.2018.04.023_part_1.txt_¶Î1_Material1
[*]C([H])([H])C(O)([H])[*],OCC(O)CO,O=[Si]=O,,,1.3443922736851108,10.1007_s41783-018-0043-4_part_1.txt_¶Î1_Material1
O=C([*])C(C)O[*],[C],,,,1.5440680443502757,10.1088_1742-6596_1279_1_012046_part_1.txt_¶Î1_Material1
[*]C(NC1=C(C)C(NC(OCCO[*])=O)=CC=C1)=O,O=C(O)C([*])C[*],OC(C(C)(CC(C1=CC=CC=C1)[*])CC(C[*])(C(OCC2CO2)=O)C)=O,,,0.7930916001765802,10.32604_jrm.2022.023371_OA_part_2.txt_¶Î1_Material4
O=C([*])C(C)O[*],O=[Al]O[Al]=O.O=[Si]=O.O=[Si]=O.O=[Si]=O,,,,1.5563025007672873,10.1016_j.ijbiomac.2015.11.028_part_1.txt_¶Î1_Material1
[*]C1C(C(C(OC1C(O[Na])=O)OC2C(C(O[Na])=O)OC(O[*])C(O)C2O)O)O,[*]C([H])([H])C(O)([H])[*],[Zn]=O,,,1.667452952889954,10.1016_j.carbpol.2015.08.078_part_4.txt_¶Î1_Material1
[*]CC(C1=CC=CC=C1)[*],[*]CC(C1=CC=CC=C1)C/C=C/C[*],[*]C/C=C/CCC(C=C)CC([*])C1=CC=CC=C1,[C],,0.9745116927373284,10.3139_217.2917_part_1.txt_¶Î1_Material1
[*]C([H])([H])C(O)([H])[*],C=C([CH3])C(=O)O[CH3],,,,1.5440680443502757,10.1007_s13726-014-0235-x_part_1.txt_¶Î1_Material1
[*]C(C)C[*],[*]C(C)C[*],[Ti](OCCCC)(OCCCC)(OCCCC)OCCCC,,,1.5024271199844328,10.1002_pc.25403_part_2.txt_¶Î1_Material1
[*]CC[*],[*]CC[*],O=[Al]O[Al]=O.O=[Si]=O.O=[Si]=O.O=[Si]=O,[*]CC[*],,1.2671717284030135,10.3139_217.3238_part_2.txt_¶Î1_Material2
O=C([*])C(C)O[*],[*]C(CCCCC(OCCCCO[*])=O)=O,[*]C1C(OC(C(C1O)O)OC2C(OC(C(C2O)O)O[*])CO)CO,O=C([*])C(C)O[*],O=[Mg].O=[Si]=O.O=[Si]=O.O=[Si]=O.O=[Si]=O.O=[Mg].O=[Mg].O,1.2857822737793947,10.4028_www.scientific.net_amr.747.673_part_1.txt_¶Î1_Material2
[*]CCCC([*])OC(C)=O,OCC1OC(C(C(C1[*])O)O)OC2C(C(C(OC2CO)O[*])O)O,,,,1.2988530764097066,10.1016_j.carbpol.2013.02.039_part_1.txt_¶Î1_Material1
OCC1OC(C(C(C1[*])O)O)OC2C(C(C(OC2CO)O[*])O)O,[*]CC([*])N1CCCC1=O,,,,0.1139433523068367,10.1016_j.partic.2020.01.006_part_1.txt_¶Î1_Material1
[*]C(C1=CC=C(C(OCCCCO[*])=O)C=C1)=O,[C],,,,1.179264464339025,10.1007_s42452-018-0048-1_part_2.txt_¶Î1_Material1
[*]CC([*])N1CCCC1=O,[*]OC1C(O)C(O)C(OC2C(CO)OC([*])C(O)C2O)OC1CO,OC(C(C)(CC(C1=CC=CC=C1)[*])CC(C[*])(C(OCC2CO2)=O)C)=O,,,1.1818435879447726,10.1007_s12221-018-8308-7_part_1.txt_¶Î1_Material1
O=C([*])CCCCCN[*],O=C(CCCCC(N(CCCCCCN([*])[H])[H])=O)[*],,,,1.6020599913279625,10.1515_polyeng-2020-0302_part_2.txt_¶Î1_Material1
[*]C(N(CN(C(OCOC(N(CN(C(OCCO[*])=O)[H])[H])=O)=O)[H])[H])=O,[*]C(C)C[*],[*]C(C)C[*],,,1.0128372247051722,10.1002_vnl.21523_part_2.txt_¶Î1_Material2
[*]CC(COC1=CC=C(C=C1)C(C)(C)C2=CC=C(C=C2)O[*])O,C=C(C(OCC1CO1)=O)C,,,,1.7466341989375789,10.1002_pola.27751_part_2.txt_¶Î1_Material1
OC1C(C(OC(C1O)OC2C(OC(C(C2O)O)OC3C(C(C(OC3C(OC)=O)OC4C(OC(C(C4O)O)[*])C(O)=O)O)O)C(OC)=O)C(O)=O)O[*],[*]C1C(C(C(OC1C(O[Na])=O)OC2C(C(O[Na])=O)OC(O[*])C(O)C2O)O)O,Cl[Ca]Cl,,,1.6180480967120927,10.1002_app.33422_part_1.txt_¶Î1_Material2
FC(F)([*])C([H])([*])[H],[Mg],OC1=C2C(C3(O)C4C5C6=C7C8C(C9=CC(C(O)=O)=C(C=C(C=C%10C(O)=O)C%11%12)C(C%11=C%13C%14C%15%16C%17(O%16)C%18C%19=C%20C%21=C%22C(C(O)=C%23)=C%24C%25C%21=C%26C%19=C%27C%17=C%28C%14(O)C%12=C%10C=C%28CC%27=CC%26=CC%25=C(C(O)=O)C=C%24)C9=C7C%13(O)C5=C%15C3=C%18C%29%30C%20(O%30)C%31C%22C%23=C%32)=CC(C(O)=O)=CC8=CC6=C(C(O)=O)C4=C2)=C%29C%33=C%31C%32=C(C(O)=O)C=C%331,O=[Ti]=O,,1.505149978319906,10.1007_s10853-018-3075-9_part_3.txt_¶Î1_Material1
O=C(C1=CC=C(C=C1)C(OCC[*])=O)O[*],O=[Si]=O,OC(C(C)(CC(C1=CC=CC=C1)[*])CC(C[*])(C(OCC2CO2)=O)C)=O,O=[Ti]=O,,1.977723605288848,10.3390_jcs3020040_part_5.txt_¶Î1_Material3
[*]OCCCCOC(CCC([*])=O)=O,[H]O[H],OCC(O)CO,O=C(N)N,,1.3283796034387378,10.1177_096369351702600501_part_1.txt_¶Î1_Material1
[*]CC([*])Cl,O=[Si]=O,OC(C(C)(CC(C1=CC=CC=C1)[*])CC(C[*])(C(OCC2CO2)=O)C)=O,O=[Ti]=O,,1.954242509439325,10.3390_jcs3020040_part_5.txt_¶Î1_Material2
O=C(CCCCC(N(CCCCCCN([*])[H])[H])=O)[*],[*]OC1=C(C([*])=CC=C1C)C,[*]CC(CCCC(CC)CC([*])C1=CC=CC=C1)C2=CC=CC=C2,,,1.6848453616444126,10.1002_pen.24484_part_1.txt_¶Î1_Material1
N#CC(C1=CC=CC=N1)C1=CC=CC=C1,[*]OCC[*],,,,1.0232524596337116,10.4028_www.scientific.net_amm.731.565_part_1.txt_¶Î1_Material1
[*]C([H])([H])C(O)([H])[*],[*]C1C(OC(C(C1O)O)OC2C(OC(C(C2O)O)O[*])CO)CO,OC1C(C(OC(C1O)OC2C(OC(C(C2O)O)OC3C(C(C(OC3C(OC)=O)OC4C(OC(C(C4O)O)[*])C(O)=O)O)O)C(OC)=O)C(O)=O)O[*],OC(C(CC(O)=O)(CC(O)=O)O)=O,OCC(O)CO,1.2753113545418118,10.1177_0967391120972881_part_1.txt_¶Î1_Material1
OCC1OC(C(C(C1[*])O)O)OC2C(C(C(OC2CO)O[*])O)O,O=S([CH3])[CH3],,,,2.245018870737753,10.1007_s10570-021-04068-2_part_1.txt_¶Î1_Material1
[*]C(NC1=C(C)C(NC(OCCO[*])=O)=CC=C1)=O,O=[Al]O[Al]=O.O=[Si]=O.O=[Si]=O.O=[Si]=O,O=[Al]O[Al]=O,,,1.338854746252323,10.1007_s10965-020-02269-0_part_2.txt_¶Î1_Material1
[*]CC(COC1=CC=C(C=C1)C(C)(C)C2=CC=C(C=C2)O[*])O,[*]CCC1C([*])C2CCC1C2,,,,1.2041199826559248,10.3144_expresspolymlett.2020.31_part_2.txt_¶Î1_Material1
O=C([*])CCCCCN[*],[C],S=[Mo]=S,,,1.8325089127062364,10.1016_j.matchemphys.2012.12.035_part_2.txt_¶Î1_Material1
O=C([*])C(C)O[*],[*]CC(CCCC(CC)CC([*])C1=CC=CC=C1)C2=CC=CC=C2,,,,1.6483600109809315,10.3390_app11136218_part_2.txt_¶Î1_Material2
[*]C(C)C[*],O1C(=O)C=CC1=O,,,,0.919078092376074,10.4028_www.scientific.net_ssp.305.3_part_1.txt_¶Î1_Material1
O=C(C(C[*])[*])N,[*]CC(C)(C(OCCO)=O)[*],[*]C([H])([H])C(O)([H])[*],,,0.2227164711475832,10.1002_pi.5741_part_3.txt_¶Î1_Material1
OCC(C(C(C1N)O)O[*])OC1OC2C(OC(C(C2O)N)[*])CO,[*]C([H])([H])C(O)([H])[*],[H][Si]([H])([H])[H],,,0.8864907251724818,10.1515_epoly-2015-0048_part_1.txt_¶Î1_Material1
[*]C(CCCCCO[*])=O,OCC1OC(C(C(C1[*])O)O)OC2C(C(C(OC2CO)O[*])O)O,O=[Si]=O.O=[Al]O[Al]=O.O=[Si]=O.O=[Si]=O.O=[Si]=O.O,,,1.1818435879447726,10.1088_1757-899x_536_1_012040_part_1.txt_¶Î1_Material1
[*]NC(C(N1CCCC1C(NCC(N2CC(CC2C(NC(C(NCC([*])=O)=O)CO)=O)O)=O)=O)=O)CCCCN,[C],,,,1.7209031708134577,10.1002_jsfa.8756_part_1.txt_¶Î1_Material1
[*]CC[*],O=C(C1=CC=C(C=C1)C(OCC[*])=O)O[*],C=C(C(OCC1CO1)=O)C,O=C1C=CC(O1)=O.C=C,,1.3579348470004535,10.1016_j.compscitech.2021.108748_part_1.txt_¶Î1_Material1
O=C([*])C(C)O[*],[*]C(N(CN(C(OCOC(N(CN(C(OCCO[*])=O)[H])[H])=O)=O)[H])[H])=O,O=[Al]O[Al]=O.O=[Si]=O.O=[Si]=O.O=[Si]=O,O=[Si]=O,,1.6618126855372612,10.4028_www.scientific.net_msf.947.77_part_1.txt_¶Î1_Material1
[*]CC(COC1=CC=C(C=C1)C(C)(C)C2=CC=C(C=C2)O[*])O,[Al],OC1=C2C(C3(O)C4C5C6=C7C8C(C9=CC(C(O)=O)=C(C=C(C=C%10C(O)=O)C%11%12)C(C%11=C%13C%14C%15%16C%17(O%16)C%18C%19=C%20C%21=C%22C(C(O)=C%23)=C%24C%25C%21=C%26C%19=C%27C%17=C%28C%14(O)C%12=C%10C=C%28CC%27=CC%26=CC%25=C(C(O)=O)C=C%24)C9=C7C%13(O)C5=C%15C3=C%18C%29%30C%20(O%30)C%31C%22C%23=C%32)=CC(C(O)=O)=CC8=CC6=C(C(O)=O)C4=C2)=C%29C%33=C%31C%32=C(C(O)=O)C=C%331,,,1.9222062774390165,10.1088_1757-899x_628_1_012001_part_2.txt_¶Î1_Material1
OCC1OC(C(C(C1O[*])O)O)[*],[*]C([H])([H])C(O)([H])[*],OCC(O)CO,,,1.244771761495295,10.1016_j.foodhyd.2020.105657_part_5.txt_¶Î1_Material1
C(C)(C1=CC=C(OCC2CO2)C=C1)(C)C1=CC=C(OCC2CO2)C=C1,[*]OCC[*],,,,1.919078092376074,10.1155_2020_7908343_part_1.txt_¶Î1_Material1
FC(F)(C(F)(C(F)(C(F)(C(F)([*])F)F)C(F)(F)F)F)C[*],,,,,1.207365037469072,10.1002_app.35624_part_1.txt_¶Î1_Material1
[*]C(C)C[*],[*]CCCC([*])OC(C)=O,O=[Al]O[Al]=O.O=[Si]=O.O=[Si]=O.O=[Si]=O,[*]C(C)C[*],,1.5118833609788744,10.1002_app.33849_part_2.txt_¶Î1_Material1
O=C([*])C(C)O[*],C=C(C(OCC1CO1)=O)C,,,,1.5587085705331658,10.1021_ma101108g_part_1.txt_¶Î1_Material1
OCC1OC(C(C(C1[*])O)O)OC2C(C(C(OC2CO)O[*])O)O,[H][O-],O=C(N)N,,,2.130333768495006,10.1016_j.carbpol.2014.10.003_part_1.txt_¶Î1_Material1
[*]OCCOC(CC(C([*])=O)C(C1CCCCC1)CC(CC(O)=O)C(OCCO)=O)=O,C12=CC3=CC4=CC=CN=C4N=C3N=C1N=C5N=C6N=CC=CC6=CC5=C2,O=[Si]=O,,,1.7271344237604886,10.1016_j.mechmat.2019.103265_part_2.txt_¶Î1_Material2
[*]N1C(C2=CC3=C(C=C2C1=O)C(N(C3=O)C4=CC=C(C=C4)OC5=CC=C(C=C5)[*])=O)=O,C[Si](C)(C[*])O[*],O=[Si]=O,,,1.7558748556724917,10.1007_s13233-011-0311-4_part_2.txt_¶Î1_Material1
[*]CC(COC1=CC=C(C=C1)C(C)(C)C2=CC=C(C=C2)O[*])O,[*]CC(COC1=CC=C(C=C1)C(C)(C)C2=CC=C(C=C2)O[*])O,O=[Si]=O,,,1.740362689494244,10.1002_pc.25443_part_2.txt_¶Î1_Material1
CC(COC(C(CC(C(C(C(OC(C)C)=O)C1=CC=CC=C1)C(OCC(OC(C2=CC=CC=C2C(O)=O)=O)C)=O)C3=CC=CC=C3)C(C(OC(C)C[*])=O)C4=CC=CC=C4)=O)OC(C5=CC=CC=C5C(O[*])=O)=O,[H][Si]([H])([H])[H],,,,1.4665710723863543,10.1109_tdei.2012.6180228_part_2.txt_¶Î1_Material1
O=C(O)C([*])C[*],O=C(O[Na])COCC(OC(C(C1O)O)[*])C1OC(C(C(C2O[*])O)O)OC2COCC(O[Na])=O,,,,0.1789769472931694,10.1007_s10570-019-02797-z_part_3.txt_¶Î1_Material1
[*]C(C)C[*],O=[Si]=O,OC1=C2C(C3(O)C4C5C6=C7C8C(C9=CC(C(O)=O)=C(C=C(C=C%10C(O)=O)C%11%12)C(C%11=C%13C%14C%15%16C%17(O%16)C%18C%19=C%20C%21=C%22C(C(O)=C%23)=C%24C%25C%21=C%26C%19=C%27C%17=C%28C%14(O)C%12=C%10C=C%28CC%27=CC%26=CC%25=C(C(O)=O)C=C%24)C9=C7C%13(O)C5=C%15C3=C%18C%29%30C%20(O%30)C%31C%22C%23=C%32)=CC(C(O)=O)=CC8=CC6=C(C(O)=O)C4=C2)=C%29C%33=C%31C%32=C(C(O)=O)C=C%331,,,1.4496326504700745,10.4028_www.scientific.net_amr.264-265.652_part_1.txt_¶Î1_Material1
[*]OC1=C(C([*])=CC=C1C)C,O=C(CCCCC(N(CCCCCCN([*])[H])[H])=O)[*],,,,1.8446635282402395,10.4028_www.scientific.net_amr.413.449_part_1.txt_¶Î1_Material1
[*]C(C)C[*],[*]CCCC(C1C([*])C2CC1C/C2=C/C)C,OC1=C2C(C3(O)C4C5C6=C7C8C(C9=CC(C(O)=O)=C(C=C(C=C%10C(O)=O)C%11%12)C(C%11=C%13C%14C%15%16C%17(O%16)C%18C%19=C%20C%21=C%22C(C(O)=C%23)=C%24C%25C%21=C%26C%19=C%27C%17=C%28C%14(O)C%12=C%10C=C%28CC%27=CC%26=CC%25=C(C(O)=O)C=C%24)C9=C7C%13(O)C5=C%15C3=C%18C%29%30C%20(O%30)C%31C%22C%23=C%32)=CC(C(O)=O)=CC8=CC6=C(C(O)=O)C4=C2)=C%29C%33=C%31C%32=C(C(O)=O)C=C%331,CCCC[Sn](CCCC)(OC(CCCCCCCCCCC)=O)OC(CCCCCCCCCCC)=O,,1.546542663478131,10.1002_pen.25361_part_1.txt_¶Î1_Material1
O=C([*])C1=CC=C2C=C(C=CC2=C1)OC(C3=CC=C(C=C3)O[*])=O,[*]C(C=C1)=CC=C1S[*],C12=CC3=CC4=CC=CN=C4N=C3N=C1N=C5N=C6N=CC=CC6=CC5=C2,[*]CC(COC1=CC=C(C=C1)C(C)(C)C2=CC=C(C=C2)O[*])O,,2.4276483711869328,10.1016_j.compscitech.2018.10.001_part_3.txt_¶Î1_Material1
O=C([*])OC1=CC=C(C=C1)C(C)(C)C2=CC=C(C=C2)O[*],[*]CC(C1=CC=CC=C1)[*],,,,1.3783979009481375,10.1016_j.apsusc.2018.01.254_part_4.txt_¶Î1_Material1
[*]C(CCCCCO[*])=O,[*]C(N(CN(C(OCOC(N(CN(C(OCCO[*])=O)[H])[H])=O)=O)[H])[H])=O,O=C=NC(C=C1)=CC=C1CC2=CC=C(C=C2)N=C=O,,,1.1760912590556811,10.4028_www.scientific.net_kem.816.187_part_1.txt_¶Î1_Material2
[*]C(CCCCCO[*])=O,[*]NC(C)C(N1CCCC1C([*])=O)=O,[O-][Si]([O-])([O-])O[Si]([O-])([O-])[O-].[Ca+2],[*]C([H])([H])C(O)([H])[*],,0.0969100130080564,10.1007_s10934-015-9998-5_part_1.txt_¶Î1_Material1
OCC1OC(C(C(C1[*])O)O)OC2C(C(C(OC2CO)O[*])O)O,[*]C1C(OC(C(C1O)O)OC2C(OC(C(C2O)O)O[*])CO)CO,OC(CO)CO,[*]NC(C(N1CCCC1C(NCC(N2CC(CC2C(NC(C(NCC([*])=O)=O)CO)=O)O)=O)=O)=O)CCCCN,,1.3463529744506386,10.3390_ma12101684_part_3.txt_¶Î1_Material1
O=C([*])CCCCC(NCCCCN[*])=O,C12=C3C(C=CC4C3=C5C(CC6=CC7=C8C9=C(C(C=C%10)=CC=C9C=C7)C%11=C%10C%12)=CC4)=CC=C1C=C%12C%13=C%11C8=C6C5=C2%13,,,,1.8055008581584,10.1080_14658011.2021.1955200_part_2.txt_¶Î1_Material9
[*]C(NC1=C(C)C(NC(OCCO[*])=O)=CC=C1)=O,[Au],,,,1.0413926851582251,10.1016_j.polymer.2021.123694_part_2.txt_¶Î1_Material1
OCC(C(C(C1N)O)O[*])OC1OC2C(OC(C(C2O)N)[*])CO,[*]C(C(OC1O[*])COC(O[Na])=O)C(O)C1N,,,,1.0086001717619175,10.1016_j.carbpol.2019.05.013_part_1.txt_¶Î1_Material1
[*]C([C@H](C)OC([C@H](C)O[*])=O)=O,[O-][Si]([O-])([O-])O[Si]([O-])([O-])[O-].[Ca+2],[H][Si]([H])([H])[H],,,2.287801729930226,10.1016_j.polymdegradstab.2011.10.004_part_1.txt_¶Î1_Material1
[*]C(CCCCCO[*])=O,O=C=NC(C=C1)=CC=C1CC2=CC=C(C=C2)N=C=O,,,,0.7708520116421442,10.1016_j.eurpolymj.2020.109908_part_2.txt_¶Î1_Material1
[*]C([H])([H])C(O)([H])[*],O=C(C(C[*])[*])N,C(CC=O)CC=O,,,0.2787536009528289,10.1007_s13233-018-6084-2_part_1.txt_¶Î1_Material1
[*]OC1C(C(OC(C1O)OC2C3C(C(OC2CO3)[*])O)CO)O,O=C(C(C[*])[*])N,OC1=C2C(C3(O)C4C5C6=C7C8C(C9=CC(C(O)=O)=C(C=C(C=C%10C(O)=O)C%11%12)C(C%11=C%13C%14C%15%16C%17(O%16)C%18C%19=C%20C%21=C%22C(C(O)=C%23)=C%24C%25C%21=C%26C%19=C%27C%17=C%28C%14(O)C%12=C%10C=C%28CC%27=CC%26=CC%25=C(C(O)=O)C=C%24)C9=C7C%13(O)C5=C%15C3=C%18C%29%30C%20(O%30)C%31C%22C%23=C%32)=CC(C(O)=O)=CC8=CC6=C(C(O)=O)C4=C2)=C%29C%33=C%31C%32=C(C(O)=O)C=C%331,,,-0.48148606,10.1002_adem.201600272_part_1.txt_¶Î1_Material1
[*]C(C=C1)=CC=C1S[*],[*]CCC(CCCC(CCCC(C[*])C)C)C,OC(C(C)(CC(C1=CC=CC=C1)[*])CC(C[*])(C(OCC2CO2)=O)C)=O,,,1.8904210188009145,10.1002_app.39610_part_2.txt_¶Î1_Material1
O=C([*])C(C)O[*],[*]C(CCCCC(OCCCCO[*])=O)=O,OP(O)(O)=O,O=[Mg].O=[Si]=O.O=[Si]=O.O=[Si]=O.O=[Si]=O.O=[Mg].O=[Mg].O,,1.6283889300503116,10.3390_polym13050740_part_2.txt_¶Î1_Material1
O=C(O[*])CCCCCCCCCCN[*],O[Si](O)(O[Si](O)(O)O)O.[Al].[Al].O,,,,1.688419822002711,10.1002_app.39160_part_2.txt_¶Î1_Material1
O=C([*])CCCCCN[*],O=[Al]O[Al]=O.O=[Si]=O.O=[Si]=O.O=[Si]=O,O=[Si]=O,,,2.0791812460476247,10.1016_j.polymer.2010.10.059_part_2.txt_¶Î1_Material1
[*]C(C1=CC=C(C(OCCCCO[*])=O)C=C1)=O,[*]CC[*],,,,1.3178544893314692,10.1155_2020_8890551_part_1.txt_¶Î1_Material1
[*]C(N(CN(C(OCOC(N(CN(C(OCCO[*])=O)[H])[H])=O)=O)[H])[H])=O,C[Si](C)(C[*])O[*],,,,1.4313637641589874,10.1007_s00289-018-2666-6_part_1.txt_¶Î1_Material1
[*]C(C)C[*],NC1=CC=C(C=C1)/C2=C3C=C/C(N\3)=C(C4=N/C(C=C4)=C(C5=CC=C(N5)/C(C6=CC=CC=C6)=C7N=C2C=C\7)/C8=CC=CC=C8)\C9=CC=CC=C9,O=C(C1=CC=C(C([*])=O)C=C1)NC2=CCC(N[*])C=C2,,,1.5250448070368452,10.1016_j.compositesa.2014.02.014_part_1.txt_¶Î1_Material1
[*]C(CCCCC(OCCCCO[*])=O)=O,[*]C1C(OC(C(C1O)O)OC2C(OC(C(C2O)O)O[*])CO)CO,,,,1.0755469613925308,10.1002_star.201900098_part_1.txt_¶Î1_Material1
[*]C1C(OC(C(C1O)O)OC2C(OC(C(C2O)O)O[*])CO)CO,[*]C([H])([H])C(O)([H])[*],C(CC=O)CC=O,OC(CO)CO,,1.3001605369513525,10.1016_j.carbpol.2013.04.011_part_1.txt_¶Î1_Material1
[*]OCC[*],O=C(C1=CC=C(C([*])=O)C=C1)NC2=CCC(N[*])C=C2,O=C(C1=CC=C(C=C1)C(OCC[*])=O)O[*],,,1.4313637641589874,10.1002_app.39831_part_1.txt_¶Î1_Material1
[*]NCC(NC(C(ONCC(NC(C(NCC(NC(C([*])=O)C)=O)=O)C)=O)=O)CO)=O,[Ag],,,,1.0086001717619175,10.1007_s11051-015-2895-7_part_1.txt_¶Î1_Material1
[*]CC([*])Cl,[*]CC(CC=CCC([*])C1=CC=CC=C1)C#N,,,,1.414973347970818,10.1002_pen.22148_part_1.txt_¶Î1_Material1
[*]C(C)C[*],[*]CC[*],C12=CC3=CC4=CC=CN=C4N=C3N=C1N=C5N=C6N=CC=CC6=CC5=C2,,,1.5601458398490475,10.1007_s12221-017-6371-0_part_1.txt_¶Î1_Material1
[*]CC(CC=CCC([*])C1=CC=CC=C1)C#N,O=C([*])C(C)O[*],CCCCCCCCCCCCCCCCCCOC(CCC1=CC(C(C)(C)C)=C(C(C(C)(C)C)=C1)O)=O,,,1.715167357848458,10.1002_app.36732_part_1.txt_¶Î1_Material1
O=C([*])OC1=CC=C(C=C1)C(C)(C)C2=CC=C(C=C2)O[*],O=C(C1=CC=C(C=C1)C(OCC[*])=O)O[*],O=C=NC(C=C1)=CC=C1CC2=CC=C(C=C2)N=C=O,,,1.4313637641589874,10.3390_ma12010049_part_1.txt_¶Î1_Material1
OP(O)(O)=O,[*]C1C(O)C(O)C(OC2C(O)C(O)C(O[*])OC2COC(C)=O)OC1COC(C)=O,,,,0.6190933306267428,10.1002_app.35351_part_2.txt_¶Î1_Material1
[*]C(F)(C(F)([*])F)F,C=C([CH3])C(=O)O[CH3],[Ag],,,1,10.1016_j.apsusc.2018.12.229_part_1.txt_¶Î1_Material1
[*]CC[*],O=C(C1=CC=C(C=C1)C(OCC[*])=O)O[*],[*]CC(C1=CC=CC=C1)[*],,,1.4471580313422192,10.1002_pat.1567_part_1.txt_¶Î1_Material3
OCC1OC(C(C(C1[*])O)O)OC2C(C(C(OC2CO)O[*])O)O,OC1=C2C(C3(O)C4C5C6=C7C8C(C9=CC(C(O)=O)=C(C=C(C=C%10C(O)=O)C%11%12)C(C%11=C%13C%14C%15%16C%17(O%16)C%18C%19=C%20C%21=C%22C(C(O)=C%23)=C%24C%25C%21=C%26C%19=C%27C%17=C%28C%14(O)C%12=C%10C=C%28CC%27=CC%26=CC%25=C(C(O)=O)C=C%24)C9=C7C%13(O)C5=C%15C3=C%18C%29%30C%20(O%30)C%31C%22C%23=C%32)=CC(C(O)=O)=CC8=CC6=C(C(O)=O)C4=C2)=C%29C%33=C%31C%32=C(C(O)=O)C=C%331,OC1=C2C(C3(O)C4C5C6=C7C8C(C9=CC(C(O)=O)=C(C=C(C=C%10C(O)=O)C%11%12)C(C%11=C%13C%14C%15%16C%17(O%16)C%18C%19=C%20C%21=C%22C(C(O)=C%23)=C%24C%25C%21=C%26C%19=C%27C%17=C%28C%14(O)C%12=C%10C=C%28CC%27=CC%26=CC%25=C(C(O)=O)C=C%24)C9=C7C%13(O)C5=C%15C3=C%18C%29%30C%20(O%30)C%31C%22C%23=C%32)=CC(C(O)=O)=CC8=CC6=C(C(O)=O)C4=C2)=C%29C%33=C%31C%32=C(C(O)=O)C=C%331,,,1.9258275746247424,10.1039_c5ra13181b_part_2.txt_¶Î1_Material3
[*]O[C@H](C)CC([*])=O,[*]C(CCCCCO[*])=O,,,,1.462397997898956,10.1016_j.clay.2012.01.001_part_2.txt_¶Î1_Material1
[*]C(CCCCC(OCCCCO[*])=O)=O,[*]C(N(CN(C(OCOC(N(CN(C(OCCO[*])=O)[H])[H])=O)=O)[H])[H])=O,O=C=NC(C=C1)=CC=C1CC2=CC=C(C=C2)N=C=O,,,1.3424226808222062,10.4028_www.scientific.net_kem.816.187_part_1.txt_¶Î1_Material1
OCC(C(C(C1N)O)O[*])OC1OC2C(OC(C(C2O)N)[*])CO,[*]C1C(C(C(OC1C(O[Na])=O)OC2C(C(O[Na])=O)OC(O[*])C(O)C2O)O)O,OCC(O)CO,,,1.3710678622717365,10.1021_acsapm.0c00433_part_4.txt_¶Î1_Material1
C=C([CH3])C(=O)O[CH3],[*]CC(C1=CC=CC=C1)[*],[*]CC(CCCC(CC)CC([*])C1=CC=CC=C1)C2=CC=CC=C2,,,1.3979400086720375,10.1166_jnn.2011.3071_part_2.txt_¶Î1_Material6
[*]CCCC([*])OC(C)=O,OC1=C2C(C3(O)C4C5C6=C7C8C(C9=CC(C(O)=O)=C(C=C(C=C%10C(O)=O)C%11%12)C(C%11=C%13C%14C%15%16C%17(O%16)C%18C%19=C%20C%21=C%22C(C(O)=C%23)=C%24C%25C%21=C%26C%19=C%27C%17=C%28C%14(O)C%12=C%10C=C%28CC%27=CC%26=CC%25=C(C(O)=O)C=C%24)C9=C7C%13(O)C5=C%15C3=C%18C%29%30C%20(O%30)C%31C%22C%23=C%32)=CC(C(O)=O)=CC8=CC6=C(C(O)=O)C4=C2)=C%29C%33=C%31C%32=C(C(O)=O)C=C%331,C=CCN1C(=O)N(CC=C)C(=O)N(CC=C)C1=O,,,1,10.1177_0892705715614062_part_1.txt_¶Î1_Material1
[*]C1C(O)C(O)C(OC2C(O)C(O)C(O[*])OC2COC(C)=O)OC1COC(C)=O,O=[Ti]=O,,,,0.9365137424788932,10.1007_s12221-021-0282-9_part_1.txt_¶Î1_Material1
[*]C1=C(O)C(C(C)(C)C)=C(O)C(C)=C1SS[*],[S],OC1=C2C(C3(O)C4C5C6=C7C8C(C9=CC(C(O)=O)=C(C=C(C=C%10C(O)=O)C%11%12)C(C%11=C%13C%14C%15%16C%17(O%16)C%18C%19=C%20C%21=C%22C(C(O)=C%23)=C%24C%25C%21=C%26C%19=C%27C%17=C%28C%14(O)C%12=C%10C=C%28CC%27=CC%26=CC%25=C(C(O)=O)C=C%24)C9=C7C%13(O)C5=C%15C3=C%18C%29%30C%20(O%30)C%31C%22C%23=C%32)=CC(C(O)=O)=CC8=CC6=C(C(O)=O)C4=C2)=C%29C%33=C%31C%32=C(C(O)=O)C=C%331,O=C(O)CCCCCCCCCCCCCCCCC,,0.7403626894942439,10.1016_j.polymdegradstab.2015.12.022_part_2.txt_¶Î1_Material1
C=C([CH3])C(=O)O[CH3],O=C([*])C(C)O[*],,,,1.845098040014257,10.1016_j.polymer.2017.08.047_part_3.txt_¶Î1_Material1
O=C([*])C(C)O[*],[*]CC[*],[*]OCC[*],,,1.7075701760979365,10.1080_03602559.2014.909477_part_2.txt_¶Î1_Material2
[*]C(C)C[*],O=C([*])OC1=CC=C(C=C1)C(C)(C)C2=CC=C(C=C2)O[*],[*]CC(CCCC(CC)CC([*])C1=CC=CC=C1)C2=CC=CC=C2,[*]CC(CCCC(CC)CC([*])C1=CC=CC=C1)C2=CC=CC=C2,,1.4375920322539617,10.1002_app.31721_part_1.txt_¶Î1_Material1
O=C([*])OC1=CC=C(C=C1)C(C)(C)C2=CC=C(C=C2)O[*],C[N+](CCO)(CCO)[3H],,,,1.9370161074648145,10.1002_app.31222_part_1.txt_¶Î1_Material3
[*]OC1C(C(O)=O)OC(OC2C(NC(C)=O)C([*])OC(CO)C2O)C(O)C1O,[*]C1C(C(C(OC1C(O[Na])=O)OC2C(C(O[Na])=O)OC(O[*])C(O)C2O)O)O,,,,1.130333768495006,10.1007_s13233-014-2001-5_part_1.txt_¶Î1_Material1
OCC(C(C(C1N)O)O[*])OC1OC2C(OC(C(C2O)N)[*])CO,[*]NC(C)C(N1CCCC1C([*])=O)=O,C=C([CH3])C(=O)O[CH3],O=P([O-])([O-])[O-].[Ca+2].[Ca+2].[OH-],,1.8175653695597809,10.4028_www.scientific.net_kem.672.247_part_1.txt_¶Î1_Material1
[*][C@H]1[C@H](O)[C@@H](O)[C@H](O[C@H]2[C@H]([C@@H](O)[C@H](O[C@H]3[C@H](O)[C@H](O)[C@H](O[C@H]4[C@H](O)[C@H](O)[C@H](O[*])O[C@@H]4CO)O[C@@H]3CO)O[C@@H]2COC(C)=O)O)O[C@@H]1CO,O=C(C(C[*])[*])N,[H]Cl,,,-1.15490196,10.1016_j.polymer.2016.09.046_part_1.txt_¶Î1_Material1
[*]NC(C(N1CCCC1C(NCC(N2CC(CC2C(NC(C(NCC([*])=O)=O)CO)=O)O)=O)=O)=O)CCCCN,O=C(C(C[*])[*])N,OC1=C2C(C3(O)C4C5C6=C7C8C(C9=CC(C(O)=O)=C(C=C(C=C%10C(O)=O)C%11%12)C(C%11=C%13C%14C%15%16C%17(O%16)C%18C%19=C%20C%21=C%22C(C(O)=C%23)=C%24C%25C%21=C%26C%19=C%27C%17=C%28C%14(O)C%12=C%10C=C%28CC%27=CC%26=CC%25=C(C(O)=O)C=C%24)C9=C7C%13(O)C5=C%15C3=C%18C%29%30C%20(O%30)C%31C%22C%23=C%32)=CC(C(O)=O)=CC8=CC6=C(C(O)=O)C4=C2)=C%29C%33=C%31C%32=C(C(O)=O)C=C%331,,,-0.494850022,10.1016_j.compscitech.2018.05.011_part_1.txt_¶Î1_Material1
[*]C(CCCCCO[*])=O,[*]OCCCCOC(CCC([*])=O)=O,CC1(CC(CC(C)(C1)C)N=C=O)CN=C=O,CC1=CC=C(C=C1N=C=O)N=C=O,OCCCCO,1.5118833609788744,10.1007_s00289-016-1833-x_part_1.txt_¶Î1_Material1
[*]CC[*],[*]CC[*],C=C([CH3])C(=O)OC([CH3])[CH3],OC1=C2C(C3(O)C4C5C6=C7C8C(C9=CC(C(O)=O)=C(C=C(C=C%10C(O)=O)C%11%12)C(C%11=C%13C%14C%15%16C%17(O%16)C%18C%19=C%20C%21=C%22C(C(O)=C%23)=C%24C%25C%21=C%26C%19=C%27C%17=C%28C%14(O)C%12=C%10C=C%28CC%27=CC%26=CC%25=C(C(O)=O)C=C%24)C9=C7C%13(O)C5=C%15C3=C%18C%29%30C%20(O%30)C%31C%22C%23=C%32)=CC(C(O)=O)=CC8=CC6=C(C(O)=O)C4=C2)=C%29C%33=C%31C%32=C(C(O)=O)C=C%331,,1.285557309007774,10.1002_pc.23524_part_1.txt_¶Î1_Material1
O=C([*])C(C)O[*],[*]C1C(OC(C(C1O)O)OC2C(OC(C(C2O)O)O[*])CO)CO,[*]C(CCCCC(OCCCCO[*])=O)=O,OCC(O)CO,[*]C1C(OC(C(C1O)O)OC2C(OC(C(C2O)O)O[*])CO)CO,1.6020599913279625,10.4028_www.scientific.net_msf.695.178_part_1.txt_¶Î1_Material2
OCC(C(C(C1N)O)O[*])OC1OC2C(OC(C(C2O)N)[*])CO,CC(NC1C([C@@H](C(O[C@H]1O[*])CO)O[C@@H]2OC([C@H]([C@@H](C2NC(C)=O)O)[*])CO)O)=O,,,,1.8898617212581883,10.1016_j.carbpol.2013.07.033_part_1.txt_¶Î1_Material1
O=C([*])C(C)O[*],[*]OC(CC(OC(CC([*])=O)CC)=O)C,[*]C(CCCCCO[*])=O,OCC1OC(C(C(C1[*])O)O)OC2C(C(C(OC2CO)O[*])O)O,,1.6020599913279625,10.1016_j.foodhyd.2018.04.045_part_2.txt_¶Î1_Material1
[*]C(N(CN(C(OCOC(N(CN(C(OCCO[*])=O)[H])[H])=O)=O)[H])[H])=O,O=[Ti]=O,,,,1.7160033436347992,10.1002_app.49898_part_2.txt_¶Î1_Material1
[*]C/C=C/C[*],[*]C1C(OC(C(C1O)O)OC2C(OC(C(C2O)O)O[*])CO)CO,,,,1.5634810853944108,10.1177_0021998316637130_part_3.txt_¶Î1_Material2
O=C(C(C[*])[*])N,OC(C(C)(CC(C1=CC=CC=C1)[*])CC(C[*])(C(OCC2CO2)=O)C)=O,,,,0.0791812460476248,10.1007_s13726-018-0634-5_part_2.txt_¶Î1_Material1
[*]C([H])([H])C(O)([H])[*],OCC(C(C(C1N)O)O[*])OC1OC2C(OC(C(C2O)N)[*])CO,[*]NC(C(N1CCCC1C(NCC(N2CC(CC2C(NC(C(NCC([*])=O)=O)CO)=O)O)=O)=O)=O)CCCCN,[*]NC(C(N1CCCC1C(NCC(N2CC(CC2C(NC(C(NCC([*])=O)=O)CO)=O)O)=O)=O)=O)CCCCN,,1.6334684555795864,10.4028_www.scientific.net_kem.840.441_part_1.txt_¶Î1_Material1
[*]C(C)C[*],[*]CCCC(CCCCCC)[*],[*]CCCC(CCCCCC)[*],,,1.290034611362518,10.1016_j.compscitech.2012.06.007_part_2.txt_¶Î1_Material6
[*]CCC(CCCCCC)C[*],,,,,1.4082399653118496,10.1007_s10118-012-1159-6_part_1.txt_¶Î1_Material2
OCC(C(C(C1N)O)O[*])OC1OC2C(OC(C(C2O)N)[*])CO,[*]C([H])([H])C(O)([H])[*],[Zn]=O,,,1.423245873936808,10.1016_j.colsurfa.2019.123821_part_2.txt_¶Î1_Material1
[*]CC[*],[*]C(C)C[*],NC1=CC=C(C=C1)/C2=C3C=C/C(N\3)=C(C4=N/C(C=C4)=C(C5=CC=C(N5)/C(C6=CC=CC=C6)=C7N=C2C=C\7)/C8=CC=CC=C8)\C9=CC=CC=C9,,,1.3443922736851108,10.1177_096739111502300803_part_1.txt_¶Î1_Material1
[*]C(NC1=C(C)C(NC(OCCO[*])=O)=CC=C1)=O,O=[Si]=O,[*]CC(C)(C(OCCO)=O)[*],,,1.1132746924643504,10.1007_s00289-021-03677-y_part_4.txt_¶Î1_Material1
O=C(C1=CC=C(C=C1)C(OCC[*])=O)O[*],OC(C(C)(CC(C1=CC=CC=C1)[*])CC(C[*])(C(OCC2CO2)=O)C)=O,,,,1.5563025007672873,10.1021_acs.iecr.8b06362_part_2.txt_¶Î1_Material1
[*]C([H])([H])C(O)([H])[*],OC1=C2C(C3(O)C4C5C6=C7C8C(C9=CC(C(O)=O)=C(C=C(C=C%10C(O)=O)C%11%12)C(C%11=C%13C%14C%15%16C%17(O%16)C%18C%19=C%20C%21=C%22C(C(O)=C%23)=C%24C%25C%21=C%26C%19=C%27C%17=C%28C%14(O)C%12=C%10C=C%28CC%27=CC%26=CC%25=C(C(O)=O)C=C%24)C9=C7C%13(O)C5=C%15C3=C%18C%29%30C%20(O%30)C%31C%22C%23=C%32)=CC(C(O)=O)=CC8=CC6=C(C(O)=O)C4=C2)=C%29C%33=C%31C%32=C(C(O)=O)C=C%331,[Fe]12O[Fe]O[Fe](O2)O1,,,1.8893017025063104,10.1016_j.cej.2013.10.055_part_1.txt_¶Î1_Material1
[*]CC(CC=CCC([*])C1=CC=CC=C1)C#N,C=C([CH3])C(=O)O[CH3],,,,1.715167357848458,10.1080_03602550903413979_part_1.txt_¶Î1_Material1
O=C([*])C(C)O[*],[*]C(CCCCCO[*])=O,O=P([O-])([O-])[O-].[Ca+2].[Ca+2].[OH-],,,1.6211762817750353,10.3390_app11094253_part_2.txt_¶Î1_Material3
[*]C(NC1=C(C)C(NC(OCCO[*])=O)=CC=C1)=O,[Ag],,,,1.506505032404872,10.1021_acsnano.9b09533_part_5.txt_¶Î1_Material1
[*]C1=C(O)C(C(C)(C)C)=C(O)C(C)=C1SS[*],[*]C(C)C[*],,,,1.292256071356476,10.1179_1743289811y.0000000042_part_1.txt_¶Î1_Material1
[*]NC(C(N1CCCC1C(NCC(N2CC(CC2C(NC(C(NCC([*])=O)=O)CO)=O)O)=O)=O)=O)CCCCN,[*]CC(C)(C(OCCO)=O)[*],,,,1.3053513694466237,10.1080_03602551003652680_part_1.txt_¶Î1_Material2
OCC(C(C(C1N)O)O[*])OC1OC2C(OC(C(C2O)N)[*])CO,OCC(O)CO,,,,1.6492374723496073,10.1016_j.carbpol.2010.03.005_part_1.txt_¶Î1_Material1
[*]C([H])([H])C(O)([H])[*],OC(CO)CO,CCO,O=S(O)(O)=O,,1.7075701760979365,10.1016_j.carbpol.2020.116182_part_1.txt_¶Î1_Material1
O=C([*])C(C)O[*],[Zn]=O,,,,1.5440680443502757,10.3390_molecules26071967_part_2.txt_¶Î1_Material2
[*]CC(COC1=CC=C(C=C1)C(C)(C)C2=CC=C(C=C2)O[*])O,[*]C(C)C[*],O=[Si]=O,,,2.3061032087275857,10.1177_0021998316644972_part_2.txt_¶Î1_Material1
[*]C1=C(C=CN2)C2=C([*])C(O)=C1O,[*]C([H])([H])C(O)([H])[*],[*]OCC[*],Cl[Fe](Cl)Cl,OC1=C2C(C3(O)C4C5C6=C7C8C(C9=CC(C(O)=O)=C(C=C(C=C%10C(O)=O)C%11%12)C(C%11=C%13C%14C%15%16C%17(O%16)C%18C%19=C%20C%21=C%22C(C(O)=C%23)=C%24C%25C%21=C%26C%19=C%27C%17=C%28C%14(O)C%12=C%10C=C%28CC%27=CC%26=CC%25=C(C(O)=O)C=C%24)C9=C7C%13(O)C5=C%15C3=C%18C%29%30C%20(O%30)C%31C%22C%23=C%32)=CC(C(O)=O)=CC8=CC6=C(C(O)=O)C4=C2)=C%29C%33=C%31C%32=C(C(O)=O)C=C%331,0.7781512503836436,10.1002_adfm.202103391_part_1.txt_¶Î1_Material1
[*]C([H])([H])C(O)([H])[*],[*]CC(C1=CC=C(C=C1)S(O)(=O)=O)[*],,,,0.9527924430440922,10.1002_admt.202000919_part_1.txt_¶Î1_Material1
[*]C(F)(C(F)([*])F)F,,,,,0.9454685851318196,10.1088_2053-1591_aa68b6_part_2.txt_¶Î1_Material1
[*]CC[*],[*]C/C=C/CCC([*])C#N,O=[Ti]=O,,,1.4065401804339552,10.1177_0892705718761557_part_3.txt_¶Î1_Material1
O=C([*])C(C)O[*],[Cu]=O,,,,1.705607163404605,10.1002_pc.25182_part_1.txt_¶Î1_Material2
[*]C(NC1=C(C)C(NC(OCCO[*])=O)=CC=C1)=O,O=[Fe]O[Fe]=O,,,,1.1818435879447726,10.1680_jgrma.17.00009_part_2.txt_¶Î1_Material1
[*]CC[*],O=[Si]=O,O=C1C=CC(O1)=O.C=C,,,1.3872118003137306,10.1002_pc.25223_part_1.txt_¶Î1_Material1
[*]C(C)C[*],C=CC1=CC=CC=C1,,,,0.8450980400142568,10.1002_app.44750_part_1.txt_¶Î1_Material1
[*]NC(C(N1CCCC1C(NCC(N2CC(CC2C(NC(C(NCC([*])=O)=O)CO)=O)O)=O)=O)=O)CCCCN,OCC(C(C(C1N)O)O[*])OC1OC2C(OC(C(C2O)N)[*])CO,OCC(O)CO,,,1.1222158782728269,10.1038_s41598-019-44807-x_part_2.txt_¶Î1_Material1
[*]C1C(O)C(O)C(OC2C(O)C(O)C(O[*])OC2COC(C)=O)OC1COC(C)=O,O=C([*])C1=CC=C(C=C1)OC2=CC=C(C=C2)OC3=CC=C(C=C3)[*],,,,2.028855809390444,10.1016_j.compositesb.2015.12.008_part_2.txt_¶Î1_Material1
[*]C(CCCCCO[*])=O,[*]NC(C(N1CCCC1C(NCC(N2CC(CC2C(NC(C(NCC([*])=O)=O)CO)=O)O)=O)=O)=O)CCCCN,[Ni],,,0.0791812460476248,10.2147_ijn.s245188_part_1.txt_¶Î1_Material1
[*]C(C)C[*],O=[Si]=O.[Ca]=O,O=[Al]O[Al]=O.O=[Si]=O.O=[Si]=O.O.O,,,1.8260748027008264,10.1016_j.conbuildmat.2017.12.143_part_1.txt_¶Î1_Material1
[*]C(NC1=C(C)C(NC(OCCO[*])=O)=CC=C1)=O,OC(C(C)(CC(C1=CC=CC=C1)[*])CC(C[*])(C(OCC2CO2)=O)C)=O,,,,1.1760912590556811,10.1021_acs.biomac.9b01255_part_8.txt_¶Î1_Material1
O=C([*])CCCCCN[*],[*]C(NC1=C(C)C(NC(OCCO[*])=O)=CC=C1)=O,O=[Si]=O,,,1.7025166974381505,10.1016_j.wear.2010.04.004_part_1.txt_¶Î1_Material1
[*]C(C)C[*],[*]C1C(OC(C(C1O)O)OC2C(OC(C(C2O)O)O[*])CO)CO,,,,1.371990911464915,10.1007_s11029-015-9496-5_part_1.txt_¶Î1_Material1
[*]CC[*],[*]CC(C(CCC)=O)([*])C,[*]CCCC([*])OC(C)=O,,,1.4771212547196624,10.1016_j.compscitech.2010.06.006_part_1.txt_¶Î1_Material1
O=C([*])C(C)O[*],C=C([CH3])C(=O)O[CH3],O=C(O)CCCCCCCCCCCCCCCCC,,,1.7888751157754168,10.1002_app.42378_part_1.txt_¶Î1_Material1
OP(O)(O)=O,OCC1OC(C(C(C1[*])O)O)OC2C(C(C(OC2CO)O[*])O)O,,,,1.2068258760318498,10.1016_j.carbpol.2018.04.124_part_2.txt_¶Î1_Material1
[*]C(C)C[*],[H][O-],NC1=CC=C(C=C1)/C2=C3C=C/C(N\3)=C(C4=N/C(C=C4)=C(C5=CC=C(N5)/C(C6=CC=CC=C6)=C7N=C2C=C\7)/C8=CC=CC=C8)\C9=CC=CC=C9,[H][Si]([H])([H])[H],,1.6201360549737576,10.1007_s00289-016-1636-0_part_4.txt_¶Î1_Material1
[*]C(C)C[*],O=C(C1=CC=C(C=C1)C(OCC[*])=O)O[*],[*]CCC(CCCCCC)C[*],[*]CCC(CCCCCC)C[*],,1.4802944600030066,10.3390_polym10030291_part_3.txt_¶Î1_Material1
[*]N1C(C2=CC3=C(C=C2C1=O)C(N(C3=O)C4=CC=C(C=C4)OC5=CC=C(C=C5)[*])=O)=O,C[Si](C)(C[*])O[*],,,,2.2121876044039577,10.1515_epoly-2024-0104_OA_part_2.txt_¶Î1_Material1
OCC(C(C(C1N)O)O[*])OC1OC2C(OC(C(C2O)N)[*])CO,[*]NC(C(N1CCCC1C(NCC(N2CC(CC2C(NC(C(NCC([*])=O)=O)CO)=O)O)=O)=O)=O)CCCCN,OC1=C2C(C3(O)C4C5C6=C7C8C(C9=CC(C(O)=O)=C(C=C(C=C%10C(O)=O)C%11%12)C(C%11=C%13C%14C%15%16C%17(O%16)C%18C%19=C%20C%21=C%22C(C(O)=C%23)=C%24C%25C%21=C%26C%19=C%27C%17=C%28C%14(O)C%12=C%10C=C%28CC%27=CC%26=CC%25=C(C(O)=O)C=C%24)C9=C7C%13(O)C5=C%15C3=C%18C%29%30C%20(O%30)C%31C%22C%23=C%32)=CC(C(O)=O)=CC8=CC6=C(C(O)=O)C4=C2)=C%29C%33=C%31C%32=C(C(O)=O)C=C%331,,,1.5121505369220305,10.1016_j.fbio.2020.100871_part_2.txt_¶Î1_Material1
[*]CC[*],O=C1C([*])C(CC[*])C(O1)=O,O=C(O)CCCCCCCCCCCCCCCCC,,,1.8040030547296129,10.1016_j.conbuildmat.2019.117499_part_1.txt_¶Î1_Material1
[*]C(C)C[*],[*]C(C)C[*],OC1=C2C(C3(O)C4C5C6=C7C8C(C9=CC(C(O)=O)=C(C=C(C=C%10C(O)=O)C%11%12)C(C%11=C%13C%14C%15%16C%17(O%16)C%18C%19=C%20C%21=C%22C(C(O)=C%23)=C%24C%25C%21=C%26C%19=C%27C%17=C%28C%14(O)C%12=C%10C=C%28CC%27=CC%26=CC%25=C(C(O)=O)C=C%24)C9=C7C%13(O)C5=C%15C3=C%18C%29%30C%20(O%30)C%31C%22C%23=C%32)=CC(C(O)=O)=CC8=CC6=C(C(O)=O)C4=C2)=C%29C%33=C%31C%32=C(C(O)=O)C=C%331,CC1=CC(O)=C(C=C1CCCC(C2=C(C=C(C(C(C)(C)C)=C2)O)C)C3=CC(C(C)(C)C)=C(C=C3C)O)C(C)(C)C,,1.021189299069938,10.1007_s00289-018-2609-2_part_1.txt_¶Î1_Material1
O=C([*])C(C)O[*],[*]C(C1=CC=C(C=C1)C(OCCCCOC(C2=CC=C(C=C2)C(OCCCCO[*])=O)=O)=O)=O,O=[Si]=O.O=[Al]O[Al]=O.O=[Si]=O.O=[Si]=O.O=[Si]=O.O,,,1.5440680443502757,10.1002_app.50443_part_1.txt_¶Î1_Material1
[*]C(C(OC(CO[*])=O)C)=O,[*]C(CCCCCO[*])=O,[*]C1=C(C=CN2)C2=C([*])C(O)=C1O,[Ag+],[*]NC(C)C(N1CCCC1C([*])=O)=O,0.1139433523068367,10.1021_acsami.9b07053_part_4.txt_¶Î1_Material1
[*]C(C)C[*],[*]CC(C1=CC=CC=C1)[*],OCC1OC(C(C(C1[*])O)O)OC2C(C(C(OC2CO)O[*])O)O,[*]CC(CCCC(CC)CC([*])C1=CC=CC=C1)C2=CC=CC=C2,NC1=CC=C(C=C1)/C2=C3C=C/C(N\3)=C(C4=N/C(C=C4)=C(C5=CC=C(N5)/C(C6=CC=CC=C6)=C7N=C2C=C\7)/C8=CC=CC=C8)\C9=CC=CC=C9,1.2013971243204515,10.1002_pc.23647_part_1.txt_¶Î1_Material1
[*]CCCC([*])C(OC)=O,OC1=C2C(C3(O)C4C5C6=C7C8C(C9=CC(C(O)=O)=C(C=C(C=C%10C(O)=O)C%11%12)C(C%11=C%13C%14C%15%16C%17(O%16)C%18C%19=C%20C%21=C%22C(C(O)=C%23)=C%24C%25C%21=C%26C%19=C%27C%17=C%28C%14(O)C%12=C%10C=C%28CC%27=CC%26=CC%25=C(C(O)=O)C=C%24)C9=C7C%13(O)C5=C%15C3=C%18C%29%30C%20(O%30)C%31C%22C%23=C%32)=CC(C(O)=O)=CC8=CC6=C(C(O)=O)C4=C2)=C%29C%33=C%31C%32=C(C(O)=O)C=C%331,[Mg]=O,CCCC[Sn](CCCC)(OC(CCCCCCCCCCC)=O)OC(CCCCCCCCCCC)=O,CCCCCCCCCCCCCCCCCCOC(CCC1=CC(C(C)(C)C)=C(C(C(C)(C)C)=C1)O)=O,1.0170333392987805,10.1021_acsomega.1c01727_part_2.txt_¶Î1_Material1
[*]C(C)C[*],[*]CCCC(CCCCCC)[*],[*]C(C)C[*],,,1.3031960574204888,10.1016_j.compscitech.2012.06.007_part_2.txt_¶Î1_Material4
[*]C([H])([H])C(O)([H])[*],[*]NCC(NC(C(ONCC(NC(C(NCC(NC(C([*])=O)C)=O)=O)C)=O)=O)CO)=O,,,,1.1958996524092338,10.1016_j.ijbiomac.2013.06.050_part_1.txt_¶Î1_Material1
[*]C1OC(CCC)OC(C[*])C1,[H]O[H],,,,1.414973347970818,10.1002_app.47230_part_1.txt_¶Î1_Material1
O=C([*])C(C)O[*],O=C(C1=CC=C(C([*])=O)C=C1)NC2=CCC(N[*])C=C2,,,,1.3617278360175928,10.3390_polym11020349_part_1.txt_¶Î1_Material1
O=C=NC(C=C1)=CC=C1CC2=CC=C(C=C2)N=C=O,[*]CCCCOCCCCOCCCCOCCCCO[*],OCCCCO,,,1.6989700043360187,10.1021_acs.biomac.9b01255_part_4.txt_¶Î1_Material4
O=C(O)C([*])C[*],O=C(C(C[*])[*])N,,,,-0.26760624,10.1039_d0ma00282h_part_1.txt_¶Î1_Material1
[*]C(C)C[*],C/C(C[*])=C/C[*],[*]NCC(NC(C(ONCC(NC(C(NCC(NC(C([*])=O)C)=O)=O)C)=O)=O)CO)=O,,,1.6541765418779606,10.1016_j.compositesa.2010.07.007_part_1.txt_¶Î1_Material2
[*]CC(COC1=CC=C(C=C1)C(C)(C)C2=CC=C(C=C2)O[*])O,[*]C1=C(C=CN2)C2=C([*])C(O)=C1O,,,,1.8701697211364408,10.1016_j.polymdegradstab.2016.04.005_part_4.txt_¶Î1_Material1
[*]NCC(NC(C(ONCC(NC(C(NCC(NC(C([*])=O)C)=O)=O)C)=O)=O)CO)=O,O=C(C(C[*])[*])N,,,,-0.187086643,10.1016_j.matlet.2019.05.129_part_1.txt_¶Î1_Material1
C[Si](C)(C[*])O[*],CCCC[Sn](OC(CC(C)CCCCCCCC)=O)(OC(CCCCCCCCCCC)=O)CCCC,,,,-0.318758763,10.1021_acsomega.0c04460_part_1.txt_¶Î1_Material1
[*]C(CCCCCO[*])=O,CCO[Si](OCC)(OCC)OCC,[H]Cl,,,1.0969100130080565,10.1016_j.msec.2014.04.024_part_2.txt_¶Î1_Material1
OCC1OC(C(C(C1[*])O)O)OC2C(C(C(OC2CO)O[*])O)O,O=[Ti]=O,,,,1.60422605308447,10.1007_s10570-013-9898-2_part_2.txt_¶Î1_Material3
O=C([*])CCCCCN[*],[*]CC[*],[*]OCC[*],,,1.5403294747908738,10.1002_app.34648_part_2.txt_¶Î1_Material1
[*]C(N(CN(C(OCOC(N(CN(C(OCCO[*])=O)[H])[H])=O)=O)[H])[H])=O,[Zn]=O,,,,1.1855421548543752,10.1177_0731684412446856_part_2.txt_¶Î1_Material1
[*]C(CCCCCO[*])=O,[*]NC(C(N1CCCC1C(NCC(N2CC(CC2C(NC(C(NCC([*])=O)=O)CO)=O)O)=O)=O)=O)CCCCN,[Zn]=O,,,0.3074960379132129,10.1016_j.ijpharm.2020.119413_part_2.txt_¶Î1_Material1
[*]C(C)C[*],CNC(CNC(CN)=O)=O,,,,1.54282542695918,10.62051_d4gz0m57_OA_part_1.txt_¶Î1_Material1
[*]CC[*],OCC1OC(C(C(C1[*])O)O)OC2C(C(C(OC2CO)O[*])O)O,C=C([CH3])C(=O)OC([CH3])[CH3],,,1.6551384348113822,10.3390_polym13152564_part_1.txt_¶Î1_Material1
O=C([*])CCCCCN[*],[*]CC[*],[*]CC(CCCC(CC)CC([*])C1=CC=CC=C1)C2=CC=CC=C2,,,1.6999244027424767,10.1002_pen.23866_part_1.txt_¶Î1_Material1
OP(O)(O)=O,O=C([*])C(C)O[*],,,,1.7737864449811935,10.1177_0021998317752227_part_1.txt_¶Î1_Material1
[*]C1C(C(C(OC1C(O[Na])=O)OC2C(C(O[Na])=O)OC(O[*])C(O)C2O)O)O,[*]C(NC1=C(C)C(NC(OCCO[*])=O)=CC=C1)=O,,,,1.6659560294539568,10.1039_c8nj04249g_part_1.txt_¶Î1_Material1
[*]C(C)C[*],[*]C(C)C[*],[H][O-],,,1.390935107103379,10.1002_app.51350_part_2.txt_¶Î1_Material1
[*]C1C(OC(C(C1O)O)OC2C(OC(C(C2O)O)O[*])CO)CO,OCC(C(C(C1N)O)O[*])OC1OC2C(OC(C(C2O)N)[*])CO,,,,0.9532763366673044,10.1016_j.lwt.2021.110934_part_1.txt_¶Î1_Material1
O=C([*])CCCCCN[*],[H][Si]([H])([H])[H],,,,1.880813592280792,10.1002_pc.22787_part_1.txt_¶Î1_Material1
O=C(CCCCC(N(CCCCCCN([*])[H])[H])=O)[*],O=[Si]=O,[*]CCC(CCCCCC)C[*],,,2.1372274764429067,10.4028_www.scientific.net_amr.562-564.443_part_1.txt_¶Î1_Material1
O=C([*])C(C)O[*],[*]OCCCCOC(CCC([*])=O)=O,[*]C1C(OC(C(C1O)O)OC2C(OC(C(C2O)O)O[*])CO)CO,O=C(O)CCCCCCCCCCCCCCCCC,,1.3979400086720375,10.1016_j.compositesb.2019.107384_part_3.txt_¶Î1_Material1
[*]NC(C(N1CCCC1C(NCC(N2CC(CC2C(NC(C(NCC([*])=O)=O)CO)=O)O)=O)=O)=O)CCCCN,[*]NC(C(N1CCCC1C(NCC(N2CC(CC2C(NC(C(NCC([*])=O)=O)CO)=O)O)=O)=O)=O)CCCCN,CCN=C=NCCCN(C)C,ON1C(=O)CCC1=O,,1.0530784434834195,10.1016_j.ijbiomac.2014.06.021_part_2.txt_¶Î1_Material1
O=C(O[*])CCCCCCCCCCN[*],[*]CC(CCCC(CC)CC([*])C1=CC=CC=C1)C2=CC=CC=C2,,,,1.5024271199844328,10.1016_j.eurpolymj.2017.03.008_part_4.txt_¶Î1_Material3
[*]C([H])([H])C(O)([H])[*],O=C(O[Na])COCC(OC(C(C1O)O)[*])C1OC(C(C(C2O[*])O)O)OC2COCC(O[Na])=O,[Zn]=O,,,1.6580113966571124,10.3390_nano10091797_part_3.txt_¶Î1_Material4
O=C(C1=CC=C(C=C1)C(OCC[*])=O)O[*],O=C([*])OC1=CC=C(C=C1)C(C)(C)C2=CC=C(C=C2)O[*],[*]C/C=C/CCC([*])C#N,[*]C/C=C/CCC([*])C#N,,1.4867137759824856,10.1080_03602559.2013.763349_part_1.txt_¶Î1_Material1
C(C)(C1=CC=C(OCC2CO2)C=C1)(C)C1=CC=C(OCC2CO2)C=C1,C12=CC3=CC4=CC=CN=C4N=C3N=C1N=C5N=C6N=CC=CC6=CC5=C2,[*]C1=CC=C(C=C1)C(N[*])=O,,,1.8680563618230408,10.1002_pc.24102_part_1.txt_¶Î1_Material1
[*]CC[*],[*]CCCC([*])OC(C)=O,[*]OCC[*],,,1.2405492482825995,10.11113_jt.v74.4845_part_1.txt_¶Î1_Material1
C/C(C[*])=C/C[*],C/C(C[*])=C/C[*],OC1=C2C(C3(O)C4C5C6=C7C8C(C9=CC(C(O)=O)=C(C=C(C=C%10C(O)=O)C%11%12)C(C%11=C%13C%14C%15%16C%17(O%16)C%18C%19=C%20C%21=C%22C(C(O)=C%23)=C%24C%25C%21=C%26C%19=C%27C%17=C%28C%14(O)C%12=C%10C=C%28CC%27=CC%26=CC%25=C(C(O)=O)C=C%24)C9=C7C%13(O)C5=C%15C3=C%18C%29%30C%20(O%30)C%31C%22C%23=C%32)=CC(C(O)=O)=CC8=CC6=C(C(O)=O)C4=C2)=C%29C%33=C%31C%32=C(C(O)=O)C=C%331,,,1.3483048630481609,10.1007_s10924-016-0817-0_part_1.txt_¶Î1_Material1
[*]CC(CCCC(CC)CC([*])C1=CC=CC=C1)C2=CC=CC=C2,[*]CC(CCCC(CC)CC([*])C1=CC=CC=C1)C2=CC=CC=C2,,,,1.7427251313046983,10.1002_app.48888_part_3.txt_¶Î1_Material1
OCC(C(C(C1N)O)O[*])OC1OC2C(OC(C(C2O)N)[*])CO,[*]C1C(OC(C(C1O)O)OC2C(OC(C(C2O)O)O[*])CO)CO,OC(C(CC(O)=O)(CC(O)=O)O)=O,,,1.073351702386901,10.4028_www.scientific.net_ssp.280.323_part_1.txt_¶Î1_Material1
[*]N1C(C2=CC3=C(C=C2C1=O)C(N(C3=O)C4=CC=C(C=C4)OC5=CC=C(C=C5)[*])=O)=O,[*]O[Si](C)(C)[*],[Ag],,,2.2132520521963968,10.1016_j.mtcomm.2020.100959_part_1.txt_¶Î1_Material1
FC(F)([*])C([H])([*])[H],OC1=C2C(C3(O)C4C5C6=C7C8C(C9=CC(C(O)=O)=C(C=C(C=C%10C(O)=O)C%11%12)C(C%11=C%13C%14C%15%16C%17(O%16)C%18C%19=C%20C%21=C%22C(C(O)=C%23)=C%24C%25C%21=C%26C%19=C%27C%17=C%28C%14(O)C%12=C%10C=C%28CC%27=CC%26=CC%25=C(C(O)=O)C=C%24)C9=C7C%13(O)C5=C%15C3=C%18C%29%30C%20(O%30)C%31C%22C%23=C%32)=CC(C(O)=O)=CC8=CC6=C(C(O)=O)C4=C2)=C%29C%33=C%31C%32=C(C(O)=O)C=C%331,[*]C1=CC=C([*])N1,,,1.4548448600085102,10.1038_s41598-019-46305-6_part_1.txt_¶Î1_Material1
[*]C(C)C[*],OC(C(CC(O)=O)(CC(O)=O)O)=O,,,,1.0766404436703418,10.3390_polym12040929_part_2.txt_¶Î1_Material3
[*]C(C)C[*],O=C([*])CCCCCN[*],[Mg],,,1.546542663478131,10.15282_ijame.8.2013.19.0107_OA_part_3.txt_¶Î1_Material2
[*]CC[*],[*]CC[*],O=[Al]O[Al]=O.O=[Si]=O.O=[Si]=O.O=[Si]=O,,,1.3996737214810382,10.3390_ma13153342_part_1.txt_¶Î1_Material1
O=C([*])C(C)O[*],[Mg]=O,,,,1.4183012913197457,10.3390_molecules26071967_part_2.txt_¶Î1_Material3
[*]C([H])([H])C(O)([H])[*],[*]OCC[*],,,,1.9324737646771533,10.3390_polym11122096_part_2.txt_¶Î1_Material1
[*]CC(C#N)[*],C12=CC3=CC4=CC=CN=C4N=C3N=C1N=C5N=C6N=CC=CC6=CC5=C2,[*]CC(COC1=CC=C(C=C1)C(C)(C)C2=CC=C(C=C2)O[*])O,,,2.544068044350276,10.1002_app.43235_part_1.txt_¶Î1_Material1
[*]NCC(NC(C(ONCC(NC(C(NCC(NC(C([*])=O)C)=O)=O)C)=O)=O)CO)=O,[*]C([H])([H])C(O)([H])[*],,,,0.9912260756924948,10.1007_s12221-020-9428-4_part_1.txt_¶Î1_Material1
[*]C(C)C[*],OCC1OC(C(C(C1[*])O)O)OC2C(C(C(OC2CO)O[*])O)O,C=CCOC(C1=CC=CC=C1C(OCC=C)=O)=O,,,1.510545010206612,10.1016_j.proche.2012.06.039_part_1.txt_¶Î1_Material1
O=C(C(C[*])[*])N,OCC1OC(C(C(C1[*])O)O)OC2C(C(C(OC2CO)O[*])O)O,C(NC(=O)C=C)NC(=O)C=C,OS(=O)(OOS(O)(=O)=O)=O.N.N,CN(C)CCN(C)C,-0.920818754,10.1016_j.msec.2016.04.074_part_1.txt_¶Î1_Material1
[*]C(C)C[*],[*]CCCC([*])OC(C)=O,[*]C1C(OC(C(C1O)O)OC2C(OC(C(C2O)O)O[*])CO)CO,,,1.3521825181113625,10.1177_0095244312439491_part_2.txt_¶Î1_Material1
[*]C([H])([H])C(O)([H])[*],[H]O[H],,,,1.2148438480476975,10.1016_j.carbpol.2010.07.062_part_1.txt_¶Î1_Material1
[*]C(CCCCCO[*])=O,[*]C([H])([H])C(O)([H])[*],OCC(C(C(C1N)O)O[*])OC1OC2C(OC(C(C2O)N)[*])CO,[*]NC(C(N1CCCC1C(NCC(N2CC(CC2C(NC(C(NCC([*])=O)=O)CO)=O)O)=O)=O)=O)CCCCN,,-0.180456064,10.1016_j.ijpharm.2017.12.045_part_8.txt_¶Î1_Material1
O=C([*])CCCCCN[*],S=[Mo]=S,,,,1.6222140229662954,10.1177_0954008317710317_part_1.txt_¶Î1_Material1
C/C(C[*])=C/C[*],[*]C([H])([H])C(O)([H])[*],C(CC=O)CC=O,,,0.9041743682841636,10.1088_1757-899x_553_1_012046_part_2.txt_¶Î1_Material1
C[Si](O[*])(C)[*],[H][Si]([H])([H])[H],,,,0.7888751157754168,10.1016_j.polymer.2020.122493_part_2.txt_¶Î1_Material1
[*]C(CCCCCO[*])=O,[*]C(CCCCCO[*])=O,C=C([CH3])C(=O)OC([CH3])[CH3],[H][O-],,1.255272505103306,10.1002_pat.5367_part_2.txt_¶Î1_Material1
[*]C(NC1=C(C)C(NC(OCCO[*])=O)=CC=C1)=O,CCO,,,,1.6922298357727557,10.1016_j.jmbbm.2018.03.025_part_1.txt_¶Î1_Material1
OCC(C(C(C1N)O)O[*])OC1OC2C(OC(C(C2O)N)[*])CO,OCC(C(C(C1N)O)O[*])OC1OC2C(OC(C(C2O)N)[*])CO,OCC(O)CO,,,1.1708482036433094,10.1016_j.foodhyd.2020.106384_part_1.txt_¶Î1_Material2
[*]CCCC([*])OC(C)=O,O=C(OOC(=O)C1=CC=CC=C1)C1=CC=CC=C1,,,,1.677606952720493,10.1016_j.polymertesting.2011.12.003_part_1.txt_¶Î1_Material1
[*]C([H])([H])C(O)([H])[*],OCC(O)CO,OC(C(CC(O)=O)(CC(O)=O)O)=O,,,1.827369273053825,10.1016_j.carbpol.2018.12.076_part_1.txt_¶Î1_Material1
OC1=C2C(C3(O)C4C5C6=C7C8C(C9=CC(C(O)=O)=C(C=C(C=C%10C(O)=O)C%11%12)C(C%11=C%13C%14C%15%16C%17(O%16)C%18C%19=C%20C%21=C%22C(C(O)=C%23)=C%24C%25C%21=C%26C%19=C%27C%17=C%28C%14(O)C%12=C%10C=C%28CC%27=CC%26=CC%25=C(C(O)=O)C=C%24)C9=C7C%13(O)C5=C%15C3=C%18C%29%30C%20(O%30)C%31C%22C%23=C%32)=CC(C(O)=O)=CC8=CC6=C(C(O)=O)C4=C2)=C%29C%33=C%31C%32=C(C(O)=O)C=C%331,[*]CCCC([*])OC(C)=O,O=[Si]=O,,,1.212187604403958,10.1002_pen.23920_part_2.txt_¶Î1_Material1
[*]C(C)C[*],[*]CC[*],[*]CC(C1=CC=CC=C1)[*],[*]CC(CCCC(CC)CC([*])C1=CC=CC=C1)C2=CC=CC=C2,[*]CCCC(C1C([*])C2CC1C/C2=C/C)C,1.5434471800817002,10.14233_ajchem.2024.30711_OA_part_1.txt_¶Î1_Material1
[*]CC(CC=CCC([*])C1=CC=CC=C1)C#N,O=C(C1=CC=C(C=C1)C(OCC[*])=O)O[*],,,,1.6875289612146342,10.1016_j.apsusc.2017.12.168_part_1.txt_¶Î1_Material1
[*]O[C@H](C)CC([*])=O,CCOC(=O)C(O)(CC(=O)OCC)CC(=O)OCC,,,,1.0681858617461617,10.1002_app.49990_part_2.txt_¶Î1_Material1
O=C([*])C(C)O[*],C/C(C[*])=C/C[*],C=C([CH3])C(=O)OC([CH3])[CH3],,,1.757396028793024,10.1002_app.48297_part_2.txt_¶Î1_Material1
[*]CC([*])Cl,OC1=C2C(C3(O)C4C5C6=C7C8C(C9=CC(C(O)=O)=C(C=C(C=C%10C(O)=O)C%11%12)C(C%11=C%13C%14C%15%16C%17(O%16)C%18C%19=C%20C%21=C%22C(C(O)=C%23)=C%24C%25C%21=C%26C%19=C%27C%17=C%28C%14(O)C%12=C%10C=C%28CC%27=CC%26=CC%25=C(C(O)=O)C=C%24)C9=C7C%13(O)C5=C%15C3=C%18C%29%30C%20(O%30)C%31C%22C%23=C%32)=CC(C(O)=O)=CC8=CC6=C(C(O)=O)C4=C2)=C%29C%33=C%31C%32=C(C(O)=O)C=C%331,,,,1.3500540935790302,10.1016_j.jiec.2018.07.051_part_3.txt_¶Î1_Material1
[*]C(C)C[*],[*]C(C1=CC=C(C(OCCCCO[*])=O)C=C1)=O,[*]CC(C1=CC=CC=C1)C/C=C/C[*],[*]CC(CCCC(CC)CC([*])C1=CC=CC=C1)C2=CC=CC=C2,,1.2430380486862944,10.1007_s13726-021-00963-4_part_3.txt_¶Î1_Material1
O=C([*])C(C)O[*],C12=CC3=CC4=CC=CN=C4N=C3N=C1N=C5N=C6N=CC=CC6=CC5=C2,,,,1.5717088318086876,10.3390_ma14133618_part_1.txt_¶Î1_Material1
[*]C(C)C[*],[*]CCC(CCCCCC)C[*],O=C([O-])[O-].[Ca+2],,,1.6020599913279625,10.1002_pc.23210_part_1.txt_¶Î1_Material1
O=C([*])C(C)O[*],O=C([*])C(C)O[*],OCC1OC(C(C(C1[*])O)O)OC2C(C(C(OC2CO)O[*])O)O,O=C([*])C(C)O[*],,1.7803173121401512,10.1177_0892705717734600_part_2.txt_¶Î1_Material1
[*]C(C)C[*],O=[Al]O[Al]=O.O=[Si]=O.O=[Si]=O.O=[Si]=O,[*]C(C)C[*],,,1.4329692908744058,10.3390_polym11101557_part_2.txt_¶Î1_Material3
[*]CC(C1=CC=CC=C1)[*],[*]CCCC([*])OC(C)=O,O=[Si]=O,,,1.2068258760318498,10.1177_0095244312465301_part_4.txt_¶Î1_Material1
[*]C(NC1=C(C)C(NC(OCCO[*])=O)=CC=C1)=O,CCN=C=NCCCN(C)C,ON1C(=O)CCC1=O,[*]NC(C(N1CCCC1C(NCC(N2CC(CC2C(NC(C(NCC([*])=O)=O)CO)=O)O)=O)=O)=O)CCCCN,[*]OC1C(C(O)=O)OC(OC2C(NC(C)=O)C([*])OC(CO)C2O)C(O)C1O,0.9479236198317263,10.3390_polym13091527_part_2.txt_¶Î1_Material1
OCC(C(C(C1N)O)O[*])OC1OC2C(OC(C(C2O)N)[*])CO,OCC1OC(C(C(C1[*])O)O)OC2C(C(C(OC2CO)O[*])O)O,OCC1OC(C(C(C1[*])O)O)OC2C(C(C(OC2CO)O[*])O)O,OCC1OC(C(C(C1[*])O)O)OC2C(C(C(OC2CO)O[*])O)O,,1.7788744720027396,10.1007_s10570-019-02412-1_part_3.txt_¶Î1_Material1
[*]C([H])([H])C(O)([H])[*],[*]CC(C1=CC=CC=C1)[*],O=[Si]=O,,,1.0718820073061257,10.1166_jnn.2018.14213_part_1.txt_¶Î1_Material1
[*]C1C(C(C(OC1C(O[Na])=O)OC2C(C(O[Na])=O)OC(O[*])C(O)C2O)O)O,[*]CC(C#N)[*],O=[Ti]=O,,,1.6388884247050757,10.1007_s10854-020-03483-8_part_2.txt_¶Î1_Material1
[*]CC(COC1=CC=C(C=C1)C(C)(C)C2=CC=C(C=C2)O[*])O,[*]CC(C#N)[*],,,,1.7543483357110188,10.1002_app.45218_part_1.txt_¶Î1_Material1
OCC1OC(C(C(C1O[*])O)O)[*],[*]C(N(CN(C(OCOC(N(CN(C(OCCO[*])=O)[H])[H])=O)=O)[H])[H])=O,,,,1.7160033436347992,10.1007_s10570-011-9623-y_part_1.txt_¶Î1_Material1
O=C([*])C(C)O[*],[*]C(CCCCC(OCCCCO[*])=O)=O,[*]C1C(OC(C(C1O)O)OC2C(OC(C(C2O)O)O[*])CO)CO,O=C=NC(C=C1)=CC=C1CC2=CC=C(C=C2)N=C=O,O=[Mg].O=[Si]=O.O=[Si]=O.O=[Si]=O.O=[Si]=O.O=[Mg].O=[Mg].O,1.4122925093230465,10.4028_www.scientific.net_amr.747.673_part_1.txt_¶Î1_Material1
C[Si](C)(C[*])O[*],O=[Fe]O[Fe]=O,[*]O[Si](C)(C)O[Si](C)(C)O[Si](C)(C)[*],,,0.6989700043360189,10.1016_j.porgcoat.2019.01.055_part_2.txt_¶Î1_Material1
O=C(O)C([*])C[*],N#CC(C1=CC=CC=N1)C1=CC=CC=C1,,,,0.6794278966121189,10.3390_polym12051137_part_2.txt_¶Î1_Material1
[*][C@H]1[C@H](O)[C@@H](O)[C@H](O[C@H]2[C@H]([C@@H](O)[C@H](O[C@H]3[C@H](O)[C@H](O)[C@H](O[C@H]4[C@H](O)[C@H](O)[C@H](O[*])O[C@@H]4CO)O[C@@H]3CO)O[C@@H]2COC(C)=O)O)O[C@@H]1CO,OCC1OC(C(C(C1[*])O)O)OC2C(C(C(OC2CO)O[*])O)O,,,,1.7708520116421442,10.1007_s10570-019-02302-6_part_1.txt_¶Î1_Material1
O=C([*])CCCCCN[*],[*]C(C)C[*],[*]CC(CCCC(CC)CC([*])C1=CC=CC=C1)C2=CC=CC=C2,,,2.1760912590556813,10.1002_pen.25447_part_8.txt_¶Î1_Material1
[*]CC([*])Cl,OCCOC1C(OCCO)C(C(OCCO)COCCOC(CCCCCCCCCCCCCCCCC)=O)OC1,,,,0.9894498176666918,10.1007_s12221-021-0237-1_part_2.txt_¶Î1_Material1
O=C([*])C(C)O[*],O=C([*])C(C)O[*],OCC1OC(C(C(C1[*])O)O)OC2C(C(C(OC2CO)O[*])O)O,,,1.4812992733328558,10.3390_polym9110623_part_2.txt_¶Î1_Material1
[*]C/C=C/CCC([*])C#N,C/C(C[*])=C/C[*],[Mg],[Mg],,1.3138672203691537,10.1007_s42464-022-00184-1_OA_part_1.txt_¶Î1_Material2
[*]C(CCCCCO[*])=O,C/C(C[*])=C/C[*],OC1=C2C(C3(O)C4C5C6=C7C8C(C9=CC(C(O)=O)=C(C=C(C=C%10C(O)=O)C%11%12)C(C%11=C%13C%14C%15%16C%17(O%16)C%18C%19=C%20C%21=C%22C(C(O)=C%23)=C%24C%25C%21=C%26C%19=C%27C%17=C%28C%14(O)C%12=C%10C=C%28CC%27=CC%26=CC%25=C(C(O)=O)C=C%24)C9=C7C%13(O)C5=C%15C3=C%18C%29%30C%20(O%30)C%31C%22C%23=C%32)=CC(C(O)=O)=CC8=CC6=C(C(O)=O)C4=C2)=C%29C%33=C%31C%32=C(C(O)=O)C=C%331,,,1.3654879848908996,10.1007_s00289-010-0376-9_part_1.txt_¶Î1_Material1
OCC(C(C(C1N)O)O[*])OC1OC2C(OC(C(C2O)N)[*])CO,OCC1OC(C(C(C1[*])O)O)OC2C(C(C(OC2CO)O[*])O)O,,,,1.7888751157754168,10.1007_s10570-015-0650-y_part_3.txt_¶Î1_Material1
[*]C1C(O)C(O)C(OC2C(O)C(O)C(O[*])OC2COC(C)=O)OC1COC(C)=O,[*]C(NC1=C(C)C(NC(OCCO[*])=O)=CC=C1)=O,,,,1.7481880270062005,10.1016_j.carbpol.2021.118620_part_1.txt_¶Î1_Material1
[*]C(C)C[*],[*]CC(OC(O[*])=O)C,,,,1.221153321954705,10.1177_1558925019849714_part_1.txt_¶Î1_Material1
[*]CC[*],C[Si](O[*])(C)[*],,,,1.715334683792313,10.1002_app.33021_part_2.txt_¶Î1_Material1
[*]CC(C1=CC=C(C=C1)S(O)(=O)=O)[*],[*]C(NC1=C(C)C(NC(OCCO[*])=O)=CC=C1)=O,,,,1.1903316981702914,10.1007_s10853-019-03519-3_part_2.txt_¶Î1_Material1
OCC1OC(C(C(C1O[*])O)O)[*],,,,,2.0066371590685863,10.1007_s10570-016-0872-7_part_2.txt_¶Î1_Material1
O=C([*])CCCCCN[*],[*]CC(COC1=CC=C(C=C1)C(C)(C)C2=CC=C(C=C2)O[*])O,,,,2.2702128548962426,10.1002_pc.24681_part_1.txt_¶Î1_Material2
[*]NC(C(N1CCCC1C(NCC(N2CC(CC2C(NC(C(NCC([*])=O)=O)CO)=O)O)=O)=O)=O)CCCCN,CC(NC(C([*])C)=O)C(NC(C)C(NC(C)C(N[*])=O)=O)=O,C(CC=O)CC=O,OCC(O)CO,,0.9084850188786496,10.1515_polyeng-2018-0406_part_1.txt_¶Î1_Material2
[*]CC[*],[*]CC[*],[*]C1C(OC(C(C1O)O)OC2C(OC(C(C2O)O)O[*])CO)CO,,,1.0086001717619175,10.1016_j.carbpol.2015.12.057_part_3.txt_¶Î1_Material1
O=C([*])C(C)O[*],O=C([*])OC1=CC=C(C=C1)C(C)(C)C2=CC=C(C=C2)O[*],O=[Si]=O,,,1.7558748556724917,10.1002_fam.2696_part_1.txt_¶Î1_Material5
[*]C([H])([H])C(O)([H])[*],O=C(O[Na])COCC(OC(C(C1O)O)[*])C1OC(C(C(C2O[*])O)O)OC2COCC(O[Na])=O,OC(C(CC(O)=O)(CC(O)=O)O)=O,OCC(O)CO,,1.6544653335201458,10.1007_s00289-021-03762-2_part_3.txt_¶Î1_Material1
[*]C1=C(O)C(C(C)(C)C)=C(O)C(C)=C1SS[*],[*]/C=C\CC/C=C\CC(CC([*])C1=CC=CC=C1)C2=CC=CC=C2,,,,1.3324384599156054,10.1002_app.38170_part_2.txt_¶Î1_Material1
O=C([*])C(C)O[*],[*]CC[*],OCC(C(C(C1N)O)O[*])OC1OC2C(OC(C(C2O)N)[*])CO,[*]CC[*],,1.4199557484897578,10.1080_00222348.2017.1280742_part_1.txt_¶Î1_Material1
[*]C1C(OC(C(C1O)O)OC2C(OC(C(C2O)O)O[*])CO)CO,[*]C([H])([H])C(O)([H])[*],OCC(O)CO,OC[C@@H]([C@H]([C@@H]([C@@H](CO)O)O)O)O,OCC(C(C(C1N)O)O[*])OC1OC2C(OC(C(C2O)N)[*])CO,1.207365037469072,10.1088_1742-6596_1351_1_012102_part_1.txt_¶Î1_Material1
[*]C([H])([H])C(O)([H])[*],[*]C(C(C1O)O)OCC1OC(C(C2O)OC(C)=O)OCC2OC(OCC(C3O)OC4OCC(C(C4O)OC(C)=O)OC5OCC(C(C5OC(C)=O)OC(C)=O)[*])C3OC(C(C(C6OC)O)O)OC6C([O-])=O,OC(C(CC(O)=O)(CC(O)=O)O)=O,,,1.0644579892269184,10.1016_j.carbpol.2013.12.030_part_1.txt_¶Î1_Material1
[*]O[C@H](C)CC([*])=O,CCCCCCCCCCCCCCCCCCOC(CCC1=CC(C(C)(C)C)=C(C(C(C)(C)C)=C1)O)=O,,,,1.4099331233312946,10.1002_app.49713_part_2.txt_¶Î1_Material1
[*]C(C)C[*],[Mg],O=[Al]O[Al]=O.O=[Si]=O.O=[Si]=O.O=[Si]=O,,,1.550228353055094,10.1002_pc.24926_part_2.txt_¶Î1_Material1
C/C(C[*])=C/C[*],[*]C(C)C[*],O=[Si]=O,,,1.0346284566253203,10.1002_pc.22331_part_2.txt_¶Î1_Material1
O=C([*])C(C)O[*],O=[Al]O[Al]=O.O=[Si]=O.O=[Si]=O.O=[Si]=O,OCC1OC(OC2C(O)C(O)C(O[*])OC2CO)C(O)C(O)C1[*],,,1.4913616938342726,10.4028_www.scientific.net_amr.1125.271_part_1.txt_¶Î1_Material1
O=S(C(C=C1)=CC=C1OC(C=C2)=CC=C2C(C)(C)C(C=C3)=CC=C3O[*])(C4=CC=C([*])C=C4)=O,OP(O)(O)=O,[*]OCC[*],[*][C@H]1[C@H](O)[C@@H](O)[C@H](OC2C(O)C(OC(C)=O)C(O[*])OC2CO)O[C@@H]1CO,,1.4771212547196624,10.1080_19443994.2015.1084597_part_3.txt_¶Î1_Material2
[*]C(CCCCCO[*])=O,[*]N1C(C2=CC3=C(C=C2C1=O)C(N(C3=O)C4=CC=C(C=C4)OC5=CC=C(C=C5)[*])=O)=O,[*]CC(COC1=CC=C(C=C1)C(C)(C)C2=CC=C(C=C2)O[*])O,,,1.7881683711411678,10.1039_c6py01933a_part_1.txt_¶Î1_Material1
[*]C(C)C[*],[*]CC[*],OC1=C2C(C3(O)C4C5C6=C7C8C(C9=CC(C(O)=O)=C(C=C(C=C%10C(O)=O)C%11%12)C(C%11=C%13C%14C%15%16C%17(O%16)C%18C%19=C%20C%21=C%22C(C(O)=C%23)=C%24C%25C%21=C%26C%19=C%27C%17=C%28C%14(O)C%12=C%10C=C%28CC%27=CC%26=CC%25=C(C(O)=O)C=C%24)C9=C7C%13(O)C5=C%15C3=C%18C%29%30C%20(O%30)C%31C%22C%23=C%32)=CC(C(O)=O)=CC8=CC6=C(C(O)=O)C4=C2)=C%29C%33=C%31C%32=C(C(O)=O)C=C%331,,,1.1522883443830565,10.1002_pat.3135_part_1.txt_¶Î1_Material1
FC(F)([*])C([H])([*])[H],[*]C1=C(C=CN2)C2=C([*])C(O)=C1O,,,,1.75815462196739,10.1016_j.jcis.2015.05.002_part_1.txt_¶Î1_Material3
COC1=CC(/C=C/C=O)=CC(OC2=CC(C(C(OC3=CC=C(C=C3OC)C(C(CO)=O)O)CO)O)=CC=C2OC4=CC(C(C(COC5=CC=C(C=C5)C(C(CO)=O)O)=O)O)=CC=C4O)=C1,[*]C1C(C(C(OC1C(O[Na])=O)OC2C(C(O[Na])=O)OC(O[*])C(O)C2O)O)O,OCC(O)CO,[*]OCC[*],,0.9242792860618816,10.1007_s13726-016-0449-1_part_1.txt_¶Î1_Material1
O=C([*])CCCCCN[*],O=P([O-])([O-])[O-].[Ca+2].[Ca+2].[OH-],,,,1.8111056070179303,10.1166_jnn.2011.3955_part_1.txt_¶Î1_Material1
O=C([*])OC1=CC=C(C=C1)C(C)(C)C2=CC=C(C=C2)O[*],O=C([*])C(C)O[*],,,,1.7752462597402363,10.1016_j.compositesb.2017.07.030_part_1.txt_¶Î1_Material2
O=C(C1=CC=C(C=C1)C(OCC[*])=O)O[*],[*]CC[*],[*]OCC[*],O=[Al]O[Al]=O.O=[Si]=O.O=[Si]=O.O=[Si]=O,,1.3961993470957363,10.1515_polyeng-2013-0107_part_1.txt_¶Î1_Material1
[*]CC(COC1=CC=C(C=C1)C(C)(C)C2=CC=C(C=C2)O[*])O,C12=CC3=CC4=CC=CN=C4N=C3N=C1N=C5N=C6N=CC=CC6=CC5=C2,[*]CC(COC1=CC=C(C=C1)C(C)(C)C2=CC=C(C=C2)O[*])O,,,3.012837224705172,10.1002_pen.24853_part_1.txt_¶Î1_Material1
O=C([*])C(C)O[*],[*]CC[*],,,,1.2833012287035497,10.4028_www.scientific.net_amm.754-755.54_part_1.txt_¶Î1_Material1
O=C(C1=CC=C(C=C1)C(OCC[*])=O)O[*],O=C([*])CCCCCN[*],O=[Si]=O,,,1.658964842664435,10.1177_0021998320906007_part_2.txt_¶Î1_Material2
C[Si](C)(C[*])O[*],[*]CC(COC1=CC=C(C=C1)C(C)(C)C2=CC=C(C=C2)O[*])O,,,,1.5185139398778875,10.1002_app.48641_part_1.txt_¶Î1_Material1
[*]C(C=C1)=CC=C1S[*],[*]OCC[*],,,,1.3617278360175928,10.1016_j.memsci.2017.02.040_part_2.txt_¶Î1_Material1
[*]C([H])([H])C(O)([H])[*],O[Si](O)(O[Si](O)(O)O)O.[Al].[Al].O,,,,0.8061799739838872,10.3390_molecules201219884_part_3.txt_¶Î1_Material1
[*]CNCC1=CC=CC([*])=C1O,[H][O-],O=[Si]=O,,,1.5171958979499742,10.1177_0967391120903664_part_2.txt_¶Î1_Material3
[*]CCCC(C1C([*])C2CC1C/C2=C/C)C,[*]C(C)C[*],OC1=C2C(C3(O)C4C5C6=C7C8C(C9=CC(C(O)=O)=C(C=C(C=C%10C(O)=O)C%11%12)C(C%11=C%13C%14C%15%16C%17(O%16)C%18C%19=C%20C%21=C%22C(C(O)=C%23)=C%24C%25C%21=C%26C%19=C%27C%17=C%28C%14(O)C%12=C%10C=C%28CC%27=CC%26=CC%25=C(C(O)=O)C=C%24)C9=C7C%13(O)C5=C%15C3=C%18C%29%30C%20(O%30)C%31C%22C%23=C%32)=CC(C(O)=O)=CC8=CC6=C(C(O)=O)C4=C2)=C%29C%33=C%31C%32=C(C(O)=O)C=C%331,C=CCN1C(=O)N(CC=C)C(=O)N(CC=C)C1=O,,1.1818435879447726,10.3139_217.3817_part_1.txt_¶Î1_Material1
[*]C1OC2COC(C2OC3C(C(C(C(C3)CO)OS(=O)([O-])=O)O[*])O)C1OS(=O)([O-])=O,O=C(O[Na])COCC1OC(OC2C(COCC(O[Na])=O)OC([*])C(O)C2O)C(O)C(O)C1O[*],[*]C1C(OC(C(C1O)O)OC2C(OC(C(C2O)O)O[*])CO)CO,,,1.8376515578463928,10.1039_d1nj01806j_part_2.txt_¶Î1_Material1
[*]C(C)C[*],O=[Al]O[Al]=O,,,,1.437750562820388,10.4028_www.scientific.net_msf.727-728.1729_part_1.txt_¶Î1_Material1
[*]C(NC1=C(C)C(NC(OCCO[*])=O)=CC=C1)=O,[Zn]=O,[Mg],,,1.334453751150931,10.1021_acsanm.9b01540_part_4.txt_¶Î1_Material1
[*]C(CCCCCO[*])=O,[Na+].[Cl-],O=C(OOC(=O)C1=CC=CC=C1)C1=CC=CC=C1,,,0.4345689040341987,10.1007_s10965-016-1044-z_part_2.txt_¶Î1_Material1
[*]C([H])([H])C(O)([H])[*],OCC1OC(C(C(C1[*])O)O)OC2C(C(C(OC2CO)O[*])O)O,[*]OCC[*],,,1.3926969532596658,10.1007_s10924-020-01881-x_part_1.txt_¶Î1_Material1
O=C([*])CCCCCN[*],[*]OCC[*],,,,0.9684829485539352,10.1007_s10924-020-01836-2_part_1.txt_¶Î1_Material1
[*]OCC[*],OC1=C2C(C3(O)C4C5C6=C7C8C(C9=CC(C(O)=O)=C(C=C(C=C%10C(O)=O)C%11%12)C(C%11=C%13C%14C%15%16C%17(O%16)C%18C%19=C%20C%21=C%22C(C(O)=C%23)=C%24C%25C%21=C%26C%19=C%27C%17=C%28C%14(O)C%12=C%10C=C%28CC%27=CC%26=CC%25=C(C(O)=O)C=C%24)C9=C7C%13(O)C5=C%15C3=C%18C%29%30C%20(O%30)C%31C%22C%23=C%32)=CC(C(O)=O)=CC8=CC6=C(C(O)=O)C4=C2)=C%29C%33=C%31C%32=C(C(O)=O)C=C%331,,,,1.3010299956639813,10.1016_j.carbpol.2018.10.049_part_6.txt_¶Î1_Material1
OCC1OC(C(C(C1O[*])O)O)[*],O=[Al]O[Al]=O.O=[Si]=O.O=[Si]=O.O=[Si]=O,,,,2.206825876031849,10.1007_s10570-015-0774-0_part_1.txt_¶Î1_Material1
[*]C1C(O)C(O)C(OC2C(O)C(O)C(O[*])OC2COC(C)=O)OC1COC(C)=O,OCC1OC(C(C(C1[*])O)O)OC2C(C(C(OC2CO)O[*])O)O,,,,1.8512583487190752,10.1016_j.compositesa.2013.11.010_part_1.txt_¶Î1_Material1
O=C([*])C(C)O[*],[*]C(CCCCCO[*])=O,[*]CCCC([*])C(OC)=O,,,1.845098040014257,10.3390_polym11050771_part_2.txt_¶Î1_Material1
OCC(C(C(C1N)O)O[*])OC1OC2C(OC(C(C2O)N)[*])CO,[*]NC(C(N1CCCC1C(NCC(N2CC(CC2C(NC(C(NCC([*])=O)=O)CO)=O)O)=O)=O)=O)CCCCN,[Fe]12O[Fe]O[Fe](O2)O1,,,1.6901960800285136,10.1016_j.apsusc.2016.02.053_part_3.txt_¶Î1_Material1
[*]C(C)C[*],C=C(C(OCC1CO1)=O)C,C=CN1CCCC1=O,,,1.3600250891893977,10.1016_j.polymer.2018.05.017_part_3.txt_¶Î1_Material1
O=C([*])OC1=CC=C(C=C1)C(C)(C)C2=CC=C(C=C2)O[*],[C],,,,1.7853298350107671,10.1002_app.33890_part_2.txt_¶Î1_Material1
[*]C/C=C/CCC([*])C#N,COC1=CC(/C=C/C=O)=CC(OC2=CC(C(C(OC3=CC=C(C=C3OC)C(C(CO)=O)O)CO)O)=CC=C2OC4=CC(C(C(COC5=CC=C(C=C5)C(C(CO)=O)O)=O)O)=CC=C4O)=C1,,,,1.3180633349627615,10.1002_app.42922_part_2.txt_¶Î1_Material1
[*]OC(CC(OC(CC([*])=O)CC)=O)C,[*]C(N(CN(C(OCOC(N(CN(C(OCCO[*])=O)[H])[H])=O)=O)[H])[H])=O,,,,1.4771212547196624,10.3390_ijms19072102_part_2.txt_¶Î1_Material1
O=C([*])C(C)O[*],[*]NCC(NC(C(ONCC(NC(C(NCC(NC(C([*])=O)C)=O)=O)C)=O)=O)CO)=O,,,,1.78710609303657,10.3144_expresspolymlett.2020.76_part_3.txt_¶Î1_Material1
[*]CC[*],OCC(C(C(C1N)O)O[*])OC1OC2C(OC(C(C2O)N)[*])CO,C=C([CH3])C(=O)OC([CH3])[CH3],,,1,10.1016_j.heliyon.2020.e05280_part_1.txt_¶Î1_Material1
[*]C(CCCCCO[*])=O,[*]OCC[*],,,,1.1717264536532312,10.1007_s10965-016-1028-z_part_1.txt_¶Î1_Material1
[*]CC([*])Cl,[*]C(NC1=C(C)C(NC(OCCO[*])=O)=CC=C1)=O,,,,1.5185139398778875,10.1177_0307174x1203900107_part_1.txt_¶Î1_Material1
C[Si](O[*])(C)[*],[*]CC(C#N)[*],OC1=C2C(C3(O)C4C5C6=C7C8C(C9=CC(C(O)=O)=C(C=C(C=C%10C(O)=O)C%11%12)C(C%11=C%13C%14C%15%16C%17(O%16)C%18C%19=C%20C%21=C%22C(C(O)=C%23)=C%24C%25C%21=C%26C%19=C%27C%17=C%28C%14(O)C%12=C%10C=C%28CC%27=CC%26=CC%25=C(C(O)=O)C=C%24)C9=C7C%13(O)C5=C%15C3=C%18C%29%30C%20(O%30)C%31C%22C%23=C%32)=CC(C(O)=O)=CC8=CC6=C(C(O)=O)C4=C2)=C%29C%33=C%31C%32=C(C(O)=O)C=C%331,O=[Si]=O,,1.0934216851622351,10.4028_www.scientific.net_amr.399-401.403_part_1.txt_¶Î1_Material1
[*]C(CCCCCO[*])=O,[*]NC(C(N1CCCC1C(NCC(N2CC(CC2C(NC(C(NCC([*])=O)=O)CO)=O)O)=O)=O)=O)CCCCN,OCCOC1C(OCCO)C(C(OCCO)COCCOC(CCCCCCCCCCCCCCCCC)=O)OC1,,,0.380211241711606,10.1002_app.48713_part_2.txt_¶Î1_Material1
OCC(C(C(C1N)O)O[*])OC1OC2C(OC(C(C2O)N)[*])CO,[*]CC(C1=CC=CC=C1)[*],,,,1.8375884382355112,10.1016_j.polymertesting.2018.04.031_part_2.txt_¶Î1_Material4
[*]CC(OC(O[*])=O)C,C=C([CH3])C(=O)O[CH3],C=C(C(OCC1CO1)=O)C,,,1.4969296480732148,10.1007_s13233-013-1159-6_part_1.txt_¶Î1_Material1
OC(C(C1OC2OC(C(C(C2O)O)OC3OC(C(C(C3O)O)O)COC4OC(C(C(C4O)O)OC5OC(C(C(C5O)O)OC6OC(C(C(C6O)O[*])O)C)CO)CO)CO)O[*])COC1CO,OCC1OC(C(C(C1[*])O)O)OC2C(C(C(OC2CO)O[*])O)O,,,,1.6020599913279625,10.1007_s10570-012-9673-9_part_2.txt_¶Î1_Material1
[*]C1C(OC(C(C1O)O)OC2C(OC(C(C2O)O)O[*])CO)CO,[*]C(CCCCCO[*])=O,OCC(O)CO,[Mg],,0.9542425094393248,10.1016_j.fpsl.2015.04.001_part_1.txt_¶Î1_Material1
[*]C([H])([H])C(O)([H])[*],[*]C([H])([H])C(O)([H])[*],OCC(O)CO,,,1.639486489268586,10.1007_s00396-011-2556-z_part_1.txt_¶Î1_Material1
O=C([*])C(C)O[*],OP(O)(O)=O,O=C([*])C(C)O[*],O=[Mg].O=[Si]=O.O=[Si]=O.O=[Si]=O.O=[Si]=O.O=[Mg].O=[Mg].O,,1.6910814921229684,10.3390_polym13152531_part_3.txt_¶Î1_Material2
[*]C(C)C[*],[*]CC[*],[*]CCCC(C1C([*])C2CC1C/C2=C/C)C,OCC1OC(C(C(C1[*])O)O)OC2C(C(C(OC2CO)O[*])O)O,,1.4548448600085102,10.1088_2053-1591_ab1d37_part_3.txt_¶Î1_Material1
C=C([CH3])C(=O)O[CH3],[*]C1C(OC(C(O)C1O)OC2C(O)C(O)C(OC2C(O[Na])=O)O[*])C(O[Na])=O,,,,1.7168377232995244,10.1007_s10570-018-1725-3_part_2.txt_¶Î1_Material1
[*]CC[*],[*]C1C(OC(C(C1O)O)OC2C(OC(C(C2O)O)O[*])CO)CO,OC1=C2C(C3(O)C4C5C6=C7C8C(C9=CC(C(O)=O)=C(C=C(C=C%10C(O)=O)C%11%12)C(C%11=C%13C%14C%15%16C%17(O%16)C%18C%19=C%20C%21=C%22C(C(O)=C%23)=C%24C%25C%21=C%26C%19=C%27C%17=C%28C%14(O)C%12=C%10C=C%28CC%27=CC%26=CC%25=C(C(O)=O)C=C%24)C9=C7C%13(O)C5=C%15C3=C%18C%29%30C%20(O%30)C%31C%22C%23=C%32)=CC(C(O)=O)=CC8=CC6=C(C(O)=O)C4=C2)=C%29C%33=C%31C%32=C(C(O)=O)C=C%331,,,1.7484206224675685,10.1177_0967391120976270_part_2.txt_¶Î1_Material3
[*]CC[*],[*]CCC(CCCCCC)C[*],[*]C1C(C(C(OC1C(O[Na])=O)OC2C(C(O[Na])=O)OC(O[*])C(O)C2O)O)O,OCC1OC(C(C(C1[*])O)O)OC2C(C(C(OC2CO)O[*])O)O,,1.290034611362518,10.1080_03602559.2010.531416_part_1.txt_¶Î1_Material1
[*]C(NC1=C(C)C(NC(OCCO[*])=O)=CC=C1)=O,O=[Ti]=O,[Ag],C[Si](O[*])(C)[*],,0.6627578316815741,10.1007_s11696-018-0502-y_part_3.txt_¶Î1_Material1
[*]C(C)C[*],[*]CC[*],O=C([*])C(C)O[*],O=[Al]O[Al]=O.O=[Si]=O.O=[Si]=O.O=[Si]=O,,1.5118833609788744,10.1007_s10924-020-01840-6_part_1.txt_¶Î1_Material1
[*]C1C(C(C(OC1C(O[Na])=O)OC2C(C(O[Na])=O)OC(O[*])C(O)C2O)O)O,OCC(C(C(C1N)O)O[*])OC1OC2C(OC(C(C2O)N)[*])CO,[Ag+],,,1.2187979981117376,10.1039_c2ra00006g_part_2.txt_¶Î1_Material1
COC(C(C[*])([*])C)=O,[*]C(CCCCC(OCCCCO[*])=O)=O,O=C(O)C([*])C[*],,,1.1430148002540952,10.1080_03602559.2011.574665_part_1.txt_¶Î1_Material1
[*]C(C)C[*],[*]CCC(CCCC(CCCC(C[*])C)C)C,CO[Si](OC)(OC)CCCOCC1CO1,,,1.3304137733491908,10.1007_s10965-017-1291-7_part_2.txt_¶Î1_Material1
[*]C(C1=CC=C(C(OCCCCO[*])=O)C=C1)=O,C12=CC3=CC4=CC=CN=C4N=C3N=C1N=C5N=C6N=CC=CC6=CC5=C2,,,,2.0293837776852097,10.1177_08927057211018491_part_3.txt_¶Î1_Material2
OP(O)(O)=O,[*]NCC(NC(C(ONCC(NC(C(NCC(NC(C([*])=O)C)=O)=O)C)=O)=O)CO)=O,OCC1OC(C(C(C1[*])O)O)OC2C(C(C(OC2CO)O[*])O)O,,,1.4099331233312946,10.4188_jte.57.1_part_1.txt_¶Î1_Material1
O=C(CCCCC(N(CCCCCCN([*])[H])[H])=O)[*],S=[Mo]=S,[C],,,1.8920946026904804,10.1002_pen.23428_part_1.txt_¶Î1_Material1
[*]CC([*])Cl,[*]CC(C(OC)=O)(CC(C/C=C/CCC(C1=CC=CC=C1)[*])C#N)C,[*]CC(C1=CC=CC=C1)C/C=C/C[*],,,1.4542348957482656,10.1002_app.47721_part_2.txt_¶Î1_Material1
[*]C(CCCCCO[*])=O,[*]C(CCCCCO[*])=O,,,,0.380211241711606,10.1016_j.ijbiomac.2021.05.163_part_2.txt_¶Î1_Material1
[*]C(N(CN(C(OCOC(N(CN(C(OCCO[*])=O)[H])[H])=O)=O)[H])[H])=O,C=CC(OCCCC)=O,,,,0.9344984512435676,10.1007_s00289-018-2294-1_part_3.txt_¶Î1_Material1
[*]C([H])([H])C(O)([H])[*],O=[Ti]=O,OCC(O)CO,,,1.3926969532596658,10.4028_www.scientific.net_amm.320.611_part_1.txt_¶Î1_Material1
[*]CCCC(CCCCCC)[*],,,,,1.1760912590556811,10.4028_www.scientific.net_kem.721.28_part_1.txt_¶Î1_Material1
O=C([*])OC1=CC=C(C=C1)C(C)(C)C2=CC=C(C=C2)O[*],NC1=NC2=C(N=CN2C2O[C@H](COP(=O)(O)OP(=O)(O)O)[C@H](O)[C@@H]2O)C(=O)N1,,,,1.7528164311882717,10.1016_j.compscitech.2019.107862_part_2.txt_¶Î1_Material1
[*]C(C1=CC=C(C(OCCCCO[*])=O)C=C1)=O,O=[Al]O[Al]=O.O=[Si]=O.O=[Si]=O.O=[Si]=O,,,,1.7958800173440752,10.1016_j.tca.2013.06.019_part_4.txt_¶Î1_Material1
[*]C([C@H](C)OC([C@H](C)O[*])=O)=O,[*]O[C@@]([H])(C)C(O[C@](C)([H])C([*])=O)=O,,,,1.4838724542226736,10.1002_app.48970_part_2.txt_¶Î1_Material1
[*]CC(COC1=CC=C(C=C1)C(C)(C)C2=CC=C(C=C2)O[*])O,O=[Zr]=O,,,,1.6820547770738072,10.1177_0954008312440714_part_2.txt_¶Î1_Material1
O=C(CCCCC(N(CCCCCCN([*])[H])[H])=O)[*],[*]C(C)C[*],,,,1.845098040014257,10.1007_s42114-018-0049-y_part_1.txt_¶Î1_Material2
FC(F)([*])C([H])([*])[H],[*]C/C=C/CCC([*])C#N,[Mg]=O,OC1=C2C(C3(O)C4C5C6=C7C8C(C9=CC(C(O)=O)=C(C=C(C=C%10C(O)=O)C%11%12)C(C%11=C%13C%14C%15%16C%17(O%16)C%18C%19=C%20C%21=C%22C(C(O)=C%23)=C%24C%25C%21=C%26C%19=C%27C%17=C%28C%14(O)C%12=C%10C=C%28CC%27=CC%26=CC%25=C(C(O)=O)C=C%24)C9=C7C%13(O)C5=C%15C3=C%18C%29%30C%20(O%30)C%31C%22C%23=C%32)=CC(C(O)=O)=CC8=CC6=C(C(O)=O)C4=C2)=C%29C%33=C%31C%32=C(C(O)=O)C=C%331,,1.7323937598229686,10.1016_j.polymertesting.2013.11.012_part_5.txt_¶Î1_Material1
[*]C/C=C/CCC([*])C#N,[*]CC([*])Cl,,,,1.2671717284030135,10.1007_s10973-019-09194-5_part_1.txt_¶Î1_Material1
[*]CC(COC1=CC=C(C=C1)C(C)(C)C2=CC=C(C=C2)O[*])O,C[Si](C)(C[*])O[*],[Zn]=O,,,1.319314304090512,10.1002_pat.4656_part_2.txt_¶Î1_Material2
OCC(C(C(C1N)O)O[*])OC1OC2C(OC(C(C2O)N)[*])CO,[*]C(NC1=C(C)C(NC(OCCO[*])=O)=CC=C1)=O,,,,1.4329692908744058,10.1016_j.ijbiomac.2019.01.060_part_2.txt_¶Î1_Material1
[*]C(NC1=C(C)C(NC(OCCO[*])=O)=CC=C1)=O,[*]CC(C)(C(OCCO)=O)[*],,,,1.021189299069938,10.1007_s11998-016-9906-1_part_2.txt_¶Î1_Material1
[*]CC(C1=CC=CC=C1)[*],[*]C(C)C[*],[*]C([H])([H])C(O)([H])[*],,,1.403120521175818,10.3390_ma12182923_part_2.txt_¶Î1_Material1
[*]NCCCCCCCCCCCC([*])=O,C12=CC3=CC4=CC=CN=C4N=C3N=C1N=C5N=C6N=CC=CC6=CC5=C2,,,,2.041392685158225,10.35530_it.074.02.202214_OA_part_1.txt_¶Î1_Material4
[*]CC(CC=CCC([*])C1=CC=CC=C1)C#N,CCCCCCCCCCCCCCCCCCOC(CCC1=CC(C(C)(C)C)=C(C(C(C)(C)C)=C1)O)=O,,,,1.7626785637274365,10.1002_pc.22498_part_1.txt_¶Î1_Material2
[*]C(NC1=C(C)C(NC(OCCO[*])=O)=CC=C1)=O,[C],,,,1.4471580313422192,10.9713_kcer.2015.53.6.703_OA_part_1.txt_¶Î1_Material1
[*]OCCOC(CC(C([*])=O)C(C1CCCCC1)CC(CC(O)=O)C(OCCO)=O)=O,C=C(C)C(=O)OCC(O)COC1=CC=C(C(C2=CC=C(O)C=C2)(C)C)C=C1,C=C([CH3])C(=O)O[CH3],,,1.806179973983887,10.1016_j.polymertesting.2019.106193_part_1.txt_¶Î1_Material1
O=C([*])C(C)O[*],[*]CCC(CCCCCC)C[*],O1C(=O)C=CC1=O,,,1.645422269349092,10.1007_s10965-019-1764-y_part_1.txt_¶Î1_Material1
[*]CC(COC1=CC=C(C=C1)C(C)(C)C2=CC=C(C=C2)O[*])O,[*]CC(CC=CCC([*])C1=CC=CC=C1)C#N,,,,1.6989700043360187,10.1039_c8nj05653f_part_4.txt_¶Î1_Material1
O=C([*])C(C)O[*],O=[Ti]=O,[*]C(NC1=C(C)C(NC(OCCO[*])=O)=CC=C1)=O,,,1.9680157139936416,10.1002_app.37663_part_1.txt_¶Î1_Material1
[*]C([C@H](C)OC([C@H](C)O[*])=O)=O,[*]C(N(CN(C(OCOC(N(CN(C(OCCO[*])=O)[H])[H])=O)=O)[H])[H])=O,[*]O[C@@]([H])(C)C(O[C@](C)([H])C([*])=O)=O,,,1.4065401804339552,10.1021_acssuschemeng.5b00816_part_2.txt_¶Î1_Material1
O=C([*])OC1=CC=C(C=C1)C(C)(C)C2=CC=C(C=C2)O[*],[Al],,,,1.662757831681574,10.1016_j.jmapro.2018.07.021_part_3.txt_¶Î1_Material1
[*]C(C)C[*],CCO,,,,1.7466341989375789,10.1016_j.indcrop.2013.09.028_part_2.txt_¶Î1_Material1
O=C([*])C(C)O[*],[*]CCCC([*])OC(C)=O,O=[Si]=O,,,1.5198279937757189,10.1016_j.polymertesting.2020.106735_part_2.txt_¶Î1_Material2
[*]C(C)C[*],OP(O)(O)=O,NC1=CC=C(C=C1)/C2=C3C=C/C(N\3)=C(C4=N/C(C=C4)=C(C5=CC=C(N5)/C(C6=CC=CC=C6)=C7N=C2C=C\7)/C8=CC=CC=C8)\C9=CC=CC=C9,,,1.3324384599156054,10.1007_s12221-013-0793-0_part_2.txt_¶Î1_Material1
[*]C/C=C/CCC([*])C#N,[*]CC([*])N1CCCC1=O,O=[Si]=O,,,0.9684829485539352,10.1016_j.coco.2017.08.002_part_1.txt_¶Î1_Material1
O=C([*])C(C)O[*],[*]CCCC([*])OC(C)=O,O=[Ti]=O,,,1.6989700043360187,10.1007_s10924-021-02220-4_part_3.txt_¶Î1_Material1
O=C([*])CCCCCO[*],[*]CC(O[*])CN=[N+]=[N-],,,,1.6532125137753435,10.1177_0885328213502100_part_2.txt_¶Î1_Material1
[*]CC[*],O=C1C=CC(O1)=O.C=C,O=C1C=CC(O1)=O.C=C,,,1.3483048630481609,10.1016_j.indcrop.2018.04.075_part_1.txt_¶Î1_Material3
[*]C(C)C[*],[*]CC(C1=CC=CC=C1)C/C=C/C[*],OC1=C2C(C3(O)C4C5C6=C7C8C(C9=CC(C(O)=O)=C(C=C(C=C%10C(O)=O)C%11%12)C(C%11=C%13C%14C%15%16C%17(O%16)C%18C%19=C%20C%21=C%22C(C(O)=C%23)=C%24C%25C%21=C%26C%19=C%27C%17=C%28C%14(O)C%12=C%10C=C%28CC%27=CC%26=CC%25=C(C(O)=O)C=C%24)C9=C7C%13(O)C5=C%15C3=C%18C%29%30C%20(O%30)C%31C%22C%23=C%32)=CC(C(O)=O)=CC8=CC6=C(C(O)=O)C4=C2)=C%29C%33=C%31C%32=C(C(O)=O)C=C%331,C=CCN1C(=O)N(CC=C)C(=O)N(CC=C)C1=O,,1.367542273520577,10.1002_app.41543_part_2.txt_¶Î1_Material1
[*]CC[*],[CH3]C1=C([CH3])C2=C(C([CH3])=C1O)CCC([CH3])(CCCC([CH3])CCCC([CH3])CCCC([CH3])[CH3])O2,,,,1.6242820958356683,10.1177_1120700018780677_part_2.txt_¶Î1_Material1
O=C([*])C(C)O[*],[*]C(CCCCC(OCCCCO[*])=O)=O,NC1=NC2=C(N=CN2C2O[C@H](COP(=O)(O)OP(=O)(O)O)[C@H](O)[C@@H]2O)C(=O)N1,[*]OCC[*],,1.6963563887333322,10.1016_j.matlet.2019.06.040_part_1.txt_¶Î1_Material1
[*]C1C(C(C(OC1C(O[Na])=O)OC2C(C(O[Na])=O)OC(O[*])C(O)C2O)O)O,[Ag+],,,,1.5314789170422551,10.1111_1750-3841.13865_part_2.txt_¶Î1_Material1
[*]CC(C#N)[*],[H][O-],,,,0.9822712330395684,10.1016_j.memsci.2019.02.002_part_1.txt_¶Î1_Material1
[*]CC(COC1=CC=C(C=C1)C(C)(C)C2=CC=C(C=C2)O[*])O,[*]OC1OC(CO)C(OC2C(O)C(O)C([*])C(CO)O2)C(O)C1O,CC1=CC=C(C=C1N=C=O)N=C=O,,,1.4983105537896004,10.1080_03602559.2011.553860_part_1.txt_¶Î1_Material4
O=C(C1=CC=C(C([*])=O)C=C1)NC2=CCC(N[*])C=C2,O=C([O-])[O-].[Ca+2],,,,1.6372895476781746,10.1088_1757-899x_546_4_042019_part_1.txt_¶Î1_Material1
[*]C([H])([H])C(O)([H])[*],OCC1OC(C(C(C1[*])O)O)OC2C(C(C(OC2CO)O[*])O)O,O=C(CCCCCCCCCCCCCCCCC)O[Ca]OC(CCCCCCCCCCCCCCCCC)=O,,,1.5943925503754266,10.1016_j.compositesa.2011.05.009_part_1.txt_¶Î1_Material1
[*]CCC(CCCC(CCCC(C[*])C)C)C,[*]CC(C#N)[*],[*]CC(C#N)[*],,,1.847572659142112,10.1002_pc.24903_part_2.txt_¶Î1_Material2
O=C(C(C[*])[*])N,O=[Si]=O.O=[Al]O[Al]=O.O=[Si]=O.O=[Si]=O.O=[Si]=O.O,,,,-0.301029996,10.1007_s13726-015-0330-7_part_1.txt_¶Î1_Material1
[*]C(C)C[*],NC1=CC=C(C=C1)/C2=C3C=C/C(N\3)=C(C4=N/C(C=C4)=C(C5=CC=C(N5)/C(C6=CC=CC=C6)=C7N=C2C=C\7)/C8=CC=CC=C8)\C9=CC=CC=C9,O=C(C1=CC=C(C([*])=O)C=C1)NC2=CCC(N[*])C=C2,OCC1OC(C(C(C1[*])O)O)OC2C(C(C(OC2CO)O[*])O)O,,1.3420276880874715,10.1177_0731684418804882_part_1.txt_¶Î1_Material1
O=C([*])C(C)O[*],[*]OC(CC(OC(CC([*])=O)CC)=O)C,[*]OC1C(O)C(O)C(OC2C(OC(C(CO)O)=O)C(OC3C(O)C(O)C(OC4C(O)C(O)C(O[*])OC4CO)OC3C(O)=O)OC(CO)C2O)OC1C,[*]OCC1C(C(C(CC1CO)COCC2C(C(C(CC2CO)C[*])O)COCC3C(C(C(C(O3)CO)O)O)COCC4C(C(C(C(O4)C(O)=O)COCC5C(C(C(C(O5)C(O)=O)O)O)O)O)O)O)O,[*]OCC[*],1.1760912590556811,10.1016_j.foodhyd.2020.106509_part_2.txt_¶Î1_Material1
[*]NC(C1=CC=C2C(C(N(C2=O)C3=CC=C(C=C3)CC4=CC=C([*])C=C4)=O)=C1)=O,O=[Si]=O,,,,1.8572118423168924,10.1016_j.jiec.2016.10.042_part_2.txt_¶Î1_Material4
[*]CC[*],[Ti](OCCCC)(OCCCC)(OCCCC)OCCCC,,,,1.4955443375464486,10.1002_app.42073_part_2.txt_¶Î1_Material1
[*]CC[*],O=C([*])C(C)O[*],O=[Ti]=O,,,1.812913356642856,10.1016_j.compscitech.2018.11.028_part_5.txt_¶Î1_Material2
O=C([*])C(C)O[*],OP(O)(O)=O,[*]OCC[*],OC1=C2C(C3(O)C4C5C6=C7C8C(C9=CC(C(O)=O)=C(C=C(C=C%10C(O)=O)C%11%12)C(C%11=C%13C%14C%15%16C%17(O%16)C%18C%19=C%20C%21=C%22C(C(O)=C%23)=C%24C%25C%21=C%26C%19=C%27C%17=C%28C%14(O)C%12=C%10C=C%28CC%27=CC%26=CC%25=C(C(O)=O)C=C%24)C9=C7C%13(O)C5=C%15C3=C%18C%29%30C%20(O%30)C%31C%22C%23=C%32)=CC(C(O)=O)=CC8=CC6=C(C(O)=O)C4=C2)=C%29C%33=C%31C%32=C(C(O)=O)C=C%331,,1.2966651902615312,10.3390_polym11071193_part_1.txt_¶Î1_Material1
O=C(O[*])CCCCCCCCCCN[*],O=C(CCCCC(N(CCCCCCN([*])[H])[H])=O)[*],,,,1.6170003411208989,10.1177_0967391111019002-301_part_2.txt_¶Î1_Material2
[*]C(C)C[*],O=C([*])C(C)O[*],NC1=CC=C(C=C1)/C2=C3C=C/C(N\3)=C(C4=N/C(C=C4)=C(C5=CC=C(N5)/C(C6=CC=CC=C6)=C7N=C2C=C\7)/C8=CC=CC=C8)\C9=CC=CC=C9,,,1.4065401804339552,10.1007_s12221-013-0793-0_part_2.txt_¶Î1_Material2
O=C([*])C(C)O[*],[*]CC(C#N)[*],OCC1OC(C(C(C1[*])O)O)OC2C(C(C(OC2CO)O[*])O)O,[*]OCC[*],,1.3096301674258988,10.1016_j.ijbiomac.2019.09.233_part_3.txt_¶Î1_Material1
[*]C(CCCCCO[*])=O,[Na+].[Cl-],,,,0.2966651902615311,10.1016_j.mfglet.2019.11.006_part_1.txt_¶Î1_Material1
[*]CC(COC1=CC=C(C=C1)C(C)(C)C2=CC=C(C=C2)O[*])O,[*]OC1OC(CO)C(OC2C(O)C(O)C([*])C(CO)O2)C(O)C1O,O=[Si]=O,,,1.7759743311293692,10.1504_ijmatei.2018.093802_part_3.txt_¶Î1_Material1
[*]C(C)C[*],[*]CCC(CCCCCC)C[*],[*]CC[*],,,1.3242824552976926,10.1007_s00289-012-0880-1_part_1.txt_¶Î1_Material1
O=C([*])CCCCCN[*],O=C(C1=CC=C(C=C1)C(OCC[*])=O)O[*],C12=CC3=CC4=CC=CN=C4N=C3N=C1N=C5N=C6N=CC=CC6=CC5=C2,,,2.0211892990699383,10.1016_j.compositesa.2021.106338_part_1.txt_¶Î1_Material1
C/C(C[*])=C/C[*],O=C(C1=CC=C(C=C1)C(OCC[*])=O)O[*],,,,1.3492775274679554,10.4028_www.scientific.net_amr.650.119_part_1.txt_¶Î1_Material1
O=C([*])C(C)O[*],[*]C(CCCCCO[*])=O,C/C(C[*])=C/C[*],,,1.476831628512261,10.1007_s10924-017-1121-3_part_2.txt_¶Î1_Material1
[*]C(CCCCCO[*])=O,[*]C(NC1=C(C)C(NC(OCCO[*])=O)=CC=C1)=O,C[N+](CCO)(CCO)[3H],,,1.1760912590556811,10.1002_pc.22191_part_1.txt_¶Î1_Material1
[*]C([H])([H])C(O)([H])[*],OCC(C(C(C1N)O)O[*])OC1OC2C(OC(C(C2O)N)[*])CO,[Ag+],,,1.1139433523068367,10.1016_j.fbio.2020.100609_part_7.txt_¶Î1_Material1
[*]C(C)C[*],[*]OC1C(O)C(O)C(OC2C(CO)OC([*])C(O)C2O)OC1CO,,,,1.5584685625237948,10.1002_app.49780_part_1.txt_¶Î1_Material1
[*]CC([*])Cl,C12=CC3=CC4=CC=CN=C4N=C3N=C1N=C5N=C6N=CC=CC6=CC5=C2,,,,1.0718820073061257,10.3390_ma13030753_part_3.txt_¶Î1_Material2
[*]C(CCCCCO[*])=O,[Ca+2],[*]OC1C(C(O)=O)OC(OC2C(NC(C)=O)C([*])OC(CO)C2O)C(O)C1O,[*]NC(C)C(N1CCCC1C([*])=O)=O,,0.414973347970818,10.1021_cm201119q_part_2.txt_¶Î1_Material1
FC(F)([*])C([H])([*])[H],OC1=C2C(C3(O)C4C5C6=C7C8C(C9=CC(C(O)=O)=C(C=C(C=C%10C(O)=O)C%11%12)C(C%11=C%13C%14C%15%16C%17(O%16)C%18C%19=C%20C%21=C%22C(C(O)=C%23)=C%24C%25C%21=C%26C%19=C%27C%17=C%28C%14(O)C%12=C%10C=C%28CC%27=CC%26=CC%25=C(C(O)=O)C=C%24)C9=C7C%13(O)C5=C%15C3=C%18C%29%30C%20(O%30)C%31C%22C%23=C%32)=CC(C(O)=O)=CC8=CC6=C(C(O)=O)C4=C2)=C%29C%33=C%31C%32=C(C(O)=O)C=C%331,,,,1.255272505103306,10.3390_polym13132042_part_1.txt_¶Î1_Material2
O=C([*])C(C)O[*],[*]C(CCCCCO[*])=O,[*]CC(C#N)[*],O=C(CCCCC(N(CCCCCCN([*])[H])[H])=O)[*],[*]CC(C1=CC=CC=C1)[*],1.9493900066449128,10.1002_polb.23762_part_3.txt_¶Î1_Material1
[*]CC([*])Cl,[*]C([H])([H])C(O)([H])[*],CCO,,,0.9777236052888476,10.1007_s13726-015-0340-5_part_3.txt_¶Î1_Material1
C/C(C[*])=C/C[*],[*]C([H])([H])C(O)([H])[*],C/C(C[*])=C/C[*],,,0.965201701025912,10.4028_www.scientific.net_amr.1073-1076.12_part_1.txt_¶Î1_Material1
[*]C/C=C/CCC(C/C=C\C[*])C=C,CC1=CC=C(C=C1N=C=O)N=C=O,CCCC[Sn](CCCC)(OC(CCCCCCCCCCC)=O)OC(CCCCCCCCCCC)=O,,,0.9283958522567138,10.1007_s10965-021-02566-2_part_1.txt_¶Î1_Material1
[*]C(C)C[*],[*]CC([*])CC,,,,1.2442771208018428,10.1088_1757-899x_490_2_022037_part_2.txt_¶Î1_Material1
[*]C(C)C[*],[*]C(NC1=C(C)C(NC(OCCO[*])=O)=CC=C1)=O,,,,1.5954962218255742,10.1002_app.33611_part_1.txt_¶Î1_Material1
[*]CC[*],O=C([O-])[O-].[Ca+2],[Ti](OCCCC)(OCCCC)(OCCCC)OCCCC,,,1.4563660331290431,10.1002_vnl.21791_part_2.txt_¶Î1_Material1
[*]CC[*],[*]C1C(OC(C(C1O)O)OC2C(OC(C(C2O)O)O[*])CO)CO,O=[Si]=O,,,1.001300933020418,10.1016_j.polymertesting.2019.04.025_part_1.txt_¶Î1_Material1
[*]C(C)C[*],[*]CCCC(CCCCCC)[*],,,,1.414973347970818,10.1177_0095244312465298_part_2.txt_¶Î1_Material3
[*]C(C)C[*],[*]CCCC(C1C([*])C2CC1C/C2=C/C)C,O=[Si]=O,OCC1OC(C(C(C1[*])O)O)OC2C(C(C(OC2CO)O[*])O)O,,1.2913688504515826,10.4028_www.scientific.net_amm.729.67_part_1.txt_¶Î1_Material3
C=C(C)C(=O)OCC(O)COC1=CC=C(C(C2=CC=C(O)C=C2)(C)C)C=C1,[*]CC(COC1=CC=C(C=C1)C(C)(C)C2=CC=C(C=C2)O[*])O,,,,1.6138418218760693,10.1177_1369433216677998_part_2.txt_¶Î1_Material1
OS(C(F)(F)C(F)(F)OC(C(F)(F)O/C(F)=C(F)\F)(C(F)(F)F)F)(=O)=O.F/C(F)=C(F)/F,OCC1OC(C(C(C1[*])O)O)OC2C(C(C(OC2CO)O[*])O)O,[*]C1=C(C=CN2)C2=C([*])C(O)=C1O,,,1.1804126328383238,10.1021_acsaem.9b02417_part_1.txt_¶Î1_Material1
[*]NCC(NC(C(ONCC(NC(C(NCC(NC(C([*])=O)C)=O)=O)C)=O)=O)CO)=O,[Ca+2],[Mg],,,1.3010299956639813,10.1016_j.msec.2011.07.013_part_1.txt_¶Î1_Material1
O=C([*])CCCCCN[*],[*]CC(CC)([*])C(OCC1=CC=CC=C1)=O,[*]C(C1=CC=CC=C1)CC2C(OC(C2[*])=O)=O,[*]C(C1=CC=CC=C1)CC2C(OC(C2[*])=O)=O,,2.116939646550756,10.1007_s10965-018-1684-2_part_1.txt_¶Î1_Material1
O=C([*])C(C)O[*],[*]CC[*],O=C([O-])[O-].[Ca+2],O=[Ti]=O,,1.645422269349092,10.1002_pen.25124_part_2.txt_¶Î1_Material2
O=C(CCCCC(N(CCCCCCN([*])[H])[H])=O)[*],OC1=C2C(C3(O)C4C5C6=C7C8C(C9=CC(C(O)=O)=C(C=C(C=C%10C(O)=O)C%11%12)C(C%11=C%13C%14C%15%16C%17(O%16)C%18C%19=C%20C%21=C%22C(C(O)=C%23)=C%24C%25C%21=C%26C%19=C%27C%17=C%28C%14(O)C%12=C%10C=C%28CC%27=CC%26=CC%25=C(C(O)=O)C=C%24)C9=C7C%13(O)C5=C%15C3=C%18C%29%30C%20(O%30)C%31C%22C%23=C%32)=CC(C(O)=O)=CC8=CC6=C(C(O)=O)C4=C2)=C%29C%33=C%31C%32=C(C(O)=O)C=C%331,[*]NC(C1=CC=C2C(C(N(C2=O)C3=CC=C(C=C3)CC4=CC=C([*])C=C4)=O)=C1)=O,,,2,10.1080_03602559.2018.1542712_part_1.txt_¶Î1_Material1
[*]CC(COC1=CC=C(C=C1)C(C)(C)C2=CC=C(C=C2)O[*])O,[*]OCC[*],[*]OCC[*],,,1.880813592280792,10.1021_acs.macromol.5b00243_part_1.txt_¶Î1_Material1
O=C([*])C(C)O[*],OP(O)(O)=O,O=C=NC(C=C1)=CC=C1CC2=CC=C(C=C2)N=C=O,,,1.5314789170422551,10.1080_03602559.2013.798817_part_1.txt_¶Î1_Material1
[*]O[Si](C)(C)[*],O=[Si]=O,,,,1.290034611362518,10.1177_0954008312446647_part_3.txt_¶Î1_Material1
[*]CC(C#N)[*],[*]CC(C#N)[*],[H][O-],Cl[Ca]Cl,,1.1335389083702174,10.1021_acs.iecr.7b00244_part_2.txt_¶Î1_Material1
O=C([*])C(C)O[*],O=C([O-])[O-].[Ca+2],O=[Ti]=O,,,1.7168377232995244,10.1002_pen.25124_part_2.txt_¶Î1_Material1
O=C(OC1=CC=CC=C1)OC1=CC=CC=C1,[*]C(CCCCCO[*])=O,C[Si](C)(C[*])O[*],O=[Si]=O,,1.4899584794248346,10.1007_s11998-016-9806-4_part_2.txt_¶Î1_Material2
[*]CC[*],[*]C1C(OC(C(C1O)O)OC2C(OC(C(C2O)O)O[*])CO)CO,C=C([CH3])C(=O)O[CH3],,,1.2662316966898932,10.1002_pc.21168_part_1.txt_¶Î1_Material2
O=C([*])CCCCCN[*],[*]C([H])([H])C(O)([H])[*],OC1=C2C(C3(O)C4C5C6=C7C8C(C9=CC(C(O)=O)=C(C=C(C=C%10C(O)=O)C%11%12)C(C%11=C%13C%14C%15%16C%17(O%16)C%18C%19=C%20C%21=C%22C(C(O)=C%23)=C%24C%25C%21=C%26C%19=C%27C%17=C%28C%14(O)C%12=C%10C=C%28CC%27=CC%26=CC%25=C(C(O)=O)C=C%24)C9=C7C%13(O)C5=C%15C3=C%18C%29%30C%20(O%30)C%31C%22C%23=C%32)=CC(C(O)=O)=CC8=CC6=C(C(O)=O)C4=C2)=C%29C%33=C%31C%32=C(C(O)=O)C=C%331,,,1.14921911265538,10.1007_s12588-019-09242-7_part_3.txt_¶Î1_Material1
[*]OCC[*],C(COC(=O)CCS)(COC(=O)CCS)(COC(=O)CCS)COC(=O)CCS,,,,0.9731278535996988,10.1002_adma.202001259_part_1.txt_¶Î1_Material1
[*]CC([*])Cl,C=C([CH3])C(=O)O[CH3],[Cu]=O,,,1.3979400086720375,10.1016_j.polymer.2020.122911_part_8.txt_¶Î1_Material1
[*]C([C@H](C)OC([C@H](C)O[*])=O)=O,[*]C([C@H](C)OC([C@H](C)O[*])=O)=O,,,,1.69810054562339,10.1002_pen.24345_part_2.txt_¶Î1_Material1
O=C([*])C(C)O[*],[*]C(CCCCC(OCCCCO[*])=O)=O,,,,1.6444385894678386,10.1016_j.foodchem.2020.127537_part_2.txt_¶Î1_Material1
COC1=CC(/C=C/C=O)=CC(OC2=CC(C(C(OC3=CC=C(C=C3OC)C(C(CO)=O)O)CO)O)=CC=C2OC4=CC(C(C(COC5=CC=C(C=C5)C(C(CO)=O)O)=O)O)=CC=C4O)=C1,[*]OCC[*],,,,1.436162647040756,10.1016_j.eurpolymj.2020.109690_part_2.txt_¶Î1_Material1
O=C([*])OC1=CC=C(C=C1)C(C)(C)C2=CC=C(C=C2)O[*],[Mg],,,,1.740362689494244,10.1080_09276440.2018.1460062_part_3.txt_¶Î1_Material2
[*]CC[*],[*]CCCC([*])OC(C)=O,CCCCCCCCCCCCCCCCCCOC(CCC1=CC(C(C)(C)C)=C(C(C(C)(C)C)=C1)O)=O,,,1.0835026198302673,10.1016_j.polymertesting.2019.106089_part_1.txt_¶Î1_Material1
[*]CC(C1=CC=C(C=C1)S(O)(=O)=O)[*],[*]C(C)C[*],,,,1.255272505103306,10.1016_j.memsci.2010.06.031_part_1.txt_¶Î1_Material1
O=C([*])C(C)O[*],O=C([*])C(C)O[*],C=CCN1C(=O)N(CC=C)C(=O)N(CC=C)C1=O,OC1=C2C(C3(O)C4C5C6=C7C8C(C9=CC(C(O)=O)=C(C=C(C=C%10C(O)=O)C%11%12)C(C%11=C%13C%14C%15%16C%17(O%16)C%18C%19=C%20C%21=C%22C(C(O)=C%23)=C%24C%25C%21=C%26C%19=C%27C%17=C%28C%14(O)C%12=C%10C=C%28CC%27=CC%26=CC%25=C(C(O)=O)C=C%24)C9=C7C%13(O)C5=C%15C3=C%18C%29%30C%20(O%30)C%31C%22C%23=C%32)=CC(C(O)=O)=CC8=CC6=C(C(O)=O)C4=C2)=C%29C%33=C%31C%32=C(C(O)=O)C=C%331,O=C(O)CCCCCCCCCCCCCCCCC,1.714329759745233,10.1177_0892705719835286_part_2.txt_¶Î1_Material1
O=C(C1=CC=C(C=C1)C(OCC[*])=O)O[*],O=C([*])OC1=CC=C(C=C1)C(C)(C)C2=CC=C(C=C2)O[*],[*]CCCC(C1C([*])C2CC1C/C2=C/C)C,O=C=NC(C=C1)=CC=C1CC2=CC=C(C=C2)N=C=O,,1.7323937598229686,10.1002_app.32532_part_1.txt_¶Î1_Material1
O=C([*])C(C)O[*],O=C(CCCCC(NCCCCCCCCCCN[*])=O)[*],[*]CC(COC1=CC=C(C=C1)C(C)(C)C2=CC=C(C=C2)O[*])O,,,1.7109631189952756,10.1002_app.39473_part_2.txt_¶Î1_Material1
[*]CC[*],[*]CC[*],O=[Si]=O,,,1.564666064252089,10.1515_polyeng-2011-0123_part_2.txt_¶Î1_Material1
[*]NC(C(N1CCCC1C(NCC(N2CC(CC2C(NC(C(NCC([*])=O)=O)CO)=O)O)=O)=O)=O)CCCCN,OC[C@@H]([C@H]([C@@H]([C@@H](CO)O)O)O)O,OCC(O)CO,,,0.9420080530223132,10.1007_s13197-013-1186-5_part_1.txt_¶Î1_Material1
[*]CC(C#N)[*],[*]C([H])([H])C(O)([H])[*],[H]Cl,,,1.783903579272735,10.1179_1743289815y.0000000027_part_1.txt_¶Î1_Material1
[*]CCCCO[*],O=C=NC(C=C1)=CC=C1CC2=CC=C(C=C2)N=C=O,,,,1.4517864355242902,10.1007_s00289-017-2088-x_part_1.txt_¶Î1_Material1
[*]CC[*],[*]C1C(OC(C(C1O)O)OC2C(OC(C(C2O)O)O[*])CO)CO,OC(C(CC(O)=O)(CC(O)=O)O)=O,,,1.3979400086720375,10.34302_crpjfst_2020.12.5.1_OA_part_4.txt_¶Î1_Material1
[*]C(NC1=C(C)C(NC(OCCO[*])=O)=CC=C1)=O,OCC1O[C@H](C(C([C@@H]1O)O)O)O,,,,1.0606978403536116,10.1007_s12221-010-0952-5_part_2.txt_¶Î1_Material1
C[Si](C)(C[*])O[*],[*]CC([*])N1CCCC1=O,C[Si](C)(C[*])O[*],,,0.3979400086720376,10.1002_pen.24240_part_2.txt_¶Î1_Material1
OCC1OC(C(C(C1O[*])O)NC(C)=O)OC2C(O)C(C(OC2CO)[*])NC(C)=O,OCC(C(C(C1N)O)O[*])OC1OC2C(OC(C(C2O)N)[*])CO,,,,1.7160033436347992,10.3389_fchem.2014.00099_part_2.txt_¶Î1_Material1
OP(O)(O)=O,[*]C1C(OC(C(C1O)O)OC2C(OC(C(C2O)O)O[*])CO)CO,OC(CO)CO,,,0.8802417758954804,10.4028_www.scientific.net_amr.557-559.1121_part_1.txt_¶Î1_Material1
OCC(C(C(C1N)O)O[*])OC1OC2C(OC(C(C2O)N)[*])CO,[*]C(CCCCCO[*])=O,,,,0.7403626894942439,10.1007_s10853-011-5836-6_part_1.txt_¶Î1_Material2
O=C([*])C(C)O[*],O=[Mg].O=[Si]=O.O=[Si]=O.O=[Si]=O.O=[Si]=O.O=[Mg].O=[Mg].O,,,,1.6522463410033232,10.1007_s10973-021-10901-4_part_2.txt_¶Î1_Material1
OCC1OC(C(C(C1[*])O)O)OC2C(C(C(OC2CO)O[*])O)O,OCC(C(C(C1N)O)O[*])OC1OC2C(OC(C(C2O)N)[*])CO,O=[Ti]=O,,,1.6989700043360187,10.1016_j.indcrop.2021.113747_part_3.txt_¶Î1_Material1
O=C([*])C(C)O[*],[*]NC(C(O)=O)CCC([*])=O,OCC(C(C(C1N)O)O[*])OC1OC2C(OC(C(C2O)N)[*])CO,[*]NC(C(N1CCCC1C(NCC(N2CC(CC2C(NC(C(NCC([*])=O)=O)CO)=O)O)=O)=O)=O)CCCCN,,1.3117538610557542,10.1177_0040517521994884_part_1.txt_¶Î1_Material1
[*]O[C@H](C)CC([*])=O,OCC1OC(C(C(C1[*])O)O)OC2C(C(C(OC2CO)O[*])O)O,,,,1.0170333392987805,10.1007_s10570-018-1729-z_part_3.txt_¶Î1_Material2
[*]NC(C(N1CCCC1C(NCC(N2CC(CC2C(NC(C(NCC([*])=O)=O)CO)=O)O)=O)=O)=O)CCCCN,O=C(O[Na])COCC(OC(C(C1O)O)[*])C1OC(C(C(C2O[*])O)O)OC2COCC(O[Na])=O,OCC(O)CO,,,1.4316853446860118,10.1016_j.foodhyd.2013.04.004_part_1.txt_¶Î1_Material1
O=C([*])C(C)O[*],[*]CCC(CCCCCC)C[*],,,,1.307496037913213,10.1002_pen.24171_part_2.txt_¶Î1_Material1
[*]CC([*])Cl,FC(F)([*])C([H])([*])[H],,,,1.0791812460476249,10.1016_j.memsci.2014.08.050_part_1.txt_¶Î1_Material1
[*]CCCCOCCCCOCCCCOCCCCO[*],[*]CC(C(OCC)=O)[*],,,,1.5378190950732742,10.1016_j.polymer.2020.122228_part_2.txt_¶Î1_Material1
OCC(C(C(C1N)O)O[*])OC1OC2C(OC(C(C2O)N)[*])CO,[*]NC(C(N1CCCC1C(NCC(N2CC(CC2C(NC(C(NCC([*])=O)=O)CO)=O)O)=O)=O)=O)CCCCN,[Zn]=O,,,1.5456781497920256,10.1016_j.ijbiomac.2021.08.107_part_1.txt_¶Î1_Material1
O=C(C1=CC=C(C=C1)C(OCC[*])=O)O[*],O=C([*])CCCCCN[*],[*]CCC(CCCCCC)C[*],,,1.6551384348113822,10.1080_00222348.2014.946840_part_2.txt_¶Î1_Material1
[*]CC(COC1=CC=C(C=C1)C(C)(C)C2=CC=C(C=C2)O[*])O,[*]OC1C(O)C(O)C(OC2C(CO)OC([*])C(O)C2O)OC1CO,[H][Si]([H])([H])[H],,,1.7781512503836436,10.1080_10426914.2015.1059444_part_4.txt_¶Î1_Material3
[*]C(C)C[*],[*]CCCC(C1C([*])C2CC1C/C2=C/C)C,[*]CC(C1=CC=CC=C1)C/C=C/C[*],,,0.9429995933660404,10.1177_0892705713518811_part_2.txt_¶Î1_Material2
[*]C/C=C/CCC(C=C)CC([*])C1=CC=CC=C1,C/C(C[*])=C/C[*],O=C([O-])[O-].[Ca+2],,,1.1986570869544226,10.5254_rct.18.82695_part_2.txt_¶Î1_Material2
O=C([*])C(C)O[*],[*]C(CCCCC(OCCCCO[*])=O)=O,CCCCCCCCCCCCCCCCCCOC(CCC1=CC(C(C)(C)C)=C(C(C(C)(C)C)=C1)O)=O,,,1.2172206556445186,10.4028_www.scientific.net_amr.506.126_part_1.txt_¶Î1_Material1
C=C([CH3])C(=O)O[CH3],[*]OC1C(C(O)=O)OC(OC2C(NC(C)=O)C([*])OC(CO)C2O)C(O)C1O,,,,1.7386220279179423,10.1007_s42452-020-2546-1_part_2.txt_¶Î1_Material1
[*]CC(C1=CC=CC=C1)[*],C=C([CH3])C(=O)O[CH3],[*]OCC[*],,,1.4934580509951885,10.1002_slct.201902351_part_2.txt_¶Î1_Material1
[*]C(C)C[*],O=C(C1=CC=C(C=C1)C(OCC[*])=O)O[*],[*]C(C)C[*],C12=CC3=CC4=CC=CN=C4N=C3N=C1N=C5N=C6N=CC=CC6=CC5=C2,,1.586587304671755,10.1002_pen.25315_part_1.txt_¶Î1_Material1
OCC(C(C(C1N)O)O[*])OC1OC2C(OC(C(C2O)N)[*])CO,CO[Si](OC)(OC)CCCOCC1CO1,,,,1.3979400086720375,10.1088_1757-899x_223_1_012018_part_2.txt_¶Î1_Material1
[*]C([H])([H])C(O)([H])[*],C(CC=O)CC=O,OC(C(CC(O)=O)(CC(O)=O)O)=O,,,1.414973347970818,10.1016_j.reactfunctpolym.2021.104873_part_1.txt_¶Î1_Material3
OCC(C(C(C1N)O)O[*])OC1OC2C(OC(C(C2O)N)[*])CO,[*]OCC[*],O=S(O)(O)=O,,,1.7634279935629371,10.1007_s10570-014-0493-y_part_1.txt_¶Î1_Material1
O=[Al]O[Al]=O.O=[Si]=O.O=[Si]=O.O.O,[*]OCC[*],,,,1.9222062774390165,10.1080_03602559.2018.1520250_part_2.txt_¶Î1_Material1
O=C(C(C[*])[*])N,[O-][Si](O[Si]([O-])=O)=O,[Fe+3],,,-0.958607315,10.1002_app.51509_part_2.txt_¶Î1_Material1
O=C([*])OC1=CC=C(C=C1)C(C)(C)C2=CC=C(C=C2)O[*],[*]CC(COC1=CC=C(C=C1)C(C)(C)C2=CC=C(C=C2)O[*])O,C12=CC3=CC4=CC=CN=C4N=C3N=C1N=C5N=C6N=CC=CC6=CC5=C2,,,2.509202522331103,10.1021_acs.iecr.0c05724_part_1.txt_¶Î1_Material1
O=C=NC(C=C1)=CC=C1CC2=CC=C(C=C2)N=C=O,[*]C(CCCCC(OCCCCO[*])=O)=O,OCCCCO,,,1.4771212547196624,10.12677_ms.2016.62013_OA_part_1.txt_¶Î1_Material1
[*]C(NC1=C(C)C(NC(OCCO[*])=O)=CC=C1)=O,O=C=NC(C=C1)=CC=C1CC2=CC=C(C=C2)N=C=O,[*]OCC[*],,,1.4409090820652175,10.1039_c2jm30517h_part_2.txt_¶Î1_Material2
[*]C(C)C[*],C=C([CH3])C(=O)OC([CH3])[CH3],OC1=C2C(C3(O)C4C5C6=C7C8C(C9=CC(C(O)=O)=C(C=C(C=C%10C(O)=O)C%11%12)C(C%11=C%13C%14C%15%16C%17(O%16)C%18C%19=C%20C%21=C%22C(C(O)=C%23)=C%24C%25C%21=C%26C%19=C%27C%17=C%28C%14(O)C%12=C%10C=C%28CC%27=CC%26=CC%25=C(C(O)=O)C=C%24)C9=C7C%13(O)C5=C%15C3=C%18C%29%30C%20(O%30)C%31C%22C%23=C%32)=CC(C(O)=O)=CC8=CC6=C(C(O)=O)C4=C2)=C%29C%33=C%31C%32=C(C(O)=O)C=C%331,,,1.469527479187014,10.1007_s10973-014-3824-1_part_2.txt_¶Î1_Material1
FC(F)([*])C([H])([*])[H],[*]C([H])([H])C(O)([H])[*],,,,1.7781512503836436,10.1088_1748-605x_ab5509_part_5.txt_¶Î1_Material2
C(C)(C1=CC=C(OCC2CO2)C=C1)(C)C1=CC=C(OCC2CO2)C=C1,[*]OC1OC(CO)C(OC2C(O)C(O)C([*])C(CO)O2)C(O)C1O,,,,1.9855611877733448,10.1002_pc.23650_part_2.txt_¶Î1_Material1
[*]C(NC1=C(C)C(NC(OCCO[*])=O)=CC=C1)=O,C=C([CH3])C(=O)O[CH3],CC(C(=O)O)(CO)CO,,,1.0791812460476249,10.1002_mame.201900155_part_1.txt_¶Î1_Material1
[*]C1C(C(C(OC1C(O[Na])=O)OC2C(C(O[Na])=O)OC(O[*])C(O)C2O)O)O,[*]OCC[*],,,,0.9542425094393248,10.3390_pharmaceutics10020042_part_3.txt_¶Î1_Material4
[*]O[C@H](C)CC([*])=O,O=[Ti]=O,,,,1.3010299956639813,10.1002_pi.4616_part_2.txt_¶Î1_Material1
[*]NC(C)C(N1CCCC1C([*])=O)=O,C(CC=O)CC=O,,,,-0.045757491,10.1002_mame.201600156_part_2.txt_¶Î1_Material1
[*]C1C(C(C(OC1C(O[Na])=O)OC2C(C(O[Na])=O)OC(O[*])C(O)C2O)O)O,OCCOC1C(OCCO)C(C(OCCO)COCCOC(CCCCCCCCCCCCCCCCC)=O)OC1,,,,1.845098040014257,10.3390_colloids3030058_part_2.txt_¶Î1_Material4
[*]CC[*],O=[Al]O[Al]=O.O=[Si]=O.O=[Si]=O.O=[Si]=O,O=C1C=CC(O1)=O.C=C,,,1.1818435879447726,10.1177_8756087913494083_part_2.txt_¶Î1_Material1
[*]C([H])([H])C(O)([H])[*],C=C([CH3])C(=O)OC([CH3])[CH3],,,,1.5888317255942073,10.1002_pc.22482_part_2.txt_¶Î1_Material5
[*]CC[*],[*]CC(C1=CC=CC=C1)[*],[*]CC(CCCC(CC)CC([*])C1=CC=CC=C1)C2=CC=CC=C2,[*]C1=C(C=CN2)C2=C([*])C(O)=C1O,,1.505149978319906,10.1016_j.memsci.2021.119406_part_2.txt_¶Î1_Material1
[*]C(C)C[*],[*]CC(O)COC(CCCCCCCCC(O[*])=O)=O,O=[Si]=O,,,1.60422605308447,10.1002_app.45887_part_2.txt_¶Î1_Material3
[*]CC(COC1=CC=C(C=C1)C(C)(C)C2=CC=C(C=C2)O[*])O,[C],,,,1.7781512503836436,10.1002_app.41211_part_2.txt_¶Î1_Material1
[*]C1C(C(C(OC1C(O[Na])=O)OC2C(C(O[Na])=O)OC(O[*])C(O)C2O)O)O,O=P([O-])([O-])[O-].[Ca+2].[Ca+2].[OH-],,,,1.7781512503836436,10.1007_s10856-011-4296-5_part_1.txt_¶Î1_Material1
[*]C([H])([H])C(O)([H])[*],OCC(C(C(C1N)O)O[*])OC1OC2C(OC(C(C2O)N)[*])CO,O=C([O-])[O-].[Ca+2],C(CC=O)CC=O,,1.3692158574101427,10.1007_s10853-016-0056-8_part_2.txt_¶Î1_Material1
[*]CC([*])CC,O=C=NCCCCCCN=C=O,,,,0.9084850188786496,10.1002_macp.201200348_part_3.txt_¶Î1_Material1
[*]C([H])([H])C(O)([H])[*],[*]OCC[*],OCC1OC(C(C(C1[*])O)O)OC2C(C(C(OC2CO)O[*])O)O,[Cu],,1.6669857183296606,10.1007_s12034-021-02363-z_part_1.txt_¶Î1_Material1
O=C(O[Na])COCC(OC(C(C1O)O)[*])C1OC(C(C(C2O[*])O)O)OC2COCC(O[Na])=O,O=C(O[Na])COCC(OC(C(C1O)O)[*])C1OC(C(C(C2O[*])O)O)OC2COCC(O[Na])=O,OCC(O)CO,,,1.5138831856110928,10.1016_j.carbpol.2017.05.003_part_1.txt_¶Î1_Material1
O=C([*])CCCCCN[*],O=C([*])CCCCCN[*],O=[Si]=O,,,1.613418945034573,10.1016_j.matpr.2020.12.600_part_2.txt_¶Î1_Material1
[*]C1C(OC(C(C1O)O)OC2C(OC(C(C2O)O)O[*])CO)CO,[*]C([H])([H])C(O)([H])[*],OCC(O)CO,OC[C@@H]([C@H]([C@@H]([C@@H](CO)O)O)O)O,,1.207365037469072,10.1088_1742-6596_1351_1_012102_part_2.txt_¶Î1_Material1
O=C([*])CCCCCN[*],O=C([*])C1=CC=C2C=C(C=CC2=C1)OC(C3=CC=C(C=C3)O[*])=O,,,,1.6510840892430114,10.3390_polym12102323_part_3.txt_¶Î1_Material2
O=C(CCCCC(N(CCCCCCN([*])[H])[H])=O)[*],[*]C(C)C[*],[*]CCC(CCCCCC)C[*],[*]CCCC(C1C([*])C2CC1C/C2=C/C)C,,2.2355284469075487,10.1177_0731684412454199_part_2.txt_¶Î1_Material1
CC(NC(C([*])C)=O)C(NC(C)C(NC(C)C(N[*])=O)=O)=O,[*]C([H])([H])C(O)([H])[*],,,,1.3010299956639813,10.1515_epoly.2010.10.1.1567_part_1.txt_¶Î1_Material1
O=C([*])C(C)O[*],O=C([*])CCCCCN[*],,,,1.860996436757196,10.4028_www.scientific.net_amm.590.284_part_1.txt_¶Î1_Material1
C/C(C[*])=C/C[*],[*]C(CCCCCO[*])=O,[H]C(C([*])=O)(N[*])CC1=CC=CC=C1,,,1.3010299956639813,10.1016_j.crci.2013.10.008_part_2.txt_¶Î1_Material1
[*]C(C)C[*],[*]C(C)C[*],CC1=CC(O)=C(C=C1CCCC(C2=C(C=C(C(C(C)(C)C)=C2)O)C)C3=CC(C(C)(C)C)=C(C=C3C)O)C(C)(C)C,,,1.541579243946581,10.1007_s10965-020-02171-9_part_1.txt_¶Î1_Material1
[*]C(C)C[*],[*]C(C)C[*],[*]C/C=C/CCC([*])C#N,[*]C(C)C[*],,1.1222158782728269,10.1177_147776061202800404_part_2.txt_¶Î1_Material1
[*]NC(C)C(N1CCCC1C([*])=O)=O,[*]C([H])([H])C(O)([H])[*],[*]OC1C(C(O)=O)OC(OC2C(NC(C)=O)C([*])OC(CO)C2O)C(O)C1O,,,1.4756711883244296,10.1007_s12221-019-9341-x_part_2.txt_¶Î1_Material3
O=C([*])C1=CC=C(C=C1)OC2=CC=C(C=C2)OC3=CC=C(C=C3)[*],[*]C1=C(C=CN2)C2=C([*])C(O)=C1O,,,,1.7752462597402363,10.18686_cest.v2i2.138_OA_part_3.txt_¶Î1_Material1
[*]C1C(OC(C(C1O)O)OC2C(OC(C(C2O)O)O[*])CO)CO,[*]C([H])([H])C(O)([H])[*],C(CC=O)CC=O,,,1.6396856612426811,10.1016_j.carbpol.2010.09.056_part_1.txt_¶Î1_Material1
[*]C(C)C[*],O=[Si]=O,[*]C(C)C[*],,,1.7442929831226763,10.1088_2053-1591_aac67d_part_3.txt_¶Î1_Material1
O=C([*])OC1=CC=C(C=C1)C(C)(C)C2=CC=C(C=C2)O[*],[*]CC[*],C12=CC3=CC4=CC=CN=C4N=C3N=C1N=C5N=C6N=CC=CC6=CC5=C2,,,2.061075323629792,10.1016_j.compositesb.2018.06.026_part_1.txt_¶Î1_Material1
[*]C(C)C[*],[*]CCC(CCCCCC)C[*],,,,1.3979400086720375,10.1007_s10924-012-0441-6_part_1.txt_¶Î1_Material1
[*]C([H])([H])C(O)([H])[*],NC1=NC2=C(N=CN2C2O[C@H](COP(=O)(O)OP(=O)(O)O)[C@H](O)[C@@H]2O)C(=O)N1,,,,1.488409688903198,10.1007_s00289-019-02851-7_part_3.txt_¶Î1_Material1
[*]OCCOC(CC(C([*])=O)C(C1CCCCC1)CC(CC(O)=O)C(OCCO)=O)=O,[*]OC1OC(CO)C(OC2C(O)C(O)C([*])C(CO)O2)C(O)C1O,O=[Al]O[Al]=O,O=[Zr]=O,,1.1589652603834102,10.1002_pc.24410_part_1.txt_¶Î1_Material1
O=C([*])C(C)O[*],[*]C(CCCCC(OCCCCO[*])=O)=O,[*]C1C(OC(C(C1O)O)OC2C(OC(C(C2O)O)O[*])CO)CO,,,1.4058583993176366,10.1016_j.jfoodeng.2019.04.004_part_1.txt_¶Î1_Material1
[*]C(CCCCCO[*])=O,[*]NC(C(N1CCCC1C(NCC(N2CC(CC2C(NC(C(NCC([*])=O)=O)CO)=O)O)=O)=O)=O)CCCCN,O=[Si]=O,,,0.714329759745233,10.1002_app.50264_part_3.txt_¶Î1_Material1
[*]C1C(O)C(O)C(OC2C(O)C(O)C(O[*])OC2COC(C)=O)OC1COC(C)=O,OC1=C2C(C3(O)C4C5C6=C7C8C(C9=CC(C(O)=O)=C(C=C(C=C%10C(O)=O)C%11%12)C(C%11=C%13C%14C%15%16C%17(O%16)C%18C%19=C%20C%21=C%22C(C(O)=C%23)=C%24C%25C%21=C%26C%19=C%27C%17=C%28C%14(O)C%12=C%10C=C%28CC%27=CC%26=CC%25=C(C(O)=O)C=C%24)C9=C7C%13(O)C5=C%15C3=C%18C%29%30C%20(O%30)C%31C%22C%23=C%32)=CC(C(O)=O)=CC8=CC6=C(C(O)=O)C4=C2)=C%29C%33=C%31C%32=C(C(O)=O)C=C%331,,,,0.8122446968003693,10.1002_app.50677_part_2.txt_¶Î1_Material4
[*]C(CCCCCO[*])=O,[*]NC(C(N1CCCC1C(NCC(N2CC(CC2C(NC(C(NCC([*])=O)=O)CO)=O)O)=O)=O)=O)CCCCN,O=C(C1=COC(C2C(CO)=CCC12)O)OC,,,0.568201724066995,10.1080_09205063.2016.1160560_part_1.txt_¶Î1_Material1
[*]C(C)C[*],[H][Si]([H])([H])[H],[*]CC(CCCC(CC)CC([*])C1=CC=CC=C1)C2=CC=CC=C2,,,1.48572142648158,10.1016_j.compositesb.2018.05.020_part_4.txt_¶Î1_Material1
O=C([*])C(C)O[*],C/C(C[*])=C/C[*],[*]CC(C#N)[*],,,1.3979400086720375,10.1016_j.jmrt.2021.08.130_part_1.txt_¶Î1_Material1
[*]C(C)C[*],C=C([CH3])C(=O)OC([CH3])[CH3],C=C([CH3])C(=O)OC([CH3])[CH3],,,1.1126050015345743,10.1002_pc.24701_part_2.txt_¶Î1_Material3
[*]C(CCCCCO[*])=O,[*]NCC(NC(C(ONCC(NC(C(NCC(NC(C([*])=O)C)=O)=O)C)=O)=O)CO)=O,,,,0.6901960800285137,10.1016_j.msec.2017.06.016_part_5.txt_¶Î1_Material1
[*]CC[*],[*]CC(C1=CC=CC=C1)[*],O=[Al]O[Al]=O.O=[Si]=O.O=[Si]=O.O=[Si]=O,,,1.4437322414015967,10.1177_0731684411426626_part_1.txt_¶Î1_Material1
[*]C(C)C[*],[*]CCCC(C1C([*])C2CC1C/C2=C/C)C,[*]C(C)C[*],,,1.0958664534785427,10.1016_j.polymertesting.2018.10.035_part_2.txt_¶Î1_Material1
[*]OCCOC(CC(C([*])=O)C(C1CCCCC1)CC(CC(O)=O)C(OCCO)=O)=O,OC1=C(C=CC=C1CC2=CC=CC([*])=C2O)CC3=CC=CC([*])=C3O,O=C(C1=CC=C(C([*])=O)C=C1)NC2=CCC(N[*])C=C2,,,1.2301933788690456,10.4028_www.scientific.net_amr.1134.61_part_1.txt_¶Î1_Material1
[*]CC([*])Cl,O=[Si]=O,,,,1.196452541703389,10.1007_s11431-010-4123-0_part_1.txt_¶Î1_Material1
[*]NC(C)C(N1CCCC1C([*])=O)=O,[*]NC(C(N1CCCC1C(NCC(N2CC(CC2C(NC(C(NCC([*])=O)=O)CO)=O)O)=O)=O)=O)CCCCN,,,,0.7641761323903307,10.1016_j.foodchem.2020.128802_part_1.txt_¶Î1_Material1
O=[Ca].[O-][Si]([O-])([O-])[O-].[Ca+2].[Ca+2],[*]C(C)C[*],[*]NCC(NC(C(ONCC(NC(C(NCC(NC(C([*])=O)C)=O)=O)C)=O)=O)CO)=O,,,1.8086835091289688,10.25130_tjes.22.2.04_OA_part_2.txt_¶Î1_Material1
[*]CC(COC1=CC=C(C=C1)C(C)(C)C2=CC=C(C=C2)O[*])O,C[Si](O[*])(C)[*],,,,1.1495270137543478,10.1016_j.compstruct.2014.08.026_part_1.txt_¶Î1_Material3
C[Si](C)(C[*])O[*],[H][Si]([H])([H])[H],,,,-0.494850022,10.1016_j.compositesb.2014.08.050_part_1.txt_¶Î1_Material1
OP(O)(O)=O,[*]CC(OC(O[*])=O)C,[*]C([H])([H])C(O)([H])[*],,,1.4771212547196624,10.1007_s00396-021-04869-8_part_3.txt_¶Î1_Material1
[*]CC(COC1=CC=C(C=C1)C(C)(C)C2=CC=C(C=C2)O[*])O,[S],,,,2.1367205671564067,10.1016_j.jclepro.2021.126041_part_1.txt_¶Î1_Material1
OCC1OC(C(C(C1O[*])O)O)[*],OCC(O)CO,,,,1.3242824552976926,10.1016_j.jcomc.2020.100011_part_2.txt_¶Î1_Material1
OCC1OC(C(C(C1[*])O)O)OC2C(C(C(OC2CO)O[*])O)O,O=C(C(C[*])[*])N,[H]Cl,,,-1.301029996,10.1016_j.carbpol.2021.118207_part_1.txt_¶Î1_Material1
O=C(CCCCCCCCCCC(NCCCCCCCCCCN[*])=O)[*],O=[Si]=O,,,,1.3222192947339193,10.1007_s10118-016-1812-6_part_1.txt_¶Î1_Material1
[*]C(C1=CC=C(C(OCCCCO[*])=O)C=C1)=O,O=[Si]=O,O=[Si]=O,,,1.9030899869919435,10.3390_ma14051261_part_5.txt_¶Î1_Material1
[*]CCCCOCCCCOCCCCOCCCCO[*],CC1=CC=C(C=C1N=C=O)N=C=O,,,,1.561101383649056,10.3390_polym11111794_part_1.txt_¶Î1_Material1
O=C([*])C(C)O[*],[*]OCC[*],OC1=C2C(C3(O)C4C5C6=C7C8C(C9=CC(C(O)=O)=C(C=C(C=C%10C(O)=O)C%11%12)C(C%11=C%13C%14C%15%16C%17(O%16)C%18C%19=C%20C%21=C%22C(C(O)=C%23)=C%24C%25C%21=C%26C%19=C%27C%17=C%28C%14(O)C%12=C%10C=C%28CC%27=CC%26=CC%25=C(C(O)=O)C=C%24)C9=C7C%13(O)C5=C%15C3=C%18C%29%30C%20(O%30)C%31C%22C%23=C%32)=CC(C(O)=O)=CC8=CC6=C(C(O)=O)C4=C2)=C%29C%33=C%31C%32=C(C(O)=O)C=C%331,,,1.4265112613645752,10.1007_s13233-014-2182-y_part_1.txt_¶Î1_Material1
[*]NCCCCCCCCCCCC([*])=O,O=[Zr]=O,[Ca+2],,,1.568084331315394,10.1016_j.dental.2018.09.006_part_1.txt_¶Î1_Material1
O=C([*])C(C)O[*],C/C(C[*])=C/C[*],C=C(C(OCC1CO1)=O)C,OC1=C2C(C3(O)C4C5C6=C7C8C(C9=CC(C(O)=O)=C(C=C(C=C%10C(O)=O)C%11%12)C(C%11=C%13C%14C%15%16C%17(O%16)C%18C%19=C%20C%21=C%22C(C(O)=C%23)=C%24C%25C%21=C%26C%19=C%27C%17=C%28C%14(O)C%12=C%10C=C%28CC%27=CC%26=CC%25=C(C(O)=O)C=C%24)C9=C7C%13(O)C5=C%15C3=C%18C%29%30C%20(O%30)C%31C%22C%23=C%32)=CC(C(O)=O)=CC8=CC6=C(C(O)=O)C4=C2)=C%29C%33=C%31C%32=C(C(O)=O)C=C%331,,1.864511081058392,10.3390_ma12020294_part_1.txt_¶Î1_Material1
[*]C1C(OC(C(C1O)O)OC2C(OC(C(C2O)O)O[*])CO)CO,[*]C([H])([H])C(O)([H])[*],OC1=C2C(C3(O)C4C5C6=C7C8C(C9=CC(C(O)=O)=C(C=C(C=C%10C(O)=O)C%11%12)C(C%11=C%13C%14C%15%16C%17(O%16)C%18C%19=C%20C%21=C%22C(C(O)=C%23)=C%24C%25C%21=C%26C%19=C%27C%17=C%28C%14(O)C%12=C%10C=C%28CC%27=CC%26=CC%25=C(C(O)=O)C=C%24)C9=C7C%13(O)C5=C%15C3=C%18C%29%30C%20(O%30)C%31C%22C%23=C%32)=CC(C(O)=O)=CC8=CC6=C(C(O)=O)C4=C2)=C%29C%33=C%31C%32=C(C(O)=O)C=C%331,,,1.2284003587030048,10.1016_j.ijbiomac.2018.11.071_part_6.txt_¶Î1_Material1
[*]CC[*],O=C(C1=CC=C(C=C1)C(OCC[*])=O)O[*],O=C([O-])[O-].[Ca+2],,,1.5526682161121932,10.3390_ma14092203_part_2.txt_¶Î1_Material1
COC1=CC(/C=C/C=O)=CC(OC2=CC(C(C(OC3=CC=C(C=C3OC)C(C(CO)=O)O)CO)O)=CC=C2OC4=CC(C(C(COC5=CC=C(C=C5)C(C(CO)=O)O)=O)O)=CC=C4O)=C1,[*]C/C=C\CCC(C=C)[*],,,,1.7831886910752577,10.1002_marc.202000492_part_2.txt_¶Î1_Material1
FC(F)([*])C([H])([*])[H],[*]CC(C#N)[*],,,,0.9556877503135056,10.1002_app.46155_part_2.txt_¶Î1_Material1
O=C(C1=CC=C(C=C1)C(OCC[*])=O)O[*],[*]CC[*],[*]CC(CC[*])O,,,1.6148972160331343,10.1016_j.jfoodeng.2020.109913_part_1.txt_¶Î1_Material3
[*]CC[*],O=[Si]=O,C=C([CH3])C(=O)OC([CH3])[CH3],,,1.6551384348113822,10.3390_ma14092276_part_2.txt_¶Î1_Material1
OCC1OC(C(C(C1O)O[*])O)OC2C(C(C(OC2COS(=O)(O)=O)[*])NC(C)=O)O,[*]NCC(NC(C(ONCC(NC(C(NCC(NC(C([*])=O)C)=O)=O)C)=O)=O)CO)=O,OCC(O)CO,,,1.4533183400470375,10.1002_adfm.201603403_part_2.txt_¶Î1_Material1
[*]NC(C(N1CCCC1C(NCC(N2CC(CC2C(NC(C(NCC([*])=O)=O)CO)=O)O)=O)=O)=O)CCCCN,O=[Al]O[Al]=O.O=[Si]=O.O=[Si]=O.O=[Si]=O,[Ag+],,,1.5968169359155906,10.1016_j.compositesb.2019.04.043_part_2.txt_¶Î1_Material1
[*]OC(CC(OC(CC([*])=O)CC)=O)C,O=C([*])C(C)O[*],OP(O)(O)=O,,,1.5185139398778875,10.1021_am3004522_part_1.txt_¶Î1_Material2
[*]C(CCCCCO[*])=O,[*]OCC[*],CNC(CNC(CN)=O)=O,,,1.1322596895310446,10.1007_s00339-017-1474-4_part_2.txt_¶Î1_Material1
O=[Si]=O.[Ca]=O,[*]C(C)C[*],,,,1.8573324964312683,10.1016_j.conbuildmat.2016.02.049_part_2.txt_¶Î1_Material1
O=C(C1=CC=C2C=C(C=CC2=C1)C([*])=O)OCCO[*],CCCCCCCCCCCCCCCCCCOC(CCC1=CC(C(C)(C)C)=C(C(C(C)(C)C)=C1)O)=O,,,,1.82020145948564,10.1016_j.polymertesting.2013.10.003_part_1.txt_¶Î1_Material1
[*]OC1C(C(OC(C1O)OC2C3C(C(OC2CO3)[*])O)CO)O,O=C(C(C[*])[*])N,[O-][Si](O[Si]([O-])=O)=O,,,-0.327902142,10.1021_acsmacrolett.7b00957_part_1.txt_¶Î1_Material1
C/C(C[*])=C/C[*],[*]CC[*],,,,1.230448921378274,10.1080_03602559.2010.482079_part_1.txt_¶Î1_Material1
[*]C(CCCCCO[*])=O,OCC(C(C(C1N)O)O[*])OC1OC2C(OC(C(C2O)N)[*])CO,O=C([O-])[O-].[Ca+2],,,1.3049211619008918,10.3390_ijms13044508_part_1.txt_¶Î1_Material1
[*]OCCCCOC(CCC([*])=O)=O,OC1=C2C(C3(O)C4C5C6=C7C8C(C9=CC(C(O)=O)=C(C=C(C=C%10C(O)=O)C%11%12)C(C%11=C%13C%14C%15%16C%17(O%16)C%18C%19=C%20C%21=C%22C(C(O)=C%23)=C%24C%25C%21=C%26C%19=C%27C%17=C%28C%14(O)C%12=C%10C=C%28CC%27=CC%26=CC%25=C(C(O)=O)C=C%24)C9=C7C%13(O)C5=C%15C3=C%18C%29%30C%20(O%30)C%31C%22C%23=C%32)=CC(C(O)=O)=CC8=CC6=C(C(O)=O)C4=C2)=C%29C%33=C%31C%32=C(C(O)=O)C=C%331,,,,1.380211241711606,10.3390_polym13132042_part_1.txt_¶Î1_Material1
[*]CC[*],[*]C(C)C[*],O=[Al]O[Al]=O.O=[Si]=O.O=[Si]=O.O=[Si]=O,,,1.2810333672477277,10.1177_0095244318783806_part_8.txt_¶Î1_Material1
[*]OC1C(C(OC(C1O)OC2C3C(C(OC2CO3)[*])O)CO)O,[*][C@H]1[C@H](O)[C@@H](O)[C@H](O[C@H]2[C@H]([C@@H](O)[C@H](O[C@H]3[C@H](O)[C@H](O)[C@H](O[C@H]4[C@H](O)[C@H](O)[C@H](O[*])O[C@@H]4CO)O[C@@H]3CO)O[C@@H]2COC(C)=O)O)O[C@@H]1CO,,,,1.879439965995217,10.1016_j.carbpol.2013.03.083_part_1.txt_¶Î1_Material2
[*]C(C)C[*],[*]C1C(O)C(O)C(OC2C(O)C(O)C(O[*])OC2COCCO)OC1COCCO,,,,1.6170003411208989,10.1007_s12221-013-0121-8_part_1.txt_¶Î1_Material1
[*]C/C=C/C[*],OCC1OC(C(C(C1[*])O)O)OC2C(C(C(OC2CO)O[*])O)O,,,,0.9036325160842376,10.1177_0892705720935968_part_3.txt_¶Î1_Material4
[*]CC(COC1=CC=C(C=C1)C(C)(C)C2=CC=C(C=C2)O[*])O,[*]C(NC1=C(C)C(NC(OCCO[*])=O)=CC=C1)=O,C12=C3C(C=CC4C3=C5C(CC6=CC7=C8C9=C(C(C=C%10)=CC=C9C=C7)C%11=C%10C%12)=CC4)=CC=C1C=C%12C%13=C%11C8=C6C5=C2%13,,,2.050495758883855,10.3390_polym10050485_part_1.txt_¶Î1_Material1
O=C([*])C(C)O[*],COC(C(C[*])([*])C)=O,[Mg],,,1.737987326333431,10.1002_app.50124_part_2.txt_¶Î1_Material1
O=C([*])C(C)O[*],OP(O)(O)=O,O=C=NC(C=C1)=CC=C1CC2=CC=C(C=C2)N=C=O,C=C([CH3])C(=O)OC([CH3])[CH3],,1.818225893613956,10.3390_ma13071660_part_2.txt_¶Î1_Material1
OCC1OC(C(C(C1[*])O)O)OC2C(C(C(OC2CO)O[*])O)O,OCC1OC(C(C(C1[*])O)O)OC2C(C(C(OC2CO)O[*])O)O,[H][O-],O=C(N)N,,1.865103974641128,10.1007_s10570-015-0835-4_part_3.txt_¶Î1_Material2
[*]C(C)C[*],NC1=CC=C(C=C1)/C2=C3C=C/C(N\3)=C(C4=N/C(C=C4)=C(C5=CC=C(N5)/C(C6=CC=CC=C6)=C7N=C2C=C\7)/C8=CC=CC=C8)\C9=CC=CC=C9,O=C(O)CCCCCCCCCCCCCCCCC,,,1.4313637641589874,10.1007_s10570-021-03884-w_part_3.txt_¶Î1_Material1
OCC1OC(C(C(C1[*])O)O)OC2C(C(C(OC2CO)O[*])O)O,[*]OCC[*],O=C(N)N,,,1.155336037465062,10.1039_d1nr00867f_part_2.txt_¶Î1_Material1
C[Si](O[*])(C)[*],[*]C(NC1=C(C)C(NC(OCCO[*])=O)=CC=C1)=O,,,,1.1038037209559568,10.1016_j.apsusc.2012.10.043_part_1.txt_¶Î1_Material1
[*]C([H])([H])C(O)([H])[*],[*]C1C(OC(C(C1O)O)OC2C(OC(C(C2O)O)O[*])CO)CO,O=C(N)N,,,0.9542425094393248,10.1016_j.ijbiomac.2016.12.067_part_1.txt_¶Î1_Material1
OCC1OC(C(C(C1[*])O)O)OC2C(C(C(OC2CO)O[*])O)O,[Zn]=O,[Ag+],,,1.5634810853944108,10.1002_adma.202000682_part_4.txt_¶Î1_Material1
[*]C/C=C/CCC(C=C)CC([*])C1=CC=CC=C1,C/C(C[*])=C/C[*],,,,1.2227164711475833,10.5254_rct.18.82695_part_2.txt_¶Î1_Material1
OCC(C(C(C1N)O)O[*])OC1OC2C(OC(C(C2O)N)[*])CO,[*]NCC(NC(C(ONCC(NC(C(NCC(NC(C([*])=O)C)=O)=O)C)=O)=O)CO)=O,[*]C1C(OC(C(C1O)O)OC2C(OC(C(C2O)O)O[*])CO)CO,,,1.4684950245070694,10.1016_j.msec.2012.02.015_part_1.txt_¶Î1_Material1
[*]C(C)C[*],[*]NC(C(O)=O)CCC([*])=O,,,,1.5717088318086876,10.1002_pol.20190210_part_2.txt_¶Î1_Material1
OCC1OC(C(C(C1[*])O)O)OC2C(C(C(OC2CO)O[*])O)O,[*]C([H])([H])C(O)([H])[*],O=C(C1=CC=C(C=C1)C(OCC[*])=O)O[*],[*]OCC[*],O=[Ti]=O,1.6444385894678386,10.1016_j.msec.2021.112127_part_2.txt_¶Î1_Material1
O=C([*])C(C)O[*],O=C(O[*])CCCCCCCCCCN[*],O=[Si]=O,,,1.7626785637274365,10.1007_s10924-017-0977-6_part_1.txt_¶Î1_Material1
[*]NCC(NC(C(ONCC(NC(C(NCC(NC(C([*])=O)C)=O)=O)C)=O)=O)CO)=O,OC(CO)CO,,,,1.4885507165004443,10.1016_j.eurpolymj.2019.06.022_part_1.txt_¶Î1_Material1
[*]CC[*],[*]OC1OC(CO)C(OC2C(O)C(O)C([*])C(CO)O2)C(O)C1O,O1C(=O)C=CC1=O,,,1.409087369447835,10.1080_15440478.2020.1838999_part_3.txt_¶Î1_Material1
[*]C/C=C\CCC(C=C)[*],[*]C(CCCCCO[*])=O,,,,1.2174839442139065,10.1021_ie300317b_part_1.txt_¶Î1_Material1
O=C([*])C(C)O[*],[*]C(CCCCC(OCCCCO[*])=O)=O,O=[Mg].O=[Si]=O.O=[Si]=O.O=[Si]=O.O=[Si]=O.O=[Mg].O=[Mg].O,,,1.6201360549737576,10.1155_2020_8040517_part_3.txt_¶Î1_Material2
O=C(O)C([*])C[*],OCC(C(C(C1N)O)O[*])OC1OC2C(OC(C(C2O)N)[*])CO,[O-][Si](O[Si]([O-])=O)=O,,,0.5477747053878226,10.1002_pen.25503_part_2.txt_¶Î1_Material1
[*]C(CCCCCO[*])=O,[*]C1=C(C=CN2)C2=C([*])C(O)=C1O,,,,1.6138418218760693,10.1016_j.clay.2017.09.031_part_1.txt_¶Î1_Material1
[*]OC1OC(CO)C(OC2C(O)C(O)C([*])C(CO)O2)C(O)C1O,O=C(C1=CC=C(C=C1)C(OCC[*])=O)O[*],,,,1.8325089127062364,10.4271_2018-01-0844_part_1.txt_¶Î1_Material1
OCC(C(C(C1N)O)O[*])OC1OC2C(OC(C(C2O)N)[*])CO,[*]C(C)C[*],,,,1.577491799837225,10.1039_c5ra25029c_part_1.txt_¶Î1_Material1
[*]CC[*],[*]CCC1C([*])C2CCC1C2,,,,1.403120521175818,10.4236_ojcm.2022.123007_OA_part_1.txt_¶Î1_Material1
O=C(O)C([*])C[*],OC(C(C)(CC(C1=CC=CC=C1)[*])CC(C[*])(C(OCC2CO2)=O)C)=O,,,,1.1637575239819558,10.1002_app.34129_part_1.txt_¶Î1_Material1
O=C([*])C(C)O[*],[*]C(C)C[*],C=C(C(OCC1CO1)=O)C,,,1.68761812957177,10.1002_app.33866_part_1.txt_¶Î1_Material1
[*]C(N(CN(C(OCOC(N(CN(C(OCCO[*])=O)[H])[H])=O)=O)[H])[H])=O,C[Si](C)(C[*])O[*],[*]CCN[*],OC1=C2C(C3(O)C4C5C6=C7C8C(C9=CC(C(O)=O)=C(C=C(C=C%10C(O)=O)C%11%12)C(C%11=C%13C%14C%15%16C%17(O%16)C%18C%19=C%20C%21=C%22C(C(O)=C%23)=C%24C%25C%21=C%26C%19=C%27C%17=C%28C%14(O)C%12=C%10C=C%28CC%27=CC%26=CC%25=C(C(O)=O)C=C%24)C9=C7C%13(O)C5=C%15C3=C%18C%29%30C%20(O%30)C%31C%22C%23=C%32)=CC(C(O)=O)=CC8=CC6=C(C(O)=O)C4=C2)=C%29C%33=C%31C%32=C(C(O)=O)C=C%331,,1.1958996524092338,10.1016_j.actbio.2021.04.055_part_2.txt_¶Î1_Material1
[*]C(C)C[*],O[Si](O)(O[Si](O)(O)O)O.[Al].[Al].O,,,,1.3979400086720375,10.2478_v10026-011-0039-0_part_1.txt_¶Î1_Material1
[*]C1C(OC(C(C1O)O)OC2C(OC(C(C2O)O)O[*])CO)CO,[*]C(CCCCC(OCCCCO[*])=O)=O,OCC(O)CO,,,0.8331471119127851,10.1590_s0104-14282013005000017_part_1.txt_¶Î1_Material1
[*]CCC(CCCC(CCCC(C[*])C)C)C,[*]CC[*],O=[Al]O[Al]=O,,,1.6483600109809315,10.1016_j.dt.2019.07.013_part_2.txt_¶Î1_Material1
OC1C(C(OC(C1O)OC2C(OC(C(C2O)O)OC3C(C(C(OC3C(OC)=O)OC4C(OC(C(C4O)O)[*])C(O)=O)O)O)C(OC)=O)C(O)=O)O[*],O=C(C(C[*])[*])N,[Fe+3],,,-0.045757491,10.1039_c7sm02005h_part_1.txt_¶Î1_Material1
C/C(C[*])=C/C[*],[*]CCCC(C1C([*])C2CC1C/C2=C/C)C,[*]CCCC(C1C([*])C2CC1C/C2=C/C)C,,,1.2214142378423387,10.1002_pc.24153_part_2.txt_¶Î1_Material1
[*]CCCC([*])OC(C)=O,[*]CC[*],O=C([O-])[O-].[Ca+2],,,1.0174507295105362,10.1007_s10118-021-2524-0_part_1.txt_¶Î1_Material1
[*]OCC[*],CC(C[*])O[*],COC1=CC(/C=C/C=O)=CC(OC2=CC(C(C(OC3=CC=C(C=C3OC)C(C(CO)=O)O)CO)O)=CC=C2OC4=CC(C(C(COC5=CC=C(C=C5)C(C(CO)=O)O)=O)O)=CC=C4O)=C1,,,1.5185139398778875,10.1002_marc.202000492_part_1.txt_¶Î1_Material1
O=C(C(C[*])[*])N,O=C(C(C[*])[*])N,[*]OCC[*],,,0.0791812460476248,10.1021_ma300357f_part_1.txt_¶Î1_Material1
[*]C([H])([H])C(O)([H])[*],O=[Zr]=O,,,,0.9912260756924948,10.1016_j.ceramint.2018.07.167_part_2.txt_¶Î1_Material1
[*]C(CCCCCO[*])=O,[*]C(CCCCCO[*])=O,[*]C1C(OC(C(C1O)O)OC2C(OC(C(C2O)O)O[*])CO)CO,,,1.4065401804339552,10.1039_c3nj01647a_part_1.txt_¶Î1_Material1
O=C([*])C(C)O[*],OP(O)(O)=O,[*]NCC(NC(C(ONCC(NC(C(NCC(NC(C([*])=O)C)=O)=O)C)=O)=O)CO)=O,,,1.4548448600085102,10.1002_masy.201800167_part_1.txt_¶Î1_Material1
[*]OCCCCOC(CCC([*])=O)=O,O=[Ti]=O,,,,1.310480891462675,10.1021_acsomega.8b00332_part_2.txt_¶Î1_Material1
O=C([*])C(C)O[*],[*]CC(OC(O[*])=O)C,,,,1.292256071356476,10.1002_app.46009_part_3.txt_¶Î1_Material1
[*]C([H])([H])C(O)([H])[*],[*]C1=CC=C([*])N1,Cl[Fe](Cl)Cl,C(CC=O)CC=O,,1.515873843711679,10.1021_acsami.0c14503_part_1.txt_¶Î1_Material1
[*]C([H])([H])C(O)([H])[*],[*]C([H])([H])C(O)([H])[*],[Ag+],,,1.4502491083193612,10.3390_polym12092112_part_3.txt_¶Î1_Material1
[*]CC[*],[*]OCC[*],N#CC(C1=CC=CC=N1)C1=CC=CC=C1,,,1.3617278360175928,10.1002_vnl.20292_part_1.txt_¶Î1_Material2
FC(F)([*])C([H])([*])[H],[*]CC(CC=CCC([*])C1=CC=CC=C1)C#N,C=C([CH3])C(=O)O[CH3],OC1=C2C(C3(O)C4C5C6=C7C8C(C9=CC(C(O)=O)=C(C=C(C=C%10C(O)=O)C%11%12)C(C%11=C%13C%14C%15%16C%17(O%16)C%18C%19=C%20C%21=C%22C(C(O)=C%23)=C%24C%25C%21=C%26C%19=C%27C%17=C%28C%14(O)C%12=C%10C=C%28CC%27=CC%26=CC%25=C(C(O)=O)C=C%24)C9=C7C%13(O)C5=C%15C3=C%18C%29%30C%20(O%30)C%31C%22C%23=C%32)=CC(C(O)=O)=CC8=CC6=C(C(O)=O)C4=C2)=C%29C%33=C%31C%32=C(C(O)=O)C=C%331,,1.7634279935629371,10.1039_c4cp04481a_part_4.txt_¶Î1_Material3
O=C([*])C(C)O[*],CCCCCCCCCCCCCCCCCCOC(CCC1=CC(C(C)(C)C)=C(C(C(C)(C)C)=C1)O)=O,,,,1.4785664955938431,10.1002_pc.23627_part_1.txt_¶Î1_Material1
[*]C(NC1=C(C)C(NC(OCCO[*])=O)=CC=C1)=O,CCCC[Sn](CCCC)(OC(CCCCCCCCCCC)=O)OC(CCCCCCCCCCC)=O,,,,1.564666064252089,10.1016_j.actbio.2011.05.017_part_2.txt_¶Î1_Material1
[*]CCC(CCCC(CCCC(C[*])C)C)C,C(C)(C1=CC=C(OCC2CO2)C=C1)(C)C1=CC=C(OCC2CO2)C=C1,,,,1.8981764834976764,10.1016_j.polymer.2020.123030_part_2.txt_¶Î1_Material1
[*]C(C)C[*],O=C([*])C1=CC=C2C=C(C=CC2=C1)OC(C3=CC=C(C=C3)O[*])=O,,,,1.5440680443502757,10.1016_j.eurpolymj.2015.07.057_part_1.txt_¶Î1_Material1
[*]CC(COC1=CC=C(C=C1)C(C)(C)C2=CC=C(C=C2)O[*])O,[Ag],[Cu],,,1.9294189257142929,10.1016_j.compositesb.2016.07.013_part_3.txt_¶Î1_Material1
[*]C([H])([H])C(O)([H])[*],[*]CC(COC1=CC=C(C=C1)C(C)(C)C2=CC=C(C=C2)O[*])O,OCC1OC(C(C(C1[*])O)O)OC2C(C(C(OC2CO)O[*])O)O,,,1.2148438480476975,10.1016_j.compscitech.2020.107990_part_1.txt_¶Î1_Material1
O=C([*])C1=CC=C(C=C1)OC2=CC=C(C=C2)OC3=CC=C(C=C3)[*],[*]C(F)(C(F)([*])F)F,,,,1.7993405494535817,10.1177_0954008317723444_part_2.txt_¶Î1_Material2
[*]C([C@H](C)OC([C@H](C)O[*])=O)=O,O=C(O[*])CCCCCCCCCCN[*],,,,1.7412304110254708,10.1002_pi.4618_part_1.txt_¶Î1_Material1
[*]C(NC1=C(C)C(NC(OCCO[*])=O)=CC=C1)=O,[*]C(CCCCCO[*])=O,[*]C1C(OC(C(C1O)O)OC2C(OC(C(C2O)O)O[*])CO)CO,CCCCCCCCCCCCOS([O-])(=O)=O.[Na+],OCC1OC(C(C(C1[*])O)O)OC2C(C(C(OC2CO)O[*])O)O,1.230448921378274,10.1016_j.carbpol.2021.118029_part_2.txt_¶Î1_Material1
[*]CC(CC(C#N)[*])C1=CC=CC=C1,[*]CC(C(OC)=O)(CC(C/C=C/CCC(C1=CC=CC=C1)[*])C#N)C,[*]C/C=C/CCC([*])C#N,C/C(C[*])=C/C[*],,1.505149978319906,10.1002_app.45364_part_2.txt_¶Î1_Material1
C(C)(C1=CC=C(OCC2CO2)C=C1)(C)C1=CC=C(OCC2CO2)C=C1,[*]N1C(C2=CC3=C(C=C2C1=O)C(N(C3=O)C4=CC=C(C=C4)OC5=CC=C(C=C5)[*])=O)=O,,,,2.39776625612645,10.1007_s12221-014-2564-y_part_1.txt_¶Î1_Material2
[*]CC[*],C/C(C[*])=C/C[*],[S],,,1.1986570869544226,10.1002_app.33466_part_2.txt_¶Î1_Material1
OP(O)(O)=O,[*]OCCCCOC(CCC([*])=O)=O,O=[Si]=O,,,1.7589118923979734,10.1051_matecconf_20153001013_part_1.txt_¶Î1_Material1
[*]C(N(CN(C(OCOC(N(CN(C(OCCO[*])=O)[H])[H])=O)=O)[H])[H])=O,[*]C(C)C[*],,,,1.575187844927661,10.1016_j.eurpolymj.2013.09.001_part_2.txt_¶Î1_Material1
[*]C(NC1=C(C)C(NC(OCCO[*])=O)=CC=C1)=O,O=C([O-])[O-].[Ca+2],O=C([O-])[O-].[Ca+2],,,0.8260748027008264,10.1016_j.polymertesting.2021.107211_part_2.txt_¶Î1_Material1
FC(F)([*])C([H])([*])[H],[*]C([H])([H])C(O)([H])[*],O=[Ti]=O,,,1.909662985154018,10.1016_j.chemosphere.2020.127144_part_3.txt_¶Î1_Material1
[*]CC[*],O=C([*])OC1=CC=C(C=C1)C(C)(C)C2=CC=C(C=C2)O[*],,,,2.0211892990699383,10.1080_03602559.2010.531429_part_2.txt_¶Î1_Material1
O=C([*])C(C)O[*],O=C([O-])[O-].[Ca+2],,,,1.401228167498113,10.3144_expresspolymlett.2020.70_part_1.txt_¶Î1_Material2
O=C([*])OC1=CC=C(C=C1)C(C)(C)C2=CC=C(C=C2)O[*],[*]C(F)(C(F)([*])F)F,,,,1.843232778098009,10.1016_j.polymdegradstab.2011.09.019_part_2.txt_¶Î1_Material1
[*]CC(CC=CCC([*])C1=CC=CC=C1)C#N,C12=CC3=CC4=CC=CN=C4N=C3N=C1N=C5N=C6N=CC=CC6=CC5=C2,,,,1.6538875580709775,10.1088_1757-899x_932_1_012102_part_1.txt_¶Î1_Material2
N#CC(C1=CC=CC=N1)C1=CC=CC=C1,[*]OC1C(C(OC(C1O)OC2C3C(C(OC2CO3)[*])O)CO)O,OCC(O)CO,,,1.390935107103379,10.1016_j.jfoodeng.2011.06.008_part_1.txt_¶Î1_Material1
[*]CC[*],O=C([*])C1=CC=C2C=C(C=CC2=C1)OC(C3=CC=C(C=C3)O[*])=O,,,,1.631950826259217,10.1016_j.matdes.2009.09.036_part_2.txt_¶Î1_Material2
[*]OCC[*],O=C([*])CCCCCN[*],,,,0.9637878273455552,10.1016_j.jechem.2020.06.035_part_3.txt_¶Î1_Material1
[*]C(N(CN(C(OCOC(N(CN(C(OCCO[*])=O)[H])[H])=O)=O)[H])[H])=O,[C],,,,1.310480891462675,10.1088_1757-899x_547_1_012057_part_1.txt_¶Î1_Material1
[*]CC(C#N)[*],[Ag+],,,,0.7664128471123994,10.1021_acs.macromol.0c01716_part_2.txt_¶Î1_Material1
[*]C([H])([H])C(O)([H])[*],[*]OC1C(C(OC(C1O)OC2C3C(C(OC2CO3)[*])O)CO)O,,,,1.1205739312058498,10.1007_s10126-010-9341-8_part_1.txt_¶Î1_Material1
C=C([CH3])C(=O)O[CH3],[*]CCCC([*])OC(C)=O,O=[Si]=O,,,1.4548448600085102,10.1002_masy.201600031_part_1.txt_¶Î1_Material1
[*]C(N(CN(C(OCOC(N(CN(C(OCCO[*])=O)[H])[H])=O)=O)[H])[H])=O,NC1=NC2=C(N=CN2C2O[C@H](COP(=O)(O)OP(=O)(O)O)[C@H](O)[C@@H]2O)C(=O)N1,,,,1.100370545117563,10.1007_s10853-020-05137-w_part_2.txt_¶Î1_Material3
[*]NC(C(O)=O)CCC([*])=O,[H]O[H],,,,1.0382226383687183,10.1016_j.polymertesting.2020.106338_part_2.txt_¶Î1_Material1
O=C([*])CCCCCN[*],[*]CC(CC(C#N)[*])C1=CC=CC=C1,[*]CC(CCCC(CC)CC([*])C1=CC=CC=C1)C2=CC=CC=C2,,,1.790988475088816,10.1002_app.41969_part_2.txt_¶Î1_Material1
[*]C([H])([H])C(O)([H])[*],[*]NC1=CC=C([*])C=C1,,,,1.759290033024304,10.1515_secm-2016-0329_part_2.txt_¶Î1_Material1
O=C([*])CCCCCN[*],[*]CC(CCCC(CC)CC([*])C1=CC=CC=C1)C2=CC=CC=C2,,,,1.6148972160331343,10.4028_www.scientific.net_amr.275.229_part_1.txt_¶Î1_Material1
[*]CC[*],[*]CC[*],[*]OCC[*],,,1.4771212547196624,10.1515_polyeng-2012-0142_part_1.txt_¶Î1_Material2
[*]C(NC1=C(C)C(NC(OCCO[*])=O)=CC=C1)=O,CC(C(=O)O)(CO)CO,,,,0.9590413923210936,10.1002_app.33007_part_2.txt_¶Î1_Material1
[*]C(CCCCCO[*])=O,[Ag+],,,,1.089905111439398,10.1016_j.carbon.2011.02.004_part_1.txt_¶Î1_Material3
[*]CC([*])N1CCCC1=O,[*]OCC[*],,,,1,10.1002_polb.23065_part_3.txt_¶Î1_Material1
[*]C(C)C[*],[*]C(C)C[*],CCCCCCCCCCCCOS([O-])(=O)=O.[Na+],,,1.5717088318086876,10.1002_polb.23695_part_3.txt_¶Î1_Material1
[*]C1C(OC(C(C1O)O)OC2C(OC(C(C2O)O)O[*])CO)CO,O=C(O[Na])COCC(OC(C(C1O)O)[*])C1OC(C(C(C2O[*])O)O)OC2COCC(O[Na])=O,OCC(O)CO,,,1.513217600067939,10.1016_j.carbpol.2020.116521_part_1.txt_¶Î1_Material4
[*]C(CCCCCO[*])=O,O=C(C1=CC=C(C=C1)C(OCC[*])=O)O[*],,,,0.7075701760979364,10.1007_s00289-020-03473-0_part_5.txt_¶Î1_Material1
O=C(C1=CC=C2C=C(C=CC2=C1)C([*])=O)OCCO[*],O=[Si]=O,[*]C/C=C/CCC([*])C#N,OC1=C(C=CC=C1CC2=CC=CC([*])=C2O)CC3=CC=CC([*])=C3O,,1.82020145948564,10.1016_j.polymertesting.2013.10.003_part_2.txt_¶Î1_Material1
[*]CC[*],[*]C1=C(O)C(C(C)(C)C)=C(O)C(C)=C1SS[*],[S],OC1=C2C(C3(O)C4C5C6=C7C8C(C9=CC(C(O)=O)=C(C=C(C=C%10C(O)=O)C%11%12)C(C%11=C%13C%14C%15%16C%17(O%16)C%18C%19=C%20C%21=C%22C(C(O)=C%23)=C%24C%25C%21=C%26C%19=C%27C%17=C%28C%14(O)C%12=C%10C=C%28CC%27=CC%26=CC%25=C(C(O)=O)C=C%24)C9=C7C%13(O)C5=C%15C3=C%18C%29%30C%20(O%30)C%31C%22C%23=C%32)=CC(C(O)=O)=CC8=CC6=C(C(O)=O)C4=C2)=C%29C%33=C%31C%32=C(C(O)=O)C=C%331,,0.7604224834232121,10.1002_app.34293_part_2.txt_¶Î1_Material1
OCC(C(C(C1N)O)O[*])OC1OC2C(OC(C(C2O)N)[*])CO,O=C(C(C[*])[*])N,[Al+3],,,-0.585026652,10.1080_09205063.2021.1922170_part_2.txt_¶Î1_Material1
[*]C(C)C[*],[*]C(N(CN(C(OCOC(N(CN(C(OCCO[*])=O)[H])[H])=O)=O)[H])[H])=O,C12=CC3=CC4=CC=CN=C4N=C3N=C1N=C5N=C6N=CC=CC6=CC5=C2,O=[Si]=O,,1.4418521757732918,10.1007_s13726-019-00720-8_part_1.txt_¶Î1_Material3
[*]OCCCCOC(CCC([*])=O)=O,[*]CC(C1=CC=CC=C1)[*],O=[Ti]=O,,,1.2787536009528289,10.1016_j.eurpolymj.2013.11.002_part_2.txt_¶Î1_Material1
O=C(C1=CC=C(C=C1)C(OCC[*])=O)O[*],OCC1OC(C(C(C1[*])O)O)OC2C(C(C(OC2CO)O[*])O)O,COC1=CC(/C=C/C=O)=CC(OC2=CC(C(C(OC3=CC=C(C=C3OC)C(C(CO)=O)O)CO)O)=CC=C2OC4=CC(C(C(COC5=CC=C(C=C5)C(C(CO)=O)O)=O)O)=CC=C4O)=C1,,,1.212187604403958,10.1007_s10570-018-02234-7_part_3.txt_¶Î1_Material1
[*]CC[*],[*]CCCC(C1C([*])C2CC1C/C2=C/C)C,OC1=C2C(C3(O)C4C5C6=C7C8C(C9=CC(C(O)=O)=C(C=C(C=C%10C(O)=O)C%11%12)C(C%11=C%13C%14C%15%16C%17(O%16)C%18C%19=C%20C%21=C%22C(C(O)=C%23)=C%24C%25C%21=C%26C%19=C%27C%17=C%28C%14(O)C%12=C%10C=C%28CC%27=CC%26=CC%25=C(C(O)=O)C=C%24)C9=C7C%13(O)C5=C%15C3=C%18C%29%30C%20(O%30)C%31C%22C%23=C%32)=CC(C(O)=O)=CC8=CC6=C(C(O)=O)C4=C2)=C%29C%33=C%31C%32=C(C(O)=O)C=C%331,,,0.890979596989689,10.1177_0095244310379175_part_3.txt_¶Î1_Material4
OCC1OC(C(C(C1O)O[*])O)OC2C(C(C(OC2COS(=O)(O)=O)[*])NC(C)=O)O,[*]C1C(C(C(OC1C(O[Na])=O)OC2C(C(O[Na])=O)OC(O[*])C(O)C2O)O)O,OC[C@@H]([C@H]([C@@H]([C@@H](CO)O)O)O)O,,,1.0253058652647702,10.1002_app.44680_part_1.txt_¶Î1_Material1
O=C([*])CCCCCCCCCCC(NCCCCCCCCCCN[*])=O,C12=C3C(C=CC4C3=C5C(CC6=CC7=C8C9=C(C(C=C%10)=CC=C9C=C7)C%11=C%10C%12)=CC4)=CC=C1C=C%12C%13=C%11C8=C6C5=C2%13,,,,1.6020599913279625,10.1515_adms-2017-0013_part_1.txt_¶Î1_Material1
[*]OC1C(C(OC(C1O)OC2C3C(C(OC2CO3)[*])O)CO)O,O=C(C(C[*])[*])N,[Na+].[Cl-],,,-0.397940009,10.1016_j.carbpol.2019.01.094_part_1.txt_¶Î1_Material1
O=C([*])OC1=CC=C(C=C1)C(C)(C)C2=CC=C(C=C2)O[*],C=C([CH3])C(=O)O[CH3],OC1=C2C(C3(O)C4C5C6=C7C8C(C9=CC(C(O)=O)=C(C=C(C=C%10C(O)=O)C%11%12)C(C%11=C%13C%14C%15%16C%17(O%16)C%18C%19=C%20C%21=C%22C(C(O)=C%23)=C%24C%25C%21=C%26C%19=C%27C%17=C%28C%14(O)C%12=C%10C=C%28CC%27=CC%26=CC%25=C(C(O)=O)C=C%24)C9=C7C%13(O)C5=C%15C3=C%18C%29%30C%20(O%30)C%31C%22C%23=C%32)=CC(C(O)=O)=CC8=CC6=C(C(O)=O)C4=C2)=C%29C%33=C%31C%32=C(C(O)=O)C=C%331,,,1.6954816764901974,10.1016_j.cap.2017.05.007_part_6.txt_¶Î1_Material1
[*]CC(C1=CC=CC=C1)[*],OCC(C(C(C1N)O)O[*])OC1OC2C(OC(C(C2O)N)[*])CO,,,,1.4393326938302626,10.1002_pen.25273_part_1.txt_¶Î1_Material1
[*]CC([*])Cl,[*]NC(C1=CC=C2C(C(N(C2=O)C3=CC=C(C=C3)CC4=CC=C([*])C=C4)=O)=C1)=O,,,,1.639486489268586,10.1016_j.porgcoat.2018.05.013_part_1.txt_¶Î1_Material1
OP(O)(O)=O,O=C(O[*])CCCCCCCCCCN[*],,,,1.380211241711606,10.4186_ej.2021.25.2.295_OA_part_2.txt_¶Î1_Material1
[*]C(C)C[*],[*]CC(C1=CC=CC=C1)[*],,,,1.3747483460101038,10.1177_0892705718797153_part_2.txt_¶Î1_Material1
[*]C/C=C/CCC(C=C)CC([*])C1=CC=CC=C1,C12=C3C(C=CC4C3=C5C(CC6=CC7=C8C9=C(C(C=C%10)=CC=C9C=C7)C%11=C%10C%12)=CC4)=CC=C1C=C%12C%13=C%11C8=C6C5=C2%13,,,,0.9030899869919436,10.1002_app.46939_part_2.txt_¶Î1_Material1
[*]CC[*],C[Si](C)(C[*])O[*],[*]CC(C#N)[*],,,1.6998377258672457,10.1021_acs.iecr.5b01236_part_1.txt_¶Î1_Material1
[*]NC(C1=CC=C2C(C(N(C2=O)C3=CC=C(C=C3)CC4=CC=C([*])C=C4)=O)=C1)=O,[*]C(F)(C(F)([*])F)F,,,,1.9175055095525464,10.1515_polyeng-2011-0156_part_1.txt_¶Î1_Material2
O=C(C1=CC=C(C=C1)C(OCC[*])=O)O[*],[*]CC(CCOCC[*])C,,,,1.0519239160461065,10.1002_app.46344_part_2.txt_¶Î1_Material1
[*]NC(C(N1CCCC1C(NCC(N2CC(CC2C(NC(C(NCC([*])=O)=O)CO)=O)O)=O)=O)=O)CCCCN,[Ag+],,,,1.6190933306267428,10.1016_j.foodhyd.2013.08.011_part_4.txt_¶Î1_Material1
OP(O)(O)=O,[*]C(C=C1)=CC=C1S[*],O=C=NCCCCCCN=C=O,,,1.6963563887333322,10.1002_pat.1530_part_1.txt_¶Î1_Material1
[*]C([H])([H])C(O)([H])[*],OCC(C(C(C1N)O)O[*])OC1OC2C(OC(C(C2O)N)[*])CO,[Mg],,,1.3673559210260189,10.3390_polym11122093_part_3.txt_¶Î1_Material1
[*]C(C)C[*],[*]CCCC(C1C([*])C2CC1C/C2=C/C)C,O=[Si]=O,,,1.1760912590556811,10.1177_0021998320948125_part_1.txt_¶Î1_Material1
[*]CC[*],OCC(C(C(C1N)O)O[*])OC1OC2C(OC(C(C2O)N)[*])CO,,,,1.141763230275788,10.1515_polyeng-2015-0350_part_2.txt_¶Î1_Material2
[*]C(NC1=C(C)C(NC(OCCO[*])=O)=CC=C1)=O,O=[Si]=O.[Ca]=O,,,,1.6304278750250238,10.1016_j.conbuildmat.2013.09.035_part_1.txt_¶Î1_Material1
[*]C1C(OC(C(C1O)O)OC2C(OC(C(C2O)O)O[*])CO)CO,O=[Si]=O,,,,1.631443769013172,10.1016_j.indcrop.2021.113525_part_2.txt_¶Î1_Material1
N#CC(C1=CC=CC=N1)C1=CC=CC=C1,[*]NC(C(N1CCCC1C(NCC(N2CC(CC2C(NC(C(NCC([*])=O)=O)CO)=O)O)=O)=O)=O)CCCCN,CCN=C=NCCCN(C)C,,,0.8864907251724818,10.1002_jbm.b.33459_part_2.txt_¶Î1_Material1
[*]C([C@H](C)OC([C@H](C)O[*])=O)=O,[*]OCCCCOC(CCC([*])=O)=O,O=[Mg].O=[Si]=O.O=[Si]=O.O=[Si]=O.O=[Si]=O.O=[Mg].O=[Mg].O,,,1.3747483460101038,10.1002_app.44777_part_2.txt_¶Î1_Material1
[*]O[C@H](C)CC([*])=O,OCC(C(C(C1N)O)O[*])OC1OC2C(OC(C(C2O)N)[*])CO,[*]NCC(NC(C(ONCC(NC(C(NCC(NC(C([*])=O)C)=O)=O)C)=O)=O)CO)=O,,,1.6691308473733326,10.1016_j.ijbiomac.2019.03.227_part_2.txt_¶Î1_Material2
[*]CC(COC1=CC=C(C=C1)C(C)(C)C2=CC=C(C=C2)O[*])O,[Mg+2].[OH-].[OH-],,,,1.6290016192869918,10.1002_app.47398_part_1.txt_¶Î1_Material4
[*]NC(C)C(N1CCCC1C([*])=O)=O,OCC(C(C(C1N)O)O[*])OC1OC2C(OC(C(C2O)N)[*])CO,,,,1.0170333392987805,10.1111_jfbc.12214_part_1.txt_¶Î1_Material4
[*]CC(COC1=CC=C(C=C1)C(C)(C)C2=CC=C(C=C2)O[*])O,C[N+](CCO)(CCO)[3H],,,,1.5440680443502757,10.1016_j.compscitech.2015.07.014_part_1.txt_¶Î1_Material1
O=C(C1=CC=C(C=C1)C(OCC[*])=O)O[*],OP(O)(O)=O,O=[Ti]=O,[Zn]=O,,1.6532125137753435,10.1016_j.egypro.2014.07.137_part_1.txt_¶Î1_Material1
[*]OCCOC(CC(C([*])=O)C(C1CCCCC1)CC(CC(O)=O)C(OCCO)=O)=O,CC1(CC(CC(C)(C1)C)N=C=O)CN=C=O,,,,1.747800090864369,10.1088_2053-1591_ab4380_part_1.txt_¶Î1_Material1
O=C([*])C1=CC=C(C=C1)OC2=CC=C(C=C2)OC3=CC=C(C=C3)[*],[*]CC(C#N)[*],,,,1.2810333672477277,10.1021_am5047125_part_3.txt_¶Î1_Material1
O=C(O[*])CCCCCCCCCCN[*],[*]OC1=C(C([*])=CC=C1C)C,O=[Si]=O,,,1.6720978579357175,10.14314_polimery.2021.7.3_OA_part_1.txt_¶Î1_Material1
CNC(CNC(CN)=O)=O,OCC(C(C(C1N)O)O[*])OC1OC2C(OC(C(C2O)N)[*])CO,[*]C1C(C(C(OC1C(O[Na])=O)OC2C(C(O[Na])=O)OC(O[*])C(O)C2O)O)O,[*]OCC[*],,1.371806458507416,10.1007_s12034-012-0404-5_part_1.txt_¶Î1_Material1
O=C(C1=CC=C(C([*])=O)C=C1)NC2=CCC(N[*])C=C2,[*]OC1OC(CO)C(OC2C(O)C(O)C([*])C(CO)O2)C(O)C1O,,,,1.6588695922019625,10.1016_j.matpr.2017.11.384_part_2.txt_¶Î1_Material1
O=C([*])OC1=CC=C(C=C1)C(C)(C)C2=CC=C(C=C2)O[*],C[Si](C)(C[*])O[*],,,,1.812913356642856,10.1299_transjsme.2014smm0149_part_1.txt_¶Î1_Material1
[*]NCC(NC(C(ONCC(NC(C(NCC(NC(C([*])=O)C)=O)=O)C)=O)=O)CO)=O,[*]CC(COC1=CC=C(C=C1)C(C)(C)C2=CC=C(C=C2)O[*])O,,,,1.7853298350107671,10.1021_acs.biomac.9b00260_part_4.txt_¶Î1_Material1
[*]CC(C1=CC=CC=C1)C/C=C/C[*],[*]CC(C1=CC=CC=C1)C/C=C/C[*],OC1=C2C(C3(O)C4C5C6=C7C8C(C9=CC(C(O)=O)=C(C=C(C=C%10C(O)=O)C%11%12)C(C%11=C%13C%14C%15%16C%17(O%16)C%18C%19=C%20C%21=C%22C(C(O)=C%23)=C%24C%25C%21=C%26C%19=C%27C%17=C%28C%14(O)C%12=C%10C=C%28CC%27=CC%26=CC%25=C(C(O)=O)C=C%24)C9=C7C%13(O)C5=C%15C3=C%18C%29%30C%20(O%30)C%31C%22C%23=C%32)=CC(C(O)=O)=CC8=CC6=C(C(O)=O)C4=C2)=C%29C%33=C%31C%32=C(C(O)=O)C=C%331,,,0.8169038393756602,10.1002_app.46568_part_2.txt_¶Î1_Material1
[*]NC(C(N1CCCC1C(NCC(N2CC(CC2C(NC(C(NCC([*])=O)=O)CO)=O)O)=O)=O)=O)CCCCN,[*]OC1C(C(OC(C1O)OC2C3C(C(OC2CO3)[*])O)CO)O,OCC(O)CO,CCO,,1.000867721531227,10.4028_www.scientific.net_amm.364.804_part_1.txt_¶Î1_Material1
[*]C(C)C[*],[*]CC(COC1=CC=C(C=C1)C(C)(C)C2=CC=C(C=C2)O[*])O,O=[Si]=O,,,2.290034611362518,10.1002_pc.20967_part_1.txt_¶Î1_Material1
[*]C(CCCCCO[*])=O,[Mg],,,,1.0086001717619175,10.1016_j.spmi.2014.07.011_part_3.txt_¶Î1_Material1
[*]C(CCCCC(OCCCCO[*])=O)=O,CC1(CC(CC(C)(C1)C)N=C=O)CN=C=O,,,,1.2253092817258628,10.1002_app.51453_part_1.txt_¶Î1_Material1
[*]C(CCCCCO[*])=O,[*]C(CCCCCO[*])=O,[*]NC(C(N1CCCC1C(NCC(N2CC(CC2C(NC(C(NCC([*])=O)=O)CO)=O)O)=O)=O)=O)CCCCN,OCC(C(C(C1N)O)O[*])OC1OC2C(OC(C(C2O)N)[*])CO,,0.255272505103306,10.1016_j.actbio.2012.10.032_part_2.txt_¶Î1_Material1
[*]OC1=C(C([*])=CC=C1C)C,O=C([*])CCCCCN[*],[*]CC(CCCC(CC)CC([*])C1=CC=CC=C1)C2=CC=CC=C2,[*]C(C1=CC=CC=C1)CC2C(OC(C2[*])=O)=O,,1.5118833609788744,10.1179_174328910x12777566997414_part_1.txt_¶Î1_Material1
OCC(C(C(C1N)O)O[*])OC1OC2C(OC(C(C2O)N)[*])CO,[*]NC(C(N1CCCC1C(NCC(N2CC(CC2C(NC(C(NCC([*])=O)=O)CO)=O)O)=O)=O)=O)CCCCN,,,,1.5624118329497274,10.1007_s10924-021-02239-7_part_3.txt_¶Î1_Material1
O=C([*])CCCCCN[*],C12[Si]34C15C3C425,,,,1.895422546039408,10.1515_polyeng-2015-0441_part_1.txt_¶Î1_Material2
OCC(C(C(C1N)O)O[*])OC1OC2C(OC(C(C2O)N)[*])CO,[*]C/C=C/CCC(C=C)CC([*])C1=CC=CC=C1,,,,1.3979400086720375,10.1007_s00289-018-2273-6_part_3.txt_¶Î1_Material1
O=C([*])C1=CC=C2C=C(C=CC2=C1)OC(C3=CC=C(C=C3)O[*])=O,,,,,2.104350519242735,10.1002_pc.26151_part_1.txt_¶Î1_Material1
OS(C(F)(F)C(F)(F)OC(C(F)(F)O/C(F)=C(F)\F)(C(F)(F)F)F)(=O)=O.F/C(F)=C(F)/F,[*]C1=C(C=CN2)C2=C([*])C(O)=C1O,,,,1.1804126328383238,10.1021_acsaem.9b02417_part_2.txt_¶Î1_Material1
O=C([*])C(C)O[*],[*]OC(CC(OC(CC([*])=O)CC)=O)C,OP(O)(O)=O,,,1.734799829588847,10.1021_am3004522_part_1.txt_¶Î1_Material1
[*]C(C)C[*],COC1=CC(/C=C/C=O)=CC(OC2=CC(C(C(OC3=CC=C(C=C3OC)C(C(CO)=O)O)CO)O)=CC=C2OC4=CC(C(C(COC5=CC=C(C=C5)C(C(CO)=O)O)=O)O)=CC=C4O)=C1,,,,1.2430380486862944,10.1002_pc.21087_part_1.txt_¶Î1_Material1
[*]CC[*],[*]CC[*],[*]C(CCCCCO[*])=O,,,1.0644579892269184,10.1002_app.50374_part_3.txt_¶Î1_Material1
OC1=C2C(C3(O)C4C5C6=C7C8C(C9=CC(C(O)=O)=C(C=C(C=C%10C(O)=O)C%11%12)C(C%11=C%13C%14C%15%16C%17(O%16)C%18C%19=C%20C%21=C%22C(C(O)=C%23)=C%24C%25C%21=C%26C%19=C%27C%17=C%28C%14(O)C%12=C%10C=C%28CC%27=CC%26=CC%25=C(C(O)=O)C=C%24)C9=C7C%13(O)C5=C%15C3=C%18C%29%30C%20(O%30)C%31C%22C%23=C%32)=CC(C(O)=O)=CC8=CC6=C(C(O)=O)C4=C2)=C%29C%33=C%31C%32=C(C(O)=O)C=C%331,OCC1OC(C(C(C1[*])O)O)OC2C(C(C(OC2CO)O[*])O)O,Cl[Ca]Cl,,,2.071882007306125,10.1039_c8tc03151g_part_2.txt_¶Î1_Material1
[*]C(C)C[*],[*]C(C)C[*],[*]C1C(OC(C(C1O)O)OC2C(OC(C(C2O)O)O[*])CO)CO,,,1.507855871695831,10.1002_app.34514_part_1.txt_¶Î1_Material1
[*]O[C@H](C)CC([*])=O,[*]C(CCCCCO[*])=O,[Mg],,,1.4507108781469191,10.1155_2014_572726_part_1.txt_¶Î1_Material1
[*]CCCC([*])OC(C)=O,[*]CC([*])Cl,,,,0.9030899869919436,10.1002_adv.21467_part_2.txt_¶Î1_Material1
[*]OC1=C(C([*])=CC=C1C)C,O=C(O[*])CCCCCCCCCCN[*],,,,1.57978359661681,10.7569_jrm.2018.634114_part_2.txt_¶Î1_Material3
[*]C(N(CN(C(OCOC(N(CN(C(OCCO[*])=O)[H])[H])=O)=O)[H])[H])=O,CC1=CC(O)=C(C=C1CCCC(C2=C(C=C(C(C(C)(C)C)=C2)O)C)C3=CC(C(C)(C)C)=C(C=C3C)O)C(C)(C)C,,,,1.011570443597278,10.1002_vnl.21311_part_1.txt_¶Î1_Material1
[*]C(CCCCCO[*])=O,O=[Si]=O,,,,0.255272505103306,10.1016_j.msec.2014.04.024_part_1.txt_¶Î1_Material1
[*]NC(C(N1CCCC1C(NCC(N2CC(CC2C(NC(C(NCC([*])=O)=O)CO)=O)O)=O)=O)=O)CCCCN,OCC(O)CO,[H]O[H],,,1.478999131673357,10.1016_j.fbp.2020.04.006_part_2.txt_¶Î1_Material1
[*]C([H])([H])C(O)([H])[*],O=C(C(C[*])[*])N,OCC1OC(C(C(C1[*])O)O)OC2C(C(C(OC2CO)O[*])O)O,,,-0.086186148,10.1039_c8nj02132e_part_1.txt_¶Î1_Material1
[*]CC[*],N#CC(C1=CC=CC=N1)C1=CC=CC=C1,,,,1.294466226161593,10.1002_vnl.20262_part_1.txt_¶Î1_Material1
[*]C([H])([H])C(O)([H])[*],OCC1OC(C(C(C1[*])O)O)OC2C(C(C(OC2CO)O[*])O)O,OC[C@@H]([C@H]([C@@H]([C@@H](CO)O)O)O)O,,,1.4084095784684296,10.3390_coatings11020219_part_1.txt_¶Î1_Material1
[*]C(C)C[*],[*]C(NC1=C(C)C(NC(OCCO[*])=O)=CC=C1)=O,[*]CCCCOCCCCOCCCCOCCCCO[*],,,1.3010299956639813,10.1021_acs.macromol.0c00159_part_2.txt_¶Î1_Material1
[*]CC(OC(O[*])=O)C,[*]C([H])([H])C(O)([H])[*],[*]C(N(CN(C(OCOC(N(CN(C(OCCO[*])=O)[H])[H])=O)=O)[H])[H])=O,,,1.414973347970818,10.1007_s10965-016-0970-0_part_1.txt_¶Î1_Material1
[*]OCCCCOC(CCC([*])=O)=O,[*]C(CCCCCO[*])=O,,,,0.8325089127062363,10.1007_s00289-016-1833-x_part_2.txt_¶Î1_Material1
O=C([*])CCCCCN[*],[*]CC(CC=CCC([*])C1=CC=CC=C1)C#N,,,,1.6665179805548809,10.1016_j.matdes.2011.08.028_part_2.txt_¶Î1_Material2
[*]CC[*],[*]C1=CC(C2=NC3=CC(C4=CC=C5N=C([*])NC5=C4)=CC=C3N2)=CC=C1,,,,1.4756711883244296,10.1002_pc.23148_part_1.txt_¶Î1_Material1
O=C(C1=CC=C(C=C1)C(OCC[*])=O)O[*],[*]C(C)C[*],,,,1.568201724066995,10.1007_s00289-016-1748-6_part_3.txt_¶Î1_Material1
[*]CC(C#N)[*],[*]CC(C#N)[*],O=[Ti]=O,,,1.7849024498866548,10.1177_0021998316687028_part_2.txt_¶Î1_Material1
O=C([*])C(C)O[*],[*]NC(C(N1CCCC1C(NCC(N2CC(CC2C(NC(C(NCC([*])=O)=O)CO)=O)O)=O)=O)=O)CCCCN,OCC(O)CO,,,1.3979400086720375,10.1016_j.ijbiomac.2016.08.034_part_1.txt_¶Î1_Material1
O=C([*])C(C)O[*],[Mg],,,,1.9294189257142929,10.1016_j.compstruct.2020.112322_part_2.txt_¶Î1_Material1
O=C([*])C(C)O[*],[*]C1C(OC(C(C1O)O)OC2C(OC(C(C2O)O)O[*])CO)CO,C[N+](CCO)(CCO)[3H],,,1.5314789170422551,10.1007_s10973-012-2776-6_part_1.txt_¶Î1_Material1
[*]C([H])([H])C(O)([H])[*],[O-][Si]([O-])([O-])O[Si]([O-])([O-])[O-].[Ca+2],O=[Si]=O,,,1.0762762554042176,10.4028_www.scientific.net_kem.673.83_part_2.txt_¶Î1_Material1
O=C(C(C[*])[*])N,[*]C1C(OC(C(C1O)O)OC2C(OC(C(C2O)O)O[*])CO)CO,O=[Si]=O,,,-1.22184875,10.1016_j.eurpolymj.2017.01.038_part_4.txt_¶Î1_Material1
[*]C1C(OC(C(C1O)O)OC2C(OC(C(C2O)O)O[*])CO)CO,[*]C(CCCCCO[*])=O,[*]C(CCCCCO[*])=O,,,1.2380461031287957,10.1002_star.201900239_part_1.txt_¶Î1_Material1
[*]C([H])([H])C(O)([H])[*],OCC(C(C(C1N)O)O[*])OC1OC2C(OC(C(C2O)N)[*])CO,OCC(O)CO,[*]OCC[*],,1.5943925503754266,10.1016_j.carbpol.2019.115784_part_4.txt_¶Î1_Material1
[*]CCCC(C(O)=O)[*],[*]CC[*],,,,1.271841606536499,10.1002_pen.25186_part_2.txt_¶Î1_Material1
[*]C(C)C[*],[*]OCCCOC(C1=CC=C(C([*])=O)C=C1)=O,C[N+](CCO)(CCO)[3H],,,1.4927603890268375,10.1080_00222348.2012.742816_part_2.txt_¶Î1_Material2
O=C([*])C(C)O[*],[*]CCCC([*])OC(C)=O,,,,1.505149978319906,10.1016_j.polymertesting.2016.11.003_part_2.txt_¶Î1_Material1
OCC(C(C(C1N)O)O[*])OC1OC2C(OC(C(C2O)N)[*])CO,[*]NCC(NC(C(ONCC(NC(C(NCC(NC(C([*])=O)C)=O)=O)C)=O)=O)CO)=O,,,,1.0128372247051722,10.3390_ijms11093529_part_1.txt_¶Î1_Material1
[H]N(C1=CC=C(C=C1)CC2=CC=C(C=C2)N(C(OCCO[*])=O)[H])C([*])=O,[*]CC[*],OC1=C2C(C3(O)C4C5C6=C7C8C(C9=CC(C(O)=O)=C(C=C(C=C%10C(O)=O)C%11%12)C(C%11=C%13C%14C%15%16C%17(O%16)C%18C%19=C%20C%21=C%22C(C(O)=C%23)=C%24C%25C%21=C%26C%19=C%27C%17=C%28C%14(O)C%12=C%10C=C%28CC%27=CC%26=CC%25=C(C(O)=O)C=C%24)C9=C7C%13(O)C5=C%15C3=C%18C%29%30C%20(O%30)C%31C%22C%23=C%32)=CC(C(O)=O)=CC8=CC6=C(C(O)=O)C4=C2)=C%29C%33=C%31C%32=C(C(O)=O)C=C%331,,,1.3944516808262162,10.1007_s12221-021-0890-4_part_1.txt_¶Î1_Material2
[*]C1C(OC(C(C1O)O)OC2C(OC(C(C2O)O)O[*])CO)CO,O=C([*])C(C)O[*],[*]OCCCCOC(CCC([*])=O)=O,,,1.110589710299249,10.3390_jcs5020048_part_2.txt_¶Î1_Material2
[*]C(C)C[*],C12=CC3=CC4=CC=CN=C4N=C3N=C1N=C5N=C6N=CC=CC6=CC5=C2,[*]C(C)C[*],,,1.3521825181113625,10.1177_0021998317710319_part_1.txt_¶Î1_Material1
C[Si](C)(C[*])O[*],[H]O[H],,,,-0.30980392,10.1002_app.50688_part_2.txt_¶Î1_Material1
[*]C(C1=CC=C(C(OCCCCO[*])=O)C=C1)=O,OC1=C2C(C3(O)C4C5C6=C7C8C(C9=CC(C(O)=O)=C(C=C(C=C%10C(O)=O)C%11%12)C(C%11=C%13C%14C%15%16C%17(O%16)C%18C%19=C%20C%21=C%22C(C(O)=C%23)=C%24C%25C%21=C%26C%19=C%27C%17=C%28C%14(O)C%12=C%10C=C%28CC%27=CC%26=CC%25=C(C(O)=O)C=C%24)C9=C7C%13(O)C5=C%15C3=C%18C%29%30C%20(O%30)C%31C%22C%23=C%32)=CC(C(O)=O)=CC8=CC6=C(C(O)=O)C4=C2)=C%29C%33=C%31C%32=C(C(O)=O)C=C%331,,,,1.7548068553544234,10.1002_app.49214_part_2.txt_¶Î1_Material1
[*]C(C1=CC=CC=C1)CC2C(OC(C2[*])=O)=O,,,,,1.230448921378274,10.1021_acs.macromol.1c00904_part_1.txt_¶Î1_Material1
O=C(O[Na])COCC1OC(OC2C(COCC(O[Na])=O)OC([*])C(O)C2O)C(O)C(O)C1O[*],OCC1OC(C(C(C1O[*])O)O)[*],,,,2.0170333392987803,10.1007_s10570-021-04009-z_part_3.txt_¶Î1_Material1
O=C([*])C1=CC=C(C=C1)OC2=CC=C(C=C2)OC3=CC=C(C=C3)[*],C12=CC3=CC4=CC=CN=C4N=C3N=C1N=C5N=C6N=CC=CC6=CC5=C2,,,,2.3010299956639813,10.1016_j.polymertesting.2020.106925_part_11.txt_¶Î1_Material2
[*]OCC[*],[*]OC1C(O)C(O)C(OC2C(CO)OC([*])C(O)C2O)OC1CO,,,,1.662757831681574,10.1007_s10570-017-1611-4_part_2.txt_¶Î1_Material1
O=C(C1=CC=C(C=C1)C(OCC[*])=O)O[*],[*]CC[*],[*]CC(CCCC(CC)CC([*])C1=CC=CC=C1)C2=CC=CC=C2,,,1.4712917110589383,10.1002_pat.1683_part_2.txt_¶Î1_Material1
O=C(C(C[*])[*])N,O=C(O)C([*])C[*],OC1=C2C(C3(O)C4C5C6=C7C8C(C9=CC(C(O)=O)=C(C=C(C=C%10C(O)=O)C%11%12)C(C%11=C%13C%14C%15%16C%17(O%16)C%18C%19=C%20C%21=C%22C(C(O)=C%23)=C%24C%25C%21=C%26C%19=C%27C%17=C%28C%14(O)C%12=C%10C=C%28CC%27=CC%26=CC%25=C(C(O)=O)C=C%24)C9=C7C%13(O)C5=C%15C3=C%18C%29%30C%20(O%30)C%31C%22C%23=C%32)=CC(C(O)=O)=CC8=CC6=C(C(O)=O)C4=C2)=C%29C%33=C%31C%32=C(C(O)=O)C=C%331,,,-0.065501549,10.1002_adv.21563_part_2.txt_¶Î1_Material1
[*]C(C)C[*],[O-]S(C1=CC=CC(O)=C1)(=O)=O.[Na+],,,,1.4404367661057738,10.1007_s00289-016-1753-9_part_4.txt_¶Î1_Material1
[*]OC1C(C(OC(C1O)OC2C3C(C(OC2CO3)[*])O)CO)O,O=[Al]O[Al]=O.O=[Si]=O.O=[Si]=O.O=[Si]=O,,,,1.1818435879447726,10.3390_polym11040675_part_8.txt_¶Î1_Material2
[*]OC1C(O)C(O)C(OC2C(OC(C(CO)O)=O)C(OC3C(O)C(O)C(OC4C(O)C(O)C(O[*])OC4CO)OC3C(O)=O)OC(CO)C2O)OC1C,[*]C(NC1=C(C)C(NC(OCCO[*])=O)=CC=C1)=O,OCC(O)CO,,,1.441695135640717,10.1016_j.foodhyd.2013.06.009_part_1.txt_¶Î1_Material1
O=C([*])C(C)O[*],[*]NC(C)C(N1CCCC1C([*])=O)=O,,,,1.779307827583586,10.1016_j.msec.2020.111418_part_1.txt_¶Î1_Material1
[*]CC[*],O=C(C1=CC=C(C([*])=O)C=C1)NC2=CCC(N[*])C=C2,,,,1.3453737305590885,10.1007_s10965-014-0439-y_part_2.txt_¶Î1_Material1
O=C(/C=C/C(OC(C)[*])=O)OC[*],O=P([O-])([O-])[O-].[Ca+2].[Ca+2].[OH-],,,,1.307496037913213,10.1016_j.msec.2014.02.031_part_2.txt_¶Î1_Material1
[*]NC(C(N1CCCC1C(NCC(N2CC(CC2C(NC(C(NCC([*])=O)=O)CO)=O)O)=O)=O)=O)CCCCN,OC1C(OC(C(C1O)O)[*])CO[*],,,,1.4104397862103466,10.1016_j.lwt.2020.109536_part_2.txt_¶Î1_Material1
[*]C([C@H](C)OC([C@H](C)O[*])=O)=O,[*]C(CCCCCO[*])=O,O=C([O-])[O-].[Ca+2],,,1.7781512503836436,10.1016_j.polymertesting.2013.02.008_part_1.txt_¶Î1_Material1
[*]NC(C(N1CCCC1C(NCC(N2CC(CC2C(NC(C(NCC([*])=O)=O)CO)=O)O)=O)=O)=O)CCCCN,CC1=CC2=C(C=C1C)N(C3=NC(NC(C3=N2)=O)=O)CC(C(C(CO)O)O)O,,,,1.5766868052009957,10.1111_jfpe.12536_part_2.txt_¶Î1_Material1
[*]OC1C(C(OC(C1O)OC2C3C(C(OC2CO3)[*])O)CO)O,OCC(C(C(C1N)O)O[*])OC1OC2C(OC(C(C2O)N)[*])CO,O[Si](O)(O[Si](O)(O)O)O.[Al].[Al].O,,,1.6838572054003464,10.1016_j.foodhyd.2019.105471_part_1.txt_¶Î1_Material1
C/C(C[*])=C/C[*],O=[Si]=O,,,,1.2833012287035497,10.1002_app.47560_part_2.txt_¶Î1_Material1
O=C([*])OC1=CC=C(C=C1)C(C)(C)C2=CC=C(C=C2)O[*],O=C(O)C([*])C[*],CC1=CC(O)=C(C=C1CCCC(C2=C(C=C(C(C(C)(C)C)=C2)O)C)C3=CC(C(C)(C)C)=C(C=C3C)O)C(C)(C)C,,,1.7993405494535817,10.1002_app.46529_part_1.txt_¶Î1_Material1
[*]OCCOC(CC(C([*])=O)C(C1CCCCC1)CC(CC(O)=O)C(OCCO)=O)=O,CCCCCC1OC1CC2OC2CCCCCCCC(OC(COC(CCCCCCCC3OC3CC4OC4CCCCC)=O)COC(CCCCCCCC5OC5CC6OC6CCCCC)=O)=O,,,,1.6989700043360187,10.1515_hf-2018-0160_part_1.txt_¶Î1_Material1
[*]OC(CC(OC(CC([*])=O)CC)=O)C,O=C([*])C(C)O[*],,,,1.5185139398778875,10.1002_mame.201100053_part_1.txt_¶Î1_Material1
[*]C([C@H](C)OC([C@H](C)O[*])=O)=O,O=[Mg].O=[Si]=O.O=[Si]=O.O=[Si]=O.O=[Si]=O.O=[Mg].O=[Mg].O,,,,1.848804701051804,10.1002_app.41454_part_2.txt_¶Î1_Material1
[*]O[C@@]([H])(C)C(O[C@](C)([H])C([*])=O)=O,OC1=C2C(C3(O)C4C5C6=C7C8C(C9=CC(C(O)=O)=C(C=C(C=C%10C(O)=O)C%11%12)C(C%11=C%13C%14C%15%16C%17(O%16)C%18C%19=C%20C%21=C%22C(C(O)=C%23)=C%24C%25C%21=C%26C%19=C%27C%17=C%28C%14(O)C%12=C%10C=C%28CC%27=CC%26=CC%25=C(C(O)=O)C=C%24)C9=C7C%13(O)C5=C%15C3=C%18C%29%30C%20(O%30)C%31C%22C%23=C%32)=CC(C(O)=O)=CC8=CC6=C(C(O)=O)C4=C2)=C%29C%33=C%31C%32=C(C(O)=O)C=C%331,,,,1.546542663478131,10.1002_app.45248_part_2.txt_¶Î1_Material2
[*]C(N(CN(C(OCOC(N(CN(C(OCCO[*])=O)[H])[H])=O)=O)[H])[H])=O,CCCCCCC1=C(SC([*])=C1)[*],,,,1.0681858617461617,10.1002_app.38397_part_2.txt_¶Î1_Material2
O=C(O)C([*])C[*],O=C(O[Na])COCC(OC(C(C1O)O)[*])C1OC(C(C(C2O[*])O)O)OC2COCC(O[Na])=O,[Fe+3],[Na+].[Cl-],,0.6454222693490919,10.1007_s10570-019-02797-z_part_1.txt_¶Î1_Material1
[*]C(C)C[*],[Zn]=O,O=[Si]=O,,,1.5289167002776547,10.1080_03602559.2011.578293_part_2.txt_¶Î1_Material3
[*]C(CCCCCO[*])=O,[*]C(CCCCCO[*])=O,C=C([CH3])C(=O)OC([CH3])[CH3],,,1.14921911265538,10.1002_pat.5367_part_2.txt_¶Î1_Material2
O=C([*])C1=CC=C(C=C1)OC2=CC=C(C=C2)OC3=CC=C(C=C3)[*],O=[Al]O[Al]=O,,,,1.403120521175818,10.1016_j.compstruct.2018.03.062_part_1.txt_¶Î1_Material2
[*]C(C)C[*],[*]OCC[*],OC1=C2C(C3(O)C4C5C6=C7C8C(C9=CC(C(O)=O)=C(C=C(C=C%10C(O)=O)C%11%12)C(C%11=C%13C%14C%15%16C%17(O%16)C%18C%19=C%20C%21=C%22C(C(O)=C%23)=C%24C%25C%21=C%26C%19=C%27C%17=C%28C%14(O)C%12=C%10C=C%28CC%27=CC%26=CC%25=C(C(O)=O)C=C%24)C9=C7C%13(O)C5=C%15C3=C%18C%29%30C%20(O%30)C%31C%22C%23=C%32)=CC(C(O)=O)=CC8=CC6=C(C(O)=O)C4=C2)=C%29C%33=C%31C%32=C(C(O)=O)C=C%331,,,1.3010299956639813,10.1021_acsami.6b05635_part_2.txt_¶Î1_Material1
O=C([*])C(C)O[*],[*]C(NC1=C(C)C(NC(OCCO[*])=O)=CC=C1)=O,CCCC[Sn](OC(CC(C)CCCCCCCC)=O)(OC(CCCCCCCCCCC)=O)CCCC,,,1.6532125137753435,10.1021_ie503092w_part_1.txt_¶Î1_Material1
O=C([*])C(C)O[*],[*]C(CCCCC(OCCCCO[*])=O)=O,O=C([*])C(C)O[*],,,1.7132384615456615,10.1134_s0965545x1703018x_part_2.txt_¶Î1_Material2
[*]CC[*],C=C([CH3])C(=O)O[CH3],COC(C(C[*])([*])C)=O,,,1.146128035678238,10.1021_ma302187b_part_1.txt_¶Î1_Material1
[*]C([H])([H])C(O)([H])[*],[Ag+],[Ag+],,,1.1238516409670858,10.1016_j.polymer.2020.122643_part_5.txt_¶Î1_Material1
O=C([*])CCCCCN[*],[*]C1OC(CCC)OC(C[*])C1,,,,1.3222192947339193,10.4028_www.scientific.net_msf.798-799.743_part_1.txt_¶Î1_Material1
CC(C)(C1=CC=C(C=C1)OCC(COC(C(C)=C)=O)O)C2=CC=C(C=C2)OCC(COC(C(C)=C)=O)O,[*]CC([*])N1CCCC1=O,,,,1,10.1016_j.rinp.2015.07.002_part_1.txt_¶Î1_Material1
O=C(C1=CC=C(C=C1)C(OCC[*])=O)O[*],[*]NCC(NC(C(ONCC(NC(C(NCC(NC(C([*])=O)C)=O)=O)C)=O)=O)CO)=O,[*]OC1OC(CO)C(OC2C(O)C(O)C([*])C(CO)O2)C(O)C1O,,,1.9204364065507584,10.1016_j.matdes.2013.03.048_part_1.txt_¶Î1_Material1
O=C(C(C[*])[*])N,O=[Si]=O,,,,-0.22184875,10.1155_2015_436583_part_2.txt_¶Î1_Material1
[*]C1C(C(C(OC1C(O[Na])=O)OC2C(C(O[Na])=O)OC(O[*])C(O)C2O)O)O,[Zn]=O,[*]OCC[*],,,1.4194600727860702,10.1088_1757-899x_833_1_012030_part_1.txt_¶Î1_Material1
COC(C(C[*])([*])C)=O,COC(C(C[*])([*])C)=O,O=[Si]=O,,,1.7611758131557314,10.1590_s1516-14392014005000114_part_1.txt_¶Î1_Material1
[*]C1C(OC(C(C1O)O)OC2C(OC(C(C2O)O)O[*])CO)CO,[*]CC[*],,,,1.2750808984568585,10.4028_www.scientific.net_kem.800.210_part_1.txt_¶Î1_Material1
[*]OC(CC(OC(CC([*])=O)CC)=O)C,[*]C(CCCCCO[*])=O,CCOC(=O)C(O)(CC(=O)OCC)CC(=O)OCC,OC1=C2C(C3(O)C4C5C6=C7C8C(C9=CC(C(O)=O)=C(C=C(C=C%10C(O)=O)C%11%12)C(C%11=C%13C%14C%15%16C%17(O%16)C%18C%19=C%20C%21=C%22C(C(O)=C%23)=C%24C%25C%21=C%26C%19=C%27C%17=C%28C%14(O)C%12=C%10C=C%28CC%27=CC%26=CC%25=C(C(O)=O)C=C%24)C9=C7C%13(O)C5=C%15C3=C%18C%29%30C%20(O%30)C%31C%22C%23=C%32)=CC(C(O)=O)=CC8=CC6=C(C(O)=O)C4=C2)=C%29C%33=C%31C%32=C(C(O)=O)C=C%331,,1.6020599913279625,10.1007_s10924-016-0795-2_part_1.txt_¶Î1_Material1
O=C([*])C(C)O[*],C/C(C[*])=C/C[*],C/C(C[*])=C/C[*],OCC1OC(C(C(C1[*])O)O)OC2C(C(C(OC2CO)O[*])O)O,,1.1139433523068367,10.1007_s10570-019-02262-x_part_3.txt_¶Î1_Material3
O=C([*])CCCCCN[*],FC(F)([*])C([H])([*])[H],,,,1.2329961103921538,10.3390_polym12071572_part_1.txt_¶Î1_Material1
[*]NCCCCCCCCCCCC([*])=O,[*]CC(C1=CC=CC=C1)[*],C/C(C[*])=C/C[*],,,1.6020599913279625,10.1002_adv.21352_part_2.txt_¶Î1_Material1
[*]C(NC1=C(C)C(NC(OCCO[*])=O)=CC=C1)=O,[*]C(CCCCCO[*])=O,[*]OC1C(C(O)=O)OC(OC2C(NC(C)=O)C([*])OC(CO)C2O)C(O)C1O,,,1.5359267413955693,10.1177_1045389x20932212_part_2.txt_¶Î1_Material1
[*]CC(COC1=CC=C(C=C1)C(C)(C)C2=CC=C(C=C2)O[*])O,[Zn]=O,[H][O-],,,1.5959369062691735,10.1016_j.matpr.2019.08.146_part_1.txt_¶Î1_Material1
O=C([*])C(C)O[*],[*]C(CCCCCO[*])=O,[Ag],,,1.6989700043360187,10.23880_fsnt-16000131_OA_part_1.txt_¶Î1_Material1
O=C([*])C(C)O[*],OP(O)(O)=O,[Ag],,,1.6989700043360187,10.23880_fsnt-16000131_OA_part_1.txt_¶Î1_Material2
[*]C([H])([H])C(O)([H])[*],[*]CC(C#N)[*],OS(=O)(OOS(O)(=O)=O)=O.N.N,,,1.6989700043360187,10.1016_j.electacta.2016.06.098_part_1.txt_¶Î1_Material1
[*]CC([*])Cl,[Ag],,,,1.2329961103921538,10.1080_00914037.2012.670821_part_1.txt_¶Î1_Material1
[*]C([H])([H])C(O)([H])[*],O=C([*])C(C)O[*],OCC1OC(C(C(C1[*])O)O)OC2C(C(C(OC2CO)O[*])O)O,OCC(O)CO,,1.6532125137753435,10.1016_j.reactfunctpolym.2021.105013_part_2.txt_¶Î1_Material1
[*]C1=C(C=CN2)C2=C([*])C(O)=C1O,[*]OCC[*],[Fe+3],,,0.9777236052888476,10.1021_acsami.8b02929_part_1.txt_¶Î1_Material1
[*]CCCC([*])OC(C)=O,O=[Al]O[Al]=O.O=[Si]=O.O=[Si]=O.O=[Si]=O,,,,1.2671717284030135,10.1016_j.radphyschem.2011.06.008_part_2.txt_¶Î1_Material2
O=C([*])CCCCCN[*],[*]C(C)C[*],C12=CC3=CC4=CC=CN=C4N=C3N=C1N=C5N=C6N=CC=CC6=CC5=C2,,,2.2380461031287955,10.3390_ma11030429_part_2.txt_¶Î1_Material1
N#CC(C1=CC=CC=N1)C1=CC=CC=C1,O=C(O)C([*])C[*],,,,1.0791812460476249,10.1016_j.polymdegradstab.2016.08.003_part_2.txt_¶Î1_Material1
[*]C(C)C[*],C(CC=O)CC=O,[*]C([H])([H])C(O)([H])[*],,,0.859738566197147,10.4028_www.scientific.net_msf.944.521_part_1.txt_¶Î1_Material3
[*]C(NC1=C(C)C(NC(OCCO[*])=O)=CC=C1)=O,C/C(C[*])=C/C[*],O=[Ti]=O,,,1.3010299956639813,10.3390_polym13010143_part_4.txt_¶Î1_Material1
O=C(C1=CC=C(C=C1)C(OCC[*])=O)O[*],O=C([*])C(C)O[*],,,,1.3010299956639813,10.1051_matecconf_201925302005_part_1.txt_¶Î1_Material1
O=C([*])C(C)O[*],[*]C(NC1=C(C)C(NC(OCCO[*])=O)=CC=C1)=O,OCC1OC(C(C(C1[*])O)O)OC2C(C(C(OC2CO)O[*])O)O,,,1.434568904034199,10.1007_s10570-019-02775-5_part_3.txt_¶Î1_Material1
OP(O)(O)=O,[*]C(NC1=C(C)C(NC(OCCO[*])=O)=CC=C1)=O,,,,1.3579348470004535,10.4028_www.scientific.net_amr.1015.381_part_1.txt_¶Î1_Material1
[*]C([H])([H])C(O)([H])[*],[Ca+2],[*]C1C(C(C(OC1C(O[Na])=O)OC2C(C(O[Na])=O)OC(O[*])C(O)C2O)O)O,,,1.4402792132355882,10.1016_j.wndm.2017.01.001_part_6.txt_¶Î1_Material1
OC1C(C(OC(C1O)OC2C(OC(C(C2O)O)OC3C(C(C(OC3C(OC)=O)OC4C(OC(C(C4O)O)[*])C(O)=O)O)O)C(OC)=O)C(O)=O)O[*],,,,,2.1367205671564067,10.1016_j.fbp.2019.09.010_part_2.txt_¶Î1_Material1
[*]C1C(OC(C(C1O)O)OC2C(OC(C(C2O)O)O[*])CO)CO,[*]C1C(C(C(OC1C(O[Na])=O)OC2C(C(O[Na])=O)OC(O[*])C(O)C2O)O)O,[*]C([H])([H])C(O)([H])[*],,,1.1658376246901283,10.1002_star.201400119_part_1.txt_¶Î1_Material1
[*]C([H])([H])C(O)([H])[*],CCCCCCCCCCCCCCCC[N+](C)(C)C.[Br-],,,,1.4533183400470375,10.1177_0731684418761224_part_2.txt_¶Î1_Material1
O=C([*])OC1=CC=C(C=C1)C(C)(C)C2=CC=C(C=C2)O[*],OCC1OC(C(C(C1[*])O)O)OC2C(C(C(OC2CO)O[*])O)O,,,,1.4471580313422192,10.1155_2012_381342_part_1.txt_¶Î1_Material1
[*]NC(C)C(N1CCCC1C([*])=O)=O,[*]C([H])([H])C(O)([H])[*],OCC(C(C(C1N)O)O[*])OC1OC2C(OC(C(C2O)N)[*])CO,,,1.1205739312058498,10.1007_s12221-019-9341-x_part_2.txt_¶Î1_Material1
[*]CCCC([*])OC(C)=O,[*]C/C=C/CCC([*])C#N,,,,1.1448854182871424,10.1016_j.polymertesting.2017.03.002_part_1.txt_¶Î1_Material1
O=C(C1=CC=C(C=C1)C(OCC[*])=O)O[*],[*]CC[*],O=[Al]O[Al]=O.O=[Si]=O.O=[Si]=O.O=[Si]=O,,,1.3961993470957363,10.1515_polyeng-2013-0107_part_2.txt_¶Î1_Material1
[*]C1C(C(C(OC1C(O[Na])=O)OC2C(C(O[Na])=O)OC(O[*])C(O)C2O)O)O,[*]OCC[*],C=C([CH3])C(=O)OC([CH3])[CH3],,,1.7676010680503356,10.1007_s42452-020-2936-4_part_2.txt_¶Î1_Material1
[*]CC(CC=CCC([*])C1=CC=CC=C1)C#N,[*]CC([*])Cl,,,,1.4941545940184429,10.1016_j.polymer.2020.122198_part_3.txt_¶Î1_Material1
[*]NC(C(N1CCCC1C(NCC(N2CC(CC2C(NC(C(NCC([*])=O)=O)CO)=O)O)=O)=O)=O)CCCCN,[*]OCC[*],CC(C(=O)O)(CO)CO,,,1.5236164190543708,10.1016_j.matchemphys.2013.11.052_part_1.txt_¶Î1_Material1
[*]NCC(NC(C(ONCC(NC(C(NCC(NC(C([*])=O)C)=O)=O)C)=O)=O)CO)=O,[*]C([H])([H])C(O)([H])[*],OC(CO)CO,,,1.6557145496187098,10.5539_ijc.v2n1p174_part_1.txt_¶Î1_Material1
O=C([*])C(C)O[*],[*]C(CCCCCO[*])=O,O1C(=O)C=CC1=O,,,1.5440680443502757,10.1016_j.compstruct.2017.01.071_part_3.txt_¶Î1_Material1
[*]C/C=C/CCC(C=C)CC([*])C1=CC=CC=C1,[*]CCCC([*])OC(C)=O,[*]CC(C1=CC=CC=C1)[*],[*]CC(C1=CC=CC=C1)C/C=C/C[*],,0.9242792860618816,10.1080_00222341003609468_part_2.txt_¶Î1_Material1
CC(COC(C(CC(C(C(C(OC(C)C)=O)C1=CC=CC=C1)C(OCC(OC(C2=CC=CC=C2C(O)=O)=O)C)=O)C3=CC=CC=C3)C(C(OC(C)C[*])=O)C4=CC=CC=C4)=O)OC(C5=CC=CC=C5C(O[*])=O)=O,OCC1OC(C(C(C1[*])O)O)OC2C(C(C(OC2CO)O[*])O)O,,,,1.81690383937566,10.3390_polym13111878_part_2.txt_¶Î1_Material1
C/C(C[*])=C/C[*],[*]OC1OC(CO)C(OC2C(O)C(O)C([*])C(CO)O2)C(O)C1O,,,,1.3117538610557542,10.1590_1980-5373-mr-2019-0192_part_1.txt_¶Î1_Material4
O=C(C(C[*])[*])N,OC1C(C(OC(C1O)OC2C(OC(C(C2O)O)OC3C(C(C(OC3C(OC)=O)OC4C(OC(C(C4O)O)[*])C(O)=O)O)O)C(OC)=O)C(O)=O)O[*],,,,-0.045757491,10.1039_c7sm02005h_part_2.txt_¶Î1_Material1
[*]CCCC([*])OC(C)=O,[*]C(N(CN(C(OCOC(N(CN(C(OCCO[*])=O)[H])[H])=O)=O)[H])[H])=O,,,,1.421603926869831,10.1080_03602559.2016.1227843_part_5.txt_¶Î1_Material1
[*]C([H])([H])C(O)([H])[*],[*]CC(C#N)[*],[Ag],O=S(O)(O)=O,,0.9324737646771531,10.1108_prt-11-2016-0101_part_2.txt_¶Î1_Material2
[*]C(CCCCCO[*])=O,[Cu],OC1=C2C(C3(O)C4C5C6=C7C8C(C9=CC(C(O)=O)=C(C=C(C=C%10C(O)=O)C%11%12)C(C%11=C%13C%14C%15%16C%17(O%16)C%18C%19=C%20C%21=C%22C(C(O)=C%23)=C%24C%25C%21=C%26C%19=C%27C%17=C%28C%14(O)C%12=C%10C=C%28CC%27=CC%26=CC%25=C(C(O)=O)C=C%24)C9=C7C%13(O)C5=C%15C3=C%18C%29%30C%20(O%30)C%31C%22C%23=C%32)=CC(C(O)=O)=CC8=CC6=C(C(O)=O)C4=C2)=C%29C%33=C%31C%32=C(C(O)=O)C=C%331,,,0.9523080096621253,10.1007_s13369-021-05363-7_part_1.txt_¶Î1_Material1
O=C([*])C(C)O[*],[*]C1C(OC(C(C1O)O)OC2C(OC(C(C2O)O)O[*])CO)CO,OC(C(CC(O)=O)(CC(O)=O)O)=O,OCC(O)CO,,1.018284308426531,10.4028_www.scientific.net_ssp.264.156_part_1.txt_¶Î1_Material1
[*]CC(OC(O[*])=O)C,[*]OCC[*],OC1=C2C(C3(O)C4C5C6=C7C8C(C9=CC(C(O)=O)=C(C=C(C=C%10C(O)=O)C%11%12)C(C%11=C%13C%14C%15%16C%17(O%16)C%18C%19=C%20C%21=C%22C(C(O)=C%23)=C%24C%25C%21=C%26C%19=C%27C%17=C%28C%14(O)C%12=C%10C=C%28CC%27=CC%26=CC%25=C(C(O)=O)C=C%24)C9=C7C%13(O)C5=C%15C3=C%18C%29%30C%20(O%30)C%31C%22C%23=C%32)=CC(C(O)=O)=CC8=CC6=C(C(O)=O)C4=C2)=C%29C%33=C%31C%32=C(C(O)=O)C=C%331,,,1.2013971243204515,10.1007_s10924-019-01509-9_part_2.txt_¶Î1_Material1
CC(COC(C(CC(C(C(C(OC(C)C)=O)C1=CC=CC=C1)C(OCC(OC(C2=CC=CC=C2C(O)=O)=O)C)=O)C3=CC=CC=C3)C(C(OC(C)C[*])=O)C4=CC=CC=C4)=O)OC(C5=CC=CC=C5C(O[*])=O)=O,[*]CC(COC1=CC=C(C=C1)C(C)(C)C2=CC=C(C=C2)O[*])O,,,,1.8750612633917,10.1016_j.matpr.2017.02.219_part_2.txt_¶Î1_Material1
[*]CC[*],[*]CCC(CCCCCC)C[*],,,,1.1522883443830565,10.1016_j.polymertesting.2021.107094_part_2.txt_¶Î1_Material1
[*]C([H])([H])C(O)([H])[*],[*]CC(C#N)[*],[H]Cl,,,1.4742162640762553,10.1080_14658011.2015.1136481_part_1.txt_¶Î1_Material1
O=C([*])OC1=CC=C(C=C1)C(C)(C)C2=CC=C(C=C2)O[*],[*]CC(CCCC(CC)CC([*])C1=CC=CC=C1)C2=CC=CC=C2,,,,1.6989700043360187,10.1080_03602559.2018.1466167_part_1.txt_¶Î1_Material1
[*]CC(C1=CC=CC=C1)[*],[*]CCCC(CCCCCC)[*],C[N+](CCO)(CCO)[3H],,,1.187520720836463,10.1002_app.48748_part_3.txt_¶Î1_Material1
O=C(C1=CC=C(C=C1)C(OCC[*])=O)O[*],[*]CC(COC1=CC=C(C=C1)C(C)(C)C2=CC=C(C=C2)O[*])O,[*]NC1=CC=C([*])C=C1,,,2.105680462945809,10.1016_j.compositesa.2011.04.005_part_1.txt_¶Î1_Material1
O=C(CCCCC(N(CCCCCCN([*])[H])[H])=O)[*],O=C([*])CCCCCN[*],[*]C(F)(C(F)([*])F)F,S=[Mo]=S,,1.7993405494535817,10.1016_j.matpr.2021.08.296_part_1.txt_¶Î1_Material3
[*]CCCCO[*],O=C=NC(C=C1)=CC=C1CC2=CC=C(C=C2)N=C=O,CCCC[Sn](CCCC)(OC(CCCCCCCCCCC)=O)OC(CCCCCCCCCCC)=O,,,1.230448921378274,10.2478_pjct-2013-0070_part_1.txt_¶Î1_Material2
O=C([*])C1=CC=C(C=C1)OC2=CC=C(C=C2)OC3=CC=C(C=C3)[*],O=[Zr]=O,,,,1.2576785748691846,10.1016_j.compstruct.2018.03.062_part_1.txt_¶Î1_Material3
[*]C(F)(C(F)([*])F)F,[*]CC[*],,,,1.434568904034199,10.1016_j.polymer.2021.123506_part_2.txt_¶Î1_Material1
[*]C([H])([H])C(O)([H])[*],[*]OCC[*],O=[Al]O[Al]=O,,,1.4771212547196624,10.1016_j.seppur.2018.08.026_part_6.txt_¶Î1_Material1
[*]C1C(OC(C(C1O)O)OC2C(OC(C(C2O)O)O[*])CO)CO,[*]C(CCCCC(OCCCCO[*])=O)=O,,,,1.1139433523068367,10.1016_j.carbpol.2020.116392_part_2.txt_¶Î1_Material2
[*]NCC(NC(C(ONCC(NC(C(NCC(NC(C([*])=O)C)=O)=O)C)=O)=O)CO)=O,C(CC=O)CC=O,,,,0.8785217955012065,10.1002_mame.201200038_part_1.txt_¶Î1_Material1
[*]C(C1=CC=C(C(OCCCCO[*])=O)C=C1)=O,O=C(C1=CC=C(C=C1)C(OCC[*])=O)O[*],,,,1.7160033436347992,10.1002_adv.21918_part_2.txt_¶Î1_Material1
[*]C(C)C[*],[*]C1=CC=C([*])N1,OC1=C2C(C3(O)C4C5C6=C7C8C(C9=CC(C(O)=O)=C(C=C(C=C%10C(O)=O)C%11%12)C(C%11=C%13C%14C%15%16C%17(O%16)C%18C%19=C%20C%21=C%22C(C(O)=C%23)=C%24C%25C%21=C%26C%19=C%27C%17=C%28C%14(O)C%12=C%10C=C%28CC%27=CC%26=CC%25=C(C(O)=O)C=C%24)C9=C7C%13(O)C5=C%15C3=C%18C%29%30C%20(O%30)C%31C%22C%23=C%32)=CC(C(O)=O)=CC8=CC6=C(C(O)=O)C4=C2)=C%29C%33=C%31C%32=C(C(O)=O)C=C%331,[*]C(C)C[*],,1.479719235439571,10.1080_03602559.2014.909472_part_2.txt_¶Î1_Material2
O=C([*])OC1=CC=C(C=C1)C(C)(C)C2=CC=C(C=C2)O[*],[*]CC[*],[*]OCC[*],,,1.6020599913279625,10.1021_ie303382g_part_1.txt_¶Î1_Material1
O=C(CCCCC(N(CCCCCCN([*])[H])[H])=O)[*],CC(C=C([*])C=C1C)=C1O[*],[*]C(C1=CC=CC=C1)CC2C(OC(C2[*])=O)=O,,,2.1760912590556813,10.3390_ma13153400_part_1.txt_¶Î1_Material1
CC1(CC(CC(C)(C1)C)N=C=O)CN=C=O,C[Si](C)(C[*])O[*],[*]C(CCCCCO[*])=O,,,1.2227164711475833,10.1016_j.polymertesting.2020.106485_part_1.txt_¶Î1_Material2
[*]C(C)C[*],[*]C(C)C[*],CCCCCCCCCCCCCCCCCCOC(CCC1=CC(C(C)(C)C)=C(C(C(C)(C)C)=C1)O)=O,NC1=CC=C(C=C1)/C2=C3C=C/C(N\3)=C(C4=N/C(C=C4)=C(C5=CC=C(N5)/C(C6=CC=CC=C6)=C7N=C2C=C\7)/C8=CC=CC=C8)\C9=CC=CC=C9,,1.3692158574101427,10.1007_s12221-015-5347-1_part_1.txt_¶Î1_Material1
[*]C(C)C[*],[*]C(N(CN(C(OCOC(N(CN(C(OCCO[*])=O)[H])[H])=O)=O)[H])[H])=O,[*]C(C)C[*],,,0.9590413923210936,10.1080_10402004.2017.1406173_part_3.txt_¶Î1_Material2
C=C([CH3])C(=O)O[CH3],[*]OC1C(C(O)=O)OC(OC2C(NC(C)=O)C([*])OC(CO)C2O)C(O)C1O,[*]OCC[*],,,1.3617278360175928,10.1002_app.37581_part_1.txt_¶Î1_Material1
[*]OC1C(C(OC(C1O)OC2C3C(C(OC2CO3)[*])O)CO)O,[*]NC(C(N1CCCC1C(NCC(N2CC(CC2C(NC(C(NCC([*])=O)=O)CO)=O)O)=O)=O)=O)CCCCN,OC(C(CC(O)=O)(CC(O)=O)O)=O,,,0.9493900066449128,10.3390_polym12020291_part_2.txt_¶Î1_Material1
[*]CC[*],O=C([*])C(C)O[*],,,,1.3053513694466237,10.1134_s0965545x16010077_part_1.txt_¶Î1_Material1
[*]C(N(CN(C(OCOC(N(CN(C(OCCO[*])=O)[H])[H])=O)=O)[H])[H])=O,O[Si](O)(O[Si](O)(O)O)O.[Al].[Al].O,,,,1.3854275148051305,10.1016_j.sbspro.2015.06.386_part_1.txt_¶Î1_Material1
O=C([*])CCCCCN[*],O=C([*])OC1=CC=C(C=C1)C(C)(C)C2=CC=C(C=C2)O[*],[*]CCC(CCCC(CCCC(C[*])C)C)C,,,1.7219754015859534,10.1080_00222348.2011.565273_part_2.txt_¶Î1_Material1
OCC(C(C(C1N)O)O[*])OC1OC2C(OC(C(C2O)N)[*])CO,OCC1OC(C(C(C1[*])O)O)OC2C(C(C(OC2CO)O[*])O)O,OC1=C2C(C3(O)C4C5C6=C7C8C(C9=CC(C(O)=O)=C(C=C(C=C%10C(O)=O)C%11%12)C(C%11=C%13C%14C%15%16C%17(O%16)C%18C%19=C%20C%21=C%22C(C(O)=C%23)=C%24C%25C%21=C%26C%19=C%27C%17=C%28C%14(O)C%12=C%10C=C%28CC%27=CC%26=CC%25=C(C(O)=O)C=C%24)C9=C7C%13(O)C5=C%15C3=C%18C%29%30C%20(O%30)C%31C%22C%23=C%32)=CC(C(O)=O)=CC8=CC6=C(C(O)=O)C4=C2)=C%29C%33=C%31C%32=C(C(O)=O)C=C%331,,,1.5440680443502757,10.1016_j.compositesa.2016.03.011_part_2.txt_¶Î1_Material1
O=C([*])C(C)O[*],O=C(C1=CC=C(C=C1)C(OCC[*])=O)O[*],,,,1.9095560292411755,10.1016_j.matdes.2014.03.016_part_2.txt_¶Î1_Material1
[*]NCCCCCCCCCCCC([*])=O,C/C(C[*])=C/C[*],,,,1.6720978579357175,10.1007_s10965-016-0985-6_part_2.txt_¶Î1_Material1
[*]CCC(CCCC(CCCC(C[*])C)C)C,C[Si](C)(C[*])O[*],,,,1.314077991779213,10.1039_c9sm01952a_part_4.txt_¶Î1_Material2
[*]C(N(CN(C(OCOC(N(CN(C(OCCO[*])=O)[H])[H])=O)=O)[H])[H])=O,C[N+](CCO)(CCO)[3H],,,,0.9885589568786156,10.1002_app.31303_part_3.txt_¶Î1_Material1
O=C(CCCCC(N(CCCCCCN([*])[H])[H])=O)[*],C[Si](C)(C[*])O[*],,,,2.3201462861110542,10.1002_app.50170_part_3.txt_¶Î1_Material1
OCC(C(C(C1N)O)O[*])OC1OC2C(OC(C(C2O)N)[*])CO,OCC1OC(C(C(C1[*])O)O)OC2C(C(C(OC2CO)O[*])O)O,OCC(O)CO,,,1.3096301674258988,10.3390_polym11030491_part_1.txt_¶Î1_Material1
[*]NC(C1=CC=C2C(C(N(C2=O)C3=CC=C(C=C3)CC4=CC=C([*])C=C4)=O)=C1)=O,[*]C(N(CN(C(OCOC(N(CN(C(OCCO[*])=O)[H])[H])=O)=O)[H])[H])=O,OC1=C2C(C3(O)C4C5C6=C7C8C(C9=CC(C(O)=O)=C(C=C(C=C%10C(O)=O)C%11%12)C(C%11=C%13C%14C%15%16C%17(O%16)C%18C%19=C%20C%21=C%22C(C(O)=C%23)=C%24C%25C%21=C%26C%19=C%27C%17=C%28C%14(O)C%12=C%10C=C%28CC%27=CC%26=CC%25=C(C(O)=O)C=C%24)C9=C7C%13(O)C5=C%15C3=C%18C%29%30C%20(O%30)C%31C%22C%23=C%32)=CC(C(O)=O)=CC8=CC6=C(C(O)=O)C4=C2)=C%29C%33=C%31C%32=C(C(O)=O)C=C%331,,,1.7693773260761383,10.1080_25740881.2020.1793197_part_1.txt_¶Î1_Material1
O=C([*])C(C)O[*],OCC1OC(C(C(C1[*])O)O)OC2C(C(C(OC2CO)O[*])O)O,O=C=NC(C=C1)=CC=C1CC2=CC=C(C=C2)N=C=O,,,1.8506462351830664,10.1007_s10570-020-03197-4_part_1.txt_¶Î1_Material1
C/C(C[*])=C/C[*],[*]C/C=C/CCC(C=C)CC([*])C1=CC=CC=C1,CCO,,,1.0737183503461227,10.1016_j.radphyschem.2010.08.015_part_2.txt_¶Î1_Material1
[*]C1=C(C(C[*])=CC=C1)O,,,,,1.6910814921229684,10.1016_j.polymer.2019.122053_part_2.txt_¶Î1_Material1
[*]C([H])([H])C(O)([H])[*],[*]C(C(C1O)O)OCC1OC(C(C2O)OC(C)=O)OCC2OC(OCC(C3O)OC4OCC(C(C4O)OC(C)=O)OC5OCC(C(C5OC(C)=O)OC(C)=O)[*])C3OC(C(C(C6OC)O)O)OC6C([O-])=O,,,,1.436162647040756,10.3390_ma11091589_part_1.txt_¶Î1_Material1
[*]C1C(O)C(O)C(OC2C(O)C(O)C(O[*])OC2COCCO)OC1COCCO,[*]C([H])([H])C(O)([H])[*],,,,1.2695129442179165,10.1021_acsabm.9b00589_part_2.txt_¶Î1_Material1
[*]C([H])([H])C(O)([H])[*],FC(F)([*])C([H])([*])[H],O=[Ti]=O,,,1.354108439147401,10.1007_s11581-016-1925-5_part_1.txt_¶Î1_Material3
[*]CC([*])Cl,[*]CC(C(OC)=O)(CC(C/C=C/CCC(C1=CC=CC=C1)[*])C#N)C,,,,1.631443769013172,10.1002_app.46839_part_2.txt_¶Î1_Material1
OCC1OC(C(C(C1[*])O)O)OC2C(C(C(OC2CO)O[*])O)O,C12=C3C(C=CC4C3=C5C(CC6=CC7=C8C9=C(C(C=C%10)=CC=C9C=C7)C%11=C%10C%12)=CC4)=CC=C1C=C%12C%13=C%11C8=C6C5=C2%13,,,,1.904607363815448,10.1016_j.matlet.2021.130522_part_1.txt_¶Î1_Material1
[*]C([H])([H])C(O)([H])[*],C12=C3C(C=CC4C3=C5C(CC6=CC7=C8C9=C(C(C=C%10)=CC=C9C=C7)C%11=C%10C%12)=CC4)=CC=C1C=C%12C%13=C%11C8=C6C5=C2%13,OC1=C2C(C3(O)C4C5C6=C7C8C(C9=CC(C(O)=O)=C(C=C(C=C%10C(O)=O)C%11%12)C(C%11=C%13C%14C%15%16C%17(O%16)C%18C%19=C%20C%21=C%22C(C(O)=C%23)=C%24C%25C%21=C%26C%19=C%27C%17=C%28C%14(O)C%12=C%10C=C%28CC%27=CC%26=CC%25=C(C(O)=O)C=C%24)C9=C7C%13(O)C5=C%15C3=C%18C%29%30C%20(O%30)C%31C%22C%23=C%32)=CC(C(O)=O)=CC8=CC6=C(C(O)=O)C4=C2)=C%29C%33=C%31C%32=C(C(O)=O)C=C%331,,,1.7836177651907488,10.1002_pi.3025_part_1.txt_¶Î1_Material1
OC1=C(C=CC=C1CC2=CC=CC([*])=C2O)CC3=CC=CC([*])=C3O,[H][O-],,,,1.5440680443502757,10.1002_pc.25228_part_2.txt_¶Î1_Material1
[*]C(N(CN(C(OCOC(N(CN(C(OCCO[*])=O)[H])[H])=O)=O)[H])[H])=O,[Ag],,,,1.551449997972875,10.26599_nr.2025.94907615_OA_part_1.txt_¶Î1_Material1
[*]NC(C(N1CCCC1C(NCC(N2CC(CC2C(NC(C(NCC([*])=O)=O)CO)=O)O)=O)=O)=O)CCCCN,[*]C([H])([H])C(O)([H])[*],OCC(O)CO,,,1.2407987711173312,10.1080_1023666x.2016.1176638_part_1.txt_¶Î1_Material1
O=C([*])C(C)O[*],OC(C(C)(CC(C1=CC=CC=C1)[*])CC(C[*])(C(OCC2CO2)=O)C)=O,,,,1.7664128471123994,10.1002_pat.4649_part_3.txt_¶Î1_Material1
OC(C(C1OC2OC(C(C(C2O)O)OC3OC(C(C(C3O)O)O)COC4OC(C(C(C4O)O)OC5OC(C(C(C5O)O)OC6OC(C(C(C6O)O[*])O)C)CO)CO)CO)O[*])COC1CO,OC1C(C(OC(C1O)OC2C(OC(C(C2O)O)OC3C(C(C(OC3C(OC)=O)OC4C(OC(C(C4O)O)[*])C(O)=O)O)O)C(OC)=O)C(O)=O)O[*],[Ag+],,,1.5531545481696254,10.1016_j.carbpol.2019.115159_part_4.txt_¶Î1_Material1
O=C([*])C(C)O[*],[*]OC(CC(OC(CC([*])=O)CC)=O)C,[*]C1C(OC(C(C1O)O)OC2C(OC(C(C2O)O)O[*])CO)CO,,,0.9637878273455552,10.1016_j.foodhyd.2018.04.045_part_5.txt_¶Î1_Material2
[*]C(CCCCCO[*])=O,CCO[Si](OCC)(OCC)OCC,,,,1.0492180226701815,10.1016_j.msec.2014.04.024_part_2.txt_¶Î1_Material2
[*]C(C(O[*])C)=O,[*]C(CCCCCO[*])=O,,,,1.9731278535996983,10.1016_j.msec.2017.03.134_part_5.txt_¶Î1_Material1
FC(F)([*])C([H])([*])[H],[*]C/C=C/CCC([*])C#N,OC1=C2C(C3(O)C4C5C6=C7C8C(C9=CC(C(O)=O)=C(C=C(C=C%10C(O)=O)C%11%12)C(C%11=C%13C%14C%15%16C%17(O%16)C%18C%19=C%20C%21=C%22C(C(O)=C%23)=C%24C%25C%21=C%26C%19=C%27C%17=C%28C%14(O)C%12=C%10C=C%28CC%27=CC%26=CC%25=C(C(O)=O)C=C%24)C9=C7C%13(O)C5=C%15C3=C%18C%29%30C%20(O%30)C%31C%22C%23=C%32)=CC(C(O)=O)=CC8=CC6=C(C(O)=O)C4=C2)=C%29C%33=C%31C%32=C(C(O)=O)C=C%331,,,1.2671717284030135,10.1016_j.polymertesting.2013.11.012_part_3.txt_¶Î1_Material1
[*]N1C(C2=CC3=C(C=C2C1=O)C(N(C3=O)C4=CC=C(C=C4)OC5=CC=C(C=C5)[*])=O)=O,[*]CC(C#N)[*],,,,2.361727836017593,10.1016_j.polymer.2016.02.056_part_2.txt_¶Î1_Material1
[*]CC(COC1=CC=C(C=C1)C(C)(C)C2=CC=C(C=C2)O[*])O,OCC(C(C(C1N)O)O[*])OC1OC2C(OC(C(C2O)N)[*])CO,,,,2.164352855784437,10.3390_polym12071501_part_1.txt_¶Î1_Material1
[*]C1C(OC(C(C1O)O)OC2C(OC(C(C2O)O)O[*])CO)CO,O[Si](O)(O[Si](O)(O)O)O.[Al].[Al].O,,,,1.2201080880400552,10.4028_www.scientific.net_kem.762.192_part_1.txt_¶Î1_Material1
O=C([*])C(C)O[*],[*]OCC[*],[*]OCC[*],OCC1OC(C(C(C1[*])O)O)OC2C(C(C(OC2CO)O[*])O)O,,1.8215135284047728,10.1007_s10570-017-1327-5_part_3.txt_¶Î1_Material1
[*]C([H])([H])C(O)([H])[*],C[Si](C)(C[*])O[*],O=C(O)CCCCCCCCCCCCCCCCC,,,1.3117538610557542,10.1038_s41598-018-34440-5_part_1.txt_¶Î1_Material1
[*]C(C)C[*],[*]CCCC([*])OC(C)=O,CCCCCCCCCCCCCCCCCCOC(CCC1=CC(C(C)(C)C)=C(C(C(C)(C)C)=C1)O)=O,[*]CCCC([*])OC(C)=O,,1.3096301674258988,10.1007_s12221-015-5347-1_part_1.txt_¶Î1_Material2
[*]C(C)C[*],[*]C1C(OC(C(C1O)O)OC2C(OC(C(C2O)O)O[*])CO)CO,[*]C(C)C[*],,,1.187520720836463,10.1002_app.45740_part_1.txt_¶Î1_Material2
[*]C(C)C[*],[*]CC(CC(C#N)[*])C1=CC=CC=C1,[*]CC(C1=CC=CC=C1)C/C=C/C[*],,,1.4638929889859074,10.1007_s00289-013-1071-4_part_4.txt_¶Î1_Material1
O=C(C1=CC=C(C=C1)C(OCC[*])=O)O[*],NC1=NC2=C(N=CN2C2O[C@H](COP(=O)(O)OP(=O)(O)O)[C@H](O)[C@@H]2O)C(=O)N1,,,,1.7589118923979734,10.1007_s12221-016-6238-9_part_1.txt_¶Î1_Material1
[*]C1C(OC(C(C1O)O)OC2C(OC(C(C2O)O)O[*])CO)CO,[*]C(NC1=C(C)C(NC(OCCO[*])=O)=CC=C1)=O,,,,1.0569048513364727,10.1002_star.201900098_part_4.txt_¶Î1_Material1
[*]C(NC1=C(C)C(NC(OCCO[*])=O)=CC=C1)=O,CCO[Si](OCC)(OCC)OCC,,,,1.641275757231913,10.4028_www.scientific.net_amr.239-242.855_part_1.txt_¶Î1_Material1
O=C([*])C(C)O[*],[*]C(CCCCC(OCCCCO[*])=O)=O,C=C([CH3])C(=O)OC([CH3])[CH3],OC1=C2C(C3(O)C4C5C6=C7C8C(C9=CC(C(O)=O)=C(C=C(C=C%10C(O)=O)C%11%12)C(C%11=C%13C%14C%15%16C%17(O%16)C%18C%19=C%20C%21=C%22C(C(O)=C%23)=C%24C%25C%21=C%26C%19=C%27C%17=C%28C%14(O)C%12=C%10C=C%28CC%27=CC%26=CC%25=C(C(O)=O)C=C%24)C9=C7C%13(O)C5=C%15C3=C%18C%29%30C%20(O%30)C%31C%22C%23=C%32)=CC(C(O)=O)=CC8=CC6=C(C(O)=O)C4=C2)=C%29C%33=C%31C%32=C(C(O)=O)C=C%331,,1.6278776945799716,10.1016_j.polymertesting.2017.09.010_part_5.txt_¶Î1_Material2
[*]C(C)C[*],CCCCCCCCCCCCCCCCCCOC(CCC1=CC(C(C)(C)C)=C(C(C(C)(C)C)=C1)O)=O,OCC(O)CO,,,1.4065401804339552,10.3144_expresspolymlett.2015.28_part_1.txt_¶Î1_Material1
OCC(C(C(C1N)O)O[*])OC1OC2C(OC(C(C2O)N)[*])CO,OC(C(CC(O)=O)(CC(O)=O)O)=O,,,,0.8512583487190752,10.1016_j.carbpol.2018.11.064_part_7.txt_¶Î1_Material1
OCC1OC(C(C(C1O)O[*])O)OC2C(C(C(OC2COS(=O)(O)=O)[*])NC(C)=O)O,OP(O)(O)=O,,,,1.2380461031287957,10.1016_j.polymdegradstab.2020.109272_part_4.txt_¶Î1_Material1
O=C([*])OC1=CC=C(C=C1)C(C)(C)C2=CC=C(C=C2)O[*],C12=C3C(C=CC4C3=C5C(CC6=CC7=C8C9=C(C(C=C%10)=CC=C9C=C7)C%11=C%10C%12)=CC4)=CC=C1C=C%12C%13=C%11C8=C6C5=C2%13,,,,1.7708520116421442,10.1177_0021998311414073_part_2.txt_¶Î1_Material1
[*]C([C@H](C)OC([C@H](C)O[*])=O)=O,OP(O)(O)=O,,,,1.5921767573958667,10.1016_j.polymdegradstab.2016.03.018_part_2.txt_¶Î1_Material1
[*]CCCC([*])OC(C)=O,O=P([O-])([O-])[O-].[Ca+2].[Ca+2].[OH-],,,,1.5440680443502757,10.1002_app.32812_part_2.txt_¶Î1_Material1
[*]C(CCCCCO[*])=O,O=C=NC(C=C1)=CC=C1CC2=CC=C(C=C2)N=C=O,O=C=NC(C=C1)=CC=C1CC2=CC=C(C=C2)N=C=O,,,0.2810333672477275,10.1016_j.msec.2019.04.073_part_2.txt_¶Î1_Material1
[*]N1C(C2=CC3=C(C=C2C1=O)C(N(C3=O)C4=CC=C(C=C4)OC5=CC=C(C=C5)[*])=O)=O,[*]C1=NC2=CC3=C(C=C2O1)OC(C4=CC=C(C=C4)[*])=N3,,,,1.977723605288848,10.1080_03602559.2012.663042_part_1.txt_¶Î1_Material1
[*]C1C(OC(C(C1O)O)OC2C(OC(C(C2O)O)O[*])CO)CO,O=C([*])C(C)O[*],[*]C(CCCCC(OCCCCO[*])=O)=O,,,1.645422269349092,10.1007_s10570-021-03921-8_part_2.txt_¶Î1_Material3
O=C([*])C1=CC=C(C=C1)OC2=CC=C(C=C2)OC3=CC=C(C=C3)[*],[*]C(F)(C(F)([*])F)F,O=[Si]=O,,,1.8388490907372552,10.1177_0954008317723444_part_2.txt_¶Î1_Material3
C(C)(C1=CC=C(OCC2CO2)C=C1)(C)C1=CC=C(OCC2CO2)C=C1,OC(C(C)(CC(C1=CC=CC=C1)[*])CC(C[*])(C(OCC2CO2)=O)C)=O,,,,1.6532125137753435,10.1016_j.engfracmech.2018.06.044_part_1.txt_¶Î1_Material2
[*]C1C(OC(C(C1O)O)OC2C(OC(C(C2O)O)O[*])CO)CO,OCC(C(C(C1N)O)O[*])OC1OC2C(OC(C(C2O)N)[*])CO,[*]C([H])([H])C(O)([H])[*],,,1.6989700043360187,10.1002_masy.200900157_part_1.txt_¶Î1_Material1
[*]C(N(CN(C(OCOC(N(CN(C(OCCO[*])=O)[H])[H])=O)=O)[H])[H])=O,[*]C/C=C/CCC([*])C#N,[*]C/C=C/CCC([*])C#N,C/C(C[*])=C/C[*],,1.3873898263387294,10.3390_polym11101663_part_2.txt_¶Î1_Material1
[*]CC(C(OCC)=O)[*],CC1=CC=C(C=C1N=C=O)N=C=O,,,,1.3979400086720375,10.1007_s10965-012-9994-2_part_1.txt_¶Î1_Material2
O=C(C(C[*])[*])N,[*]C([H])([H])C(O)([H])[*],[*]C1C(C(C(OC1C(O[Na])=O)OC2C(C(O[Na])=O)OC(O[*])C(O)C2O)O)O,[Ag+],,0.1303337684950061,10.1016_j.carbpol.2020.117485_part_2.txt_¶Î1_Material1
[*]C(N(CN(C(OCOC(N(CN(C(OCCO[*])=O)[H])[H])=O)=O)[H])[H])=O,O=C=NC(C=C1)=CC=C1CC2=CC=C(C=C2)N=C=O,O=C(C1=CC=C(C([*])=O)C=C1)NC2=CCC(N[*])C=C2,,,1.5185139398778875,10.1007_s12034-012-0403-6_part_1.txt_¶Î1_Material1
[*]CC([*])Cl,[*]CC(C1=CC=CC=C1)[*],C[N+](CCO)(CCO)[3H],,,1.3123889493705918,10.1016_j.seppur.2015.01.015_part_1.txt_¶Î1_Material1
[*]O[C@@]([H])(C)C(O[C@](C)([H])C([*])=O)=O,[*]C([C@H](C)OC([C@H](C)O[*])=O)=O,,,,1.6720978579357175,10.1002_app.42857_part_1.txt_¶Î1_Material1
O=C([*])C(C)O[*],[*]C(NC1=C(C)C(NC(OCCO[*])=O)=CC=C1)=O,O=[Ti]=O,,,1.5595475555804343,10.1016_j.polymdegradstab.2017.07.002_part_1.txt_¶Î1_Material1
O=C([*])C(C)O[*],[*]OCCCCOC(CCC([*])=O)=O,C[N+](CCO)(CCO)[3H],,,1.7781512503836436,10.3390_polym13152489_part_4.txt_¶Î1_Material2
[*]C/C=C/CCC(C=C)CC([*])C1=CC=CC=C1,C/C(C[*])=C/C[*],[*]C/C=C/CCC(C=C)CC([*])C1=CC=CC=C1,,,1.2329961103921538,10.1007_s00289-015-1385-5_part_2.txt_¶Î1_Material2
[*]CC[*],[*]CC[*],[*]OCC[*],[*]C1C(OC(C(C1O)O)OC2C(OC(C(C2O)O)O[*])CO)CO,,1.021189299069938,10.1016_j.carbpol.2014.11.038_part_1.txt_¶Î1_Material1
[*]CC[*],O=C(C1=CC=C(C([*])=O)C=C1)NC2=CCC(N[*])C=C2,O1C(=O)C=CC1=O,,,1.3100557377508917,10.1007_s10965-014-0439-y_part_1.txt_¶Î1_Material1
[*]C(N(CN(C(OCOC(N(CN(C(OCCO[*])=O)[H])[H])=O)=O)[H])[H])=O,[*]C1C(OC(C(C1O)O)OC2C(OC(C(C2O)O)O[*])CO)CO,,,,1.6344772701607315,10.1016_j.carbpol.2011.09.098_part_1.txt_¶Î1_Material1
OCC1OC(C(C(C1[*])O)O)OC2C(C(C(OC2CO)O[*])O)O,[*]CC(C#N)[*],,,,1.0334237554869496,10.1002_adma.202000682_part_3.txt_¶Î1_Material1
[*]C(NC1=C(C)C(NC(OCCO[*])=O)=CC=C1)=O,[*]CC(C#N)[*],,,,1.021189299069938,10.1016_j.polymer.2020.122855_part_5.txt_¶Î1_Material1
[*]C(CCCCCO[*])=O,[*]CC(CC)([*])C(OCC1=CC=CC=C1)=O,[*]C([C@H](C)OC([C@H](C)O[*])=O)=O,CC(C(=O)O)(CO)CO,OC(C(C)(CC(C1=CC=CC=C1)[*])CC(C[*])(C(OCC2CO2)=O)C)=O,1.000867721531227,10.3390_molecules26040961_part_4.txt_¶Î1_Material1
CC(NC(C([*])C)=O)C(NC(C)C(NC(C)C(N[*])=O)=O)=O,[*]C([H])([H])C(O)([H])[*],C(CC=O)CC=O,,,1.7558748556724917,10.1007_s12221-015-0761-y_part_2.txt_¶Î1_Material1
[*]CCCC(C1C([*])C2CC1C/C2=C/C)C,[C],,,,1.3010299956639813,10.1016_j.polymer.2020.122392_part_7.txt_¶Î1_Material3
[*]C(C)C[*],O=C([*])CCCCCN[*],CCCCCCCCCCCCCCCCCCOC(CCC1=CC(C(C)(C)C)=C(C(C(C)(C)C)=C1)O)=O,NC1=CC=C(C=C1)/C2=C3C=C/C(N\3)=C(C4=N/C(C=C4)=C(C5=CC=C(N5)/C(C6=CC=CC=C6)=C7N=C2C=C\7)/C8=CC=CC=C8)\C9=CC=CC=C9,,1.429752280002408,10.1007_s12221-015-5347-1_part_1.txt_¶Î1_Material3
[*]C(N(CN(C(OCOC(N(CN(C(OCCO[*])=O)[H])[H])=O)=O)[H])[H])=O,[*]C(C1=CC=CC=C1)CC2C(OC(C2[*])=O)=O,,,,1.5314789170422551,10.1177_096369351502400603_part_1.txt_¶Î1_Material1
OCC1OC(C(C(C1O[*])O)O)[*],OCC1OC(C(C(C1[*])O)O)OC2C(C(C(OC2CO)O[*])O)O,,,,1.5538830266438743,10.1007_s10570-010-9411-0_part_2.txt_¶Î1_Material3
O=C([*])C(C)O[*],[*]C(CCCCCO[*])=O,OC(C(C)(CC(C1=CC=CC=C1)[*])CC(C[*])(C(OCC2CO2)=O)C)=O,,,1.6989700043360187,10.1680_jgrma.18.00006_part_9.txt_¶Î1_Material1
O=C(C1=CC=C(C=C1)C(OCC[*])=O)O[*],[*]C(C)C[*],[*]C(C)C[*],,,1.414973347970818,10.1002_pc.24470_part_1.txt_¶Î1_Material1
[*]C([C@H](C)OC([C@H](C)O[*])=O)=O,[Mg]=O,[Mg]=O,,,1.799064719351008,10.1002_pc.24804_part_1.txt_¶Î1_Material1
O=C(C1=CC=C(C=C1)C(OCC[*])=O)O[*],O=[Si]=O,O=[Si]=O,,,1.8920946026904804,10.1016_j.ijpvp.2021.104456_part_3.txt_¶Î1_Material1
[*]C(N(CN(C(OCOC(N(CN(C(OCCO[*])=O)[H])[H])=O)=O)[H])[H])=O,COC1=CC(/C=C/C=O)=CC(OC2=CC(C(C(OC3=CC=C(C=C3OC)C(C(CO)=O)O)CO)O)=CC=C2OC4=CC(C(C(COC5=CC=C(C=C5)C(C(CO)=O)O)=O)O)=CC=C4O)=C1,,,,1.2041199826559248,10.1016_j.indcrop.2021.113739_part_2.txt_¶Î1_Material1
[*]C([H])([H])C(O)([H])[*],C=CC1=CC=CC=C1,,,,1.3859635706006974,10.1016_j.carbpol.2021.117930_part_2.txt_¶Î1_Material1
C/C(C[*])=C/C[*],[*]CCCC(C(O)=O)[*],[*]C(CCCCCO[*])=O,,,1.0606978403536116,10.1016_j.eurpolymj.2021.110488_part_1.txt_¶Î1_Material2
O=C([*])C(C)O[*],OCC1OC(C(C(C1[*])O)O)OC2C(C(C(OC2CO)O[*])O)O,C12=C3C(C=CC4C3=C5C(CC6=CC7=C8C9=C(C(C=C%10)=CC=C9C=C7)C%11=C%10C%12)=CC4)=CC=C1C=C%12C%13=C%11C8=C6C5=C2%13,,,1.3979400086720375,10.1002_pc.26053_part_1.txt_¶Î1_Material1
[*]C(CCCCCO[*])=O,[*]NC(C(N1CCCC1C(NCC(N2CC(CC2C(NC(C(NCC([*])=O)=O)CO)=O)O)=O)=O)=O)CCCCN,OCC1OC(C(C(C1[*])O)O)OC2C(C(C(OC2CO)O[*])O)O,OCC1OC(C(C(C1[*])O)O)OC2C(C(C(OC2CO)O[*])O)O,,0.3979400086720376,10.1016_j.polymer.2020.123313_part_1.txt_¶Î1_Material1
[*]OCC1C(C(C(CC1CO)COCC2C(C(C(CC2CO)C[*])O)COCC3C(C(C(C(O3)CO)O)O)COCC4C(C(C(C(O4)C(O)=O)COCC5C(C(C(C(O5)C(O)=O)O)O)O)O)O)O)O,,,,,1.0203612826477078,10.17113_ftb.53.03.15.3725_part_1.txt_¶Î1_Material2
C/C(C[*])=C/C[*],C/C(C[*])=C/C[*],[*]C/C=C/CCC(C=C)CC([*])C1=CC=CC=C1,[C],,1.0086001717619175,10.1016_j.compositesb.2016.04.060_part_3.txt_¶Î1_Material1
[*]CC[*],C/C(C[*])=C/C[*],[*]C1C(OC(C(C1O)O)OC2C(OC(C(C2O)O)O[*])CO)CO,OC(C(CC(O)=O)(CC(O)=O)O)=O,,1.2227164711475833,10.1002_app.35057_part_1.txt_¶Î1_Material1
O=C([*])C(C)O[*],C12=CC3=CC4=CC=CN=C4N=C3N=C1N=C5N=C6N=CC=CC6=CC5=C2,O=C([*])C(C)O[*],,,2.04296907339318,10.1177_0021998317708020_part_2.txt_¶Î1_Material1
[*]C(C)C[*],OCC1OC(OC2C(O)C(O)C(O[*])OC2CO)C(O)C(O)C1[*],[*]C(C)C[*],,,1.4471580313422192,10.1016_j.compositesb.2010.05.004_part_1.txt_¶Î1_Material1
O=C([*])C(C)O[*],[*]C([C@H](C)OC([C@H](C)O[*])=O)=O,[*]O[C@@]([H])(C)C(O[C@](C)([H])C([*])=O)=O,,,1.911956189072687,10.1016_j.ijbiomac.2019.11.135_part_8.txt_¶Î1_Material1
[*]CC(C#N)[*],O=C(CN(CN(CC(O)=O)CC(O)=O)CC(O)=O)O,,,,1.385606273598312,10.1007_s10692-018-9899-x_part_1.txt_¶Î1_Material1
[*]C(C)C[*],C=C([CH3])C(=O)OC([CH3])[CH3],,,,1.7512791039833422,10.1177_0021998315573288_part_2.txt_¶Î1_Material1
[*]NCC(NC(C(ONCC(NC(C(NCC(NC(C([*])=O)C)=O)=O)C)=O)=O)CO)=O,[*]C1C(OC(C(C1O)O)OC2C(OC(C(C2O)O)O[*])CO)CO,OCC(C(C(C1N)O)O[*])OC1OC2C(OC(C(C2O)N)[*])CO,,,1.5922878159521308,10.1016_j.msec.2012.02.015_part_1.txt_¶Î1_Material3
[*]C(CCCCC(OCCCCOC(C1=CC=C(C(OCCCCO[*])=O)C=C1)=O)=O)=O,OCC(O)CO,,,,1,10.1007_s10924-021-02223-1_part_1.txt_¶Î1_Material1
[*]C([C@H](C)OC([C@H](C)O[*])=O)=O,OP(O)(O)=O,[*]C([C@H](C)OC([C@H](C)O[*])=O)=O,,,1.9030899869919435,10.3390_polym11071193_part_2.txt_¶Î1_Material2
[*]C/C=C/CCC([*])C#N,[*]C/C=C/CCC([*])C#N,,,,1.2174839442139065,10.1515_polyeng-2016-0375_part_1.txt_¶Î1_Material1
OCC(C(C(C1N)O)O[*])OC1OC2C(OC(C(C2O)N)[*])CO,OCC(C(C(C1N)O)O[*])OC1OC2C(OC(C(C2O)N)[*])CO,[*]NC(NCCCC(C([*])=O)N)=N,,,1,10.1016_j.carbpol.2015.04.072_part_4.txt_¶Î1_Material1
[*]OCC[*],C=C([CH3])C(=O)O[CH3],CCCCCCCCCCCCCCCCCCOC(CCC1=CC(C(C)(C)C)=C(C(C(C)(C)C)=C1)O)=O,,,1.9030899869919435,10.1002_pi.4167_part_1.txt_¶Î1_Material1
FC(F)([*])C([H])([*])[H],[*]CC[*],C=C(C(OCC1CO1)=O)C,C=C([CH3])C(=O)O[CH3],,1.60422605308447,10.1016_j.polymer.2018.11.042_part_1.txt_¶Î1_Material1
[*]C/C=C/CCC(C=C)CC([*])C1=CC=CC=C1,[*]OCC[*],,,,1.437750562820388,10.1002_app.34120_part_3.txt_¶Î1_Material1
[*]C([H])([H])C(O)([H])[*],CNC(CNC(CN)=O)=O,,,,1.420450859106068,10.1088_1361-6528_ab9786_part_4.txt_¶Î1_Material1
[*]CC(C#N)[*],[*]CCN[*],O=C(O)C([*])C[*],,,1.3996737214810382,10.1039_c6nr06295d_part_4.txt_¶Î1_Material1
[*]C(CCCCCO[*])=O,C(CC=O)CC=O,,,,0.3010299956639812,10.1515_polyeng-2017-0350_part_1.txt_¶Î1_Material1
[*]C(C=C1)=CC=C1S[*],,,,,1.888291845356516,10.1002_pc.22222_part_2.txt_¶Î1_Material1
O=C(C(C[*])[*])N,[*]C1C(O)C(O)C(OC2C(O)C(O)C(O[*])OC2COCCO)OC1COCCO,[Ag+],,,-0.920818754,10.1016_j.carbpol.2021.117665_part_2.txt_¶Î1_Material1
[*]C(C)C[*],OCC1OC(C(C(C1[*])O)O)OC2C(C(C(OC2CO)O[*])O)O,C=C([CH3])C(=O)OC([CH3])[CH3],,,1.2579184503140584,10.1108_rpj-10-2018-0260_part_2.txt_¶Î1_Material1
[*]CCCC([*])OC(C)=O,[*]C/C=C/CCC(C=C)CC([*])C1=CC=CC=C1,,,,0.6532125137753437,10.1179_1743289810y.0000000029_part_1.txt_¶Î1_Material1
C[Si](O[*])(C)[*],[O-][Si]([O-])([O-])O[Si]([O-])([O-])[O-].[Ca+2],,,,0.505149978319906,10.1002_adfm.201907414_part_1.txt_¶Î1_Material1
[*]OCC[*],[*]C(C)C[*],OCC1OC(OC2C(O)C(O)C(O[*])OC2CO)C(O)C(O)C1[*],,,1.1038037209559568,10.4028_www.scientific.net_kem.751.264_part_1.txt_¶Î1_Material1
O=C([*])CCCCCN[*],O=[Al]O[Al]=O,,,,1.3180633349627615,10.1108_rpj-09-2014-0119_part_3.txt_¶Î1_Material1
O=C([*])C(C)O[*],[*]C(CCCCC(OCCCCO[*])=O)=O,OCC1OC(OC2C(O)C(O)C(O[*])OC2CO)C(O)C(O)C1[*],[*]OC1C(C(O)=O)OC(OC2C(NC(C)=O)C([*])OC(CO)C2O)C(O)C1O,,1.7481880270062005,10.1016_j.jmrt.2020.08.062_part_2.txt_¶Î1_Material1
[*]C(C1=CC=C(C(OCCCCO[*])=O)C=C1)=O,O=C([O-])[O-].[Ca+2],O=C(O)CCCCCCCCCCCCCCCCC,,,1.7481880270062005,10.1007_s12034-010-0043-7_part_2.txt_¶Î1_Material1
[*]CC[*],[*]CC(CCCC(CC)CC([*])C1=CC=CC=C1)C2=CC=CC=C2,,,,1.551449997972875,10.1002_app.48590_part_1.txt_¶Î1_Material1
O=C([*])OC1=CC=C(C=C1)C(C)(C)C2=CC=C(C=C2)O[*],C=C([CH3])C(=O)O[CH3],[*]C1C(C(C(OC1C(O[Na])=O)OC2C(C(O[Na])=O)OC(O[*])C(O)C2O)O)O,,,1.8723893884178209,10.1002_pc.26226_part_2.txt_¶Î1_Material1
[*]NC(C(N1CCCC1C(NCC(N2CC(CC2C(NC(C(NCC([*])=O)=O)CO)=O)O)=O)=O)=O)CCCCN,O=C(C1=CC=C(C=C1)OCCOC(C=C)=O)C(C)(C)O,,,,1.6646419755561257,10.1080_01694243.2012.707450_part_1.txt_¶Î1_Material2
[*]CC(C#N)[*],[*]NC1=CC=C([*])C=C1,,,,0.9916690073799486,10.1134_s0965545x1503013x_part_1.txt_¶Î1_Material1
[*]C(C)C[*],[*]CC(C(OCC)=O)[*],,,,1.252853030979893,10.1002_app.34726_part_2.txt_¶Î1_Material1
C/C(C[*])=C/C[*],C/C(C[*])=C/C[*],[*]C/C=C/CCC(C=C)CC([*])C1=CC=CC=C1,,,1.24551266781415,10.1007_s00289-015-1385-5_part_2.txt_¶Î1_Material1
O=C(O[*])CCCCCCCCCCN[*],[*]NCCCCCCCCCCCC([*])=O,,,,1.5185139398778875,10.1515_polyeng-2014-0161_part_1.txt_¶Î1_Material2
O=C([*])C(C)O[*],[*]CCCC([*])OC(C)=O,O=C([*])C(C)O[*],,,1.5698418994037615,10.1002_pc.24074_part_1.txt_¶Î1_Material1
C=C([CH3])C(=O)O[CH3],[*]NC(C)C(N1CCCC1C([*])=O)=O,,,,0.5198279937757188,10.1016_j.msec.2019.110378_part_4.txt_¶Î1_Material1
[*]CC(C#N)[*],[Ag],[*]CC([*])N1CCCC1=O,,,0.2966651902615311,10.1007_s10853-014-8748-4_part_2.txt_¶Î1_Material1
C[Si](C)(C[*])O[*],[*]CC([*])N1CCCC1=O,,,,0.7824726241662862,10.1002_pen.24240_part_1.txt_¶Î1_Material4
[*]C(C)C[*],[Ag],,,,1.3617278360175928,10.1002_masy.201700026_part_1.txt_¶Î1_Material1
[*]CC(CC=CCC([*])C1=CC=CC=C1)C#N,O=C([*])CCCCCN[*],,,,1.6127838567197357,10.1007_s10965-010-9540-z_part_2.txt_¶Î1_Material1
C/C(C[*])=C/C[*],[*]C/C=C/CCC(C=C)CC([*])C1=CC=CC=C1,[C],,,1.2380461031287957,10.1007_s13726-021-00971-4_part_2.txt_¶Î1_Material4
[*]NC(C(N1CCCC1C(NCC(N2CC(CC2C(NC(C(NCC([*])=O)=O)CO)=O)O)=O)=O)=O)CCCCN,CC(NC(C([*])C)=O)C(NC(C)C(NC(C)C(N[*])=O)=O)=O,O=[Al]O[Al]=O.O=[Si]=O.O=[Si]=O.O=[Si]=O,,,0.9084850188786496,10.1515_polyeng-2018-0406_part_2.txt_¶Î1_Material1
[*]C(C)C[*],[*]OC1C(C(O)=O)OC(OC2C(NC(C)=O)C([*])OC(CO)C2O)C(O)C1O,,,,1.429752280002408,10.3390_ma8030992_part_2.txt_¶Î1_Material3
C=CC,[*]CC([*])CC,,,,1.5118833609788744,10.1016_j.supflu.2020.104987_part_1.txt_¶Î1_Material1
[*]C(C)C[*],[Mg]=O,COC1=CC(/C=C/C=O)=CC(OC2=CC(C(C(OC3=CC=C(C=C3OC)C(C(CO)=O)O)CO)O)=CC=C2OC4=CC(C(C(COC5=CC=C(C=C5)C(C(CO)=O)O)=O)O)=CC=C4O)=C1,,,1.5185139398778875,10.3390_molecules25040864_part_2.txt_¶Î1_Material1
[*]/C=C\CC/C=C\CC(CC([*])C1=CC=CC=C1)C2=CC=CC=C2,[*]CC[*],[C],,,1.3710678622717365,10.1002_app.45512_part_2.txt_¶Î1_Material2
O=S(C(C=C1)=CC=C1OC(C=C2)=CC=C2C(C)(C)C(C=C3)=CC=C3O[*])(C4=CC=C([*])C=C4)=O,,,,,0.7923916894982539,10.1016_j.carbpol.2019.115739_part_3.txt_¶Î1_Material1
O=C(C1=CC=C(C=C1)C(OCC[*])=O)O[*],[H][Si]([H])([H])[H],O=C([O-])[O-].[Ca+2],,,1.7535830588929069,10.1016_j.conbuildmat.2019.116820_part_2.txt_¶Î1_Material1
[*]CC[*],[*]CC(CCCC(CC)CC([*])C1=CC=CC=C1)C2=CC=CC=C2,[Zn]=O,,,1.3010299956639813,10.1016_j.eurpolymj.2018.02.004_part_5.txt_¶Î1_Material1
[*]C([C@H](C)OC([C@H](C)O[*])=O)=O,OCC(C(C(C1N)O)O[*])OC1OC2C(OC(C(C2O)N)[*])CO,,,,1.320146286111054,10.3390_pr9010088_part_2.txt_¶Î1_Material2
C/C(C[*])=C/C[*],[*]CC([*])Cl,[*]C/C=C/CCC([*])C#N,[*]C/C=C(C[*])\Cl,[C],1.1139433523068367,10.1088_1757-899x_509_1_012146_part_2.txt_¶Î1_Material1
[*]CC(COC1=CC=C(C=C1)C(C)(C)C2=CC=C(C=C2)O[*])O,[*]C(C)C[*],O=[Mg].O=[Si]=O.O=[Si]=O.O=[Si]=O.O=[Si]=O.O=[Mg].O=[Mg].O,,,2,10.1177_0021998317704896_part_4.txt_¶Î1_Material1
O=C([*])C(C)O[*],[*]C(CCCCCO[*])=O,CC1(CC(CC(C)(C1)C)N=C=O)CN=C=O,,,1.7218106152125463,10.1016_j.polymertesting.2018.07.023_part_4.txt_¶Î1_Material1
O=C(O[Na])COCC(OC(C(C1O)O)[*])C1OC(C(C(C2O[*])O)O)OC2COCC(O[Na])=O,OCC(C(C(C1N)O)O[*])OC1OC2C(OC(C(C2O)N)[*])CO,,,,1.9420080530223127,10.1039_c6ra02604d_part_2.txt_¶Î1_Material1
C[Si](C)(C[*])O[*],O=[Si]=O,O=C=NC(C=C1)=CC=C1CC2=CC=C(C=C2)N=C=O,,,0.3617278360175928,10.1021_ma301447f_part_2.txt_¶Î1_Material1
O=C([*])CCCCCCCCCCC(NCCCCCCCCCCN[*])=O,[*]CC(C(OCC)=O)[*],,,,1.7160033436347992,10.1080_14328917.2017.1409392_part_2.txt_¶Î1_Material1
[*]C(C)C[*],[*]CC(CC=CCC([*])C1=CC=CC=C1)C#N,[*]C(C)C[*],,,1.359835482339888,10.1007_s00289-015-1434-0_part_3.txt_¶Î1_Material2
O=C([*])C1=CC=C(C=C1)OC2=CC=C(C=C2)OC3=CC=C(C=C3)[*],[*]OC1C(C(O)=O)OC(OC2C(NC(C)=O)C([*])OC(CO)C2O)C(O)C1O,,,,1.3673559210260189,10.1016_j.compstruct.2018.03.062_part_1.txt_¶Î1_Material5
[*]OCC[*],[*]CC([*])N1CCCC1=O,OCC1OC(C(C(C1[*])O)O)OC2C(C(C(OC2CO)O[*])O)O,OCC1OC(C(C(C1[*])O)O)OC2C(C(C(OC2CO)O[*])O)O,,0.5797835966168101,10.1007_s10692-019-09977-4_part_1.txt_¶Î1_Material3
[*]CC(COC1=CC=C(C=C1)C(C)(C)C2=CC=C(C=C2)O[*])O,[*]OCC[*],,,,1.62490060220449,10.1002_pen.23733_part_1.txt_¶Î1_Material1
C/C(C[*])=C/C[*],O=C(CCCCC(N(CCCCCCN([*])[H])[H])=O)[*],,,,1.7558748556724917,10.1080_00218464.2019.1707674_part_2.txt_¶Î1_Material1
[*]C(N(CN(C(OCOC(N(CN(C(OCCO[*])=O)[H])[H])=O)=O)[H])[H])=O,[O-][Si]([O-])([O-])O[Si]([O-])([O-])[O-].[Ca+2],,,,1.1869563354654122,10.1080_09276440.2015.1082266_part_2.txt_¶Î1_Material1
[*]C(C)C[*],C/C(C[*])=C/C[*],[*]C(C)C[*],,,1.2005769267548485,10.1088_1757-899x_957_1_012019_part_2.txt_¶Î1_Material1
O=C([*])C(C)O[*],C=C([CH3])C(=O)O[CH3],O=C([O-])[O-].[Ca+2],,,1.8195439355418688,10.1002_app.46927_part_2.txt_¶Î1_Material3
[*]C1=C(C=CN2)C2=C([*])C(O)=C1O,NCCC[Si](OCC)(OCC)OCC,,,,1.354108439147401,10.1021_acs.langmuir.7b03178_part_2.txt_¶Î1_Material1
O=C([*])C(C)O[*],[H][O-],[H][Si]([H])([H])[H],,,1.9923325590474643,10.3390_ma13020258_part_3.txt_¶Î1_Material1
N#CC(C1=CC=CC=N1)C1=CC=CC=C1,O=C(O[Na])COCC(OC(C(C1O)O)[*])C1OC(C(C(C2O[*])O)O)OC2COCC(O[Na])=O,OCC(O)CO,,,1.4638929889859074,10.1002_pen.23928_part_2.txt_¶Î1_Material2
[*]NC(C(N1CCCC1C(NCC(N2CC(CC2C(NC(C(NCC([*])=O)=O)CO)=O)O)=O)=O)=O)CCCCN,C[N+](CCO)(CCO)[3H],,,,1.5035183127240748,10.1007_s11947-014-1319-5_part_1.txt_¶Î1_Material1
C[Si](C)(C[*])O[*],OCC1OC(C(C(C1[*])O)O)OC2C(C(C(OC2CO)O[*])O)O,,,,1.2624510897304295,10.3390_polym10091000_part_1.txt_¶Î1_Material1
[*]OCCCCOC(CCC([*])=O)=O,[*]C1C(OC(C(C1O)O)OC2C(OC(C(C2O)O)O[*])CO)CO,OC1=C2C(C3(O)C4C5C6=C7C8C(C9=CC(C(O)=O)=C(C=C(C=C%10C(O)=O)C%11%12)C(C%11=C%13C%14C%15%16C%17(O%16)C%18C%19=C%20C%21=C%22C(C(O)=C%23)=C%24C%25C%21=C%26C%19=C%27C%17=C%28C%14(O)C%12=C%10C=C%28CC%27=CC%26=CC%25=C(C(O)=O)C=C%24)C9=C7C%13(O)C5=C%15C3=C%18C%29%30C%20(O%30)C%31C%22C%23=C%32)=CC(C(O)=O)=CC8=CC6=C(C(O)=O)C4=C2)=C%29C%33=C%31C%32=C(C(O)=O)C=C%331,,,1.1760912590556811,10.1002_pc.24783_part_3.txt_¶Î1_Material1
OCC1OC(C(C(C1[*])O)O)OC2C(C(C(OC2CO)O[*])O)O,[*]OCC[*],,,,1.4800069429571503,10.1007_s10570-014-0493-y_part_2.txt_¶Î1_Material1
[*]CCC(CCCC(CCCC(C[*])C)C)C,[*]C(NC1=C(C)C(NC(OCCO[*])=O)=CC=C1)=O,,,,1.4935974490005268,10.1007_s10904-018-0931-7_part_2.txt_¶Î1_Material1
O=C([*])C(C)O[*],[*]OC1C(C(O)=O)OC(OC2C(NC(C)=O)C([*])OC(CO)C2O)C(O)C1O,,,,1.827369273053825,10.1002_app.49286_part_1.txt_¶Î1_Material4
O=C(C1=CC=C(C=C1)C(OCC[*])=O)O[*],[H][O-],[K+].[OH-],,,1.5371892262436446,10.1007_s10924-019-01418-x_part_1.txt_¶Î1_Material1
O=C([*])CCCCCN[*],[*]CC(CC=CCC([*])C1=CC=CC=C1)C#N,[*]C(C1=CC=CC=C1)CC2C(OC(C2[*])=O)=O,,,1.75815462196739,10.1080_00222348.2018.1543793_part_3.txt_¶Î1_Material2
[*]C([H])([H])C(O)([H])[*],[*]OCC[*],[*]CC[*],,,1.904715545278681,10.1002_app.46481_part_1.txt_¶Î1_Material3
[*]C1C(O)C(O)C(OC2C(O)C(O)C(O[*])OC2COC(C)=O)OC1COC(C)=O,O=S(C(C=C1)=CC=C1OC(C=C2)=CC=C2C(C)(C)C(C=C3)=CC=C3O[*])(C4=CC=C([*])C=C4)=O,[*]CC([*])N1CCCC1=O,,,0.5563025007672873,10.2166_wst.2017.122_part_3.txt_¶Î1_Material1
[*]C1OC(CCC)OC(C[*])C1,[Cu],,,,1.541579243946581,10.1016_j.powtec.2018.07.100_part_2.txt_¶Î1_Material1
O=C([*])C(C)O[*],O=C([*])C(C)O[*],O1C(=O)C=CC1=O,,,1.7730546933642626,10.1080_09276440.2015.1054743_part_2.txt_¶Î1_Material2
O=C([*])CCCCCN[*],[*]CCC(CCCCCC)C[*],[*]CC(C1=CC=CC=C1)[*],,,1.3820170425748683,10.1016_j.coco.2020.100413_part_2.txt_¶Î1_Material2
[*]C(NC1=C(C)C(NC(OCCO[*])=O)=CC=C1)=O,OCC1OC(C(C(C1[*])O)O)OC2C(C(C(OC2CO)O[*])O)O,CO[Si](OC)(OC)CCCOCC1CO1,,,1.2227164711475833,10.1002_app.51496_part_2.txt_¶Î1_Material1
[*]CC[*],[*]CC[*],[Al],,,1.271841606536499,10.32737_2221-8688-2020-1-33-39_OA_part_1.txt_¶Î1_Material4
[*]C(C)C[*],[*]C(C=C1)=CC=C1S[*],O=[Si]=O,,,1.507855871695831,10.1016_j.compscitech.2018.06.029_part_1.txt_¶Î1_Material1
[*]OCC[*],[*]C1C(C(C(OC1C(O[Na])=O)OC2C(C(O[Na])=O)OC(O[*])C(O)C2O)O)O,,,,1.499687082618404,10.1002_pen.23431_part_1.txt_¶Î1_Material1
[*]C(N(CN(C(OCOC(N(CN(C(OCCO[*])=O)[H])[H])=O)=O)[H])[H])=O,[*]O[Si](C)(C)[*],,,,1.146128035678238,10.1002_pen.23623_part_2.txt_¶Î1_Material1
[*]C(NC1=C(C)C(NC(OCCO[*])=O)=CC=C1)=O,[*]CCCCO[*],,,,1.7888751157754168,10.4236_ojopm.2016.61005_OA_part_2.txt_¶Î1_Material1
O=C(C1=CC=C(C=C1)C(OCC[*])=O)O[*],O=C([*])OC1=CC=C(C=C1)C(C)(C)C2=CC=C(C=C2)O[*],[*]C/C=C/CCC([*])C#N,,,1.3138672203691537,10.1080_03602559.2013.763349_part_2.txt_¶Î1_Material1
O=C([*])C(C)O[*],O=C(O)C([*])C[*],,,,1.6989700043360187,10.7569_jrm.2016.634126_part_1.txt_¶Î1_Material1
[*]CC[*],CCCCCCCCCCCCCCCCCCOC(CCC1=CC(C(C)(C)C)=C(C(C(C)(C)C)=C1)O)=O,CC1=CC(O)=C(C=C1CCCC(C2=C(C=C(C(C(C)(C)C)=C2)O)C)C3=CC(C(C)(C)C)=C(C=C3C)O)C(C)(C)C,,,1.4756711883244296,10.1007_s10965-019-1773-x_part_1.txt_¶Î1_Material1
[*]NCCCCCCCCCCCC([*])=O,[*]OCC[*],,,,1.66228551572213,10.1016_j.matchemphys.2019.122498_part_1.txt_¶Î1_Material1
OP(O)(O)=O,[*]NCC(NC(C(ONCC(NC(C(NCC(NC(C([*])=O)C)=O)=O)C)=O)=O)CO)=O,,,,1.155336037465062,10.3390_ma12050685_part_1.txt_¶Î1_Material1
[*]OCC[*],CC1=CC=C(C=C1N=C=O)N=C=O,[*]C1=CC=C([*])N1,,,1.4771212547196624,10.1080_03602559.2015.1132436_part_9.txt_¶Î1_Material2
[*]CC(COC1=CC=C(C=C1)C(C)(C)C2=CC=C(C=C2)O[*])O,[*]CC(C#N)[*],OC1=C2C(C3(O)C4C5C6=C7C8C(C9=CC(C(O)=O)=C(C=C(C=C%10C(O)=O)C%11%12)C(C%11=C%13C%14C%15%16C%17(O%16)C%18C%19=C%20C%21=C%22C(C(O)=C%23)=C%24C%25C%21=C%26C%19=C%27C%17=C%28C%14(O)C%12=C%10C=C%28CC%27=CC%26=CC%25=C(C(O)=O)C=C%24)C9=C7C%13(O)C5=C%15C3=C%18C%29%30C%20(O%30)C%31C%22C%23=C%32)=CC(C(O)=O)=CC8=CC6=C(C(O)=O)C4=C2)=C%29C%33=C%31C%32=C(C(O)=O)C=C%331,,,1.8739015978644613,10.1002_pc.25592_part_2.txt_¶Î1_Material1
O=C([*])CCCCCN[*],O=C([*])CCCCCN[*],,,,1.845098040014257,10.1007_s10853-013-7546-8_part_1.txt_¶Î1_Material1
[*]NCC(NC(C(ONCC(NC(C(NCC(NC(C([*])=O)C)=O)=O)C)=O)=O)CO)=O,OCC(C(C(C1N)O)O[*])OC1OC2C(OC(C(C2O)N)[*])CO,,,,1.717670503002262,10.1179_1432891715z.0000000002204_part_1.txt_¶Î1_Material2
O=C([*])C(C)O[*],[*]OC(CC(OC(CC([*])=O)CC)=O)C,[*]OCC[*],OCC1OC(C(C(C1[*])O)O)OC2C(C(C(OC2CO)O[*])O)O,,1.3222192947339193,10.1016_j.foodhyd.2018.04.045_part_3.txt_¶Î1_Material2
[*]C([H])([H])C(O)([H])[*],[*]CC[*],,,,1.1903316981702914,10.1007_s11814-016-0279-z_part_1.txt_¶Î1_Material1
[*]CC(COC1=CC=C(C=C1)C(C)(C)C2=CC=C(C=C2)O[*])O,O=[Al]O[Al]=O,,,,1.7058637122839193,10.1002_pc.25050_part_2.txt_¶Î1_Material1
NC1=CC=C(C=C1)/C2=C3C=C/C(N\3)=C(C4=N/C(C=C4)=C(C5=CC=C(N5)/C(C6=CC=CC=C6)=C7N=C2C=C\7)/C8=CC=CC=C8)\C9=CC=CC=C9,[*]CCCC([*])OC(C)=O,,,,1.110589710299249,10.1002_app.31630_part_2.txt_¶Î1_Material2
[*]CC(C(OC)=O)(CC(C/C=C/CCC(C1=CC=CC=C1)[*])C#N)C,O=[Si]=O,,,,1.4409090820652175,10.1016_j.cej.2015.09.066_part_1.txt_¶Î1_Material1
[*]C([H])([H])C(O)([H])[*],OCC(C(C(C1N)O)O[*])OC1OC2C(OC(C(C2O)N)[*])CO,O=[Al]O[Al]=O.O=[Si]=O.O=[Si]=O.O.O,,,1.0791812460476249,10.1002_vnl.20331_part_1.txt_¶Î1_Material2
O=C([*])C1=CC=C(C=C1)OC2=CC=C(C=C2)OC3=CC=C(C=C3)[*],[Zn]=O,,,,1.57978359661681,10.1177_0954008317723445_part_1.txt_¶Î1_Material1
[*]C(CCCCCO[*])=O,[*]OC1C(C(O)=O)OC(OC2C(NC(C)=O)C([*])OC(CO)C2O)C(O)C1O,,,,0.6464037262230695,10.1002_jbm.b.31788_part_1.txt_¶Î1_Material1
[*]CC[*],[*]CC[*],OCC1OC(C(C(C1[*])O)O)OC2C(C(C(OC2CO)O[*])O)O,,,1.5378190950732742,10.1007_s13726-017-0579-0_part_2.txt_¶Î1_Material1
[*]C([H])([H])C(O)([H])[*],OC1=C2C(C3(O)C4C5C6=C7C8C(C9=CC(C(O)=O)=C(C=C(C=C%10C(O)=O)C%11%12)C(C%11=C%13C%14C%15%16C%17(O%16)C%18C%19=C%20C%21=C%22C(C(O)=C%23)=C%24C%25C%21=C%26C%19=C%27C%17=C%28C%14(O)C%12=C%10C=C%28CC%27=CC%26=CC%25=C(C(O)=O)C=C%24)C9=C7C%13(O)C5=C%15C3=C%18C%29%30C%20(O%30)C%31C%22C%23=C%32)=CC(C(O)=O)=CC8=CC6=C(C(O)=O)C4=C2)=C%29C%33=C%31C%32=C(C(O)=O)C=C%331,[Zn]=O,,,1.1078880251827987,10.1016_j.ultsonch.2019.104731_part_1.txt_¶Î1_Material1
OCC1OC(C(C(C1[*])O)O)OC2C(C(C(OC2CO)O[*])O)O,[Ag],,,,1.6092741724045876,10.13005_ojc_340320_part_1.txt_¶Î1_Material4
OCC1OC(C(C(C1O[*])O)O)[*],[*]C([H])([H])C(O)([H])[*],,,,1.413299764081252,10.1016_j.foodhyd.2018.11.012_part_1.txt_¶Î1_Material1
O=C1C=CC(O1)=O.C=C,[*]C1=C(O)C(C(C)(C)C)=C(O)C(C)=C1SS[*],,,,1.0934216851622351,10.1016_j.compositesb.2013.03.032_part_1.txt_¶Î1_Material2
OCC(C(C(C1N)O)O[*])OC1OC2C(OC(C(C2O)N)[*])CO,[*]NC(C(N1CCCC1C(NCC(N2CC(CC2C(NC(C(NCC([*])=O)=O)CO)=O)O)=O)=O)=O)CCCCN,O=C(C1=COC(C2C(CO)=CCC12)O)OC,,,0.8959747323590646,10.3390_polym13071176_part_1.txt_¶Î1_Material1
[*]C([H])([H])C(O)([H])[*],OCC(C(C(C1N)O)O[*])OC1OC2C(OC(C(C2O)N)[*])CO,O=C([*])C(C)O[*],OCC(O)CO,,1.404833716619938,10.1080_03602559.2016.1275684_part_2.txt_¶Î1_Material2
O=C(C1=CC=C2C=C(C=CC2=C1)C([*])=O)OCCO[*],S=[Mo]=S,,,,1.9030899869919435,10.1016_j.ceramint.2020.04.253_part_1.txt_¶Î1_Material1
OCC1OC(C(C(C1[*])O)O)OC2C(C(C(OC2CO)O[*])O)O,[*]C1C(OC(C(C1O)O)OC2C(OC(C(C2O)O)O[*])CO)CO,,,,1.2624510897304295,10.1016_j.foodhyd.2018.07.017_part_7.txt_¶Î1_Material2
[*]C(NC1=C(C)C(NC(OCCO[*])=O)=CC=C1)=O,O=[Mg].O=[Si]=O.O=[Si]=O.O=[Si]=O.O=[Si]=O.O=[Mg].O=[Mg].O,,,,1.3979400086720375,10.1016_j.apsusc.2011.11.113_part_2.txt_¶Î1_Material1
[*]C(F)(C(F)([*])F)F,[*]NC(C1=CC=C2C(C(N(C2=O)C3=CC=C(C=C3)CC4=CC=C([*])C=C4)=O)=C1)=O,,,,1.1613680022349748,10.1016_j.matlet.2016.06.074_part_2.txt_¶Î1_Material1
[*]CC(C#N)[*],OCC1OC(C(C(C1[*])O)O)OC2C(C(C(OC2CO)O[*])O)O,,,,1.0285712526925377,10.1016_j.job.2018.09.002_part_4.txt_¶Î1_Material1
[*]C(N(CN(C(OCOC(N(CN(C(OCCO[*])=O)[H])[H])=O)=O)[H])[H])=O,[*]C(C)C[*],[*]C(C)C[*],OC1=C2C(C3(O)C4C5C6=C7C8C(C9=CC(C(O)=O)=C(C=C(C=C%10C(O)=O)C%11%12)C(C%11=C%13C%14C%15%16C%17(O%16)C%18C%19=C%20C%21=C%22C(C(O)=C%23)=C%24C%25C%21=C%26C%19=C%27C%17=C%28C%14(O)C%12=C%10C=C%28CC%27=CC%26=CC%25=C(C(O)=O)C=C%24)C9=C7C%13(O)C5=C%15C3=C%18C%29%30C%20(O%30)C%31C%22C%23=C%32)=CC(C(O)=O)=CC8=CC6=C(C(O)=O)C4=C2)=C%29C%33=C%31C%32=C(C(O)=O)C=C%331,,1.0969100130080565,10.3139_217.2299_part_1.txt_¶Î1_Material1
OC1=C(C=CC=C1CC2=CC=CC([*])=C2O)CC3=CC=CC([*])=C3O,[*]CC(COC1=CC=C(C=C1)C(C)(C)C2=CC=C(C=C2)O[*])O,,,,1.611723308007342,10.4028_www.scientific.net_kem.531-532.73_part_1.txt_¶Î1_Material1
[*]CC(COC1=CC=C(C=C1)C(C)(C)C2=CC=C(C=C2)O[*])O,O=C(C1=CC=C(C=C1)C(OCC[*])=O)O[*],O=C(C1=CC=C(C([*])=O)C=C1)NC2=CCC(N[*])C=C2,,,1.930949031167523,10.46754_umtjur.v2i2.110_OA_part_1.txt_¶Î1_Material1
FC(F)([*])C([H])([*])[H],[*]CC([*])N1CCCC1=O,,,,0.6599162000698503,10.1002_app.50229_part_2.txt_¶Î1_Material1
[*]C([C@H](C)OC([C@H](C)O[*])=O)=O,[*]CC(OC(O[*])=O)C,,,,1.7723217067229198,10.1016_j.apsusc.2017.10.114_part_2.txt_¶Î1_Material1
O=C([*])CCCCCN[*],[*]C/C=C/CCC([*])C#N,[*]C/C=C/CCC([*])C#N,,,1.5440680443502757,10.1016_j.compositesb.2015.12.042_part_5.txt_¶Î1_Material1
[*]C1C(C(C(OC1C(O[Na])=O)OC2C(C(O[Na])=O)OC(O[*])C(O)C2O)O)O,O=C(C(C[*])[*])N,OC1=C2C(C3(O)C4C5C6=C7C8C(C9=CC(C(O)=O)=C(C=C(C=C%10C(O)=O)C%11%12)C(C%11=C%13C%14C%15%16C%17(O%16)C%18C%19=C%20C%21=C%22C(C(O)=C%23)=C%24C%25C%21=C%26C%19=C%27C%17=C%28C%14(O)C%12=C%10C=C%28CC%27=CC%26=CC%25=C(C(O)=O)C=C%24)C9=C7C%13(O)C5=C%15C3=C%18C%29%30C%20(O%30)C%31C%22C%23=C%32)=CC(C(O)=O)=CC8=CC6=C(C(O)=O)C4=C2)=C%29C%33=C%31C%32=C(C(O)=O)C=C%331,,,-0.698970004,10.1039_c3ta10639j_part_2.txt_¶Î1_Material3
OCC1OC(C(C(C1[*])O)O)OC2C(C(C(OC2CO)O[*])O)O,[Na+].[Cl-],,,,2.2121876044039577,10.1007_s10570-016-1114-8_part_1.txt_¶Î1_Material1
[*]C1OC(CCC)OC(C[*])C1,[Ag+],,,,1.651278013998144,10.1016_j.apsusc.2017.07.286_part_1.txt_¶Î1_Material1
O=C([*])OC1=CC=C(C=C1)C(C)(C)C2=CC=C(C=C2)O[*],CCCCCCCC/C=C\CCCCCCCC(O[C@@H](COP([O-])(OCC[N+](C)(C)C)=O)COC(CCCCCCCCCCCCCCC)=O)=O,O=[Si]=O,,,1.7411515988517852,10.1002_pat.4064_part_2.txt_¶Î1_Material1
OP(O)(O)=O,OCC1OC(C(C(C1[*])O)O)OC2C(C(C(OC2CO)O[*])O)O,O=C=NC(C=C1)=CC=C1CC2=CC=C(C=C2)N=C=O,,,1.639486489268586,10.1007_s10965-019-1783-8_part_1.txt_¶Î1_Material1
[*]CC[*],O=C1C=CC(O1)=O.C=C,OCC1OC(C(C(C1[*])O)O)OC2C(C(C(OC2CO)O[*])O)O,,,1.8750612633917,10.3390_ma6062483_part_1.txt_¶Î1_Material1
[*]C1C(OC(C(C1O)O)OC2C(OC(C(C2O)O)O[*])CO)CO,[*]C(CCCCC(OCCCCO[*])=O)=O,[Zn]=O,,,1.4189638307036223,10.3390_pr8030329_part_3.txt_¶Î1_Material2
[*]C([C@H](C)OC([C@H](C)O[*])=O)=O,[*]OCCCCOC(CCC([*])=O)=O,[*]OCC[*],,,1.921686475483602,10.1002_pat.1672_part_1.txt_¶Î1_Material1
[*]C([H])([H])C(O)([H])[*],OCC1OC(C(C(C1[*])O)O)OC2C(C(C(OC2CO)O[*])O)O,[*]NC(C(N1CCCC1C(NCC(N2CC(CC2C(NC(C(NCC([*])=O)=O)CO)=O)O)=O)=O)=O)CCCCN,[Ag],,1.5314789170422551,10.1007_s10965-013-0177-6_part_2.txt_¶Î1_Material2
[*]C([H])([H])C(O)([H])[*],[*]CC(C1=CC=CC=C1)[*],OCC1OC(C(C(C1[*])O)O)OC2C(C(C(OC2CO)O[*])O)O,,,1.6989700043360187,10.1016_j.colsurfa.2018.08.017_part_2.txt_¶Î1_Material1
[*]CC(CC=CCC([*])C1=CC=CC=C1)C#N,O=C(C1=CC=C(C=C1)C(OCC[*])=O)O[*],O=[Al]O[Al]=O.O=[Si]=O.O=[Si]=O.O=[Si]=O,,,1.4885507165004443,10.1515_polyeng-2011-0125_part_2.txt_¶Î1_Material1
[*]C(CCCCCO[*])=O,[*]NC(C(N1CCCC1C(NCC(N2CC(CC2C(NC(C(NCC([*])=O)=O)CO)=O)O)=O)=O)=O)CCCCN,OCC1OC(C(C(C1[*])O)O)OC2C(C(C(OC2CO)O[*])O)O,[*]OC1C(C(O)=O)OC(OC2C(NC(C)=O)C([*])OC(CO)C2O)C(O)C1O,,0.1986570869544226,10.3390_polym12091962_part_2.txt_¶Î1_Material4
O=C(C(C[*])[*])N,[*]NC(C(N1CCCC1C(NCC(N2CC(CC2C(NC(C(NCC([*])=O)=O)CO)=O)O)=O)=O)=O)CCCCN,OC(C1=CC=CC=C1C(C(C=CC(N(CC)CC)=C2)=C2O3)=C4C3=C/C(C=C4)=[N+](CC)\CC)=O,,,-0.244125144,10.1016_j.polymer.2021.123786_part_2.txt_¶Î1_Material1
C/C(C[*])=C/C[*],[*]C1C(C(C(OC1C(O[Na])=O)OC2C(C(O[Na])=O)OC(O[*])C(O)C2O)O)O,,,,1.3979400086720375,10.1016_j.carbpol.2013.08.001_part_1.txt_¶Î1_Material1
[*]C(C)C[*],CCCCCCCCCCCCCCCC[N+](C)(C)C.[Br-],[*]CC(CCCC(CC)CC([*])C1=CC=CC=C1)C2=CC=CC=C2,,,1.6033609243483804,10.1007_s10570-021-03995-4_part_1.txt_¶Î1_Material1
O=C([*])CCCCCN[*],O=C(C1=CC=C(C([*])=O)C=C1)NC2=CCC(N[*])C=C2,,,,1.3010299956639813,10.1515_epoly-2022-8112_OA_part_2.txt_¶Î1_Material1
O=C([*])C(C)O[*],[*]OCCCCOC(CCC([*])=O)=O,OC(C(C)(CC(C1=CC=CC=C1)[*])CC(C[*])(C(OCC2CO2)=O)C)=O,,,1.7134905430939424,10.1016_j.polymer.2015.10.038_part_3.txt_¶Î1_Material1
[*]CC(C1=CC=CC=C1)[*],O=C([*])CCCCCN[*],,,,1.462397997898956,10.1007_s00396-021-04820-x_part_2.txt_¶Î1_Material1
[*]OCC[*],O=C([*])CCCCCN[*],OC1=C2C(C3(O)C4C5C6=C7C8C(C9=CC(C(O)=O)=C(C=C(C=C%10C(O)=O)C%11%12)C(C%11=C%13C%14C%15%16C%17(O%16)C%18C%19=C%20C%21=C%22C(C(O)=C%23)=C%24C%25C%21=C%26C%19=C%27C%17=C%28C%14(O)C%12=C%10C=C%28CC%27=CC%26=CC%25=C(C(O)=O)C=C%24)C9=C7C%13(O)C5=C%15C3=C%18C%29%30C%20(O%30)C%31C%22C%23=C%32)=CC(C(O)=O)=CC8=CC6=C(C(O)=O)C4=C2)=C%29C%33=C%31C%32=C(C(O)=O)C=C%331,,,0.9731278535996988,10.1002_app.51506_part_3.txt_¶Î1_Material2
[*]CCCC([*])OC(C)=O,O=[Fe]O[Fe]=O,O=[Si]=O,,,1.3010299956639813,10.1016_j.mtcomm.2021.102114_part_2.txt_¶Î1_Material1
O=C([*])C(C)O[*],OP(O)(O)=O,OCC1OC(C(C(C1[*])O)O)OC2C(C(C(OC2CO)O[*])O)O,,,1.6937269489236468,10.1007_s00289-021-03567-3_part_3.txt_¶Î1_Material2
OP(O)(O)=O,[*]C([H])([H])C(O)([H])[*],,,,1.6739419986340878,10.1007_s00396-020-04773-7_part_2.txt_¶Î1_Material1
O=C([*])CCCCCN[*],[*]CCCC(C1C([*])C2CC1C/C2=C/C)C,[*]CC[*],,,1.7168377232995244,10.1016_j.polymer.2014.11.027_part_2.txt_¶Î1_Material2
[*]C(C)C[*],[*]CC(CC=CCC([*])C1=CC=CC=C1)C#N,C12=C3C(C=CC4C3=C5C(CC6=CC7=C8C9=C(C(C=C%10)=CC=C9C=C7)C%11=C%10C%12)=CC4)=CC=C1C=C%12C%13=C%11C8=C6C5=C2%13,,,1.6020599913279625,10.1002_pat.5227_part_1.txt_¶Î1_Material1
C/C(C[*])=C/C[*],COC(C(C[*])([*])C)=O,,,,1.3891660843645324,10.1002_app.34991_part_1.txt_¶Î1_Material1
[*]C([C@H](C)OC([C@H](C)O[*])=O)=O,[*]OCCCCOC(CCC([*])=O)=O,,,,1.6794278966121188,10.1016_j.polymdegradstab.2016.11.022_part_6.txt_¶Î1_Material1
OCC(C(C(C1N)O)O[*])OC1OC2C(OC(C(C2O)N)[*])CO,[*]CC([*])N1CCCC1=O,,,,1.562768543016519,10.1515_polyeng-2019-0169_part_2.txt_¶Î1_Material2
[*]C1C(OC(C(C1O)O)OC2C(OC(C(C2O)O)O[*])CO)CO,[*]C1C(OC(C(C1O)O)OC2C(OC(C(C2O)O)O[*])CO)CO,OCC(O)CO,,,0.8095597146352678,10.1016_j.carbpol.2016.08.034_part_3.txt_¶Î1_Material1
[*]OC1=C(C([*])=CC=C1C)C,[*]CC[*],[*]CC(C1=CC=CC=C1)[*],,,1.8388490907372552,10.1080_03602559.2016.1233259_part_2.txt_¶Î1_Material1
C[Si](O[*])(C)[*],[*]C(F)(C(F)([*])F)F,OC1=C2C(C3(O)C4C5C6=C7C8C(C9=CC(C(O)=O)=C(C=C(C=C%10C(O)=O)C%11%12)C(C%11=C%13C%14C%15%16C%17(O%16)C%18C%19=C%20C%21=C%22C(C(O)=C%23)=C%24C%25C%21=C%26C%19=C%27C%17=C%28C%14(O)C%12=C%10C=C%28CC%27=CC%26=CC%25=C(C(O)=O)C=C%24)C9=C7C%13(O)C5=C%15C3=C%18C%29%30C%20(O%30)C%31C%22C%23=C%32)=CC(C(O)=O)=CC8=CC6=C(C(O)=O)C4=C2)=C%29C%33=C%31C%32=C(C(O)=O)C=C%331,,,1.4471580313422192,10.1177_096739111001800605_part_1.txt_¶Î1_Material1
[*]CCCCO[*],O=C=NC(C=C1)=CC=C1CC2=CC=C(C=C2)N=C=O,[S],,,1.1760912590556811,10.1007_s00289-017-2088-x_part_5.txt_¶Î1_Material5
FC(F)([*])C([H])([*])[H],O=C(C1=CC=C(C=C1)C(OCC[*])=O)O[*],O=[Al]O[Al]=O,,,1.6020599913279625,10.1016_j.memsci.2020.118481_part_3.txt_¶Î1_Material2
[*]CC(CC=CCC([*])C1=CC=CC=C1)C#N,O=C(C1=CC=C(C=C1)C(OCC[*])=O)O[*],[*]CC(CC=CCC([*])C1=CC=CC=C1)C#N,,,1.6464037262230695,10.1080_03602559.2014.1003225_part_2.txt_¶Î1_Material1
[*]C1C(OC(C(C1O)O)OC2C(OC(C(C2O)O)O[*])CO)CO,[*]C(CCCCCO[*])=O,OCC1OC(C(C(C1[*])O)O)OC2C(C(C(OC2CO)O[*])O)O,,,1.591064607026499,10.1002_app.42220_part_3.txt_¶Î1_Material1
[*]CC(COC1=CC=C(C=C1)C(C)(C)C2=CC=C(C=C2)O[*])O,[*]OC1OC(CO)C(OC2C(O)C(O)C([*])C(CO)O2)C(O)C1O,N(CC)(CC)CC,,,1.9845273133437928,10.1080_03602559.2011.553860_part_1.txt_¶Î1_Material2
O=C([*])C(C)O[*],[*]OC(CC(OC(CC([*])=O)CC)=O)C,,,,1.6334684555795864,10.3144_expresspolymlett.2018.10_part_2.txt_¶Î1_Material1
NC1=CC=C(C=C1)/C2=C3C=C/C(N\3)=C(C4=N/C(C=C4)=C(C5=CC=C(N5)/C(C6=CC=CC=C6)=C7N=C2C=C\7)/C8=CC=CC=C8)\C9=CC=CC=C9,[*]CC[*],,,,1.1986570869544226,10.3144_expresspolymlett.2010.88_part_2.txt_¶Î1_Material4
[*]C(CCCCCO[*])=O,[*]NC(C(N1CCCC1C(NCC(N2CC(CC2C(NC(C(NCC([*])=O)=O)CO)=O)O)=O)=O)=O)CCCCN,OCC1OC(C(C(C1[*])O)O)OC2C(C(C(OC2CO)O[*])O)O,,,0.5105450102066121,10.1007_s00289-019-02756-5_part_1.txt_¶Î1_Material1
O=C([*])C(C)O[*],[*]C(CCCCC(OCCCCO[*])=O)=O,OC(C(C)(CC(C1=CC=CC=C1)[*])CC(C[*])(C(OCC2CO2)=O)C)=O,,,1.414973347970818,10.3390_polym13152489_part_4.txt_¶Î1_Material1
[*]OCCCCOC(CCC([*])=O)=O,[*]C1C(OC(C(C1O)O)OC2C(OC(C(C2O)O)O[*])CO)CO,[H][O-],,,1.2405492482825995,10.1016_j.polymertesting.2016.01.015_part_2.txt_¶Î1_Material1
O=C([*])C(C)O[*],[*]CC(C1=CC=CC=C1)[*],,,,1.4972061807039545,10.1002_app.45799_part_1.txt_¶Î1_Material1
[*]C([C@H](C)OC([C@H](C)O[*])=O)=O,[*]OCCCCOC(CCC([*])=O)=O,OC(C(C)(CC(C1=CC=CC=C1)[*])CC(C[*])(C(OCC2CO2)=O)C)=O,,,1.6020599913279625,10.1016_j.mtcomm.2020.101852_part_2.txt_¶Î1_Material1
O=C(CCCCC(N(CCCCCCN([*])[H])[H])=O)[*],O=C(CCCCC(N(CCCCCCN([*])[H])[H])=O)[*],,,,1.8567288903828827,10.1038_srep37010_part_1.txt_¶Î1_Material1
[*]C(C(OC(CO[*])=O)C)=O,[*]C(CCCCCO[*])=O,[*]NC(C)C(N1CCCC1C([*])=O)=O,[*]C1=C(C=CN2)C2=C([*])C(O)=C1O,,0.541579243946581,10.2147_ijn.s110577_part_2.txt_¶Î1_Material1
[*]C([C@H](C)OC([C@H](C)O[*])=O)=O,[*]C1C(OC(C(C1O)O)OC2C(OC(C(C2O)O)O[*])CO)CO,C=C([CH3])C(=O)OC([CH3])[CH3],OC1=C2C(C3(O)C4C5C6=C7C8C(C9=CC(C(O)=O)=C(C=C(C=C%10C(O)=O)C%11%12)C(C%11=C%13C%14C%15%16C%17(O%16)C%18C%19=C%20C%21=C%22C(C(O)=C%23)=C%24C%25C%21=C%26C%19=C%27C%17=C%28C%14(O)C%12=C%10C=C%28CC%27=CC%26=CC%25=C(C(O)=O)C=C%24)C9=C7C%13(O)C5=C%15C3=C%18C%29%30C%20(O%30)C%31C%22C%23=C%32)=CC(C(O)=O)=CC8=CC6=C(C(O)=O)C4=C2)=C%29C%33=C%31C%32=C(C(O)=O)C=C%331,,1.6222140229662954,10.1002_mame.201200111_part_2.txt_¶Î1_Material1
O=C(C1=CC=C(C=C1)C(OCC[*])=O)O[*],O=C(CCCCC(N(CCCCCCN([*])[H])[H])=O)[*],,,,2.1903316981702914,10.1590_1516-1439.281914_part_2.txt_¶Î1_Material2
[*]C1=CC=C([*])N1,[*]CC(CC(C=C)([*])C)C1=CC=CC=C1,,,,1.0569048513364727,10.3390_polym12020353_part_3.txt_¶Î1_Material1
O=C([*])CCCCCN[*],[*]CCCC(C1C([*])C2CC1C/C2=C/C)C,[*]CCCC(C1C([*])C2CC1C/C2=C/C)C,,,1.8621313793130367,10.1002_app.33975_part_1.txt_¶Î1_Material1
[*]CC([*])Cl,[Ti](OCCCC)(OCCCC)(OCCCC)OCCCC,,,,1.110589710299249,10.1002_pc.25646_part_1.txt_¶Î1_Material3
FC(F)([*])C([H])([*])[H],OCC1OC(C(C(C1[*])O)O)OC2C(C(C(OC2CO)O[*])O)O,,,,1.6384892569546374,10.3390_polym11071091_part_4.txt_¶Î1_Material2
[*]NC(C)C(N1CCCC1C([*])=O)=O,OCC(O)CO,OCC1OC(C(C(C1[*])O)O)OC2C(C(C(OC2CO)O[*])O)O,,,1.6901960800285136,10.1007_s10570-017-1218-9_part_3.txt_¶Î1_Material3
O=C([*])C(C)O[*],[*]C(N(CN(C(OCOC(N(CN(C(OCCO[*])=O)[H])[H])=O)=O)[H])[H])=O,,,,1.462397997898956,10.1007_s10570-018-2061-3_part_4.txt_¶Î1_Material1
[*]C(C1=CC=C(C(OCCCCO[*])=O)C=C1)=O,O=C([*])CCCCCN[*],[C],,,1.4727564493172125,10.15587_1729-4061.2024.299067_OA_part_1.txt_¶Î1_Material1
[*]CC[*],OCC1OC(C(C(C1[*])O)O)OC2C(C(C(OC2CO)O[*])O)O,[H][Si]([H])([H])[H],,,1.3441957158714348,10.1177_0021998314535959_part_1.txt_¶Î1_Material1
[*]CC(C)(C(OCCO)=O)[*],O=C(C(C[*])[*])N,,,,-0.346787486,10.1038_s41427-019-0123-0_part_1.txt_¶Î1_Material1
[*]C(CCCCCO[*])=O,O=C(C1=COC(C2C(CO)=CCC12)O)OC,,,,0.7958800173440752,10.1016_j.reactfunctpolym.2019.104445_part_3.txt_¶Î1_Material1
[*]OCCCOC(C1=CC=C(C([*])=O)C=C1)=O,C/C(C[*])=C/C[*],OC1=C2C(C3(O)C4C5C6=C7C8C(C9=CC(C(O)=O)=C(C=C(C=C%10C(O)=O)C%11%12)C(C%11=C%13C%14C%15%16C%17(O%16)C%18C%19=C%20C%21=C%22C(C(O)=C%23)=C%24C%25C%21=C%26C%19=C%27C%17=C%28C%14(O)C%12=C%10C=C%28CC%27=CC%26=CC%25=C(C(O)=O)C=C%24)C9=C7C%13(O)C5=C%15C3=C%18C%29%30C%20(O%30)C%31C%22C%23=C%32)=CC(C(O)=O)=CC8=CC6=C(C(O)=O)C4=C2)=C%29C%33=C%31C%32=C(C(O)=O)C=C%331,,,1.6232492903979006,10.1021_acsomega.8b00490_part_1.txt_¶Î1_Material1
O=C(O[Na])COCC(OC(C(C1O)O)[*])C1OC(C(C(C2O[*])O)O)OC2COCC(O[Na])=O,O=C(C1=CC=C(C=C1)C(OCC[*])=O)O[*],,,,2.0926153909415546,10.1007_s11694-021-00880-3_part_1.txt_¶Î1_Material1
[*]CC[*],[*]C1C(OC(C(C1O)O)OC2C(OC(C(C2O)O)O[*])CO)CO,[*]OCC[*],,,1.130333768495006,10.1002_pi.5592_part_3.txt_¶Î1_Material1
O=C([*])C(C)O[*],[*]C(CCCCCO[*])=O,C=C(C(OCC1CO1)=O)C,,,1.6693168805661125,10.1155_2013_976373_part_1.txt_¶Î1_Material1
[*]NCCCCCCCCCCCC([*])=O,O=[Zr]=O,[*]OC1C(C(O)=O)OC(OC2C(NC(C)=O)C([*])OC(CO)C2O)C(O)C1O,,,1.7160033436347992,10.11113_jt.v76.5717_part_1.txt_¶Î1_Material1
OCC1OC(C(C(C1O[*])O)O)[*],C=C([CH3])C(=O)O[CH3],,,,1.5314789170422551,10.3390_polym12112618_part_2.txt_¶Î1_Material2
O=C([*])CCCCCN[*],OC1=C2C(C3(O)C4C5C6=C7C8C(C9=CC(C(O)=O)=C(C=C(C=C%10C(O)=O)C%11%12)C(C%11=C%13C%14C%15%16C%17(O%16)C%18C%19=C%20C%21=C%22C(C(O)=C%23)=C%24C%25C%21=C%26C%19=C%27C%17=C%28C%14(O)C%12=C%10C=C%28CC%27=CC%26=CC%25=C(C(O)=O)C=C%24)C9=C7C%13(O)C5=C%15C3=C%18C%29%30C%20(O%30)C%31C%22C%23=C%32)=CC(C(O)=O)=CC8=CC6=C(C(O)=O)C4=C2)=C%29C%33=C%31C%32=C(C(O)=O)C=C%331,,,,1.7881683711411678,10.1016_j.apsusc.2018.04.274_part_5.txt_¶Î1_Material2
[*]CC[*],[*]OCC[*],O=C1C=CC(O1)=O.C=C,,,1.4393326938302626,10.1002_app.42701_part_2.txt_¶Î1_Material1
OCC1OC(C(C(C1O[*])O)NC(C)=O)OC2C(O)C(C(OC2CO)[*])NC(C)=O,[*]C(NC1=C(C)C(NC(OCCO[*])=O)=CC=C1)=O,,,,1.1139433523068367,10.1002_pi.2833_part_2.txt_¶Î1_Material1
OCC(C(C(C1N)O)O[*])OC1OC2C(OC(C(C2O)N)[*])CO,[*]OC1C(C(OC(C1O)OC2C3C(C(OC2CO3)[*])O)CO)O,[*]C([H])([H])C(O)([H])[*],,,1.7055216134226672,10.1155_2011_543587_part_1.txt_¶Î1_Material1
O=C(O)C([*])C[*],OCC1OC(C(C(C1[*])O)O)OC2C(C(C(OC2CO)O[*])O)O,[Al+3],,,0.4771212547196624,10.1007_s10570-020-03543-6_part_4.txt_¶Î1_Material3
OS(C(F)(F)C(F)(F)OC(C(F)(F)O/C(F)=C(F)\F)(C(F)(F)F)F)(=O)=O.F/C(F)=C(F)/F,[*]C(F)(C(F)([*])F)F,,,,1.5171958979499742,10.1016_j.memsci.2021.119453_part_2.txt_¶Î1_Material3
C[Si](C)(C[*])O[*],O=[Al]O[Al]=O.O=[Si]=O.O=[Si]=O.O=[Si]=O,,,,-0.48148606,10.1002_pc.25513_part_1.txt_¶Î1_Material1
[*]C(C)C[*],[*]C/C=C/CCC([*])C#N,O=C(O)CCCCCCCCCCCCCCCCC,,,1.0969100130080565,10.1088_1755-1315_765_1_012037_part_1.txt_¶Î1_Material1
[*]C([H])([H])C(O)([H])[*],[*]C1=CC=C([*])N1,[*]NC(C(N1CCCC1C(NCC(N2CC(CC2C(NC(C(NCC([*])=O)=O)CO)=O)O)=O)=O)=O)CCCCN,Cl[Fe](Cl)Cl,,1.515873843711679,10.1021_acsami.0c14503_part_2.txt_¶Î1_Material1
[*]C(NC1=C(C)C(NC(OCCO[*])=O)=CC=C1)=O,O=C([*])CCCCCCCCCCC(NCCCCCCN[*])=O,C12=C3C(C=CC4C3=C5C(CC6=CC7=C8C9=C(C(C=C%10)=CC=C9C=C7)C%11=C%10C%12)=CC4)=CC=C1C=C%12C%13=C%11C8=C6C5=C2%13,,,1.724275869600789,10.1080_1023666x.2017.1312746_part_3.txt_¶Î1_Material2
[*]C(C)C[*],[*]CC(CC[*])O,O=[Al]O[Al]=O.O=[Si]=O.O=[Si]=O.O=[Si]=O,,,1.3979400086720375,10.3390_polym13050705_part_3.txt_¶Î1_Material4
[*]C(NC1=C(C)C(NC(OCCO[*])=O)=CC=C1)=O,O=C(OC1=CC=CC=C1)OC1=CC=CC=C1,,,,1.8195439355418688,10.4236_ojopm.2016.61005_OA_part_2.txt_¶Î1_Material3
[*]CC(COC1=CC=C(C=C1)C(C)(C)C2=CC=C(C=C2)O[*])O,O=C(C1=CC=C(C([*])=O)C=C1)NC2=CCC(N[*])C=C2,,,,1.930949031167523,10.46754_umtjur.v2i2.110_OA_part_2.txt_¶Î1_Material1
O=C([*])C(C)O[*],NC1=CC=C(C=C1)/C2=C3C=C/C(N\3)=C(C4=N/C(C=C4)=C(C5=CC=C(N5)/C(C6=CC=CC=C6)=C7N=C2C=C\7)/C8=CC=CC=C8)\C9=CC=CC=C9,[H][O-],,,1.7641761323903309,10.4028_www.scientific.net_amr.183-185.2227_part_1.txt_¶Î1_Material1
O=C([*])C(C)O[*],C(C1=CC=C(N2C(=O)C=CC2=O)C=C1)C1=CC=C(N2C(=O)C=CC2=O)C=C1,C(C1=CC=C(N2C(=O)C=CC2=O)C=C1)C1=CC=C(N2C(=O)C=CC2=O)C=C1,,,1.7363965022766426,10.1016_j.compscitech.2013.09.009_part_1.txt_¶Î1_Material1
[*]CC(C#N)[*],OCC1OC(C(C(C1[*])O)O)OC2C(C(C(OC2CO)O[*])O)O,O=[Ti]=O,O=[Si]=O,,1.6989700043360187,10.1016_j.matdes.2017.07.050_part_1.txt_¶Î1_Material1
[*]C(NC1=C(C)C(NC(OCCO[*])=O)=CC=C1)=O,[*]CC(C1=CC=CC=C1)C/C=C/C[*],,,,0.9590413923210936,10.3390_app9214694_part_3.txt_¶Î1_Material1
FC(F)([*])C([H])([*])[H],[*]CC([*])N1CCCC1=O,[*]CC(C1=CC=C(C=C1)S(O)(=O)=O)[*],,,1.1931245983544616,10.1039_c8tc02360c_part_2.txt_¶Î1_Material2
[*]C/C=C/CCC(C=C)CC([*])C1=CC=CC=C1,[*]C/C=C/CCC(C=C)CC([*])C1=CC=CC=C1,O=[Si]=O,,,0.9800033715837464,10.3390_polym11061000_part_2.txt_¶Î1_Material1
O=C([*])C(C)O[*],[*]C1C(OC(C(C1O)O)OC2C(OC(C(C2O)O)O[*])CO)CO,O=C([*])C(C)O[*],,,1.2068258760318498,10.1007_s10924-018-1206-7_part_2.txt_¶Î1_Material1
[*]C(C=C1)=CC=C1S[*],O=C(C1=CC=C(C=C1)C(OCC[*])=O)O[*],C12=CC3=CC4=CC=CN=C4N=C3N=C1N=C5N=C6N=CC=CC6=CC5=C2,,,1.954242509439325,10.1002_pc.25234_part_1.txt_¶Î1_Material1
[*]CC[*],[*]CC([*])CC,,,,1.1344958558346736,10.1155_2014_654260_part_2.txt_¶Î1_Material1
CC(C)[Si](C(C)C)(OS(=O)(C(F)(F)F)=O)C(C)C,O=C(C1=CC=C(C=C1)C(OCC[*])=O)O[*],,,,1.6989700043360187,10.1155_2020_2381504_part_3.txt_¶Î1_Material1
[*]CC(OC(O[*])=O)C,O=C([*])C(C)O[*],,,,1.4471580313422192,10.1016_j.compscitech.2016.01.023_part_2.txt_¶Î1_Material1
[*]NC(C(N1CCCC1C(NCC(N2CC(CC2C(NC(C(NCC([*])=O)=O)CO)=O)O)=O)=O)=O)CCCCN,[*]C([H])([H])C(O)([H])[*],O=[Si]=O,,,1.2564772062416767,10.1111_jfpe.12817_part_1.txt_¶Î1_Material1
O=C(C(C[*])[*])N,OC(C1=CC=CC=C1C(C(C=CC(N(CC)CC)=C2)=C2O3)=C4C3=C/C(C=C4)=[N+](CC)\CC)=O,,,,-0.346787486,10.1016_j.eurpolymj.2019.05.033_part_4.txt_¶Î1_Material1
O=C(C1=CC=C(C=C1)C(OCC[*])=O)O[*],[*]CC([*])N1CCCC1=O,[Fe]12O[Fe]O[Fe](O2)O1,,,1.662757831681574,10.1002_pc.26288_part_2.txt_¶Î1_Material1
[*]O[C@H](C)CC([*])=O,[*]NCC(NC(C(ONCC(NC(C(NCC(NC(C([*])=O)C)=O)=O)C)=O)=O)CO)=O,,,,1.0606978403536116,10.5402_2011_389872_part_1.txt_¶Î1_Material1
O=C([*])C(C)O[*],[*]OCCCCOC(CCC([*])=O)=O,,,,1.6989700043360187,10.1002_app.48654_part_2.txt_¶Î1_Material1
[*]CCCCO[*],[*]OCC[*],,,,1.1398790864012365,10.1016_j.polymer.2018.04.010_part_4.txt_¶Î1_Material1
[*]CCCC([*])OC(C)=O,[*][C@H]1[C@H](O)[C@@H](O)[C@H](OC2C(O)C(OC(C)=O)C(O[*])OC2CO)O[C@@H]1CO,,,,1.1702617153949575,10.1021_am200940z_part_2.txt_¶Î1_Material3
O=C([*])OC1=CC=C(C=C1)C(C)(C)C2=CC=C(C=C2)O[*],[*]C1OC(CCC)OC(C[*])C1,,,,1.7481880270062005,10.1007_s40430-015-0380-y_part_1.txt_¶Î1_Material1
[*]C(C)C[*],[*]CC[*],OCC1OC(C(C(C1[*])O)O)OC2C(C(C(OC2CO)O[*])O)O,,,1.5877109650189114,10.1016_j.compscitech.2020.108395_part_2.txt_¶Î1_Material1
[*]C(C)C[*],[Mg],,,,1.3783979009481375,10.1007_s13726-017-0593-2_part_2.txt_¶Î1_Material1
[*]CC(C#N)[*],[*]CC[*],C[Si](C)(C[*])O[*],,,1.6608654780038692,10.1016_j.ces.2013.11.043_part_1.txt_¶Î1_Material1
[*]C(CCCCC(OCCCCO[*])=O)=O,[*]CC(C1=CC=CC=C1)[*],[*]OC1C(C(OC(C1O)OC2C3C(C(OC2CO3)[*])O)CO)O,,,0.9242792860618816,10.1021_acsapm.0c00892_part_1.txt_¶Î1_Material1
[*]C(C)C[*],O=C(O[Na])COCC(OC(C(C1O)O)[*])C1OC(C(C(C2O[*])O)O)OC2COCC(O[Na])=O,,,,1.539452491549461,10.1007_s10853-021-06383-2_part_3.txt_¶Î1_Material1
[*]C/C=C/CCC([*])C#N,[C],[Zn]=O,[*]C1C(C(C(OC1C(O[Na])=O)OC2C(C(O[Na])=O)OC(O[*])C(O)C2O)O)O,,1.2201080880400552,10.1002_pc.24699_part_1.txt_¶Î1_Material1
[*]OCCOC(CC(C([*])=O)C(C1CCCCC1)CC(CC(O)=O)C(OCCO)=O)=O,[*]C(NC1=C(C)C(NC(OCCO[*])=O)=CC=C1)=O,[*]OC1OC(CO)C(OC2C(O)C(O)C([*])C(CO)O2)C(O)C1O,,,1.894648303793517,10.1177_0967391119852882_part_2.txt_¶Î1_Material2
O=C([*])OC1=CC=C(C=C1)C(C)(C)C2=CC=C(C=C2)O[*],NCCC[Si](OCC)(OCC)OCC,,,,1.7831886910752577,10.1002_pc.23370_part_2.txt_¶Î1_Material2
[*]C(C)C[*],CCCCCCCCCCCCCCCC[N+](C)(C)C.[Br-],,,,1.515343893088381,10.1007_s10853-021-06383-2_part_3.txt_¶Î1_Material2
O=C([*])OC1=CC=C(C=C1)C(C)(C)C2=CC=C(C=C2)O[*],[*]C(C1=CC=C(C(OCCCCO[*])=O)C=C1)=O,C=C(C(OCC1CO1)=O)C,,,1.7821858664920165,10.1088_2053-1591_aaa25c_part_3.txt_¶Î1_Material1
[*]C1C(OC(C(C1O)O)OC2C(OC(C(C2O)O)O[*])CO)CO,OCC(O)CO,OC(C(CC(O)=O)(CC(O)=O)O)=O,,,1.1760912590556811,10.1002_vnl.20230_part_1.txt_¶Î1_Material1
[*]C(C)C[*],O=C(C1=CC=C(C=C1)C(OCC[*])=O)O[*],[*]CCC(CCCCCC)C[*],,,1.5649026725292048,10.1080_00914037.2013.769225_part_2.txt_¶Î1_Material1
O=C([*])C(C)O[*],[*]OCCCOC(C1=CC=C(C([*])=O)C=C1)=O,[*]OCC[*],,,1.741939077729199,10.1002_mame.201900323_part_1.txt_¶Î1_Material3
[*]OCC[*],O=C=NCCCCCCN=C=O,O=C([H])[H],,,1.4487063199050798,10.1038_s41598-019-56147-x_part_2.txt_¶Î1_Material1
C[Si](C)(C[*])O[*],NC(CC1=CC=CC=C1)C(=O)O,,,,-0.167491087,10.1002_app.45419_part_1.txt_¶Î1_Material1
[*]C(NC1=C(C)C(NC(OCCO[*])=O)=CC=C1)=O,[*]C(CCCCCO[*])=O,OCC(C(C(C1N)O)O[*])OC1OC2C(OC(C(C2O)N)[*])CO,,,1.624385241420265,10.1177_0885328216664448_part_1.txt_¶Î1_Material1
[*]C([H])([H])C(O)([H])[*],[*]CC([*])N1CCCC1=O,[*]NCC(NC(C(ONCC(NC(C(NCC(NC(C([*])=O)C)=O)=O)C)=O)=O)CO)=O,,,1.4823017672234426,10.1002_pen.24801_part_1.txt_¶Î1_Material1
[*]OCCCCOC(CCC([*])=O)=O,[*]C1C(OC(C(C1O)O)OC2C(OC(C(C2O)O)O[*])CO)CO,,,,1.2966651902615312,10.1016_j.carbpol.2016.08.048_part_2.txt_¶Î1_Material2
[*]C(C)C[*],[*]C/C=C/C[*],COC1=CC(/C=C/C=O)=CC(OC2=CC(C(C(OC3=CC=C(C=C3OC)C(C(CO)=O)O)CO)O)=CC=C2OC4=CC(C(C(COC5=CC=C(C=C5)C(C(CO)=O)O)=O)O)=CC=C4O)=C1,,,1.5658478186735176,10.1002_pc.25053_part_1.txt_¶Î1_Material1
OCC(C(C(C1N)O)O[*])OC1OC2C(OC(C(C2O)N)[*])CO,[*]C1C(OC(C(C1O)O)OC2C(OC(C(C2O)O)O[*])CO)CO,C12=C3C(C=CC4C3=C5C(CC6=CC7=C8C9=C(C(C=C%10)=CC=C9C=C7)C%11=C%10C%12)=CC4)=CC=C1C=C%12C%13=C%11C8=C6C5=C2%13,,,1.6434526764861874,10.1080_03602559.2013.866246_part_1.txt_¶Î1_Material1
[*]CC(C#N)[*],O=[Al]O[Al]=O.O=[Si]=O.O=[Si]=O.O=[Si]=O,,,,1.3979400086720375,10.1002_app.32677_part_2.txt_¶Î1_Material1
[*]CC([*])Cl,[*]CC(C#N)[*],,,,1.6444385894678386,10.1016_j.electacta.2018.09.031_part_1.txt_¶Î1_Material1
[*]C([C@H](C)OC([C@H](C)O[*])=O)=O,[*]C(CCCCCO[*])=O,[*]C1=CC=C([*])N1,OCC(C(C(C1N)O)O[*])OC1OC2C(OC(C(C2O)N)[*])CO,,1.1139433523068367,10.1111_cpr.12588_part_1.txt_¶Î1_Material1
[*]C([H])([H])C(O)([H])[*],[Cu],,,,1.2787536009528289,10.1016_j.porgcoat.2018.11.024_part_1.txt_¶Î1_Material1
O=C([*])C(C)O[*],[*]C1C(OC(C(C1O)O)OC2C(OC(C(C2O)O)O[*])CO)CO,[*]NC(C(N1CCCC1C(NCC(N2CC(CC2C(NC(C(NCC([*])=O)=O)CO)=O)O)=O)=O)=O)CCCCN,,,1.287801729930226,10.1590_0104-1428.2181_part_2.txt_¶Î1_Material1
[*]CC([*])Cl,[*]OCC[*],,,,1.509874285004719,10.1007_s11696-021-01629-4_part_1.txt_¶Î1_Material1
[*]CC[*],C12=C3C(C=CC4C3=C5C(CC6=CC7=C8C9=C(C(C=C%10)=CC=C9C=C7)C%11=C%10C%12)=CC4)=CC=C1C=C%12C%13=C%11C8=C6C5=C2%13,,,,1.403120521175818,10.1016_j.compscitech.2021.108732_part_1.txt_¶Î1_Material1
[*]C(C)C[*],[*]CCCC([*])OC(C)=O,O=[Al]O[Al]=O.O=[Si]=O.O=[Si]=O.O=[Si]=O,,,1.3010299956639813,10.3390_polym13050705_part_3.txt_¶Î1_Material2
[*]CC(C#N)[*],O=C(O)C([*])C[*],,,,1.0791812460476249,10.1016_j.compscitech.2015.07.017_part_1.txt_¶Î1_Material1
[*]NC(C1=CC=C2C(C(N(C2=O)C3=CC=C(C=C3)CC4=CC=C([*])C=C4)=O)=C1)=O,[*]C(N(CN(C(OCOC(N(CN(C(OCCO[*])=O)[H])[H])=O)=O)[H])[H])=O,,,,1.724275869600789,10.1080_25740881.2020.1793197_part_2.txt_¶Î1_Material1
C[Si](C)(C[*])O[*],[Cu],,,,-0.107905397,10.1039_d0tc00238k_part_3.txt_¶Î1_Material1
[*]OC1OC(CO)C(OC2C(O)C(O)C([*])C(CO)O2)C(O)C1O,[*]C(C)C[*],,,,1.8356905714924256,10.1007_s12221-012-1300-8_part_2.txt_¶Î1_Material1
[*]NC(C(O)=O)CCC([*])=O,[*]NC(C)C(N1CCCC1C([*])=O)=O,,,,0.9894498176666918,10.1002_pat.4648_part_3.txt_¶Î1_Material1
OCC1OC(C(C(C1O[*])O)NC(C)=O)OC2C(O)C(C(OC2CO)[*])NC(C)=O,,,,,0.9542425094393248,10.1039_c4gc00092g_part_2.txt_¶Î1_Material1
[*]C(CCCCC(OCCCCO[*])=O)=O,O=[Si]=O,,,,1.4517864355242902,10.1002_pc.25276_part_2.txt_¶Î1_Material1
O=C([*])OC1=CC=C(C=C1)C(C)(C)C2=CC=C(C=C2)O[*],C=CCOC(C1=CC=CC=C1C(OCC=C)=O)=O,,,,1.877371345869774,10.1088_1361-665x_ab19cb_part_6.txt_¶Î1_Material1
[*]C1C(O)C(O)C(OC2C(O)C(O)C(O[*])OC2COC(C)=O)OC1COC(C)=O,[H]O[H],,,,0.7427251313046983,10.1016_j.carbpol.2017.06.064_part_4.txt_¶Î1_Material1
O=C(C1=CC=C(C=C1)C(OCC[*])=O)O[*],CC(NC(C([*])C)=O)C(NC(C)C(NC(C)C(N[*])=O)=O)=O,[*]CC([*])N1CCCC1=O,,,0.877371345869774,10.1080_19443994.2014.934738_part_2.txt_¶Î1_Material4
O=C(O[Na])COCC(OC(C(C1O)O)[*])C1OC(C(C(C2O[*])O)O)OC2COCC(O[Na])=O,O=C(C1=CC=C(C=C1)C(OCC[*])=O)O[*],[Zn]=O,,,2.0926153909415546,10.1007_s11694-021-00880-3_part_2.txt_¶Î1_Material1
[*]CCCCOCCCCOCCCCOCCCCO[*],O=C=NCCCCCCN=C=O,,,,1.5314789170422551,10.1016_j.polymer.2020.122299_part_1.txt_¶Î1_Material1
FC(F)([*])C([H])([*])[H],O=C(O)C([*])C[*],O=C([O-])[O-].[Ca+2],,,0.4927603890268375,10.1016_j.memsci.2013.12.011_part_2.txt_¶Î1_Material1
O=C([*])OC1=CC=C(C=C1)C(C)(C)C2=CC=C(C=C2)O[*],[*]C(C=C1)=CC=C1S[*],,,,1.7489628612561614,10.1002_app.35428_part_1.txt_¶Î1_Material1
[*]CCCC(C1C([*])C2CC1C/C2=C/C)C,[H][Si]([H])([H])[H],,,,0.7708520116421442,10.1039_c8sm01712c_part_2.txt_¶Î1_Material1
OP(O)(O)=O,OCC1OC(C(C(C1[*])O)O)OC2C(C(C(OC2CO)O[*])O)O,O=[Ti]=O,[*][C@H]1[C@H](O)[C@@H](O)[C@H](OC2C(O)C(OC(C)=O)C(O[*])OC2CO)O[C@@H]1CO,,1.3979400086720375,10.1080_19443994.2015.1084597_part_3.txt_¶Î1_Material1
[*]CC(O)COC(CCCCCCCCC(O[*])=O)=O,O=C([*])C(C)O[*],OP(O)(O)=O,,,1.5289167002776547,10.1016_j.polymertesting.2017.12.018_part_1.txt_¶Î1_Material1
O=C([*])C(C)O[*],O=[Zr]=O,,,,1.568201724066995,10.1088_1742-6596_1019_1_012066_part_1.txt_¶Î1_Material1
[*]C(C)C[*],[*]C(N(CN(C(OCOC(N(CN(C(OCCO[*])=O)[H])[H])=O)=O)[H])[H])=O,,,,1.0909630765957317,10.1021_la4023079_part_1.txt_¶Î1_Material1
[*]C(NC1=C(C)C(NC(OCCO[*])=O)=CC=C1)=O,[*]OCC[*],O=[Ti]=O,,,1.3010299956639813,10.33263_briac111.81798189_OA_part_2.txt_¶Î1_Material2
[*]CC(C#N)[*],[Zn]=O,,,,0.7708520116421442,10.1002_app.47209_part_2.txt_¶Î1_Material1
[*]CC[*],O1C(=O)C=CC1=O,,,,1.7371926427047373,10.1016_j.compositesb.2011.01.010_part_1.txt_¶Î1_Material1
[*]CC[*],[*]OC1C(O)C(O)C(OC2C(CO)OC([*])C(O)C2O)OC1CO,,,,1.3979400086720375,10.1080_10426914.2015.1059444_part_4.txt_¶Î1_Material2
[*]C(NC1=C(C)C(NC(OCCO[*])=O)=CC=C1)=O,O=C=NCCCCCCN=C=O,O=C=NC(C=C1)=CC=C1CC2=CC=C(C=C2)N=C=O,,,1.0969100130080565,10.1177_0954008314533359_part_2.txt_¶Î1_Material1
[*]NCC(NC(C(ONCC(NC(C(NCC(NC(C([*])=O)C)=O)=O)C)=O)=O)CO)=O,O=C(C1=COC(C2C(CO)=CCC12)O)OC,,,,1.7730546933642626,10.1016_j.colsurfb.2017.04.011_part_2.txt_¶Î1_Material4
[*]C1C(OC(C(C1O)O)OC2C(OC(C(C2O)O)O[*])CO)CO,[*]C(CCCCCO[*])=O,O=[Si]=O,,,1.3424226808222062,10.4028_www.scientific.net_amr.496.134_part_1.txt_¶Î1_Material1
[*]C(N(CN(C(OCOC(N(CN(C(OCCO[*])=O)[H])[H])=O)=O)[H])[H])=O,C[Si](C)(C[*])O[*],CC(CO[*])[*],[*]OC1C(C(O)=O)OC(OC2C(NC(C)=O)C([*])OC(CO)C2O)C(O)C1O,,1.4281347940287887,10.1177_0892705715604675_part_4.txt_¶Î1_Material1
[*]CC(C1=CC=C(C=C1)S(O)(=O)=O)[*],[*]C([H])([H])C(O)([H])[*],[Ag+],,,1.6020599913279625,10.1080_00405000.2021.1918430_part_1.txt_¶Î1_Material1
[*]CC([*])Cl,[*]CC(C(OC)=O)(CC(C/C=C/CCC(C1=CC=CC=C1)[*])C#N)C,[*]C/C=C/CCC([*])C#N,,,1.507855871695831,10.1515_polyeng-2019-0192_part_2.txt_¶Î1_Material1
[*]C1C(C(C(OC1C(O[Na])=O)OC2C(C(O[Na])=O)OC(O[*])C(O)C2O)O)O,[*]C1C(OC(C(O)C1O)OC2C(O)C(O)C(OC2C(O[Na])=O)O[*])C(O[Na])=O,[Ca+2],,,2.0855046394264978,10.1016_j.lwt.2021.112197_part_1.txt_¶Î1_Material1
[*]C([H])([H])C(O)([H])[*],[*]CC(C1=CC=C(C=C1)S(O)(=O)=O)[*],[Ag+],,,1.7951149856303632,10.1007_s40843-020-1557-3_part_1.txt_¶Î1_Material1
OCC1OC(C(C(C1[*])O)O)OC2C(C(C(OC2CO)O[*])O)O,COC1=CC(/C=C/C=O)=CC(OC2=CC(C(C(OC3=CC=C(C=C3OC)C(C(CO)=O)O)CO)O)=CC=C2OC4=CC(C(C(COC5=CC=C(C=C5)C(C(CO)=O)O)=O)O)=CC=C4O)=C1,COC1=CC(/C=C/C=O)=CC(OC2=CC(C(C(OC3=CC=C(C=C3OC)C(C(CO)=O)O)CO)O)=CC=C2OC4=CC(C(C(COC5=CC=C(C=C5)C(C(CO)=O)O)=O)O)=CC=C4O)=C1,,,2.265313202554297,10.1007_s10570-018-1764-9_part_3.txt_¶Î1_Material3
[*]CC(COC1=CC=C(C=C1)C(C)(C)C2=CC=C(C=C2)O[*])O,[*]OCC[*],O=[Ti]=O,,,1.7303784685876429,10.1007_s10924-021-02115-4_part_1.txt_¶Î1_Material1
O=C([*])C(C)O[*],[*]OCC[*],CCCCCCCCCCCCCCCCCCOC(CCC1=CC(C(C)(C)C)=C(C(C(C)(C)C)=C1)O)=O,,,1.845098040014257,10.1002_app.40394_part_1.txt_¶Î1_Material1
OCC1OC(C(C(C1O[*])O)O)[*],[*]C1C(O)C(O)C(OC2C(O)C(O)C(O[*])OC2COC(C)=O)OC1COC(C)=O,,,,2.110589710299249,10.1007_s10570-019-02882-3_part_2.txt_¶Î1_Material1
[*]OC(CC(OC(CC([*])=O)CC)=O)C,C/C(C[*])=C/C[*],,,,1.4471580313422192,10.3390_polym11030565_part_2.txt_¶Î1_Material3
[*]O[C@H](C)CC([*])=O,OCC(C(C(C1N)O)O[*])OC1OC2C(OC(C(C2O)N)[*])CO,,,,1,10.1007_s12034-017-1479-9_part_2.txt_¶Î1_Material1
[*]NCC(NC(C(ONCC(NC(C(NCC(NC(C([*])=O)C)=O)=O)C)=O)=O)CO)=O,[*]C1C(C(C(OC1C(O[Na])=O)OC2C(C(O[Na])=O)OC(O[*])C(O)C2O)O)O,O=C(C1=COC(C2C(CO)=CCC12)O)OC,,,1,10.1016_j.actbio.2012.04.035_part_3.txt_¶Î1_Material1
[*]C(CCCCCO[*])=O,C[Si](O[*])(C)[*],,,,0.8555191556678001,10.1016_j.matlet.2014.05.184_part_1.txt_¶Î1_Material1
[*]C1C(C(C(OC1C(O[Na])=O)OC2C(C(O[Na])=O)OC(O[*])C(O)C2O)O)O,O=[Al]O[Al]=O,,,,1.6020599913279625,10.1016_j.polymertesting.2019.106183_part_4.txt_¶Î1_Material1
CC(CO[*])[*],O=C=NC(C=C1)=CC=C1CC2=CC=C(C=C2)N=C=O,,,,1.7315887651867388,10.1016_j.ijtst.2020.07.003_part_1.txt_¶Î1_Material1
O=C([*])C(C)O[*],[*]C1C(OC(C(C1O)O)OC2C(OC(C(C2O)O)O[*])CO)CO,O=C([*])C(C)O[*],OCC(O)CO,,1.812913356642856,10.1016_j.progpolymsci.2018.07.001_part_5.txt_¶Î1_Material3
C=C([CH3])C(=O)OC([CH3])[CH3],C=C([CH3])C(=O)O[CH3],[*]C/C=C/CCC([*])C#N,,,0.9143431571194408,10.1002_app.48642_part_1.txt_¶Î1_Material1
[*]CCCC[*],[*]C(N(CN(C(OCOC(N(CN(C(OCCO[*])=O)[H])[H])=O)=O)[H])[H])=O,[*]C(C)C[*],,,0.8573324964312685,10.1002_app.51466_part_1.txt_¶Î1_Material1
[*]C([H])([H])C(O)([H])[*],[*]NCC(NC(C(ONCC(NC(C(NCC(NC(C([*])=O)C)=O)=O)C)=O)=O)CO)=O,CCCCCCCCCCCCCCCC[N+](C)(C)C.[Br-],,,0.8369567370595504,10.1002_mame.202100450_part_2.txt_¶Î1_Material3
[*]C1=CC=C([*])N1,O=C(O[Na])COCC(OC(C(C1O)O)[*])C1OC(C(C(C2O[*])O)O)OC2COCC(O[Na])=O,,,,1.6232492903979006,10.1002_mame.201000148_part_2.txt_¶Î1_Material2
[*]CCCCOCCCCOCCCCOCCCCO[*],[*]C(CCCCCO[*])=O,,,,1.3979400086720375,10.1016_j.polymer.2015.08.047_part_1.txt_¶Î1_Material1
O=C(CCCCC(N(CCCCCCN([*])[H])[H])=O)[*],O=[Al]O[Al]=O.O=[Si]=O.O=[Si]=O.O=[Si]=O,,,,1.8639173769578603,10.1002_app.47504_part_1.txt_¶Î1_Material1
O=C(CCCCCCCCCCC(NCCCCCCCCCCCCN[*])=O)[*],[*]CCN[*],,,,2.041392685158225,10.1002_app.41424_part_1.txt_¶Î1_Material1
[*]C1C(C(C(OC1C(O[Na])=O)OC2C(C(O[Na])=O)OC(O[*])C(O)C2O)O)O,OC(CO)CO,,,,1.418135498425232,10.1021_acsomega.0c03995_part_2.txt_¶Î1_Material1
[*]NCC(NC(C(ONCC(NC(C(NCC(NC(C([*])=O)C)=O)=O)C)=O)=O)CO)=O,O=C([*])C(C)O[*],,,,1.2430380486862944,10.1016_j.msec.2019.109890_part_1.txt_¶Î1_Material1
[*]C([H])([H])C(O)([H])[*],[*]C(NC1=C(C)C(NC(OCCO[*])=O)=CC=C1)=O,,,,0.9542425094393248,10.1016_j.compositesb.2014.10.013_part_1.txt_¶Î1_Material1
O=C([*])C(C)O[*],O=C(O)CCCCCCCCCCCCCCCCC,[Ti](OCCCC)(OCCCC)(OCCCC)OCCCC,,,1.7944880466591695,10.4028_www.scientific.net_amr.557-559.281_part_1.txt_¶Î1_Material1
[*]CC([*])Cl,O=C([*])OC1=CC=C(C=C1)C(C)(C)C2=CC=C(C=C2)O[*],[*]OCC[*],,,1,10.1016_j.memsci.2017.04.011_part_1.txt_¶Î1_Material1
[*]NC(C(N1CCCC1C(NCC(N2CC(CC2C(NC(C(NCC([*])=O)=O)CO)=O)O)=O)=O)=O)CCCCN,O=C(N)N,,,,1.880813592280792,10.1007_s10924-010-0172-5_part_1.txt_¶Î1_Material1
OCC(C(C(C1N)O)O[*])OC1OC2C(OC(C(C2O)N)[*])CO,[*]C([H])([H])C(O)([H])[*],C(CC=O)CC=O,,,0.8260748027008264,10.1002_app.49933_part_2.txt_¶Î1_Material1
[*]C(C)C[*],OCC1OC(OC2C(O)C(O)C(O[*])OC2CO)C(O)C(O)C1[*],OS(=O)(OOS(O)(=O)=O)=O.N.N,NC1=CC=C(C=C1)/C2=C3C=C/C(N\3)=C(C4=N/C(C=C4)=C(C5=CC=C(N5)/C(C6=CC=CC=C6)=C7N=C2C=C\7)/C8=CC=CC=C8)\C9=CC=CC=C9,,1.3010299956639813,10.1080_15685543.2013.812767_part_2.txt_¶Î1_Material1
O=C([*])C1=CC=C(C=C1)OC2=CC=C(C=C2)OC3=CC=C(C=C3)[*],[C],C12=CC3=CC4=CC=CN=C4N=C3N=C1N=C5N=C6N=CC=CC6=CC5=C2,,,2.1610683854711747,10.1002_pc.24250_part_2.txt_¶Î1_Material4
[*]NCC(NC(C(ONCC(NC(C(NCC(NC(C([*])=O)C)=O)=O)C)=O)=O)CO)=O,OC(C1=CC=CC=C1C(C(C=CC(N(CC)CC)=C2)=C2O3)=C4C3=C/C(C=C4)=[N+](CC)\CC)=O,,,,1.1931245983544616,10.4028_www.scientific.net_amr.887-888.541_part_1.txt_¶Î1_Material1
[*]OC(CC(OC(CC([*])=O)CC)=O)C,[*]OCC[*],,,,1.2415464805965484,10.1039_c6py01131d_part_2.txt_¶Î1_Material1
[*]CC(C#N)[*],OC1=C2C(C3(O)C4C5C6=C7C8C(C9=CC(C(O)=O)=C(C=C(C=C%10C(O)=O)C%11%12)C(C%11=C%13C%14C%15%16C%17(O%16)C%18C%19=C%20C%21=C%22C(C(O)=C%23)=C%24C%25C%21=C%26C%19=C%27C%17=C%28C%14(O)C%12=C%10C=C%28CC%27=CC%26=CC%25=C(C(O)=O)C=C%24)C9=C7C%13(O)C5=C%15C3=C%18C%29%30C%20(O%30)C%31C%22C%23=C%32)=CC(C(O)=O)=CC8=CC6=C(C(O)=O)C4=C2)=C%29C%33=C%31C%32=C(C(O)=O)C=C%331,O=[Fe]O[Fe]=O,,,0.9258275746247424,10.1021_acsapm.9b00982_part_4.txt_¶Î1_Material2
O=C([*])C(C)O[*],C=C(C(OCC1CO1)=O)C,C=C(C(OCC1CO1)=O)C,,,1.7853298350107671,10.1016_j.jmst.2017.03.004_part_3.txt_¶Î1_Material2
O=C(O[*])CCCCCCCCCCN[*],O=[Al]O[Al]=O,,,,1.734799829588847,10.1002_pat.4591_part_2.txt_¶Î1_Material3
[*]OC1C(C(OC(C1O)OC2C3C(C(OC2CO3)[*])O)CO)O,O=C(C(C[*])[*])N,,,,-0.318758763,10.1016_j.polymertesting.2018.05.025_part_1.txt_¶Î1_Material1
O=C([*])C1=CC=C2C=C(C=CC2=C1)OC(C3=CC=C(C=C3)O[*])=O,O=C([*])CCCCCN[*],,,,1.6334684555795864,10.1002_pc.25972_part_3.txt_¶Î1_Material1
OCC(C(C(C1N)O)O[*])OC1OC2C(OC(C(C2O)N)[*])CO,[*]OC(C(C1O)O)OC(COC)C1OC(OC(C(C2O)OC3OC(C(C(C3OC)O)OC4OC(C(C(C4OC)O)[*])COC)CO)COC)C2OCC(OC)C,OC[C@@H]([C@H]([C@@H]([C@@H](CO)O)O)O)O,,,1.4902394852462872,10.1590_s0101-20612011000200026_part_1.txt_¶Î1_Material2
[*]C(C=C1)=CC=C1S[*],[*]C([H])([H])C(O)([H])[*],,,,1.6812412373755872,10.3390_polym12061354_part_2.txt_¶Î1_Material1
O=C([*])C(C)O[*],O=C([*])OC1=CC=C(C=C1)C(C)(C)C2=CC=C(C=C2)O[*],C12=CC3=CC4=CC=CN=C4N=C3N=C1N=C5N=C6N=CC=CC6=CC5=C2,,,2.059184617631371,10.1002_app.46881_part_1.txt_¶Î1_Material1
[*][C@H]1[C@H](O)[C@@H](O)[C@H](OC2C(O)C(OC(C)=O)C(O[*])OC2CO)O[C@@H]1CO,,,,,1.0791812460476249,10.1007_s10570-013-9881-y_part_3.txt_¶Î1_Material1
[*]C1C(OC(C(C1O)O)OC2C(OC(C(C2O)O)O[*])CO)CO,OCC(C(C(C1N)O)O[*])OC1OC2C(OC(C(C2O)N)[*])CO,[*]C(C)C[*],,,1.3982873053574012,10.1007_s10924-020-02019-9_part_2.txt_¶Î1_Material1
[*]OCC[*],[*]C(CCCCCO[*])=O,C[Si](C)(C[*])O[*],,,1,10.1002_mame.201700174_part_2.txt_¶Î1_Material1
[*]C1C(OC(C(C1O)O)OC2C(OC(C(C2O)O)O[*])CO)CO,[*]CCCC([*])OC(C)=O,,,,1.1986570869544226,10.1080_15440478.2018.1534192_part_4.txt_¶Î1_Material3
OCC1OC(C(C(C1[*])O)O)OC2C(C(C(OC2CO)O[*])O)O,O=C([*])CCCCCN[*],,,,1.3010299956639813,10.1007_s10570-020-03233-3_part_2.txt_¶Î1_Material1
C/C(C[*])=C/C[*],[*]CC([*])Cl,,,,0.9542425094393248,10.1504_ijmatei.2014.059485_part_2.txt_¶Î1_Material1
[*]CC[*],[*]CC(C1=CC=CC=C1)[*],,,,1.3010299956639813,10.1002_pat.1567_part_1.txt_¶Î1_Material2
[*]C([H])([H])C(O)([H])[*],[*]C1=C2C(OCCO2)=C([*])S1,,,,1.021189299069938,10.1007_s10570-021-03818-6_part_2.txt_¶Î1_Material1
[*]NCCCCCCCCCCCC([*])=O,C[N+](CCO)(CCO)[3H],,,,1.6797911709803544,10.1002_pc.23225_part_1.txt_¶Î1_Material1
[*]CC(OC(O[*])=O)C,[*]C(NC1=C(C)C(NC(OCCO[*])=O)=CC=C1)=O,CC(C(=O)O)(CO)CO,O=C=O,,1.4070508148042504,10.1007_s10965-021-02616-9_part_2.txt_¶Î1_Material1
[*]C/C=C/CCC(C=C)CC([*])C1=CC=CC=C1,C=C(C(OCC1CO1)=O)C,O=[Si]=O,,,1.0549958615291417,10.1080_09276440.2016.1159053_part_2.txt_¶Î1_Material2
[*]C(C)C[*],[*]CC[*],O=[Al]O[Al]=O,,,1.5440680443502757,10.1016_j.memsci.2020.118481_part_1.txt_¶Î1_Material1
[*]C(NC1=C(C)C(NC(OCCO[*])=O)=CC=C1)=O,[*]OCC[*],[*]NC(C(N1CCCC1C(NCC(N2CC(CC2C(NC(C(NCC([*])=O)=O)CO)=O)O)=O)=O)=O)CCCCN,,,1.285557309007774,10.1007_s10853-019-03643-0_part_1.txt_¶Î1_Material3
[*]C(C(C1O)O)OCC1OC(C(C2O)OC(C)=O)OCC2OC(OCC(C3O)OC4OCC(C(C4O)OC(C)=O)OC5OCC(C(C5OC(C)=O)OC(C)=O)[*])C3OC(C(C(C6OC)O)O)OC6C([O-])=O,[*]C1C(C(C(OC1C(O[Na])=O)OC2C(C(O[Na])=O)OC(O[*])C(O)C2O)O)O,,,,1.061452479087193,10.3390_polym12102279_part_3.txt_¶Î1_Material1
O=C(CCCCC(N(CCCCCCN([*])[H])[H])=O)[*],O=[Al]O[Al]=O,,,,1.863322860120456,10.1177_0731684417706107_part_1.txt_¶Î1_Material1
[*]C1C(C(C(OC1C(O[Na])=O)OC2C(C(O[Na])=O)OC(O[*])C(O)C2O)O)O,OCC(O)CO,[H]O[H],,,1.591064607026499,10.1016_j.foodhyd.2016.09.023_part_3.txt_¶Î1_Material1
[*]O[C@H](C)CC([*])=O,O=C([*])C(C)O[*],OCC1OC(C(C(C1[*])O)O)OC2C(C(C(OC2CO)O[*])O)O,,,1.3010299956639813,10.1016_j.carbpol.2020.117362_part_1.txt_¶Î1_Material2
[*]OC1=C(C([*])=CC=C1C)C,O=C([*])C1=CC=C2C=C(C=CC2=C1)OC(C3=CC=C(C=C3)O[*])=O,,,,1.8325089127062364,10.1007_s10853-010-5037-8_part_1.txt_¶Î1_Material2
OCC(C(C(C1N)O)O[*])OC1OC2C(OC(C(C2O)N)[*])CO,[*]C(CCCCCO[*])=O,[*]NC(C(N1CCCC1C(NCC(N2CC(CC2C(NC(C(NCC([*])=O)=O)CO)=O)O)=O)=O)=O)CCCCN,C1OC1C[N+]([CH3])([CH3])[CH3].[Cl-],[*]OCC[*],-0.045757491,10.1016_j.ijbiomac.2017.05.004_part_3.txt_¶Î1_Material4
C/C(C[*])=C/C[*],[*]CC([*])Cl,O=[Si]=O,,,1.0318122713303703,10.1002_app.38997_part_1.txt_¶Î1_Material2
[*]CC(CC=CCC([*])C1=CC=CC=C1)C#N,O=[Si]=O.O=[Al]O[Al]=O.O=[Si]=O.O=[Si]=O.O=[Si]=O.O,,,,1.549738731264899,10.1108_rpj-12-2019-0321_part_1.txt_¶Î1_Material1
[*]CC[*],[*]OC1C(C(O)=O)OC(OC2C(NC(C)=O)C([*])OC(CO)C2O)C(O)C1O,O=[Al]O[Al]=O,,,1.7810369386211318,10.1002_app.35236_part_2.txt_¶Î1_Material4
[*]CC[*],C=C([CH3])C(=O)OC([CH3])[CH3],CC1=CC(C)=C(C(C)=C1)C(P(C2=CC=CC=C2)(C3=CC=CC=C3)=O)=O,,,0.9800033715837464,10.1016_j.icheatmasstransfer.2011.04.009_part_1.txt_¶Î1_Material2
O=C([*])C(C)O[*],COC1=CC(/C=C/C=O)=CC(OC2=CC(C(C(OC3=CC=C(C=C3OC)C(C(CO)=O)O)CO)O)=CC=C2OC4=CC(C(C(COC5=CC=C(C=C5)C(C(CO)=O)O)=O)O)=CC=C4O)=C1,,,,1.552789850192782,10.3390_polym12010074_part_2.txt_¶Î1_Material3
OP(O)(O)=O,[*]O[C@H](C)CC([*])=O,,,,1.3949767195545644,10.4028_www.scientific.net_kem.737.313_part_1.txt_¶Î1_Material1
[*]C([H])([H])C(O)([H])[*],OC(C(CC(O)=O)(CC(O)=O)O)=O,OCC(O)CO,,,1.2753113545418118,10.1177_0967391120972881_part_2.txt_¶Î1_Material1
C[Si](C)(C[*])O[*],O=[Al]O[Al]=O,,,,0.2174839442139062,10.4028_www.scientific.net_amr.812.198_part_1.txt_¶Î1_Material1
[*]O[Si](C)(C)[*],O=C([*])OC1=CC=C(C=C1)C(C)(C)C2=CC=C(C=C2)O[*],,,,1.430880946452891,10.3390_polym11081302_part_2.txt_¶Î1_Material1
[*]OCC[*],O=P([O-])([O-])[O-].[Ca+2].[Ca+2].[OH-],,,,1.162862993321926,10.1007_s10965-018-1511-9_part_2.txt_¶Î1_Material1
[*]CC([*])N1CCCC1=O,[*]OC1C(O)C(O)C(OC2C(CO)OC([*])C(O)C2O)OC1CO,,,,1.4507108781469191,10.1007_s12221-018-8308-7_part_2.txt_¶Î1_Material1
O=C(C1=CC=C(C=C1)C(OCC[*])=O)O[*],OCC1OC(OC2C(O)C(O)C(O[*])OC2CO)C(O)C(O)C1[*],,,,2.100370545117563,10.18280_rcma.320204_OA_part_2.txt_¶Î1_Material1
OCC1OC(C(C(C1[*])O)O)OC2C(C(C(OC2CO)O[*])O)O,O=C([O-])[O-].[Ca+2],,,,1.6812412373755872,10.1007_s10570-018-1900-6_part_4.txt_¶Î1_Material1
[*]NCCCCCCCCCCCC([*])=O,[O-][Si]([O-])([O-])O[Si]([O-])([O-])[O-].[Ca+2],,,,2,10.1051_matecconf_201818801022_part_1.txt_¶Î1_Material1
[*]NC(C1=CC=C2C(C(N(C2=O)C3=CC=C(C=C3)CC4=CC=C([*])C=C4)=O)=C1)=O,OC1=C2C(C3(O)C4C5C6=C7C8C(C9=CC(C(O)=O)=C(C=C(C=C%10C(O)=O)C%11%12)C(C%11=C%13C%14C%15%16C%17(O%16)C%18C%19=C%20C%21=C%22C(C(O)=C%23)=C%24C%25C%21=C%26C%19=C%27C%17=C%28C%14(O)C%12=C%10C=C%28CC%27=CC%26=CC%25=C(C(O)=O)C=C%24)C9=C7C%13(O)C5=C%15C3=C%18C%29%30C%20(O%30)C%31C%22C%23=C%32)=CC(C(O)=O)=CC8=CC6=C(C(O)=O)C4=C2)=C%29C%33=C%31C%32=C(C(O)=O)C=C%331,,,,1.7373516958037143,10.1016_j.compositesb.2019.107495_part_4.txt_¶Î1_Material1
FC(F)([*])C([H])([*])[H],[*]C([C@H](C)OC([C@H](C)O[*])=O)=O,,,,1.462397997898956,10.1007_s00396-021-04820-x_part_2.txt_¶Î1_Material3
[*]C(CCCCC(OCCCCO[*])=O)=O,O=C([*])C(C)O[*],OC1=C2C(C3(O)C4C5C6=C7C8C(C9=CC(C(O)=O)=C(C=C(C=C%10C(O)=O)C%11%12)C(C%11=C%13C%14C%15%16C%17(O%16)C%18C%19=C%20C%21=C%22C(C(O)=C%23)=C%24C%25C%21=C%26C%19=C%27C%17=C%28C%14(O)C%12=C%10C=C%28CC%27=CC%26=CC%25=C(C(O)=O)C=C%24)C9=C7C%13(O)C5=C%15C3=C%18C%29%30C%20(O%30)C%31C%22C%23=C%32)=CC(C(O)=O)=CC8=CC6=C(C(O)=O)C4=C2)=C%29C%33=C%31C%32=C(C(O)=O)C=C%331,,,1.3763944420372662,10.1002_app.35604_part_2.txt_¶Î1_Material1
[*]CC[*],[H]O[H],,,,1.462397997898956,10.1177_1464420713482827_part_2.txt_¶Î1_Material1
[*]OC(CC(OC(CC([*])=O)CC)=O)C,[*]C([H])([H])C(O)([H])[*],C=C([CH3])C(=O)OC([CH3])[CH3],,,1.2143138974243997,10.3390_polym10080827_part_3.txt_¶Î1_Material1
O=C([*])CCCCCN[*],[*]C/C=C/CCC([*])C#N,,,,1.1760912590556811,10.1002_vnl.21451_part_1.txt_¶Î1_Material1
[*]C(C)C[*],O=C([*])C(C)O[*],[*]CCCC([*])C(OC)=O,,,1.625312450961674,10.1016_j.polymer.2018.09.005_part_4.txt_¶Î1_Material2
[*]C(C=C1)=CC=C1S[*],O=C=NCCCCCCN=C=O,,,,1.2833012287035497,10.1021_ie301994z_part_2.txt_¶Î1_Material1
O=C([*])C(C)O[*],[*]C(CCCCCO[*])=O,[*]NC(NCCCC(C([*])=O)N)=N,,,1.2174839442139065,10.4161_biom.1.1.17301_part_2.txt_¶Î1_Material2
[*]C(CCCCCO[*])=O,[*]O[C@H](C)CC([*])=O,[Zn]=O,,,1.8536982117761744,10.1039_c5tb01861g_part_2.txt_¶Î1_Material1
[*]C([H])([H])C(O)([H])[*],OCC1OC(C(C(C1O)O[*])O)OC2C(C(C(OC2COS(=O)(O)=O)[*])NC(C)=O)O,[Ag+],,,1.436162647040756,10.3389_fbioe.2021.733980_OA_part_2.txt_¶Î1_Material1
OP(O)(O)=O,OCC(C(C(C1N)O)O[*])OC1OC2C(OC(C(C2O)N)[*])CO,OC1=C2C(C3(O)C4C5C6=C7C8C(C9=CC(C(O)=O)=C(C=C(C=C%10C(O)=O)C%11%12)C(C%11=C%13C%14C%15%16C%17(O%16)C%18C%19=C%20C%21=C%22C(C(O)=C%23)=C%24C%25C%21=C%26C%19=C%27C%17=C%28C%14(O)C%12=C%10C=C%28CC%27=CC%26=CC%25=C(C(O)=O)C=C%24)C9=C7C%13(O)C5=C%15C3=C%18C%29%30C%20(O%30)C%31C%22C%23=C%32)=CC(C(O)=O)=CC8=CC6=C(C(O)=O)C4=C2)=C%29C%33=C%31C%32=C(C(O)=O)C=C%331,,,1.230448921378274,10.1002_masy.201400080_part_2.txt_¶Î1_Material3
[*]CC[*],[*]CCCC([*])C(OC)=O,[*]CC[*],,,0.9813655090785444,10.1007_s10965-010-9488-z_part_2.txt_¶Î1_Material1
[*]C1C(C(C(OC1C(O[Na])=O)OC2C(C(O[Na])=O)OC(O[*])C(O)C2O)O)O,OC(C(C1OC2OC(C(C(C2O)O)OC3OC(C(C(C3O)O)O)COC4OC(C(C(C4O)O)OC5OC(C(C(C5O)O)OC6OC(C(C(C6O)O[*])O)C)CO)CO)CO)O[*])COC1CO,,,,1.7423322823571483,10.1039_c8nj04249g_part_1.txt_¶Î1_Material5
[*]CC(C1=CC=C(C=C1)S(O)(=O)=O)[*],[Ag+],,,,1.130333768495006,10.1016_j.polymer.2019.01.065_part_2.txt_¶Î1_Material1
O=C(O[*])CCCCCCCCCCN[*],[*]CC(CC[*])O,O=[Al]O[Al]=O.O=[Si]=O.O=[Si]=O.O=[Si]=O,,,1.7320719409998666,10.1002_pc.25798_part_1.txt_¶Î1_Material1
O=C(CCCCC(N(CCCCCCN([*])[H])[H])=O)[*],O=C([*])CCCCCN[*],,,,2.225309281725863,10.1088_1742-6596_1765_1_012003_part_1.txt_¶Î1_Material1
[*]CC(COC1=CC=C(C=C1)C(C)(C)C2=CC=C(C=C2)O[*])O,[H]N(C1=CC=C(C=C1)CC2=CC=C(C=C2)N(C(OCCO[*])=O)[H])C([*])=O,,,,1.7558748556724917,10.1016_j.polymer.2017.04.030_part_1.txt_¶Î1_Material1
O=C([*])CCCCCN[*],[*]CC1C(C(CO)(C[*])CCC1)=O,OC1=C2C(C3(O)C4C5C6=C7C8C(C9=CC(C(O)=O)=C(C=C(C=C%10C(O)=O)C%11%12)C(C%11=C%13C%14C%15%16C%17(O%16)C%18C%19=C%20C%21=C%22C(C(O)=C%23)=C%24C%25C%21=C%26C%19=C%27C%17=C%28C%14(O)C%12=C%10C=C%28CC%27=CC%26=CC%25=C(C(O)=O)C=C%24)C9=C7C%13(O)C5=C%15C3=C%18C%29%30C%20(O%30)C%31C%22C%23=C%32)=CC(C(O)=O)=CC8=CC6=C(C(O)=O)C4=C2)=C%29C%33=C%31C%32=C(C(O)=O)C=C%331,,,1.6020599913279625,10.1002_app.50501_part_2.txt_¶Î1_Material1
O=C([*])CCCCCN[*],O=[Al]O[Al]=O,C12=CC3=CC4=CC=CN=C4N=C3N=C1N=C5N=C6N=CC=CC6=CC5=C2,,,1.885926339801431,10.3390_ma12183047_part_1.txt_¶Î1_Material1
[*]C(C)C[*],[*]CCCC(C1C([*])C2CC1C/C2=C/C)C,O=[Mg].O=[Si]=O.O=[Si]=O.O=[Si]=O.O=[Si]=O.O=[Mg].O=[Mg].O,,,1.209515014542631,10.1177_0307174x1604300103_part_1.txt_¶Î1_Material1
OCC(C(C(C1N)O)O[*])OC1OC2C(OC(C(C2O)N)[*])CO,O=C([O-])[O-].[Ca+2],,,,1.8680563618230408,10.1088_1757-899x_578_1_012073_part_2.txt_¶Î1_Material3
[*]C([H])([H])C(O)([H])[*],O=[Zr]=O,[Na+].[Cl-],,,1.3564083270389813,10.1002_pc.24063_part_1.txt_¶Î1_Material1
[*]CCC(CCCC(CCCC(C[*])C)C)C,C(C1=CC=C(N2C(=O)C=CC2=O)C=C1)C1=CC=C(N2C(=O)C=CC2=O)C=C1,[*]NC(C(N1CCCC1C(NCC(N2CC(CC2C(NC(C(NCC([*])=O)=O)CO)=O)O)=O)=O)=O)CCCCN,,,1.4265112613645752,10.1016_j.polymer.2018.06.008_part_2.txt_¶Î1_Material1
O=C([*])CCCCCCCCCCC(NCCCCCCCCCCN[*])=O,OCC1OC(C(C(C1[*])O)O)OC2C(C(C(OC2CO)O[*])O)O,,,,1.7075701760979365,10.3139_217.3142_part_1.txt_¶Î1_Material2
[*]C(C1=CC=C(C(OCCCCO[*])=O)C=C1)=O,[*]CCC(CCCCCC)C[*],[*]C(C)C[*],,,1.561101383649056,10.1002_app.48872_part_2.txt_¶Î1_Material2
O=C([*])OC1=CC=C(C=C1)C(C)(C)C2=CC=C(C=C2)O[*],COC(C(C[*])([*])C)=O,,,,1.845098040014257,10.1080_15440478.2010.481096_part_2.txt_¶Î1_Material1
[*]C(NC1=C(C)C(NC(OCCO[*])=O)=CC=C1)=O,[*]CC([*])Cl,,,,1.662757831681574,10.1016_j.pnsc.2017.06.001_part_1.txt_¶Î1_Material1
[*]C([H])([H])C(O)([H])[*],[*]C1C(C(C(OC1C(O[Na])=O)OC2C(C(O[Na])=O)OC(O[*])C(O)C2O)O)O,[Ag+],,,1.6532125137753435,10.1016_j.ijbiomac.2015.06.042_part_1.txt_¶Î1_Material1
[*]CC(CC[*])O,,,,,1.4638929889859074,10.1002_adv.21274_part_2.txt_¶Î1_Material3
OP(O)(O)=O,[*]C1C(OC(C(C1O)O)OC2C(OC(C(C2O)O)O[*])CO)CO,OCC(O)CO,O1C(=O)C=CC1=O,,1.5171958979499742,10.3389_fchem.2020.00213_part_5.txt_¶Î1_Material3
OCC1OC(C(C(C1[*])O)O)OC2C(C(C(OC2CO)O[*])O)O,CCCCCCCCCCCCOS([O-])(=O)=O.[Na+],CCCCCCCCCCCCCCCC[N+](C)(C)C.[Br-],,,1.285557309007774,10.1007_s10570-015-0572-8_part_2.txt_¶Î1_Material2
[*]CC[*],[*]C1=C(C=CN2)C2=C([*])C(O)=C1O,O=[Al]O[Al]=O,,,1.7959494989028033,10.1002_pi.5711_part_1.txt_¶Î1_Material1
[*]C1C(OC(C(C1O)O)OC2C(OC(C(C2O)O)O[*])CO)CO,OP(O)(O)=O,[*]OCCCCOC(CCC([*])=O)=O,OCC(O)CO,,1.1398790864012365,10.1179_1743289815y.0000000031_part_1.txt_¶Î1_Material1
[*]C(NC1=C(C)C(NC(OCCO[*])=O)=CC=C1)=O,[*]C(CCCCCO[*])=O,O=[Ti]=O,,,1.3979400086720375,10.33263_briac111.81798189_OA_part_2.txt_¶Î1_Material1
O=C([*])CCCCCN[*],[*]CC(CC=CCC([*])C1=CC=CC=C1)C#N,[*]CCCC(CCCCCC)[*],,,1.6334684555795864,10.1080_00405000.2020.1808385_part_1.txt_¶Î1_Material4
[*]NC(C)C(N1CCCC1C([*])=O)=O,ON1C(=O)CCC1=O,,,,0.6242820958356683,10.1021_acsabm.0c01084_part_2.txt_¶Î1_Material3
[*]C(C1=CC=C(C(OCCCCO[*])=O)C=C1)=O,CCCCCCCCCCCCCCCC[N+](C)(C)C.[Br-],,,,1.72916478969277,10.1002_vnl.21741_part_3.txt_¶Î1_Material1
[*]CC(OC(O[*])=O)C,,,,,1.403120521175818,10.1002_pc.25809_part_3.txt_¶Î1_Material3
[*]OCC[*],[*]CCCCOCCCCOCCCCOCCCCO[*],,,,1.1760912590556811,10.1038_pj.2013.39_part_1.txt_¶Î1_Material1
[*]C(NC1=C(C)C(NC(OCCO[*])=O)=CC=C1)=O,[*]CCC(CCCC(CCCC(C[*])C)C)C,CNC(CNC(CN)=O)=O,,,1.3404441148401185,10.1016_j.compositesa.2016.07.017_part_2.txt_¶Î1_Material1
[*]C([C@H](C)OC([C@H](C)O[*])=O)=O,[*]NC(C(O)=O)CCC([*])=O,OC1=C2C(C3(O)C4C5C6=C7C8C(C9=CC(C(O)=O)=C(C=C(C=C%10C(O)=O)C%11%12)C(C%11=C%13C%14C%15%16C%17(O%16)C%18C%19=C%20C%21=C%22C(C(O)=C%23)=C%24C%25C%21=C%26C%19=C%27C%17=C%28C%14(O)C%12=C%10C=C%28CC%27=CC%26=CC%25=C(C(O)=O)C=C%24)C9=C7C%13(O)C5=C%15C3=C%18C%29%30C%20(O%30)C%31C%22C%23=C%32)=CC(C(O)=O)=CC8=CC6=C(C(O)=O)C4=C2)=C%29C%33=C%31C%32=C(C(O)=O)C=C%331,C[Si](O[*])(C)[*],,0.9772662124272928,10.36922_ijb.1829_OA_part_3.txt_¶Î1_Material1
[*]CC[*],O=C=NC(C=C1)=CC=C1CC2=CC=C(C=C2)N=C=O,,,,1.0729847446279304,10.1177_0892705714526911_part_2.txt_¶Î1_Material1
O=C(C1=CC=C(C=C1)C(OCC[*])=O)O[*],O=C([*])C1=CC=C(C=C1)OC2=CC=C(C=C2)OC3=CC=C(C=C3)[*],,,,2.0791812460476247,10.1177_0954008316661616_part_3.txt_¶Î1_Material1
[*]OCCOC(CC(C([*])=O)C(C1CCCCC1)CC(CC(O)=O)C(OCCO)=O)=O,[*]OC1OC(CO)C(OC2C(O)C(O)C([*])C(CO)O2)C(O)C1O,[Cu],,,1.4924810101288766,10.1002_pc.24181_part_2.txt_¶Î1_Material4
[*]C([H])([H])C(O)([H])[*],OCC(C(C(C1N)O)O[*])OC1OC2C(OC(C(C2O)N)[*])CO,O=[Si]=O,,,1.4095950193968156,10.1016_j.carbpol.2017.12.043_part_3.txt_¶Î1_Material1
O=C([*])C(C)O[*],OCC(C(C(C1N)O)O[*])OC1OC2C(OC(C(C2O)N)[*])CO,[*]OCC[*],,,1.24551266781415,10.1016_j.mencom.2015.09.015_part_1.txt_¶Î1_Material2
[*]C(CCCCC(OCCCCO[*])=O)=O,[*]C(CCCCCO[*])=O,,,,1.0413926851582251,10.1016_j.eurpolymj.2018.09.036_part_3.txt_¶Î1_Material2
[*]CC(CC)([*])C(OCC1=CC=CC=C1)=O,[*]C(N(CN(C(OCOC(N(CN(C(OCCO[*])=O)[H])[H])=O)=O)[H])[H])=O,,,,1.737987326333431,10.1002_app.47397_part_1.txt_¶Î1_Material1
[*]CC([*])Cl,C=C([CH3])C(=O)O[CH3],,,,1.4471580313422192,10.1016_j.polymer.2020.122911_part_8.txt_¶Î1_Material2
[*]C(C1=CC=C(C(OCCCCO[*])=O)C=C1)=O,O=C([*])C1=CC=C2C=C(C=CC2=C1)OC(C3=CC=C(C=C3)O[*])=O,,,,1.7634279935629371,10.1016_j.matdes.2012.05.052_part_2.txt_¶Î1_Material3
[*]C(F)(C(F)([*])F)F,O=[Si]=O,,,,1.790988475088816,10.1007_s10118-013-1225-8_part_2.txt_¶Î1_Material2
[*]C(CCCCCO[*])=O,C/C(C[*])=C/C[*],,,,1.2278867046136734,10.1007_s10924-012-0567-6_part_1.txt_¶Î1_Material1
[*]C(C)C[*],[*]CC[*],[*]CC(C(CCC)=O)([*])C,,,1.1613680022349748,10.1002_masy.201550309_part_1.txt_¶Î1_Material1
O=C(C1=CC=C(C=C1)C(OCC[*])=O)O[*],OP(O)(O)=O,O=[Ti]=O,,,1.4424797690644486,10.1016_j.egypro.2014.07.137_part_2.txt_¶Î1_Material1
O=C([*])C(C)O[*],[*]OCC[*],OCC1OC(C(C(C1[*])O)O)OC2C(C(C(OC2CO)O[*])O)O,,,1.3308194664958368,10.4028_www.scientific.net_kem.821.89_part_1.txt_¶Î1_Material1
[*]C(C(OC1O[*])COC(O[Na])=O)C(O)C1N,,,,,1.462397997898956,10.1002_star.201000136_part_1.txt_¶Î1_Material1
OC1C(C(OC(C1O)OC2C(OC(C(C2O)O)OC3C(C(C(OC3C(OC)=O)OC4C(OC(C(C4O)O)[*])C(O)=O)O)O)C(OC)=O)C(O)=O)O[*],[*]OCC[*],,,,1.146128035678238,10.1016_j.polymdegradstab.2013.09.012_part_1.txt_¶Î1_Material2
[*]O[C@H](C)CC([*])=O,OCC1OC(C(C(C1O[*])O)O)[*],,,,1.0073209529227445,10.1007_s10570-019-02460-7_part_2.txt_¶Î1_Material1
FC(F)([*])C([H])([*])[H],[*]CC(C#N)[*],[H]Cl,,,0.919078092376074,10.1007_s00289-016-1785-1_part_2.txt_¶Î1_Material3
[*]C(C)C[*],[Mg]=O,,,,1.667826378950711,10.1016_j.mtcomm.2019.100880_part_2.txt_¶Î1_Material5
[*]C(C)C[*],[*]CC(CC=CCC([*])C1=CC=CC=C1)C#N,,,,1.6287974855667102,10.1002_app.41315_part_1.txt_¶Î1_Material1
[*]C(C)C[*],O=[Si]=O,O=[Ti]=O,,,1.4828735836087537,10.1177_0307174x1103800704_part_1.txt_¶Î1_Material2
NC1=NC2=C(N=CN2C2O[C@H](COP(=O)(O)OP(=O)(O)O)[C@H](O)[C@@H]2O)C(=O)N1,OCC1OC(C(C(C1[*])O)O)OC2C(C(C(OC2CO)O[*])O)O,,,,1.7611758131557314,10.1016_j.indcrop.2018.08.019_part_2.txt_¶Î1_Material1
[*]C([H])([H])C(O)([H])[*],[*]OC1C(C(O)=O)OC(OC2C(NC(C)=O)C([*])OC(CO)C2O)C(O)C1O,O=C(O)C([*])C[*],,,0.5693739096150459,10.1016_j.msec.2018.05.080_part_3.txt_¶Î1_Material3
[*]NCC(NC(C(ONCC(NC(C(NCC(NC(C([*])=O)C)=O)=O)C)=O)=O)CO)=O,O=C(C(C[*])[*])N,CCCCCCCCCCCCOS([O-])(=O)=O.[Na+],,,-0.356547324,10.1039_d2ma00568a_OA_part_5.txt_¶Î1_Material1
[*]C(N(CN(C(OCOC(N(CN(C(OCCO[*])=O)[H])[H])=O)=O)[H])[H])=O,CCCC[Sn](CCCC)(OC(CCCCCCCCCCC)=O)OC(CCCCCCCCCCC)=O,O=CN(C)C,,,1.6532125137753435,10.1021_acs.macromol.1c00596_part_1.txt_¶Î1_Material4
[*]CC(COC1=CC=C(C=C1)C(C)(C)C2=CC=C(C=C2)O[*])O,[*]N1C(C2=CC3=C(C=C2C1=O)C(N(C3=O)C4=CC=C(C=C4)OC5=CC=C(C=C5)[*])=O)=O,,,,1.8750612633917,10.1002_app.50869_part_2.txt_¶Î1_Material1
O=C(C1=CC=C(C=C1)C(OCC[*])=O)O[*],O=C([*])CCCCCN[*],,,,1.6532125137753435,10.1002_app.50916_part_1.txt_¶Î1_Material1
[*]C1C(OC(C(C1O)O)OC2C(OC(C(C2O)O)O[*])CO)CO,[*]C([H])([H])C(O)([H])[*],O=[Ti]=O,,,1.1846914308175989,10.1177_0021998312436998_part_2.txt_¶Î1_Material1
[*]CC[*],[*]CC[*],[*]CC[*],C=C([CH3])C(=O)OC([CH3])[CH3],,1.3424226808222062,10.1002_pc.23524_part_3.txt_¶Î1_Material2
OC(C(C1OC2OC(C(C(C2O)O)OC3OC(C(C(C3O)O)O)COC4OC(C(C(C4O)O)OC5OC(C(C(C5O)O)OC6OC(C(C(C6O)O[*])O)C)CO)CO)CO)O[*])COC1CO,,,,,2.0156949885265183,10.1515_ijfe-2019-0030_part_2.txt_¶Î1_Material6
[*]CC[*],O=C1C=CC(O1)=O.C=C,O=[Al]O[Al]=O.O=[Si]=O.O=[Si]=O.O=[Si]=O,,,1.2430380486862944,10.1177_0892705714554492_part_2.txt_¶Î1_Material1
[*]NC(C(O)=O)CCC([*])=O,[*]NC(C)C(N1CCCC1C([*])=O)=O,[O-][Si]([O-])([O-])O[Si]([O-])([O-])[O-].[Ca+2],,,1.6020599913279625,10.1039_d0gc01394c_part_7.txt_¶Î1_Material3
NC1=CC=C(C=C1)/C2=C3C=C/C(N\3)=C(C4=N/C(C=C4)=C(C5=CC=C(N5)/C(C6=CC=CC=C6)=C7N=C2C=C\7)/C8=CC=CC=C8)\C9=CC=CC=C9,[*]CC[*],OCC1OC(C(C(C1[*])O)O)OC2C(C(C(OC2CO)O[*])O)O,,,1.380211241711606,10.1016_j.tca.2017.05.002_part_1.txt_¶Î1_Material2
[*]C(C(OC(CO[*])=O)C)=O,OCC(C(C(C1N)O)O[*])OC1OC2C(OC(C(C2O)N)[*])CO,O=[Ti]=O,,,1.3010299956639813,10.1016_j.biomaterials.2015.08.037_part_7.txt_¶Î1_Material1
O=C(CCCCC(NCCCCCCCCCCN[*])=O)[*],OCC1OC(C(C(C1[*])O)O)OC2C(C(C(OC2CO)O[*])O)O,,,,1.7937903846908188,10.3139_217.3142_part_1.txt_¶Î1_Material1
[*]OC(C1=CC=C(C(OCCCCOC(CCCCC([*])=O)=O)=O)C=C1)=O,,,,,0.9680157139936416,10.1002_masy.201100185_part_1.txt_¶Î1_Material2
[*]C(C)C[*],[*]C(C)C[*],O=[Al]O[Al]=O.O=[Si]=O.O=[Si]=O.O=[Si]=O,,,1.5017437296279943,10.1088_1757-899x_523_1_012023_part_2.txt_¶Î1_Material1
[*]C1C(O)C(O)C(OC2C(O)C(O)C(O[*])OC2COC(C)=O)OC1COC(C)=O,OCC(O)CO,,,,1.385606273598312,10.1007_s10570-020-03393-2_part_1.txt_¶Î1_Material1
OCC(C(C(C1N)O)O[*])OC1OC2C(OC(C(C2O)N)[*])CO,OC(CO)CO,,,,1.6901960800285136,10.1016_j.desal.2017.05.031_part_1.txt_¶Î1_Material2
O=C([*])CCCCCN[*],FC(F)(C(F)(C(F)(C(F)(C(F)([*])F)F)C(F)(F)F)F)C[*],,,,1.423245873936808,10.1016_j.polymer.2014.12.016_part_2.txt_¶Î1_Material1
OCC(C(C(C1N)O)O[*])OC1OC2C(OC(C(C2O)N)[*])CO,[*]NC(C(N1CCCC1C(NCC(N2CC(CC2C(NC(C(NCC([*])=O)=O)CO)=O)O)=O)=O)=O)CCCCN,[*]NC(C(N1CCCC1C(NCC(N2CC(CC2C(NC(C(NCC([*])=O)=O)CO)=O)O)=O)=O)=O)CCCCN,,,1.860757123081542,10.1016_j.ijbiomac.2018.04.149_part_3.txt_¶Î1_Material4
O=C([*])CCCCCCCCCCC(NCCCCCCCCCCN[*])=O,[*]C(NC1=C(C)C(NC(OCCO[*])=O)=CC=C1)=O,NC1=NC2=C(N=CN2C2O[C@H](COP(=O)(O)OP(=O)(O)O)[C@H](O)[C@@H]2O)C(=O)N1,,,1.6812412373755872,10.1080_22243682.2017.1305915_part_3.txt_¶Î1_Material2
[*]C(NC1=C(C)C(NC(OCCO[*])=O)=CC=C1)=O,[*]OCC[*],CC(C(=O)O)(CO)CO,,,1.0969100130080565,10.1016_j.polymertesting.2018.05.024_part_2.txt_¶Î1_Material1
C/C(C[*])=C/C[*],[*]CCCC(C1C([*])C2CC1C/C2=C/C)C,,,,1.2895889525425968,10.1080_1023666x.2015.1050905_part_6.txt_¶Î1_Material1
FC(F)([*])C([H])([*])[H],[*]C([H])([H])C(O)([H])[*],C(CC=O)CC=O,,,0.9561684304753632,10.1016_j.desal.2017.10.042_part_1.txt_¶Î1_Material1
O=C([*])C(C)O[*],[*]C(NC1=C(C)C(NC(OCCO[*])=O)=CC=C1)=O,O=[Si]=O,,,1.5892792212359672,10.1016_j.polymer.2014.01.057_part_2.txt_¶Î1_Material1
OCC1OC(C(C(C1[*])O)O)OC2C(C(C(OC2CO)O[*])O)O,OC[C@@H]([C@H]([C@@H]([C@@H](CO)O)O)O)O,OC(C(CC(O)=O)(CC(O)=O)O)=O,,,0.8864907251724818,10.1007_s10570-017-1405-8_part_2.txt_¶Î1_Material3
[*]CC(OC(O[*])=O)C,OCC1OC(C(C(C1[*])O)O)OC2C(C(C(OC2CO)O[*])O)O,[*]C([H])([H])C(O)([H])[*],,,1.7634279935629371,10.1016_j.carbpol.2018.02.070_part_4.txt_¶Î1_Material1
[*]C([H])([H])C(O)([H])[*],O=C(O[Na])COCC(OC(C(C1O)O)[*])C1OC(C(C(C2O[*])O)O)OC2COCC(O[Na])=O,,,,1.950705534773861,10.1016_j.carbpol.2018.06.123_part_3.txt_¶Î1_Material1
O=C([*])C(C)O[*],[*]NCC(NC(C(ONCC(NC(C(NCC(NC(C([*])=O)C)=O)=O)C)=O)=O)CO)=O,OC1=C2C(C3(O)C4C5C6=C7C8C(C9=CC(C(O)=O)=C(C=C(C=C%10C(O)=O)C%11%12)C(C%11=C%13C%14C%15%16C%17(O%16)C%18C%19=C%20C%21=C%22C(C(O)=C%23)=C%24C%25C%21=C%26C%19=C%27C%17=C%28C%14(O)C%12=C%10C=C%28CC%27=CC%26=CC%25=C(C(O)=O)C=C%24)C9=C7C%13(O)C5=C%15C3=C%18C%29%30C%20(O%30)C%31C%22C%23=C%32)=CC(C(O)=O)=CC8=CC6=C(C(O)=O)C4=C2)=C%29C%33=C%31C%32=C(C(O)=O)C=C%331,,,1.8976270912904407,10.1007_s12221-014-0847-y_part_2.txt_¶Î1_Material3
[*]NCCCC[C@@H](C([*])=O)N,,,,,1.5563025007672873,10.1016_j.eurpolymj.2015.06.015_part_2.txt_¶Î1_Material2
O=C([*])CCCCCN[*],[*]C(CCCCCO[*])=O,O=[Ti]=O,,,1.7972675408307164,10.3390_polym10111190_part_3.txt_¶Î1_Material1
[*]C(C(C1O)O)OCC1OC(C(C2O)OC(C)=O)OCC2OC(OCC(C3O)OC4OCC(C(C4O)OC(C)=O)OC5OCC(C(C5OC(C)=O)OC(C)=O)[*])C3OC(C(C(C6OC)O)O)OC6C([O-])=O,OCC(C(C(C1N)O)O[*])OC1OC2C(OC(C(C2O)N)[*])CO,,,,1.3384564936046048,10.1016_j.carbpol.2021.118602_part_2.txt_¶Î1_Material1
[*]C(N(CN(C(OCOC(N(CN(C(OCCO[*])=O)[H])[H])=O)=O)[H])[H])=O,C=C(C)C(=O)OCCCC,,,,1.1699681739968923,10.1002_mame.202000527_part_1.txt_¶Î1_Material1
O=C(C1=CC=C(C=C1)C(OCC[*])=O)O[*],CCCCCCCCCCCCOS([O-])(=O)=O.[Na+],,,,1.7474118078864234,10.1016_j.memsci.2014.05.047_part_1.txt_¶Î1_Material1
O=S(C(C=C1)=CC=C1OC(C=C2)=CC=C2C(C)(C)C(C=C3)=CC=C3O[*])(C4=CC=C([*])C=C4)=O,OCC(C(C(C1N)O)O[*])OC1OC2C(OC(C(C2O)N)[*])CO,,,,0.7788744720027395,10.1177_155892501400900109_part_1.txt_¶Î1_Material1
[*]CC(C#N)[*],CCCCCCCCCCCCOS([O-])(=O)=O.[Na+],,,,1.4972061807039545,10.1080_00222348.2021.1894708_part_1.txt_¶Î1_Material1
CC(NC(C([*])C)=O)C(NC(C)C(NC(C)C(N[*])=O)=O)=O,[*]OC1C(O)C(O)C(OC2C(CO)OC([*])C(O)C2O)OC1CO,[*]C1=CC=C([*])N1,,,1.383815365980431,10.1007_s10570-018-2126-3_part_2.txt_¶Î1_Material1
O=C(C1=CC=C(C=C1)C(OCC[*])=O)O[*],OP(O)(O)=O,[Zn]=O,,,1.436162647040756,10.1016_j.egypro.2014.07.137_part_2.txt_¶Î1_Material2
[*]CC(O)COC1=CC=C(C(C)(C2=CC=C(O[*])C=C2)C)C=C1,,,,,1.5125509929042107,10.1016_j.matpr.2020.09.669_part_2.txt_¶Î1_Material1
[*]C1C(C(C(OC1C(O[Na])=O)OC2C(C(O[Na])=O)OC(O[*])C(O)C2O)O)O,[Ca+2],,,,2.1132746924643504,10.1016_j.jmbbm.2018.10.011_part_1.txt_¶Î1_Material1
[*]CC([*])Cl,[O-]S(C1=CC=CC(O)=C1)(=O)=O.[Na+],,,,1.1846914308175989,10.1002_app.46388_part_1.txt_¶Î1_Material1
[*]C(C)C[*],O=C([O-])[O-].[Ca+2],[*]C(C)C[*],,,1.5185139398778875,10.1590_0104-1428.1692_part_1.txt_¶Î1_Material1
[*]C([C@H](C)OC([C@H](C)O[*])=O)=O,O=C([*])C(C)O[*],,,,1.6334684555795864,10.1038_pj.2011.3_part_1.txt_¶Î1_Material1
[*]CC[*],O=C([*])CCCCCN[*],[*]CC[*],,,1.6222140229662954,10.1002_polb.24783_part_2.txt_¶Î1_Material1
C[Si](C)(C[*])O[*],CCO[Si](OCC)(OCC)OCC,,,,-0.244125144,10.1016_j.polymdegradstab.2014.10.026_part_2.txt_¶Î1_Material1
O=C([*])CCCCCN[*],[*]NCCCCCCCCCCCC([*])=O,C12=CC3=CC4=CC=CN=C4N=C3N=C1N=C5N=C6N=CC=CC6=CC5=C2,,,1.7315887651867388,10.1016_j.apsusc.2018.01.158_part_5.txt_¶Î1_Material1
C/C(C[*])=C/C[*],COC(C(C[*])([*])C)=O,O=[Al]O[Al]=O.O=[Si]=O.O=[Si]=O.O=[Si]=O,,,1.4369573306694496,10.1002_app.43961_part_2.txt_¶Î1_Material1
[*]C(CCCCC(OCCCCO[*])=O)=O,[*]C(CCCCC(OCCCCOC(C1=CC=C(C(OCCCCO[*])=O)C=C1)=O)=O)=O,[*]C1C(OC(C(C1O)O)OC2C(OC(C(C2O)O)O[*])CO)CO,,,1.4313637641589874,10.1016_j.carbpol.2015.01.058_part_1.txt_¶Î1_Material2
O=C([*])C(C)O[*],[*]C(CCCCC(OCCCCO[*])=O)=O,[*]CC(OC(O[*])=O)C,,,1.354108439147401,10.1007_s00289-019-02942-5_part_2.txt_¶Î1_Material1
O=C([*])CCCCCN[*],[*]CC[*],[*]CC[*],[*]C(C)C[*],,1.3710678622717365,10.1016_j.polymdegradstab.2017.11.001_part_8.txt_¶Î1_Material1
O=C([*])C(C)O[*],OCC1OC(C(C(C1[*])O)O)OC2C(C(C(OC2CO)O[*])O)O,[*]OCC[*],,,1.57978359661681,10.1007_s10570-014-0476-z_part_3.txt_¶Î1_Material1
O=C(CCCCCCCCCCC(NCCCCCCCCCCCCN[*])=O)[*],C[Si](C)(C[*])O[*],,,,1.5563025007672873,10.1016_j.reactfunctpolym.2020.104688_part_2.txt_¶Î1_Material1
O=C([*])CCCCCN[*],[*]NC1=CC=C([*])C=C1,,,,2,10.1515_polyeng-2016-0170_part_1.txt_¶Î1_Material1
O=C([*])C(C)O[*],CC(NC1C([C@@H](C(O[C@H]1O[*])CO)O[C@@H]2OC([C@H]([C@@H](C2NC(C)=O)O)[*])CO)O)=O,,,,2.184691430817599,10.1002_adfm.202008552_part_4.txt_¶Î1_Material2
C=C([CH3])C(=O)O[CH3],[*]CC(C1=CC=CC=C1)[*],,,,1.2787536009528289,10.1166_jnn.2011.3071_part_2.txt_¶Î1_Material2
OC(C(C1OC2OC(C(C(C2O)O)OC3OC(C(C(C3O)O)O)COC4OC(C(C(C4O)O)OC5OC(C(C(C5O)O)OC6OC(C(C(C6O)O[*])O)C)CO)CO)CO)O[*])COC1CO,OCC(C(C(C1N)O)O[*])OC1OC2C(OC(C(C2O)N)[*])CO,OCC(O)CO,,,2.0156949885265183,10.1515_ijfe-2019-0030_part_2.txt_¶Î1_Material1
[*]CC[*],OCC1OC(C(C(C1[*])O)O)OC2C(C(C(OC2CO)O[*])O)O,NC1=CC=C(C=C1)/C2=C3C=C/C(N\3)=C(C4=N/C(C=C4)=C(C5=CC=C(N5)/C(C6=CC=CC=C6)=C7N=C2C=C\7)/C8=CC=CC=C8)\C9=CC=CC=C9,O=C([O-])[O-].[Ca+2],,1.3979400086720375,10.1007_s10570-021-03824-8_part_1.txt_¶Î1_Material1
O=C([*])C(C)O[*],[*]CC(OC(O[*])=O)C,[*]CC(OC(O[*])=O)C,,,1.4945719842301983,10.1021_acs.iecr.7b03444_part_7.txt_¶Î1_Material1
OP(O)(O)=O,[*]C([C@H](C)OC([C@H](C)O[*])=O)=O,,,,1.6031443726201824,10.1016_j.indcrop.2014.09.033_part_2.txt_¶Î1_Material1
[*]C(CCCCCO[*])=O,[*]NC(C(N1CCCC1C(NCC(N2CC(CC2C(NC(C(NCC([*])=O)=O)CO)=O)O)=O)=O)=O)CCCCN,[*]OC1C(C(O)=O)OC(OC2C(NC(C)=O)C([*])OC(CO)C2O)C(O)C1O,,,0.8976270912904415,10.3390_ma13112661_part_1.txt_¶Î1_Material1
[*]C(C)C[*],[*]C/C=C/CCC(C=C)CC([*])C1=CC=CC=C1,,,,1.5327543789924978,10.1177_0892705719843965_part_1.txt_¶Î1_Material1
O=C([*])C(C)O[*],CC1(CC(CC(C)(C1)C)N=C=O)CN=C=O,,,,1.792391689498254,10.1016_j.compositesa.2015.05.010_part_2.txt_¶Î1_Material1
[*]NCCCCCCCCCCCC([*])=O,[*]C1C(OC(C(C1O)O)OC2C(OC(C(C2O)O)O[*])CO)CO,C(C)(C1=CC=C(OCC2CO2)C=C1)(C)C1=CC=C(OCC2CO2)C=C1,,,1.6232492903979006,10.1016_j.eurpolymj.2011.09.017_part_2.txt_¶Î1_Material1
[*]OC1C(C(OC(C1O)OC2C3C(C(OC2CO3)[*])O)CO)O,,,,,1.4942937686653328,10.1016_j.foodhyd.2014.09.037_part_4.txt_¶Î1_Material1
[*]C1C(OC(C(C1O)O)OC2C(OC(C(C2O)O)O[*])CO)CO,[*]C([H])([H])C(O)([H])[*],OC(CO)CO,,,1.4828735836087537,10.1016_j.carbpol.2012.03.025_part_1.txt_¶Î1_Material1
OCC1OC(C(C(C1[*])O)O)OC2C(C(C(OC2CO)O[*])O)O,OS(=O)(OOS(O)(=O)=O)=O.N.N,,,,1.5276299008713388,10.1016_j.ijbiomac.2014.12.029_part_1.txt_¶Î1_Material1
[*]CC([*])Cl,C12=C3C(C=CC4C3=C5C(CC6=CC7=C8C9=C(C(C=C%10)=CC=C9C=C7)C%11=C%10C%12)=CC4)=CC=C1C=C%12C%13=C%11C8=C6C5=C2%13,,,,1.920123326290724,10.1002_pc.23328_part_1.txt_¶Î1_Material1
[*]CC(OC(O[*])=O)C,[*]C([H])([H])C(O)([H])[*],,,,1.3891660843645324,10.1002_pi.6235_part_2.txt_¶Î1_Material4
[*]NC(C)C(N1CCCC1C([*])=O)=O,[*]NC(C(N1CCCC1C(NCC(N2CC(CC2C(NC(C(NCC([*])=O)=O)CO)=O)O)=O)=O)=O)CCCCN,[*]OC1C(C(O)=O)OC(OC2C(NC(C)=O)C([*])OC(CO)C2O)C(O)C1O,,,1.4183012913197457,10.1016_j.msec.2012.08.030_part_1.txt_¶Î1_Material1
O=C([*])C(C)O[*],[*]C([C@H](C)OC([C@H](C)O[*])=O)=O,[*]C([C@H](C)OC([C@H](C)O[*])=O)=O,,,1.8750612633917,10.1007_s00289-019-02862-4_part_3.txt_¶Î1_Material2
[*]CC([*])Cl,O=CN(C)C,,,,1.1855421548543752,10.1002_app.32185_part_1.txt_¶Î1_Material1
OCC(C(C(C1N)O)O[*])OC1OC2C(OC(C(C2O)N)[*])CO,OCC(O)CO,OC[C@@H]([C@H]([C@@H]([C@@H](CO)O)O)O)O,,,1.5932860670204574,10.1002_masy.201100128_part_1.txt_¶Î1_Material1
[*]C(CCCCCO[*])=O,O=P([O-])([O-])[O-].[Ca+2].[Ca+2].[OH-],,,,1.0791812460476249,10.1166_jbn.2013.1640_part_1.txt_¶Î1_Material4
[*]C1OC(CCC)OC(C[*])C1,O=C(C1=CC=C(C=C1)C(OCC[*])=O)O[*],O=[Ti]=O,,,1.9120625555885025,10.1557_jmr.2015.234_part_3.txt_¶Î1_Material1
O=C([*])CCCCCCCCCCC(NCCCCCCCCCCN[*])=O,NC1=NC2=C(N=CN2C2O[C@H](COP(=O)(O)OP(=O)(O)O)[C@H](O)[C@@H]2O)C(=O)N1,,,,1.6020599913279625,10.1515_adms-2017-0013_part_3.txt_¶Î1_Material1
OCC1OC(C(C(C1[*])O)O)OC2C(C(C(OC2CO)O[*])O)O,OC1C(O)C([*])OC(COC2C(O)C(O)C(O)C(CO)O2)C1OC3C(O)C(O)C(CO[*])C(CO)O3,,,,1,10.1021_acssuschemeng.7b02025_part_4.txt_¶Î1_Material2
[*]C(CCCCCO[*])=O,[*]CC(O)COC(CCCCCCCCC(O[*])=O)=O,,,,1.0755469613925308,10.1039_c7qm00600d_part_4.txt_¶Î1_Material1
[*]C(NC1=C(C)C(NC(OCCO[*])=O)=CC=C1)=O,C/C(C[*])=C/C[*],,,,1.3617278360175928,10.5254_rct.15.84896_part_1.txt_¶Î1_Material1
[*]CNCC1=CC=CC([*])=C1O,[H][O-],,,,1.3926969532596658,10.1177_0967391120903664_part_2.txt_¶Î1_Material2
[*]C(NC1=C(C)C(NC(OCCO[*])=O)=CC=C1)=O,[Mg],,,,1.0170333392987805,10.1007_s13204-019-01035-z_part_1.txt_¶Î1_Material1
[*]CC([*])N1CCCC1=O,[*]C(NC1=C(C)C(NC(OCCO[*])=O)=CC=C1)=O,[Ag+],,,1.0863598306747482,10.1021_acsami.1c05319_part_2.txt_¶Î1_Material1
[*]CCCCO[*],CC1(CC(CC(C)(C1)C)N=C=O)CN=C=O,,,,1.1986570869544226,10.1016_j.jclepro.2020.123496_part_3.txt_¶Î1_Material1
[*]C([H])([H])C(O)([H])[*],O=C([*])OC1=CC=C(C=C1)C(C)(C)C2=CC=C(C=C2)O[*],,,,2.2081725266671217,10.1002_app.32242_part_2.txt_¶Î1_Material1
[*]C(C1=CC=C(C(OCCCCO[*])=O)C=C1)=O,[*]CCC(CCCCCC)C[*],,,,1.476541809027429,10.1002_app.40660_part_2.txt_¶Î1_Material1
C=C([CH3])C(=O)O[CH3],[*]C1C(OC(C(C1O)O)OC2C(OC(C(C2O)O)O[*])CO)CO,,,,1.8457180179666584,10.1007_s11661-021-06351-0_part_3.txt_¶Î1_Material1
[*]C(NC1=C(C)C(NC(OCCO[*])=O)=CC=C1)=O,[Ag+],[*]C1=C(C=CN2)C2=C([*])C(O)=C1O,,,0.6532125137753437,10.1002_pi.6295_part_2.txt_¶Î1_Material1
O=C([*])C(C)O[*],[*]CCCC([*])OC(C)=O,[*]CCCC([*])OC(C)=O,,,1.4721711466923633,10.4028_www.scientific.net_amr.486.406_part_1.txt_¶Î1_Material4
OCC1OC(C(C(C1[*])O)O)OC2C(C(C(OC2CO)O[*])O)O,O[Si](O)(O[Si](O)(O)O)O.[Al].[Al].O,,,,1.9263424466256551,10.1007_s10570-019-02558-y_part_1.txt_¶Î1_Material1
OCC1OC(C(C(C1[*])O)O)OC2C(C(C(OC2CO)O[*])O)O,OCC1OC(C(C(C1O[*])O)NC(C)=O)OC2C(O)C(C(OC2CO)[*])NC(C)=O,,,,1.4371160930480786,10.4028_www.scientific.net_amr.925.379_part_1.txt_¶Î1_Material1
[*]C(NC1=C(C)C(NC(OCCO[*])=O)=CC=C1)=O,CC1(C2=CC=CC(O)=C2C(O)=C3C(C4(C(O)=C(C(C(C4CC13)N(C)C)=O)C(O)=N)O)=O)O,,,,1.7715874808812553,10.1002_pat.4600_part_2.txt_¶Î1_Material1
[*]CC[*],[*]CC[*],[C],,,1.3979400086720375,10.1016_j.polymertesting.2013.06.013_part_1.txt_¶Î1_Material4
O=C([*])C(C)O[*],[*]CC(C#N)[*],,,,1.6201360549737576,10.1002_pat.5190_part_2.txt_¶Î1_Material3
[*]C(NC1=C(C)C(NC(OCCO[*])=O)=CC=C1)=O,[*]CCCCOCCCCOCCCCOCCCCO[*],,,,1.842609239610562,10.1016_j.porgcoat.2020.105545_part_2.txt_¶Î1_Material1
[*]CC[*],OC1=C2C(C3(O)C4C5C6=C7C8C(C9=CC(C(O)=O)=C(C=C(C=C%10C(O)=O)C%11%12)C(C%11=C%13C%14C%15%16C%17(O%16)C%18C%19=C%20C%21=C%22C(C(O)=C%23)=C%24C%25C%21=C%26C%19=C%27C%17=C%28C%14(O)C%12=C%10C=C%28CC%27=CC%26=CC%25=C(C(O)=O)C=C%24)C9=C7C%13(O)C5=C%15C3=C%18C%29%30C%20(O%30)C%31C%22C%23=C%32)=CC(C(O)=O)=CC8=CC6=C(C(O)=O)C4=C2)=C%29C%33=C%31C%32=C(C(O)=O)C=C%331,[Si],,,1.1613680022349748,10.1002_pi.5690_part_1.txt_¶Î1_Material1
[*]C(CCCCCO[*])=O,C[Si](C)(C[*])O[*],,,,0.5865873046717549,10.1088_1748-6041_11_1_015007_part_2.txt_¶Î1_Material1
[*]CCC(CCCCCC)C[*],[*]C(C)C[*],,,,1.3979400086720375,10.1021_acsapm.9b00289_part_3.txt_¶Î1_Material1
[*]CC(CC[*])O,OCC(C(C(C1N)O)O[*])OC1OC2C(OC(C(C2O)N)[*])CO,OCC(O)CO,,,1.1271047983648077,10.1007_s11694-015-9287-7_part_2.txt_¶Î1_Material1
[*]C([H])([H])C(O)([H])[*],OC[C@@H]([C@H]([C@@H]([C@@H](CO)O)O)O)O,,,,1.5185139398778875,10.1016_j.polymdegradstab.2019.03.011_part_3.txt_¶Î1_Material1
[*]OC(CC(OC(CC([*])=O)CC)=O)C,[*]CCCC([*])OC(C)=O,,,,1.3502480183341627,10.1016_j.polymertesting.2020.106615_part_2.txt_¶Î1_Material1
[*]OCCCOC(C1=CC=C(C([*])=O)C=C1)=O,[*]CCC(CCCCCC)C[*],[*]C(C)C[*],,,1.5085297189712863,10.1080_00222341003648763_part_2.txt_¶Î1_Material1
O=C([*])C(C)O[*],OP(O)(O)=O,O=[Ti]=O,,,1.9666109866819343,10.3390_polym13071076_part_2.txt_¶Î1_Material1
[*]C(C(OC(CO[*])=O)C)=O,O=P([O-])([O-])[O-].[Ca+2].[Ca+2].[OH-],,,,1.812913356642856,10.1155_2016_6869154_part_1.txt_¶Î1_Material2
[*]C([H])([H])C(O)([H])[*],[*]C1=NC2=CC3=C(C=C2O1)OC(C4=CC=C(C=C4)[*])=N3,,,,1.2880255353883627,10.1002_adv.21616_part_2.txt_¶Î1_Material1
O=C([*])C1=CC=C(C=C1)OC2=CC=C(C=C2)OC3=CC=C(C=C3)[*],[*]CC[*],,,,2,10.3139_217.3655_part_2.txt_¶Î1_Material1
[*]C(N(CN(C(OCOC(N(CN(C(OCCO[*])=O)[H])[H])=O)=O)[H])[H])=O,NCCC[Si](OCC)(OCC)OCC,,,,1.494850021680094,10.1080_1023666x.2015.1015931_part_3.txt_¶Î1_Material1
[*]CC(OC(O[*])=O)C,[*]C1C(O)C(O)C(OC2C(O)C(O)C(O[*])OC2COC(C)=O)OC1COC(C)=O,,,,1.4424797690644486,10.1016_j.carbpol.2012.11.058_part_1.txt_¶Î1_Material1
[*]C1C(O)C(O)C(OC2C(O)C(O)C(O[*])OC2COC(C)=O)OC1COC(C)=O,CCCCCCCCCCCCOS([O-])(=O)=O.[Na+],CCCCCCCCCCCCCCCC[N+](C)(C)C.[Br-],,,0.9912260756924948,10.1007_s10570-015-0572-8_part_2.txt_¶Î1_Material1
[*]NCC(NC(C(ONCC(NC(C(NCC(NC(C([*])=O)C)=O)=O)C)=O)=O)CO)=O,[*]OCC[*],O=C(C1=COC(C2C(CO)=CCC12)O)OC,,,1.3979400086720375,10.3390_jfb6020345_part_2.txt_¶Î1_Material1
O=C([*])C(C)O[*],O=[Mg].O=[Si]=O.O=[Si]=O.O=[Si]=O.O=[Si]=O.O=[Mg].O=[Mg].O,C/C(C[*])=C/C[*],,,1.6989700043360187,10.1177_0021998313477461_part_1.txt_¶Î1_Material1
O=C([*])C(C)O[*],OCC1OC(OC2C(O)C(O)C(O[*])OC2CO)C(O)C(O)C1[*],CCOC(=O)C(O)(CC(=O)OCC)CC(=O)OCC,,,1.6283889300503116,10.1021_acsapm.1c00281_part_1.txt_¶Î1_Material1
O=C([*])C(C)O[*],[*]OCC[*],[*]CC(CC=CCC([*])C1=CC=CC=C1)C#N,,,1.5039268041935103,10.1007_s00396-016-3940-5_part_2.txt_¶Î1_Material3
[*]NC(C)C(N1CCCC1C([*])=O)=O,C=C([CH3])C(=O)O[CH3],,,,0.5198279937757188,10.1016_j.msec.2019.110378_part_6.txt_¶Î1_Material1
C=C([CH3])C(=O)O[CH3],[*]CC([*])Cl,O=C([O-])[O-].[Ca+2],,,1.4393326938302626,10.1021_acs.iecr.5b01921_part_2.txt_¶Î1_Material1
[*]C(CCCCC(OCCCCO[*])=O)=O,[*]CC([*])Cl,,,,1.5932860670204574,10.1007_s00289-014-1137-y_part_4.txt_¶Î1_Material2
O=C([*])C(C)O[*],[*]OCC[*],NC1=NC2=C(N=CN2C2O[C@H](COP(=O)(O)OP(=O)(O)O)[C@H](O)[C@@H]2O)C(=O)N1,,,1.230448921378274,10.1002_pc.26023_part_1.txt_¶Î1_Material1
[*]CC([*])Cl,[*]C1C(OC(C(C1O)O)OC2C(OC(C(C2O)O)O[*])CO)CO,,,,1.1818435879447726,10.1002_pen.25761_part_2.txt_¶Î1_Material1
[*]C(C)C[*],[*]C/C=C(C[*])\Cl,[C],O=C(O)CCCCCCCCCCCCCCCCC,,1.0969100130080565,10.4028_www.scientific.net_amm.754-755.192_part_2.txt_¶Î1_Material1
O=C([*])C(C)O[*],[*]OC1C(C(O)=O)OC(OC2C(NC(C)=O)C([*])OC(CO)C2O)C(O)C1O,OC1=C2C(C3(O)C4C5C6=C7C8C(C9=CC(C(O)=O)=C(C=C(C=C%10C(O)=O)C%11%12)C(C%11=C%13C%14C%15%16C%17(O%16)C%18C%19=C%20C%21=C%22C(C(O)=C%23)=C%24C%25C%21=C%26C%19=C%27C%17=C%28C%14(O)C%12=C%10C=C%28CC%27=CC%26=CC%25=C(C(O)=O)C=C%24)C9=C7C%13(O)C5=C%15C3=C%18C%29%30C%20(O%30)C%31C%22C%23=C%32)=CC(C(O)=O)=CC8=CC6=C(C(O)=O)C4=C2)=C%29C%33=C%31C%32=C(C(O)=O)C=C%331,,,2.0211892990699383,10.1021_acssuschemeng.7b04192_part_2.txt_¶Î1_Material1
[*]C([H])([H])C(O)([H])[*],[*]C(CCCCC(OCCCCO[*])=O)=O,O=[Ti]=O,,,1.3979400086720375,10.1007_s10853-021-05854-w_part_3.txt_¶Î1_Material1
[*]C(C1=CC=C(C(OCCCCO[*])=O)C=C1)=O,[*]CCC(CCCC(CCCC(C[*])C)C)C,,,,2.060697840353612,10.1016_j.compscitech.2016.01.015_part_2.txt_¶Î1_Material1
[*]C([C@H](C)OC([C@H](C)O[*])=O)=O,[*]C(NC1=C(C)C(NC(OCCO[*])=O)=CC=C1)=O,O=[Ti]=O,,,1.6903733069160591,10.3144_expresspolymlett.2013.24_part_2.txt_¶Î1_Material1
[*]C1OC2COC(C2OC3C(C(C(C(C3)CO)OS(=O)([O-])=O)O[*])O)C1OS(=O)([O-])=O,[*]C([H])([H])C(O)([H])[*],,,,1.2278867046136734,10.1016_j.carbpol.2013.06.047_part_1.txt_¶Î1_Material1
O=C(C(C[*])[*])N,[*]C1C(C(C(OC1C(O[Na])=O)OC2C(C(O[Na])=O)OC(O[*])C(O)C2O)O)O,Cl[Ca]Cl,,,-0.638272164,10.1016_j.polymer.2015.03.079_part_1.txt_¶Î1_Material1
[*]C(NC1=C(C)C(NC(OCCO[*])=O)=CC=C1)=O,[*]CCC(CCCC(CCCC(C[*])C)C)C,,,,1.2810333672477277,10.1016_j.triboint.2018.11.010_part_2.txt_¶Î1_Material1
[*]CC(CC=CCC([*])C1=CC=CC=C1)C#N,[*]C(C)C[*],[*]OCC[*],,,1.4578818967339924,10.3390_ma12244167_part_2.txt_¶Î1_Material1
[*]NC(C(N1CCCC1C(NCC(N2CC(CC2C(NC(C(NCC([*])=O)=O)CO)=O)O)=O)=O)=O)CCCCN,[Zn]=O,,,,1.146128035678238,10.1016_j.foodhyd.2014.12.001_part_4.txt_¶Î1_Material1
[*]C(C)C[*],[*]CCCC(C1C([*])C2CC1C/C2=C/C)C,OCC1OC(C(C(C1[*])O)O)OC2C(C(C(OC2CO)O[*])O)O,,,1.4885507165004443,10.1002_pc.26137_part_2.txt_¶Î1_Material5
[*]C(CCCCCO[*])=O,[H][O-],,,,1.1238516409670858,10.1002_pat.5367_part_2.txt_¶Î1_Material3
[*]CC(C1=CC=CC=C1)[*],O=C=O,,,,1.6211762817750353,10.1007_s00289-015-1528-8_part_3.txt_¶Î1_Material1
[*]C(C1=CC=C(C(OCCCCO[*])=O)C=C1)=O,O=C(O)CCCCCCCCCCCCCCCCC,,,,1.7704101315139062,10.1007_s12034-010-0043-7_part_1.txt_¶Î1_Material1
O=C([*])C(C)O[*],COC(C(C[*])([*])C)=O,,,,1.931050846777391,10.1002_pat.4283_part_2.txt_¶Î1_Material2
[*]CC(OC(O[*])=O)C,O=[Al]O[Al]=O.O=[Si]=O.O=[Si]=O.O=[Si]=O,,,,1.2227164711475833,10.1007_s00289-017-2002-6_part_3.txt_¶Î1_Material1
OCC(C(C(C1N)O)O[*])OC1OC2C(OC(C(C2O)N)[*])CO,[*]C([H])([H])C(O)([H])[*],O=C([*])C(C)O[*],,,1.0413926851582251,10.1021_bm101227q_part_2.txt_¶Î1_Material1
[*]CC(CC=CCC([*])C1=CC=CC=C1)C#N,[*]C(C1=CC=C(C(OCCCCO[*])=O)C=C1)=O,,,,1.421603926869831,10.1002_app.48310_part_1.txt_¶Î1_Material1
[*]OC1=C(C([*])=CC=C1C)C,[*]CC(C1=CC=CC=C1)[*],[*]CC[*],,,1.8228216453031043,10.1080_03602559.2016.1233259_part_4.txt_¶Î1_Material1
O=C([*])OC1=CC=C(C=C1)C(C)(C)C2=CC=C(C=C2)O[*],CCCCCCCC/C=C\CCCCCCCC(O[C@@H](COP([O-])(OCC[N+](C)(C)C)=O)COC(CCCCCCCCCCCCCCC)=O)=O,,,,1.7588362247469582,10.1002_app.44661_part_2.txt_¶Î1_Material2
[*]CC([*])Cl,[*]CC(OC(O[*])=O)C,,,,0.9542425094393248,10.1021_acs.macromol.1c00659_part_2.txt_¶Î1_Material1
[*]C(C1=CC=C(C(OCCCCO[*])=O)C=C1)=O,O=C([*])OC1=CC=C(C=C1)C(C)(C)C2=CC=C(C=C2)O[*],O=[Si]=O,,,1.923295840655504,10.1177_0892705715569823_part_2.txt_¶Î1_Material2
C=C([CH3])C(=O)O[CH3],O=[Ti]=O,[*]OC1C(C(O)=O)OC(OC2C(NC(C)=O)C([*])OC(CO)C2O)C(O)C1O,,,1.4771212547196624,10.1002_app.37581_part_2.txt_¶Î1_Material1
[*]C([H])([H])C(O)([H])[*],[*]OC1OC(CO)C(OC2C(O)C(O)C([*])C(CO)O2)C(O)C1O,,,,1.4440447959180762,10.1177_1528083719894737_part_3.txt_¶Î1_Material1
O=C([*])CCCCCN[*],[*]CC(CC)([*])C(OCC1=CC=CC=C1)=O,[*]C(C1=CC=CC=C1)CC2C(OC(C2[*])=O)=O,,,1.6283889300503116,10.1007_s10965-017-1201-z_part_2.txt_¶Î1_Material1
[*]CC[*],[Zn]=O,,,,1.4828735836087537,10.1177_0307174x1103800704_part_1.txt_¶Î1_Material3
[*]O[C@H](C)CC([*])=O,[*]C(C(O[*])C)=O,,,,1.0791812460476249,10.1016_j.polymer.2011.01.039_part_2.txt_¶Î1_Material1
[*]C([H])([H])C(O)([H])[*],[*]C(C(C1O)O)OCC1OC(C(C2O)OC(C)=O)OCC2OC(OCC(C3O)OC4OCC(C(C4O)OC(C)=O)OC5OCC(C(C5OC(C)=O)OC(C)=O)[*])C3OC(C(C(C6OC)O)O)OC6C([O-])=O,OCC(O)CO,O=C(N)N,,1.3891660843645324,10.1007_s10570-013-0091-4_part_1.txt_¶Î1_Material1
O=C([*])C(C)O[*],[*]C(CCCCCO[*])=O,OCC1OC(OC2C(O)C(O)C(O[*])OC2CO)C(O)C(O)C1[*],,,1.6748611407378116,10.32604_jrm.2022.021473_OA_part_3.txt_¶Î1_Material5
[*]C(CCCCCO[*])=O,[*]NC(C)C(N1CCCC1C([*])=O)=O,O=[Ti]=O,,,0.2855573090077737,10.1007_s10965-014-0410-y_part_1.txt_¶Î1_Material1
[*]C(C)C[*],O=[Al]O[Al]=O.O=[Si]=O.O=[Si]=O.O=[Si]=O,NC1=CC=C(C=C1)/C2=C3C=C/C(N\3)=C(C4=N/C(C=C4)=C(C5=CC=C(N5)/C(C6=CC=CC=C6)=C7N=C2C=C\7)/C8=CC=CC=C8)\C9=CC=CC=C9,,,1.4668676203541096,10.1177_0967391120930613_part_2.txt_¶Î1_Material1
C1C=CC=CC=C1,OCC1OC(C(C(C1[*])O)O)OC2C(C(C(OC2CO)O[*])O)O,,,,1.414973347970818,10.1007_s10570-019-02412-1_part_2.txt_¶Î1_Material3
OCC1OC(C(C(C1O[*])O)O)[*],OC1=C2C(C3(O)C4C5C6=C7C8C(C9=CC(C(O)=O)=C(C=C(C=C%10C(O)=O)C%11%12)C(C%11=C%13C%14C%15%16C%17(O%16)C%18C%19=C%20C%21=C%22C(C(O)=C%23)=C%24C%25C%21=C%26C%19=C%27C%17=C%28C%14(O)C%12=C%10C=C%28CC%27=CC%26=CC%25=C(C(O)=O)C=C%24)C9=C7C%13(O)C5=C%15C3=C%18C%29%30C%20(O%30)C%31C%22C%23=C%32)=CC(C(O)=O)=CC8=CC6=C(C(O)=O)C4=C2)=C%29C%33=C%31C%32=C(C(O)=O)C=C%331,,,,1.5705429398818975,10.1007_s10570-018-1913-1_part_2.txt_¶Î1_Material1
[*]CC(O)COC1=CC=C(C(C)(C2=CC=C(O[*])C=C2)C)C=C1,[*]OCC[*],,,,1.715167357848458,10.1016_j.indcrop.2021.113804_part_2.txt_¶Î1_Material1
O=C([*])C(C)O[*],[*]C(CCCCC(OCCCCO[*])=O)=O,O=[Al]O[Al]=O.O=[Si]=O.O=[Si]=O.O=[Si]=O,,,1.3178544893314692,10.1177_0892705719890907_part_3.txt_¶Î1_Material1
OCC1OC(C(C(C1[*])O)O)OC2C(C(C(OC2CO)O[*])O)O,[*]C([H])([H])C(O)([H])[*],O=[Al]O[Al]=O.O=[Si]=O.O=[Si]=O.O=[Si]=O,,,2,10.1007_s10570-015-0798-5_part_5.txt_¶Î1_Material2
O=C(C1=CC=C2C=C(C=CC2=C1)C([*])=O)OCCO[*],,,,,1.9912260756924949,10.1002_pc.25348_part_1.txt_¶Î1_Material1
O=C(C1=CC=C(C=C1)C(NC2=CC=C([*])C=C2)=O)NC3=CC=C([*])C=C3,O=S([O-])([O-])=S,,,,1.6384892569546374,10.1177_09540083211008955_part_1.txt_¶Î1_Material1
[*]C(C)C[*],[Ni],,,,1.586587304671755,10.1007_s10570-018-1892-2_part_2.txt_¶Î1_Material1
[*]C(C)C[*],O=C([*])CCCCCN[*],C12=CC3=CC4=CC=CN=C4N=C3N=C1N=C5N=C6N=CC=CC6=CC5=C2,,,2.3944516808262164,10.1177_0892705712461646_part_1.txt_¶Î1_Material1
O=C([*])CCCCCN[*],[*]CC(C1=CC=CC=C1)[*],[*]C(C1=CC=CC=C1)CC2C(OC(C2[*])=O)=O,,,1.575880315680646,10.1002_pen.25357_part_2.txt_¶Î1_Material2
C=C([CH3])C(=O)OC([CH3])[CH3],C=C([CH3])C(=O)O[CH3],[*]OCC[*],,,1.255272505103306,10.1016_j.actbio.2010.09.001_part_1.txt_¶Î1_Material1
[*]CCCC(C1C([*])C2CC1C/C2=C/C)C,[*]CCCC(C1C([*])C2CC1C/C2=C/C)C,,,,1.260071387985075,10.1007_s00289-021-03636-7_part_2.txt_¶Î1_Material1
O=C(O[Na])COCC(OC(C(C1O)O)[*])C1OC(C(C(C2O[*])O)O)OC2COCC(O[Na])=O,O=C(C(C[*])[*])N,[Fe+3],,,-0.408935393,10.1007_s10570-020-03463-5_part_2.txt_¶Î1_Material1
O=C([*])CCCCCN[*],Cl[Ca]Cl,,,,1.8694664100808664,10.4028_www.scientific.net_amm.423-426.301_part_1.txt_¶Î1_Material1
[*]C([H])([H])C(O)([H])[*],[*]CC(C#N)[*],O=S(O)(O)=O,,,1.2732328340430457,10.1108_prt-11-2016-0101_part_2.txt_¶Î1_Material1
O=C(C1=CC=C(C=C1)C(OCC[*])=O)O[*],[*]CC([*])Cl,,,,1.6532125137753435,10.3139_217.3307_part_2.txt_¶Î1_Material2
[*]CC([*])Cl,[*]C(N(CN(C(OCOC(N(CN(C(OCCO[*])=O)[H])[H])=O)=O)[H])[H])=O,,,,0.8260748027008264,10.1016_j.matdes.2014.01.047_part_2.txt_¶Î1_Material1
[*]C(CCCCCO[*])=O,[*]C1C(OC(C(C1O)O)OC2C(OC(C(C2O)O)O[*])CO)CO,O=C=NC(C=C1)=CC=C1CC2=CC=C(C=C2)N=C=O,,,1.1522883443830565,10.5897_ajb11.2510_part_1.txt_¶Î1_Material1
O=C([*])OC1=CC=C(C=C1)C(C)(C)C2=CC=C(C=C2)O[*],[*]C([C@H](C)OC([C@H](C)O[*])=O)=O,,,,1.813580988568192,10.1002_app.37766_part_1.txt_¶Î1_Material1
O=C(C1=CC=C(C=C1)C(OCC[*])=O)O[*],[*]C(CCCCCO[*])=O,,,,1.424881636631067,10.1016_j.polymer.2020.122573_part_2.txt_¶Î1_Material2
O=C([*])CCCCCN[*],[*]C/C=C/CCC(C=C)CC([*])C1=CC=CC=C1,[*]OCC[*],,,1.6812412373755872,10.4028_www.scientific.net_msf.775-776.659_part_1.txt_¶Î1_Material2
O=C([*])CCCCC(NCCCCN[*])=O,,,,,1.877946951629188,10.1080_14658011.2021.1955200_part_2.txt_¶Î1_Material1
[*]C([H])([H])C(O)([H])[*],[*]C1=C2C(OCCO2)=C([*])S1,O=C(O)C([*])C[*],OC(CO)CO,,0.5563025007672873,10.1016_j.polymer.2020.122469_part_3.txt_¶Î1_Material1
[*]CC(C1=CC=CC=C1)C/C=C/C[*],[Li]Cl,,,,0.5705429398818975,10.1002_mame.202000370_part_3.txt_¶Î1_Material1
[*]C([C@H](C)OC([C@H](C)O[*])=O)=O,[*]CCC(CCCCCC)C[*],[*]O[C@@]([H])(C)C(O[C@](C)([H])C([*])=O)=O,,,1.631443769013172,10.1080_03602559.2013.812219_part_1.txt_¶Î1_Material1
O=C([*])C(C)O[*],O=[Al]O[Al]=O.O=[Si]=O.O=[Si]=O.O.O,,,,1.5444401373176924,10.1080_10601325.2017.1317580_part_2.txt_¶Î1_Material1
[*]C(N(CN(C(OCOC(N(CN(C(OCCO[*])=O)[H])[H])=O)=O)[H])[H])=O,[Ag+],,,,1.0043213737826426,10.1002_aelm.202001242_part_1.txt_¶Î1_Material1
[*]CC([*])Cl,[*]CC(C#N)[*],[Zn]=O,,,1.307496037913213,10.1016_j.micromeso.2019.04.033_part_2.txt_¶Î1_Material1
[*]C(C)C[*],CC(=O)OC1=C(C)C(C)=C2C(=C1C)CCC(C)(CCCC(C)CCCC(C)CCCC(C)C)O2,,,,1.6812412373755872,10.1016_j.polymer.2010.12.006_part_2.txt_¶Î1_Material2
C(C)(C1=CC=C(OCC2CO2)C=C1)(C)C1=CC=C(OCC2CO2)C=C1,[*]C(NC1=C(C)C(NC(OCCO[*])=O)=CC=C1)=O,,,,1.568201724066995,10.1007_s10118-015-1599-x_part_2.txt_¶Î1_Material1
[*]CC[*],[Fe],,,,0.9030899869919436,10.3390_polym12112624_part_3.txt_¶Î1_Material1
[*]CC(C#N)[*],[*]CC[*],,,,1.720985744153739,10.1021_acs.iecr.5b01236_part_2.txt_¶Î1_Material5
OCC(C(C(C1N)O)O[*])OC1OC2C(OC(C(C2O)N)[*])CO,[*]OC(C(C1O)O)OC(COC)C1OC(OC(C(C2O)OC3OC(C(C(C3OC)O)OC4OC(C(C(C4OC)O)[*])COC)CO)COC)C2OCC(OC)C,,,,1.758381941774675,10.1080_03602559.2018.1542726_part_2.txt_¶Î1_Material1
[*]OC(CC(OC(CC([*])=O)CC)=O)C,O=C([*])OC1=CC=C(C=C1)C(C)(C)C2=CC=C(C=C2)O[*],,,,1.5854607295085006,10.1016_j.compositesb.2020.108542_part_2.txt_¶Î1_Material5
[*]CC(C#N)[*],O=C(C1=CC=C(C=C1)C(OCC[*])=O)O[*],,,,1.9030899869919435,10.1002_app.41795_part_2.txt_¶Î1_Material1
[*]C(NC1=C(C)C(NC(OCCO[*])=O)=CC=C1)=O,[*]CC(C)(C(OCCO)=O)[*],OCC1OC(C(C(C1[*])O)O)OC2C(C(C(OC2CO)O[*])O)O,,,1.292256071356476,10.1016_j.mtcomm.2021.102421_part_2.txt_¶Î1_Material1
O=C([*])C(C)O[*],O=C(O[*])CCCCCCCCCCN[*],OC(C(C)(CC(C1=CC=CC=C1)[*])CC(C[*])(C(OCC2CO2)=O)C)=O,,,1.7693773260761383,10.3390_ma12030485_part_3.txt_¶Î1_Material1
[*]CC(CCCC(CC)CC([*])C1=CC=CC=C1)C2=CC=CC=C2,[*]CC(C1=CC=CC=C1)[*],O=C([O-])[O-].[Ca+2],,,1.4517864355242902,10.1080_03602559.2011.618169_part_1.txt_¶Î1_Material1
[*]CC[*],[*]CC(C(CCC)=O)([*])C,,,,1.4578818967339924,10.1016_j.clay.2017.06.035_part_2.txt_¶Î1_Material1
[*]C([H])([H])C(O)([H])[*],[*]C(C(C1O)O)OCC1OC(C(C2O)OC(C)=O)OCC2OC(OCC(C3O)OC4OCC(C(C4O)OC(C)=O)OC5OCC(C(C5OC(C)=O)OC(C)=O)[*])C3OC(C(C(C6OC)O)O)OC6C([O-])=O,O=[Ti]=O,,,1.4875625602563782,10.1007_s10570-014-0482-1_part_1.txt_¶Î1_Material1
O=C([*])C(C)O[*],[*]C(CCCCCO[*])=O,[*]C1C(OC(C(C1O)O)OC2C(OC(C(C2O)O)O[*])CO)CO,,,1.550228353055094,10.3390_ma11112138_part_1.txt_¶Î1_Material1
O=C([*])CCCCCN[*],[Cu]=O,,,,1.6599162000698502,10.1039_c4nj02302a_part_1.txt_¶Î1_Material1
O=C([*])C(C)O[*],[*]C([H])([H])C(O)([H])[*],OCC1OC(C(C(C1[*])O)O)OC2C(C(C(OC2CO)O[*])O)O,,,1.7316693318286362,10.1016_j.polymer.2014.06.071_part_2.txt_¶Î1_Material2
N#CC(C1=CC=CC=N1)C1=CC=CC=C1,[*]C(N(CN(C(OCOC(N(CN(C(OCCO[*])=O)[H])[H])=O)=O)[H])[H])=O,,,,1.0969100130080565,10.1016_j.colsurfb.2012.05.031_part_1.txt_¶Î1_Material2
[*]CC(OC(O[*])=O)C,[*]C([H])([H])C(O)([H])[*],[*]CC(CC[*])O,,,1.8530895298518653,10.1007_s10965-010-9467-4_part_1.txt_¶Î1_Material1
[*]NC(C(N1CCCC1C(NCC(N2CC(CC2C(NC(C(NCC([*])=O)=O)CO)=O)O)=O)=O)=O)CCCCN,O=[Al]O[Al]=O.O=[Si]=O.O=[Si]=O.O=[Si]=O,OCC(C(C(C1N)O)O[*])OC1OC2C(OC(C(C2O)N)[*])CO,,,1.6901960800285136,10.1016_j.foodchem.2012.07.069_part_1.txt_¶Î1_Material1
OCC(C(C(C1N)O)O[*])OC1OC2C(OC(C(C2O)N)[*])CO,OCC(O)CO,CC(=O)O,,,1.852784868680548,10.4028_www.scientific.net_amm.815.89_part_1.txt_¶Î1_Material1
O=C([*])CCCCCN[*],NC1=NC2=C(N=CN2C2O[C@H](COP(=O)(O)OP(=O)(O)O)[C@H](O)[C@@H]2O)C(=O)N1,,,,1.99563519459755,10.1177_0731684416665176_part_1.txt_¶Î1_Material1
[*]C1C(C(C(OC1C(O[Na])=O)OC2C(C(O[Na])=O)OC(O[*])C(O)C2O)O)O,OCC(C(C(C1N)O)O[*])OC1OC2C(OC(C(C2O)N)[*])CO,O=C(O[Na])COCC(OC(C(C1O)O)[*])C1OC(C(C(C2O[*])O)O)OC2COCC(O[Na])=O,Cl[Ca]Cl,,1.893373330246025,10.3390_coatings8080291_part_2.txt_¶Î1_Material1
[*]CCC(CCCC(CCCC(C[*])C)C)C,[*]OCC[*],,,,1.4169731726030363,10.1016_j.polymertesting.2019.105946_part_2.txt_¶Î1_Material1
O=C(CCCCCCCCCCC(NCCCCCCCCCCCCN[*])=O)[*],,,,,1.665580991017953,10.1002_app.41424_part_2.txt_¶Î1_Material1
O=C([*])OC1=CC=C(C=C1)C(C)(C)C2=CC=C(C=C2)O[*],[*]CC(COC1=CC=C(C=C1)C(C)(C)C2=CC=C(C=C2)O[*])O,,,,2.0791812460476247,10.1108_mmms-04-2017-0019_part_1.txt_¶Î1_Material1
O=C([*])OC1=CC=C(C=C1)C(C)(C)C2=CC=C(C=C2)O[*],[*]C(F)(C(F)([*])F)F,CC1=CC(O)=C(C=C1CCCC(C2=C(C=C(C(C(C)(C)C)=C2)O)C)C3=CC(C(C)(C)C)=C(C=C3C)O)C(C)(C)C,,,1.7781512503836436,10.1016_j.polymdegradstab.2015.03.023_part_1.txt_¶Î1_Material1
[*]CC(C#N)[*],[*]OCC[*],,,,0.7923916894982539,10.1039_c6ra10322g_part_2.txt_¶Î1_Material3
[*]C([H])([H])C(O)([H])[*],[Mg],[*]NC(C(N1CCCC1C(NCC(N2CC(CC2C(NC(C(NCC([*])=O)=O)CO)=O)O)=O)=O)=O)CCCCN,,,1.2695129442179165,10.1021_acsapm.1c00447_part_2.txt_¶Î1_Material1
O=C(C1=CC=C(C=C1)C(OCC[*])=O)O[*],OP(O)(O)=O,,,,1.5550944485783191,10.1021_ie4018379_part_2.txt_¶Î1_Material1
O=C([*])C(C)O[*],[*]C/C=C/CCC([*])C#N,[*]C/C=C/CCC([*])C#N,,,1.4969296480732148,10.4028_www.scientific.net_amr.486.406_part_1.txt_¶Î1_Material3
O=C([*])C(C)O[*],[*]OC(CC(OC(CC([*])=O)CC)=O)C,[Na+].[Cl-],,,1.3010299956639813,10.1002_polb.23522_part_1.txt_¶Î1_Material2
O=C([*])OC1=CC=C(C=C1)C(C)(C)C2=CC=C(C=C2)O[*],[C],NC1=NC2=C(N=CN2C2O[C@H](COP(=O)(O)OP(=O)(O)O)[C@H](O)[C@@H]2O)C(=O)N1,,,1.7481880270062005,10.1002_adem.201400143_part_1.txt_¶Î1_Material1
[*]CC[*],[*]NCCCCCCCCCCCC([*])=O,,,,1.4771212547196624,10.1016_j.polymertesting.2016.12.020_part_3.txt_¶Î1_Material2
[*]CC[*],O=C([*])C(C)O[*],O=[Al]O[Al]=O.O=[Si]=O.O=[Si]=O.O=[Si]=O,,,1.1398790864012365,10.1002_pat.5392_part_2.txt_¶Î1_Material2
[*]OCC[*],C[Si](C)(C[*])O[*],O=C=NC(C=C1)=CC=C1CC2=CC=C(C=C2)N=C=O,CC(C(=O)O)(CO)CO,,0.8450980400142568,10.1002_pat.3084_part_2.txt_¶Î1_Material2
[*]C(NC1=C(C)C(NC(OCCO[*])=O)=CC=C1)=O,[*]OCC[*],OC1=C2C(C3(O)C4C5C6=C7C8C(C9=CC(C(O)=O)=C(C=C(C=C%10C(O)=O)C%11%12)C(C%11=C%13C%14C%15%16C%17(O%16)C%18C%19=C%20C%21=C%22C(C(O)=C%23)=C%24C%25C%21=C%26C%19=C%27C%17=C%28C%14(O)C%12=C%10C=C%28CC%27=CC%26=CC%25=C(C(O)=O)C=C%24)C9=C7C%13(O)C5=C%15C3=C%18C%29%30C%20(O%30)C%31C%22C%23=C%32)=CC(C(O)=O)=CC8=CC6=C(C(O)=O)C4=C2)=C%29C%33=C%31C%32=C(C(O)=O)C=C%331,[*]OCC[*],,1.3364597338485296,10.1016_j.tca.2017.10.016_part_2.txt_¶Î1_Material1
[*]CCCC(CCCCCC)[*],C[Si](C)(C[*])O[*],,,,1.146128035678238,10.1080_03602559.2016.1227841_part_9.txt_¶Î1_Material1
[*]NC(C(N1CCCC1C(NCC(N2CC(CC2C(NC(C(NCC([*])=O)=O)CO)=O)O)=O)=O)=O)CCCCN,[*]OC1C(C(OC(C1O)OC2C3C(C(OC2CO3)[*])O)CO)O,,,,1.1433271299920464,10.1016_j.lwt.2016.03.011_part_1.txt_¶Î1_Material1
CC(C)(C1=CC=C(C=C1)OCC(COC(C(C)=C)=O)O)C2=CC=C(C=C2)OCC(COC(C(C)=C)=O)O,C=C(C(OCCOC(N(CCC(C)(C)CC(CN(C(OCCOC(C(C)=C)=O)=O)[H])C)[H])=O)=O)C,[*]CCCC([*])C(OC)=O,,,1.545307116465824,10.1590_0103-6440201300009_part_1.txt_¶Î1_Material1
O=S(C(C=C1)=CC=C1OC(C=C2)=CC=C2C(C)(C)C(C=C3)=CC=C3O[*])(C4=CC=C([*])C=C4)=O,[*]CC([*])N1CCCC1=O,[*]C(CCCCCO[*])=O,[*]OCC[*],,0.7781512503836436,10.1039_c4ra13460e_part_8.txt_¶Î1_Material3
[*]CC(O[*])CN=[N+]=[N-],O=C=NC(C=C1)=CC=C1CC2=CC=C(C=C2)N=C=O,OCCCCO,,,1.0530784434834195,10.4028_www.scientific.net_amm.376.125_part_1.txt_¶Î1_Material2
O=C(C1=CC=C(C=C1)C(OCC[*])=O)O[*],O=C(OC1=CC=C(C(CC(C)(C)C)(C)C)C=C1)C1=CC=CC=C1O,,,,1.6040099324122303,10.1016_j.matdes.2014.09.080_part_2.txt_¶Î1_Material1
OCC1OC(C(C(C1[*])O)O)OC2C(C(C(OC2CO)O[*])O)O,[*]C(N(CN(C(OCOC(N(CN(C(OCCO[*])=O)[H])[H])=O)=O)[H])[H])=O,,,,1.3010299956639813,10.1088_2058-8585_aae5d9_part_4.txt_¶Î1_Material1
O=C([*])CCCCCN[*],O=[Si]=O,O=[Si]=O,,,2.0711452904510828,10.1016_j.matdes.2014.08.005_part_1.txt_¶Î1_Material2
OCC1OC(C(C(C1[*])O)O)OC2C(C(C(OC2CO)O[*])O)O,O=S(O)(O)=O,,,,1.4593924877592308,10.1007_s10570-020-03663-z_part_2.txt_¶Î1_Material1
[*]C(C1=CC=C(C(OCCCCO[*])=O)C=C1)=O,[H][Si]([H])([H])[H],,,,1.6989700043360187,10.1002_pc.24143_part_1.txt_¶Î1_Material1
O=C([*])C(C)O[*],[*]OC1C(C(O)=O)OC(OC2C(NC(C)=O)C([*])OC(CO)C2O)C(O)C1O,[*]OC1C(C(O)=O)OC(OC2C(NC(C)=O)C([*])OC(CO)C2O)C(O)C1O,,,1.8920946026904804,10.3390_nano11010249_part_2.txt_¶Î1_Material2
[*]C(CCCCC(OCCCCO[*])=O)=O,[*]CC(OC(O[*])=O)C,,,,1.290034611362518,10.1002_app.50487_part_1.txt_¶Î1_Material1
[*]C1C(OC(C(C1O)O)OC2C(OC(C(C2O)O)O[*])CO)CO,[*]C(C)C[*],[*]C([H])([H])C(O)([H])[*],,,1.3117538610557542,10.1680_jemmr.18.00028_part_3.txt_¶Î1_Material1
[*]CCCC([*])OC(C)=O,C=C(C(OCC1CO1)=O)C,,,,0.9542425094393248,10.1007_s12588-019-09256-1_part_2.txt_¶Î1_Material2
[*]C1C(C(C(OC1C(O[Na])=O)OC2C(C(O[Na])=O)OC(O[*])C(O)C2O)O)O,[*]OCC[*],[Zn]=O,,,1.4196253608877432,10.1088_1757-899x_833_1_012030_part_2.txt_¶Î1_Material1
FC(F)([*])C([H])([*])[H],[*]OC(C(C1O)O)OC(COC)C1OC(OC(C(C2O)OC3OC(C(C(C3OC)O)OC4OC(C(C(C4OC)O)[*])COC)CO)COC)C2OCC(OC)C,,,,1.5185139398778875,10.1007_s10570-017-1421-8_part_2.txt_¶Î1_Material1
[*]C(NC1=C(C)C(NC(OCCO[*])=O)=CC=C1)=O,FC(F)(C(F)(C(F)(C(F)(C(F)([*])F)F)C(F)(F)F)F)C[*],,,,1.2068258760318498,10.1177_147776061202800202_part_2.txt_¶Î1_Material2
OCC(C(C(C1N)O)O[*])OC1OC2C(OC(C(C2O)N)[*])CO,[*]CCC1C([*])C2CCC1C2,,,,1.505149978319906,10.1007_s10965-021-02685-w_part_2.txt_¶Î1_Material8
O=C([*])C(C)O[*],[*]C/C=C/CCC([*])C#N,,,,1.2787536009528289,10.4028_www.scientific.net_amm.835.284_part_1.txt_¶Î1_Material1
[*]C/C=C/CCC([*])C#N,[*]C(CCCCCO[*])=O,,,,1.4099331233312946,10.1016_j.matdes.2019.108210_part_4.txt_¶Î1_Material1
[*]C(C=C1)=CC=C1S[*],CCCCCCCCCCCCCCCC[N+](C)(C)C.[Br-],,,,1.6857417386022635,10.1177_0954008316663810_part_1.txt_¶Î1_Material1
O=C([*])C(C)O[*],[*]C(CCCCCO[*])=O,[*]OC1C(C(O)=O)OC(OC2C(NC(C)=O)C([*])OC(CO)C2O)C(O)C1O,,,1.6903733069160591,10.3390_ma13071564_part_2.txt_¶Î1_Material2
[*]C1C(C(C(OC1C(O[Na])=O)OC2C(C(O[Na])=O)OC(O[*])C(O)C2O)O)O,[*]C(CCCCCO[*])=O,O=[Ti]=O,,,1.1760912590556811,10.1021_acs.biomac.7b01331_part_11.txt_¶Î1_Material1
C[Si](C)(C[*])O[*],[C],,,,0.2695129442179163,10.1088_2053-1591_ab3b7e_part_1.txt_¶Î1_Material1
O=C([*])C(C)O[*],[H][O-],OC(C(C)(CC(C1=CC=CC=C1)[*])CC(C[*])(C(OCC2CO2)=O)C)=O,,,1.4396484295634735,10.1088_1755-1315_596_1_012002_part_2.txt_¶Î1_Material1
[*]C(NC1=C(C)C(NC(OCCO[*])=O)=CC=C1)=O,[Ag+],[*]CC([*])N1CCCC1=O,,,1.5237464668115646,10.26599_nr.2025.94907615_OA_part_2.txt_¶Î1_Material1
O=C([*])C(C)O[*],[*]C1=C(C(C[*])=CC=C1)O,O=[Ti]=O,,,1.5250448070368452,10.3390_ma9050393_part_3.txt_¶Î1_Material1
O=C(C(C[*])[*])N,O=C(C(C[*])[*])N,[*]C([H])([H])C(O)([H])[*],[*]C(C[*])C(N(C)C)=O,,0.2041199826559248,10.1007_s13367-013-0020-y_part_2.txt_¶Î1_Material1
O=C([*])C(C)O[*],[*]CCC(CCCCCC)C[*],C=C(C(OCC1CO1)=O)C,,,1.507855871695831,10.1515_polyeng.2011.091_part_2.txt_¶Î1_Material1
[*]OCC[*],[*]C([C@H](C)OC([C@H](C)O[*])=O)=O,,,,1.738304793074105,10.1515_pac-2016-0919_part_2.txt_¶Î1_Material1
[*]C1C(C(C(OC1C(O[Na])=O)OC2C(C(O[Na])=O)OC(O[*])C(O)C2O)O)O,O=S(O)(O)=O,,,,1.6580113966571124,10.1002_app.44485_part_2.txt_¶Î1_Material1
[*]C(NC1=C(C)C(NC(OCCO[*])=O)=CC=C1)=O,O=C([*])OC1=CC=C(C=C1)C(C)(C)C2=CC=C(C=C2)O[*],,,,1.57978359661681,10.1016_j.cej.2018.09.118_part_8.txt_¶Î1_Material1
O=C([*])C(C)O[*],[*]OC1C(C(O)=O)OC(OC2C(NC(C)=O)C([*])OC(CO)C2O)C(O)C1O,[Na+].[Cl-],,,1.3617278360175928,10.1002_polb.23522_part_1.txt_¶Î1_Material1
[*]C(C)C[*],C/C(C[*])=C/C[*],O=[Al]O[Al]=O.O=[Si]=O.O=[Si]=O.O=[Si]=O,,,1.3533390953113047,10.1016_j.egypro.2013.07.066_part_2.txt_¶Î1_Material3
[*]C([H])([H])C(O)([H])[*],OCC(C(C(C1N)O)O[*])OC1OC2C(OC(C(C2O)N)[*])CO,[*]NC(C(N1CCCC1C(NCC(N2CC(CC2C(NC(C(NCC([*])=O)=O)CO)=O)O)=O)=O)=O)CCCCN,,,1.6532125137753435,10.1016_j.jfoodeng.2013.05.026_part_4.txt_¶Î1_Material2
O=C(O[Na])COCC(OC(C(C1O)O)[*])C1OC(C(C(C2O[*])O)O)OC2COCC(O[Na])=O,[*]C1=C(C=CN2)C2=C([*])C(O)=C1O,,,,1.5118833609788744,10.1016_j.clay.2019.105314_part_1.txt_¶Î1_Material1
O=C([*])OC1=CC=C(C=C1)C(C)(C)C2=CC=C(C=C2)O[*],[*]O[C@H](C)CC([*])=O,,,,1.3010299956639813,10.1246_cl.2012.1509_part_1.txt_¶Î1_Material1
[*]C(CCCCCO[*])=O,[*]OC1C(C(O)=O)OC(OC2C(NC(C)=O)C([*])OC(CO)C2O)C(O)C1O,[*]NC(C(N1CCCC1C(NCC(N2CC(CC2C(NC(C(NCC([*])=O)=O)CO)=O)O)=O)=O)=O)CCCCN,,,0.2041199826559248,10.1007_s12221-020-1147-3_part_1.txt_¶Î1_Material4
OCC(C(C(C1N)O)O[*])OC1OC2C(OC(C(C2O)N)[*])CO,CCO[Si](OCC)(OCC)OCC,,,,1.7853298350107671,10.1007_s10853-017-1051-4_part_2.txt_¶Î1_Material1
C[Si](O[*])(C)[*],OCC1OC(C(C(C1[*])O)O)OC2C(C(C(OC2CO)O[*])O)O,,,,0.7481880270062004,10.1016_j.apsusc.2013.06.015_part_1.txt_¶Î1_Material1
[*]C1C(C(C(OC1C(O[Na])=O)OC2C(C(O[Na])=O)OC(O[*])C(O)C2O)O)O,[*][C@H]1[C@H](O)[C@@H](O)[C@H](O[C@H]2[C@H]([C@@H](O)[C@H](O[C@H]3[C@H](O)[C@H](O)[C@H](O[C@H]4[C@H](O)[C@H](O)[C@H](O[*])O[C@@H]4CO)O[C@@H]3CO)O[C@@H]2COC(C)=O)O)O[C@@H]1CO,,,,1.8262044234992527,10.1007_s11859-017-1235-4_part_1.txt_¶Î1_Material1
O=C([*])C(C)O[*],C12=CC3=CC4=CC=CN=C4N=C3N=C1N=C5N=C6N=CC=CC6=CC5=C2,OC1=C2C(C3(O)C4C5C6=C7C8C(C9=CC(C(O)=O)=C(C=C(C=C%10C(O)=O)C%11%12)C(C%11=C%13C%14C%15%16C%17(O%16)C%18C%19=C%20C%21=C%22C(C(O)=C%23)=C%24C%25C%21=C%26C%19=C%27C%17=C%28C%14(O)C%12=C%10C=C%28CC%27=CC%26=CC%25=C(C(O)=O)C=C%24)C9=C7C%13(O)C5=C%15C3=C%18C%29%30C%20(O%30)C%31C%22C%23=C%32)=CC(C(O)=O)=CC8=CC6=C(C(O)=O)C4=C2)=C%29C%33=C%31C%32=C(C(O)=O)C=C%331,,,1.561101383649056,10.1016_j.matlet.2021.130173_part_1.txt_¶Î1_Material1
[*]C([H])([H])C(O)([H])[*],O=C([*])C(C)O[*],O=[Ti]=O,,,2.0034605321095063,10.1007_s10570-021-04100-5_part_4.txt_¶Î1_Material1
[*]C([C@H](C)OC([C@H](C)O[*])=O)=O,[*]C1C(C(C(OC1C(O[Na])=O)OC2C(C(O[Na])=O)OC(O[*])C(O)C2O)O)O,,,,1.861534410859038,10.14233_ajchem.2013.15392_part_1.txt_¶Î1_Material1
[*]CC(OC(O[*])=O)C,OCC(C(C(C1N)O)O[*])OC1OC2C(OC(C(C2O)N)[*])CO,,,,1.505149978319906,10.1016_j.carbpol.2010.11.045_part_1.txt_¶Î1_Material1
[*]C(NC1=C(C)C(NC(OCCO[*])=O)=CC=C1)=O,O=C=NC(C=C1)=CC=C1CC2=CC=C(C=C2)N=C=O,[*]CCCCO[*],OCCCCO,,1.462547728802664,10.1088_1361-665x_aaebc8_part_2.txt_¶Î1_Material1
[*]C(NC1=C(C)C(NC(OCCO[*])=O)=CC=C1)=O,[*]C(N(CN(C(OCOC(N(CN(C(OCCO[*])=O)[H])[H])=O)=O)[H])[H])=O,,,,1.1072099696478683,10.1016_j.porgcoat.2015.07.021_part_2.txt_¶Î1_Material1
[*]CC(C(OCC)=O)[*],,,,,1.0413926851582251,10.1177_0954008317737822_part_2.txt_¶Î1_Material1
[*]C(C)C[*],O=C([*])CCCCCN[*],[*]CCCC(C1C([*])C2CC1C/C2=C/C)C,,,1.2174839442139065,10.1007_s00289-019-02870-4_part_1.txt_¶Î1_Material1
[*]C(C)C[*],[*]CC(CC(C#N)[*])C1=CC=CC=C1,,,,1.6954816764901974,10.1080_03602559.2014.974190_part_2.txt_¶Î1_Material3
[*]NC(C(N1CCCC1C(NCC(N2CC(CC2C(NC(C(NCC([*])=O)=O)CO)=O)O)=O)=O)=O)CCCCN,OC(CO)CO,[*]C1C(OC(C(C1O)O)OC2C(OC(C(C2O)O)O[*])CO)CO,,,0.7323937598229685,10.3390_polym13040592_part_2.txt_¶Î1_Material2
[*]C(NC1=C(C)C(NC(OCCO[*])=O)=CC=C1)=O,O=C=NC(C=C1)=CC=C1CC2=CC=C(C=C2)N=C=O,,,,1.4050046650503694,10.1177_096739111001800907_part_2.txt_¶Î1_Material2
[*]C([C@H](C)OC([C@H](C)O[*])=O)=O,[*]NC(C(O)=O)CCC([*])=O,[*]C(CCCCCO[*])=O,,,1.845098040014257,10.1039_d0gc01394c_part_7.txt_¶Î1_Material2
[*]C/C=C/CCC([*])C#N,O=C=O,C=CCOC(C1=CC=CC=C1C(OCC=C)=O)=O,,,1.0128372247051722,10.3144_expresspolymlett.2020.71_part_2.txt_¶Î1_Material1
O=C(O[Na])COCC(OC(C(C1O)O)[*])C1OC(C(C(C2O[*])O)O)OC2COCC(O[Na])=O,O=C(C(C[*])[*])N,,,,-0.602059991,10.1016_j.carbpol.2019.114977_part_2.txt_¶Î1_Material1
[*]CC(CC=CCC([*])C1=CC=CC=C1)C#N,C=C([CH3])C(=O)O[CH3],O=C([O-])[O-].[Ca+2],,,1.7193312869837267,10.1002_pc.20947_part_1.txt_¶Î1_Material1
C=C([CH3])C(=O)O[CH3],O=C(C1=CC=C(C=C1)C(OCC[*])=O)O[*],[Mg],,,1.5932860670204574,10.1590_0104-1428.1924_part_1.txt_¶Î1_Material2
C=C,[*]CC([*])CC,,,,1.4771212547196624,10.1155_2014_654260_part_1.txt_¶Î1_Material1
[*]C(C)C[*],[*]CCC(CCCC(CCCC(C[*])C)C)C,O=[Si]=O,,,1.436162647040756,10.1016_j.compscitech.2019.107846_part_2.txt_¶Î1_Material2
OC(C(C1OC2OC(C(C(C2O)O)OC3OC(C(C(C3O)O)O)COC4OC(C(C(C4O)O)OC5OC(C(C(C5O)O)OC6OC(C(C(C6O)O[*])O)C)CO)CO)CO)O[*])COC1CO,[*]NC(C(N1CCCC1C(NCC(N2CC(CC2C(NC(C(NCC([*])=O)=O)CO)=O)O)=O)=O)=O)CCCCN,OCC(O)CO,,,1.0166155475571774,10.1111_j.1750-3841.2012.02925.x_part_1.txt_¶Î1_Material1
[*]C/C=C/CCC([*])C#N,[Ni],C=CCOC(C1=CC=CC=C1C(OCC=C)=O)=O,,,0.9344984512435676,10.3144_expresspolymlett.2020.71_part_2.txt_¶Î1_Material2
[*]C/C=C/CCC([*])C#N,C=CCOC(C1=CC=CC=C1C(OCC=C)=O)=O,,,,0.6334684555795865,10.3144_expresspolymlett.2020.71_part_2.txt_¶Î1_Material3
[*]NC(C(N1CCCC1C(NCC(N2CC(CC2C(NC(C(NCC([*])=O)=O)CO)=O)O)=O)=O)=O)CCCCN,CCCCCCCCCCCCOS([O-])(=O)=O.[Na+],OCC(O)CO,,,1.179838928023187,10.1016_j.jfoodeng.2013.08.004_part_2.txt_¶Î1_Material1
O=C([*])C(C)O[*],O=C1OCCO1,,,,1.6190933306267428,10.1016_j.polymdegradstab.2019.02.028_part_4.txt_¶Î1_Material1
[*]CCCC(C1C([*])C2CC1C/C2=C/C)C,O=[Si]=O.O=[Al]O[Al]=O.O=[Si]=O.O=[Si]=O.O=[Si]=O.O,,,,1.2417954312951986,10.1080_03602559.2011.584244_part_1.txt_¶Î1_Material1
O=C([*])C1=CC=C(C=C1)OC2=CC=C(C=C2)OC3=CC=C(C=C3)[*],O=C(C1=CC=C(C=C1)C(OCC[*])=O)O[*],,,,1.954242509439325,10.1002_app.41728_part_1.txt_¶Î1_Material1
[*]NCCCCCCCCCCCC([*])=O,NC1=NC2=C(N=CN2C2O[C@H](COP(=O)(O)OP(=O)(O)O)[C@H](O)[C@@H]2O)C(=O)N1,,,,2.0791812460476247,10.1016_j.carbon.2013.07.043_part_1.txt_¶Î1_Material1
[*]C(C)C[*],[*]CC(C1=CC=CC=C1)[*],[*]CC(C1=CC=CC=C1)C/C=C/C[*],,,1.2268575702887234,10.1002_app.33096_part_1.txt_¶Î1_Material2
[*]C(C)C[*],[*]CC[*],O=[Si]=O,,,1.568201724066995,10.1080_03602559.2014.886066_part_3.txt_¶Î1_Material1
C/C(C[*])=C/C[*],[*]C([H])([H])C(O)([H])[*],O=[Si]=O,,,1.534026106056135,10.4028_www.scientific.net_jnanor.43.46_part_2.txt_¶Î1_Material1
OP(O)(O)=O,[*]OC1OC(CO)C(OC2C(O)C(O)C([*])C(CO)O2)C(O)C1O,,,,1.3521825181113625,10.1080_09243046.2012.723362_part_3.txt_¶Î1_Material1
[*]NCC(NC(C(ONCC(NC(C(NCC(NC(C([*])=O)C)=O)=O)C)=O)=O)CO)=O,OCC1OC(C(C(C1[*])O)O)OC2C(C(C(OC2CO)O[*])O)O,OCC(O)CO,,,1.1760912590556811,10.1088_1742-6596_1790_1_012067_part_1.txt_¶Î1_Material1
O=C([*])OC1=CC=C(C=C1)C(C)(C)C2=CC=C(C=C2)O[*],[*]C(C)C[*],[*]C(C)C[*],,,1.7693773260761383,10.1080_00222348.2012.721659_part_2.txt_¶Î1_Material1
O=C([*])C(C)O[*],OP(O)(O)=O,[*]OCC[*],,,1.6532125137753435,10.1002_app.43044_part_2.txt_¶Î1_Material1
C/C(C[*])=C/C[*],C/C(C[*])=C/C[*],CCCCCCCCCCCCCCCC[N+](C)(C)C.[Br-],,,1.5024271199844328,10.1002_pi.5361_part_4.txt_¶Î1_Material1
[*]CC(C(OCC)=O)[*],O=C=NC(C=C1)=CC=C1CC2=CC=C(C=C2)N=C=O,O=C=NC1=CC=C(N=C=O)C=C1,,,1.670245853074124,10.1038_pj.2011.23_part_1.txt_¶Î1_Material1
[*]CC(COC1=CC=C(C=C1)C(C)(C)C2=CC=C(C=C2)O[*])O,O=C([*])CCCCCN[*],,,,1.5440680443502757,10.1002_polb.23762_part_6.txt_¶Î1_Material3
[*]CCCC([*])C(OC)=O,[*]CCC(CCCCCC)C[*],OC1=C2C(C3(O)C4C5C6=C7C8C(C9=CC(C(O)=O)=C(C=C(C=C%10C(O)=O)C%11%12)C(C%11=C%13C%14C%15%16C%17(O%16)C%18C%19=C%20C%21=C%22C(C(O)=C%23)=C%24C%25C%21=C%26C%19=C%27C%17=C%28C%14(O)C%12=C%10C=C%28CC%27=CC%26=CC%25=C(C(O)=O)C=C%24)C9=C7C%13(O)C5=C%15C3=C%18C%29%30C%20(O%30)C%31C%22C%23=C%32)=CC(C(O)=O)=CC8=CC6=C(C(O)=O)C4=C2)=C%29C%33=C%31C%32=C(C(O)=O)C=C%331,,,1.0413926851582251,10.1177_096739111502300203_part_1.txt_¶Î1_Material2
[*]C1C(OC(C(C1O)O)OC2C(OC(C(C2O)O)O[*])CO)CO,[H]O[H],,,,1.5440680443502757,10.1021_ie102068v_part_1.txt_¶Î1_Material3
O=C([*])OC1=CC=C(C=C1)C(C)(C)C2=CC=C(C=C2)O[*],[*]CC(CC(C#N)[*])C1=CC=CC=C1,,,,1.8175653695597809,10.1002_app.49762_part_2.txt_¶Î1_Material3
[*]NCC(NC(C(ONCC(NC(C(NCC(NC(C([*])=O)C)=O)=O)C)=O)=O)CO)=O,[H]OO[H],CCOC(C1=CC=C(C=C1)N2C(C3=C(C2C4=CC=CS4)C(C5=CC=C(C=C5)OC)=NN3)=O)=O,,,1.3318320444362486,10.1007_s12010-017-2417-4_part_3.txt_¶Î1_Material1
[*]CCC1C([*])C2CCC1C2,[C],,,,1.3010299956639813,10.1016_j.compositesb.2014.05.010_part_2.txt_¶Î1_Material1
[*]OCCOC(CC(C([*])=O)C(C1CCCCC1)CC(CC(O)=O)C(OCCO)=O)=O,C=CC1=CC=CC=C1,,,,1.6812412373755872,10.1515_hf-2018-0160_part_1.txt_¶Î1_Material2
O=C([*])C(C)O[*],[*]C(N(CN(C(OCOC(N(CN(C(OCCO[*])=O)[H])[H])=O)=O)[H])[H])=O,O=[Si]=O,,,2.041392685158225,10.1177_0892705718772867_part_1.txt_¶Î1_Material4
[*]C(CCCCCO[*])=O,OCC(C(C(C1N)O)O[*])OC1OC2C(OC(C(C2O)N)[*])CO,[*]C1=CC=C([*])N1,,,1.212187604403958,10.1016_j.compositesa.2010.06.014_part_2.txt_¶Î1_Material4
O=C([*])C(C)O[*],[*]/C=C\CC/C=C\CC(CC([*])C1=CC=CC=C1)C2=CC=CC=C2,,,,1.1989318699322091,10.1021_acssuschemeng.0c09413_part_2.txt_¶Î1_Material1
[*]C1C(C(C(OC1C(O[Na])=O)OC2C(C(O[Na])=O)OC(O[*])C(O)C2O)O)O,O=[Al]O[Al]=O.O=[Si]=O.O=[Si]=O.O=[Si]=O,,,,1.2605483726369795,10.1111_jfpp.13596_part_2.txt_¶Î1_Material3
[*]CC(COC1=CC=C(C=C1)C(C)(C)C2=CC=C(C=C2)O[*])O,O=[Mg].O=[Si]=O.O=[Si]=O.O=[Si]=O.O=[Si]=O.O=[Mg].O=[Mg].O,,,,1.7058637122839193,10.1002_pc.24513_part_1.txt_¶Î1_Material1
[*]C([H])([H])C(O)([H])[*],[*]C(C)C[*],,,,1.1760912590556811,10.1016_j.polymertesting.2020.106539_part_2.txt_¶Î1_Material1
OCC1OC(C(C(C1[*])O)O)OC2C(C(C(OC2CO)O[*])O)O,[Cu]=O,[Cu]=O,,,1.6665179805548809,10.1002_adma.202000682_part_4.txt_¶Î1_Material2
[*]CC[*],CCCCCCCCCCCCCCCCCCOC(CCC1=CC(C(C)(C)C)=C(C(C(C)(C)C)=C1)O)=O,CCCCCCCCCCCCCCCCCCOC(CCC1=CC(C(C)(C)C)=C(C(C(C)(C)C)=C1)O)=O,,,1.3068537486930087,10.1002_pen.24114_part_1.txt_¶Î1_Material1
[*]CCCC(C(O)=O)[*],OCC1OC(C(C(C1[*])O)O)OC2C(C(C(OC2CO)O[*])O)O,,,,1.0569048513364727,10.3139_217.2772_part_2.txt_¶Î1_Material1
[*]CC([*])Cl,[*]C/C=C/CCC([*])C#N,NC1=NC2=C(N=CN2C2O[C@H](COP(=O)(O)OP(=O)(O)O)[C@H](O)[C@@H]2O)C(=O)N1,,,1.1760912590556811,10.3139_217.3515_part_2.txt_¶Î1_Material1
[*]C(CCCCCO[*])=O,[*]NC(C(O)=O)CCC([*])=O,O=[Ti]=O,,,1.6989700043360187,10.1039_d0gc01394c_part_7.txt_¶Î1_Material1
[*]C(C)C[*],[*]C([C@H](C)OC([C@H](C)O[*])=O)=O,NC1=CC=C(C=C1)/C2=C3C=C/C(N\3)=C(C4=N/C(C=C4)=C(C5=CC=C(N5)/C(C6=CC=CC=C6)=C7N=C2C=C\7)/C8=CC=CC=C8)\C9=CC=CC=C9,,,1.7168377232995244,10.1515_polyeng-2014-0179_part_1.txt_¶Î1_Material1
C=C([CH3])C(=O)O[CH3],COC(C(C[*])([*])C)=O,COC1=CC(/C=C/C=O)=CC(OC2=CC(C(C(OC3=CC=C(C=C3OC)C(C(CO)=O)O)CO)O)=CC=C2OC4=CC(C(C(COC5=CC=C(C=C5)C(C(CO)=O)O)=O)O)=CC=C4O)=C1,,,1.5440680443502757,10.1039_d1gc00249j_part_1.txt_¶Î1_Material1
[*]C(C(O[*])C)=O,,,,,1.7481880270062005,10.3390_ma12203435_part_2.txt_¶Î1_Material8
O=C(O[Na])COCC(OC(C(C1O)O)[*])C1OC(C(C(C2O[*])O)O)OC2COCC(O[Na])=O,[Na+].[Cl-],,,,1.7299742856995557,10.1016_j.indcrop.2017.09.040_part_1.txt_¶Î1_Material1
O=C([*])C(C)O[*],[*]C(CCCCCO[*])=O,O=[Al]O[Al]=O.O=[Si]=O.O=[Si]=O.O=[Si]=O,,,1.5740312677277188,10.1002_app.43815_part_1.txt_¶Î1_Material1
OP(O)(O)=O,[*]OCCCCOC(CCC([*])=O)=O,[C],,,1.6283889300503116,10.1002_pat.3431_part_1.txt_¶Î1_Material1
O=C([*])C(C)O[*],OCC(C(C(C1N)O)O[*])OC1OC2C(OC(C(C2O)N)[*])CO,O=[Ti]=O,,,1.6989700043360187,10.1016_j.jfoodeng.2013.05.026_part_4.txt_¶Î1_Material1
[*]C(NC1=C(C)C(NC(OCCO[*])=O)=CC=C1)=O,[*]C1C(C(C(OC1C(O[Na])=O)OC2C(C(O[Na])=O)OC(O[*])C(O)C2O)O)O,Cl[Ca]Cl,,,1.0334237554869496,10.1016_j.carbpol.2018.12.090_part_2.txt_¶Î1_Material1
[*]CC[*],CC1=CC(O)=C(C=C1CCCC(C2=C(C=C(C(C(C)(C)C)=C2)O)C)C3=CC(C(C)(C)C)=C(C=C3C)O)C(C)(C)C,,,,1.2671717284030135,10.1088_1757-899x_40_1_012047_part_2.txt_¶Î1_Material2
O=C([*])C(C)O[*],OP(O)(O)=O,[*]C(CCCCC(OCCCCO[*])=O)=O,,,1.656098202012832,10.1016_j.polymdegradstab.2019.109066_part_2.txt_¶Î1_Material1
[*]C(C)C[*],O=C1OCCO1,,,,1.1613680022349748,10.1021_acsomega.0c00423_part_2.txt_¶Î1_Material10
[*]C(N(CN(C(OCOC(N(CN(C(OCCO[*])=O)[H])[H])=O)=O)[H])[H])=O,[*]C(CCCCCO[*])=O,,,,1.2988530764097066,10.1177_0095244314568691_part_3.txt_¶Î1_Material3
O=C([*])C(C)O[*],[*]CCCC([*])OC(C)=O,C=C([CH3])C(=O)O[CH3],,,1.566555330883055,10.1007_s10924-023-03019-1_OA_part_3.txt_¶Î1_Material1
FC(F)([*])C([H])([*])[H],[Mg],OC1=C2C(C3(O)C4C5C6=C7C8C(C9=CC(C(O)=O)=C(C=C(C=C%10C(O)=O)C%11%12)C(C%11=C%13C%14C%15%16C%17(O%16)C%18C%19=C%20C%21=C%22C(C(O)=C%23)=C%24C%25C%21=C%26C%19=C%27C%17=C%28C%14(O)C%12=C%10C=C%28CC%27=CC%26=CC%25=C(C(O)=O)C=C%24)C9=C7C%13(O)C5=C%15C3=C%18C%29%30C%20(O%30)C%31C%22C%23=C%32)=CC(C(O)=O)=CC8=CC6=C(C(O)=O)C4=C2)=C%29C%33=C%31C%32=C(C(O)=O)C=C%331,,,1.6532125137753435,10.1007_s10853-018-3075-9_part_3.txt_¶Î1_Material2
O=C([*])C(C)O[*],O=P([O-])([O-])[O-].[Ca+2].[Ca+2].[OH-],NC1=NC2=C(N=CN2C2O[C@H](COP(=O)(O)OP(=O)(O)O)[C@H](O)[C@@H]2O)C(=O)N1,,,1.5883837683787276,10.4028_www.scientific.net_kem.735.230_part_1.txt_¶Î1_Material2
FC(F)([*])C([H])([*])[H],OP(O)(O)=O,O=[Al]O[Al]=O.O=[Si]=O.O=[Si]=O.O=[Si]=O,,,1.7966437037851164,10.1016_j.polymdegradstab.2019.109058_part_1.txt_¶Î1_Material1
[*]C(CCCCCO[*])=O,COC1=CC(/C=C/C=O)=CC(OC2=CC(C(C(OC3=CC=C(C=C3OC)C(C(CO)=O)O)CO)O)=CC=C2OC4=CC(C(C(COC5=CC=C(C=C5)C(C(CO)=O)O)=O)O)=CC=C4O)=C1,O=P([O-])([O-])[O-].[Ca+2].[Ca+2].[OH-],,,1.2190603324488614,10.1021_acs.biomac.9b00451_part_4.txt_¶Î1_Material3
[*]OCCCCOC(CCC([*])=O)=O,[*]CC([*])N1CCCC1=O,,,,1.1903316981702914,10.1016_j.cherd.2020.10.033_part_7.txt_¶Î1_Material5
O=C(CCCCC(N(CCCCCCN([*])[H])[H])=O)[*],[*]C(C)C[*],[*]C(C)C[*],,,2.202488317060093,10.1007_s10853-014-8358-1_part_1.txt_¶Î1_Material2
O=C([*])CCCCCN[*],O=[Ti]=O,[*]CC(CC=CCC([*])C1=CC=CC=C1)C#N,,,1.8819549713396004,10.3390_ma12233955_part_2.txt_¶Î1_Material1
[*]OC(CC(OC(CC([*])=O)CC)=O)C,[*]C(CCCCC(OCCCCO[*])=O)=O,O=C([*])C(C)O[*],,,1.294466226161593,10.1002_app.46153_part_1.txt_¶Î1_Material4
OCC(C(C(C1N)O)O[*])OC1OC2C(OC(C(C2O)N)[*])CO,[*]C1C(OC(C(C1O)O)OC2C(OC(C(C2O)O)O[*])CO)CO,OCC(O)CO,,,1.3926969532596658,10.1088_1755-1315_679_1_012005_part_2.txt_¶Î1_Material1
[*]NCCCCCCCCCCCC([*])=O,O=[Al]O[Al]=O.O=[Si]=O.O=[Si]=O.O=[Si]=O,,,,1.6739419986340878,10.1108_13552541111098608_part_2.txt_¶Î1_Material2
[*]C(CCCCCO[*])=O,[*]NC(C)C(N1CCCC1C([*])=O)=O,[O-][Si]([O-])([O-])O[Si]([O-])([O-])[O-].[Ca+2],,,0.3979400086720376,10.1007_s10934-015-9998-5_part_2.txt_¶Î1_Material1
[*]NCCCCCCCCCCCC([*])=O,[*]C([H])([H])C(O)([H])[*],NC1=NC2=C(N=CN2C2O[C@H](COP(=O)(O)OP(=O)(O)O)[C@H](O)[C@@H]2O)C(=O)N1,,,1.6739419986340878,10.1016_j.addma.2020.101363_part_2.txt_¶Î1_Material1
OP(O)(O)=O,OCC(C(C(C1N)O)O[*])OC1OC2C(OC(C(C2O)N)[*])CO,O=[Si]=O,,,1.1760912590556811,10.1002_masy.201400080_part_2.txt_¶Î1_Material2
[*]OCCOC(CC(C([*])=O)C(C1CCCCC1)CC(CC(O)=O)C(OCCO)=O)=O,C=C(C)C(=O)OCC(O)COC1=CC=C(C(C2=CC=C(O)C=C2)(C)C)C=C1,,,,1.5563025007672873,10.1088_1757-899x_202_1_012088_part_2.txt_¶Î1_Material1
[*]C([H])([H])C(O)([H])[*],O=C(O)C([*])C[*],O=C(O)/C1=C/N(C2CC2)C2=CC(N3CCNCC3)=C(F)C=C2C1=O,,,0.3617278360175928,10.1016_j.jddst.2020.102297_part_2.txt_¶Î1_Material1
[*]NC(C(N1CCCC1C(NCC(N2CC(CC2C(NC(C(NCC([*])=O)=O)CO)=O)O)=O)=O)=O)CCCCN,OC(CO)CO,[*]C([H])([H])C(O)([H])[*],,,0.8267225201689921,10.3390_polym13040592_part_2.txt_¶Î1_Material4
C=C([CH3])C(=O)O[CH3],[*]C(F)(C(F)([*])F)F,,,,1.792391689498254,10.1002_app.49929_part_2.txt_¶Î1_Material1
O=C([*])C(C)O[*],[*]OCC[*],C12=CC3=CC4=CC=CN=C4N=C3N=C1N=C5N=C6N=CC=CC6=CC5=C2,,,1.7323937598229686,10.1021_acssuschemeng.9b06760_part_2.txt_¶Î1_Material2
[*]NC(C1=CC=C2C(C(N(C2=O)C3=CC=C(C=C3)CC4=CC=C([*])C=C4)=O)=C1)=O,C12=CC3=CC4=CC=CN=C4N=C3N=C1N=C5N=C6N=CC=CC6=CC5=C2,OC1=C2C(C3(O)C4C5C6=C7C8C(C9=CC(C(O)=O)=C(C=C(C=C%10C(O)=O)C%11%12)C(C%11=C%13C%14C%15%16C%17(O%16)C%18C%19=C%20C%21=C%22C(C(O)=C%23)=C%24C%25C%21=C%26C%19=C%27C%17=C%28C%14(O)C%12=C%10C=C%28CC%27=CC%26=CC%25=C(C(O)=O)C=C%24)C9=C7C%13(O)C5=C%15C3=C%18C%29%30C%20(O%30)C%31C%22C%23=C%32)=CC(C(O)=O)=CC8=CC6=C(C(O)=O)C4=C2)=C%29C%33=C%31C%32=C(C(O)=O)C=C%331,,,1.5327543789924978,10.1016_j.compositesb.2019.107495_part_4.txt_¶Î1_Material2
[*]C([C@H](C)OC([C@H](C)O[*])=O)=O,[*]O[C@@]([H])(C)C(O[C@](C)([H])C([*])=O)=O,[*]CCC(CCCCCC)C[*],,,1.5198279937757189,10.1007_s12221-017-1175-9_part_2.txt_¶Î1_Material1
[*]CC[*],[*]C([H])([H])C(O)([H])[*],C(CC=O)CC=O,,,1.740362689494244,10.1016_j.jmst.2018.04.003_part_2.txt_¶Î1_Material2
O=C([*])CCCCC(NCCCCN[*])=O,O=[Fe]O[Fe]=O,,,,1.8671727511786496,10.1016_j.wear.2012.11.035_part_1.txt_¶Î1_Material1
[*]O[C@H](C)CC([*])=O,[*]C(CCCCCO[*])=O,OCC1OC(C(C(C1[*])O)O)OC2C(C(C(OC2CO)O[*])O)O,,,1.6466977312993345,10.1002_app.50510_part_2.txt_¶Î1_Material1
[*]CC(OC(O[*])=O)C,O=[Al]O[Al]=O.O=[Si]=O.O=[Si]=O.O.O,,,,1.3926969532596658,10.1002_pc.25809_part_3.txt_¶Î1_Material2
O=C([*])CCCCCN[*],[*]N1C(C2=CC3=C(C=C2C1=O)C(N(C3=O)C4=CC=C(C=C4)OC5=CC=C(C=C5)[*])=O)=O,[*]N1C(C2=CC3=C(C=C2C1=O)C(N(C3=O)C4=CC=C(C=C4)OC5=CC=C(C=C5)[*])=O)=O,,,1.9030899869919435,10.4028_www.scientific.net_amr.1052.242_part_1.txt_¶Î1_Material1
[*]O[C@H](C)CC([*])=O,[*]CC(C#N)[*],,,,1,10.3390_polym8030097_part_2.txt_¶Î1_Material2
[*]CC(C1=CC=CC=C1)[*],C=C([CH3])C(=O)O[CH3],,,,1.462397997898956,10.1007_s00396-021-04820-x_part_2.txt_¶Î1_Material4
[*]CCCC([*])OC(C)=O,[*]CC[*],,,,0.9542425094393248,10.1016_j.polymertesting.2017.08.028_part_3.txt_¶Î1_Material1
[*]C(CCCCCO[*])=O,[*]O[C@H](C)CC([*])=O,,,,1.2013971243204515,10.1016_j.polymertesting.2018.03.014_part_4.txt_¶Î1_Material1
[*]C1=C(O)C(C(C)(C)C)=C(O)C(C)=C1SS[*],[C],,,,1.255272505103306,10.1177_0892705712470263_part_1.txt_¶Î1_Material1
[*]CC[*],O=[Si]=O,O=[Al]O[Al]=O.O=[Si]=O.O=[Si]=O.O=[Si]=O,,,1.3081373786380386,10.1002_pc.25440_part_2.txt_¶Î1_Material1
O=C([*])CCCCCCCCCCC(NCCCCCCCCCCN[*])=O,C=C([CH3])C(=O)OC([CH3])[CH3],,,,2.201397124320452,10.1016_j.polymertesting.2021.107133_part_3.txt_¶Î1_Material2
[*]C(NC1=C(C)C(NC(OCCO[*])=O)=CC=C1)=O,[*]C1=CC=C([*])N1,Cl[Fe](Cl)Cl,,,1.765668554759014,10.1016_j.compositesa.2020.105810_part_1.txt_¶Î1_Material1
C/C(C[*])=C/C[*],C=C([CH3])C(=O)O[CH3],[C],,,1.3053513694466237,10.4028_www.scientific.net_amr.501.3_part_1.txt_¶Î1_Material1
OCC1OC(C(C(C1[*])O)O)OC2C(C(C(OC2CO)O[*])O)O,O=C(C1=CC=C(C=C1)C(OCC[*])=O)O[*],,,,2.146128035678238,10.1007_s10570-018-2044-4_part_2.txt_¶Î1_Material1
[*]C1=C(C=CN2)C2=C([*])C(O)=C1O,O=[Ti]=O,,,,1.021189299069938,10.1088_1748-605x_aa7d5a_part_2.txt_¶Î1_Material3
[*]C(N(CN(C(OCOC(N(CN(C(OCCO[*])=O)[H])[H])=O)=O)[H])[H])=O,OCC(C(C(C1N)O)O[*])OC1OC2C(OC(C(C2O)N)[*])CO,,,,0.8704039052790271,10.1080_25740881.2021.1921206_part_2.txt_¶Î1_Material2
FC(F)([*])C([H])([*])[H],[*]CC(CC=CCC([*])C1=CC=CC=C1)C#N,,,,1.6989700043360187,10.1016_j.polymer.2017.09.019_part_4.txt_¶Î1_Material3
[*]OCC[*],OCC(C(C(C1N)O)O[*])OC1OC2C(OC(C(C2O)N)[*])CO,,,,1.089905111439398,10.1088_1757-899x_864_1_012169_part_1.txt_¶Î1_Material1
O=C([*])CCCCCO[*],,,,,0.5910646070264992,10.1007_s13233-011-0815-y_part_1.txt_¶Î1_Material1
[*]C1C(OC(C(O)C1O)OC2C(O)C(O)C(OC2C(O[Na])=O)O[*])C(O[Na])=O,[Zn]=O,,,,2,10.1007_s10570-017-1480-x_part_1.txt_¶Î1_Material1
O=C(CCCCC(N(CCCCCCN([*])[H])[H])=O)[*],O=[Ti]=O,,,,1.9138138523837167,10.1002_pat.4201_part_1.txt_¶Î1_Material1
[*]CC[*],C/C(C[*])=C/C[*],[*]C1C(OC(C(C1O)O)OC2C(OC(C(C2O)O)O[*])CO)CO,,,1.212187604403958,10.1002_vnl.20289_part_1.txt_¶Î1_Material1
OCC(C(C(C1N)O)O[*])OC1OC2C(OC(C(C2O)N)[*])CO,[*][C@H](O[C@@H]1CO)[C@@H](O)[C@@H](O)[C@@H]1O[C@@H]2O[C@@H]([C@@H](O[*])[C@H](O)[C@@H]2O)CO[C@H]3O[C@H](CO)[C@H](O)[C@H](O)[C@H]3O,,,,1.4220971631317103,10.3109_10837450.2015.1035727_part_2.txt_¶Î1_Material1
OCC(C(C(C1N)O)O[*])OC1OC2C(OC(C(C2O)N)[*])CO,OC[C@@H]([C@H]([C@@H]([C@@H](CO)O)O)O)O,,,,1.3710678622717365,10.1016_j.carbpol.2016.06.022_part_3.txt_¶Î1_Material1
[*]CC[*],[*]C(C)C[*],[*]CC[*],,,1.250420002308894,10.1080_00222348.2019.1709710_part_1.txt_¶Î1_Material1
C/C(C[*])=C/C[*],[*]CCCC([*])OC(C)=O,,,,1.1613680022349748,10.1002_masy.201900136_part_1.txt_¶Î1_Material1
O=C(C1=CC=C(C=C1)C(OCC[*])=O)O[*],FC(F)([*])C([H])([*])[H],,,,1.136720567156407,10.1088_0022-3727_48_28_285305_part_1.txt_¶Î1_Material1
OP(O)(O)=O,[*]C1C(OC(C(C1O)O)OC2C(OC(C(C2O)O)O[*])CO)CO,,,,1.4828735836087537,10.1002_star.201500060_part_1.txt_¶Î1_Material1
O=C([*])C(C)O[*],[*]CC(OC(O[*])=O)C,O=[Si]=O,,,1.475816413031318,10.1021_acs.iecr.7b03444_part_7.txt_¶Î1_Material2
O=C([*])CCCCCN[*],[Cu],,,,1.741939077729199,10.1080_10601325.2014.916182_part_1.txt_¶Î1_Material1
[*]C(CCCCC(OCCCCO[*])=O)=O,[Zn]=O,,,,1.125481265700594,10.1007_s10570-021-04031-1_part_1.txt_¶Î1_Material1
[*]NC(C)C(N1CCCC1C([*])=O)=O,C1OC1C[N+]([CH3])([CH3])[CH3].[Cl-],,,,0.0899051114393979,10.3390_polym13050755_part_3.txt_¶Î1_Material1
O=C([*])CCCCCN[*],[*]NCCCCCCCCCCCC([*])=O,O=[Ti]=O,,,1.4830164201441325,10.1007_s00170-018-3004-8_part_2.txt_¶Î1_Material1
[*]C1=CC(C2=NC3=CC(C4=CC=C5N=C([*])NC5=C4)=CC=C3N2)=CC=C1,,,,,1.6434526764861874,10.1177_0954008313507589_part_2.txt_¶Î1_Material2
[*]C1C(OC(C(C1O)O)OC2C(OC(C(C2O)O)O[*])CO)CO,O=C([*])C(C)O[*],OP(O)(O)=O,,,1.1643528557844371,10.1177_204124791100200201_part_2.txt_¶Î1_Material1
[*]CC[*],[*]CCC(CCCC(CCCC(C[*])C)C)C,,,,1.0681858617461617,10.1177_1754337115595577_part_1.txt_¶Î1_Material1
[*]C(NC1=C(C)C(NC(OCCO[*])=O)=CC=C1)=O,[*]OC1C(C(O)=O)OC(OC2C(NC(C)=O)C([*])OC(CO)C2O)C(O)C1O,,,,1.334051440346892,10.1080_25740881.2020.1757105_part_3.txt_¶Î1_Material2
OP(O)(O)=O,[*]C1C(OC(C(C1O)O)OC2C(OC(C(C2O)O)O[*])CO)CO,OCC(O)CO,,,1.429752280002408,10.1002_star.201500060_part_1.txt_¶Î1_Material2
[*]C/C=C/CCC(C=C)CC([*])C1=CC=CC=C1,[Fe+3],,,,1.1495270137543478,10.1021_acssuschemeng.1c02581_part_1.txt_¶Î1_Material1
[*]CCCC([*])OC(C)=O,[Mg]=O,,,,0.9912260756924948,10.1002_pc.24304_part_2.txt_¶Î1_Material2
O=C([*])C(C)O[*],[*]C1C(OC(C(C1O)O)OC2C(OC(C(C2O)O)O[*])CO)CO,[*]C(CCCCCO[*])=O,,,1.7611758131557314,10.1002_mame.201400332_part_1.txt_¶Î1_Material1
[*]CC(CC(C=C)([*])C)C1=CC=CC=C1,[Si],,,,0.9030899869919436,10.1002_masy.201050806_part_2.txt_¶Î1_Material1
O=C([*])C(C)O[*],[*]OC(CC(OC(CC([*])=O)CC)=O)C,O=[Ti]=O,,,0.9867717342662448,10.3144_expresspolymlett.2019.16_part_3.txt_¶Î1_Material1
O=C(O)C([*])C[*],[*]CC(COC1=CC=C(C=C1)C(C)(C)C2=CC=C(C=C2)O[*])O,,,,2.0211892990699383,10.1108_mmms-04-2017-0019_part_1.txt_¶Î1_Material2
O=C([*])C(C)O[*],[*]C(CCCCCO[*])=O,OC1=C2C(C3(O)C4C5C6=C7C8C(C9=CC(C(O)=O)=C(C=C(C=C%10C(O)=O)C%11%12)C(C%11=C%13C%14C%15%16C%17(O%16)C%18C%19=C%20C%21=C%22C(C(O)=C%23)=C%24C%25C%21=C%26C%19=C%27C%17=C%28C%14(O)C%12=C%10C=C%28CC%27=CC%26=CC%25=C(C(O)=O)C=C%24)C9=C7C%13(O)C5=C%15C3=C%18C%29%30C%20(O%30)C%31C%22C%23=C%32)=CC(C(O)=O)=CC8=CC6=C(C(O)=O)C4=C2)=C%29C%33=C%31C%32=C(C(O)=O)C=C%331,,,1.713406532167691,10.1002_app.45373_part_2.txt_¶Î1_Material3
CC(COC(C(CC(C(C(C(OC(C)C)=O)C1=CC=CC=C1)C(OCC(OC(C2=CC=CC=C2C(O)=O)=O)C)=O)C3=CC=CC=C3)C(C(OC(C)C[*])=O)C4=CC=CC=C4)=O)OC(C5=CC=CC=C5C(O[*])=O)=O,C=C([CH3])C(=O)O[CH3],,,,1.7226339225338123,10.1016_j.polymer.2015.07.016_part_1.txt_¶Î1_Material3
[*]CC([*])Cl,[*]C(N(CN(C(OCOC(N(CN(C(OCCO[*])=O)[H])[H])=O)=O)[H])[H])=O,O=C(C1=CC=C(C([*])=O)C=C1)NC2=CCC(N[*])C=C2,,,1.1398790864012365,10.1016_j.matdes.2014.01.047_part_3.txt_¶Î1_Material1
[*]NC(C(N1CCCC1C(NCC(N2CC(CC2C(NC(C(NCC([*])=O)=O)CO)=O)O)=O)=O)=O)CCCCN,C=C([CH3])C(=O)O[CH3],,,,1.5496162395190851,10.1080_1023666x.2016.1176638_part_2.txt_¶Î1_Material3
[*]CC[*],[*]C(C)C[*],[*]CC(C1=CC=CC=C1)[*],,,1.57287160220048,10.1016_j.polymdegradstab.2017.11.001_part_5.txt_¶Î1_Material1
[*]C(C)C[*],[*]NCCCCCCCCCCCC([*])=O,O=[Al]O[Al]=O.O=[Si]=O.O=[Si]=O.O=[Si]=O,,,1.5185139398778875,10.1002_pen.24631_part_2.txt_¶Î1_Material2
OCC1OC(OC2C(O)C(O)C(O[*])OC2CO)C(O)C(O)C1[*],OCC(O)CO,,,,1.624488362513449,10.3390_polym12112554_part_3.txt_¶Î1_Material1
OP(O)(O)=O,[*]NC(C(N1CCCC1C(NCC(N2CC(CC2C(NC(C(NCC([*])=O)=O)CO)=O)O)=O)=O)=O)CCCCN,,,,1.4456042032735976,10.1002_app.48881_part_2.txt_¶Î1_Material1
OCC(C(C(C1N)O)O[*])OC1OC2C(OC(C(C2O)N)[*])CO,CC(=O)O,OCC(O)CO,,,1.4548448600085102,10.3390_polym13050767_part_2.txt_¶Î1_Material2
O=C(C1=CC=C(C=C1)C(OCC[*])=O)O[*],[*]NC(C(O)=O)CCC([*])=O,,,,1.6851144690465394,10.3390_polym13030452_part_3.txt_¶Î1_Material1
O=C([*])C(C)O[*],O=C=NC(C=C1)=CC=C1CC2=CC=C(C=C2)N=C=O,,,,1.5440680443502757,10.1016_j.polymertesting.2017.03.009_part_2.txt_¶Î1_Material1
O=C([*])C(C)O[*],[*]C(C1=CC=C(C=C1)C(OCCCCOC(C2=CC=C(C=C2)C(OCCCCO[*])=O)=O)=O)=O,,,,1.568201724066995,10.1002_app.46343_part_2.txt_¶Î1_Material2
[*]C1C(OC(C(C1O)O)OC2C(OC(C(C2O)O)O[*])CO)CO,OCC(O)CO,OC1C(O)C([*])OC(COC2C(O)C(O)C(O)C(CO)O2)C1OC3C(O)C(O)C(CO[*])C(CO)O3,,,0.8202014594856403,10.1002_star.201600227_part_3.txt_¶Î1_Material1
O=C(O[*])CCCCCCCCCCN[*],O=C(CCCCC(NCCCCCCCCCCN[*])=O)[*],,,,1.6989700043360187,10.1016_j.polymer.2013.10.013_part_2.txt_¶Î1_Material1
O=C([*])CCCCCN[*],O=C([*])OC1=CC=C(C=C1)C(C)(C)C2=CC=C(C=C2)O[*],,,,1.8195439355418688,10.1016_j.polymdegradstab.2014.12.021_part_1.txt_¶Î1_Material3
O=C([*])CCCCC(NCCCCN[*])=O,[*]C(F)(C(F)([*])F)F,,,,2.305351369446624,10.4028_www.scientific.net_kem.728.264_part_1.txt_¶Î1_Material3
[*]CC([*])Cl,[*]C([H])([H])C(O)([H])[*],[*]C([H])([H])C(O)([H])[*],,,1.3312247810207325,10.4028_www.scientific.net_amm.411-414.2993_part_1.txt_¶Î1_Material1
[*]CC[*],[*]C([C@H](C)OC([C@H](C)O[*])=O)=O,[*]OCC[*],,,1.2988530764097066,10.1515_polyeng-2013-0174_part_1.txt_¶Î1_Material1
O=C([*])C(C)O[*],[*]O[C@H](C)CC([*])=O,OP(O)(O)=O,,,1.6283889300503116,10.1007_s00289-018-2475-y_part_2.txt_¶Î1_Material1
[*]C(NC1=C(C)C(NC(OCCO[*])=O)=CC=C1)=O,[*]C1=C(C=CN2)C2=C([*])C(O)=C1O,O=P([O-])([O-])[O-].[Ca+2].[Ca+2].[OH-],,,0.8937617620579434,10.1515_polyeng-2019-0219_part_2.txt_¶Î1_Material1
[*]C(N(CN(C(OCOC(N(CN(C(OCCO[*])=O)[H])[H])=O)=O)[H])[H])=O,C[Si](C)(C[*])O[*],[*]CCCC([*])C(OC)=O,,,1.434568904034199,10.1002_app.45164_part_1.txt_¶Î1_Material1
[*]O[C@H](C)CC([*])=O,OP(O)(O)=O,[*]OCCCCOC(CCC([*])=O)=O,,,1.3506356082589543,10.1002_vnl.21828_part_4.txt_¶Î1_Material4
O=C([*])C(C)O[*],[*]C(CCCCCO[*])=O,O=C=O,,,1.546542663478131,10.1016_j.eurpolymj.2016.12.013_part_2.txt_¶Î1_Material2
[*]CC([*])N1CCCC1=O,OCC1OC(C(C(C1[*])O)O)OC2C(C(C(OC2CO)O[*])O)O,,,,0.6998377258672457,10.1016_j.jmrt.2021.02.083_part_2.txt_¶Î1_Material1
[*]CC(C#N)[*],C12=C3C(C=CC4C3=C5C(CC6=CC7=C8C9=C(C(C=C%10)=CC=C9C=C7)C%11=C%10C%12)=CC4)=CC=C1C=C%12C%13=C%11C8=C6C5=C2%13,,,,1.218535505216528,10.1166_jnn.2018.15194_part_1.txt_¶Î1_Material1
O=C([*])C(C)O[*],[*]NC(C(O)=O)CCC([*])=O,,,,1.6901960800285136,10.1039_d0gc01394c_part_3.txt_¶Î1_Material2
O=C([*])C(C)O[*],[*]OCC[*],O=[Mg].O=[Si]=O.O=[Si]=O.O=[Si]=O.O=[Si]=O.O=[Mg].O=[Mg].O,,,1.6989700043360187,10.1007_s10973-015-4997-y_part_2.txt_¶Î1_Material1
[*]CC(OC(O[*])=O)C,[*]C1C(C(C(OC1C(O[Na])=O)OC2C(C(O[Na])=O)OC(O[*])C(O)C2O)O)O,[*]C1C(C(C(OC1C(O[Na])=O)OC2C(C(O[Na])=O)OC(O[*])C(O)C2O)O)O,,,1.260071387985075,10.1016_j.carbpol.2011.06.023_part_1.txt_¶Î1_Material1
[*]C(C)C[*],[*]C1=CC=C([*])N1,[*]C(C)C[*],,,1.479719235439571,10.1080_03602559.2014.909472_part_2.txt_¶Î1_Material1
[*]C([H])([H])C(O)([H])[*],[*]C1=C(C=CN2)C2=C([*])C(O)=C1O,[*]C1=C(C=CN2)C2=C([*])C(O)=C1O,,,1.5322446436265822,10.1002_btpr.3043_part_4.txt_¶Î1_Material2
[*]NC(C(N1CCCC1C(NCC(N2CC(CC2C(NC(C(NCC([*])=O)=O)CO)=O)O)=O)=O)=O)CCCCN,OC1C(C(OC(C1O)OC2C(OC(C(C2O)O)OC3C(C(C(OC3C(OC)=O)OC4C(OC(C(C4O)O)[*])C(O)=O)O)O)C(OC)=O)C(O)=O)O[*],OC[C@@H]([C@H]([C@@H]([C@@H](CO)O)O)O)O,,,1.7198282862543348,10.1111_jfpp.14480_part_2.txt_¶Î1_Material1
OP(O)(O)=O,[*]OC(CC(OC(CC([*])=O)CC)=O)C,,,,1.3010299956639813,10.1002_app.42815_part_2.txt_¶Î1_Material1
[*]CCN[*],O=[Si]=O,,,,1.1945143418824673,10.1016_j.electacta.2014.12.102_part_2.txt_¶Î1_Material1
C/C(C[*])=C/C[*],[Ti](OCCCC)(OCCCC)(OCCCC)OCCCC,,,,1.1205739312058498,10.1504_ijmpt.2013.058934_part_2.txt_¶Î1_Material1
FC(F)([*])C([H])([*])[H],[*]C(CCCCCO[*])=O,,,,0.6599162000698503,10.1016_j.nanoen.2019.104411_part_7.txt_¶Î1_Material1
[*]C([C@H](C)OC([C@H](C)O[*])=O)=O,[*]C(C=C1)=CC=C1S[*],,,,1.414973347970818,10.1002_pol.20190192_part_2.txt_¶Î1_Material1
OCC(C(C(C1N)O)O[*])OC1OC2C(OC(C(C2O)N)[*])CO,[*]C1C(OC(C(C1O)O)OC2C(OC(C(C2O)O)O[*])CO)CO,C(CC=O)CC=O,,,0.9542425094393248,10.1002_star.201800084_part_4.txt_¶Î1_Material1
[*]C(CCCCCO[*])=O,[*]C([H])([H])C(O)([H])[*],[Ag+],,,0.6304278750250238,10.1007_s12221-016-6813-0_part_1.txt_¶Î1_Material1
[*]CC(CC=CCC([*])C1=CC=CC=C1)C#N,O=[Si]=O,,,,1.6618126855372612,10.1007_s13726-021-00962-5_part_2.txt_¶Î1_Material1
[*]C([C@H](C)OC([C@H](C)O[*])=O)=O,[*]C(NC1=C(C)C(NC(OCCO[*])=O)=CC=C1)=O,,,,1.845098040014257,10.1007_s10118-015-1679-y_part_2.txt_¶Î1_Material1
[*]CC(OC(O[*])=O)C,O=[Si]=O,,,,1.416640507338281,10.1002_pc.25809_part_3.txt_¶Î1_Material1
[*]C(CCCCCO[*])=O,[*]OCCOC(CC(C([*])=O)C(C1CCCCC1)CC(CC(O)=O)C(OCCO)=O)=O,,,,1.662757831681574,10.1016_j.polymer.2018.06.024_part_2.txt_¶Î1_Material1
O=C(C(C[*])[*])N,[Fe+3],,,,-0.408935393,10.1007_s10570-020-03463-5_part_3.txt_¶Î1_Material1
[*]CC(C1=CC=CC=C1)C/C=C/C[*],[*]C(C)C[*],,,,1.400365273349939,10.1002_app.46580_part_2.txt_¶Î1_Material1
O=C([*])C(C)O[*],[*]C(C)C[*],[*]C(C)C[*],,,1.812913356642856,10.1016_j.progpolymsci.2018.07.001_part_5.txt_¶Î1_Material1
O=C([*])CCCCC(NCCCCN[*])=O,[*]OC1=C(C([*])=CC=C1C)C,,,,1.913177833990468,10.1016_j.triboint.2018.07.019_part_1.txt_¶Î1_Material1
OC(C(C1OC2OC(C(C(C2O)O)OC3OC(C(C(C3O)O)O)COC4OC(C(C(C4O)O)OC5OC(C(C(C5O)O)OC6OC(C(C(C6O)O[*])O)C)CO)CO)CO)O[*])COC1CO,O=[Al]O[Al]=O.O=[Si]=O.O=[Si]=O.O=[Si]=O,,,,2.0156949885265183,10.1515_ijfe-2019-0030_part_2.txt_¶Î1_Material4
O=C([*])C(C)O[*],O=C=NCCCCCCN=C=O,,,,1.5440680443502757,10.1016_j.polymertesting.2017.03.009_part_2.txt_¶Î1_Material2
[*]CCC1C([*])C2CCC1C2,C12=CC3=CC4=CC=CN=C4N=C3N=C1N=C5N=C6N=CC=CC6=CC5=C2,,,,1.3979400086720375,10.1016_j.compositesb.2014.05.010_part_2.txt_¶Î1_Material2
FC(F)([*])C([H])([*])[H],[*]C1OC(CCC)OC(C[*])C1,,,,1.021189299069938,10.1002_mame.201600272_part_2.txt_¶Î1_Material1
[*]C([H])([H])C(O)([H])[*],O=[Ti]=O,OC1=C2C(C3(O)C4C5C6=C7C8C(C9=CC(C(O)=O)=C(C=C(C=C%10C(O)=O)C%11%12)C(C%11=C%13C%14C%15%16C%17(O%16)C%18C%19=C%20C%21=C%22C(C(O)=C%23)=C%24C%25C%21=C%26C%19=C%27C%17=C%28C%14(O)C%12=C%10C=C%28CC%27=CC%26=CC%25=C(C(O)=O)C=C%24)C9=C7C%13(O)C5=C%15C3=C%18C%29%30C%20(O%30)C%31C%22C%23=C%32)=CC(C(O)=O)=CC8=CC6=C(C(O)=O)C4=C2)=C%29C%33=C%31C%32=C(C(O)=O)C=C%331,,,0.8750612633917001,10.1016_j.colsurfa.2014.06.006_part_2.txt_¶Î1_Material2
[*]C(CCCCCO[*])=O,OCC1OC(C(C(C1O[*])O)NC(C)=O)OC2C(O)C(C(OC2CO)[*])NC(C)=O,,,,1.14921911265538,10.1155_2012_635212_part_2.txt_¶Î1_Material1
O=C([*])CCCCCN[*],[*]C(C)C[*],O=[Si]=O,,,1.5601458398490475,10.1016_j.matpr.2020.05.643_part_1.txt_¶Î1_Material5
[*]C/C=C/CCC(C=C)CC([*])C1=CC=CC=C1,C/C(C[*])=C/C[*],O=[Si]=O,,,1.2380461031287957,10.1016_j.compscitech.2018.02.025_part_4.txt_¶Î1_Material2
O=C([*])C(C)O[*],[*]C/C=C/CCC([*])C#N,O=C([O-])[O-].[Ca+2],,,1.6532125137753435,10.1177_0095244320958108_part_4.txt_¶Î1_Material1
O=C([*])C(C)O[*],[*]OC1C(O)C(O)C(OC2C(CO)OC([*])C(O)C2O)OC1CO,,,,1.919078092376074,10.1142_s0217979218400842_part_1.txt_¶Î1_Material3
OCC1OC(OC2C(O)C(O)C(O[*])OC2CO)C(O)C(O)C1[*],[*]CC([*])N1CCCC1=O,,,,0.3010299956639812,10.1002_jps.23776_part_2.txt_¶Î1_Material1
O=C([*])C(C)O[*],O1C(=O)C=CC1=O,,,,1.424881636631067,10.4028_www.scientific.net_amr.345.70_part_1.txt_¶Î1_Material1
O=C([*])C(C)O[*],C=CC1=CC=CC=C1,,,,1.6427612032653205,10.3390_polym11010048_part_3.txt_¶Î1_Material3
[*]CCCC([*])OC(C)=O,O=[Ti]=O,,,,0.8450980400142568,10.1002_vnl.21735_part_2.txt_¶Î1_Material1
[*]CC([*])Cl,[*]C(CCCCCO[*])=O,O=[Ti]=O,,,1.1613680022349748,10.1021_acs.macromol.8b02146_part_2.txt_¶Î1_Material2
[*]CC([*])Cl,[*]C(CCCCCO[*])=O,,,,1.1818435879447726,10.1021_acs.macromol.8b02146_part_2.txt_¶Î1_Material1
O=C(CCCCC(N(CCCCCCN([*])[H])[H])=O)[*],[*]CC[*],,,,1.8313577854420675,10.1016_j.matpr.2020.04.463_part_2.txt_¶Î1_Material1
[*]C(C(OC(CO[*])=O)C)=O,[*]C(OCCCO[*])=O,,,,1.7324741772811936,10.1007_s00396-019-04595-2_part_2.txt_¶Î1_Material1
[*]C(CCCCCO[*])=O,[*]NC(C(N1CCCC1C(NCC(N2CC(CC2C(NC(C(NCC([*])=O)=O)CO)=O)O)=O)=O)=O)CCCCN,[*]C1=CC=C([*])N1,,,0.1760912590556812,10.1016_j.mseb.2019.114440_part_2.txt_¶Î1_Material1
[*]C([H])([H])C(O)([H])[*],[*]CC(OC(O[*])=O)C,OCC1OC(C(C(C1[*])O)O)OC2C(C(C(OC2CO)O[*])O)O,,,1.421603926869831,10.1016_j.carbpol.2018.02.070_part_1.txt_¶Î1_Material1
[*]CCC(CCCC(CCCC(C[*])C)C)C,[*]CCC(CCCC(CCCC(C[*])C)C)C,[*]CC[*],,,1.5092025223311027,10.1002_app.42040_part_3.txt_¶Î1_Material2
[*]CC[*],O=[Mg].O=[Si]=O.O=[Si]=O.O=[Si]=O.O=[Si]=O.O=[Mg].O=[Mg].O,[C],,,1.4563660331290431,10.1002_app.38945_part_1.txt_¶Î1_Material1
[*]C(NC1=C(C)C(NC(OCCO[*])=O)=CC=C1)=O,[*]C([H])([H])C(O)([H])[*],O=[Al]O[Al]=O.O=[Si]=O.O=[Si]=O.O=[Si]=O,,,1.0413926851582251,10.1016_j.carbpol.2014.08.086_part_2.txt_¶Î1_Material2
[*]CC(COC1=CC=C(C=C1)C(C)(C)C2=CC=C(C=C2)O[*])O,[*]C(N(CN(C(OCOC(N(CN(C(OCCO[*])=O)[H])[H])=O)=O)[H])[H])=O,,,,1.7902851640332418,10.1177_0731684413480007_part_3.txt_¶Î1_Material1
OCC1OC(C(C(C1O[*])O)O)[*],O=[Si]=O,,,,1.9781805169374136,10.1007_s10570-018-2059-x_part_2.txt_¶Î1_Material1
O=C([*])CCCCCN[*],[*]OC1=C(C([*])=CC=C1C)C,[*]C(C1=CC=CC=C1)CC2C(OC(C2[*])=O)=O,,,1.4487063199050798,10.1515_polyeng-2013-0163_part_1.txt_¶Î1_Material1
[*]C(N(CN(C(OCOC(N(CN(C(OCCO[*])=O)[H])[H])=O)=O)[H])[H])=O,[*]O[C@@]([H])(C)C(O[C@](C)([H])C([*])=O)=O,[*]C([C@H](C)OC([C@H](C)O[*])=O)=O,,,1.7427251313046983,10.1002_app.51014_part_2.txt_¶Î1_Material3
[*]C(NC1=C(C)C(NC(OCCO[*])=O)=CC=C1)=O,COC1=CC(/C=C/C=O)=CC(OC2=CC(C(C(OC3=CC=C(C=C3OC)C(C(CO)=O)O)CO)O)=CC=C2OC4=CC(C(C(COC5=CC=C(C=C5)C(C(CO)=O)O)=O)O)=CC=C4O)=C1,,,,1.7831886910752577,10.1021_acs.macromol.9b01413_part_2.txt_¶Î1_Material1
[*]OCC[*],[*]C1C(OC(C(C1O)O)OC2C(OC(C(C2O)O)O[*])CO)CO,,,,1.404833716619938,10.1002_app.48928_part_1.txt_¶Î1_Material1
C/C(C[*])=C/C[*],[*]CC(C#N)[*],[*]CC(C1=CC=CC=C1)[*],,,1,10.14716_ijtech.v11i1.1942_OA_part_1.txt_¶Î1_Material1
[*]CC(C#N)[*],[*]CC([*])Cl,,,,1.6444385894678386,10.1016_j.electacta.2018.09.031_part_5.txt_¶Î1_Material1
O=C([*])CCCCCN[*],O=C(OOC(=O)C1=CC=CC=C1)C1=CC=CC=C1,,,,2.2833012287035497,10.1007_s12221-013-1595-0_part_1.txt_¶Î1_Material3
[*]CC[*],COC(C(C[*])([*])C)=O,,,,1.2787536009528289,10.1002_pat.1674_part_2.txt_¶Î1_Material2
[*]OCC[*],O=C(C1=CC=C(C=C1)C(OCC[*])=O)O[*],O=C(C1=CC=C(C([*])=O)C=C1)NC2=CCC(N[*])C=C2,,,1.9294189257142929,10.1002_pc.22846_part_1.txt_¶Î1_Material1
O=C([*])C(C)O[*],[*]C/C=C/C[*],,,,0.9395192526186184,10.1021_ma401508b_part_2.txt_¶Î1_Material2
[*]C1C(C(C(OC1C(O[Na])=O)OC2C(C(O[Na])=O)OC(O[*])C(O)C2O)O)O,OC1C(C(OC(C1O)OC2C(OC(C(C2O)O)OC3C(C(C(OC3C(OC)=O)OC4C(OC(C(C4O)O)[*])C(O)=O)O)O)C(OC)=O)C(O)=O)O[*],,,,1.3521825181113625,10.1016_j.jfoodeng.2012.03.006_part_2.txt_¶Î1_Material1
[*]C1=C(C=CN2)C2=C([*])C(O)=C1O,[Ag],[*]C1=C(C=CN2)C2=C([*])C(O)=C1O,,,1.2201080880400552,10.1021_acssuschemeng.0c03098_part_2.txt_¶Î1_Material1
[*]C(CCCCCO[*])=O,[Ca+2],[*]NC(C)C(N1CCCC1C([*])=O)=O,,,0.3424226808222063,10.1021_cm201119q_part_2.txt_¶Î1_Material3
[*]C1C(OC(C(C1O)O)OC2C(OC(C(C2O)O)O[*])CO)CO,[*]C(CCCCC(OCCCCOC(C1=CC=C(C(OCCCCO[*])=O)C=C1)=O)=O)=O,,,,1.0755469613925308,10.1002_star.201900098_part_3.txt_¶Î1_Material1
[*]C/C=C/CCC([*])C#N,C=CCOC(C1=CC=CC=C1C(OCC=C)=O)=O,[Ni],,,1.0128372247051722,10.3144_expresspolymlett.2020.71_part_1.txt_¶Î1_Material2
[*]C1C(C(C(OC1C(O[Na])=O)OC2C(C(O[Na])=O)OC(O[*])C(O)C2O)O)O,S=[Mo]=S,,,,2.12057393120585,10.1016_j.ces.2018.03.057_part_4.txt_¶Î1_Material1
[*]CC1C(C(CO)(C[*])CCC1)=O,O=C([*])CCCCCN[*],,,,1.6989700043360187,10.1007_s13233-015-3121-2_part_1.txt_¶Î1_Material1
FC(F)([*])C([H])([*])[H],FC(F)([*])C([H])([*])[H],,,,0.9542425094393248,10.4028_www.scientific.net_amr.518-523.768_part_1.txt_¶Î1_Material1
O=C(CCCCC(NCCCCCN[*])=O)[*],[*]CCC(CCCCCC)C[*],,,,1.6710802327388494,10.1080_25740881.2021.1924198_part_3.txt_¶Î1_Material1
O=P([O-])([O-])[O-].[Ca+2].[Ca+2].[OH-],[*]C([H])([H])C(O)([H])[*],[Zn+2],,,1.7794521834040615,10.1016_j.mtcomm.2021.102025_part_2.txt_¶Î1_Material1
[*]C(CCCCCO[*])=O,[*]C([H])([H])C(O)([H])[*],,,,0.6989700043360189,10.3390_ma11061006_part_2.txt_¶Î1_Material3
O=C(C1=CC=C(C=C1)C(OCC[*])=O)O[*],[*]C(CCCCC(OCCCCO[*])=O)=O,,,,1.615950051656401,10.1016_j.matpr.2017.06.173_part_2.txt_¶Î1_Material1
[*]OCCOC(CC(C([*])=O)C(C1CCCCC1)CC(CC(O)=O)C(OCCO)=O)=O,OCC1OC(C(C(C1[*])O)O)OC2C(C(C(OC2CO)O[*])O)O,,,,1.7160033436347992,10.1016_j.compscitech.2015.07.004_part_4.txt_¶Î1_Material1
C/C(C[*])=C/C[*],[Si],[*]NC(C(N1CCCC1C(NCC(N2CC(CC2C(NC(C(NCC([*])=O)=O)CO)=O)O)=O)=O)=O)CCCCN,,,1.2430380486862944,10.4028_www.scientific.net_kem.803.361_part_1.txt_¶Î1_Material1
C[Si](C)(C[*])O[*],FC(F)([*])C([H])([*])[H],,,,1.0969100130080565,10.3390_polym12102378_part_5.txt_¶Î1_Material1
[*]CC(COC1=CC=C(C=C1)C(C)(C)C2=CC=C(C=C2)O[*])O,COC(C(C[*])([*])C)=O,,,,2.0530784434834195,10.1002_pen.24558_part_1.txt_¶Î1_Material1
O=C(CCCCCCCCCCC(NCCCCCCCCCCCCN[*])=O)[*],[*]C(N(CN(C(OCOC(N(CN(C(OCCO[*])=O)[H])[H])=O)=O)[H])[H])=O,,,,1.3010299956639813,10.1177_0892705719886009_part_2.txt_¶Î1_Material1
[*]C(CCCCCO[*])=O,[*]CC(COC1=CC=C(C=C1)C(C)(C)C2=CC=C(C=C2)O[*])O,,,,1.6211762817750353,10.1016_j.compscitech.2016.01.008_part_2.txt_¶Î1_Material3
[*]C(C)C[*],O=C(C1=CC=C(C=C1)C(OCC[*])=O)O[*],[*]CC(CCCC(CC)CC([*])C1=CC=CC=C1)C2=CC=CC=C2,,,1.4082399653118496,10.1016_j.polymdegradstab.2019.05.012_part_1.txt_¶Î1_Material2
[*]C/C=C/CCC([*])C#N,C=CCOC(C1=CC=CC=C1C(OCC=C)=O)=O,O=C=O,,,0.6334684555795865,10.3144_expresspolymlett.2020.71_part_1.txt_¶Î1_Material1
[*]C(N(CN(C(OCOC(N(CN(C(OCCO[*])=O)[H])[H])=O)=O)[H])[H])=O,O=C(CC(/C=C/C1=CC=C(C(OC)=C1)O)=O)/C=C/C2=CC=C(O)C(OC)=C2,,,,1.1149444157125847,10.1016_j.reactfunctpolym.2018.05.005_part_1.txt_¶Î1_Material3
O=C([*])C(C)O[*],OCC1OC(C(C(C1O[*])O)O)[*],,,,1.4281347940287887,10.1177_0892705711425846_part_2.txt_¶Î1_Material2
[*]CNCC1=CC=CC([*])=C1O,[*]CC(COC1=CC=C(C=C1)C(C)(C)C2=CC=C(C=C2)O[*])O,,,,2.250420002308894,10.1177_1045389x17708041_part_2.txt_¶Î1_Material1
[*]CC([*])Cl,[*]C(C)C[*],,,,1.812913356642856,10.1080_00914037.2010.531822_part_2.txt_¶Î1_Material1
[*]C([H])([H])C(O)([H])[*],FC(F)([*])C([H])([*])[H],,,,1.021189299069938,10.1007_s11581-016-1925-5_part_1.txt_¶Î1_Material2
[*]CC[*],S=[Mo]=S,,,,1.4099331233312946,10.1177_0307174x1103800704_part_1.txt_¶Î1_Material1
[*]C([H])([H])C(O)([H])[*],COC1=CC(/C=C/C=O)=CC(OC2=CC(C(C(OC3=CC=C(C=C3OC)C(C(CO)=O)O)CO)O)=CC=C2OC4=CC(C(C(COC5=CC=C(C=C5)C(C(CO)=O)O)=O)O)=CC=C4O)=C1,,,,1.2755416884013095,10.3390_polym10030290_part_2.txt_¶Î1_Material1
C/C(C[*])=C/C[*],OP(O)(O)=O,,,,1.1702617153949575,10.1002_app.46541_part_1.txt_¶Î1_Material1
[*]CC(O)COC1=CC=C(C(C)(C2=CC=C(O[*])C=C2)C)C=C1,[*]C(CCCCCO[*])=O,,,,1.7641761323903309,10.1016_j.eurpolymj.2012.10.015_part_2.txt_¶Î1_Material1
[*]C(C)C[*],[*]CCCC([*])OC(C)=O,,,,1.57978359661681,10.1021_acs.iecr.7b04932_part_5.txt_¶Î1_Material1
[*]CC([*])N1CCCC1=O,OC1=C2C(C3(O)C4C5C6=C7C8C(C9=CC(C(O)=O)=C(C=C(C=C%10C(O)=O)C%11%12)C(C%11=C%13C%14C%15%16C%17(O%16)C%18C%19=C%20C%21=C%22C(C(O)=C%23)=C%24C%25C%21=C%26C%19=C%27C%17=C%28C%14(O)C%12=C%10C=C%28CC%27=CC%26=CC%25=C(C(O)=O)C=C%24)C9=C7C%13(O)C5=C%15C3=C%18C%29%30C%20(O%30)C%31C%22C%23=C%32)=CC(C(O)=O)=CC8=CC6=C(C(O)=O)C4=C2)=C%29C%33=C%31C%32=C(C(O)=O)C=C%331,,,,0.5314789170422551,10.3390_polym13060913_part_2.txt_¶Î1_Material1
[*]C([C@H](C)OC([C@H](C)O[*])=O)=O,[*]CC(C(OCC)=O)[*],,,,1.5587085705331658,10.1016_j.eurpolymj.2014.11.007_part_2.txt_¶Î1_Material1
[*]C(C1=CC=C(C(OCCCCO[*])=O)C=C1)=O,[*]CC(CC=CCC([*])C1=CC=CC=C1)C#N,[Mg],,,1.6148972160331343,10.1002_app.35205_part_3.txt_¶Î1_Material1
O=C([*])CCCCCN[*],[*]CC([*])N1CCCC1=O,O=[Al]O[Al]=O.O=[Si]=O.O=[Si]=O.O=[Si]=O,,,1.230448921378274,10.4028_www.scientific.net_kem.756.3_part_1.txt_¶Î1_Material1
[*]NCC(NC(C(ONCC(NC(C(NCC(NC(C([*])=O)C)=O)=O)C)=O)=O)CO)=O,O=C([*])CCCCCO[*],,,,0.5797835966168101,10.1002_pat.3408_part_2.txt_¶Î1_Material1
FC(F)([*])C([H])([*])[H],[*]OCC[*],,,,0.9344984512435676,10.1007_s13762-024-05938-5_OA_part_3.txt_¶Î1_Material1
[*]C/C=C(C[*])\Cl,Cl[Ca]Cl,,,,1.4913616938342726,10.1016_j.foodhyd.2018.03.014_part_6.txt_¶Î1_Material4
COC(C(C[*])([*])C)=O,C=C(C)C(=O)OCC[N+](CCCS([O-])(=O)=O)([CH3])[CH3],,,,1.4424797690644486,10.1016_j.polymer.2019.04.072_part_4.txt_¶Î1_Material2
[*]C1C(O)C(O)C(OC2C(O)C(O)C(O[*])OC2COC(C)=O)OC1COC(C)=O,[*]C(OCCCO[*])=O,,,,0.9493900066449128,10.1016_j.mtchem.2020.100358_part_2.txt_¶Î1_Material1
O=C(CCCCC(N(CCCCCCN([*])[H])[H])=O)[*],O=C([*])CCCCCN[*],[*]C(F)(C(F)([*])F)F,,,1.7902851640332418,10.1016_j.matpr.2021.08.296_part_1.txt_¶Î1_Material2
OC1C(C(OC(C1O)OC2C(OC(C(C2O)O)OC3C(C(C(OC3C(OC)=O)OC4C(OC(C(C4O)O)[*])C(O)=O)O)O)C(OC)=O)C(O)=O)O[*],OC(C(C1OC2OC(C(C(C2O)O)OC3OC(C(C(C3O)O)O)COC4OC(C(C(C4O)O)OC5OC(C(C(C5O)O)OC6OC(C(C(C6O)O[*])O)C)CO)CO)CO)O[*])COC1CO,,,,1.7007037171450194,10.1016_j.foodchem.2021.129022_part_1.txt_¶Î1_Material1
OCC1OC(C(C(C1O[*])O)NC(C)=O)OC2C(O)C(C(OC2CO)[*])NC(C)=O,[*]C1C(C(C(OC1C(O[Na])=O)OC2C(C(O[Na])=O)OC(O[*])C(O)C2O)O)O,,,,1.6812412373755872,10.1016_j.ijbiomac.2012.08.030_part_1.txt_¶Î1_Material1
[*]CC([*])Cl,[*]CC[*],,,,0.9790929006383264,10.1002_vnl.21687_part_1.txt_¶Î1_Material1
[*]C1C(OC(C(C1O)O)OC2C(OC(C(C2O)O)O[*])CO)CO,[*]OCCCCOC(CCC([*])=O)=O,O=C([*])C(C)O[*],,,1.2576785748691846,10.3390_jcs5020048_part_1.txt_¶Î1_Material1
COC1=CC(/C=C/C=O)=CC(OC2=CC(C(C(OC3=CC=C(C=C3OC)C(C(CO)=O)O)CO)O)=CC=C2OC4=CC(C(C(COC5=CC=C(C=C5)C(C(CO)=O)O)=O)O)=CC=C4O)=C1,[*]C(CCCCCO[*])=O,,,,1.28668096935493,10.1021_acssuschemeng.7b00288_part_1.txt_¶Î1_Material1
FC(F)([*])C([H])([*])[H],[*]CC(CC=CCC([*])C1=CC=CC=C1)C#N,C=C([CH3])C(=O)O[CH3],,,1.57978359661681,10.1039_c4cp04481a_part_4.txt_¶Î1_Material2
[*]C(C)C[*],O=[Al]O[Al]=O.O=[Si]=O.O=[Si]=O.O=[Si]=O,O=C([O-])[O-].[Ca+2],,,1.4771212547196624,10.1299_transjsme.2014smm0311_part_1.txt_¶Î1_Material1
O=C([*])C(C)O[*],[*]C1C(O)C(O)C(OC2C(O)C(O)C(O[*])OC2COC(C)=O)OC1COC(C)=O,,,,1.2041199826559248,10.1007_s10924-016-0785-4_part_1.txt_¶Î1_Material2
[*]C(C)C[*],C=CC(OCCCC)=O,,,,1.5685537120494426,10.1007_s00289-021-03728-4_part_2.txt_¶Î1_Material1
[*]NC(C(N1CCCC1C(NCC(N2CC(CC2C(NC(C(NCC([*])=O)=O)CO)=O)O)=O)=O)=O)CCCCN,[*]NC(C)C(N1CCCC1C([*])=O)=O,[*]C(CCCCCO[*])=O,,,0.3979400086720376,10.7717_peerj.6358_part_2.txt_¶Î1_Material1
[*]OC(CC(OC(CC([*])=O)CC)=O)C,[*]C(C)C[*],[*]C(C)C[*],,,1.506775536606643,10.1179_1432891714z.000000000805_part_1.txt_¶Î1_Material1
OCC1OC(C(C(C1[*])O)O)OC2C(C(C(OC2CO)O[*])O)O,[*]C([H])([H])C(O)([H])[*],OCC(C(C(C1N)O)O[*])OC1OC2C(OC(C(C2O)N)[*])CO,,,1.0969100130080565,10.1007_s10570-016-0986-y_part_3.txt_¶Î1_Material1
O=C([*])C(C)O[*],[*]O[C@@]([H])(C)C(O[C@](C)([H])C([*])=O)=O,,,,1.900530982452756,10.1016_j.ijbiomac.2019.11.135_part_4.txt_¶Î1_Material1
[*][C@H]1[C@H](O)[C@@H](O)[C@H](OC2C(O)C(OC(C)=O)C(O[*])OC2CO)O[C@@H]1CO,[*]C(CCCCCO[*])=O,,,,1.0569048513364727,10.1177_0885328214542488_part_2.txt_¶Î1_Material1
O=C([*])CCCCCN[*],[Ag+],,,,1.6384892569546374,10.1515_pjct-2017-0065_part_1.txt_¶Î1_Material1
[*]CC(CC=CCC([*])C1=CC=CC=C1)C#N,O=[Al]O[Al]=O.O=[Si]=O.O=[Si]=O.O=[Si]=O,,,,1.6232492903979006,10.1021_acsomega.0c02803_part_2.txt_¶Î1_Material1
[*]C(C)C[*],CC1=CC(C)=C(C(C)=C1)C(P(C2=CC=CC=C2)(C3=CC=CC=C3)=O)=O,,,,1.299725153975637,10.1002_pc.21162_part_1.txt_¶Î1_Material2
[*]CC([*])Cl,O=C(C1=CC=C(C=C1)C(OCC[*])=O)O[*],,,,1.1983821300082942,10.1002_pat.4069_part_2.txt_¶Î1_Material1
[*]CC([*])Cl,C/C(C[*])=C/C[*],O=[Ti]=O,,,1.3159703454569178,10.4028_www.scientific.net_amr.1113.43_part_1.txt_¶Î1_Material1
[*]C(C)C[*],[*]OC(CC(OC(CC([*])=O)CC)=O)C,,,,1.212187604403958,10.1002_app.37957_part_2.txt_¶Î1_Material1
[*]CC[*],[*]OC(CC(OC(CC([*])=O)CC)=O)C,,,,1.212187604403958,10.1002_app.37957_part_2.txt_¶Î1_Material2
[*]CCCCO[*],[*]CCCC[*],,,,1.334453751150931,10.1002_polb.24243_part_2.txt_¶Î1_Material2
[*]CC(C#N)[*],[Ni],,,,0.7634279935629372,10.1039_c5py01344e_part_6.txt_¶Î1_Material1
[*]C([C@H](C)OC([C@H](C)O[*])=O)=O,[*]O[C@@]([H])(C)C(O[C@](C)([H])C([*])=O)=O,C=CCN1C(=O)N(CC=C)C(=O)N(CC=C)C1=O,,,1.311541958401195,10.1016_j.radphyschem.2012.10.002_part_1.txt_¶Î1_Material3
O=C([*])C1=CC=C(C=C1)OC2=CC=C(C=C2)OC3=CC=C(C=C3)[*],O=[Ti]=O,,,,1.6148972160331343,10.3390_polym13122017_part_3.txt_¶Î1_Material7
[*]C([C@H](C)OC([C@H](C)O[*])=O)=O,O=[Ti]=O,,,,1.6148972160331343,10.3390_polym13122017_part_3.txt_¶Î1_Material6
CC1=CC(C)=C(C(C)=C1)C(P(C2=CC=CC=C2)(C3=CC=CC=C3)=O)=O,[*]C(C)C[*],,,,1.1238516409670858,10.1016_j.matdes.2010.08.009_part_2.txt_¶Î1_Material1
O=C([*])C(C)O[*],[*]C1C(OC(C(C1O)O)OC2C(OC(C(C2O)O)O[*])CO)CO,OCC(O)CO,,,1.3424226808222062,10.3144_expresspolymlett.2020.63_part_1.txt_¶Î1_Material1
O=C([*])C(C)O[*],[Cu],,,,1.6020599913279625,10.3389_fmats.2019.00280_part_1.txt_¶Î1_Material2
[*]C(CCCCC(OCCCCO[*])=O)=O,[*]C1C(OC(C(C1O)O)OC2C(OC(C(C2O)O)O[*])CO)CO,C=C([CH3])C(=O)OC([CH3])[CH3],,,1.0334237554869496,10.1007_s12221-016-6379-x_part_2.txt_¶Î1_Material1
O=C([*])C(C)O[*],[*]CC[*],OCC1OC(OC2C(O)C(O)C(O[*])OC2CO)C(O)C(O)C1[*],,,1.4014005407815442,10.1016_j.compscitech.2018.11.028_part_2.txt_¶Î1_Material1
O=C(C1=CC=C(C=C1)C(OCC[*])=O)O[*],CC(C=C([*])C=C1C)=C1O[*],,,,1.146128035678238,10.1007_s13233-020-8075-3_part_2.txt_¶Î1_Material1
[*]C(C)C[*],[*]CC[*],O=C(O)CCCCCCCCCCCCCCCCC,,,1.6720978579357175,10.3390_polym13030421_part_2.txt_¶Î1_Material2
[*]CC(CC=CCC([*])C1=CC=CC=C1)C#N,[C],,,,1.3424226808222062,10.1016_j.polymertesting.2020.106688_part_1.txt_¶Î1_Material1
[*]C(C)C[*],[*]C(N(CN(C(OCOC(N(CN(C(OCCO[*])=O)[H])[H])=O)=O)[H])[H])=O,C12=CC3=CC4=CC=CN=C4N=C3N=C1N=C5N=C6N=CC=CC6=CC5=C2,,,1.4418521757732918,10.1007_s13726-019-00720-8_part_1.txt_¶Î1_Material2
OCC1OC(C(C(C1[*])O)O)OC2C(C(C(OC2CO)O[*])O)O,[*]OC1OC(CO)C(OC2C(O)C(O)C([*])C(CO)O2)C(O)C1O,,,,1.934498451243568,10.1002_app.38387_part_1.txt_¶Î1_Material4
[*]CC(OC(O[*])=O)C,[*]C1C(OC(C(C1O)O)OC2C(OC(C(C2O)O)O[*])CO)CO,,,,1.1038037209559568,10.1007_s00289-019-02762-7_part_1.txt_¶Î1_Material1
[*]C(CCCCCO[*])=O,[*]CC[*],,,,1.6989700043360187,10.1177_0040517520912478_part_3.txt_¶Î1_Material1
[*]C1C(OC(C(C1O)O)OC2C(OC(C(C2O)O)O[*])CO)CO,OC(C(CC(O)=O)(CC(O)=O)O)=O,,,,1.021189299069938,10.1016_j.carbpol.2020.116631_part_1.txt_¶Î1_Material1
[*]C1C(O)C(O)C(OC2C(O)C(O)C(O[*])OC2COC(C)=O)OC1COC(C)=O,[*]C(CCCCCO[*])=O,,,,0.7993405494535817,10.1016_j.mtchem.2020.100358_part_2.txt_¶Î1_Material3
O=C(C1=CC=C2C=C(C=CC2=C1)C([*])=O)OCCO[*],[*]CCCC(C1C([*])C2CC1C/C2=C/C)C,CCCCCCCCCCCCCCCCCCOC(CCC1=CC(C(C)(C)C)=C(C(C(C)(C)C)=C1)O)=O,,,1.414973347970818,10.1002_pc.22738_part_1.txt_¶Î1_Material1
O=C(OC1=CC=C(C=C1)C(C)(C)C2=CC=C(C=C2)O[*])[*],CCCC[Sn](CCCC)(OC(CCCCCCCCCCC)=O)OC(CCCCCCCCCCC)=O,,,,1.8394780473741985,10.1016_j.polymdegradstab.2019.02.020_part_2.txt_¶Î1_Material1
OP(O)(O)=O,[*]CC(OC(O[*])=O)C,,,,1.662757831681574,10.1007_s00396-021-04869-8_part_2.txt_¶Î1_Material5
[*]C1C(C(C(OC1C(O[Na])=O)OC2C(C(O[Na])=O)OC(O[*])C(O)C2O)O)O,O=C(O[Na])COCC(OC(C(C1O)O)[*])C1OC(C(C(C2O[*])O)O)OC2COCC(O[Na])=O,,,,1.3841741388070334,10.1002_jsfa.7863_part_3.txt_¶Î1_Material1
[*]CCCCOCCCCOCCCCOCCCCO[*],OCCCCO,,,,1.4471580313422192,10.1002_mabi.201800482_part_2.txt_¶Î1_Material2
[*]O[C@H](C)CC([*])=O,[*]OCC[*],,,,1.3010299956639813,10.1155_2016_9635165_part_2.txt_¶Î1_Material1
O=C([*])CCCCCN[*],O=C1C([*])C(CC[*])C(O1)=O,,,,1.7058637122839193,10.1080_03602559.2016.1276593_part_8.txt_¶Î1_Material5
[*]CC[*],[*]CCCC([*])OC(C)=O,C12=CC3=CC4=CC=CN=C4N=C3N=C1N=C5N=C6N=CC=CC6=CC5=C2,,,1.6989700043360187,10.1590_0104-1428.2124_part_2.txt_¶Î1_Material1
[*]CC(OC(O[*])=O)C,[*]C1=C(C=CN2)C2=C([*])C(O)=C1O,,,,1.6074550232146685,10.1007_s10118-014-1518-6_part_2.txt_¶Î1_Material1
O=C([*])C(C)O[*],[*]C(CCCCCO[*])=O,OCC(O)CO,,,1.6989700043360187,10.1515_epoly.2010.10.1.946_part_4.txt_¶Î1_Material1
OCC(C(C(C1N)O)O[*])OC1OC2C(OC(C(C2O)N)[*])CO,[*]OCC1C(C(C(CC1CO)COCC2C(C(C(CC2CO)C[*])O)COCC3C(C(C(C(O3)CO)O)O)COCC4C(C(C(C(O4)C(O)=O)COCC5C(C(C(C(O5)C(O)=O)O)O)O)O)O)O)O,,,,0.9434945159061026,10.1111_1750-3841.13653_part_2.txt_¶Î1_Material1
[*]O[C@H](C)CC([*])=O,[*]C(CCCCCO[*])=O,OCC1OC(OC2C(O)C(O)C(O[*])OC2CO)C(O)C(O)C1[*],,,1.320146286111054,10.1016_j.carbpol.2017.06.053_part_4.txt_¶Î1_Material3
[*]C(C)C[*],[*]C(C1=CC=C(C(OCCCCO[*])=O)C=C1)=O,,,,1.5118833609788744,10.1002_pi.5522_part_4.txt_¶Î1_Material2
[*]C(NC1=C(C)C(NC(OCCO[*])=O)=CC=C1)=O,CCCCCC1OC1CC2OC2CCCCCCCC(OC(COC(CCCCCCCC3OC3CC4OC4CCCCC)=O)COC(CCCCCCCC5OC5CC6OC6CCCCC)=O)=O,,,,0.9912260756924948,10.1002_pen.24410_part_1.txt_¶Î1_Material3
[*]C(C1=CC=C(C(OCCCCO[*])=O)C=C1)=O,C=C(C(OCC1CO1)=O)C,,,,1.549003262025788,10.1007_s40242-015-5161-8_part_1.txt_¶Î1_Material1
[*]C(C)C[*],[*]CC(CC(C=C)([*])C)C1=CC=CC=C1,,,,1.1931245983544616,10.1007_s11223-021-00258-2_part_1.txt_¶Î1_Material1
FC(F)([*])C([H])([*])[H],O=[Al]O[Al]=O,,,,1.5440680443502757,10.1016_j.memsci.2020.118481_part_3.txt_¶Î1_Material1
O=C(C1=CC=C(C=C1)C(OCC[*])=O)O[*],[Cu],,,,1.845098040014257,10.1111_ext.12082_part_2.txt_¶Î1_Material1
O=C([*])CCCCCN[*],[*]CC(C1=CC=CC=C1)[*],,,,1.5563025007672873,10.1002_pen.25357_part_2.txt_¶Î1_Material1
O=C([*])C(C)O[*],[*][C@H]1[C@H](O)[C@@H](O)[C@H](OC2C(O)C(OC(C)=O)C(O[*])OC2CO)O[C@@H]1CO,O=[Mg].O=[Si]=O.O=[Si]=O.O=[Si]=O.O=[Si]=O.O=[Mg].O=[Mg].O,,,1.8621313793130367,10.1016_j.eurpolymj.2019.109286_part_5.txt_¶Î1_Material1
[*]CC[*],[*]C1=NC2=CC3=C(C=C2O1)OC(C4=CC=C(C=C4)[*])=N3,,,,1.3085644135612389,10.1002_app.47812_part_2.txt_¶Î1_Material1
[*]C(CCCCC(OCCCCO[*])=O)=O,O=C([*])OC1=CC=C(C=C1)C(C)(C)C2=CC=C(C=C2)O[*],,,,1.4771212547196624,10.1016_j.matchemphys.2020.123879_part_2.txt_¶Î1_Material1
[*]C(CCCCCO[*])=O,O=C=NCCCCCCN=C=O,[*]OCC[*],,,1.0689276116820718,10.1155_2018_3240571_part_3.txt_¶Î1_Material3
[*]C(C)C[*],CCCCCCCCCCCCOS([O-])(=O)=O.[Na+],,,,1.2968844755385471,10.1177_0892705711430430_part_3.txt_¶Î1_Material2
O=C([*])OC1=CC=C(C=C1)C(C)(C)C2=CC=C(C=C2)O[*],O=C([*])CCCCCN[*],,,,1.740362689494244,10.1002_app.33449_part_1.txt_¶Î1_Material1
[*]OCCCOC(C1=CC=C(C([*])=O)C=C1)=O,[*][C@H]1[C@H](O)[C@@H](O)[C@H](OC2C(O)C(OC(C)=O)C(O[*])OC2CO)O[C@@H]1CO,,,,1.674677467873199,10.1002_app.32903_part_2.txt_¶Î1_Material4
OP(O)(O)=O,[*]OCCCCOC(CCC([*])=O)=O,O=C=NCCCCCCN=C=O,,,1.4548448600085102,10.1016_j.polymer.2020.123248_part_2.txt_¶Î1_Material2
OC1C(C(OC(C1O)OC2C(OC(C(C2O)O)OC3C(C(C(OC3C(OC)=O)OC4C(OC(C(C4O)O)[*])C(O)=O)O)O)C(OC)=O)C(O)=O)O[*],[*]CC([*])N1CCCC1=O,OCC(O)CO,,,1.2227164711475833,10.1016_j.compositesb.2016.11.016_part_1.txt_¶Î1_Material3
[*]C(C=C1)=CC=C1S[*],O=[Ti]=O,,,,1.6148972160331343,10.3390_polym13122017_part_3.txt_¶Î1_Material2
O=S(C(C=C1)=CC=C1OC(C=C2)=CC=C2C(C)(C)C(C=C3)=CC=C3O[*])(C4=CC=C([*])C=C4)=O,O=CN(C)C,,,,0.7092699609758307,10.1007_s10965-013-0179-4_part_3.txt_¶Î1_Material1
[*]C1C(O)C(O)C(OC2C(O)C(O)C(O[*])OC2COC(C)=O)OC1COC(C)=O,[*]O[C@H](C)CC([*])=O,,,,0.9493900066449128,10.1016_j.mtchem.2020.100358_part_2.txt_¶Î1_Material2
[*]NC(C1=CC=C2C(C(N(C2=O)C3=CC=C(C=C3)CC4=CC=C([*])C=C4)=O)=C1)=O,O=C([*])C1=CC=C(C=C1)OC2=CC=C(C=C2)OC3=CC=C(C=C3)[*],,,,1.6170003411208989,10.1016_j.polymertesting.2020.106733_part_2.txt_¶Î1_Material1
O=C([*])CCCCCN[*],[Ag],,,,1.3370597263205246,10.1016_j.sna.2019.06.036_part_3.txt_¶Î1_Material1
[*]C(NC1=C(C)C(NC(OCCO[*])=O)=CC=C1)=O,C12=CC3=CC4=CC=CN=C4N=C3N=C1N=C5N=C6N=CC=CC6=CC5=C2,OC1=C2C(C3(O)C4C5C6=C7C8C(C9=CC(C(O)=O)=C(C=C(C=C%10C(O)=O)C%11%12)C(C%11=C%13C%14C%15%16C%17(O%16)C%18C%19=C%20C%21=C%22C(C(O)=C%23)=C%24C%25C%21=C%26C%19=C%27C%17=C%28C%14(O)C%12=C%10C=C%28CC%27=CC%26=CC%25=C(C(O)=O)C=C%24)C9=C7C%13(O)C5=C%15C3=C%18C%29%30C%20(O%30)C%31C%22C%23=C%32)=CC(C(O)=O)=CC8=CC6=C(C(O)=O)C4=C2)=C%29C%33=C%31C%32=C(C(O)=O)C=C%331,,,1.69284691927723,10.1002_pc.24763_part_1.txt_¶Î1_Material1
C/C(C[*])=C/C[*],C=C([CH3])C(=O)O[CH3],,,,1.1986570869544226,10.1155_2020_9037827_part_2.txt_¶Î1_Material1
O=C([*])OC1=CC=C(C=C1)C(C)(C)C2=CC=C(C=C2)O[*],[*]C/C=C/CCC([*])C#N,,,,1.6434526764861874,10.1080_00222348.2019.1593600_part_2.txt_¶Î1_Material1
C=C([CH3])C(=O)O[CH3],[*]CC(CC=CCC([*])C1=CC=CC=C1)C#N,,,,1.765594055319445,10.4236_jmmce.2012.114027_OA_part_2.txt_¶Î1_Material2
C/C(C[*])=C/C[*],[*]C/C=C/CCC(C=C)CC([*])C1=CC=CC=C1,C/C(C[*])=C/C[*],,,1.04766419460156,10.1002_pc.22489_part_2.txt_¶Î1_Material1
O=C([*])CCCCCN[*],O=C(CCCCC(N(CCCCCCN([*])[H])[H])=O)[*],O=C(C1=CC=C(C=C1)C(NC2=CC=C([*])C=C2)=O)NC3=CC=C([*])C=C3,,,1.7109631189952756,10.1177_096739111502300606_part_2.txt_¶Î1_Material3
[*]OCCCOC(C1=CC=C(C([*])=O)C=C1)=O,C/C(C[*])=C/C[*],,,,1.292256071356476,10.1021_acsomega.8b00490_part_2.txt_¶Î1_Material4
[*]C(CCCCCO[*])=O,O=[Al]O[Al]=O.O=[Si]=O.O=[Si]=O.O=[Si]=O,,,,1.1504494094608806,10.1002_vnl.21860_part_2.txt_¶Î1_Material2
[*]C(NC1=C(C)C(NC(OCCO[*])=O)=CC=C1)=O,O=C([*])CCCCCN[*],,,,1.449324093098727,10.1002_app.50614_part_1.txt_¶Î1_Material1
[*]OCC[*],COC1=CC(/C=C/C=O)=CC(OC2=CC(C(C(OC3=CC=C(C=C3OC)C(C(CO)=O)O)CO)O)=CC=C2OC4=CC(C(C(COC5=CC=C(C=C5)C(C(CO)=O)O)=O)O)=CC=C4O)=C1,OCC1OC(C(C(C1[*])O)O)OC2C(C(C(OC2CO)O[*])O)O,,,1.94546858513182,10.1016_j.compositesb.2018.08.063_part_2.txt_¶Î1_Material1
[*]C(CCCCC(OCCCCO[*])=O)=O,[*]CC(CC(C#N)[*])C1=CC=CC=C1,,,,1.3617278360175928,10.1016_j.matlet.2015.03.089_part_1.txt_¶Î1_Material1
[*]C1C(OC(C(O)C1O)OC2C(O)C(O)C(OC2C(O[Na])=O)O[*])C(O[Na])=O,,,,,1.919078092376074,10.1007_s10570-011-9648-2_part_2.txt_¶Î1_Material1
[*]C/C=C(C[*])\Cl,[*]CC([*])Cl,,,,1.100370545117563,10.1002_app.42448_part_2.txt_¶Î1_Material1
[*]C([H])([H])C(O)([H])[*],O=P([O-])([O-])[O-].[Ca+2].[Ca+2].[OH-],[*]NCC(NC(C(ONCC(NC(C(NCC(NC(C([*])=O)C)=O)=O)C)=O)=O)CO)=O,,,0.9339931638312424,10.1016_j.jddst.2020.102182_part_2.txt_¶Î1_Material3
O=C([*])C(C)O[*],[*]CC(C1=CC=CC=C1)C/C=C/C[*],,,,1.739572344450092,10.1016_j.eurpolymj.2016.10.019_part_2.txt_¶Î1_Material3
C[Si](C)(C[*])O[*],[*]CC(C1=CC=CC=C1)[*],OC1=C2C(C3(O)C4C5C6=C7C8C(C9=CC(C(O)=O)=C(C=C(C=C%10C(O)=O)C%11%12)C(C%11=C%13C%14C%15%16C%17(O%16)C%18C%19=C%20C%21=C%22C(C(O)=C%23)=C%24C%25C%21=C%26C%19=C%27C%17=C%28C%14(O)C%12=C%10C=C%28CC%27=CC%26=CC%25=C(C(O)=O)C=C%24)C9=C7C%13(O)C5=C%15C3=C%18C%29%30C%20(O%30)C%31C%22C%23=C%32)=CC(C(O)=O)=CC8=CC6=C(C(O)=O)C4=C2)=C%29C%33=C%31C%32=C(C(O)=O)C=C%331,,,1.1749315935284426,10.1080_01496395.2011.626828_part_2.txt_¶Î1_Material1
O=C(CCCCC(N(CCCCCCN([*])[H])[H])=O)[*],[Cu]=O,,,,1.8920946026904804,10.1177_0021998320918347_part_2.txt_¶Î1_Material1
[*]CNCC1=CC=CC([*])=C1O,OCC1OC(C(C(C1[*])O)O)OC2C(C(C(OC2CO)O[*])O)O,,,,1.3096301674258988,10.1177_0967391120903664_part_2.txt_¶Î1_Material1
OCC1OC(C(C(C1[*])O)O)OC2C(C(C(OC2CO)O[*])O)O,OCC(C(C(C1N)O)O[*])OC1OC2C(OC(C(C2O)N)[*])CO,CC(=O)O,,,1.0791812460476249,10.1007_s10570-017-1202-4_part_1.txt_¶Î1_Material2
[*]CC(C1=CC=CC=C1)[*],[*]CC(CCCC(CC)CC([*])C1=CC=CC=C1)C2=CC=CC=C2,,,,1.6532125137753435,10.1002_pc.20978_part_2.txt_¶Î1_Material1
[*]NCCCCCCCCCCCC([*])=O,[C],,,,1.290034611362518,10.1016_j.compositesb.2019.107214_part_1.txt_¶Î1_Material1
[*]C(N(CN(C(OCOC(N(CN(C(OCCO[*])=O)[H])[H])=O)=O)[H])[H])=O,[*]C(CCCCC(OCCCCO[*])=O)=O,,,,1.0530784434834195,10.1016_j.polymer.2018.01.058_part_3.txt_¶Î1_Material3
[*]CC[*],O=[Si]=O,C[Si](C)(C[*])O[*],,,1.4828735836087537,10.1016_j.polymer.2018.01.036_part_3.txt_¶Î1_Material1
[*]CC(C1=CC=CC=C1)[*],[*]C/C=C/C[*],,,,1.3710678622717365,10.3390_polym13010096_part_2.txt_¶Î1_Material1
[H]N(C1=CC=C(C=C1)CC2=CC=C(C=C2)N(C(OCCO[*])=O)[H])C([*])=O,[*]CC[*],,,,1.6263403673750425,10.1016_j.eurpolymj.2018.05.021_part_2.txt_¶Î1_Material1
[*]C1OC2COC(C2OC3C(C(C(C(C3)CO)OS(=O)([O-])=O)O[*])O)C1OS(=O)([O-])=O,,,,,1.3783979009481375,10.1016_j.carbon.2011.10.034_part_2.txt_¶Î1_Material2
[*]O[C@H](C)CC([*])=O,[*]C([C@H](C)OC([C@H](C)O[*])=O)=O,,,,1.0453229787866574,10.1016_j.polymdegradstab.2016.09.017_part_7.txt_¶Î1_Material2
[*]OCCOC(CC(C([*])=O)C(C1CCCCC1)CC(CC(O)=O)C(OCCO)=O)=O,[*]C(NC1=C(C)C(NC(OCCO[*])=O)=CC=C1)=O,,,,1.9537596917332287,10.1177_0967391119852882_part_1.txt_¶Î1_Material1
[*]NCCCCCCCCCCCC([*])=O,O=C([*])CCCCCN[*],,,,1.7315887651867388,10.1016_j.apsusc.2018.01.158_part_1.txt_¶Î1_Material1
OCC1OC(C(C(C1O[*])O)NC(C)=O)OC2C(O)C(C(OC2CO)[*])NC(C)=O,O=C([*])C(C)O[*],O=[Ti]=O,,,1.866287339084195,10.1039_c8gc01120f_part_2.txt_¶Î1_Material1
OCC1OC(C(C(C1[*])O)O)OC2C(C(C(OC2CO)O[*])O)O,OC[C@@H]([C@H]([C@@H]([C@@H](CO)O)O)O)O,,,,1.877371345869774,10.1007_s10570-014-0423-z_part_2.txt_¶Î1_Material1
[*]OCCCOC(C1=CC=C(C([*])=O)C=C1)=O,[*]C(C1=CC=C(C=C1)C(OCCCCOC(C2=CC=C(C=C2)C(OCCCCO[*])=O)=O)=O)=O,,,,1.5976951859255124,10.1080_00222348.2014.939525_part_3.txt_¶Î1_Material1
[*]C(C(OC(CO[*])=O)C)=O,[*]OCC[*],,,,1.0606978403536116,10.1080_03602559.2013.798821_part_1.txt_¶Î1_Material1
[*]C1C(C(C(OC1C(O[Na])=O)OC2C(C(O[Na])=O)OC(O[*])C(O)C2O)O)O,OCC1OC(C(C(C1[*])O)O)OC2C(C(C(OC2CO)O[*])O)O,[Ag],,,1.5954962218255742,10.3390_nano9111523_part_3.txt_¶Î1_Material4
[*]CCCCO[*],O=C=NCCCCCCN=C=O,,,,1.4440447959180762,10.1038_s41598-023-32908-7_OA_part_2.txt_¶Î1_Material1
[*]C1=NC2=CC3=C(C=C2O1)OC(C4=CC=C(C=C4)[*])=N3,[*]N1C(C2=CC3=C(C=C2C1=O)C(N(C3=O)C4=CC=C(C=C4)OC5=CC=C(C=C5)[*])=O)=O,,,,2.2833012287035497,10.1071_ch15523_part_2.txt_¶Î1_Material5
[*]CC(C1=CC=CC=C1)[*],O=C([*])C(C)O[*],,,,1.2787536009528289,10.1021_acsmacrolett.8b00453_part_1.txt_¶Î1_Material1
O=C([*])CCCCCN[*],[*]C(C)C[*],[*]C(C1=CC=CC=C1)CC2C(OC(C2[*])=O)=O,,,1.7512791039833422,10.1080_03602559.2016.1233280_part_13.txt_¶Î1_Material2
[*]C([H])([H])C(O)([H])[*],[Mg+2].[OH-].[OH-],,,,1.146128035678238,10.1016_j.polymer.2010.09.071_part_2.txt_¶Î1_Material1
O=C([*])CCCCCN[*],[*]CCCCO[*],,,,1.3979400086720375,10.1002_pi.3140_part_2.txt_¶Î1_Material3
OCC1OC(C(C(C1[*])O)O)OC2C(C(C(OC2CO)O[*])O)O,CCOC(=O)C(O)(CC(=O)OCC)CC(=O)OCC,,,,1.7781512503836436,10.1007_s10570-012-9846-6_part_3.txt_¶Î1_Material1
O=C(C1=CC=C(C=C1)C(OCC[*])=O)O[*],O=C(C1=CC=C2C=C(C=CC2=C1)C([*])=O)OCCO[*],,,,2.0791812460476247,10.4028_www.scientific.net_amr.912-914.445_part_3.txt_¶Î1_Material2
[*]C(C)C[*],O=C([*])OC1=CC=C(C=C1)C(C)(C)C2=CC=C(C=C2)O[*],[*]C(N(CN(C(OCOC(N(CN(C(OCCO[*])=O)[H])[H])=O)=O)[H])[H])=O,[*]C(N(CN(C(OCOC(N(CN(C(OCCO[*])=O)[H])[H])=O)=O)[H])[H])=O,,1.3963737275365065,10.1002_app.51276_part_2.txt_¶Î1_Material2
[*]C(CCCCCO[*])=O,[*]CC(C1=CC=CC=C1)C/C=C/C[*],,,,0.7781512503836436,10.1007_s10924-019-01522-y_part_2.txt_¶Î1_Material2
O=C([*])C(C)O[*],O=C([*])OC1=CC=C(C=C1)C(C)(C)C2=CC=C(C=C2)O[*],O=[Si]=O,C12=CC3=CC4=CC=CN=C4N=C3N=C1N=C5N=C6N=CC=CC6=CC5=C2,,2.0557604646877348,10.1016_j.matpr.2021.07.047_part_2.txt_¶Î1_Material6
[*]C(NC1=C(C)C(NC(OCCO[*])=O)=CC=C1)=O,O=C=NC(C=C1)=CC=C1CC2=CC=C(C=C2)N=C=O,[*]C(CCCCCO[*])=O,,,1.292256071356476,10.1016_j.matdes.2015.07.101_part_3.txt_¶Î1_Material1
[*]CCC(CCCC(CCCC(C[*])C)C)C,[*]CCC(CCCC(CCCC(C[*])C)C)C,[*]CCCC(CCCCCC)[*],,,1.4116197059632305,10.1002_app.42040_part_3.txt_¶Î1_Material3
O=C([*])C(C)O[*],[*]CC[*],[*]CC(CC=CCC([*])C1=CC=CC=C1)C#N,,,1.136720567156407,10.1002_apj.1802_part_1.txt_¶Î1_Material1
[*]C(N(CN(C(OCOC(N(CN(C(OCCO[*])=O)[H])[H])=O)=O)[H])[H])=O,[*]C(CCCCCO[*])=O,OCC1OC(C(C(C1[*])O)O)OC2C(C(C(OC2CO)O[*])O)O,,,1.4913616938342726,10.1007_s10570-020-03328-x_part_2.txt_¶Î1_Material1
[*]C([H])([H])C(O)([H])[*],OC1C(C(OC(C1O)OC2C(OC(C(C2O)O)OC3C(C(C(OC3C(OC)=O)OC4C(OC(C(C4O)O)[*])C(O)=O)O)O)C(OC)=O)C(O)=O)O[*],Cl[Ca]Cl,,,1.6812412373755872,10.1002_app.50360_part_1.txt_¶Î1_Material1
OCC1OC(C(C(C1[*])O)O)OC2C(C(C(OC2CO)O[*])O)O,[*]C(CCCCCO[*])=O,,,,0.6720978579357175,10.1016_j.carbpol.2012.05.080_part_2.txt_¶Î1_Material1
[*]O[C@@]([H])(C)C(O[C@](C)([H])C([*])=O)=O,,,,,1.546542663478131,10.1002_app.45248_part_2.txt_¶Î1_Material1
[*]C([C@H](C)OC([C@H](C)O[*])=O)=O,[*]C([H])([H])C(O)([H])[*],[*]OCC[*],,,1.1760912590556811,10.1002_polb.24437_part_1.txt_¶Î1_Material1
O=C(CCCCC(N(CCCCCCN([*])[H])[H])=O)[*],[*]OC1C(C(O)=O)OC(OC2C(NC(C)=O)C([*])OC(CO)C2O)C(O)C1O,,,,1.929929560084588,10.1080_00914037.2011.593061_part_3.txt_¶Î1_Material1
O=C([*])CCCCCN[*],[*]C([H])([H])C(O)([H])[*],,,,1.3031960574204888,10.1039_c7tc01123g_part_2.txt_¶Î1_Material1
COC(C(C[*])([*])C)=O,O=C([*])OC1=CC=C(C=C1)C(C)(C)C2=CC=C(C=C2)O[*],,,,1.2253092817258628,10.1002_masy.201800049_part_1.txt_¶Î1_Material1
[*]CC[*],[*]C(C)C[*],O=C1C=CC(O1)=O.C=C,,,1.4502491083193612,10.1002_pen.25775_part_2.txt_¶Î1_Material2
[*]CC[*],[*]C1=C(O)C(C(C)(C)C)=C(O)C(C)=C1SS[*],,,,0.7781512503836436,10.1002_app.34293_part_1.txt_¶Î1_Material1
[*]C(C(OC(CO[*])=O)C)=O,[*]C([H])([H])C(O)([H])[*],O=C(O[Na])COCC(OC(C(C1O)O)[*])C1OC(C(C(C2O[*])O)O)OC2COCC(O[Na])=O,,,0.9637878273455552,10.3389_fmats.2022.912713_OA_part_2.txt_¶Î1_Material1
[*]C1=NC2=CC3=C(C=C2O1)OC(C4=CC=C(C=C4)[*])=N3,[*]CC[*],,,,1.5440680443502757,10.1177_0892705714551593_part_2.txt_¶Î1_Material1
O=C(O[*])CCCCCCCCCCN[*],COC1=CC(/C=C/C=O)=CC(OC2=CC(C(C(OC3=CC=C(C=C3OC)C(C(CO)=O)O)CO)O)=CC=C2OC4=CC(C(C(COC5=CC=C(C=C5)C(C(CO)=O)O)=O)O)=CC=C4O)=C1,,,,1.792391689498254,10.1007_s10924-018-1311-7_part_1.txt_¶Î1_Material1
O=C(C1=CC=C(C=C1)C(OCC[*])=O)O[*],C/C(C[*])=C/C[*],,,,1.3222192947339193,10.1016_j.matchemphys.2012.03.015_part_2.txt_¶Î1_Material1
[*]C(F)(C(F)([*])F)F,C=C([CH3])C(=O)O[CH3],,,,1.1760912590556811,10.1002_app.49929_part_2.txt_¶Î1_Material2
[*]C1OC(CCC)OC(C[*])C1,[*]C(NC1=C(C)C(NC(OCCO[*])=O)=CC=C1)=O,,,,1.146128035678238,10.1590_0104-1428.1944_part_1.txt_¶Î1_Material1
O=C(OC1=CC=C(C=C1)C(C)(C)C2=CC=C(C=C2)O[*])[*],,,,,1.8149131812750736,10.1016_j.polymdegradstab.2019.02.020_part_2.txt_¶Î1_Material2
[*]C(C)C[*],O=C(CCCCCCCCCCCCCCCCC)O[Ca]OC(CCCCCCCCCCCCCCCCC)=O,,,,1.4771212547196624,10.1007_s10924-017-1016-3_part_2.txt_¶Î1_Material1
[*]C(N(CN(C(OCOC(N(CN(C(OCCO[*])=O)[H])[H])=O)=O)[H])[H])=O,[H]N(C1=CC=C(C=C1)CC2=CC=C(C=C2)N(C(OCCO[*])=O)[H])C([*])=O,,,,1.583878598498626,10.1080_03602559.2013.820757_part_2.txt_¶Î1_Material1
OP(O)(O)=O,O=C([*])CCCCCN[*],,,,1.3979400086720375,10.1002_masy.201400114_part_1.txt_¶Î1_Material1
OP(O)(O)=O,[*]C(C=C1)=CC=C1S[*],,,,1.6766936096248666,10.1016_j.polymdegradstab.2010.05.016_part_1.txt_¶Î1_Material1
[*]C(C)C[*],O=C([*])OC1=CC=C(C=C1)C(C)(C)C2=CC=C(C=C2)O[*],[*]C(N(CN(C(OCOC(N(CN(C(OCCO[*])=O)[H])[H])=O)=O)[H])[H])=O,,,1.3963737275365065,10.1002_app.51276_part_1.txt_¶Î1_Material1
[*]CC(C1=CC=CC=C1)[*],[*]C1C(OC(C(O)C1O)OC2C(O)C(O)C(OC2C(O[Na])=O)O[*])C(O[Na])=O,,,,1.549003262025788,10.1021_bm300609c_part_1.txt_¶Î1_Material1
[*]CC[*],[*]CC[*],[*]C(C)C[*],,,1.2743887955503788,10.1016_j.polymertesting.2017.05.006_part_4.txt_¶Î1_Material3
C=C([CH3])C(=O)O[CH3],[*]CC(C#N)[*],,,,1.423245873936808,10.1177_0021998311431995_part_1.txt_¶Î1_Material1
[*]O[C@H](C)CC([*])=O,[*]OCCCCOC(CCC([*])=O)=O,,,,1.3979400086720375,10.1002_pi.6282_part_3.txt_¶Î1_Material2
O=C([*])CCCCCN[*],O=C(OC1=CC=CC=C1)OC1=CC=CC=C1,,,,1.6384892569546374,10.1016_j.molstruc.2017.12.034_part_2.txt_¶Î1_Material1
[*]C([C@H](C)OC([C@H](C)O[*])=O)=O,[*]C(CCCCC(OCCCCO[*])=O)=O,,,,1.4313637641589874,10.1016_j.eurpolymj.2018.01.037_part_3.txt_¶Î1_Material2
OC1C(C(OC(C1O)OC2C(OC(C(C2O)O)OC3C(C(C(OC3C(OC)=O)OC4C(OC(C(C4O)O)[*])C(O)=O)O)O)C(OC)=O)C(O)=O)O[*],OC[C@@H]([C@H]([C@@H]([C@@H](CO)O)O)O)O,,,,1.7198282862543348,10.1111_jfpp.14480_part_1.txt_¶Î1_Material2
[*]C1C(OC(C(C1O)O)OC2C(OC(C(C2O)O)O[*])CO)CO,[*]C(CCCCCO[*])=O,O=C(N)N,,,1.1522883443830565,10.1016_j.carbpol.2017.03.051_part_3.txt_¶Î1_Material3
OCC1OC(C(C(C1[*])O)O)OC2C(C(C(OC2CO)O[*])O)O,[*]CC(COC1=CC=C(C=C1)C(C)(C)C2=CC=C(C=C2)O[*])O,,,,2.130333768495006,10.1007_s10570-020-03107-8_part_2.txt_¶Î1_Material1
[*]C(NC1=C(C)C(NC(OCCO[*])=O)=CC=C1)=O,[*]CCC(CCCC(CCCC(C[*])C)C)C,OC1=C2C(C3(O)C4C5C6=C7C8C(C9=CC(C(O)=O)=C(C=C(C=C%10C(O)=O)C%11%12)C(C%11=C%13C%14C%15%16C%17(O%16)C%18C%19=C%20C%21=C%22C(C(O)=C%23)=C%24C%25C%21=C%26C%19=C%27C%17=C%28C%14(O)C%12=C%10C=C%28CC%27=CC%26=CC%25=C(C(O)=O)C=C%24)C9=C7C%13(O)C5=C%15C3=C%18C%29%30C%20(O%30)C%31C%22C%23=C%32)=CC(C(O)=O)=CC8=CC6=C(C(O)=O)C4=C2)=C%29C%33=C%31C%32=C(C(O)=O)C=C%331,,,1.416640507338281,10.1016_j.matdes.2012.12.077_part_1.txt_¶Î1_Material1
[*]C([C@H](C)OC([C@H](C)O[*])=O)=O,[*]C([H])([H])C(O)([H])[*],,,,1.845098040014257,10.1016_j.coco.2020.100564_part_2.txt_¶Î1_Material1
[*]CC([*])Cl,[*]C(N(CN(C(OCOC(N(CN(C(OCCO[*])=O)[H])[H])=O)=O)[H])[H])=O,C12=C3C(C=CC4C3=C5C(CC6=CC7=C8C9=C(C(C=C%10)=CC=C9C=C7)C%11=C%10C%12)=CC4)=CC=C1C=C%12C%13=C%11C8=C6C5=C2%13,,,1.2648178230095364,10.1002_pi.5339_part_2.txt_¶Î1_Material1
O=C(C1=CC=C(C=C1)C(OCC[*])=O)O[*],O=C([*])C(C)O[*],[H]O[H],,,1.5390760987927767,10.1016_j.polymdegradstab.2011.10.017_part_1.txt_¶Î1_Material1
FC(F)([*])C([H])([*])[H],[*]CC[*],,,,1.3979400086720375,10.1016_j.eurpolymj.2018.09.035_part_2.txt_¶Î1_Material1
[*]C(CCCCCO[*])=O,O=C([O-])[O-].[Ca+2],,,,0.505149978319906,10.1007_s12668-014-0158-1_part_1.txt_¶Î1_Material2
O=C(C1=CC=C(C=C1)C(OCC[*])=O)O[*],O=C([*])C1=CC=C2C=C(C=CC2=C1)OC(C3=CC=C(C=C3)O[*])=O,,,,1.7339992865383869,10.1016_j.compscitech.2012.01.008_part_1.txt_¶Î1_Material1
[*]C([C@H](C)OC([C@H](C)O[*])=O)=O,[*]NC(C)C(N1CCCC1C([*])=O)=O,,,,1.57978359661681,10.3390_ma8020408_part_2.txt_¶Î1_Material2
O=C([*])CCCCCN[*],[*]CCCC([*])OC(C)=O,,,,1.6532125137753435,10.4028_www.scientific.net_amm.735.61_part_1.txt_¶Î1_Material1
[*]OCCOC(CC(C([*])=O)C(C1CCCCC1)CC(CC(O)=O)C(OCCO)=O)=O,O=[Al]O[Al]=O,,,,1.8750612633917,10.1016_j.jestch.2016.10.016_part_3.txt_¶Î1_Material2
[*]CC[*],O=[Mg].O=[Si]=O.O=[Si]=O.O=[Si]=O.O=[Si]=O.O=[Mg].O=[Mg].O,,,,1.0644579892269184,10.3329_jbas.v37i1.15675_part_1.txt_¶Î1_Material2
[*]CC(CC=CCC([*])C1=CC=CC=C1)C#N,[*]CC(CCCC(CC)CC([*])C1=CC=CC=C1)C2=CC=CC=C2,,,,1.0068937079479006,10.1080_17452759.2016.1175045_part_1.txt_¶Î1_Material4
[*]OCC[*],O=C(C1=CC=C(C([*])=O)C=C1)NC2=CCC(N[*])C=C2,,,,1.919078092376074,10.1155_2013_671481_part_1.txt_¶Î1_Material1
[*]OCC[*],C=C(C)C(=O)OCCCC,,,,0.9590413923210936,10.1007_s10118-017-1913-x_part_1.txt_¶Î1_Material1
[*]OCC[*],O=C([*])C(C)O[*],,,,1.792391689498254,10.4325_seikeikakou.23.561_OA_part_1.txt_¶Î1_Material1
[*]NCC(NC(C(ONCC(NC(C(NCC(NC(C([*])=O)C)=O)=O)C)=O)=O)CO)=O,[*]NC(C(N1CCCC1C(NCC(N2CC(CC2C(NC(C(NCC([*])=O)=O)CO)=O)O)=O)=O)=O)CCCCN,CCO,,,1.098989639401177,10.1159_000515946_part_3.txt_¶Î1_Material1
O=C([*])C(C)O[*],[*]CCCC(CCCCCC)[*],,,,1.7032913781186614,10.4028_www.scientific.net_msf.953.47_part_1.txt_¶Î1_Material1
[*]OCCCOC(C1=CC=C(C([*])=O)C=C1)=O,[*]OCCCOC(C1=CC=C(C([*])=O)C=C1)=O,,,,1.7489628612561614,10.1016_j.polymer.2019.04.024_part_3.txt_¶Î1_Material4
[*]NC(C)C(N1CCCC1C([*])=O)=O,[*]C(NC1=C(C)C(NC(OCCO[*])=O)=CC=C1)=O,[*]NCC(NC(C(ONCC(NC(C(NCC(NC(C([*])=O)C)=O)=O)C)=O)=O)CO)=O,,,1.1322596895310446,10.1177_0954411917697751_part_2.txt_¶Î1_Material2
[*]C([H])([H])C(O)([H])[*],[*]NCC(NC(C(ONCC(NC(C(NCC(NC(C([*])=O)C)=O)=O)C)=O)=O)CO)=O,[*]NC(C(N1CCCC1C(NCC(N2CC(CC2C(NC(C(NCC([*])=O)=O)CO)=O)O)=O)=O)=O)CCCCN,,,1.615634468877416,10.1016_j.matlet.2019.126510_part_2.txt_¶Î1_Material1
C[Si](C)(C[*])O[*],[Ag+],,,,-0.494850022,10.1002_pc.25914_part_1.txt_¶Î1_Material1
[*]C(NC1=C(C)C(NC(OCCO[*])=O)=CC=C1)=O,[H]O[H],,,,1.6294095991027189,10.3390_bioengineering6030069_part_2.txt_¶Î1_Material2
[*]NC(C)C(N1CCCC1C([*])=O)=O,[*]OC(C(C1O)O)OC(COC)C1OC(OC(C(C2O)OC3OC(C(C(C3OC)O)OC4OC(C(C(C4OC)O)[*])COC)CO)COC)C2OCC(OC)C,[*]OCC[*],,,1.6866362692622934,10.1016_j.carbpol.2014.11.057_part_2.txt_¶Î1_Material2
[*]CC(C#N)[*],[Cu]=O,,,,0.9258275746247424,10.1016_j.crbiot.2019.07.001_part_2.txt_¶Î1_Material1
O=C([*])C1=CC=C(C=C1)OC2=CC=C(C=C2)OC3=CC=C(C=C3)[*],FC(F)([*])C([H])([*])[H],,,,1.89148170383952,10.1088_1757-899x_736_5_052003_part_3.txt_¶Î1_Material1
O=C(O[*])CCCCCCCCCCN[*],OC1=C2C(C3(O)C4C5C6=C7C8C(C9=CC(C(O)=O)=C(C=C(C=C%10C(O)=O)C%11%12)C(C%11=C%13C%14C%15%16C%17(O%16)C%18C%19=C%20C%21=C%22C(C(O)=C%23)=C%24C%25C%21=C%26C%19=C%27C%17=C%28C%14(O)C%12=C%10C=C%28CC%27=CC%26=CC%25=C(C(O)=O)C=C%24)C9=C7C%13(O)C5=C%15C3=C%18C%29%30C%20(O%30)C%31C%22C%23=C%32)=CC(C(O)=O)=CC8=CC6=C(C(O)=O)C4=C2)=C%29C%33=C%31C%32=C(C(O)=O)C=C%331,,,,1.6646419755561257,10.1016_j.compositesb.2013.05.055_part_2.txt_¶Î1_Material1
[*]O[C@H](C)CC([*])=O,OP(O)(O)=O,,,,1.4771212547196624,10.1002_pi.6282_part_3.txt_¶Î1_Material1
[*]C1OC(CCC)OC(C[*])C1,[H]Cl,,,,1.7067177823367587,10.4028_www.scientific.net_amr.750-752.1831_part_1.txt_¶Î1_Material1
[*]CCCCO[*],CC1(CC(CC(C)(C1)C)N=C=O)CN=C=O,[Ag+],,,1.4316853446860118,10.1039_d0nj02671a_part_1.txt_¶Î1_Material1
OP(O)(O)=O,[*]CC(O)COC(CCCCCCCCC(O[*])=O)=O,,,,1.4082399653118496,10.1007_s10924-017-1015-4_part_2.txt_¶Î1_Material1
O=C([*])C(C)O[*],[Al],,,,1.931457870689005,10.3390_ma10080850_part_4.txt_¶Î1_Material5
O=C([*])C(C)O[*],CNC(CNC(CN)=O)=O,,,,1.3979400086720375,10.1016_j.ijbiomac.2016.08.034_part_2.txt_¶Î1_Material1
O=C([*])CCCCCN[*],C/C(C[*])=C/C[*],,,,1.6848453616444126,10.1002_app.39750_part_2.txt_¶Î1_Material2
[*]O[C@H](C)CC([*])=O,[*]C(CCCCCO[*])=O,O=C(CCCCCCC(=O)ON1C(=O)CCC1=O)ON1C(=O)CCC1=O,,,1.3010299956639813,10.1016_j.polymertesting.2020.106780_part_7.txt_¶Î1_Material1
O=C([*])C(C)O[*],[*]CC(CC)([*])C(OCC1=CC=CC=C1)=O,,,,1.4465371670736438,10.4028_www.scientific.net_kem.783.51_part_1.txt_¶Î1_Material1
[*]C(CCCCCO[*])=O,OCC(C(C(C1N)O)O[*])OC1OC2C(OC(C(C2O)N)[*])CO,OCC(C(C(C1N)O)O[*])OC1OC2C(OC(C(C2O)N)[*])CO,,,0.7788744720027395,10.1177_0885328217733849_part_2.txt_¶Î1_Material3
O=C([*])C(C)O[*],[*]C(C)C[*],[*]CC(CC=CCC([*])C1=CC=CC=C1)C#N,,,1.4828735836087537,10.1002_pen.25230_part_1.txt_¶Î1_Material1
[*]OCC[*],O=C=NC(C=C1)=CC=C1CC2=CC=C(C=C2)N=C=O,CC(C(=O)O)(CO)CO,,,1.5314789170422551,10.1002_pat.3084_part_2.txt_¶Î1_Material1
[*]CC(CC)([*])C(OCC1=CC=CC=C1)=O,FC(F)([*])C([H])([*])[H],,,,0.9661417327390326,10.1002_pat.3865_part_2.txt_¶Î1_Material4
[*]C/C=C/CCC([*])C#N,O=C=NC(C=C1)=CC=C1CC2=CC=C(C=C2)N=C=O,,,,1.2598326990634836,10.1002_app.45200_part_1.txt_¶Î1_Material1
[*]OCCCOC(C1=CC=C(C([*])=O)C=C1)=O,O=C(C1=CC=C(C=C1)C(OCC[*])=O)O[*],,,,1.3010299956639813,10.1002_adv.21443_part_1.txt_¶Î1_Material1
OP(O)(O)=O,[*]C1=C(C(C[*])=CC=C1)O,,,,1.5390760987927767,10.1007_s00289-013-1032-y_part_2.txt_¶Î1_Material1
[*]OC(C(C1O)O)OC(COC)C1OC(OC(C(C2O)OC3OC(C(C(C3OC)O)OC4OC(C(C(C4OC)O)[*])COC)CO)COC)C2OCC(OC)C,OCC1OC(OC2C(O)C(O)C(O[*])OC2CO)C(O)C(O)C1[*],,,,1.8260748027008264,10.1021_acssuschemeng.8b01855_part_1.txt_¶Î1_Material1
[*]C([H])([H])C(O)([H])[*],[*]CC(C#N)[*],O=C(O)C([*])C[*],,,0.6785183790401139,10.1016_j.compositesb.2013.09.010_part_1.txt_¶Î1_Material2
[*]C(CCCCCO[*])=O,OCC(C(C(C1N)O)O[*])OC1OC2C(OC(C(C2O)N)[*])CO,[*]OC1C(C(O)=O)OC(OC2C(NC(C)=O)C([*])OC(CO)C2O)C(O)C1O,,,1.290034611362518,10.1016_j.carbpol.2014.10.071_part_4.txt_¶Î1_Material1
OC(C(C1OC2OC(C(C(C2O)O)OC3OC(C(C(C3O)O)O)COC4OC(C(C(C4O)O)OC5OC(C(C(C5O)O)OC6OC(C(C(C6O)O[*])O)C)CO)CO)CO)O[*])COC1CO,OCC(C(C(C1N)O)O[*])OC1OC2C(OC(C(C2O)N)[*])CO,,,,1.7664128471123994,10.1016_j.foodhyd.2012.04.002_part_6.txt_¶Î1_Material4
[*]C(C(O[*])C)=O,OCC1OC(C(C(C1[*])O)O)OC2C(C(C(OC2CO)O[*])O)O,,,,1.7160033436347992,10.3390_ma12203435_part_2.txt_¶Î1_Material4
[*]OCCCOC(C1=CC=C(C([*])=O)C=C1)=O,[*]CCCC(C1C([*])C2CC1C/C2=C/C)C,,,,1.505149978319906,10.1080_03602559.2010.496426_part_1.txt_¶Î1_Material2
[*]CC([*])Cl,NC1=NC2=C(N=CN2C2O[C@H](COP(=O)(O)OP(=O)(O)O)[C@H](O)[C@@H]2O)C(=O)N1,,,,1.137670537236755,10.1002_pc.25669_part_2.txt_¶Î1_Material1
[*]NC(C(N1CCCC1C(NCC(N2CC(CC2C(NC(C(NCC([*])=O)=O)CO)=O)O)=O)=O)=O)CCCCN,[*][C@H](O[C@@H]1CO)[C@@H](O)[C@@H](O)[C@@H]1O[C@@H]2O[C@@H]([C@@H](O[*])[C@H](O)[C@@H]2O)CO[C@H]3O[C@H](CO)[C@H](O)[C@H](O)[C@H]3O,,,,1.260071387985075,10.3390_foods10081761_part_3.txt_¶Î1_Material3
CC(C=C([*])C=C1C)=C1O[*],[*]CC(CC(C#N)[*])C1=CC=CC=C1,,,,1.462397997898956,10.1007_s00396-021-04820-x_part_2.txt_¶Î1_Material2
O=[Al]O[Al]=O.O=[Si]=O.O=[Si]=O.O=[Si]=O,O=C([*])C(C)O[*],,,,1.6901960800285136,10.1002_app.41518_part_2.txt_¶Î1_Material2
[*]CC([*])N1CCCC1=O,[*]C(CCCCCO[*])=O,,,,0.8061799739838872,10.1016_j.molliq.2021.117409_part_2.txt_¶Î1_Material3
[*]C1C(OC(C(C1O)O)OC2C(OC(C(C2O)O)O[*])CO)CO,[*]C([H])([H])C(O)([H])[*],[*]C1C(C(C(OC1C(O[Na])=O)OC2C(C(O[Na])=O)OC(O[*])C(O)C2O)O)O,,,1.3348556896172916,10.1002_star.201400119_part_2.txt_¶Î1_Material1
O=C([*])C1=CC=C2C=C(C=CC2=C1)OC(C3=CC=C(C=C3)O[*])=O,[*]C(C=C1)=CC=C1S[*],,,,2.2430380486862944,10.1016_j.compscitech.2018.10.001_part_4.txt_¶Î1_Material2
[*]OCCO[*],C[Si](C)(C[*])O[*],,,,1.2671717284030135,10.1080_15421406.2020.1743460_part_1.txt_¶Î1_Material1
[*]CCC(CCCC(CCCC(C[*])C)C)C,[*]O[C@H](C)CC([*])=O,,,,1,10.1177_0307174x1704400502_part_1.txt_¶Î1_Material1
[*]OCC[*],[*]C([H])([H])C(O)([H])[*],OC1=C2C(C3(O)C4C5C6=C7C8C(C9=CC(C(O)=O)=C(C=C(C=C%10C(O)=O)C%11%12)C(C%11=C%13C%14C%15%16C%17(O%16)C%18C%19=C%20C%21=C%22C(C(O)=C%23)=C%24C%25C%21=C%26C%19=C%27C%17=C%28C%14(O)C%12=C%10C=C%28CC%27=CC%26=CC%25=C(C(O)=O)C=C%24)C9=C7C%13(O)C5=C%15C3=C%18C%29%30C%20(O%30)C%31C%22C%23=C%32)=CC(C(O)=O)=CC8=CC6=C(C(O)=O)C4=C2)=C%29C%33=C%31C%32=C(C(O)=O)C=C%331,,,1.6444385894678386,10.1007_s10008-019-04359-6_part_2.txt_¶Î1_Material1
[*]CC(C1=CC=CC=C1)[*],C=C(C)C(=O)OCC[N+](CCCS([O-])(=O)=O)([CH3])[CH3],,,,1.2068258760318498,10.1016_j.polymer.2019.04.072_part_4.txt_¶Î1_Material1
[*]C(CCCCCO[*])=O,[*]CC(CC)([*])C(OCC1=CC=CC=C1)=O,,,,1.3255156633631482,10.1002_jbm.b.33266_part_1.txt_¶Î1_Material2
[*]C(CCCCCO[*])=O,[*]CC(C#N)[*],[*]CC(C#N)[*],,,0.9637878273455552,10.3390_bioengineering8020024_part_2.txt_¶Î1_Material1
O=C([*])C1=CC=C(C=C1)OC2=CC=C(C=C2)OC3=CC=C(C=C3)[*],[*]C(CCCCCO[*])=O,,,,1.2227164711475833,10.1007_s10853-019-03728-w_part_2.txt_¶Î1_Material2
[*]C(C)C[*],O=C(O[Na])COCC(OC(C(C1O)O)[*])C1OC(C(C(C2O[*])O)O)OC2COCC(O[Na])=O,NC1=CC=C(C=C1)/C2=C3C=C/C(N\3)=C(C4=N/C(C=C4)=C(C5=CC=C(N5)/C(C6=CC=CC=C6)=C7N=C2C=C\7)/C8=CC=CC=C8)\C9=CC=CC=C9,,,1.5289167002776547,10.24271_garmian.175_OA_part_2.txt_¶Î1_Material1
OCC1OC(C(C(C1[*])O)O)OC2C(C(C(OC2CO)O[*])O)O,[H]Cl,,,,1.7634279935629371,10.1007_s10570-014-0493-y_part_3.txt_¶Î1_Material1
OCC1OC(C(C(C1O)O[*])O)OC2C(C(C(OC2COS(=O)(O)=O)[*])NC(C)=O)O,OCC(C(C(C1N)O)O[*])OC1OC2C(OC(C(C2O)N)[*])CO,,,,1.4313637641589874,10.1002_pen.23928_part_1.txt_¶Î1_Material2
[O-]S(C1=CC=CC(O)=C1)(=O)=O.[Na+],O=C(C1=CC=C(C=C1)C(OCC[*])=O)O[*],,,,1.136720567156407,10.3389_fbioe.2022.894046_OA_part_1.txt_¶Î1_Material1
[*]C([H])([H])C(O)([H])[*],[*]O[C@H](C)CC([*])=O,,,,0.9542425094393248,10.1515_polyeng-2014-0202_part_1.txt_¶Î1_Material1
[*]NCC(NC(C(ONCC(NC(C(NCC(NC(C([*])=O)C)=O)=O)C)=O)=O)CO)=O,O=C(O[Na])COCC(OC(C(C1O)O)[*])C1OC(C(C(C2O[*])O)O)OC2COCC(O[Na])=O,,,,0.8802417758954804,10.1080_09205063.2018.1523525_part_3.txt_¶Î1_Material1
C=C([CH3])C(=O)O[CH3],O=C(CCCCC(N(CCCCCCN([*])[H])[H])=O)[*],,,,1.9209577059554488,10.4047_jap.2013.5.2.153_part_1.txt_¶Î1_Material4
[*]C(C=C1)=CC=C1S[*],OP(O)(O)=O,O=C=NC(C=C1)=CC=C1CC2=CC=C(C=C2)N=C=O,,,1.568201724066995,10.1021_acs.iecr.5b00637_part_1.txt_¶Î1_Material3
O=C(O)C1=CC=C([N+]([O-])=O)C=C1,[*]CC(C1=CC=CC=C1)[*],,,,1.4014005407815442,10.1016_j.polymer.2016.09.071_part_2.txt_¶Î1_Material1
OP(O)(O)=O,[*]C(C1=CC=C(C(OCCCCO[*])=O)C=C1)=O,,,,1.4471580313422192,10.1007_s13233-017-5011-2_part_2.txt_¶Î1_Material1
[*]C(C)C[*],CC(CO[*])[*],,,,1.515873843711679,10.1016_j.clay.2011.02.021_part_1.txt_¶Î1_Material4
[*]CC[*],C[Si](C)(C[*])O[*],,,,1.354108439147401,10.12693_aphyspola.134.297_OA_part_1.txt_¶Î1_Material1
O=C([*])C(C)O[*],O=C([*])CCCCCCCCCCC(NCCCCCCCCCCN[*])=O,,,,1.823474229170301,10.1002_app.48440_part_2.txt_¶Î1_Material1
OCC(C(C(C1N)O)O[*])OC1OC2C(OC(C(C2O)N)[*])CO,O=C(CC(/C=C/C1=CC=C(C(OC)=C1)O)=O)/C=C/C2=CC=C(O)C(OC)=C2,,,,1.0726174765452363,10.1016_j.foodhyd.2015.08.005_part_2.txt_¶Î1_Material2
[*]C([H])([H])C(O)([H])[*],O=C(N)N,,,,1.5782953051208262,10.1016_j.reactfunctpolym.2016.02.012_part_2.txt_¶Î1_Material1
O=C(CCCCC(N(CCCCCCN([*])[H])[H])=O)[*],[*]OCC[*],O=[Ti]=O,,,1.9566485792052035,10.1177_09540083211011216_part_3.txt_¶Î1_Material1
[*]C(NC1=C(C)C(NC(OCCO[*])=O)=CC=C1)=O,O=C([*])C(C)O[*],,,,1.1760912590556811,10.1007_s10856-017-5999-z_part_2.txt_¶Î1_Material1
[*]CCC(CCCCCC)C[*],C=C([CH3])C(=O)OC([CH3])[CH3],,,,1.5109469486729727,10.3390_polym10030291_part_3.txt_¶Î1_Material2
C1C=CC=CC=C1,OCC(C(C(C1N)O)O[*])OC1OC2C(OC(C(C2O)N)[*])CO,,,,0.8325089127062363,10.1088_1748-6041_11_3_035008_part_2.txt_¶Î1_Material1
O=C(C1=CC=C(C=C1)C(OCC[*])=O)O[*],O=[Mg].O=[Si]=O.O=[Si]=O.O=[Si]=O.O=[Si]=O.O=[Mg].O=[Mg].O,,,,1.1613680022349748,10.4028_www.scientific.net_amr.912-914.445_part_2.txt_¶Î1_Material2
O=C([*])C1=CC=C(C=C1)OC2=CC=C(C=C2)OC3=CC=C(C=C3)[*],NC1=NC2=C(N=CN2C2O[C@H](COP(=O)(O)OP(=O)(O)O)[C@H](O)[C@@H]2O)C(=O)N1,,,,1.909020854211156,10.1002_pc.24250_part_2.txt_¶Î1_Material1
[*]OCCOC(CC(C([*])=O)C(C1CCCCC1)CC(CC(O)=O)C(OCCO)=O)=O,O=[Zr]=O,,,,1.9030899869919435,10.1016_j.jestch.2016.10.016_part_3.txt_¶Î1_Material1
[*]N1C(C2=CC3=C(C=C2C1=O)C(N(C3=O)C4=CC=C(C=C4)OC5=CC=C(C=C5)[*])=O)=O,OCC(C(C(C1N)O)O[*])OC1OC2C(OC(C(C2O)N)[*])CO,,,,1.9242792860618816,10.1002_adfm.202005646_part_5.txt_¶Î1_Material3
[*]OCC[*],[*]C([H])([H])C(O)([H])[*],,,,1.426023015689876,10.24996_ijs.2021.62.6.14_OA_part_1.txt_¶Î1_Material1
[*]NC(C)C(N1CCCC1C([*])=O)=O,[*]C1C(C(C(OC1C(O[Na])=O)OC2C(C(O[Na])=O)OC(O[*])C(O)C2O)O)O,,,,0.9030899869919436,10.1016_j.ijbiomac.2018.11.143_part_5.txt_¶Î1_Material2
[*]O[Si](C)(C)[*],,,,,0.8221680793680175,10.1002_pen.23688_part_1.txt_¶Î1_Material1
[*]C/C=C/CCC(C=C)CC([*])C1=CC=CC=C1,C=C(C(OCC1CO1)=O)C,,,,1.209515014542631,10.1002_pen.25379_part_2.txt_¶Î1_Material1
O=C([*])CCCCCN[*],[*]CC(CC=CCC([*])C1=CC=CC=C1)C#N,O=[Ti]=O,,,1.8819549713396004,10.3390_ma12233955_part_3.txt_¶Î1_Material1
[*]C([C@H](C)OC([C@H](C)O[*])=O)=O,[*]NC(C(O)=O)CCC([*])=O,,,,1.944975908412048,10.3144_expresspolymlett.2015.27_part_1.txt_¶Î1_Material1
[*]C(C1=CC=C(C(OCCCCO[*])=O)C=C1)=O,[*]CC(C#N)[*],,,,1.7781512503836436,10.3144_expresspolymlett.2012.49_part_2.txt_¶Î1_Material2
O=C([*])OC1=CC=C(C=C1)C(C)(C)C2=CC=C(C=C2)O[*],C=C([CH3])C(=O)O[CH3],,,,1.7937903846908188,10.1002_pen.21879_part_2.txt_¶Î1_Material1
[*]NCC(NC(C(ONCC(NC(C(NCC(NC(C([*])=O)C)=O)=O)C)=O)=O)CO)=O,[*]C([H])([H])C(O)([H])[*],[Ag+],,,1.6232492903979006,10.3390_ma10060667_part_2.txt_¶Î1_Material1
[*]C([H])([H])C(O)([H])[*],[*]C1OC(CCC)OC(C[*])C1,,,,1.0128372247051722,10.1016_j.memsci.2019.117618_part_4.txt_¶Î1_Material1
[*]C(C(O[*])C)=O,[*]C(C(OC(CO[*])=O)C)=O,,,,1.6263403673750425,10.1080_03602551003681846_part_1.txt_¶Î1_Material3
[*]C1C(C(C(OC1C(O[Na])=O)OC2C(C(O[Na])=O)OC(O[*])C(O)C2O)O)O,OC[C@@H]([C@H]([C@@H]([C@@H](CO)O)O)O)O,,,,1.7993405494535817,10.1007_s10570-019-02308-0_part_2.txt_¶Î1_Material1
[*]NCCCCCCCCCCCC([*])=O,O=[Si]=O,,,,1.3979400086720375,10.1038_s41529-022-00278-6_OA_part_1.txt_¶Î1_Material1
[*]CC[*],[*]C(CCCCC(OCCCCO[*])=O)=O,,,,1.3979400086720375,10.1088_1757-899x_965_1_012020_part_1.txt_¶Î1_Material2
[*]NCCCCCCCCCCCC([*])=O,C[Si](C)(C[*])O[*],,,,1.848804701051804,10.1002_polb.24613_part_2.txt_¶Î1_Material1
O=C([*])C1=CC=C(C=C1)OC2=CC=C(C=C2)OC3=CC=C(C=C3)[*],[C],,,,1.9513375187959177,10.1002_pc.24250_part_2.txt_¶Î1_Material3
[*]CC(OC(O[*])=O)C,[*]CCCC([*])OC(C)=O,,,,1.4440447959180762,10.1007_s00289-015-1310-y_part_1.txt_¶Î1_Material1
[*]O[C@H](C)CC([*])=O,[*]OC(CC(OC(CC([*])=O)CC)=O)C,,,,1.0413926851582251,10.1016_j.compositesa.2019.05.005_part_2.txt_¶Î1_Material2
[*]C(CCCCC([*])S(=O)(Cl)=O)Cl,,,,,1.5185139398778875,10.1002_app.42668_part_2.txt_¶Î1_Material3
[*]NC(C(N1CCCC1C(NCC(N2CC(CC2C(NC(C(NCC([*])=O)=O)CO)=O)O)=O)=O)=O)CCCCN,[*]C1=C(C=CN2)C2=C([*])C(O)=C1O,,,,1.187520720836463,10.1016_j.lwt.2020.110607_part_3.txt_¶Î1_Material1
[*]NC(C(O)=O)CCC([*])=O,OC1=C2C(C3(O)C4C5C6=C7C8C(C9=CC(C(O)=O)=C(C=C(C=C%10C(O)=O)C%11%12)C(C%11=C%13C%14C%15%16C%17(O%16)C%18C%19=C%20C%21=C%22C(C(O)=C%23)=C%24C%25C%21=C%26C%19=C%27C%17=C%28C%14(O)C%12=C%10C=C%28CC%27=CC%26=CC%25=C(C(O)=O)C=C%24)C9=C7C%13(O)C5=C%15C3=C%18C%29%30C%20(O%30)C%31C%22C%23=C%32)=CC(C(O)=O)=CC8=CC6=C(C(O)=O)C4=C2)=C%29C%33=C%31C%32=C(C(O)=O)C=C%331,,,,0.9175055095525466,10.1016_j.surfin.2021.101254_part_2.txt_¶Î1_Material1
C12=C3C(C=CC4C3=C5C(CC6=CC7=C8C9=C(C(C=C%10)=CC=C9C=C7)C%11=C%10C%12)=CC4)=CC=C1C=C%12C%13=C%11C8=C6C5=C2%13,OCC(C(C(C1N)O)O[*])OC1OC2C(OC(C(C2O)N)[*])CO,,,,1.1852587652965851,10.1016_j.rinp.2021.104244_part_1.txt_¶Î1_Material1
O=C([*])C(C)O[*],[*]C1C(OC(C(C1O)O)OC2C(OC(C(C2O)O)O[*])CO)CO,[*]O[C@H](C)CC([*])=O,,,1.3010299956639813,10.1515_chempap-2016-0075_part_1.txt_¶Î1_Material1
OCC1OC(C(C(C1[*])O)O)OC2C(C(C(OC2CO)O[*])O)O,O=[Al]O[Al]=O,,,,2.146128035678238,10.1007_s10570-017-1225-x_part_2.txt_¶Î1_Material3
O=S(C(C=C1)=CC=C1OC(C=C2)=CC=C2C(C)(C)C(C=C3)=CC=C3O[*])(C4=CC=C([*])C=C4)=O,[*]CC([*])N1CCCC1=O,[*]C(CCCCCO[*])=O,,,1.0413926851582251,10.1039_c4ra13460e_part_8.txt_¶Î1_Material2
O=S(C(C=C1)=CC=C1OC(C=C2)=CC=C2C(C)(C)C(C=C3)=CC=C3O[*])(C4=CC=C([*])C=C4)=O,[*]OCC[*],O=CN(C)C,,,0.9542425094393248,10.1007_s10965-013-0179-4_part_2.txt_¶Î1_Material1
O=C(C1=CC=C(C=C1)C(OCC[*])=O)O[*],[*]C1C(OC(C(C1O)O)OC2C(OC(C(C2O)O)O[*])CO)CO,,,,1.8155777483242672,10.1016_j.colsurfa.2017.04.074_part_6.txt_¶Î1_Material2
OP(O)(O)=O,[*]NCCCCCCCCCCCC([*])=O,,,,1.5622928644564746,10.1016_j.matpr.2019.06.245_part_2.txt_¶Î1_Material4
[*]C(C1=CC=C(C(OCCCCO[*])=O)C=C1)=O,[*]CCCCO[*],,,,2,10.1002_pen.24792_part_1.txt_¶Î1_Material1
[*]C(CCCCCO[*])=O,O=C(O[Na])COCC(OC(C(C1O)O)[*])C1OC(C(C(C2O[*])O)O)OC2COCC(O[Na])=O,,,,0.8779469516291882,10.1111_j.1365-2818.2010.03483.x_part_1.txt_¶Î1_Material1
[*]CC(CC=CCC([*])C1=CC=CC=C1)C#N,O=C([*])OC1=CC=C(C=C1)C(C)(C)C2=CC=C(C=C2)O[*],,,,1.3010299956639813,10.1002_app.51250_part_2.txt_¶Î1_Material2
[*]C(C)C[*],OCC1OC(OC2C(O)C(O)C(O[*])OC2CO)C(O)C(O)C1[*],,,,1.5185139398778875,10.1007_s10570-020-03448-4_part_2.txt_¶Î1_Material1
[*]C(C=C1)=CC=C1S[*],[*]OCCCCOC(CCC([*])=O)=O,,,,1.3031960574204888,10.1021_acs.iecr.5b00637_part_2.txt_¶Î1_Material3
O=C([*])CCCCCN[*],[*]C(F)(C(F)([*])F)F,,,,1.7781512503836436,10.1177_1350650113495530_part_1.txt_¶Î1_Material3
O=C([*])CCCCCN[*],O=C(C1=CC=C(C=C1)C(OCC[*])=O)O[*],,,,1.845098040014257,10.1016_j.polymer.2020.122817_part_2.txt_¶Î1_Material1
[*]C(C)C[*],C[Si](C)(C[*])O[*],,,,1.54282542695918,10.12693_aphyspola.134.297_OA_part_1.txt_¶Î1_Material2
OC(C(C1OC2OC(C(C(C2O)O)OC3OC(C(C(C3O)O)O)COC4OC(C(C(C4O)O)OC5OC(C(C(C5O)O)OC6OC(C(C(C6O)O[*])O)C)CO)CO)CO)O[*])COC1CO,OC1C(C(OC(C1O)OC2C(OC(C(C2O)O)OC3C(C(C(OC3C(OC)=O)OC4C(OC(C(C4O)O)[*])C(O)=O)O)O)C(OC)=O)C(O)=O)O[*],,,,1.2253092817258628,10.1016_j.carbpol.2019.115159_part_3.txt_¶Î1_Material5
O=S(C(C=C1)=CC=C1OC(C=C2)=CC=C2C(C)(C)C(C=C3)=CC=C3O[*])(C4=CC=C([*])C=C4)=O,[*]CC([*])N1CCCC1=O,[*]OCC[*],,,0.7781512503836436,10.1039_c4ra13460e_part_8.txt_¶Î1_Material1
FC(F)([*])C([H])([*])[H],O=C([*])OC1=CC=C(C=C1)C(C)(C)C2=CC=C(C=C2)O[*],,,,1.3283796034387378,10.1021_acsomega.0c04656_part_1.txt_¶Î1_Material1
CNC(CNC(CN)=O)=O,O=C([*])C(C)O[*],,,,1.3774883833761329,10.1016_j.foodhyd.2017.10.001_part_7.txt_¶Î1_Material3
[*]C(CCCCC(OCCCCOC(C1=CC=C(C(OCCCCO[*])=O)C=C1)=O)=O)=O,[Mg],,,,1.255272505103306,10.1002_pen.24347_part_1.txt_¶Î1_Material1
O=C(C1=CC=C(C=C1)C(OCC[*])=O)O[*],C=C([CH3])C(=O)O[CH3],,,,1.7817553746524688,10.1016_j.polymdegradstab.2017.11.001_part_6.txt_¶Î1_Material1
[*]C(C1=CC=C(C(OCCCCO[*])=O)C=C1)=O,O=[Mg].O=[Si]=O.O=[Si]=O.O=[Si]=O.O=[Si]=O.O=[Mg].O=[Mg].O,,,,1.6715430852625737,10.1007_s10965-010-9510-5_part_1.txt_¶Î1_Material2
[*]C/C=C/CCC(C=C)CC([*])C1=CC=CC=C1,OCC(C(C(C1N)O)O[*])OC1OC2C(OC(C(C2O)N)[*])CO,,,,1.7160033436347992,10.1007_s10924-018-1322-4_part_2.txt_¶Î1_Material1
O=C(CCCCC(N(CCCCCCN([*])[H])[H])=O)[*],[*]CC(C#N)[*],,,,1.688953462637418,10.3390_polym13121984_part_2.txt_¶Î1_Material1
OCC(C(C(C1N)O)O[*])OC1OC2C(OC(C(C2O)N)[*])CO,[*]C([H])([H])C(O)([H])[*],[*]C1C(C(C(OC1C(O[Na])=O)OC2C(C(O[Na])=O)OC(O[*])C(O)C2O)O)O,,,0.9030899869919436,10.1016_j.carbpol.2015.11.039_part_2.txt_¶Î1_Material1
[*]C/C=C(C[*])\Cl,,,,,1.2278867046136734,10.1016_j.polymer.2020.123325_part_2.txt_¶Î1_Material1
O=C(O[*])CCCCCCCCCCN[*],FC(F)([*])C([H])([*])[H],,,,1.2145789535704992,10.3390_polym6082146_part_2.txt_¶Î1_Material1
OCC(C(C(C1N)O)O[*])OC1OC2C(OC(C(C2O)N)[*])CO,[*]C([H])([H])C(O)([H])[*],OCC1OC(C(C(C1[*])O)O)OC2C(C(C(OC2CO)O[*])O)O,,,0.9030899869919436,10.1016_j.carbpol.2015.11.039_part_2.txt_¶Î1_Material2
OCC(C(C(C1N)O)O[*])OC1OC2C(OC(C(C2O)N)[*])CO,[*]C([H])([H])C(O)([H])[*],C=CC(OCCCC)=O,,,0.9542425094393248,10.1016_j.carbpol.2015.11.039_part_2.txt_¶Î1_Material3
[*]C(CCCCCO[*])=O,ON1C(=O)CCC1=O,,,,0.2479732663618066,10.1021_acsabm.0c01084_part_2.txt_¶Î1_Material1
[*]C(N(CN(C(OCOC(N(CN(C(OCCO[*])=O)[H])[H])=O)=O)[H])[H])=O,CCCCCCCCCCCCCCCC[N+](C)(C)C.[Br-],,,,1.7626785637274365,10.1002_pat.4366_part_2.txt_¶Î1_Material1
[*]CC(CC=CCC([*])C1=CC=CC=C1)C#N,O=C([*])C(C)O[*],,,,1.1598678470925667,10.1016_j.matpr.2020.03.546_part_1.txt_¶Î1_Material2
[*]CC(C(OCC)=O)[*],O=C=NC1=CC=C(N=C=O)C=C1,,,,1.7160033436347992,10.1177_0954008311405696_part_1.txt_¶Î1_Material1
C=C([CH3])C(=O)O[CH3],[*]C(N(CN(C(OCOC(N(CN(C(OCCO[*])=O)[H])[H])=O)=O)[H])[H])=O,,,,1.60959440922522,10.1016_j.wear.2017.11.024_part_1.txt_¶Î1_Material1
O=C([*])CCCCCN[*],[*]C(CCCCCO[*])=O,,,,1.021189299069938,10.1088_1748-605x_aa6306_part_2.txt_¶Î1_Material1
OCC1OC(C(C(C1[*])O)O)OC2C(C(C(OC2CO)O[*])O)O,[*]CC(C#N)[*],[H]Cl,,,1.6127838567197357,10.1007_s10570-012-9754-9_part_2.txt_¶Î1_Material1
[*]CC(C(OCC)=O)[*],[*]CC[*],,,,1.021189299069938,10.1002_app.33957_part_2.txt_¶Î1_Material1
[*]C(C=C1)=CC=C1S[*],OP(O)(O)=O,,,,1.5763413502057928,10.1021_acs.iecr.5b00637_part_2.txt_¶Î1_Material6
OCC1OC(C(C(C1[*])O)O)OC2C(C(C(OC2CO)O[*])O)O,[*]CC(C#N)[*],[H]O[H],,,1.6812412373755872,10.1007_s10570-012-9754-9_part_2.txt_¶Î1_Material2
C[Si](C)(C[*])O[*],[*]CCC(CCCC(CCCC(C[*])C)C)C,,,,1.314077991779213,10.1039_c9sm01952a_part_4.txt_¶Î1_Material4
[*]CC(C1=CC=CC=C1)[*],O=C(O)C1=CC=C([N+]([O-])=O)C=C1,,,,0.8450980400142568,10.1007_s00396-017-4072-2_part_2.txt_¶Î1_Material1
[*]C([H])([H])C(O)([H])[*],OCC1OC(C(C(C1[*])O)O)OC2C(C(C(OC2CO)O[*])O)O,[*]NC(C(N1CCCC1C(NCC(N2CC(CC2C(NC(C(NCC([*])=O)=O)CO)=O)O)=O)=O)=O)CCCCN,,,1.5314789170422551,10.1007_s10965-013-0177-6_part_2.txt_¶Î1_Material1
C=C([CH3])C(=O)O[CH3],O=C([*])CCCCCN[*],,,,1.9671734229555395,10.4047_jap.2013.5.2.153_part_1.txt_¶Î1_Material3
[*]OC1C(C(O)=O)OC(OC2C(NC(C)=O)C([*])OC(CO)C2O)C(O)C1O,OCC1OC(C(C(C1[*])O)O)OC2C(C(C(OC2CO)O[*])O)O,,,,0.8920946026904804,10.1016_j.carbpol.2014.01.062_part_1.txt_¶Î1_Material1
[*]CC[*],O=C(O[Na])COCC(OC(C(C1O)O)[*])C1OC(C(C(C2O[*])O)O)OC2COCC(O[Na])=O,,,,1.292256071356476,10.1007_s10924-016-0880-6_part_2.txt_¶Î1_Material2
O=C(O[Na])COCC(OC(C(C1O)O)[*])C1OC(C(C(C2O[*])O)O)OC2COCC(O[Na])=O,C=CC1=CC=CC=C1,,,,2.0446573332348663,10.1016_j.carbpol.2015.04.051_part_7.txt_¶Î1_Material1
O=C([*])C(C)O[*],NC1=NC2=C(N=CN2C2O[C@H](COP(=O)(O)OP(=O)(O)O)[C@H](O)[C@@H]2O)C(=O)N1,,,,1.7676010680503356,10.1016_j.proeng.2015.08.004_part_1.txt_¶Î1_Material2
O=C(C1=CC=C(C=C1)C(OCC[*])=O)O[*],[Ni],,,,1.1760912590556811,10.3390_ma9080658_part_1.txt_¶Î1_Material1
[*]C([C@H](C)OC([C@H](C)O[*])=O)=O,CC(CO[*])[*],,,,1.3010299956639813,10.1002_app.45299_part_2.txt_¶Î1_Material1
[*]CC(CC=CCC([*])C1=CC=CC=C1)C#N,[*]C(C)C[*],,,,1.4034637013453175,10.14419_ijet.v7i3.34.19334_part_1.txt_¶Î1_Material1
OCC(C(C(C1N)O)O[*])OC1OC2C(OC(C(C2O)N)[*])CO,OC(C(C)(CC(C1=CC=CC=C1)[*])CC(C[*])(C(OCC2CO2)=O)C)=O,,,,1.986323777050765,10.3390_ijms21020632_part_6.txt_¶Î1_Material3
[*]C/C=C/CCC([*])C#N,OCC1OC(C(C(C1[*])O)O)OC2C(C(C(OC2CO)O[*])O)O,,,,0.9294189257142929,10.1177_00952443211017183_part_3.txt_¶Î1_Material1
[*]OC1=C(C([*])=CC=C1C)C,O=C([*])CCCCCN[*],,,,1.8494194137969,10.1002_app.32730_part_1.txt_¶Î1_Material1
OCC(C(C(C1N)O)O[*])OC1OC2C(OC(C(C2O)N)[*])CO,[*]N1C(C2=CC3=C(C=C2C1=O)C(N(C3=O)C4=CC=C(C=C4)OC5=CC=C(C=C5)[*])=O)=O,,,,2.4771212547196626,10.1016_j.progpolymsci.2018.07.006_part_5.txt_¶Î1_Material1
[*]C(C)C[*],[*]CC(C1=CC=C(C=C1)S(O)(=O)=O)[*],,,,1.4281347940287887,10.1016_j.eurpolymj.2009.07.019_part_1.txt_¶Î1_Material3
OCC1OC(C(C(C1[*])O)O)OC2C(C(C(OC2CO)O[*])O)O,O=S(O)(O)=O,[Zn+2],,,2.0791812460476247,10.1007_s10570-014-0297-0_part_3.txt_¶Î1_Material1
[*]C(C(C1O)O)OCC1OC(C(C2O)OC(C)=O)OCC2OC(OCC(C3O)OC4OCC(C(C4O)OC(C)=O)OC5OCC(C(C5OC(C)=O)OC(C)=O)[*])C3OC(C(C(C6OC)O)O)OC6C([O-])=O,,,,,1.7558748556724917,10.1007_s10570-012-9764-7_part_3.txt_¶Î1_Material3
OP(O)(O)=O,O=C(C1=CC=C(C=C1)C(OCC[*])=O)O[*],,,,1.3010299956639813,10.4028_www.scientific.net_kem.798.291_part_1.txt_¶Î1_Material1
[*]CC[*],[*]C(F)(C(F)([*])F)F,,,,1.255272505103306,10.5897_ijps11.1653_part_1.txt_¶Î1_Material1
[*]CC([*])N1CCCC1=O,[*]C([H])([H])C(O)([H])[*],,,,1.2201080880400552,10.1016_j.coco.2020.100371_part_1.txt_¶Î1_Material1
O=C(C1=CC=C(C=C1)C(OCC[*])=O)O[*],[*]CCN[*],,,,1.5563025007672873,10.1007_s40242-019-8227-1_part_2.txt_¶Î1_Material1
OCC1OC(C(C(C1[*])O)O)OC2C(C(C(OC2CO)O[*])O)O,[Si],,,,1.7634279935629371,10.1515_polyeng-2017-0022_part_2.txt_¶Î1_Material3
O=C1OCCO1,O=C([*])C(C)O[*],,,,1.6190933306267428,10.1016_j.polymdegradstab.2019.02.028_part_1.txt_¶Î1_Material1
CC(CO[*])[*],[*]C/C=C/CCC(C/C=C\C[*])C=C,,,,0.8721562727482929,10.1002_app.49414_part_2.txt_¶Î1_Material3
[*]/C=C\CC/C=C\CC(CC([*])C1=CC=CC=C1)C2=CC=CC=C2,,,,,1.505149978319906,10.1002_app.50791_part_1.txt_¶Î1_Material1
OP(O)(O)=O,OCC1OC(OC2C(O)C(O)C(O[*])OC2CO)C(O)C(O)C1[*],,,,1.5378190950732742,10.4028_www.scientific.net_amr.356-360.430_part_1.txt_¶Î1_Material1
[*]OC(C(C1O)O)OC(COC)C1OC(OC(C(C2O)OC3OC(C(C(C3OC)O)OC4OC(C(C(C4OC)O)[*])COC)CO)COC)C2OCC(OC)C,[*]C([H])([H])C(O)([H])[*],,,,1.1818435879447726,10.1007_s10570-015-0624-0_part_3.txt_¶Î1_Material1
[*]C(CCCCCO[*])=O,[*]CC(CC(C#N)[*])C1=CC=CC=C1,,,,1.3117538610557542,10.1016_j.polymer.2019.121984_part_1.txt_¶Î1_Material2
[*]CC(C#N)[*],[*]C(N(CN(C(OCOC(N(CN(C(OCCO[*])=O)[H])[H])=O)=O)[H])[H])=O,[*]CC(C1=CC=CC=C1)[*],,,0.9938769149412112,10.1007_s11581-019-02940-7_part_1.txt_¶Î1_Material1
[*]NC(C(N1CCCC1C(NCC(N2CC(CC2C(NC(C(NCC([*])=O)=O)CO)=O)O)=O)=O)=O)CCCCN,C/C(C[*])=C/C[*],,,,0.6803355134145632,10.17485_ijst_2015_v8i36_54343_part_1.txt_¶Î1_Material1
O=C([*])C(C)O[*],[*]CC(CC[*])O,,,,1.6998377258672457,10.1021_bm301430j_part_2.txt_¶Î1_Material2
C[Si](O[*])(C)[*],[*]OC1C(C(O)=O)OC(OC2C(NC(C)=O)C([*])OC(CO)C2O)C(O)C1O,,,,1.2253092817258628,10.1002_pc.24445_part_1.txt_¶Î1_Material1
[*]C([H])([H])C(O)([H])[*],[*]C(N(CN(C(OCOC(N(CN(C(OCCO[*])=O)[H])[H])=O)=O)[H])[H])=O,,,,1.3010299956639813,10.1007_s10965-016-0970-0_part_2.txt_¶Î1_Material1
[*]CCCC([*])C(OC)=O,[C],,,,0.7881683711411677,10.1002_vnl.21818_part_3.txt_¶Î1_Material3
[*]NC(C(N1CCCC1C(NCC(N2CC(CC2C(NC(C(NCC([*])=O)=O)CO)=O)O)=O)=O)=O)CCCCN,OC1C(C(OC(C1O)OC2C(OC(C(C2O)O)OC3C(C(C(OC3C(OC)=O)OC4C(OC(C(C4O)O)[*])C(O)=O)O)O)C(OC)=O)C(O)=O)O[*],,,,1.1571544399062814,10.1016_j.foodhyd.2020.105688_part_2.txt_¶Î1_Material4
O=[Si]=O,[*]C(C)C[*],,,,1.6020599913279625,10.1016_j.compositesb.2016.01.007_part_3.txt_¶Î1_Material1
[*]C/C=C/CCC([*])C#N,[*]C(N(CN(C(OCOC(N(CN(C(OCCO[*])=O)[H])[H])=O)=O)[H])[H])=O,,,,0.850033257689769,10.3390_ma11112175_part_2.txt_¶Î1_Material2
[*]N1C(C2=CC3=C(C=C2C1=O)C(N(C3=O)C4=CC=C(C=C4)OC5=CC=C(C=C5)[*])=O)=O,O=[Ti]=O,,,,1.921686475483602,10.1002_app.44666_part_2.txt_¶Î1_Material1
[*]CC(CC=CCC([*])C1=CC=CC=C1)C#N,[*]CC(C1=CC=CC=C1)C/C=C/C[*],,,,1.3384564936046048,10.1002_app.47075_part_1.txt_¶Î1_Material1
[*]C(NC1=C(C)C(NC(OCCO[*])=O)=CC=C1)=O,[*]C/C=C(C[*])\Cl,,,,1.1577588860468635,10.1088_1757-899x_736_5_052028_part_3.txt_¶Î1_Material1
[*]C([C@H](C)OC([C@H](C)O[*])=O)=O,[Mg],,,,1.677606952720493,10.5755_j01.ms.24.1.17947_part_1.txt_¶Î1_Material1
C=C([CH3])C(=O)O[CH3],C[Si](O[*])(C)[*],,,,0.7634279935629372,10.4172_2169-0022.1000158_part_1.txt_¶Î1_Material1
O=S(C(C=C1)=CC=C1OC(C=C2)=CC=C2C(C)(C)C(C=C3)=CC=C3O[*])(C4=CC=C([*])C=C4)=O,[*]CCCCOCCCCOCCCCOCCCCO[*],,,,1.1760912590556811,10.1177_0954008315613423_part_2.txt_¶Î1_Material2
[*]C(C)C[*],[*]CC(CC[*])O,,,,1.3979400086720375,10.3390_polym13050705_part_3.txt_¶Î1_Material3
O=C([*])CCCCCCCCCCC(NCCCCCCCCCCN[*])=O,[*]C(NC1=C(C)C(NC(OCCO[*])=O)=CC=C1)=O,,,,1.3979400086720375,10.1080_22243682.2017.1305915_part_3.txt_¶Î1_Material1
[*]CC[*],[*]C(CCCCC([*])S(=O)(Cl)=O)Cl,,,,0.8692317197309762,10.1134_s1070427212120245_part_2.txt_¶Î1_Material1
O=C(CCCCC(N(CCCCCCN([*])[H])[H])=O)[*],[Ag],,,,1.7671558660821804,10.3390_polym12081805_part_3.txt_¶Î1_Material1
O=C(C1=CC=C(C=C1)C(OCC[*])=O)O[*],[*]CCCCOCCCCOCCCCOCCCCO[*],,,,1.0791812460476249,10.1177_0954008315613423_part_2.txt_¶Î1_Material1
O=C([*])C(C)O[*],[*]C(C(OC(CO[*])=O)C)=O,,,,1.7686381012476144,10.1016_j.polymdegradstab.2019.109018_part_2.txt_¶Î1_Material3
OCC1OC(C(C(C1[*])O)O)OC2C(C(C(OC2CO)O[*])O)O,[S],,,,1.625312450961674,10.1007_s10570-020-03593-w_part_2.txt_¶Î1_Material2
O=C(O[*])CCCCCCCCCCN[*],OP(O)(O)=O,,,,1.6989700043360187,10.3390_ma12172833_part_2.txt_¶Î1_Material3
[*]CC(C1=CC=CC=C1)[*],[*]C(CCCCCO[*])=O,,,,1.2624510897304295,10.1590_0370-44672017720137_part_2.txt_¶Î1_Material1
O=C([*])C1=CC=C(C=C1)OC2=CC=C(C=C2)OC3=CC=C(C=C3)[*],[*]C1=CC(C2=NC3=CC(C4=CC=C5N=C([*])NC5=C4)=CC=C3N2)=CC=C1,,,,1.6766936096248666,10.1016_j.memsci.2018.02.039_part_3.txt_¶Î1_Material1
C[Si](C)(C[*])O[*],[*]CCC(CCCCCC)C[*],,,,0.8864907251724818,10.1080_09205063.2020.1856300_part_3.txt_¶Î1_Material2
OP(O)(O)=O,OCC1OC(C(C(C1O)O[*])O)OC2C(C(C(OC2COS(=O)(O)=O)[*])NC(C)=O)O,,,,1.2380461031287957,10.1016_j.polymdegradstab.2020.109272_part_4.txt_¶Î1_Material2
[*]OCCCOC(C1=CC=C(C([*])=O)C=C1)=O,[*][C@H]1[C@H](O)[C@@H](O)[C@H](OC2C(O)C(OC(C)=O)C(O[*])OC2CO)O[C@@H]1CO,[*]C(CCCCCO[*])=O,,,1.602494068807281,10.1002_app.32903_part_2.txt_¶Î1_Material1
[*]C(N(CN(C(OCOC(N(CN(C(OCCO[*])=O)[H])[H])=O)=O)[H])[H])=O,[*]CCCC(C1C([*])C2CC1C/C2=C/C)C,,,,1.740362689494244,10.1007_s13233-014-2077-y_part_1.txt_¶Î1_Material1
OC(C(C1OC2OC(C(C(C2O)O)OC3OC(C(C(C3O)O)O)COC4OC(C(C(C4O)O)OC5OC(C(C(C5O)O)OC6OC(C(C(C6O)O[*])O)C)CO)CO)CO)O[*])COC1CO,O=C(O[Na])COCC(OC(C(C1O)O)[*])C1OC(C(C(C2O[*])O)O)OC2COCC(O[Na])=O,,,,1.8668778143374989,10.1016_j.foodhyd.2012.04.002_part_6.txt_¶Î1_Material5
OCC(C(C(C1N)O)O[*])OC1OC2C(OC(C(C2O)N)[*])CO,[*]C(CCCCCO[*])=O,[*]NC(C(N1CCCC1C(NCC(N2CC(CC2C(NC(C(NCC([*])=O)=O)CO)=O)O)=O)=O)=O)CCCCN,,,0.5797835966168101,10.1016_j.ijbiomac.2017.05.004_part_8.txt_¶Î1_Material4
O=C(C(C[*])[*])N,[*]C1=C(C=CN2)C2=C([*])C(O)=C1O,,,,-0.148741651,10.1016_j.carbpol.2021.117894_part_2.txt_¶Î1_Material1
[*]C/C=C(C[*])\Cl,[*]C(N(CN(C(OCOC(N(CN(C(OCCO[*])=O)[H])[H])=O)=O)[H])[H])=O,,,,1.0689276116820718,10.3390_ma11112175_part_2.txt_¶Î1_Material3
[*]C(CCCCCO[*])=O,[*]N1C(C2=CC3=C(C=C2C1=O)C(N(C3=O)C4=CC=C(C=C4)OC5=CC=C(C=C5)[*])=O)=O,,,,2.060697840353612,10.1039_c5cc03137k_part_2.txt_¶Î1_Material1
[*]CC[*],CC1=CC(C)=C(C(C)=C1)C(P(C2=CC=CC=C2)(C3=CC=CC=C3)=O)=O,,,,1.4337698339248657,10.1016_j.icheatmasstransfer.2011.03.012_part_1.txt_¶Î1_Material2
OCC(C(C(C1N)O)O[*])OC1OC2C(OC(C(C2O)N)[*])CO,[*]C1=CC=C([*])N1,,,,1.3502480183341627,10.1016_j.compositesa.2010.06.014_part_2.txt_¶Î1_Material2
CNC(CNC(CN)=O)=O,[*]NC(C(N1CCCC1C(NCC(N2CC(CC2C(NC(C(NCC([*])=O)=O)CO)=O)O)=O)=O)=O)CCCCN,,,,1.812913356642856,10.3390_polym10111258_part_2.txt_¶Î1_Material1
[*]C([H])([H])C(O)([H])[*],[*]OC1C(C(O)=O)OC(OC2C(NC(C)=O)C([*])OC(CO)C2O)C(O)C1O,[*]OCC[*],,,1.2253092817258628,10.3390_polym9120655_part_2.txt_¶Î1_Material3
OCC(C(C(C1N)O)O[*])OC1OC2C(OC(C(C2O)N)[*])CO,OCC(C(C(C1N)O)O[*])OC1OC2C(OC(C(C2O)N)[*])CO,O=[Ti]=O,,,1.3246939138617746,10.1080_00222348.2021.1889123_part_3.txt_¶Î1_Material1
[*]CC(C1=CC=CC=C1)[*],[*]CC(CC(C=C)([*])C)C1=CC=CC=C1,,,,1.3010299956639813,10.1080_00222340903355693_part_2.txt_¶Î1_Material1
[*]OCCCOC(C1=CC=C(C([*])=O)C=C1)=O,[*]CCC(CCCCCC)C[*],,,,1.4191293077419758,10.1080_00222341003648763_part_2.txt_¶Î1_Material3
C/C(C[*])=C/C[*],[*]C(N(CN(C(OCOC(N(CN(C(OCCO[*])=O)[H])[H])=O)=O)[H])[H])=O,,,,1.04296907339318,10.3390_ma11112175_part_2.txt_¶Î1_Material1
O=C([*])C(C)O[*],[*]O[C@H](C)CC([*])=O,C12=CC3=CC4=CC=CN=C4N=C3N=C1N=C5N=C6N=CC=CC6=CC5=C2,,,1.0791812460476249,10.1007_s10973-019-08218-4_part_1.txt_¶Î1_Material2
OCC1OC(C(C(C1[*])O)O)OC2C(C(C(OC2CO)O[*])O)O,[*]O[C@H](C)CC([*])=O,,,,1.869231719730976,10.1016_j.carbpol.2011.08.038_part_1.txt_¶Î1_Material1
[*]CCCC(C(O)=O)[*],,,,,1.740362689494244,10.1007_s10570-018-1875-3_part_3.txt_¶Î1_Material3
[*]C(C)C[*],[*]CC[*],O=C([*])C(C)O[*],,,1.292256071356476,10.1007_s10924-020-01840-6_part_3.txt_¶Î1_Material1
[*]CC(C#N)[*],OS(C(F)(F)C(F)(F)OC(C(F)(F)O/C(F)=C(F)\F)(C(F)(F)F)F)(=O)=O.F/C(F)=C(F)/F,,,,1.3944516808262162,10.1016_j.polymertesting.2018.09.026_part_6.txt_¶Î1_Material1
[*]OC(C(C1O)O)OC(COC)C1OC(OC(C(C2O)OC3OC(C(C(C3OC)O)OC4OC(C(C(C4OC)O)[*])COC)CO)COC)C2OCC(OC)C,OC[C@@H]([C@H]([C@@H]([C@@H](CO)O)O)O)O,,,,1.331427296520743,10.1590_s0101-20612011000200026_part_1.txt_¶Î1_Material5
[*]C(NC1=C(C)C(NC(OCCO[*])=O)=CC=C1)=O,[*]C([H])([H])C(O)([H])[*],,,,1.64738297011462,10.1016_j.conbuildmat.2018.02.173_part_2.txt_¶Î1_Material1
[*]OCCOC(CC(C([*])=O)C(C1CCCCC1)CC(CC(O)=O)C(OCCO)=O)=O,CC(=O)OC1=C(C)C(C)=C2C(=C1C)CCC(C)(CCCC(C)CCCC(C)CCCC(C)C)O2,,,,1.806179973983887,10.1016_j.polymertesting.2019.106193_part_4.txt_¶Î1_Material1
[*]O[C@H](C)CC([*])=O,OC1=C2C(C3(O)C4C5C6=C7C8C(C9=CC(C(O)=O)=C(C=C(C=C%10C(O)=O)C%11%12)C(C%11=C%13C%14C%15%16C%17(O%16)C%18C%19=C%20C%21=C%22C(C(O)=C%23)=C%24C%25C%21=C%26C%19=C%27C%17=C%28C%14(O)C%12=C%10C=C%28CC%27=CC%26=CC%25=C(C(O)=O)C=C%24)C9=C7C%13(O)C5=C%15C3=C%18C%29%30C%20(O%30)C%31C%22C%23=C%32)=CC(C(O)=O)=CC8=CC6=C(C(O)=O)C4=C2)=C%29C%33=C%31C%32=C(C(O)=O)C=C%331,,,,1.3424226808222062,10.1016_j.polymertesting.2019.106181_part_3.txt_¶Î1_Material2
O=C([*])CCCCCN[*],C[Si](C)(C[*])O[*],,,,1.6180480967120927,10.1080_03602559.2017.1410846_part_2.txt_¶Î1_Material1
[*]OCC[*],[C],,,,1.379305517750582,10.1002_vnl.21818_part_3.txt_¶Î1_Material2
[*]C([H])([H])C(O)([H])[*],[*]OCC[*],[*]OCC[*],,,1.1903316981702914,10.3390_polym9120655_part_2.txt_¶Î1_Material1
[*]CC(C#N)[*],[*]C(CCCCCO[*])=O,,,,0.9689496809813426,10.1007_s10924-013-0592-0_part_1.txt_¶Î1_Material2
[*]CC(C#N)[*],[*]C([H])([H])C(O)([H])[*],C=C([CH3])C(=O)OC([CH3])[CH3],,,1.2041199826559248,10.1002_app.50088_part_2.txt_¶Î1_Material1
OP(O)(O)=O,[*]C(N(CN(C(OCOC(N(CN(C(OCCO[*])=O)[H])[H])=O)=O)[H])[H])=O,,,,1.568201724066995,10.1016_j.proche.2016.03.034_part_1.txt_¶Î1_Material1
[*]CC(C#N)[*],[*]N1C(C2=CC3=C(C=C2C1=O)C(N(C3=O)C4=CC=C(C=C4)OC5=CC=C(C=C5)[*])=O)=O,,,,1.869231719730976,10.1016_j.polymer.2020.122271_part_1.txt_¶Î1_Material1
[*]OCCCOC(C1=CC=C(C([*])=O)C=C1)=O,[*]CC(CCCC(CC)CC([*])C1=CC=CC=C1)C2=CC=CC=C2,,,,1.505149978319906,10.1080_03602559.2010.496426_part_1.txt_¶Î1_Material1
[*]C(CCCCCO[*])=O,[Mg]=O,,,,0.7558748556724915,10.1007_s12033-021-00311-0_part_4.txt_¶Î1_Material4
[*]CC(C#N)[*],[*]OCC[*],[*]CC([*])N1CCCC1=O,,,0.7781512503836436,10.4028_www.scientific.net_msf.789.205_part_1.txt_¶Î1_Material1
[*]OCC[*],[*]C(CCCCCO[*])=O,[*]CC[*],,,1.2671717284030135,10.3390_molecules23081942_part_2.txt_¶Î1_Material1
OCC1OC(C(C(C1[*])O)O)OC2C(C(C(OC2CO)O[*])O)O,[*]OC1C(C(O)=O)OC(OC2C(NC(C)=O)C([*])OC(CO)C2O)C(O)C1O,,,,1.3010299956639813,10.1016_j.colsurfb.2015.11.047_part_2.txt_¶Î1_Material1
FC(F)(C(F)(C(F)(C(F)(C(F)([*])F)F)C(F)(F)F)F)C[*],[*]C(NC1=C(C)C(NC(OCCO[*])=O)=CC=C1)=O,,,,1.3654879848908996,10.1177_147776061202800202_part_4.txt_¶Î1_Material1
O=C([*])C(C)O[*],[Ag],,,,1.745777217889759,10.1016_j.jmbbm.2019.103576_part_4.txt_¶Î1_Material4
OCC(C(C(C1N)O)O[*])OC1OC2C(OC(C(C2O)N)[*])CO,[*]OC1C(C(OC(C1O)OC2C3C(C(OC2CO3)[*])O)CO)O,,,,1,10.1155_2012_285318_part_1.txt_¶Î1_Material1
[*]CC(C#N)[*],[*]C1=CC=C(C=C1)C(N[*])=O,,,,0.9294189257142929,10.1021_ie400636z_part_1.txt_¶Î1_Material1
[*]C([C@H](C)OC([C@H](C)O[*])=O)=O,[*]C(C1=CC=C(C(OCCCCO[*])=O)C=C1)=O,,,,1.5185139398778875,10.1016_j.eurpolymj.2013.06.038_part_2.txt_¶Î1_Material1
O=C(C(C[*])[*])N,O=C(O[Na])COCC(OC(C(C1O)O)[*])C1OC(C(C(C2O[*])O)O)OC2COCC(O[Na])=O,,,,-0.045757491,10.1016_j.carbpol.2019.115051_part_5.txt_¶Î1_Material1
[*]C1C(OC(C(C1O)O)OC2C(OC(C(C2O)O)O[*])CO)CO,O=C(C1=CC=C(C=C1)C(OCC[*])=O)O[*],,,,1.255272505103306,10.1002_pc.21007_part_1.txt_¶Î1_Material1
[*]CC(CCCC(CC)CC([*])C1=CC=CC=C1)C2=CC=CC=C2,[*]C(NC1=C(C)C(NC(OCCO[*])=O)=CC=C1)=O,,,,1.0043213737826426,10.1016_j.polymer.2019.03.035_part_2.txt_¶Î1_Material1
O=C([*])C(C)O[*],[*]CC(C(OCC)=O)[*],,,,1.6020599913279625,10.1002_app.36842_part_1.txt_¶Î1_Material3
[*]CC([*])Cl,O=C([*])C(C)O[*],,,,1.6330642726914992,10.1002_pen.21867_part_1.txt_¶Î1_Material3
[*]CCCC([*])OC(C)=O,[C],,,,1.1516762308470476,10.1002_vnl.21818_part_3.txt_¶Î1_Material4
[*]C(N(CN(C(OCOC(N(CN(C(OCCO[*])=O)[H])[H])=O)=O)[H])[H])=O,O=C(CCCCCCCCCCC(NCCCCCCCCCCCCN[*])=O)[*],,,,1.7634279935629371,10.1002_app.34483_part_2.txt_¶Î1_Material1
[*]C([H])([H])C(O)([H])[*],OCC1OC(C(C(C1O)O[*])O)OC2C(C(C(OC2COS(=O)(O)=O)[*])NC(C)=O)O,,,,1.462397997898956,10.4028_www.scientific.net_amr.175-176.132_part_1.txt_¶Î1_Material1
[*]OC1=C(C([*])=CC=C1C)C,[*]C(C)C[*],,,,1.3483048630481609,10.1080_03602559.2012.671422_part_1.txt_¶Î1_Material2
[*]CC[*],[*]CCCC([*])C(OC)=O,,,,1.3424226808222062,10.1007_s12588-013-9045-9_part_1.txt_¶Î1_Material2
[*]CC(C1=CC=CC=C1)[*],[*]CC(CC=CCC([*])C1=CC=CC=C1)C#N,,,,1.4502491083193612,10.1002_polb.22202_part_2.txt_¶Î1_Material2
[*]NC(C(N1CCCC1C(NCC(N2CC(CC2C(NC(C(NCC([*])=O)=O)CO)=O)O)=O)=O)=O)CCCCN,OCC1O[C@H](C(C([C@@H]1O)O)O)O,,,,1,10.1080_03602559.2010.496422_part_1.txt_¶Î1_Material2
[*]O[C@H](C)CC([*])=O,[Ag+],,,,1.6020599913279625,10.4028_www.scientific.net_msf.879.1921_part_1.txt_¶Î1_Material1
O=C([*])CCCCCCCCCCC(NCCCCCCCCCCN[*])=O,[*]C(C)C[*],,,,1.8948696567452523,10.1002_pi.3148_part_1.txt_¶Î1_Material1
[*]CCCC([*])OC(C)=O,[*]C(C)C[*],,,,1.383815365980431,10.1002_app.47557_part_2.txt_¶Î1_Material1
FC(F)(C(F)(C(F)(C(F)(C(F)([*])F)F)C(F)(F)F)F)C[*],OC1=C2C(C3(O)C4C5C6=C7C8C(C9=CC(C(O)=O)=C(C=C(C=C%10C(O)=O)C%11%12)C(C%11=C%13C%14C%15%16C%17(O%16)C%18C%19=C%20C%21=C%22C(C(O)=C%23)=C%24C%25C%21=C%26C%19=C%27C%17=C%28C%14(O)C%12=C%10C=C%28CC%27=CC%26=CC%25=C(C(O)=O)C=C%24)C9=C7C%13(O)C5=C%15C3=C%18C%29%30C%20(O%30)C%31C%22C%23=C%32)=CC(C(O)=O)=CC8=CC6=C(C(O)=O)C4=C2)=C%29C%33=C%31C%32=C(C(O)=O)C=C%331,,,,1.2787536009528289,10.1002_pc.25061_part_2.txt_¶Î1_Material1
[*]C(NC1=C(C)C(NC(OCCO[*])=O)=CC=C1)=O,[*]C1C(C(C(OC1C(O[Na])=O)OC2C(C(O[Na])=O)OC(O[*])C(O)C2O)O)O,,,,1.0253058652647702,10.3390_polym12122882_part_3.txt_¶Î1_Material1
O=C([*])OC1=CC=C(C=C1)C(C)(C)C2=CC=C(C=C2)O[*],O=C(C1=CC=C(C=C1)C(OCC[*])=O)O[*],,,,1.462397997898956,10.29235_1561-8323-2019-63-1-121-128_OA_part_2.txt_¶Î1_Material1
[*]C(C(OC(CO[*])=O)C)=O,[*]C(NC1=C(C)C(NC(OCCO[*])=O)=CC=C1)=O,,,,1.6580113966571124,10.2478_s11696-013-0438-1_part_1.txt_¶Î1_Material1
[*]NCC(NC(C(ONCC(NC(C(NCC(NC(C([*])=O)C)=O)=O)C)=O)=O)CO)=O,[*]C(C)C[*],,,,1,10.4028_www.scientific.net_amr.796.126_part_2.txt_¶Î1_Material1
[*]C([C@H](C)OC([C@H](C)O[*])=O)=O,[*]C(CCCCCO[*])=O,OCC(C(C(C1N)O)O[*])OC1OC2C(OC(C(C2O)N)[*])CO,,,1.1139433523068367,10.1111_cpr.12588_part_2.txt_¶Î1_Material1
[*]C(CCCCCO[*])=O,CNC(CNC(CN)=O)=O,,,,0.6618126855372612,10.1080_09205063.2019.1710370_part_3.txt_¶Î1_Material1
[*]CC(C1=CC=CC=C1)[*],[C],,,,1.812913356642856,10.1016_j.polymertesting.2021.107132_part_1.txt_¶Î1_Material3
[*]C(C(OC(CO[*])=O)C)=O,OCC(C(C(C1N)O)O[*])OC1OC2C(OC(C(C2O)N)[*])CO,,,,0.8750612633917001,10.1002_jbm.b.33726_part_2.txt_¶Î1_Material1
CC(C=C([*])C=C1C)=C1O[*],O=C(CCCCC(N(CCCCCCN([*])[H])[H])=O)[*],,,,1.7160033436347992,10.1007_s12034-021-02415-4_part_2.txt_¶Î1_Material1
[*]O[C@H](C)CC([*])=O,[*]CC([*])N1CCCC1=O,,,,1.0770043267933502,10.4028_www.scientific.net_amr.1115.296_part_1.txt_¶Î1_Material1
[*]CC(CCCC(CC)CC([*])C1=CC=CC=C1)C2=CC=CC=C2,O=C([*])C(C)O[*],,,,1.5390760987927767,10.1002_app.33412_part_2.txt_¶Î1_Material1
OCC(C(C(C1N)O)O[*])OC1OC2C(OC(C(C2O)N)[*])CO,[*]C1C(OC(C(C1O)O)OC2C(OC(C(C2O)O)O[*])CO)CO,,,,1.1445742076096164,10.1016_j.foodhyd.2014.12.026_part_4.txt_¶Î1_Material1
O=C([*])OC1=CC=C(C=C1)C(C)(C)C2=CC=C(C=C2)O[*],O=C([CH3])[CH3],,,,1.7993405494535817,10.1111_j.1460-2695.2010.01508.x_part_1.txt_¶Î1_Material1
[*]C1C(OC(C(C1O)O)OC2C(OC(C(C2O)O)O[*])CO)CO,[*]OCC[*],,,,1.638589083292717,10.32802_asmscj.2021.571_OA_part_2.txt_¶Î1_Material1
[*]OCC[*],[*]CC([*])Cl,,,,1.1613680022349748,10.1088_1742-6596_908_1_012020_part_1.txt_¶Î1_Material1
[*]CC(CC(C#N)[*])C1=CC=CC=C1,[*]C(C)C[*],,,,1.3979400086720375,10.1186_s13065-018-0447-9_part_2.txt_¶Î1_Material1
[*]CC(C#N)[*],[Ag],,,,0.8536982117761743,10.1007_s00289-022-04311-1_OA_part_3.txt_¶Î1_Material1
[*]C(CCCCC(OCCCCO[*])=O)=O,[*]C(N(CN(C(OCOC(N(CN(C(OCCO[*])=O)[H])[H])=O)=O)[H])[H])=O,,,,1.2741578492636798,10.1016_j.polymer.2018.01.058_part_1.txt_¶Î1_Material1
O=C([*])CCCCCN[*],COC1=CC(/C=C/C=O)=CC(OC2=CC(C(C(OC3=CC=C(C=C3OC)C(C(CO)=O)O)CO)O)=CC=C2OC4=CC(C(C(COC5=CC=C(C=C5)C(C(CO)=O)O)=O)O)=CC=C4O)=C1,,,,1.6127838567197357,10.1002_app.42963_part_2.txt_¶Î1_Material1
[*]C([H])([H])C(O)([H])[*],O=CN(C)C,,,,1.6424645202421213,10.1007_s40204-014-0023-x_part_1.txt_¶Î1_Material1
[*]O[C@H](C)CC([*])=O,O=C([*])C(C)O[*],,,,1.5440680443502757,10.3390_polym12030647_part_1.txt_¶Î1_Material1
[*]C([H])([H])C(O)([H])[*],[*]C1C(OC(C(O)C1O)OC2C(O)C(O)C(OC2C(O[Na])=O)O[*])C(O[Na])=O,,,,1.6989700043360187,10.1007_s10570-013-0124-z_part_2.txt_¶Î1_Material2
C=CC1=CC=CC=C1,[*]C([H])([H])C(O)([H])[*],,,,1.0549958615291417,10.1016_j.carbpol.2021.118448_part_2.txt_¶Î1_Material5
FC(F)([*])C([H])([*])[H],[*]CC(CC(C#N)[*])C1=CC=CC=C1,,,,1.2380461031287957,10.1021_sc500792c_part_3.txt_¶Î1_Material5
[*]CC(C1=CC=CC=C1)[*],[*]C1=C(C=CN2)C2=C([*])C(O)=C1O,,,,1.4329692908744058,10.1002_app.47740_part_2.txt_¶Î1_Material1
[*]C(CCCCCO[*])=O,[*]CC(C1=CC=C(C=C1)S(=O)([O-])=O)[*],,,,1.146128035678238,10.1002_mame.201700463_part_1.txt_¶Î1_Material1
[*]C(NC1=C(C)C(NC(OCCO[*])=O)=CC=C1)=O,C=C(C)C(=O)OCCCC,,,,0.7846172926328754,10.1002_app.34149_part_2.txt_¶Î1_Material1
O=C=NC(C=C1)=CC=C1CC2=CC=C(C=C2)N=C=O,[*]CC[*],,,,1.0718820073061257,10.1002_mame.202000215_part_2.txt_¶Î1_Material2
[*]C(C=C1)=CC=C1S[*],C12=CC3=CC4=CC=CN=C4N=C3N=C1N=C5N=C6N=CC=CC6=CC5=C2,,,,2,10.1080_20550340.2019.1703334_part_3.txt_¶Î1_Material2
[*]C(CCCCCO[*])=O,OP(O)(O)=O,,,,0.290034611362518,10.1002_app.50332_part_2.txt_¶Î1_Material1
[*]C(C)C[*],C=C,,,,1.290034611362518,10.1016_j.addma.2020.101610_part_3.txt_¶Î1_Material2
[*]CC(C#N)[*],C[Si](C)(C[*])O[*],,,,1.0681858617461617,10.1021_acsami.6b09392_part_2.txt_¶Î1_Material1
[*]C1=C(C(C[*])=CC=C1)O,[*]C([H])([H])C(O)([H])[*],,,,1.0773679052841565,10.1002_app.39256_part_1.txt_¶Î1_Material1
[*]C([H])([H])C(O)([H])[*],OC1C(C(OC(C1O)OC2C(OC(C(C2O)O)OC3C(C(C(OC3C(OC)=O)OC4C(OC(C(C4O)O)[*])C(O)=O)O)O)C(OC)=O)C(O)=O)O[*],,,,1.0293837776852095,10.14233_ajchem.2015.19271_part_1.txt_¶Î1_Material3
OCC1OC(C(C(C1[*])O)O)OC2C(C(C(OC2CO)O[*])O)O,CC(NC1C([C@@H](C(O[C@H]1O[*])CO)O[C@@H]2OC([C@H]([C@@H](C2NC(C)=O)O)[*])CO)O)=O,,,,1.9680157139936416,10.1007_s10570-019-02755-9_part_2.txt_¶Î1_Material3
[*]CC[*],[*]CC1C(C(CO)(C[*])CCC1)=O,,,,0.9030899869919436,10.1016_j.jksus.2021.101547_part_2.txt_¶Î1_Material1
O=C(C1=CC=C(C=C1)C(OCC[*])=O)O[*],[*]C1=CC(C2=NC3=CC(C4=CC=C5N=C([*])NC5=C4)=CC=C3N2)=CC=C1,,,,1.4116197059632305,10.1016_j.jiec.2015.03.022_part_1.txt_¶Î1_Material1
O=C([*])OC1=CC=C(C=C1)C(C)(C)C2=CC=C(C=C2)O[*],[Ni],,,,1.8048206787211625,10.1016_j.carbon.2018.02.001_part_2.txt_¶Î1_Material1
C[Si](C)(C[*])O[*],O=CN(C)C,,,,0.1760912590556812,10.1088_2057-1976_aae1cc_part_1.txt_¶Î1_Material1
O=C([*])C(C)O[*],C1OC1C[N+]([CH3])([CH3])[CH3].[Cl-],,,,1.4313637641589874,10.1016_j.ijbiomac.2019.10.246_part_3.txt_¶Î1_Material3
OCC1OC(C(C(C1[*])O)O)OC2C(C(C(OC2CO)O[*])O)O,O=S(C(C=C1)=CC=C1OC(C=C2)=CC=C2C(C)(C)C(C=C3)=CC=C3O[*])(C4=CC=C([*])C=C4)=O,,,,0.8388490907372553,10.1080_10601325.2013.792200_part_2.txt_¶Î1_Material4
O=C([*])C(C)O[*],CCOC(=O)C(O)(CC(=O)OCC)CC(=O)OCC,,,,1.4771212547196624,10.1016_j.ijbiomac.2019.10.246_part_3.txt_¶Î1_Material2
[*]CCC(CCCC(CCCC(C[*])C)C)C,[*]CCC(CCCC(CCCC(C[*])C)C)C,,,,1.5365584425715302,10.1002_app.42040_part_3.txt_¶Î1_Material1
OCC1OC(C(C(C1[*])O)O)OC2C(C(C(OC2CO)O[*])O)O,FC(F)([*])C([H])([*])[H],,,,1.0453229787866574,10.1007_s10570-017-1421-8_part_2.txt_¶Î1_Material3
C=C([CH3])C(=O)O[CH3],O=C(C1=CC=C(C=C1)C(OCC[*])=O)O[*],,,,1.64738297011462,10.1590_0104-1428.1924_part_1.txt_¶Î1_Material1
OCC1OC(C(C(C1[*])O)O)OC2C(C(C(OC2CO)O[*])O)O,O=S(C(C=C1)=CC=C1OC(C=C2)=CC=C2C(C)(C)C(C=C3)=CC=C3O[*])(C4=CC=C([*])C=C4)=O,[*]CC([*])N1CCCC1=O,,,0.5563025007672873,10.2166_wst.2017.122_part_2.txt_¶Î1_Material1
FC(F)([*])C([H])([*])[H],O=C(C1=CC=C2C=C(C=CC2=C1)C([*])=O)OCCO[*],,,,1.545307116465824,10.1177_0954008316632366_part_1.txt_¶Î1_Material1
[*]CC(OC(O[*])=O)C,[*][C@H]1[C@H](O)[C@@H](O)[C@H](OC2C(O)C(OC(C)=O)C(O[*])OC2CO)O[C@@H]1CO,,,,1.4424797690644486,10.1016_j.carbpol.2012.11.058_part_2.txt_¶Î1_Material1
[*]C(NC1=C(C)C(NC(OCCO[*])=O)=CC=C1)=O,[*]C(CCCCCO[*])=O,C[Si](C)(C[*])O[*],,,1.0681858617461617,10.1002_app.46360_part_2.txt_¶Î1_Material1
OP(O)(O)=O,O=C([*])C1=CC=C2C=C(C=CC2=C1)OC(C3=CC=C(C=C3)O[*])=O,,,,1.6989700043360187,10.1002_app.39952_part_2.txt_¶Î1_Material4
C(C)(C1=CC=C(OCC2CO2)C=C1)(C)C1=CC=C(OCC2CO2)C=C1,[*]C1=C(C=CN2)C2=C([*])C(O)=C1O,,,,1.9030899869919435,10.1016_j.polymdegradstab.2019.02.019_part_2.txt_¶Î1_Material1
[*]OCCCOC(C1=CC=C(C([*])=O)C=C1)=O,[*]CC(CC=CCC([*])C1=CC=CC=C1)C#N,,,,1.4563660331290431,10.4028_www.scientific.net_amm.665.348_part_1.txt_¶Î1_Material2
[*]OCCCOC(C1=CC=C(C([*])=O)C=C1)=O,[*]CC(C(OC)=O)(CC(C/C=C/CCC(C1=CC=CC=C1)[*])C#N)C,,,,1.5390760987927767,10.4028_www.scientific.net_amm.665.348_part_1.txt_¶Î1_Material1
[*]C(CCCCCO[*])=O,[Cu],,,,0.5185139398778874,10.1088_1757-899x_1093_1_012004_part_1.txt_¶Î1_Material2
[*]C([H])([H])C(O)([H])[*],CCO[Si](OCC)(OCC)OCC,,,,1.6020599913279625,10.1016_j.seppur.2011.07.020_part_2.txt_¶Î1_Material4
[*]OC1C(C(O)=O)OC(OC2C(NC(C)=O)C([*])OC(CO)C2O)C(O)C1O,[*]O[C@H](C)CC([*])=O,,,,1.6020599913279625,10.1080_10643389.2014.966422_part_1.txt_¶Î1_Material1
O=C([*])CCCCCN[*],[*]CC(CC[*])O,,,,1.6901960800285136,10.1080_03602559.2016.1233280_part_11.txt_¶Î1_Material2
[*]CC(C1=CC=CC=C1)[*],[*]C(CCCCC(OCCCCO[*])=O)=O,,,,1.3617278360175928,10.1515_epoly.2012.12.1.814_part_2.txt_¶Î1_Material6
[*]C([C@H](C)OC([C@H](C)O[*])=O)=O,O=C([*])CCCCCO[*],,,,1.8512583487190752,10.1016_j.eurpolymj.2017.11.040_part_2.txt_¶Î1_Material1
[*]OC(CC(OC(CC([*])=O)CC)=O)C,[*]C1C(OC(C(C1O)O)OC2C(OC(C(C2O)O)O[*])CO)CO,,,,1.5587085705331658,10.1002_app.46153_part_1.txt_¶Î1_Material1
[*]CC(C#N)[*],[Li]Cl,,,,1.7009631781595491,10.1002_pen.21989_part_1.txt_¶Î1_Material1
C[Si](C)(C[*])O[*],C(C)(C1=CC=C(OCC2CO2)C=C1)(C)C1=CC=C(OCC2CO2)C=C1,,,,0.2227164711475832,10.1016_j.reactfunctpolym.2020.104537_part_4.txt_¶Î1_Material1
[*]NCCCCCCCCCCCC([*])=O,[*]C(C1=CC=C(C(OCCCCO[*])=O)C=C1)=O,,,,1.6901960800285136,10.1016_j.procir.2018.08.105_part_1.txt_¶Î1_Material2
[*]NC(C)C(N1CCCC1C([*])=O)=O,[*]OC(C(C1O)O)OC(COC)C1OC(OC(C(C2O)OC3OC(C(C(C3OC)O)OC4OC(C(C(C4OC)O)[*])COC)CO)COC)C2OCC(OC)C,,,,1.7505083948513462,10.1016_j.carbpol.2014.11.057_part_2.txt_¶Î1_Material1
[*]CC(C1=CC=CC=C1)[*],[*]C([H])([H])C(O)([H])[*],,,,1.429752280002408,10.1016_j.jfoodeng.2015.06.003_part_1.txt_¶Î1_Material3
[*]OC(CC(OC(CC([*])=O)CC)=O)C,OP(O)(O)=O,,,,1.209515014542631,10.1002_app.46153_part_1.txt_¶Î1_Material6
[*]CC(C1=CC=CC=C1)[*],[*]CC(CC)([*])C(OCC1=CC=CC=C1)=O,,,,1.4471580313422192,10.1016_j.compscitech.2012.03.006_part_1.txt_¶Î1_Material1
[*]C1=C(C(C[*])=CC=C1)O,[*]C1C(C(C(OC1C(O[Na])=O)OC2C(C(O[Na])=O)OC(O[*])C(O)C2O)O)O,,,,1.1550322287909702,10.1016_j.agwat.2019.05.020_part_2.txt_¶Î1_Material1
[*]OC1C(C(O)=O)OC(OC2C(NC(C)=O)C([*])OC(CO)C2O)C(O)C1O,[*]C(CCCCCO[*])=O,,,,1.2148438480476975,10.1016_j.molstruc.2016.04.020_part_1.txt_¶Î1_Material1
[*]CC[*],O=C([*])C1=CC=C(C=C1)OC2=CC=C(C=C2)OC3=CC=C(C=C3)[*],,,,1.5670263661590604,10.1007_s00170-009-2507-8_part_2.txt_¶Î1_Material2
O=C([*])OC1=CC=C(C=C1)C(C)(C)C2=CC=C(C=C2)O[*],O=C([*])C1=CC=C(C=C1)OC2=CC=C(C=C2)OC3=CC=C(C=C3)[*],,,,1.4183012913197457,10.1007_s00170-009-2507-8_part_2.txt_¶Î1_Material4
[*]C(NC1=C(C)C(NC(OCCO[*])=O)=CC=C1)=O,CC(CO[*])[*],,,,1.3159703454569178,10.1002_app.47429_part_1.txt_¶Î1_Material2
[*]C(NC1=C(C)C(NC(OCCO[*])=O)=CC=C1)=O,CCCCCCC1=C(SC([*])=C1)[*],,,,1.1271047983648077,10.1016_j.jiec.2017.03.036_part_18.txt_¶Î1_Material2
[*]C(NC1=C(C)C(NC(OCCO[*])=O)=CC=C1)=O,[*]CCC(CCCC(CCCC(C[*])C)C)C,C[Si](C)(C[*])O[*],,,1.2671717284030135,10.1007_s00339-010-6034-0_part_1.txt_¶Î1_Material1
[*]OC(C(C1O)O)OC(COC)C1OC(OC(C(C2O)OC3OC(C(C(C3OC)O)OC4OC(C(C(C4OC)O)[*])COC)CO)COC)C2OCC(OC)C,[*]OCC[*],,,,0.9030899869919436,10.1080_10942912.2016.1219369_part_4.txt_¶Î1_Material1
O=C([*])C(C)O[*],[*]OCCCOC(C1=CC=C(C([*])=O)C=C1)=O,,,,1.790988475088816,10.1002_mame.201900323_part_1.txt_¶Î1_Material1
OP(O)(O)=O,[*][C@H]1[C@H](O)[C@@H](O)[C@H](OC2C(O)C(OC(C)=O)C(O[*])OC2CO)O[C@@H]1CO,,,,1.5440680443502757,10.1016_j.polymdegradstab.2010.01.006_part_1.txt_¶Î1_Material1
[*]CC(C(OC)=O)(CC(C/C=C/CCC(C1=CC=CC=C1)[*])C#N)C,[*]CC(CC(C#N)[*])C1=CC=CC=C1,,,,1.7634279935629371,10.1177_0892705711423953_part_3.txt_¶Î1_Material1
O=C(O[*])CCCCCCCCCCN[*],[*]CC([*])Cl,,,,1.6989700043360187,10.1016_j.polymer.2019.121667_part_2.txt_¶Î1_Material2
C/C(C[*])=C/C[*],[Si],,,,1.089905111439398,10.4028_www.scientific.net_kem.803.361_part_1.txt_¶Î1_Material2
[*]C(CCCCCO[*])=O,[*]CC([*])Cl,,,,1.380211241711606,10.1016_j.polymer.2016.09.079_part_3.txt_¶Î1_Material1
O=C([*])C(C)O[*],[*]OCC1C(C(C(CC1CO)COCC2C(C(C(CC2CO)C[*])O)COCC3C(C(C(C(O3)CO)O)O)COCC4C(C(C(C(O4)C(O)=O)COCC5C(C(C(C(O5)C(O)=O)O)O)O)O)O)O)O,,,,1.3979400086720375,10.1007_s11104-019-04033-w_part_1.txt_¶Î1_Material1
O=C(CCCCC(N(CCCCCCN([*])[H])[H])=O)[*],O=C([*])C1=CC=C2C=C(C=CC2=C1)OC(C3=CC=C(C=C3)O[*])=O,,,,1.7824726241662865,10.1080_00222348.2012.754704_part_1.txt_¶Î1_Material1
[*]CC(OC(O[*])=O)C,[*]CC(C1=CC=CC=C1)C/C=C/C[*],,,,1.3010299956639813,10.1080_03602559.2011.551972_part_2.txt_¶Î1_Material1
OCC(C(C(C1N)O)O[*])OC1OC2C(OC(C(C2O)N)[*])CO,FC(F)([*])C([H])([*])[H],,,,1.714329759745233,10.3390_ijms21020632_part_6.txt_¶Î1_Material2
OCC1OC(C(C(C1O)O[*])O)OC2C(C(C(OC2COS(=O)(O)=O)[*])NC(C)=O)O,,,,,0.7558748556724915,10.1007_s11356-020-10491-y_part_2.txt_¶Î1_Material2
C/C(C[*])=C/C[*],CCCCCCCCCCCCCCCC[N+](C)(C)C.[Br-],,,,1.5786392099680724,10.1002_pi.5361_part_3.txt_¶Î1_Material2
[*]C(N(CN(C(OCOC(N(CN(C(OCCO[*])=O)[H])[H])=O)=O)[H])[H])=O,[*]CC(C#N)[*],,,,1.1812717715594616,10.1007_s10853-020-04834-w_part_2.txt_¶Î1_Material1
C[Si](O[*])(C)[*],[*]CC[*],,,,1.3979400086720375,10.1002_app.46192_part_2.txt_¶Î1_Material1
[*]C/C=C/C[*],[*]C(C=C1)=CC=C1S[*],,,,1.845098040014257,10.1016_j.eurpolymj.2015.12.012_part_7.txt_¶Î1_Material2
C/C(C[*])=C/C[*],[*]NC(C(N1CCCC1C(NCC(N2CC(CC2C(NC(C(NCC([*])=O)=O)CO)=O)O)=O)=O)=O)CCCCN,,,,1.14921911265538,10.4028_www.scientific.net_kem.803.361_part_1.txt_¶Î1_Material3
[*]C(NC1=C(C)C(NC(OCCO[*])=O)=CC=C1)=O,[*]CC(OC(O[*])=O)C,,,,1.8325089127062364,10.3390_ma14133497_part_4.txt_¶Î1_Material2
C=C([CH3])C(=O)O[CH3],O=C([*])C1=CC=C(C=C1)OC2=CC=C(C=C2)OC3=CC=C(C=C3)[*],,,,2,10.1007_s42247-022-00392-w_OA_part_1.txt_¶Î1_Material1
OP(O)(O)=O,[*]CC([*])N1CCCC1=O,,,,1.292256071356476,10.1016_j.cherd.2020.10.033_part_7.txt_¶Î1_Material9
[*]CC([*])Cl,[*]CC(C1=CC=CC=C1)[*],,,,1.1643528557844371,10.1016_j.cej.2016.03.060_part_2.txt_¶Î1_Material3
[Mg],[*]C(C)C[*],,,,1.3521825181113625,10.1007_s12613-019-1784-y_part_1.txt_¶Î1_Material1
[*]NC(C(O)=O)CCC([*])=O,O=C([*])C(C)O[*],,,,1.9170326221623928,10.3390_polym13010029_part_2.txt_¶Î1_Material1
[*]CCC(CCCC(CCCC(C[*])C)C)C,OCC1OC(C(C(C1[*])O)O)OC2C(C(C(OC2CO)O[*])O)O,,,,1.968482948553935,10.1016_j.compscitech.2015.07.004_part_4.txt_¶Î1_Material2
C=C([CH3])C(=O)O[CH3],[*]CC(CC(C#N)[*])C1=CC=CC=C1,,,,1.6989700043360187,10.1021_acs.macromol.9b02587_part_1.txt_¶Î1_Material1
[*]C(C)C[*],[*]C1C(OC(C(O)C1O)OC2C(O)C(O)C(OC2C(O[Na])=O)O[*])C(O[Na])=O,,,,1.5289167002776547,10.1007_s10570-020-03635-3_part_3.txt_¶Î1_Material4
[*]C(C=C1)=CC=C1S[*],O=C([*])C(C)O[*],,,,1.0277572046905534,10.1016_j.eurpolymj.2020.109588_part_2.txt_¶Î1_Material2
[*]CC[*],[*]CC([*])N1CCCC1=O,,,,0.6989700043360189,10.1021_acs.iecr.5b00432_part_4.txt_¶Î1_Material1
[*]NC(C(N1CCCC1C(NCC(N2CC(CC2C(NC(C(NCC([*])=O)=O)CO)=O)O)=O)=O)=O)CCCCN,C[Si](O[*])(C)[*],,,,1.0334237554869496,10.1016_j.matdes.2018.08.017_part_4.txt_¶Î1_Material1
[*][C@H](O[C@@H]1CO)[C@@H](O)[C@@H](O)[C@@H]1O[C@@H]2O[C@@H]([C@@H](O[*])[C@H](O)[C@@H]2O)CO[C@H]3O[C@H](CO)[C@H](O)[C@H](O)[C@H]3O,,,,,1.04296907339318,10.1016_j.ijbiomac.2020.07.061_part_3.txt_¶Î1_Material1
[*]NCC(NC(C(ONCC(NC(C(NCC(NC(C([*])=O)C)=O)=O)C)=O)=O)CO)=O,[*]CC[*],,,,1.3979400086720375,10.1016_j.tibtech.2018.04.004_part_3.txt_¶Î1_Material6
O=C(O[*])CCCCCCCCCCN[*],[*]CC(C1=CC=CC=C1)[*],,,,1.6989700043360187,10.1016_j.polymer.2019.121667_part_2.txt_¶Î1_Material3
OCC1OC(C(C(C1[*])O)O)OC2C(C(C(OC2CO)O[*])O)O,[*]CC(O)COC1=CC=C(C(C)(C2=CC=C(O[*])C=C2)C)C=C1,,,,1.6989700043360187,10.1007_s00226-020-01211-3_part_1.txt_¶Î1_Material2
CC(NC(C([*])C)=O)C(NC(C)C(NC(C)C(N[*])=O)=O)=O,[*]CC([*])Cl,,,,1.1861083798132053,10.1016_j.polymertesting.2017.07.028_part_2.txt_¶Î1_Material1
OCC(C(C(C1N)O)O[*])OC1OC2C(OC(C(C2O)N)[*])CO,O=C1OCCO1,,,,1.845098040014257,10.1016_j.ijbiomac.2018.07.027_part_4.txt_¶Î1_Material1
[*]CC([*])Cl,[*]C1=CC(C2=NC3=CC(C4=CC=C5N=C([*])NC5=C4)=CC=C3N2)=CC=C1,,,,1.6794278966121188,10.1002_app.49693_part_2.txt_¶Î1_Material2
OCC(C(C(C1N)O)O[*])OC1OC2C(OC(C(C2O)N)[*])CO,[*]CC([*])Cl,,,,1.2380461031287957,10.1016_j.polymertesting.2017.07.028_part_2.txt_¶Î1_Material4
[*]NCC(NC(C(ONCC(NC(C(NCC(NC(C([*])=O)C)=O)=O)C)=O)=O)CO)=O,O=C([*])OC1=CC=C(C=C1)C(C)(C)C2=CC=C(C=C2)O[*],,,,1.3979400086720375,10.1016_j.tibtech.2018.04.004_part_3.txt_¶Î1_Material10
[*]CC(CC)([*])C(OCC1=CC=CC=C1)=O,,,,,1.5550944485783191,10.1002_adv.21837_part_2.txt_¶Î1_Material1
O=C(CCCCCCCCCCC(NCCCCCCCCCCN[*])=O)[*],,,,,1.6310376965367404,10.1108_rpj-09-2018-0258_part_1.txt_¶Î1_Material1
CC(NC(C([*])C)=O)C(NC(C)C(NC(C)C(N[*])=O)=O)=O,[*]OC1C(O)C(O)C(OC2C(CO)OC([*])C(O)C2O)OC1CO,,,,1.582063362911709,10.1007_s10570-018-2126-3_part_2.txt_¶Î1_Material2
OCC(C(C(C1N)O)O[*])OC1OC2C(OC(C(C2O)N)[*])CO,O=C([*])OC1=CC=C(C=C1)C(C)(C)C2=CC=C(C=C2)O[*],,,,1.6816029987308685,10.1007_s00289-021-03667-0_part_3.txt_¶Î1_Material2
[*]CC(C#N)[*],[*]CC([*])N1CCCC1=O,,,,0.5599066250361125,10.3390_polym12102378_part_2.txt_¶Î1_Material1
[*]C(C)C[*],[*]CC(C1=CC=CC=C1)C/C=C/C[*],,,,1.2895889525425968,10.1016_j.commatsci.2015.09.053_part_1.txt_¶Î1_Material6
[*]C(NC1=C(C)C(NC(OCCO[*])=O)=CC=C1)=O,O=C([*])CCCCCCCCCCC(NCCCCCCN[*])=O,,,,1.568201724066995,10.1080_1023666x.2017.1312746_part_3.txt_¶Î1_Material1
[*]C(C)C[*],[*]C([C@H](C)OC([C@H](C)O[*])=O)=O,,,,1.4913616938342726,10.1080_10889868.2018.1516620_part_2.txt_¶Î1_Material1
[*][C@H]1[C@H](O)[C@@H](O)[C@H](OC2C(O)C(OC(C)=O)C(O[*])OC2CO)O[C@@H]1CO,OP(O)(O)=O,,,,1.3424226808222062,10.1007_s10965-016-1165-4_part_2.txt_¶Î1_Material1
CC(C=C([*])C=C1C)=C1O[*],,,,,1.568201724066995,10.1039_c3py00005b_part_1.txt_¶Î1_Material9
O=C([*])C(C)O[*],[*]C1=C2C(OCCO2)=C([*])S1,,,,1.6720978579357175,10.1002_adem.202100002_part_1.txt_¶Î1_Material1
[*]CC([*])N1CCCC1=O,O=C(C1=CC=C(C=C1)C(OCC[*])=O)O[*],,,,1.1038037209559568,10.1016_j.jcis.2019.06.020_part_4.txt_¶Î1_Material1
FC(F)([*])C([H])([*])[H],OP(O)(O)=O,,,,1.7966437037851164,10.1016_j.polymdegradstab.2019.109058_part_3.txt_¶Î1_Material1
O=C([*])C(C)O[*],COC(C(C[*])([*])C)=O,[*]C(CCCCC(OCCCCO[*])=O)=O,,,1.4913616938342726,10.1002_adv.21632_part_2.txt_¶Î1_Material1
O=C([*])C(C)O[*],[*]OCC[*],[*]C1C(C(C(OC1C(O[Na])=O)OC2C(C(O[Na])=O)OC(O[*])C(O)C2O)O)O,,,1.4913616938342726,10.1002_app.51300_part_2.txt_¶Î1_Material1
O=C([*])C(C)O[*],[Zn]=O,[*]OC1C(C(O)=O)OC(OC2C(NC(C)=O)C([*])OC(CO)C2O)C(O)C1O,[Zn]=O,,1.7944880466591695,10.1002_fam.2274_part_1.txt_¶Î1_Material1
O=C([*])C(C)O[*],O=C([*])C(C)O[*],[Ag],[Cu]=O,,1.9847972570892929,10.1002_mame.202000244_part_2.txt_¶Î1_Material2
O=C([*])C(C)O[*],OCC1OC(C(C(C1[*])O)O)OC2C(C(C(OC2CO)O[*])O)O,[*]C(C)C[*],CC1=CC=C(C=C1N=C=O)N=C=O,OCC(C(C(C1N)O)O[*])OC1OC2C(OC(C(C2O)N)[*])CO,1.4116197059632305,10.1002_pat.3506_part_1.txt_¶Î1_Material1
O=C([*])C(C)O[*],OCC1OC(C(C(C1[*])O)O)OC2C(C(C(OC2CO)O[*])O)O,[*]C(C)C[*],OCC(C(C(C1N)O)O[*])OC1OC2C(OC(C(C2O)N)[*])CO,,1.434568904034199,10.1002_pat.3506_part_1.txt_¶Î1_Material2
O=C([*])C(C)O[*],OCC1OC(C(C(C1[*])O)O)OC2C(C(C(OC2CO)O[*])O)O,[*]C(C)C[*],CC1=CC=C(C=C1N=C=O)N=C=O,,1.404833716619938,10.1002_pat.3506_part_1.txt_¶Î1_Material3
O=C([*])C(C)O[*],[*]C/C=C(C[*])\Cl,,,,1.4899584794248346,10.1002_pat.4274_part_1.txt_¶Î1_Material1
O=C([*])C(C)O[*],[H][O-],OCC1OC(C(C(C1[*])O)O)OC2C(C(C(OC2CO)O[*])O)O,[*]CC(C1=CC=CC=C1)[*],,1.57978359661681,10.1002_pc.21165_part_1.txt_¶Î1_Material1
O=C([*])C(C)O[*],[H][O-],[*]CC(C1=CC=CC=C1)[*],,,1.1646502159342969,10.1002_pc.21165_part_2.txt_¶Î1_Material1
O=C([*])C(C)O[*],[*]C1C(OC(C(C1O)O)OC2C(OC(C(C2O)O)O[*])CO)CO,[*]C1C(OC(C(C1O)O)OC2C(OC(C(C2O)O)O[*])CO)CO,[*]C1C(OC(C(C1O)O)OC2C(OC(C(C2O)O)O[*])CO)CO,,1.5083950331330531,10.1002_pc.21241_part_1.txt_¶Î1_Material1
O=C([*])C(C)O[*],OC1=C2C(C3(O)C4C5C6=C7C8C(C9=CC(C(O)=O)=C(C=C(C=C%10C(O)=O)C%11%12)C(C%11=C%13C%14C%15%16C%17(O%16)C%18C%19=C%20C%21=C%22C(C(O)=C%23)=C%24C%25C%21=C%26C%19=C%27C%17=C%28C%14(O)C%12=C%10C=C%28CC%27=CC%26=CC%25=C(C(O)=O)C=C%24)C9=C7C%13(O)C5=C%15C3=C%18C%29%30C%20(O%30)C%31C%22C%23=C%32)=CC(C(O)=O)=CC8=CC6=C(C(O)=O)C4=C2)=C%29C%33=C%31C%32=C(C(O)=O)C=C%331,OCC1OC(C(C(C1[*])O)O)OC2C(C(C(OC2CO)O[*])O)O,,,1.505149978319906,10.1002_pc.23809_part_1.txt_¶Î1_Material1
O=C([*])C(C)O[*],[H][O-],[H]OO[H],,,1.1903316981702914,10.1002_pc.24041_part_1.txt_¶Î1_Material1
O=C([*])C(C)O[*],[*]OC1OC(CO)C(OC2C(O)C(O)C([*])C(CO)O2)C(O)C1O,[*]C1C(C(C(OC1C(O[Na])=O)OC2C(C(O[Na])=O)OC(O[*])C(O)C2O)O)O,[*]NCC(NC(C(ONCC(NC(C(NCC(NC(C([*])=O)C)=O)=O)C)=O)=O)CO)=O,,1.3010299956639813,10.1002_pc.24041_part_3.txt_¶Î1_Material1
O=C([*])C(C)O[*],[*]C1C(C(C(OC1C(O[Na])=O)OC2C(C(O[Na])=O)OC(O[*])C(O)C2O)O)O,[*]C/C=C(C[*])\Cl,,,1.6812412373755872,10.1002_pc.24122_part_1.txt_¶Î1_Material1
O=C([*])C(C)O[*],OC1=C2C(C3(O)C4C5C6=C7C8C(C9=CC(C(O)=O)=C(C=C(C=C%10C(O)=O)C%11%12)C(C%11=C%13C%14C%15%16C%17(O%16)C%18C%19=C%20C%21=C%22C(C(O)=C%23)=C%24C%25C%21=C%26C%19=C%27C%17=C%28C%14(O)C%12=C%10C=C%28CC%27=CC%26=CC%25=C(C(O)=O)C=C%24)C9=C7C%13(O)C5=C%15C3=C%18C%29%30C%20(O%30)C%31C%22C%23=C%32)=CC(C(O)=O)=CC8=CC6=C(C(O)=O)C4=C2)=C%29C%33=C%31C%32=C(C(O)=O)C=C%331,[*]OC1C(C(O)=O)OC(OC2C(NC(C)=O)C([*])OC(CO)C2O)C(O)C1O,,,1.4548448600085102,10.1002_pen.24711_part_1.txt_¶Î1_Material1
O=C([*])C(C)O[*],OCC1OC(C(C(C1[*])O)O)OC2C(C(C(OC2CO)O[*])O)O,OC1=C2C(C3(O)C4C5C6=C7C8C(C9=CC(C(O)=O)=C(C=C(C=C%10C(O)=O)C%11%12)C(C%11=C%13C%14C%15%16C%17(O%16)C%18C%19=C%20C%21=C%22C(C(O)=C%23)=C%24C%25C%21=C%26C%19=C%27C%17=C%28C%14(O)C%12=C%10C=C%28CC%27=CC%26=CC%25=C(C(O)=O)C=C%24)C9=C7C%13(O)C5=C%15C3=C%18C%29%30C%20(O%30)C%31C%22C%23=C%32)=CC(C(O)=O)=CC8=CC6=C(C(O)=O)C4=C2)=C%29C%33=C%31C%32=C(C(O)=O)C=C%331,C1OC1C[N+]([CH3])([CH3])[CH3].[Cl-],,1.845098040014257,10.1002_pen.25560_part_2.txt_¶Î1_Material1
O=C([*])C(C)O[*],O=C([*])C(C)O[*],C1OC1C[N+]([CH3])([CH3])[CH3].[Cl-],,,1.6263403673750425,10.1002_pen.25560_part_3.txt_¶Î1_Material1
O=C([*])C(C)O[*],[*]C(CCCCCO[*])=O,O=C([*])OC1=CC=C(C=C1)C(C)(C)C2=CC=C(C=C2)O[*],,,1.505149978319906,10.1002_polb.23237_part_1.txt_¶Î1_Material1
O=C([*])C(C)O[*],[*]CCC(CCCC(CCCC(C[*])C)C)C,[*]C(C)C[*],OCC1OC(C(C(C1[*])O)O)OC2C(C(C(OC2CO)O[*])O)O,,1.9005855866499608,10.1007_s00170-018-1953-6_part_1.txt_¶Î1_Material1
O=C([*])C(C)O[*],[*]C1C(C(C(OC1C(O[Na])=O)OC2C(C(O[Na])=O)OC(O[*])C(O)C2O)O)O,,,,2.0215613920373547,10.1007_s10924-020-01677-z_part_2.txt_¶Î1_Material2
O=C([*])C(C)O[*],O=C([*])C(C)O[*],[*]OCC[*],,,1.8896937914441847,10.1007_s10965-018-1600-9_part_2.txt_¶Î1_Material1
O=C([*])C(C)O[*],[*]C(CCCCCO[*])=O,[*]C(CCCCCO[*])=O,,,1.9031985470429784,10.1007_s10965-021-02439-8_part_1.txt_¶Î1_Material1
O=C([*])C(C)O[*],[*]CCC(CCCC(CCCC(C[*])C)C)C,,,,1.255272505103306,10.1007_s11164-012-0994-y_part_1.txt_¶Î1_Material1
O=C([*])C(C)O[*],[*]CC[*],[*]OC1C(C(O)=O)OC(OC2C(NC(C)=O)C([*])OC(CO)C2O)C(O)C1O,OCC(C(C(C1N)O)O[*])OC1OC2C(OC(C(C2O)N)[*])CO,,1.5550944485783191,10.1007_s11771-021-4721-y_part_1.txt_¶Î1_Material1
O=C([*])C(C)O[*],O=[Si]=O,OCC1OC(C(C(C1[*])O)O)OC2C(C(C(OC2CO)O[*])O)O,,,1.4999618655961902,10.1007_s11998-017-0005-8_part_2.txt_¶Î1_Material1
O=C([*])C(C)O[*],O=[Si]=O,[*]CC(COC1=CC=C(C=C1)C(C)(C)C2=CC=C(C=C2)O[*])O,,,2.247973266361807,10.1007_s12221-017-7123-x_part_1.txt_¶Î1_Material2
O=C([*])C(C)O[*],[*]CC([*])Cl,[Fe]12O[Fe]O[Fe](O2)O1,,,1.729083757043612,10.1007_s40430-020-2251-4_part_1.txt_¶Î1_Material1
O=C([*])C(C)O[*],OC1=C2C(C3(O)C4C5C6=C7C8C(C9=CC(C(O)=O)=C(C=C(C=C%10C(O)=O)C%11%12)C(C%11=C%13C%14C%15%16C%17(O%16)C%18C%19=C%20C%21=C%22C(C(O)=C%23)=C%24C%25C%21=C%26C%19=C%27C%17=C%28C%14(O)C%12=C%10C=C%28CC%27=CC%26=CC%25=C(C(O)=O)C=C%24)C9=C7C%13(O)C5=C%15C3=C%18C%29%30C%20(O%30)C%31C%22C%23=C%32)=CC(C(O)=O)=CC8=CC6=C(C(O)=O)C4=C2)=C%29C%33=C%31C%32=C(C(O)=O)C=C%331,[*]O[C@@]([H])(C)C(O[C@](C)([H])C([*])=O)=O,,,1.3010299956639813,10.1016_j.addr.2015.12.025_part_7.txt_¶Î1_Material1
O=C([*])C(C)O[*],OCC1OC(C(C(C1[*])O)O)OC2C(C(C(OC2CO)O[*])O)O,[*]NC(C(N1CCCC1C(NCC(N2CC(CC2C(NC(C(NCC([*])=O)=O)CO)=O)O)=O)=O)=O)CCCCN,NC1=NC(N)=NC(N)=N1,,1.6020599913279625,10.1016_j.addr.2016.04.003_part_5.txt_¶Î1_Material1
O=C([*])C(C)O[*],O=[Mg].O=[Si]=O.O=[Si]=O.O=[Si]=O.O=[Si]=O.O=[Mg].O=[Mg].O,[*]C1=CC=C(C=C1)C(N[*])=O,[*]OCC[*],[*]C1=NC2=CC3=C(C=C2O1)OC(C4=CC=C(C=C4)[*])=N3,1.4771212547196624,10.1016_j.addr.2016.06.012_part_4.txt_¶Î1_Material1
O=C([*])C(C)O[*],[*]C1=C(C=CN2)C2=C([*])C(O)=C1O,,,,1.546542663478131,10.1016_j.apsusc.2018.01.257_part_2.txt_¶Î1_Material1
O=C([*])C(C)O[*],C=C(C(OCC1CO1)=O)C,O=C(O[*])CCCCCCCCCCN[*],,,1.6020599913279625,10.1016_j.apsusc.2020.146657_part_2.txt_¶Î1_Material1
O=C([*])C(C)O[*],C=C(C(OCC1CO1)=O)C,C[N+](CCO)(CCO)[3H],,,1.4845845292828428,10.1016_j.biortech.2010.05.075_part_1.txt_¶Î1_Material1
O=C([*])C(C)O[*],C/C(C[*])=C/C[*],OCC1OC(C(C(C1[*])O)O)OC2C(C(C(OC2CO)O[*])O)O,OC1=C2C(C3(O)C4C5C6=C7C8C(C9=CC(C(O)=O)=C(C=C(C=C%10C(O)=O)C%11%12)C(C%11=C%13C%14C%15%16C%17(O%16)C%18C%19=C%20C%21=C%22C(C(O)=C%23)=C%24C%25C%21=C%26C%19=C%27C%17=C%28C%14(O)C%12=C%10C=C%28CC%27=CC%26=CC%25=C(C(O)=O)C=C%24)C9=C7C%13(O)C5=C%15C3=C%18C%29%30C%20(O%30)C%31C%22C%23=C%32)=CC(C(O)=O)=CC8=CC6=C(C(O)=O)C4=C2)=C%29C%33=C%31C%32=C(C(O)=O)C=C%331,[*]NC(C(N1CCCC1C(NCC(N2CC(CC2C(NC(C(NCC([*])=O)=O)CO)=O)O)=O)=O)=O)CCCCN,0.9731278535996988,10.1016_j.carbpol.2019.115618_part_2.txt_¶Î1_Material1
O=C([*])C(C)O[*],OCC(C(C(C1N)O)O[*])OC1OC2C(OC(C(C2O)N)[*])CO,OC1=C2C(C3(O)C4C5C6=C7C8C(C9=CC(C(O)=O)=C(C=C(C=C%10C(O)=O)C%11%12)C(C%11=C%13C%14C%15%16C%17(O%16)C%18C%19=C%20C%21=C%22C(C(O)=C%23)=C%24C%25C%21=C%26C%19=C%27C%17=C%28C%14(O)C%12=C%10C=C%28CC%27=CC%26=CC%25=C(C(O)=O)C=C%24)C9=C7C%13(O)C5=C%15C3=C%18C%29%30C%20(O%30)C%31C%22C%23=C%32)=CC(C(O)=O)=CC8=CC6=C(C(O)=O)C4=C2)=C%29C%33=C%31C%32=C(C(O)=O)C=C%331,,,1.9648722086377752,10.1016_j.colsurfa.2021.127151_part_3.txt_¶Î1_Material1
O=C([*])C(C)O[*],CC(NC(C([*])C)=O)C(NC(C)C(NC(C)C(N[*])=O)=O)=O,OCC(C(C(C1N)O)O[*])OC1OC2C(OC(C(C2O)N)[*])CO,CC(NC(C([*])C)=O)C(NC(C)C(NC(C)C(N[*])=O)=O)=O,OCC1OC(C(C(C1[*])O)O)OC2C(C(C(OC2CO)O[*])O)O,1.4771212547196624,10.1016_j.compositesa.2015.03.001_part_1.txt_¶Î1_Material1
O=C([*])C(C)O[*],OCC1OC(C(C(C1[*])O)O)OC2C(C(C(OC2CO)O[*])O)O,OCC1OC(C(C(C1[*])O)O)OC2C(C(C(OC2CO)O[*])O)O,[*]OC1OC(CO)C(OC2C(O)C(O)C([*])C(CO)O2)C(O)C1O,,1.9410142437055693,10.1016_j.compscitech.2010.06.005_part_1.txt_¶Î1_Material1
O=C([*])C(C)O[*],FC(F)([*])C([H])([*])[H],,,,1.57978359661681,10.1016_j.compstruct.2021.114063_part_1.txt_¶Î1_Material1
O=C([*])C(C)O[*],CC(NC1C([C@@H](C(O[C@H]1O[*])CO)O[C@@H]2OC([C@H]([C@@H](C2NC(C)=O)O)[*])CO)O)=O,O=P([O-])([O-])[O-].[Ca+2].[Ca+2].[OH-],,,1.8864907251724816,10.1016_j.ijbiomac.2019.10.168_part_4.txt_¶Î1_Material1
O=C([*])C(C)O[*],[H][O-],[*]CC[*],,,1.756636108245848,10.1016_j.indcrop.2020.112523_part_1.txt_¶Î1_Material1
O=C([*])C(C)O[*],O=[Ti]=O,[*]OCC[*],,,1.6989700043360187,10.1016_j.jcis.2020.08.034_part_4.txt_¶Î1_Material1
O=C([*])C(C)O[*],[*]NC(C)C(N1CCCC1C([*])=O)=O,CC[C@H](C)[C@H](NC(=O)[C@H](CC(C)C)NC(C)=O)C(=O)NCC(=O)N[C@H](C(=O)N1CCC[C@H]1C(=O)NC)C(C)C,[*]NC(C(N1CCCC1C(NCC(N2CC(CC2C(NC(C(NCC([*])=O)=O)CO)=O)O)=O)=O)=O)CCCCN,,1.0413926851582251,10.1016_j.jmbbm.2016.04.011_part_2.txt_¶Î1_Material1
O=C([*])C(C)O[*],O=[Ti]=O,OCC1OC(C(C(C1[*])O)O)OC2C(C(C(OC2CO)O[*])O)O,[Fe]12O[Fe]O[Fe](O2)O1,OC1=C2C(C3(O)C4C5C6=C7C8C(C9=CC(C(O)=O)=C(C=C(C=C%10C(O)=O)C%11%12)C(C%11=C%13C%14C%15%16C%17(O%16)C%18C%19=C%20C%21=C%22C(C(O)=C%23)=C%24C%25C%21=C%26C%19=C%27C%17=C%28C%14(O)C%12=C%10C=C%28CC%27=CC%26=CC%25=C(C(O)=O)C=C%24)C9=C7C%13(O)C5=C%15C3=C%18C%29%30C%20(O%30)C%31C%22C%23=C%32)=CC(C(O)=O)=CC8=CC6=C(C(O)=O)C4=C2)=C%29C%33=C%31C%32=C(C(O)=O)C=C%331,1.3010299956639813,10.1016_j.jmbbm.2017.10.036_part_2.txt_¶Î1_Material1
O=C([*])C(C)O[*],[*]C(CCCCCO[*])=O,[*]C/C=C(C[*])\Cl,,,1.3979400086720375,10.1016_j.jmbbm.2019.05.016_part_2.txt_¶Î1_Material1
O=C([*])C(C)O[*],[*]C([H])([H])C(O)([H])[*],O=P([O-])([O-])[O-].[Ca+2].[Ca+2].[OH-],,,1.3979400086720375,10.1016_j.jmbbm.2019.103555_part_1.txt_¶Î1_Material1
O=C([*])C(C)O[*],[*]OC1C(C(O)=O)OC(OC2C(NC(C)=O)C([*])OC(CO)C2O)C(O)C1O,[Ag],,,2.0791812460476247,10.1016_j.jmbbm.2021.104455_part_1.txt_¶Î1_Material1
O=C([*])C(C)O[*],[*]C(C=C1)=CC=C1S[*],,,,1.0382226383687183,10.1016_j.jtice.2021.05.030_part_1.txt_¶Î1_Material1
O=C([*])C(C)O[*],[*]C(C=C1)=CC=C1S[*],OCC(O)CO,,,0.983175072037813,10.1016_j.jtice.2021.05.030_part_2.txt_¶Î1_Material1
O=C([*])C(C)O[*],C[N+](CCO)(CCO)[3H],[*]C/C=C(C[*])\Cl,,,1.3010299956639813,10.1016_j.matdes.2015.09.081_part_2.txt_¶Î1_Material1
O=C([*])C(C)O[*],[*]CCCC([*])C(OC)=O,[*]C/C=C(C[*])\Cl,,,1.6434526764861874,10.1016_j.matdes.2016.08.022_part_1.txt_¶Î1_Material1
O=C([*])C(C)O[*],[Cu],[Zn]=O,,,1.611723308007342,10.1016_j.msec.2018.08.002_part_6.txt_¶Î1_Material6
O=C([*])C(C)O[*],[Ag+],[Zn]=O,,,1.5976951859255124,10.1016_j.msec.2018.08.002_part_6.txt_¶Î1_Material8
O=C([*])C(C)O[*],[*]O[C@H](C)CC([*])=O,OCC1OC(C(C(C1[*])O)O)OC2C(C(C(OC2CO)O[*])O)O,O=C([*])C(C)O[*],,1.6989700043360187,10.1016_j.polymdegradstab.2014.05.010_part_4.txt_¶Î1_Material1
O=C([*])C(C)O[*],[*]C(C)C[*],C[N+](CCO)(CCO)[3H],,,1.740362689494244,10.1016_j.polymdegradstab.2015.10.019_part_2.txt_¶Î1_Material3
O=C([*])C(C)O[*],CC1=CC=C(C=C1N=C=O)N=C=O,,,,1.906712056942964,10.1021_acs.langmuir.0c03130_part_1.txt_¶Î1_Material1
O=C([*])C(C)O[*],OCC1OC(OC2C(O)C(O)C(O[*])OC2CO)C(O)C(O)C1[*],CC1=CC=C(C=C1N=C=O)N=C=O,,,1.8009231818132183,10.1021_acs.langmuir.0c03130_part_2.txt_¶Î1_Material1
O=C([*])C(C)O[*],[*]N1C(C2=CC3=C(C=C2C1=O)C(N(C3=O)C4=CC=C(C=C4)OC5=CC=C(C=C5)[*])=O)=O,[*]CC(COC1=CC=C(C=C1)C(C)(C)C2=CC=C(C=C2)O[*])O,,,1.8512583487190752,10.1021_acssuschemeng.0c03463_part_1.txt_¶Î1_Material1
O=C([*])C(C)O[*],OC1=C2C(C3(O)C4C5C6=C7C8C(C9=CC(C(O)=O)=C(C=C(C=C%10C(O)=O)C%11%12)C(C%11=C%13C%14C%15%16C%17(O%16)C%18C%19=C%20C%21=C%22C(C(O)=C%23)=C%24C%25C%21=C%26C%19=C%27C%17=C%28C%14(O)C%12=C%10C=C%28CC%27=CC%26=CC%25=C(C(O)=O)C=C%24)C9=C7C%13(O)C5=C%15C3=C%18C%29%30C%20(O%30)C%31C%22C%23=C%32)=CC(C(O)=O)=CC8=CC6=C(C(O)=O)C4=C2)=C%29C%33=C%31C%32=C(C(O)=O)C=C%331,C[Si](O[*])(C)[*],,,1.224014811372864,10.1039_d0qm00958j_part_3.txt_¶Î1_Material1
O=C([*])C(C)O[*],OCC(C(C(C1N)O)O[*])OC1OC2C(OC(C(C2O)N)[*])CO,[*]OCC[*],[*]CC(C1=CC=CC=C1)[*],,0.9025467793139914,10.1051_matecconf_201710901001_part_1.txt_¶Î1_Material1
O=C([*])C(C)O[*],O=C([*])OC1=CC=C(C=C1)C(C)(C)C2=CC=C(C=C2)O[*],[O-][Si]([O-])([O-])O[Si]([O-])([O-])[O-].[Ca+2],[Al],,1.895422546039408,10.1080_03602559.2013.866244_part_1.txt_¶Î1_Material1
O=C([*])C(C)O[*],[*]C(C)C[*],[*]CC[*],,,1.561101383649056,10.1080_14658011.2020.1844522_part_2.txt_¶Î1_Material1
O=C([*])C(C)O[*],[*]C(N(CN(C(OCOC(N(CN(C(OCCO[*])=O)[H])[H])=O)=O)[H])[H])=O,OCC1OC(C(C(C1O[*])O)O)[*],,,1.4771212547196624,10.1088_1757-899x_290_1_012081_part_1.txt_¶Î1_Material1
O=C([*])C(C)O[*],[*]C(C)C[*],OC1=C2C(C3(O)C4C5C6=C7C8C(C9=CC(C(O)=O)=C(C=C(C=C%10C(O)=O)C%11%12)C(C%11=C%13C%14C%15%16C%17(O%16)C%18C%19=C%20C%21=C%22C(C(O)=C%23)=C%24C%25C%21=C%26C%19=C%27C%17=C%28C%14(O)C%12=C%10C=C%28CC%27=CC%26=CC%25=C(C(O)=O)C=C%24)C9=C7C%13(O)C5=C%15C3=C%18C%29%30C%20(O%30)C%31C%22C%23=C%32)=CC(C(O)=O)=CC8=CC6=C(C(O)=O)C4=C2)=C%29C%33=C%31C%32=C(C(O)=O)C=C%331,,,1.4421660857847205,10.1088_1757-899x_303_1_012004_part_1.txt_¶Î1_Material1
O=C([*])C(C)O[*],O=[Mg].O=[Si]=O.O=[Si]=O.O=[Si]=O.O=[Si]=O.O=[Mg].O=[Mg].O,[*]CC(COC1=CC=C(C=C1)C(C)(C)C2=CC=C(C=C2)O[*])O,,,1.6532125137753435,10.3390_polym11020306_part_4.txt_¶Î1_Material1
O=C([*])C(C)O[*],OCC(O)CO,OC[C@@H]([C@H]([C@@H]([C@@H](CO)O)O)O)O,[H]O[H],,1.2671717284030135,10.3390_polym12102216_part_2.txt_¶Î1_Material1
O=C([*])C(C)O[*],O=C(C1=CC=C(C([*])=O)C=C1)NC2=CCC(N[*])C=C2,O=C(C1=CC=C(C([*])=O)C=C1)NC2=CCC(N[*])C=C2,,,1.7323937598229686,10.4028_www.scientific.net_amm.145.1_part_1.txt_¶Î1_Material1
O=C([*])C(C)O[*],O=C(O[Na])COCC(OC(C(C1O)O)[*])C1OC(C(C(C2O[*])O)O)OC2COCC(O[Na])=O,,,,1.5759956202032677,10.4028_www.scientific.net_amr.747.157_part_1.txt_¶Î1_Material1
O=C([*])C(C)O[*],O=[Al]O[Al]=O.O=[Si]=O.O=[Si]=O.O=[Si]=O,O=[Ti]=O,,,1.5314789170422551,10.4028_www.scientific.net_ddf.398.131_part_1.txt_¶Î1_Material1
O=C([*])C(C)O[*],O=P([O-])([O-])[O-].[Ca+2].[Ca+2].[OH-],[*]C1=C(C=CN2)C2=C([*])C(O)=C1O,[*]CC(C1=CC=CC=C1)[*],,1,10.1002_adem.201901065_part_6.txt_¶Î1_Material1
O=C([*])C(C)O[*],[*]C([H])([H])C(O)([H])[*],[*]OC1C(C(O)=O)OC(OC2C(NC(C)=O)C([*])OC(CO)C2O)C(O)C1O,,,1.1760912590556811,10.1002_app.51534_part_2.txt_¶Î1_Material1
O=C([*])C(C)O[*],[*]CC[*],O=C=NC(C=C1)=CC=C1CC2=CC=C(C=C2)N=C=O,,,1.57978359661681,10.1002_j.1941-9635.2017.tb01658.x_part_1.txt_¶Î1_Material1
O=C([*])C(C)O[*],[*]OCC[*],[*]C1C(OC(C(C1O)O)OC2C(OC(C(C2O)O)O[*])CO)CO,[*]C(C)C[*],,1.842172229385616,10.1002_pc.24747_part_3.txt_¶Î1_Material1
O=C([*])C(C)O[*],OCC1OC(C(C(C1[*])O)O)OC2C(C(C(OC2CO)O[*])O)O,[*]C(C)C[*],[*]C(NC1=C(C)C(NC(OCCO[*])=O)=CC=C1)=O,[*]OCC[*],1.730782275666389,10.1002_pc.24764_part_1.txt_¶Î1_Material1
O=C([*])C(C)O[*],[*]OC1C(C(O)=O)OC(OC2C(NC(C)=O)C([*])OC(CO)C2O)C(O)C1O,[O-][Si]([O-])([O-])O[Si]([O-])([O-])[O-].[Ca+2],,,1.3692158574101427,10.1002_pc.25683_part_3.txt_¶Î1_Material1
O=C([*])C(C)O[*],OCC(C(C(C1N)O)O[*])OC1OC2C(OC(C(C2O)N)[*])CO,OCC(O)CO,[*]OCC[*],,1.1020905255118367,10.1007_s10856-013-4864-y_part_1.txt_¶Î1_Material1
O=C([*])C(C)O[*],[H][O-],[H][Si]([H])([H])[H],C/C(C[*])=C/C[*],,1.6304278750250238,10.1007_s10924-011-0361-x_part_2.txt_¶Î1_Material1
O=C([*])C(C)O[*],[H][O-],C/C(C[*])=C/C[*],[H][Si]([H])([H])[H],,1.818225893613956,10.1007_s10924-011-0361-x_part_3.txt_¶Î1_Material1
O=C([*])C(C)O[*],[*]CCCC([*])OC(C)=O,[*]CC(CC[*])O,,,1.5352941200427703,10.1007_s12649-019-00738-2_part_1.txt_¶Î1_Material1
O=C([*])C(C)O[*],OCC(C(C(C1N)O)O[*])OC1OC2C(OC(C(C2O)N)[*])CO,OCC1OC(C(C(C1O[*])O)O)[*],,,1.5092025223311027,10.1016_j.carbpol.2017.11.079_part_4.txt_¶Î1_Material1
O=C([*])C(C)O[*],[*]C(C)C[*],O=C(C1=CC=C(C([*])=O)C=C1)NC2=CCC(N[*])C=C2,,,1.0128372247051722,10.1016_j.compositesa.2014.04.011_part_3.txt_¶Î1_Material1
O=C([*])C(C)O[*],CCOC(=O)C(O)(CC(=O)OCC)CC(=O)OCC,OCC1OC(C(C(C1[*])O)O)OC2C(C(C(OC2CO)O[*])O)O,CC(NC1C([C@@H](C(O[C@H]1O[*])CO)O[C@@H]2OC([C@H]([C@@H](C2NC(C)=O)O)[*])CO)O)=O,,1.7993405494535817,10.1016_j.compositesa.2015.05.024_part_1.txt_¶Î1_Material1
O=C([*])C(C)O[*],[*]C(C)C[*],[*]C(C)C[*],[*]C(C)C[*],,1.7535830588929069,10.1016_j.compositesb.2019.04.033_part_5.txt_¶Î1_Material1
O=C([*])C(C)O[*],OCC1OC(C(C(C1[*])O)O)OC2C(C(C(OC2CO)O[*])O)O,O=C(C1=CC=C(C=C1)C(OCC[*])=O)O[*],,,1.4471580313422192,10.1016_j.compositesb.2021.109042_part_1.txt_¶Î1_Material1
O=C([*])C(C)O[*],[*]OC1OC(CO)C(OC2C(O)C(O)C([*])C(CO)O2)C(O)C1O,[*]OC1C(O)C(O)C(OC2C(CO)OC([*])C(O)C2O)OC1CO,,,2.0199466816788423,10.1016_j.compstruct.2015.06.066_part_2.txt_¶Î1_Material2
O=C([*])C(C)O[*],O=P([O-])([O-])[O-].[Ca+2].[Ca+2].[OH-],C[Si](O[*])(C)[*],[*]C(C)C[*],,1.7708520116421442,10.1016_j.compstruct.2021.114267_part_1.txt_¶Î1_Material1
O=C([*])C(C)O[*],OCC1OC(C(C(C1[*])O)O)OC2C(C(C(OC2CO)O[*])O)O,[*]NC1=CC=C([*])C=C1,[*]OCC[*],,1.271841606536499,10.1016_j.electacta.2018.10.108_part_1.txt_¶Î1_Material1
O=C([*])C(C)O[*],OCC(O)CO,C=C(C(OCC1CO1)=O)C,O=C(OOC(=O)C1=CC=CC=C1)C1=CC=CC=C1,,1.5763413502057928,10.1016_j.indcrop.2019.111748_part_2.txt_¶Î1_Material1
O=C([*])C(C)O[*],[*]CCC1C([*])C2CCC1C2,[*]NC(C(N1CCCC1C(NCC(N2CC(CC2C(NC(C(NCC([*])=O)=O)CO)=O)O)=O)=O)=O)CCCCN,,,1.1649473726218416,10.1016_j.matpr.2018.03.032_part_2.txt_¶Î1_Material1
O=C([*])C(C)O[*],OCC1OC(C(C(C1[*])O)O)OC2C(C(C(OC2CO)O[*])O)O,[Zn]=O,,,1.1861083798132053,10.1016_j.matpr.2018.12.013_part_1.txt_¶Î1_Material1
O=C([*])C(C)O[*],[Al],[*]C(F)(C(F)([*])F)F,,,2.093421685162235,10.1016_j.polymdegradstab.2013.05.013_part_1.txt_¶Î1_Material1
O=C([*])C(C)O[*],OCC1OC(OC2C(O)C(O)C(O[*])OC2CO)C(O)C(O)C1[*],O=[Mg].O=[Si]=O.O=[Si]=O.O=[Si]=O.O=[Si]=O.O=[Mg].O=[Mg].O,OCC1OC(C(C(C1[*])O)O)OC2C(C(C(OC2CO)O[*])O)O,[*]O[C@@]([H])(C)C(O[C@](C)([H])C([*])=O)=O,1.4683473304121573,10.1016_j.polymer.2020.123280_part_3.txt_¶Î1_Material1
O=C([*])C(C)O[*],OCC(O)CO,[*]C/C=C(C[*])\Cl,,,0.8325089127062363,10.1016_j.polymertesting.2015.02.010_part_1.txt_¶Î1_Material1
O=C([*])C(C)O[*],[*]OCCCCOC(CCC([*])=O)=O,[*]C1C(C(C(OC1C(O[Na])=O)OC2C(C(O[Na])=O)OC(O[*])C(O)C2O)O)O,,,2.0081741840064264,10.1016_j.polymertesting.2019.106130_part_6.txt_¶Î1_Material1
O=C([*])C(C)O[*],OCC1OC(C(C(C1[*])O)O)OC2C(C(C(OC2CO)O[*])O)O,[*]C([H])([H])C(O)([H])[*],,,1.9138138523837167,10.1016_j.reactfunctpolym.2014.09.012_part_1.txt_¶Î1_Material1
O=C([*])C(C)O[*],O=C([*])C1=CC=C2C=C(C=CC2=C1)OC(C3=CC=C(C=C3)O[*])=O,OCC(C(C(C1N)O)O[*])OC1OC2C(OC(C(C2O)N)[*])CO,,,1.9057958803678683,10.1021_acs.iecr.5b03473_part_1.txt_¶Î1_Material1
O=C([*])C(C)O[*],C=C([CH3])C(=O)OC([CH3])[CH3],C=C(C(OCC1CO1)=O)C,,,1.740362689494244,10.1080_09276440.2021.1939951_part_2.txt_¶Î1_Material1
O=C([*])C(C)O[*],O=C([*])C(C)O[*],O=C([*])C(C)O[*],OCC1OC(C(C(C1[*])O)O)OC2C(C(C(OC2CO)O[*])O)O,,1.7634279935629371,10.1080_09276440.2021.1939951_part_3.txt_¶Î1_Material1
O=C([*])C(C)O[*],[H][O-],[*]OCCOC(CC(C([*])=O)C(C1CCCCC1)CC(CC(O)=O)C(OCCO)=O)=O,,,1.816837630902035,10.1088_1742-6596_1700_1_012034_part_2.txt_¶Î1_Material1
O=C([*])C(C)O[*],CC(NC(C([*])C)=O)C(NC(C)C(NC(C)C(N[*])=O)=O)=O,[*]OCC[*],,,1.416640507338281,10.1111_jfpp.14102_part_2.txt_¶Î1_Material1
O=C([*])C(C)O[*],[*]CCCC([*])C(OC)=O,[*]OCC[*],,,1.3222192947339193,10.1111_jfpp.14102_part_2.txt_¶Î1_Material2
O=C([*])C(C)O[*],[*]NC(C(N1CCCC1C(NCC(N2CC(CC2C(NC(C(NCC([*])=O)=O)CO)=O)O)=O)=O)=O)CCCCN,[*]OCC[*],,,1.4502491083193612,10.1111_jfpp.14102_part_2.txt_¶Î1_Material3
O=C([*])C(C)O[*],OCC(O)CO,OCC1OC(C(C(C1[*])O)O)OC2C(C(C(OC2CO)O[*])O)O,[*]CC[*],,1.0913151596972228,10.1177_0021998315616274_part_1.txt_¶Î1_Material1
O=C([*])C(C)O[*],[*]OCC[*],C/C(C[*])=C/C[*],C/C(C[*])=C/C[*],,1.6201360549737576,10.1177_0095244318758156_part_2.txt_¶Î1_Material1
O=C([*])C(C)O[*],[*]CC(C1=CC=CC=C1)[*],[*]OC1C(C(O)=O)OC(OC2C(NC(C)=O)C([*])OC(CO)C2O)C(O)C1O,,,1.3710678622717365,10.1177_0892705711417029_part_2.txt_¶Î1_Material1
O=C([*])C(C)O[*],[*]CC(C1=CC=CC=C1)[*],[*]OC1C(C(O)=O)OC(OC2C(NC(C)=O)C([*])OC(CO)C2O)C(O)C1O,OCC1OC(C(C(C1[*])O)O)OC2C(C(C(OC2CO)O[*])O)O,[*]C1C(C(C(OC1C(O[Na])=O)OC2C(C(O[Na])=O)OC(O[*])C(O)C2O)O)O,1.7505083948513462,10.1177_0892705711417029_part_3.txt_¶Î1_Material1
O=C([*])C(C)O[*],[*]C(NC1=C(C)C(NC(OCCO[*])=O)=CC=C1)=O,OC1=C2C(C3(O)C4C5C6=C7C8C(C9=CC(C(O)=O)=C(C=C(C=C%10C(O)=O)C%11%12)C(C%11=C%13C%14C%15%16C%17(O%16)C%18C%19=C%20C%21=C%22C(C(O)=C%23)=C%24C%25C%21=C%26C%19=C%27C%17=C%28C%14(O)C%12=C%10C=C%28CC%27=CC%26=CC%25=C(C(O)=O)C=C%24)C9=C7C%13(O)C5=C%15C3=C%18C%29%30C%20(O%30)C%31C%22C%23=C%32)=CC(C(O)=O)=CC8=CC6=C(C(O)=O)C4=C2)=C%29C%33=C%31C%32=C(C(O)=O)C=C%331,,,1.5888317255942073,10.3390_jcs4020056_part_1.txt_¶Î1_Material1
O=C([*])C(C)O[*],OCC1OC(C(C(C1[*])O)O)OC2C(C(C(OC2CO)O[*])O)O,O=P([O-])([O-])[O-].[Ca+2].[Ca+2].[OH-],,,1.658964842664435,10.3390_polym11061009_part_1.txt_¶Î1_Material1
O=C([*])C(C)O[*],OCC1OC(C(C(C1[*])O)O)OC2C(C(C(OC2CO)O[*])O)O,[*]OC1C(C(O)=O)OC(OC2C(NC(C)=O)C([*])OC(CO)C2O)C(O)C1O,,,1.658964842664435,10.3390_polym11061009_part_2.txt_¶Î1_Material1
O=C([*])C(C)O[*],[*]CC(C1=CC=CC=C1)[*],OCC1OC(C(C(C1[*])O)O)OC2C(C(C(OC2CO)O[*])O)O,,,1.2810333672477277,10.3390_polym12040812_part_3.txt_¶Î1_Material1
O=C([*])C(C)O[*],[*]CC(COC1=CC=C(C=C1)C(C)(C)C2=CC=C(C=C2)O[*])O,,,,1.7267272090265722,10.3390_polym13071101_part_2.txt_¶Î1_Material1
O=C([*])C(C)O[*],[*]C(NC1=C(C)C(NC(OCCO[*])=O)=CC=C1)=O,O=C(C1=CC=C(C([*])=O)C=C1)NC2=CCC(N[*])C=C2,,,1.9084850188786493,10.3390_polym13081326_part_4.txt_¶Î1_Material1
O=C([*])C(C)O[*],CCOC(=O)C(O)(CC(=O)OCC)CC(=O)OCC,OCC(C(C(C1N)O)O[*])OC1OC2C(OC(C(C2O)N)[*])CO,,,1.745855195173729,10.3390_polym9090406_part_3.txt_¶Î1_Material3
O=C([*])C(C)O[*],[Fe],O=P([O-])([O-])[O-].[Ca+2].[Ca+2].[OH-],,,2.0791812460476247,10.4028_www.scientific.net_amr.332-334.1951_part_1.txt_¶Î1_Material1
O=C([*])C(C)O[*],[*]OC1C(O)C(O)C(OC2C(CO)OC([*])C(O)C2O)OC1CO,C=CCN1C(=O)N(CC=C)C(=O)N(CC=C)C1=O,,,1.9789561652175915,10.4028_www.scientific.net_amr.583.53_part_1.txt_¶Î1_Material1
O=C([*])C(C)O[*],OCC1OC(C(C(C1[*])O)O)OC2C(C(C(OC2CO)O[*])O)O,C=C(C(OCC1CO1)=O)C,,,1.69810054562339,10.1007_s00289-017-2215-8_part_3.txt_¶Î1_Material5
O=C([*])C(C)O[*],[*]OCC[*],[*]C(C)C[*],,,1.737987326333431,10.1002_pat.1760_part_1.txt_¶Î1_Material1
O=C([*])C(C)O[*],O=P([O-])([O-])[O-].[Ca+2].[Ca+2].[OH-],[O-][Si]([O-])([O-])O[Si]([O-])([O-])[O-].[Ca+2],,,1.934498451243568,10.1002_pc.25807_part_1.txt_¶Î1_Material1
O=C([*])C(C)O[*],[*]C(C)C[*],[*]C(NC1=C(C)C(NC(OCCO[*])=O)=CC=C1)=O,,,1.5211380837040362,10.1002_pi.6053_part_3.txt_¶Î1_Material1
O=C([*])C(C)O[*],O=[Si]=O,C/C(C[*])=C/C[*],OC1=C2C(C3(O)C4C5C6=C7C8C(C9=CC(C(O)=O)=C(C=C(C=C%10C(O)=O)C%11%12)C(C%11=C%13C%14C%15%16C%17(O%16)C%18C%19=C%20C%21=C%22C(C(O)=C%23)=C%24C%25C%21=C%26C%19=C%27C%17=C%28C%14(O)C%12=C%10C=C%28CC%27=CC%26=CC%25=C(C(O)=O)C=C%24)C9=C7C%13(O)C5=C%15C3=C%18C%29%30C%20(O%30)C%31C%22C%23=C%32)=CC(C(O)=O)=CC8=CC6=C(C(O)=O)C4=C2)=C%29C%33=C%31C%32=C(C(O)=O)C=C%331,,1.534026106056135,10.1016_j.compscitech.2018.07.005_part_2.txt_¶Î1_Material1
O=C([*])C(C)O[*],COC(C(C[*])([*])C)=O,C/C(C[*])=C/C[*],,,1.6201360549737576,10.1021_acssuschemeng.8b00267_part_1.txt_¶Î1_Material1
O=C([*])C(C)O[*],C/C(C[*])=C/C[*],[Fe]12O[Fe]O[Fe](O2)O1,,,1.4715850541851896,10.1021_acssuschemeng.8b05025_part_6.txt_¶Î1_Material1
O=C([*])C(C)O[*],COC(C(C[*])([*])C)=O,C/C(C[*])=C/C[*],OC1=C2C(C3(O)C4C5C6=C7C8C(C9=CC(C(O)=O)=C(C=C(C=C%10C(O)=O)C%11%12)C(C%11=C%13C%14C%15%16C%17(O%16)C%18C%19=C%20C%21=C%22C(C(O)=C%23)=C%24C%25C%21=C%26C%19=C%27C%17=C%28C%14(O)C%12=C%10C=C%28CC%27=CC%26=CC%25=C(C(O)=O)C=C%24)C9=C7C%13(O)C5=C%15C3=C%18C%29%30C%20(O%30)C%31C%22C%23=C%32)=CC(C(O)=O)=CC8=CC6=C(C(O)=O)C4=C2)=C%29C%33=C%31C%32=C(C(O)=O)C=C%331,,1.6434526764861874,10.1080_25740881.2019.1695265_part_1.txt_¶Î1_Material1
O=C([*])C(C)O[*],COC(C(C[*])([*])C)=O,OC1=C2C(C3(O)C4C5C6=C7C8C(C9=CC(C(O)=O)=C(C=C(C=C%10C(O)=O)C%11%12)C(C%11=C%13C%14C%15%16C%17(O%16)C%18C%19=C%20C%21=C%22C(C(O)=C%23)=C%24C%25C%21=C%26C%19=C%27C%17=C%28C%14(O)C%12=C%10C=C%28CC%27=CC%26=CC%25=C(C(O)=O)C=C%24)C9=C7C%13(O)C5=C%15C3=C%18C%29%30C%20(O%30)C%31C%22C%23=C%32)=CC(C(O)=O)=CC8=CC6=C(C(O)=O)C4=C2)=C%29C%33=C%31C%32=C(C(O)=O)C=C%331,C/C(C[*])=C/C[*],,1.6434526764861874,10.1080_25740881.2019.1695265_part_2.txt_¶Î1_Material1
O=C([*])C(C)O[*],[*]C(CCCCCO[*])=O,[O-][Si]([O-])([O-])O[Si]([O-])([O-])[O-].[Ca+2],,,1.7781512503836436,10.1111_ffe.12339_part_2.txt_¶Î1_Material1
O=C([*])C(C)O[*],[*]OCC[*],OCC1OC(OC2C(O)C(O)C(O[*])OC2CO)C(O)C(O)C1[*],,,1.9237619608287,10.1002_adv.21779_part_2.txt_¶Î1_Material1
O=C([*])C(C)O[*],[*]C(CCCCC(OCCCCO[*])=O)=O,OC1=C2C(C3(O)C4C5C6=C7C8C(C9=CC(C(O)=O)=C(C=C(C=C%10C(O)=O)C%11%12)C(C%11=C%13C%14C%15%16C%17(O%16)C%18C%19=C%20C%21=C%22C(C(O)=C%23)=C%24C%25C%21=C%26C%19=C%27C%17=C%28C%14(O)C%12=C%10C=C%28CC%27=CC%26=CC%25=C(C(O)=O)C=C%24)C9=C7C%13(O)C5=C%15C3=C%18C%29%30C%20(O%30)C%31C%22C%23=C%32)=CC(C(O)=O)=CC8=CC6=C(C(O)=O)C4=C2)=C%29C%33=C%31C%32=C(C(O)=O)C=C%331,,,1.8388490907372552,10.1002_app.33916_part_2.txt_¶Î1_Material2
O=C([*])C(C)O[*],[*]C(CCCCC(OCCCCO[*])=O)=O,O=C([*])OC1=CC=C(C=C1)C(C)(C)C2=CC=C(C=C2)O[*],OC1=C2C(C3(O)C4C5C6=C7C8C(C9=CC(C(O)=O)=C(C=C(C=C%10C(O)=O)C%11%12)C(C%11=C%13C%14C%15%16C%17(O%16)C%18C%19=C%20C%21=C%22C(C(O)=C%23)=C%24C%25C%21=C%26C%19=C%27C%17=C%28C%14(O)C%12=C%10C=C%28CC%27=CC%26=CC%25=C(C(O)=O)C=C%24)C9=C7C%13(O)C5=C%15C3=C%18C%29%30C%20(O%30)C%31C%22C%23=C%32)=CC(C(O)=O)=CC8=CC6=C(C(O)=O)C4=C2)=C%29C%33=C%31C%32=C(C(O)=O)C=C%331,,1.8325089127062364,10.1002_app.33916_part_2.txt_¶Î1_Material3
O=C([*])C(C)O[*],[*]CC(CCCC(CC)CC([*])C1=CC=CC=C1)C2=CC=CC=C2,O=[Al]O[Al]=O.O=[Si]=O.O=[Si]=O.O=[Si]=O,,,1.7737864449811935,10.1002_app.35084_part_2.txt_¶Î1_Material1
O=C([*])C(C)O[*],[*]C(CCCCC(OCCCCO[*])=O)=O,COC(C(C[*])([*])C)=O,,,1.740362689494244,10.1002_app.38968_part_1.txt_¶Î1_Material1
O=C([*])C(C)O[*],[CH3]C1=C([CH3])C2=C(C([CH3])=C1O)CCC([CH3])(CCCC([CH3])CCCC([CH3])CCCC([CH3])[CH3])O2,,,,1.954724790979063,10.1002_app.39970_part_1.txt_¶Î1_Material1
O=C([*])C(C)O[*],OCC1OC(C(C(C1[*])O)O)OC2C(C(C(OC2CO)O[*])O)O,C[N+](CCO)(CCO)[3H],O=[Al]O[Al]=O.O=[Si]=O.O=[Si]=O.O=[Si]=O,OCC(C(C(C1N)O)O[*])OC1OC2C(OC(C(C2O)N)[*])CO,1.557507201905658,10.1002_app.40329_part_1.txt_¶Î1_Material1
O=C([*])C(C)O[*],[*]C1C(OC(C(C1O)O)OC2C(OC(C(C2O)O)O[*])CO)CO,OCC(O)CO,OCC1OC(C(C(C1[*])O)O)OC2C(C(C(OC2CO)O[*])O)O,,1.5198279937757189,10.1002_app.47899_part_1.txt_¶Î1_Material1
O=C([*])C(C)O[*],[*]OC1C(C(O)=O)OC(OC2C(NC(C)=O)C([*])OC(CO)C2O)C(O)C1O,[*]CCC(CCCC(CCCC(C[*])C)C)C,,,1.4771212547196624,10.1002_app.49646_part_2.txt_¶Î1_Material4
O=C([*])C(C)O[*],NCCC[Si](OCC)(OCC)OCC,,,,1.114277296561586,10.1002_app.50965_part_1.txt_¶Î1_Material1
O=C([*])C(C)O[*],[O-][Si]([O-])([O-])O[Si]([O-])([O-])[O-].[Ca+2],[*]CC(COC1=CC=C(C=C1)C(C)(C)C2=CC=C(C=C2)O[*])O,[O-][Si]([O-])([O-])O[Si]([O-])([O-])[O-].[Ca+2],,1.5987905067631152,10.1002_jbm.b.34764_part_1.txt_¶Î1_Material1
O=C([*])C(C)O[*],OC1=C2C(C3(O)C4C5C6=C7C8C(C9=CC(C(O)=O)=C(C=C(C=C%10C(O)=O)C%11%12)C(C%11=C%13C%14C%15%16C%17(O%16)C%18C%19=C%20C%21=C%22C(C(O)=C%23)=C%24C%25C%21=C%26C%19=C%27C%17=C%28C%14(O)C%12=C%10C=C%28CC%27=CC%26=CC%25=C(C(O)=O)C=C%24)C9=C7C%13(O)C5=C%15C3=C%18C%29%30C%20(O%30)C%31C%22C%23=C%32)=CC(C(O)=O)=CC8=CC6=C(C(O)=O)C4=C2)=C%29C%33=C%31C%32=C(C(O)=O)C=C%331,[Zn]=O,,,1.8591382972945307,10.1002_jctb.4476_part_2.txt_¶Î1_Material1
O=C([*])C(C)O[*],[*]C1=C(C=CN2)C2=C([*])C(O)=C1O,[*]OC1C(C(O)=O)OC(OC2C(NC(C)=O)C([*])OC(CO)C2O)C(O)C1O,,,1.7075701760979365,10.1002_pat.4652_part_1.txt_¶Î1_Material1
O=C([*])C(C)O[*],OC1=C2C(C3(O)C4C5C6=C7C8C(C9=CC(C(O)=O)=C(C=C(C=C%10C(O)=O)C%11%12)C(C%11=C%13C%14C%15%16C%17(O%16)C%18C%19=C%20C%21=C%22C(C(O)=C%23)=C%24C%25C%21=C%26C%19=C%27C%17=C%28C%14(O)C%12=C%10C=C%28CC%27=CC%26=CC%25=C(C(O)=O)C=C%24)C9=C7C%13(O)C5=C%15C3=C%18C%29%30C%20(O%30)C%31C%22C%23=C%32)=CC(C(O)=O)=CC8=CC6=C(C(O)=O)C4=C2)=C%29C%33=C%31C%32=C(C(O)=O)C=C%331,OCC(C(C(C1N)O)O[*])OC1OC2C(OC(C(C2O)N)[*])CO,,,1.4771212547196624,10.1002_pat.5202_part_2.txt_¶Î1_Material1
O=C([*])C(C)O[*],[*]OCC[*],[Na+].[Cl-],,,1.0791812460476249,10.1002_pen.24073_part_1.txt_¶Î1_Material1
O=C([*])C(C)O[*],[*]OCC[*],[*]CCC(CCCC(CCCC(C[*])C)C)C,,,1.3180633349627615,10.1002_pen.24350_part_1.txt_¶Î1_Material1
O=C([*])C(C)O[*],C/C(C[*])=C/C[*],[*]NC1=CC=C([*])C=C1,,,0.9030899869919436,10.1002_pi.5613_part_1.txt_¶Î1_Material1
O=C([*])C(C)O[*],O=C1C([*])C(CC[*])C(O1)=O,,,,1.3384564936046048,10.1002_vnl.21710_part_1.txt_¶Î1_Material1
O=C([*])C(C)O[*],OCC(C(C(C1N)O)O[*])OC1OC2C(OC(C(C2O)N)[*])CO,[*]OC1C(C(O)=O)OC(OC2C(NC(C)=O)C([*])OC(CO)C2O)C(O)C1O,,,1.7708520116421442,10.1002_vnl.21816_part_1.txt_¶Î1_Material1
O=C([*])C(C)O[*],[H][O-],NCCC[Si](OCC)(OCC)OCC,,,1.757547853469244,10.1007_s10924-013-0594-y_part_1.txt_¶Î1_Material1
O=C([*])C(C)O[*],C/C(C[*])=C/C[*],O=[Si]=O,,,1.4742162640762553,10.1007_s10924-021-02063-z_part_2.txt_¶Î1_Material3
O=C([*])C(C)O[*],O=[Mg].O=[Si]=O.O=[Si]=O.O=[Si]=O.O=[Si]=O.O=[Mg].O=[Mg].O,[*]OCC[*],,,1.4828735836087537,10.1007_s10973-014-4037-3_part_2.txt_¶Î1_Material1
O=C([*])C(C)O[*],O=C([*])C(C)O[*],[*]CCC(CCCC(CCCC(C[*])C)C)C,,,1.6138418218760693,10.1007_s10973-014-4084-9_part_1.txt_¶Î1_Material1
O=C([*])C(C)O[*],OCC1OC(C(C(C1[*])O)O)OC2C(C(C(OC2CO)O[*])O)O,[*]OCC[*],O=C=NC(C=C1)=CC=C1CC2=CC=C(C=C2)N=C=O,O=C(O)C(C[*])CC(CC(C(C(O)=O)[*])C(O)=O)C(O)=O,1.150756439860309,10.1007_s11356-020-08956-1_part_1.txt_¶Î1_Material1
O=C([*])C(C)O[*],[*]OC1C(C(O)=O)OC(OC2C(NC(C)=O)C([*])OC(CO)C2O)C(O)C1O,OCC1OC(C(C(C1[*])O)O)OC2C(C(C(OC2CO)O[*])O)O,,,1.709354775834396,10.1007_s11665-020-04594-3_part_3.txt_¶Î1_Material1
O=C([*])C(C)O[*],[*]CC[*],[*]NCC(NC(C(ONCC(NC(C(NCC(NC(C([*])=O)C)=O)=O)C)=O)=O)CO)=O,,,1.1846914308175989,10.1007_s12221-014-0574-4_part_1.txt_¶Î1_Material1
O=C([*])C(C)O[*],O=C([*])C(C)O[*],O=C(C1=CC=C(C=C1)C(OCC[*])=O)O[*],,,1.6989700043360187,10.1007_s12541-014-0522-7_part_1.txt_¶Î1_Material1
O=C([*])C(C)O[*],OCC1OC(C(C(C1[*])O)O)OC2C(C(C(OC2CO)O[*])O)O,[*]CC(CCCC(CC)CC([*])C1=CC=CC=C1)C2=CC=CC=C2,,,1.611723308007342,10.1007_s13726-019-00733-3_part_2.txt_¶Î1_Material1
O=C([*])C(C)O[*],[*]NCC(NC(C(ONCC(NC(C(NCC(NC(C([*])=O)C)=O)=O)C)=O)=O)CO)=O,[*]CCC(CCCC(CCCC(C[*])C)C)C,,,1.3820170425748683,10.1007_s41783-017-0022-1_part_2.txt_¶Î1_Material3
O=C([*])C(C)O[*],[*]CCC(CCCC(CCCC(C[*])C)C)C,CC(NC(C([*])C)=O)C(NC(C)C(NC(C)C(N[*])=O)=O)=O,,,1.3961993470957363,10.1007_s41783-017-0023-0_part_1.txt_¶Î1_Material1
O=C([*])C(C)O[*],[*]CCCC([*])OC(C)=O,C12=CC3=CC4=CC=CN=C4N=C3N=C1N=C5N=C6N=CC=CC6=CC5=C2,,,1.6334684555795864,10.1016_j.carbpol.2015.10.094_part_5.txt_¶Î1_Material1
O=C([*])C(C)O[*],OCC1OC(C(C(C1[*])O)O)OC2C(C(C(OC2CO)O[*])O)O,[*]C(CCCCC(OCCCCO[*])=O)=O,,,1.6334684555795864,10.1016_j.cej.2021.130558_part_2.txt_¶Î1_Material1
O=C([*])C(C)O[*],OCC1OC(C(C(C1[*])O)O)OC2C(C(C(OC2CO)O[*])O)O,OCC1OC(C(C(C1[*])O)O)OC2C(C(C(OC2CO)O[*])O)O,OCC1OC(C(C(C1[*])O)O)OC2C(C(C(OC2CO)O[*])O)O,,1.6232492903979006,10.1016_j.coco.2020.100548_part_2.txt_¶Î1_Material1
O=C([*])C(C)O[*],[*]C(C)C[*],O=C([*])OC1=CC=C(C=C1)C(C)(C)C2=CC=C(C=C2)O[*],,,1.6730209071288962,10.1016_j.compositesa.2019.105485_part_3.txt_¶Î1_Material2
O=C([*])C(C)O[*],[*]C([H])([H])C(O)([H])[*],O=C([*])C(C)O[*],,,1.3010299956639813,10.1016_j.desal.2014.01.019_part_1.txt_¶Î1_Material1
O=C([*])C(C)O[*],C=C([CH3])C(=O)OC([CH3])[CH3],,,,1.7710727832211948,10.1016_j.ijbiomac.2015.12.038_part_2.txt_¶Î1_Material3
O=C([*])C(C)O[*],C=CCN1C(=O)N(CC=C)C(=O)N(CC=C)C1=O,,,,1.6967930850817443,10.1016_j.ijbiomac.2018.10.057_part_4.txt_¶Î1_Material1
O=C([*])C(C)O[*],OCC1OC(C(C(C1[*])O)O)OC2C(C(C(OC2CO)O[*])O)O,[*]CCCC([*])C(OC)=O,,,1.7505083948513462,10.1016_j.indcrop.2017.12.044_part_1.txt_¶Î1_Material1
O=C([*])C(C)O[*],[*]NC(C(N1CCCC1C(NCC(N2CC(CC2C(NC(C(NCC([*])=O)=O)CO)=O)O)=O)=O)=O)CCCCN,[H][O-],,,1.60422605308447,10.1016_j.indcrop.2018.03.068_part_2.txt_¶Î1_Material1
O=C([*])C(C)O[*],[*]OCC[*],OCC1OC(C(C(C1[*])O)O)OC2C(C(C(OC2CO)O[*])O)O,OCC1OC(C(C(C1[*])O)O)OC2C(C(C(OC2CO)O[*])O)O,,1.0492180226701815,10.1016_j.indcrop.2023.117011_OA_part_3.txt_¶Î1_Material1
O=C([*])C(C)O[*],OCC(C(C(C1N)O)O[*])OC1OC2C(OC(C(C2O)N)[*])CO,OCC1OC(OC2C(O)C(O)C(O[*])OC2CO)C(O)C(O)C1[*],,,1.2140486794119414,10.1016_j.jclepro.2019.119898_part_1.txt_¶Î1_Material1
O=C([*])C(C)O[*],[*]C(NC1=C(C)C(NC(OCCO[*])=O)=CC=C1)=O,[*]C1C(C(C(OC1C(O[Na])=O)OC2C(C(O[Na])=O)OC(O[*])C(O)C2O)O)O,,,1.104487111312395,10.1016_j.jclepro.2020.124455_part_1.txt_¶Î1_Material1
O=C([*])C(C)O[*],[*]C(NC1=C(C)C(NC(OCCO[*])=O)=CC=C1)=O,[*]C1C(C(C(OC1C(O[Na])=O)OC2C(C(O[Na])=O)OC(O[*])C(O)C2O)O)O,O=C([*])C(C)O[*],,1.104487111312395,10.1016_j.jclepro.2020.124455_part_2.txt_¶Î1_Material1
O=C([*])C(C)O[*],[*]C(C1=CC=CC=C1)CC2C(OC(C2[*])=O)=O,,,,1.7435097647284297,10.1016_j.matlet.2019.05.041_part_1.txt_¶Î1_Material1
O=C([*])C(C)O[*],OC1=C2C(C3(O)C4C5C6=C7C8C(C9=CC(C(O)=O)=C(C=C(C=C%10C(O)=O)C%11%12)C(C%11=C%13C%14C%15%16C%17(O%16)C%18C%19=C%20C%21=C%22C(C(O)=C%23)=C%24C%25C%21=C%26C%19=C%27C%17=C%28C%14(O)C%12=C%10C=C%28CC%27=CC%26=CC%25=C(C(O)=O)C=C%24)C9=C7C%13(O)C5=C%15C3=C%18C%29%30C%20(O%30)C%31C%22C%23=C%32)=CC(C(O)=O)=CC8=CC6=C(C(O)=O)C4=C2)=C%29C%33=C%31C%32=C(C(O)=O)C=C%331,[*]C/C=C(C[*])\Cl,[*]NC(C(N1CCCC1C(NCC(N2CC(CC2C(NC(C(NCC([*])=O)=O)CO)=O)O)=O)=O)=O)CCCCN,,0.9030899869919436,10.1016_j.msec.2016.08.051_part_2.txt_¶Î1_Material1
O=C([*])C(C)O[*],[*]OCC[*],OCC1OC(C(C(C1[*])O)O)OC2C(C(C(OC2CO)O[*])O)O,OCC1OC(C(C(C1[*])O)O)OC2C(C(C(OC2CO)O[*])O)O,OCC1OC(C(C(C1[*])O)O)OC2C(C(C(OC2CO)O[*])O)O,1.5563025007672873,10.1016_j.polymdegradstab.2018.11.028_part_2.txt_¶Î1_Material1
O=C([*])C(C)O[*],Cl[Fe](Cl)Cl,,,,1.5622928644564746,10.1016_j.polymer.2021.123927_part_1.txt_¶Î1_Material1
O=C([*])C(C)O[*],[*]CC[*],[*]NC(C(N1CCCC1C(NCC(N2CC(CC2C(NC(C(NCC([*])=O)=O)CO)=O)O)=O)=O)=O)CCCCN,,,1.61066016308988,10.1016_j.polymertesting.2017.11.030_part_1.txt_¶Î1_Material1
O=C([*])C(C)O[*],[*]CC(C1=CC=CC=C1)[*],OC1=C2C(C3(O)C4C5C6=C7C8C(C9=CC(C(O)=O)=C(C=C(C=C%10C(O)=O)C%11%12)C(C%11=C%13C%14C%15%16C%17(O%16)C%18C%19=C%20C%21=C%22C(C(O)=C%23)=C%24C%25C%21=C%26C%19=C%27C%17=C%28C%14(O)C%12=C%10C=C%28CC%27=CC%26=CC%25=C(C(O)=O)C=C%24)C9=C7C%13(O)C5=C%15C3=C%18C%29%30C%20(O%30)C%31C%22C%23=C%32)=CC(C(O)=O)=CC8=CC6=C(C(O)=O)C4=C2)=C%29C%33=C%31C%32=C(C(O)=O)C=C%331,,,1.845098040014257,10.1016_j.polymertesting.2019.106008_part_2.txt_¶Î1_Material1
O=C([*])C(C)O[*],OCC1OC(C(C(C1O[*])O)O)[*],[*]C1C(C(C(OC1C(O[Na])=O)OC2C(C(O[Na])=O)OC(O[*])C(O)C2O)O)O,,,1.6561940621791855,10.1016_s1672-6529(14)60074-3_part_1.txt_¶Î1_Material1
O=C([*])C(C)O[*],C=CC,[*]OCC[*],[*]OCC[*],OCC1OC(C(C(C1[*])O)O)OC2C(C(C(OC2CO)O[*])O)O,1.5289167002776547,10.1021_acs.chemmater.8b02062_part_1.txt_¶Î1_Material1
O=C([*])C(C)O[*],OCC1OC(C(C(C1[*])O)O)OC2C(C(C(OC2CO)O[*])O)O,O=CN(C)C,,,1.4919217125861508,10.1021_acs.iecr.5b02969_part_1.txt_¶Î1_Material1
O=C([*])C(C)O[*],O=C(C1=CC=C(C=C1)C(OCC[*])=O)O[*],OC1=C2C(C3(O)C4C5C6=C7C8C(C9=CC(C(O)=O)=C(C=C(C=C%10C(O)=O)C%11%12)C(C%11=C%13C%14C%15%16C%17(O%16)C%18C%19=C%20C%21=C%22C(C(O)=C%23)=C%24C%25C%21=C%26C%19=C%27C%17=C%28C%14(O)C%12=C%10C=C%28CC%27=CC%26=CC%25=C(C(O)=O)C=C%24)C9=C7C%13(O)C5=C%15C3=C%18C%29%30C%20(O%30)C%31C%22C%23=C%32)=CC(C(O)=O)=CC8=CC6=C(C(O)=O)C4=C2)=C%29C%33=C%31C%32=C(C(O)=O)C=C%331,,,1.730782275666389,10.1021_acs.iecr.8b01597_part_4.txt_¶Î1_Material1
O=C([*])C(C)O[*],[*]C([C@H](C)OC([C@H](C)O[*])=O)=O,O=C([*])C(C)O[*],,,1.81424759573192,10.1021_acs.iecr.8b05764_part_4.txt_¶Î1_Material1
O=C([*])C(C)O[*],OCC1OC(C(C(C1[*])O)O)OC2C(C(C(OC2CO)O[*])O)O,N#CC(C1=CC=CC=N1)C1=CC=CC=C1,,,1.3710678622717365,10.1021_acs.macromol.8b00103_part_1.txt_¶Î1_Material1
O=C([*])C(C)O[*],OCC1OC(C(C(C1O)O[*])O)OC2C(C(C(OC2COS(=O)(O)=O)[*])NC(C)=O)O,,,,1.57978359661681,10.1021_acsapm.0c00673_part_3.txt_¶Î1_Material4
O=C([*])C(C)O[*],OCC(C(C(C1N)O)O[*])OC1OC2C(OC(C(C2O)N)[*])CO,[*]CCC(CCCC(CCCC(C[*])C)C)C,,,1.6522463410033232,10.1021_acsbiomaterials.9b00684_part_4.txt_¶Î1_Material2
O=C([*])C(C)O[*],OCC1OC(C(C(C1[*])O)O)OC2C(C(C(OC2CO)O[*])O)O,[*]OCCCCOC(CCC([*])=O)=O,,,1.8536982117761744,10.1021_acssuschemeng.9b06308_part_1.txt_¶Î1_Material1
O=C([*])C(C)O[*],C[Si](C)(C[*])O[*],,,,1.4014005407815442,10.1038_s41428-024-00971-0_OA_part_2.txt_¶Î1_Material1
O=C([*])C(C)O[*],[*]CC(C#N)[*],OCC1OC(C(C(C1[*])O)O)OC2C(C(C(OC2CO)O[*])O)O,,,1.845098040014257,10.1039_c5nr01354b_part_3.txt_¶Î1_Material2
O=C([*])C(C)O[*],[*]NCC(NC(C(ONCC(NC(C(NCC(NC(C([*])=O)C)=O)=O)C)=O)=O)CO)=O,[*]NCC(NC(C(ONCC(NC(C(NCC(NC(C([*])=O)C)=O)=O)C)=O)=O)CO)=O,,,1.9242792860618816,10.1080_00222348.2018.1558590_part_2.txt_¶Î1_Material2
O=C([*])C(C)O[*],[*]C1C(OC(C(C1O)O)OC2C(OC(C(C2O)O)O[*])CO)CO,OCC(C(C(C1N)O)O[*])OC1OC2C(OC(C(C2O)N)[*])CO,OCC(C(C(C1N)O)O[*])OC1OC2C(OC(C(C2O)N)[*])CO,OCC(O)CO,1,10.1080_03602559.2016.1211683_part_3.txt_¶Î1_Material1
O=C([*])C(C)O[*],[H][O-],O=C([*])C(C)O[*],,,1.714329759745233,10.1080_09243046.2013.843814_part_2.txt_¶Î1_Material1
O=C([*])C(C)O[*],O=C([*])C(C)O[*],[*]CC[*],OCC1OC(C(C(C1[*])O)O)OC2C(C(C(OC2CO)O[*])O)O,,1.7481880270062005,10.1080_09276440.2018.1439622_part_4.txt_¶Î1_Material1
O=C([*])C(C)O[*],[*]OC1C(C(O)=O)OC(OC2C(NC(C)=O)C([*])OC(CO)C2O)C(O)C1O,[*]OC1C(C(O)=O)OC(OC2C(NC(C)=O)C([*])OC(CO)C2O)C(O)C1O,OC1=C2C(C3(O)C4C5C6=C7C8C(C9=CC(C(O)=O)=C(C=C(C=C%10C(O)=O)C%11%12)C(C%11=C%13C%14C%15%16C%17(O%16)C%18C%19=C%20C%21=C%22C(C(O)=C%23)=C%24C%25C%21=C%26C%19=C%27C%17=C%28C%14(O)C%12=C%10C=C%28CC%27=CC%26=CC%25=C(C(O)=O)C=C%24)C9=C7C%13(O)C5=C%15C3=C%18C%29%30C%20(O%30)C%31C%22C%23=C%32)=CC(C(O)=O)=CC8=CC6=C(C(O)=O)C4=C2)=C%29C%33=C%31C%32=C(C(O)=O)C=C%331,,1.7701152947871015,10.1080_14658011.2018.1534391_part_2.txt_¶Î1_Material1
O=C([*])C(C)O[*],C=C([CH3])C(=O)OC([CH3])[CH3],C1OC1C[N+]([CH3])([CH3])[CH3].[Cl-],,,1.6739419986340878,10.1080_14658011.2021.1913810_part_2.txt_¶Î1_Material1
O=C([*])C(C)O[*],[*]C1C(C(C(OC1C(O[Na])=O)OC2C(C(O[Na])=O)OC(O[*])C(O)C2O)O)O,[*]CC[*],,,1.7251763014191372,10.1088_1757-899x_223_1_012016_part_2.txt_¶Î1_Material1
O=C([*])C(C)O[*],[H][O-],[*]NC(C(N1CCCC1C(NCC(N2CC(CC2C(NC(C(NCC([*])=O)=O)CO)=O)O)=O)=O)=O)CCCCN,[*]OCCOC(CC(C([*])=O)C(C1CCCCC1)CC(CC(O)=O)C(OCCO)=O)=O,,1.515873843711679,10.1088_2053-1591_ab748a_part_1.txt_¶Î1_Material1
O=C([*])C(C)O[*],O=C([*])C(C)O[*],C/C(C[*])=C/C[*],,,1.4771212547196624,10.1134_s0965545x16020164_part_1.txt_¶Î1_Material1
O=C([*])C(C)O[*],O=[Si]=O,O=[Si]=O,O=[Si]=O,O=[Si]=O,1.4060289449636152,10.1177_0021998319826377_part_3.txt_¶Î1_Material1
O=C([*])C(C)O[*],O=[Si]=O,O=[Si]=O,,,1.705607163404605,10.1177_0021998319826377_part_4.txt_¶Î1_Material1
O=C([*])C(C)O[*],[O-][Si]([O-])([O-])O[Si]([O-])([O-])[O-].[Ca+2],OCC1OC(C(C(C1[*])O)O)OC2C(C(C(OC2CO)O[*])O)O,,,2.0557604646877348,10.1177_0021998320963533_part_1.txt_¶Î1_Material1
O=C([*])C(C)O[*],OCC1OC(C(C(C1[*])O)O)OC2C(C(C(OC2CO)O[*])O)O,O=C([*])C(C)O[*],,,1.6532125137753435,10.1177_0095244320988168_part_1.txt_¶Î1_Material1
O=C([*])C(C)O[*],[*]C(NC1=C(C)C(NC(OCCO[*])=O)=CC=C1)=O,[*]C(C)C[*],,,1.2430380486862944,10.1177_0734904119886258_part_2.txt_¶Î1_Material1
O=C([*])C(C)O[*],[*]CC(C1=CC=CC=C1)[*],O=C=NCCCCCCN=C=O,O=C([*])C(C)O[*],,1.7781512503836436,10.1177_0885328212453634_part_3.txt_¶Î1_Material1
O=C([*])C(C)O[*],O=[Al]O[Al]=O.O=[Si]=O.O=[Si]=O.O=[Si]=O,O=C([*])C(C)O[*],,,1.8504011479971585,10.1177_0892705714526912_part_3.txt_¶Î1_Material1
O=C([*])C(C)O[*],[*]OCCOC(CC(C([*])=O)C(C1CCCCC1)CC(CC(O)=O)C(OCCO)=O)=O,[*]OCCOC(CC(C([*])=O)C(C1CCCCC1)CC(CC(O)=O)C(OCCO)=O)=O,,,1.7092699609758308,10.1177_0892705719828801_part_1.txt_¶Î1_Material1
O=C([*])C(C)O[*],O=[Si]=O,[*]OCC[*],,,1.625312450961674,10.1177_096739111702500508_part_2.txt_¶Î1_Material1
O=C([*])C(C)O[*],[*]CCCC([*])C(OC)=O,O=C([*])C(C)O[*],O=[Si]=O,,1.6283889300503116,10.1177_1528083716648763_part_4.txt_¶Î1_Material1
O=C([*])C(C)O[*],OCC1OC(C(C(C1[*])O)O)OC2C(C(C(OC2CO)O[*])O)O,OCC1OC(C(C(C1[*])O)O)OC2C(C(C(OC2CO)O[*])O)O,[*]N1C(C2=CC3=C(C=C2C1=O)C(N(C3=O)C4=CC=C(C=C4)OC5=CC=C(C=C5)[*])=O)=O,,1.6020599913279625,10.1177_8756087920915745_part_1.txt_¶Î1_Material1
O=C([*])C(C)O[*],O=[Mg].O=[Si]=O.O=[Si]=O.O=[Si]=O.O=[Si]=O.O=[Mg].O=[Mg].O,OC1=C2C(C3(O)C4C5C6=C7C8C(C9=CC(C(O)=O)=C(C=C(C=C%10C(O)=O)C%11%12)C(C%11=C%13C%14C%15%16C%17(O%16)C%18C%19=C%20C%21=C%22C(C(O)=C%23)=C%24C%25C%21=C%26C%19=C%27C%17=C%28C%14(O)C%12=C%10C=C%28CC%27=CC%26=CC%25=C(C(O)=O)C=C%24)C9=C7C%13(O)C5=C%15C3=C%18C%29%30C%20(O%30)C%31C%22C%23=C%32)=CC(C(O)=O)=CC8=CC6=C(C(O)=O)C4=C2)=C%29C%33=C%31C%32=C(C(O)=O)C=C%331,,,1.73559889969818,10.1295_koron.2015-0008_part_1.txt_¶Î1_Material1
O=C([*])C(C)O[*],[Al],C/C(C[*])=C/C[*],[*]C(F)(C(F)([*])F)F,,1.963787827345556,10.1295_koron.68.370_part_2.txt_¶Î1_Material1
O=C([*])C(C)O[*],[*]C1=CC=C(C=C1)C(N[*])=O,,,,1.963787827345556,10.1295_koron.68.370_part_2.txt_¶Î1_Material2
O=C([*])C(C)O[*],O=[Al]O[Al]=O.O=[Si]=O.O=[Si]=O.O=[Si]=O,OCC1OC(C(C(C1[*])O)O)OC2C(C(C(OC2CO)O[*])O)O,OC1=C2C(C3(O)C4C5C6=C7C8C(C9=CC(C(O)=O)=C(C=C(C=C%10C(O)=O)C%11%12)C(C%11=C%13C%14C%15%16C%17(O%16)C%18C%19=C%20C%21=C%22C(C(O)=C%23)=C%24C%25C%21=C%26C%19=C%27C%17=C%28C%14(O)C%12=C%10C=C%28CC%27=CC%26=CC%25=C(C(O)=O)C=C%24)C9=C7C%13(O)C5=C%15C3=C%18C%29%30C%20(O%30)C%31C%22C%23=C%32)=CC(C(O)=O)=CC8=CC6=C(C(O)=O)C4=C2)=C%29C%33=C%31C%32=C(C(O)=O)C=C%331,[*]CCCC([*])C(OC)=O,1.6334684555795864,10.1515_epoly-2021-0072_OA_part_1.txt_¶Î1_Material1
O=C([*])C(C)O[*],O=[Al]O[Al]=O.O=[Si]=O.O=[Si]=O.O=[Si]=O,O=C=NC(C=C1)=CC=C1CC2=CC=C(C=C2)N=C=O,[*]N1C(C2=CC3=C(C=C2C1=O)C(N(C3=O)C4=CC=C(C=C4)OC5=CC=C(C=C5)[*])=O)=O,,2.2528530309798933,10.1515_epoly-2021-0072_OA_part_2.txt_¶Î1_Material1
O=C([*])C(C)O[*],[*]OCC[*],C/C(C[*])=C/C[*],[*]C(CCCCC(OCCCCO[*])=O)=O,,1.6989700043360187,10.1515_rams-2023-0140_OA_part_1.txt_¶Î1_Material1
O=C([*])C(C)O[*],[*]CC(C#N)[*],[*]OCC[*],,,1.5187770689267748,10.1590_0104-1428.20210013_OA_part_2.txt_¶Î1_Material1
O=C([*])C(C)O[*],O=[Mg].O=[Si]=O.O=[Si]=O.O=[Si]=O.O=[Si]=O.O=[Mg].O=[Mg].O,OCC1OC(C(C(C1[*])O)O)OC2C(C(C(OC2CO)O[*])O)O,[*]OCC[*],,1.6031443726201824,10.22146_ijc.80830_OA_part_2.txt_¶Î1_Material1
O=C([*])C(C)O[*],[*]CCC(CCCC(CCCC(C[*])C)C)C,OCC1OC(C(C(C1O[*])O)O)[*],,,1.963787827345556,10.3144_expresspolymlett.2019.59_part_1.txt_¶Î1_Material1
O=C([*])C(C)O[*],OCC1OC(C(C(C1[*])O)O)OC2C(C(C(OC2CO)O[*])O)O,[*]CCC(CCCCCC)C[*],,,1.6127838567197357,10.3144_expresspolymlett.2022.13_OA_part_2.txt_¶Î1_Material1
O=C([*])C(C)O[*],OCC(O)CO,[*]O[C@@]([H])(C)C(O[C@](C)([H])C([*])=O)=O,[Ag+],,1.827369273053825,10.3389_fchem.2020.00688_part_1.txt_¶Î1_Material1
O=C([*])C(C)O[*],[*]CCC(CCCC(CCCC(C[*])C)C)C,O=C([*])C(C)O[*],,,1.6135247028536523,10.3390_ijms130910920_part_1.txt_¶Î1_Material1
O=C([*])C(C)O[*],C=C(C(OCC1CO1)=O)C,[*]OCCCCOC(CCC([*])=O)=O,,,1.3873898263387294,10.3390_polym10121401_part_1.txt_¶Î1_Material1
O=C([*])C(C)O[*],O=[Si]=O.O=[Al]O[Al]=O.O=[Si]=O.O=[Si]=O.O=[Si]=O.O,,,,1.60422605308447,10.33910_2687-153x-2021-2-2-68-73_OA_part_1.txt_¶Î1_Material1
O=C([*])C(C)O[*],[*]NC(C1=CC=C2C(C(N(C2=O)C3=CC=C(C=C3)CC4=CC=C([*])C=C4)=O)=C1)=O,,,,1.7846172926328754,10.37358_mp.20.3.5377_OA_part_2.txt_¶Î1_Material1
O=C([*])C(C)O[*],OCC1OC(C(C(C1[*])O)O)OC2C(C(C(OC2CO)O[*])O)O,O=C(OOC(=O)C1=CC=CC=C1)C1=CC=CC=C1,,,1.551449997972875,10.4028_www.scientific.net_amm.200.312_part_1.txt_¶Î1_Material1
O=C([*])C(C)O[*],C/C(C[*])=C/C[*],C/C(C[*])=C/C[*],OCC1OC(C(C(C1O[*])O)O)[*],,1.3077099234048066,10.4028_www.scientific.net_amr.1125.222_part_1.txt_¶Î1_Material1
O=C([*])C(C)O[*],[*]OCC[*],C/C(C[*])=C/C[*],[*]C1C(OC(C(C1O)O)OC2C(OC(C(C2O)O)O[*])CO)CO,,1.1986570869544226,10.4028_www.scientific.net_amr.802.144_part_1.txt_¶Î1_Material1
O=C([*])C(C)O[*],COC(C(C[*])([*])C)=O,O=[Si]=O,,,1.705007959333336,10.4028_www.scientific.net_kem.773.51_part_1.txt_¶Î1_Material1
O=C([*])C(C)O[*],[*]C/C=C/CCC([*])C#N,[*]NC(C(N1CCCC1C(NCC(N2CC(CC2C(NC(C(NCC([*])=O)=O)CO)=O)O)=O)=O)=O)CCCCN,,,1.6020599913279625,10.4028_www.scientific.net_kem.775.13_part_1.txt_¶Î1_Material1
O=C([*])C(C)O[*],OCC(C(C(C1N)O)O[*])OC1OC2C(OC(C(C2O)N)[*])CO,[H][O-],[*]NC(C(N1CCCC1C(NCC(N2CC(CC2C(NC(C(NCC([*])=O)=O)CO)=O)O)=O)=O)=O)CCCCN,,1.4520932490177314,10.59324_ejaset.2023.1(1).05_OA_part_1.txt_¶Î1_Material1
O=C([*])C(C)O[*],OCC1OC(OC2C(O)C(O)C(O[*])OC2CO)C(O)C(O)C1[*],O=C([*])C(C)O[*],,,1.7867514221455612,10.1002_adv.21779_part_2.txt_¶Î1_Material2
O=C([*])C(C)O[*],[*]O[C@H](C)CC([*])=O,[*]OCC[*],,,1.5622928644564746,10.1007_s10924-014-0654-y_part_2.txt_¶Î1_Material4
O=C([*])C(C)O[*],[*]C1C(O)C(O)C(OC2C(O)C(O)C(O[*])OC2COC(C)=O)OC1COC(C)=O,[*]OC1C(C(O)=O)OC(OC2C(NC(C)=O)C([*])OC(CO)C2O)C(O)C1O,,,1.4947110252052629,10.1007_s11665-020-04594-3_part_3.txt_¶Î1_Material2
O=C([*])C(C)O[*],O=C(OOC(=O)C1=CC=CC=C1)C1=CC=CC=C1,,,,1.8041394323353503,10.1515_epoly-2021-0072_OA_part_3.txt_¶Î1_Material2
