SMILE A,SMILE B,SMILE C,SMILE D,SMILE E,Young's Modulus (kPa) log10,À´Ô´
O=C([*])OC1=CC=C(C=C1)C(C)(C)C2=CC=C(C=C2)O[*],,,,,6.301029995663981,10.1002_app.33667_part_2.txt_¶Î1_Material1
OCC1OC(C(C(C1[*])O)O)OC2C(C(C(OC2CO)O[*])O)O,[Ca+2],[Mg],,,6.301029995663981,10.1007_s10570-019-02417-w_part_2.txt_¶Î1_Material1
[*]NC(C(N1CCCC1C(NCC(N2CC(CC2C(NC(C(NCC([*])=O)=O)CO)=O)O)=O)=O)=O)CCCCN,[Ag],OC1=C2C(C3(O)C4C5C6=C7C8C(C9=CC(C(O)=O)=C(C=C(C=C%10C(O)=O)C%11%12)C(C%11=C%13C%14C%15%16C%17(O%16)C%18C%19=C%20C%21=C%22C(C(O)=C%23)=C%24C%25C%21=C%26C%19=C%27C%17=C%28C%14(O)C%12=C%10C=C%28CC%27=CC%26=CC%25=C(C(O)=O)C=C%24)C9=C7C%13(O)C5=C%15C3=C%18C%29%30C%20(O%30)C%31C%22C%23=C%32)=CC(C(O)=O)=CC8=CC6=C(C(O)=O)C4=C2)=C%29C%33=C%31C%32=C(C(O)=O)C=C%331,OCC(C(C(C1N)O)O[*])OC1OC2C(OC(C(C2O)N)[*])CO,[*]C1C(OC(C(C1O)O)OC2C(OC(C(C2O)O)O[*])CO)CO,6.052936217579409,10.3390_coatings6040041_part_2.txt_¶Î1_Material1
C[Si](C)(C[*])O[*],C[N+](CCO)(CCO)[3H],,,,3.645422269349092,10.1002_app.36479_part_2.txt_¶Î1_Material2
[*]C(C)C[*],,,,,6.079181246047625,10.1007_s10924-010-0230-z_part_1.txt_¶Î1_Material1
[*]CC(C1=CC=CC=C1)[*],[*]CC(CC=CCC([*])C1=CC=CC=C1)C#N,[*]CC(C1=CC=CC=C1)C/C=C/C[*],[*]CC(CCCC(CC)CC([*])C1=CC=CC=C1)C2=CC=CC=C2,O=[Ti]=O,6,10.1002_app.48329_part_2.txt_¶Î1_Material1
[*]C(C)C[*],O=[Al]O[Al]=O.O=[Si]=O.O=[Si]=O.O=[Si]=O,O=[Al]O[Al]=O.O=[Si]=O.O=[Si]=O.O=[Si]=O,,,6.260023660694307,10.1002_mame.201500107_part_1.txt_¶Î1_Material1
O=C(C(C[*])[*])N,[*]C(CCCCC(OCCCCO[*])=O)=O,[O-][Si](O[Si]([O-])=O)=O,O=[Si]=O,,2.113943352306837,10.1016_j.eurpolymj.2018.10.031_part_1.txt_¶Î1_Material1
[*]C(C)C[*],C12=C3C(C=CC4C3=C5C(CC6=CC7=C8C9=C(C(C=C%10)=CC=C9C=C7)C%11=C%10C%12)=CC4)=CC=C1C=C%12C%13=C%11C8=C6C5=C2%13,,,,6.090540199754235,10.1515_polyeng-2021-0216_OA_part_2.txt_¶Î1_Material1
O=C(C1=CC=C(C=C1)C(OCC[*])=O)O[*],[*]C(F)(C(F)([*])F)F,O=[Si]=O,C12=CC3=CC4=CC=CN=C4N=C3N=C1N=C5N=C6N=CC=CC6=CC5=C2,O=[Al]O[Al]=O,5.79546289439038,10.1177_0021998314545183_part_1.txt_¶Î1_Material1
[*]OC(CC(OC(CC([*])=O)CC)=O)C,,,,,5.301029995663981,10.1016_j.polymertesting.2016.09.022_part_2.txt_¶Î1_Material1
[*]NC(C)C(N1CCCC1C([*])=O)=O,[*]OC1C(C(O)=O)OC(OC2C(NC(C)=O)C([*])OC(CO)C2O)C(O)C1O,C(CC=O)CC=O,OC(C(C)(CC(C1=CC=CC=C1)[*])CC(C[*])(C(OCC2CO2)=O)C)=O,,4.176091259055681,10.1179_1743284715y.0000000097_part_2.txt_¶Î1_Material1
[*]CC[*],,,,,5.079181246047625,10.1016_j.jscs.2011.12.024_part_1.txt_¶Î1_Material1
[*]C(NC1=C(C)C(NC(OCCO[*])=O)=CC=C1)=O,[*]C(CCCCCO[*])=O,,,,5.079181246047625,10.4236_ojpchem.2018.81002_OA_part_1.txt_¶Î1_Material1
OCC1OC(C(C(C1[*])O)O)OC2C(C(C(OC2CO)O[*])O)O,OC1=C2C(C3(O)C4C5C6=C7C8C(C9=CC(C(O)=O)=C(C=C(C=C%10C(O)=O)C%11%12)C(C%11=C%13C%14C%15%16C%17(O%16)C%18C%19=C%20C%21=C%22C(C(O)=C%23)=C%24C%25C%21=C%26C%19=C%27C%17=C%28C%14(O)C%12=C%10C=C%28CC%27=CC%26=CC%25=C(C(O)=O)C=C%24)C9=C7C%13(O)C5=C%15C3=C%18C%29%30C%20(O%30)C%31C%22C%23=C%32)=CC(C(O)=O)=CC8=CC6=C(C(O)=O)C4=C2)=C%29C%33=C%31C%32=C(C(O)=O)C=C%331,[Zn]=O,O=[Ti]=O,OC1=C2C(C3(O)C4C5C6=C7C8C(C9=CC(C(O)=O)=C(C=C(C=C%10C(O)=O)C%11%12)C(C%11=C%13C%14C%15%16C%17(O%16)C%18C%19=C%20C%21=C%22C(C(O)=C%23)=C%24C%25C%21=C%26C%19=C%27C%17=C%28C%14(O)C%12=C%10C=C%28CC%27=CC%26=CC%25=C(C(O)=O)C=C%24)C9=C7C%13(O)C5=C%15C3=C%18C%29%30C%20(O%30)C%31C%22C%23=C%32)=CC(C(O)=O)=CC8=CC6=C(C(O)=O)C4=C2)=C%29C%33=C%31C%32=C(C(O)=O)C=C%331,7.322219294733919,10.1016_j.carbpol.2021.118507_part_4.txt_¶Î1_Material1
[*]C(NC1=C(C)C(NC(OCCO[*])=O)=CC=C1)=O,[*]C([H])([H])C(O)([H])[*],,,,5.575187844927661,10.1016_j.carbon.2017.04.002_part_1.txt_¶Î1_Material1
[*]CC(COC1=CC=C(C=C1)C(C)(C)C2=CC=C(C=C2)O[*])O,[*]C([H])([H])C(O)([H])[*],,,,6.184691430817598,10.1177_0021998320969793_part_2.txt_¶Î1_Material1
O=C(C1=CC=C(C=C1)C(OCC[*])=O)O[*],[*]C(NC1=C(C)C(NC(OCCO[*])=O)=CC=C1)=O,,,,6,10.1002_app.41246_part_1.txt_¶Î1_Material1
[*]C1C(C(C(OC1C(O[Na])=O)OC2C(C(O[Na])=O)OC(O[*])C(O)C2O)O)O,O=C(C(C[*])[*])N,[Na+].[Cl-],,,1.6989700043360187,10.1016_j.coco.2021.100837_part_1.txt_¶Î1_Material1
[*]C(C)C[*],O=C([*])OC1=CC=C(C=C1)C(C)(C)C2=CC=C(C=C2)O[*],,,,6.079181246047625,10.1002_app.38764_part_1.txt_¶Î1_Material1
[*]C(C)C[*],CC(CC(C(C(O1)=O)CC1=O)[*])C[*],O=[Al]O[Al]=O.O=[Si]=O.O=[Si]=O.O=[Si]=O,O=[Al]O[Al]=O.O=[Si]=O.O=[Si]=O.O=[Si]=O,,5.444825199509748,10.1177_0021998311413686_part_1.txt_¶Î1_Material1
[*]OCC[*],CCCC[Sn](OC(CC(C)CCCCCCCC)=O)(OC(CCCCCCCCCCC)=O)CCCC,,,,5.395501124305626,10.1002_app.38486_part_1.txt_¶Î1_Material1
[*]C(C)C[*],[*]CC[*],OCC1OC(C(C(C1[*])O)O)OC2C(C(C(OC2CO)O[*])O)O,NC1=CC=C(C=C1)/C2=C3C=C/C(N\3)=C(C4=N/C(C=C4)=C(C5=CC=C(N5)/C(C6=CC=CC=C6)=C7N=C2C=C\7)/C8=CC=CC=C8)\C9=CC=CC=C9,,6.720572720364261,10.1002_pc.22650_part_1.txt_¶Î1_Material1
[*]C(C)C[*],C/C(C[*])=C/C[*],[S],OC1=C2C(C3(O)C4C5C6=C7C8C(C9=CC(C(O)=O)=C(C=C(C=C%10C(O)=O)C%11%12)C(C%11=C%13C%14C%15%16C%17(O%16)C%18C%19=C%20C%21=C%22C(C(O)=C%23)=C%24C%25C%21=C%26C%19=C%27C%17=C%28C%14(O)C%12=C%10C=C%28CC%27=CC%26=CC%25=C(C(O)=O)C=C%24)C9=C7C%13(O)C5=C%15C3=C%18C%29%30C%20(O%30)C%31C%22C%23=C%32)=CC(C(O)=O)=CC8=CC6=C(C(O)=O)C4=C2)=C%29C%33=C%31C%32=C(C(O)=O)C=C%331,O=C(O)CCCCCCCCCCCCCCCCC,5.180756492303559,10.15282_ijame.8.2013.19.0107_OA_part_1.txt_¶Î1_Material1
[*]CC[*],[*]C(C)C[*],[*]CC(C1=CC=CC=C1)[*],O=C(C1=CC=C(C=C1)C(OCC[*])=O)O[*],[*]CC([*])Cl,5.949390006644912,10.1002_pts.2551_part_1.txt_¶Î1_Material1
O=C([*])OC1=CC=C(C=C1)C(C)(C)C2=CC=C(C=C2)O[*],[H][O-],,,,5.8444771757456815,10.4028_www.scientific.net_msf.714.139_part_1.txt_¶Î1_Material1
[*]CC(COC1=CC=C(C=C1)C(C)(C)C2=CC=C(C=C2)O[*])O,[Zn]=O,[Zn]=O,,,6.174931593528442,10.1016_j.porgcoat.2011.03.004_part_1.txt_¶Î1_Material1
O=C([*])OC1=CC=C(C=C1)C(C)(C)C2=CC=C(C=C2)O[*],[*]CC(CC=CCC([*])C1=CC=CC=C1)C#N,,,,6.057099097526547,10.1002_pc.22342_part_1.txt_¶Î1_Material1
[*]CC[*],O=C1C([*])C(CC[*])C(O1)=O,[H][Si]([H])([H])[H],,,6.377563035549853,10.1016_j.polymertesting.2016.12.026_part_1.txt_¶Î1_Material1
[*]OCCCCOC(CCC([*])=O)=O,[*]C1C(OC(C(C1O)O)OC2C(OC(C(C2O)O)O[*])CO)CO,OCC(O)CO,O=C=NC(C=C1)=CC=C1CC2=CC=C(C=C2)N=C=O,,5.79309160017658,10.7569_jrm.2013.634135_part_1.txt_¶Î1_Material1
O=C(C1=CC=C(C=C1)C(OCC[*])=O)O[*],[Al],[C],,,6.041392685158225,10.1007_s42452-018-0048-1_part_1.txt_¶Î1_Material1
[*]OCCOC(CC(C([*])=O)C(C1CCCCC1)CC(CC(O)=O)C(OCCO)=O)=O,C=C(C)C(=O)OCC(O)COC1=CC=C(C(C2=CC=C(O)C=C2)(C)C)C=C1,C(C1=CC=C(N2C(=O)C=CC2=O)C=C1)C1=CC=C(N2C(=O)C=CC2=O)C=C1,,,5.893206753059848,10.1177_0954008311436263_part_1.txt_¶Î1_Material1
O=C(C1=CC=C(C=C1)C(OCC[*])=O)O[*],[*]CC(COC1=CC=C(C=C1)C(C)(C)C2=CC=C(C=C2)O[*])O,[*]C(C)C[*],[*]CC[*],[*]CC[*],6.301029995663981,10.3390_polym13091369_part_2.txt_¶Î1_Material1
O=C(C1=CC=C(C=C1)C(OCC[*])=O)O[*],O=[Al]O[Al]=O,O=[Ti]=O,O=[Si]=O,O=[Si]=O,6.252644325390492,10.1016_j.porgcoat.2013.07.009_part_1.txt_¶Î1_Material1
[*]C(C)C[*],OCC1OC(C(C(C1[*])O)O)OC2C(C(C(OC2CO)O[*])O)O,,,,5.377488383376133,10.1016_j.conbuildmat.2013.09.028_part_1.txt_¶Î1_Material1
[*]C1C(OC(C(C1O)O)OC2C(OC(C(C2O)O)O[*])CO)CO,O=C([*])C(C)O[*],OCC(O)CO,OC[C@@H]([C@H]([C@@H]([C@@H](CO)O)O)O)O,[*]OCC[*],6.301029995663981,10.1007_s10924-021-02207-1_part_1.txt_¶Î1_Material1
[*]C(C)C[*],[*]CC[*],O=[Si]=O.[Ca]=O,O=[Si]=O,,6.778151250383644,10.1617_s11527-013-0098-1_part_1.txt_¶Î1_Material1
O=C(C1=CC=C(C([*])=O)C=C1)NC2=CCC(N[*])C=C2,O=[Al]O[Al]=O.O=[Si]=O.O=[Si]=O.O=[Si]=O,CCCCCCCCCCCCCCCC[N+](C)(C)C.[Br-],O=[Al]O[Al]=O.O=[Si]=O.O=[Si]=O.O=[Si]=O,,6.3979400086720375,10.1080_03602551003773163_part_1.txt_¶Î1_Material1
[*]CC([*])Cl,O=C([O-])[O-].[Ca+2],[Mg]=O,O=[Al]O[Al]=O,O=[Si]=O,6.176091259055681,10.1002_app.51469_part_1.txt_¶Î1_Material1
[*]C(C)C[*],CC(CC(C(C(O1)=O)CC1=O)[*])C[*],[*]C/C=C/CCC([*])C#N,,,6,10.1080_03602559.2010.496420_part_1.txt_¶Î1_Material1
[*]C1C(O)C(O)C(OC2C(O)C(O)C(O[*])OC2COC(C)=O)OC1COC(C)=O,[*]C1C(O)C(O)C(OC2C(O)C(O)C(O[*])OC2COCCO)OC1COCCO,O=C(C1=CC=C(C=C1)OCCOC(C=C)=O)C(C)(C)O,[C],,5.987634987448437,10.1016_j.carbpol.2018.12.026_part_1.txt_¶Î1_Material1
[*]C([H])([H])C(O)([H])[*],OCC1OC(OC2C(O)C(O)C(O[*])OC2CO)C(O)C(O)C1[*],,,,5.998808399880894,10.1002_mawe.202000030_part_2.txt_¶Î1_Material1
[*]CCCC([*])OC(C)=O,O=C([O-])[O-].[Ca+2],,,,4.195899652409234,10.1016_j.msea.2011.02.006_part_1.txt_¶Î1_Material1
O=C(C1=CC=C(C=C1)C(OCC[*])=O)O[*],[*]CC(COC1=CC=C(C=C1)C(C)(C)C2=CC=C(C=C2)O[*])O,[*]C([H])([H])C(O)([H])[*],,,6.477121254719663,10.1039_c3tb20059k_part_1.txt_¶Î1_Material1
[*]C(C)C[*],C/C(C[*])=C/C[*],NC1=CC=C(C=C1)/C2=C3C=C/C(N\3)=C(C4=N/C(C=C4)=C(C5=CC=C(N5)/C(C6=CC=CC=C6)=C7N=C2C=C\7)/C8=CC=CC=C8)\C9=CC=CC=C9,[H][Si]([H])([H])[H],,6.079181246047625,10.1002_pc.22178_part_1.txt_¶Î1_Material1
O=C([*])C(C)O[*],[*]C(CCCCCO[*])=O,,,,5.836197480778925,10.1155_2014_213180_part_1.txt_¶Î1_Material1
[*]CC[*],O=C(C1=CC=C(C=C1)C(OCC[*])=O)O[*],,,,6.220108088040055,10.4028_www.scientific.net_msf.659.85_part_1.txt_¶Î1_Material1
O=C(C(C[*])[*])N,[*]C1C(C(C(OC1C(O[Na])=O)OC2C(C(O[Na])=O)OC(O[*])C(O)C2O)O)O,O=C([O-])[O-].[Ca+2],,,0.9138138523837168,10.1021_bm501845j_part_1.txt_¶Î1_Material1
[*]C(C)C[*],NC1=CC=C(C=C1)/C2=C3C=C/C(N\3)=C(C4=N/C(C=C4)=C(C5=CC=C(N5)/C(C6=CC=CC=C6)=C7N=C2C=C\7)/C8=CC=CC=C8)\C9=CC=CC=C9,OCC1OC(C(C(C1[*])O)O)OC2C(C(C(OC2CO)O[*])O)O,,,5.531478917042255,10.1007_s12221-014-2160-1_part_1.txt_¶Î1_Material1
[*]CC[*],O=[Ti]=O,,,,6.204119982655925,10.1177_0307174x1804500104_part_1.txt_¶Î1_Material1
C/C(C[*])=C/C[*],[*]C/C=C/CCC(C=C)CC([*])C1=CC=CC=C1,O=[Si]=O,O=[Si]=O,,3.0791812460476247,10.4028_www.scientific.net_msf.695.332_part_1.txt_¶Î1_Material1
O=C(C1=CC=C(C=C1)C(OCC[*])=O)O[*],O=C([O-])[O-].[Ca+2],,,,6.086715663944882,10.1007_s12221-016-5612-y_part_1.txt_¶Î1_Material1
[*]C(C)C[*],[*]C/C=C/CCC([*])C#N,,,,6.004321373782642,10.1177_0307174x1704400603_part_1.txt_¶Î1_Material1
O=C([*])CCCCCN[*],OC1=C2C(C3(O)C4C5C6=C7C8C(C9=CC(C(O)=O)=C(C=C(C=C%10C(O)=O)C%11%12)C(C%11=C%13C%14C%15%16C%17(O%16)C%18C%19=C%20C%21=C%22C(C(O)=C%23)=C%24C%25C%21=C%26C%19=C%27C%17=C%28C%14(O)C%12=C%10C=C%28CC%27=CC%26=CC%25=C(C(O)=O)C=C%24)C9=C7C%13(O)C5=C%15C3=C%18C%29%30C%20(O%30)C%31C%22C%23=C%32)=CC(C(O)=O)=CC8=CC6=C(C(O)=O)C4=C2)=C%29C%33=C%31C%32=C(C(O)=O)C=C%331,[H][Si]([H])([H])[H],[H][O-],,6.6452748593294935,10.4028_www.scientific.net_amr.299-300.460_part_1.txt_¶Î1_Material1
O=C([*])C(C)O[*],OC1=C2C(C3(O)C4C5C6=C7C8C(C9=CC(C(O)=O)=C(C=C(C=C%10C(O)=O)C%11%12)C(C%11=C%13C%14C%15%16C%17(O%16)C%18C%19=C%20C%21=C%22C(C(O)=C%23)=C%24C%25C%21=C%26C%19=C%27C%17=C%28C%14(O)C%12=C%10C=C%28CC%27=CC%26=CC%25=C(C(O)=O)C=C%24)C9=C7C%13(O)C5=C%15C3=C%18C%29%30C%20(O%30)C%31C%22C%23=C%32)=CC(C(O)=O)=CC8=CC6=C(C(O)=O)C4=C2)=C%29C%33=C%31C%32=C(C(O)=O)C=C%331,,,,6.196728722623287,10.1179_174328910x12691245470031_part_1.txt_¶Î1_Material1
OCC1OC(C(C(C1[*])O)O)OC2C(C(C(OC2CO)O[*])O)O,COC1=CC(/C=C/C=O)=CC(OC2=CC(C(C(OC3=CC=C(C=C3OC)C(C(CO)=O)O)CO)O)=CC=C2OC4=CC(C(C(COC5=CC=C(C=C5)C(C(CO)=O)O)=O)O)=CC=C4O)=C1,OCC1OC(C(C(C1[*])O)O)OC2C(C(C(OC2CO)O[*])O)O,[H]O[H],,6.8779469516291885,10.1016_j.compositesa.2011.02.007_part_2.txt_¶Î1_Material1
[*]CC(COC1=CC=C(C=C1)C(C)(C)C2=CC=C(C=C2)O[*])O,O=C(C1=CC=C(C=C1)C(OCC[*])=O)O[*],[*]C(C)C[*],[H][Si]([H])([H])[H],,6.698970004336019,10.1080_15440478.2020.1848723_part_5.txt_¶Î1_Material1
[*]C(C)C[*],[*]C(C)C[*],OCC1OC(C(C(C1[*])O)O)OC2C(C(C(OC2CO)O[*])O)O,NC1=CC=C(C=C1)/C2=C3C=C/C(N\3)=C(C4=N/C(C=C4)=C(C5=CC=C(N5)/C(C6=CC=CC=C6)=C7N=C2C=C\7)/C8=CC=CC=C8)\C9=CC=CC=C9,,6.283301228703549,10.1080_17480272.2011.606915_part_1.txt_¶Î1_Material1
[*]C(N(CN(C(OCOC(N(CN(C(OCCO[*])=O)[H])[H])=O)=O)[H])[H])=O,COC1=CC(/C=C/C=O)=CC(OC2=CC(C(C(OC3=CC=C(C=C3OC)C(C(CO)=O)O)CO)O)=CC=C2OC4=CC(C(C(COC5=CC=C(C=C5)C(C(CO)=O)O)=O)O)=CC=C4O)=C1,[Mg],N(CC)(CC)CC,O=C(CN(CN(CC(O)=O)CC(O)=O)CC(O)=O)O,4.230448921378274,10.3390_polym8090318_part_1.txt_¶Î1_Material1
O=C(C1=CC=C(C=C1)C(OCC[*])=O)O[*],O=[Al]O[Al]=O.O=[Si]=O.O=[Si]=O.O=[Si]=O,,,,6.661812685537261,10.1177_0021998312462618_part_2.txt_¶Î1_Material1
[*]CC(C1=CC=CC=C1)[*],OCC1OC(C(C(C1[*])O)O)OC2C(C(C(OC2CO)O[*])O)O,,,,6.246498580795801,10.1007_s10570-015-0787-8_part_2.txt_¶Î1_Material1
O=C(C1=CC=C(C=C1)C(OCC[*])=O)O[*],[O-][Si]([O-])([O-])O[Si]([O-])([O-])[O-].[Ca+2],[H][Si]([H])([H])[H],,,7,10.3390_fib6030058_part_4.txt_¶Î1_Material1
[*]C(N(CN(C(OCOC(N(CN(C(OCCO[*])=O)[H])[H])=O)=O)[H])[H])=O,,,,,4.743509764728429,10.1007_s00289-017-2088-x_part_5.txt_¶Î1_Material1
O=C([*])CCCCCN[*],[*]CCCC([*])C(OC)=O,[*]C/C=C/CCC([*])C#N,,,6.528736777724652,10.1002_app.32458_part_1.txt_¶Î1_Material1
[*]C(C)C[*],[Al],O=C(C1=CC=C(C([*])=O)C=C1)NC2=CCC(N[*])C=C2,O=[Si]=O,,6.247973266361806,10.1002_adv.21913_part_1.txt_¶Î1_Material1
[*]C(N(CN(C(OCOC(N(CN(C(OCCO[*])=O)[H])[H])=O)=O)[H])[H])=O,[H][Si]([H])([H])[H],OC1=C2C(C3(O)C4C5C6=C7C8C(C9=CC(C(O)=O)=C(C=C(C=C%10C(O)=O)C%11%12)C(C%11=C%13C%14C%15%16C%17(O%16)C%18C%19=C%20C%21=C%22C(C(O)=C%23)=C%24C%25C%21=C%26C%19=C%27C%17=C%28C%14(O)C%12=C%10C=C%28CC%27=CC%26=CC%25=C(C(O)=O)C=C%24)C9=C7C%13(O)C5=C%15C3=C%18C%29%30C%20(O%30)C%31C%22C%23=C%32)=CC(C(O)=O)=CC8=CC6=C(C(O)=O)C4=C2)=C%29C%33=C%31C%32=C(C(O)=O)C=C%331,,,5.222976449893391,10.1002_pc.23331_part_1.txt_¶Î1_Material1
[*]C(NC1=C(C)C(NC(OCCO[*])=O)=CC=C1)=O,O=[Si]=O,[H][Si]([H])([H])[H],[H][Si]([H])([H])[H],[H][Si]([H])([H])[H],4.658011396657113,10.1016_j.ijadhadh.2011.12.005_part_1.txt_¶Î1_Material1
O=C(C1=CC=C(C=C1)C(OCC[*])=O)O[*],[*]CC(CCCC(CC)CC([*])C1=CC=CC=C1)C2=CC=CC=C2,[*]CC(CCCC(CC)CC([*])C1=CC=CC=C1)C2=CC=CC=C2,,,6.156851901070011,10.1002_pi.6079_part_1.txt_¶Î1_Material1
OCC(C(C(C1N)O)O[*])OC1OC2C(OC(C(C2O)N)[*])CO,[*]C([H])([H])C(O)([H])[*],OC1=C2C(C3(O)C4C5C6=C7C8C(C9=CC(C(O)=O)=C(C=C(C=C%10C(O)=O)C%11%12)C(C%11=C%13C%14C%15%16C%17(O%16)C%18C%19=C%20C%21=C%22C(C(O)=C%23)=C%24C%25C%21=C%26C%19=C%27C%17=C%28C%14(O)C%12=C%10C=C%28CC%27=CC%26=CC%25=C(C(O)=O)C=C%24)C9=C7C%13(O)C5=C%15C3=C%18C%29%30C%20(O%30)C%31C%22C%23=C%32)=CC(C(O)=O)=CC8=CC6=C(C(O)=O)C4=C2)=C%29C%33=C%31C%32=C(C(O)=O)C=C%331,[Ag],[*]OCC[*],5.560743301054712,10.1039_c6ra12192f_part_1.txt_¶Î1_Material1
O=C([*])C(C)O[*],OP(O)(O)=O,O=C([*])C(C)O[*],,,6.578639209968072,10.3390_polym13152531_part_3.txt_¶Î1_Material1
[*]NC(C)C(N1CCCC1C([*])=O)=O,,,,,6.079181246047625,10.1016_j.jbiomech.2017.11.021_part_2.txt_¶Î1_Material1
[*]C(C)C[*],CC(CC(C(C(O1)=O)CC1=O)[*])C[*],[*]CC(CCCC(CC)CC([*])C1=CC=CC=C1)C2=CC=CC=C2,[O-][Si]([O-])([O-])O[Si]([O-])([O-])[O-].[Ca+2],,6.301897717195208,10.3390_ma8125451_part_1.txt_¶Î1_Material1
C/C(C[*])=C/C[*],[S],OC1=C2C(C3(O)C4C5C6=C7C8C(C9=CC(C(O)=O)=C(C=C(C=C%10C(O)=O)C%11%12)C(C%11=C%13C%14C%15%16C%17(O%16)C%18C%19=C%20C%21=C%22C(C(O)=C%23)=C%24C%25C%21=C%26C%19=C%27C%17=C%28C%14(O)C%12=C%10C=C%28CC%27=CC%26=CC%25=C(C(O)=O)C=C%24)C9=C7C%13(O)C5=C%15C3=C%18C%29%30C%20(O%30)C%31C%22C%23=C%32)=CC(C(O)=O)=CC8=CC6=C(C(O)=O)C4=C2)=C%29C%33=C%31C%32=C(C(O)=O)C=C%331,,,3.57978359661681,10.1016_j.compositesa.2011.12.015_part_1.txt_¶Î1_Material1
[*]C(C)C[*],[*]C(C)C[*],NC1=CC=C(C=C1)/C2=C3C=C/C(N\3)=C(C4=N/C(C=C4)=C(C5=CC=C(N5)/C(C6=CC=CC=C6)=C7N=C2C=C\7)/C8=CC=CC=C8)\C9=CC=CC=C9,[H][Si]([H])([H])[H],,6.193124598354461,10.3390_ma9050314_part_1.txt_¶Î1_Material1
[*]C(C)C[*],[Al],,,,6.301029995663981,10.1007_s10853-018-3049-y_part_1.txt_¶Î1_Material1
[*]NCC(NC(C(ONCC(NC(C(NCC(NC(C([*])=O)C)=O)=O)C)=O)=O)CO)=O,[*]C([H])([H])C(O)([H])[*],[*]C(C(OC1O[*])COC(O[Na])=O)C(O)C1N,[*]OCC[*],,6,10.3389_fphar.2023.1117542_OA_part_1.txt_¶Î1_Material1
[*]C(C)C[*],[*]C/C=C/CCC([*])C#N,CC(CC(C(C(O1)=O)CC1=O)[*])C[*],,,6.222716471147583,10.1002_vnl.21612_part_1.txt_¶Î1_Material1
[*]CC(COC1=CC=C(C=C1)C(C)(C)C2=CC=C(C=C2)O[*])O,[*]C/C=C/CCC(C/C=C\C[*])C=C,,,,6.281033367247727,10.1002_app.35417_part_1.txt_¶Î1_Material1
[*]CC(COC1=CC=C(C=C1)C(C)(C)C2=CC=C(C=C2)O[*])O,[Al],,,,6.869231719730976,10.1007_s10570-021-04037-9_part_1.txt_¶Î1_Material1
[*]C([H])([H])C(O)([H])[*],,,,,6.531478917042255,10.1002_pc.25894_part_2.txt_¶Î1_Material1
[*]C(C)C[*],O=[Si]=O,C12=CC3=CC4=CC=CN=C4N=C3N=C1N=C5N=C6N=CC=CC6=CC5=C2,CC(CC(C(C(O1)=O)CC1=O)[*])C[*],OC1=C2C(C3(O)C4C5C6=C7C8C(C9=CC(C(O)=O)=C(C=C(C=C%10C(O)=O)C%11%12)C(C%11=C%13C%14C%15%16C%17(O%16)C%18C%19=C%20C%21=C%22C(C(O)=C%23)=C%24C%25C%21=C%26C%19=C%27C%17=C%28C%14(O)C%12=C%10C=C%28CC%27=CC%26=CC%25=C(C(O)=O)C=C%24)C9=C7C%13(O)C5=C%15C3=C%18C%29%30C%20(O%30)C%31C%22C%23=C%32)=CC(C(O)=O)=CC8=CC6=C(C(O)=O)C4=C2)=C%29C%33=C%31C%32=C(C(O)=O)C=C%331,6.324981703087369,10.1007_s13726-020-00794-9_part_1.txt_¶Î1_Material1
O=C(C1=CC=C(C=C1)C(OCC[*])=O)O[*],[*]OC1OC(CO)C(OC2C(O)C(O)C([*])C(CO)O2)C(O)C1O,,,,6.510545010206612,10.4172_2165-8064.1000207_part_1.txt_¶Î1_Material1
O=C(C1=CC=C(C=C1)C(OCC[*])=O)O[*],[*]OCC[*],[*]OCC[*],[Na+].[Cl-],,6.079181246047625,10.1007_s10570-018-2101-z_part_1.txt_¶Î1_Material1
O=C([*])C(C)O[*],C/C(C[*])=C/C[*],CC1(CC(CC(C)(C1)C)N=C=O)CN=C=O,CCCC[Sn](OC(CC(C)CCCCCCCC)=O)(OC(CCCCCCCCCCC)=O)CCCC,,5.301029995663981,10.4028_www.scientific.net_kem.531-532.317_part_1.txt_¶Î1_Material1
O=C(C1=CC=C(C=C1)C(OCC[*])=O)O[*],[*]CC(C#N)[*],,,,5.326335860928752,10.1002_pc.23015_part_1.txt_¶Î1_Material1
[*]CCCCO[*],,,,,3.740362689494244,10.1007_s00289-017-2088-x_part_4.txt_¶Î1_Material1
[*]C(C)C[*],NC1=CC=C(C=C1)/C2=C3C=C/C(N\3)=C(C4=N/C(C=C4)=C(C5=CC=C(N5)/C(C6=CC=CC=C6)=C7N=C2C=C\7)/C8=CC=CC=C8)\C9=CC=CC=C9,O=[Al]O[Al]=O,O=[Si]=O,,6.342422680822207,10.1016_j.compositesa.2013.08.002_part_2.txt_¶Î1_Material1
[*]C1C(O)C(O)C(OC2C(O)C(O)C(O[*])OC2COCCO)OC1COCCO,OCC1OC(C(C(C1[*])O)O)OC2C(C(C(OC2CO)O[*])O)O,COC1=CC(/C=C/C=O)=CC(OC2=CC(C(C(OC3=CC=C(C=C3OC)C(C(CO)=O)O)CO)O)=CC=C2OC4=CC(C(C(COC5=CC=C(C=C5)C(C(CO)=O)O)=O)O)=CC=C4O)=C1,OC(C(CC(O)=O)(CC(O)=O)O)=O,,6.176091259055681,10.1126_sciadv.aay0929_part_1.txt_¶Î1_Material1
C/C(C[*])=C/C[*],[S],OC1=C2C(C3(O)C4C5C6=C7C8C(C9=CC(C(O)=O)=C(C=C(C=C%10C(O)=O)C%11%12)C(C%11=C%13C%14C%15%16C%17(O%16)C%18C%19=C%20C%21=C%22C(C(O)=C%23)=C%24C%25C%21=C%26C%19=C%27C%17=C%28C%14(O)C%12=C%10C=C%28CC%27=CC%26=CC%25=C(C(O)=O)C=C%24)C9=C7C%13(O)C5=C%15C3=C%18C%29%30C%20(O%30)C%31C%22C%23=C%32)=CC(C(O)=O)=CC8=CC6=C(C(O)=O)C4=C2)=C%29C%33=C%31C%32=C(C(O)=O)C=C%331,O=C(O)CCCCCCCCCCCCCCCCC,,3.505149978319906,10.1080_03602559.2010.496425_part_1.txt_¶Î1_Material1
O=C([*])OC1=CC=C(C=C1)C(C)(C)C2=CC=C(C=C2)O[*],[H][Si]([H])([H])[H],,,,6.301029995663981,10.1016_j.sna.2013.11.022_part_1.txt_¶Î1_Material1
O=C([*])C(C)O[*],C/C(C[*])=C/C[*],[S],OC1=C2C(C3(O)C4C5C6=C7C8C(C9=CC(C(O)=O)=C(C=C(C=C%10C(O)=O)C%11%12)C(C%11=C%13C%14C%15%16C%17(O%16)C%18C%19=C%20C%21=C%22C(C(O)=C%23)=C%24C%25C%21=C%26C%19=C%27C%17=C%28C%14(O)C%12=C%10C=C%28CC%27=CC%26=CC%25=C(C(O)=O)C=C%24)C9=C7C%13(O)C5=C%15C3=C%18C%29%30C%20(O%30)C%31C%22C%23=C%32)=CC(C(O)=O)=CC8=CC6=C(C(O)=O)C4=C2)=C%29C%33=C%31C%32=C(C(O)=O)C=C%331,O=C(O)CCCCCCCCCCCCCCCCC,6.2552725051033065,10.4028_www.scientific.net_msf.885.298_part_1.txt_¶Î1_Material1
[*]C(C)C[*],OCC1OC(OC2C(O)C(O)C(O[*])OC2CO)C(O)C(O)C1[*],NC1=CC=C(C=C1)/C2=C3C=C/C(N\3)=C(C4=N/C(C=C4)=C(C5=CC=C(N5)/C(C6=CC=CC=C6)=C7N=C2C=C\7)/C8=CC=CC=C8)\C9=CC=CC=C9,,,6.600972895686748,10.1007_s00289-010-0288-8_part_1.txt_¶Î1_Material1
[*]C1C(OC(C(C1O)O)OC2C(OC(C(C2O)O)O[*])CO)CO,[*]C([H])([H])C(O)([H])[*],O=[Al]O[Al]=O.O=[Si]=O.O=[Si]=O.O=[Si]=O,O=[Al]O[Al]=O.O=[Si]=O.O=[Si]=O.O=[Si]=O,OC(C(CC(O)=O)(CC(O)=O)O)=O,6.835500327867319,10.1016_j.compscitech.2010.05.022_part_1.txt_¶Î1_Material1
[*]CC[*],O=[Ti]=O,O=[Al]O[Al]=O,,,5.6020599913279625,10.1177_0731684413493340_part_2.txt_¶Î1_Material1
[*]C(C)C[*],COC(C(C[*])([*])C)=O,[*]OCCOC(CC(C([*])=O)C(C1CCCCC1)CC(CC(O)=O)C(OCCO)=O)=O,O=[Si]=O,O=C([O-])[O-].[Ca+2],6,10.1007_s10163-017-0673-6_part_1.txt_¶Î1_Material1
[*]C(C1=CC=C(C(OCCCCO[*])=O)C=C1)=O,O=[Al]O[Al]=O.O=[Si]=O.O=[Si]=O.O=[Si]=O,O=[Al]O[Al]=O.O=[Si]=O.O=[Si]=O.O=[Si]=O,O=[Al]O[Al]=O.O=[Si]=O.O=[Si]=O.O=[Si]=O,,6.447158031342219,10.1002_app.32616_part_1.txt_¶Î1_Material1
O=C(C1=CC=C(C=C1)C(OCC[*])=O)O[*],CC1(CC(CC(C)(C1)C)N=C=O)CN=C=O,N(CC)(CC)CC,CCCC[Sn](OC(CC(C)CCCCCCCC)=O)(OC(CCCCCCCCCCC)=O)CCCC,,6.3979400086720375,10.1016_j.porgcoat.2020.105545_part_1.txt_¶Î1_Material1
CC(C[*])O[*],,,,,5.710117365111817,10.4028_www.scientific.net_msf.986.18_part_1.txt_¶Î1_Material1
C/C(C[*])=C/C[*],OCC(O)CO,[*]OCC[*],,,4.891537457672564,10.4028_www.scientific.net_kem.737.287_part_1.txt_¶Î1_Material1
[*]CC[*],O=C1C([*])C(CC[*])C(O1)=O,,,,6.2455126678141495,10.1177_0892705720962170_part_1.txt_¶Î1_Material1
O=C([*])C(C)O[*],OP(O)(O)=O,,,,6.176091259055681,10.4028_www.scientific.net_kem.798.322_part_1.txt_¶Î1_Material1
[*]CCCC(C1C([*])C2CC1C/C2=C/C)C,[*]C/C=C/CCC(C=C)CC([*])C1=CC=CC=C1,[C],O=[Al]O[Al]=O.O=[Si]=O.O=[Si]=O.O=[Si]=O,,5,10.1515_ract-2019-3112_part_1.txt_¶Î1_Material1
O=C([*])C(C)O[*],C12=C3C(C=CC4C3=C5C(CC6=CC7=C8C9=C(C(C=C%10)=CC=C9C=C7)C%11=C%10C%12)=CC4)=CC=C1C=C%12C%13=C%11C8=C6C5=C2%13,,,,6.3979400086720375,10.1002_pc.26053_part_2.txt_¶Î1_Material1
[*]NC(C(N1CCCC1C(NCC(N2CC(CC2C(NC(C(NCC([*])=O)=O)CO)=O)O)=O)=O)=O)CCCCN,OCC(C(C(C1N)O)O[*])OC1OC2C(OC(C(C2O)N)[*])CO,[H]C(=O)/C([H])=C(\[H])C1=CC=CC=C1,OCCOC1C(OCCO)C(C(OCCO)COCCOC(CCCCCCCCCCCCCCCCC)=O)OC1,,6,10.1016_j.foodhyd.2017.12.012_part_1.txt_¶Î1_Material1
OCC1OC(C(C(C1[*])O)O)OC2C(C(C(OC2CO)O[*])O)O,O=C(C(C[*])[*])N,[Fe+3],,,1.146128035678238,10.1016_j.carbpol.2020.117010_part_1.txt_¶Î1_Material1
OCC1OC(C(C(C1[*])O)O)OC2C(C(C(OC2CO)O[*])O)O,OCC1OC(C(C(C1[*])O)O)OC2C(C(C(OC2CO)O[*])O)O,CCOC(=O)C(O)(CC(=O)OCC)CC(=O)OCC,,,6.719331286983727,10.1007_s10570-019-02881-4_part_1.txt_¶Î1_Material1
[*]CCCC(CCCCCC)[*],[*]C(C)C[*],[*]C(C)C[*],[*]C(C)C[*],,6.383653821462558,10.3144_expresspolymlett.2015.29_part_1.txt_¶Î1_Material1
OCC(C(C(C1N)O)O[*])OC1OC2C(OC(C(C2O)N)[*])CO,[*]NC(C(N1CCCC1C(NCC(N2CC(CC2C(NC(C(NCC([*])=O)=O)CO)=O)O)=O)=O)=O)CCCCN,[O-][Si]([O-])([O-])O[Si]([O-])([O-])[O-].[Ca+2],OC1=C2C(C3(O)C4C5C6=C7C8C(C9=CC(C(O)=O)=C(C=C(C=C%10C(O)=O)C%11%12)C(C%11=C%13C%14C%15%16C%17(O%16)C%18C%19=C%20C%21=C%22C(C(O)=C%23)=C%24C%25C%21=C%26C%19=C%27C%17=C%28C%14(O)C%12=C%10C=C%28CC%27=CC%26=CC%25=C(C(O)=O)C=C%24)C9=C7C%13(O)C5=C%15C3=C%18C%29%30C%20(O%30)C%31C%22C%23=C%32)=CC(C(O)=O)=CC8=CC6=C(C(O)=O)C4=C2)=C%29C%33=C%31C%32=C(C(O)=O)C=C%331,,5.176091259055681,10.1016_j.ijbiomac.2019.04.115_part_1.txt_¶Î1_Material1
[*]C(C)C[*],OCC1OC(C(C(C1[*])O)O)OC2C(C(C(OC2CO)O[*])O)O,[*]O[Si](C)(C)[*],,,6.363611979892144,10.1002_app.34308_part_2.txt_¶Î1_Material1
[*]C(C)C[*],OC1=C2C(C3(O)C4C5C6=C7C8C(C9=CC(C(O)=O)=C(C=C(C=C%10C(O)=O)C%11%12)C(C%11=C%13C%14C%15%16C%17(O%16)C%18C%19=C%20C%21=C%22C(C(O)=C%23)=C%24C%25C%21=C%26C%19=C%27C%17=C%28C%14(O)C%12=C%10C=C%28CC%27=CC%26=CC%25=C(C(O)=O)C=C%24)C9=C7C%13(O)C5=C%15C3=C%18C%29%30C%20(O%30)C%31C%22C%23=C%32)=CC(C(O)=O)=CC8=CC6=C(C(O)=O)C4=C2)=C%29C%33=C%31C%32=C(C(O)=O)C=C%331,,,,6.079181246047625,10.1080_15583724.2015.1019136_part_6.txt_¶Î1_Material1
[*]C(C)C[*],C12=C3C(C=CC4C3=C5C(CC6=CC7=C8C9=C(C(C=C%10)=CC=C9C=C7)C%11=C%10C%12)=CC4)=CC=C1C=C%12C%13=C%11C8=C6C5=C2%13,NC1=CC=C(C=C1)/C2=C3C=C/C(N\3)=C(C4=N/C(C=C4)=C(C5=CC=C(N5)/C(C6=CC=CC=C6)=C7N=C2C=C\7)/C8=CC=CC=C8)\C9=CC=CC=C9,,,6.829303772831025,10.3390_polym12020438_part_2.txt_¶Î1_Material1
[*]CC[*],OCC(C(C(C1N)O)O[*])OC1OC2C(OC(C(C2O)N)[*])CO,OCC(O)CO,,,6,10.1016_j.carbpol.2013.10.052_part_1.txt_¶Î1_Material1
O=C(CCCCC(N(CCCCCCN([*])[H])[H])=O)[*],[*]CC(COC1=CC=C(C=C1)C(C)(C)C2=CC=C(C=C2)O[*])O,O=[Si]=O,C12=CC3=CC4=CC=CN=C4N=C3N=C1N=C5N=C6N=CC=CC6=CC5=C2,C(C1=CC=C(N)C=C1)C1=CC=C(N)C=C1,6.477121254719663,10.1177_0021998314565410_part_1.txt_¶Î1_Material1
[*]CC[*],CCCCCCCCCCCCCCCCCCOC(CCC1=CC(C(C)(C)C)=C(C(C(C)(C)C)=C1)O)=O,,,,6,10.1134_s2075113315010141_part_1.txt_¶Î1_Material1
N#CC(C1=CC=CC=N1)C1=CC=CC=C1,[*]C([H])([H])C(O)([H])[*],[*]OCC[*],O=C(O)CCCCCCCCCCCCCCCCC,,5.190499779633488,10.1002_app.32961_part_1.txt_¶Î1_Material1
[*]NC(C(N1CCCC1C(NCC(N2CC(CC2C(NC(C(NCC([*])=O)=O)CO)=O)O)=O)=O)=O)CCCCN,OCC(O)CO,,,,4.843045810534569,10.1016_j.foodhyd.2019.105201_part_2.txt_¶Î1_Material1
[*]C1C(C(C(OC1C(O[Na])=O)OC2C(C(O[Na])=O)OC(O[*])C(O)C2O)O)O,[*]OC(C(C1O)O)OC(COC)C1OC(OC(C(C2O)OC3OC(C(C(C3OC)O)OC4OC(C(C(C4OC)O)[*])COC)CO)COC)C2OCC(OC)C,OCC(O)CO,CCO,OCCOC1C(OCCO)C(C(OCCO)COCCOC(CCCCCCCCCCCCCCCCC)=O)OC1,5.414973347970818,10.1002_app.48832_part_1.txt_¶Î1_Material1
O=C([*])C(C)O[*],C=C([CH3])C(=O)O[CH3],C=C(C(OCC1CO1)=O)C,,,6.698970004336019,10.1080_15440478.2021.1916672_part_1.txt_¶Î1_Material1
[*]CCCC(C1C([*])C2CC1C/C2=C/C)C,O=[Si]=O,O=[Si]=O,[H][Si]([H])([H])[H],,3.4913616938342726,10.1039_c8sm01712c_part_1.txt_¶Î1_Material1
[*]C(C)C[*],[C],,,,6.17897694729317,10.1002_app.32540_part_2.txt_¶Î1_Material1
O=C(C(C[*])[*])N,[*]NC(C)C(N1CCCC1C([*])=O)=O,,,,1.3010299956639813,10.1002_bit.24810_part_1.txt_¶Î1_Material1
[*]CCC(CCCC(CCCC(C[*])C)C)C,,,,,6.396199347095736,10.1016_j.polymertesting.2018.11.048_part_5.txt_¶Î1_Material1
[*]C(CCCCCO[*])=O,,,,,4.0178677189635055,10.1179_1432891714z.0000000001089_part_1.txt_¶Î1_Material1
O=C(C1=CC=C(C=C1)C(OCC[*])=O)O[*],[H]O[H],,,,7.382772885803203,10.1155_2014_526346_part_2.txt_¶Î1_Material1
O=C([*])CCCCCN[*],C(C)(C1=CC=C(OCC2CO2)C=C1)(C)C1=CC=C(OCC2CO2)C=C1,,,,6.154423973114647,10.1002_app.33662_part_2.txt_¶Î1_Material1
OCC1OC(C(C(C1[*])O)O)OC2C(C(C(OC2CO)O[*])O)O,[H][O-],,,,7,10.1007_s10570-020-03332-1_part_4.txt_¶Î1_Material1
[*]C/C=C/CCC(C=C)CC([*])C1=CC=CC=C1,,,,,3.049218022670181,10.1002_app.33165_part_2.txt_¶Î1_Material1
[*]CC(CCCC(CC)CC([*])C1=CC=CC=C1)C2=CC=CC=C2,O=[Al]O[Al]=O.O=[Si]=O.O=[Si]=O.O=[Si]=O,,,,6.332438459915605,10.1038_pj.2011.124_part_1.txt_¶Î1_Material1
C[Si](C)(C[*])O[*],[Ni],,,,3.167317334748176,10.1039_c7ta04577h_part_2.txt_¶Î1_Material1
[*]OCCOC(CC(C([*])=O)C(C1CCCCC1)CC(CC(O)=O)C(OCCO)=O)=O,,,,,6.597695185925512,10.1021_ie303433v_part_2.txt_¶Î1_Material1
[*]CC(COC1=CC=C(C=C1)C(C)(C)C2=CC=C(C=C2)O[*])O,C=C(C)C(=O)OCC(O)COC1=CC=C(C(C2=CC=C(O)C=C2)(C)C)C=C1,O=[Si]=O,OC1=C2C(C3(O)C4C5C6=C7C8C(C9=CC(C(O)=O)=C(C=C(C=C%10C(O)=O)C%11%12)C(C%11=C%13C%14C%15%16C%17(O%16)C%18C%19=C%20C%21=C%22C(C(O)=C%23)=C%24C%25C%21=C%26C%19=C%27C%17=C%28C%14(O)C%12=C%10C=C%28CC%27=CC%26=CC%25=C(C(O)=O)C=C%24)C9=C7C%13(O)C5=C%15C3=C%18C%29%30C%20(O%30)C%31C%22C%23=C%32)=CC(C(O)=O)=CC8=CC6=C(C(O)=O)C4=C2)=C%29C%33=C%31C%32=C(C(O)=O)C=C%331,,7.859138297294531,10.1016_j.polymertesting.2020.107008_part_1.txt_¶Î1_Material1
[*]CC(COC1=CC=C(C=C1)C(C)(C)C2=CC=C(C=C2)O[*])O,C12=CC3=CC4=CC=CN=C4N=C3N=C1N=C5N=C6N=CC=CC6=CC5=C2,,,,7.068185861746161,10.1016_j.compositesa.2018.08.019_part_1.txt_¶Î1_Material1
[*]C(NC1=C(C)C(NC(OCCO[*])=O)=CC=C1)=O,[*]OCC[*],O=[Si]=O,,,5.648360010980932,10.1177_1099636219837701_part_1.txt_¶Î1_Material1
[*]CC(COC1=CC=C(C=C1)C(C)(C)C2=CC=C(C=C2)O[*])O,O=[Si]=O,C12=CC3=CC4=CC=CN=C4N=C3N=C1N=C5N=C6N=CC=CC6=CC5=C2,,,7.146128035678238,10.1007_s12221-021-0046-6_part_1.txt_¶Î1_Material1
[*]C(CCCCCO[*])=O,[*]C1C(OC(C(C1O)O)OC2C(OC(C(C2O)O)O[*])CO)CO,,,,6,10.1016_j.bioactmat.2020.02.006_part_1.txt_¶Î1_Material1
[*]C(C)C[*],O=C(C1=CC=C(C([*])=O)C=C1)NC2=CCC(N[*])C=C2,C12=C3C(C=CC4C3=C5C(CC6=CC7=C8C9=C(C(C=C%10)=CC=C9C=C7)C%11=C%10C%12)=CC4)=CC=C1C=C%12C%13=C%11C8=C6C5=C2%13,NC1=CC=C(C=C1)/C2=C3C=C/C(N\3)=C(C4=N/C(C=C4)=C(C5=CC=C(N5)/C(C6=CC=CC=C6)=C7N=C2C=C\7)/C8=CC=CC=C8)\C9=CC=CC=C9,,5.845098040014257,10.4028_www.scientific.net_msf.1010.124_part_1.txt_¶Î1_Material1
[*]C(CCCCCO[*])=O,C[N+](CCO)(CCO)[3H],,,,5.469380135849925,10.4028_www.scientific.net_kem.673.127_part_1.txt_¶Î1_Material1
[*]C([C@H](C)OC([C@H](C)O[*])=O)=O,OP(O)(O)=O,C[N+](CCO)(CCO)[3H],[*]C1=NC2=CC3=C(C=C2O1)OC(C4=CC=C(C=C4)[*])=N3,,6.269512944217916,10.1002_pi.4700_part_1.txt_¶Î1_Material1
[*]OCCOC(CC(C([*])=O)C(C1CCCCC1)CC(CC(O)=O)C(OCCO)=O)=O,OC1=C2C(C3(O)C4C5C6=C7C8C(C9=CC(C(O)=O)=C(C=C(C=C%10C(O)=O)C%11%12)C(C%11=C%13C%14C%15%16C%17(O%16)C%18C%19=C%20C%21=C%22C(C(O)=C%23)=C%24C%25C%21=C%26C%19=C%27C%17=C%28C%14(O)C%12=C%10C=C%28CC%27=CC%26=CC%25=C(C(O)=O)C=C%24)C9=C7C%13(O)C5=C%15C3=C%18C%29%30C%20(O%30)C%31C%22C%23=C%32)=CC(C(O)=O)=CC8=CC6=C(C(O)=O)C4=C2)=C%29C%33=C%31C%32=C(C(O)=O)C=C%331,[Fe],,,6.52244423350632,10.1016_j.conbuildmat.2013.03.081_part_2.txt_¶Î1_Material2
OCC1OC(C(C(C1[*])O)O)OC2C(C(C(OC2CO)O[*])O)O,[*]CC([*])N1CCCC1=O,[*]C([H])([H])C(O)([H])[*],[Ag],,6.334453751150931,10.1134_s1070427213040186_part_1.txt_¶Î1_Material1
[*]C(C)C[*],C=C,O=[Si]=O,,,6.3979400086720375,10.3139_217.2411_part_3.txt_¶Î1_Material1
[*]CCCC(C1C([*])C2CC1C/C2=C/C)C,[*]CCCC(C1C([*])C2CC1C/C2=C/C)C,[Zn]=O,O=C(O)CCCCCCCCCCCCCCCCC,[S],3.397940008672037,10.1002_vnl.21369_part_1.txt_¶Î1_Material1
[*]C/C=C/CCC([*])C#N,O=[Si]=O,[H][Si]([H])([H])[H],,,4.096910013008056,10.3139_217.2522_part_1.txt_¶Î1_Material1
[*]CC([*])Cl,OCC1OC(C(C(C1[*])O)O)OC2C(C(C(OC2CO)O[*])O)O,,,,6.75427186868346,10.1002_app.35482_part_1.txt_¶Î1_Material1
[*]C(NC1=C(C)C(NC(OCCO[*])=O)=CC=C1)=O,O=C(O)C(C[*])CC(CC(C(C(O)=O)[*])C(O)=O)C(O)=O,,,,6,10.1080_10601325.2018.1561151_part_2.txt_¶Î1_Material1
O=C([*])C(C)O[*],[*]C(CCCCCO[*])=O,[*]O[C@H](C)CC([*])=O,CCCCCC1OC1CC2OC2CCCCCCCC(OC(COC(CCCCCCCC3OC3CC4OC4CCCCC)=O)COC(CCCCCCCC5OC5CC6OC6CCCCC)=O)=O,,6.235098990094939,10.3390_ma10111339_part_1.txt_¶Î1_Material1
[*]C/C=C/CCC([*])C#N,,,,,3.255272505103306,10.1016_j.polymertesting.2014.02.003_part_1.txt_¶Î1_Material1
[*]C(C)C[*],[*]CCC(CCCC(CCCC(C[*])C)C)C,[*]CC[*],,,5.995196291597179,10.1002_app.34609_part_1.txt_¶Î1_Material1
[*]NC(C(N1CCCC1C(NCC(N2CC(CC2C(NC(C(NCC([*])=O)=O)CO)=O)O)=O)=O)=O)CCCCN,OCC(C(C(C1N)O)O[*])OC1OC2C(OC(C(C2O)N)[*])CO,,,,5.186815124447454,10.1016_j.foodchem.2015.09.004_part_2.txt_¶Î1_Material1
[*]C1C(C(C(OC1C(O[Na])=O)OC2C(C(O[Na])=O)OC(O[*])C(O)C2O)O)O,[Zn]=O,[Ca+2],OC1=C2C(C3(O)C4C5C6=C7C8C(C9=CC(C(O)=O)=C(C=C(C=C%10C(O)=O)C%11%12)C(C%11=C%13C%14C%15%16C%17(O%16)C%18C%19=C%20C%21=C%22C(C(O)=C%23)=C%24C%25C%21=C%26C%19=C%27C%17=C%28C%14(O)C%12=C%10C=C%28CC%27=CC%26=CC%25=C(C(O)=O)C=C%24)C9=C7C%13(O)C5=C%15C3=C%18C%29%30C%20(O%30)C%31C%22C%23=C%32)=CC(C(O)=O)=CC8=CC6=C(C(O)=O)C4=C2)=C%29C%33=C%31C%32=C(C(O)=O)C=C%331,,5.672097857935717,10.1021_acsami.9b17597_part_1.txt_¶Î1_Material1
[*]NCC(NC(C(ONCC(NC(C(NCC(NC(C([*])=O)C)=O)=O)C)=O)=O)CO)=O,[*]NC(C)C(N1CCCC1C([*])=O)=O,[*]C1C(OC(C(C1O)O)OC2C(OC(C(C2O)O)O[*])CO)CO,,,5.532384880503846,10.3390_ma13143097_part_2.txt_¶Î1_Material1
[*]CC(COC1=CC=C(C=C1)C(C)(C)C2=CC=C(C=C2)O[*])O,O=C(C1=CC=C(C=C1)C(OCC[*])=O)O[*],C=C(C)C(=O)OCC(O)COC1=CC=C(C(C2=CC=C(O)C=C2)(C)C)C=C1,,,7.477121254719663,10.1016_j.conbuildmat.2021.123565_part_1.txt_¶Î1_Material1
[*]OCCCCOC(CCC([*])=O)=O,[Ti](OCCCC)(OCCCC)(OCCCC)OCCCC,,,,4.850646235183066,10.1021_ie501504b_part_1.txt_¶Î1_Material1
[*]C(C)C[*],O=C(C1=CC=C(C([*])=O)C=C1)NC2=CCC(N[*])C=C2,O=[Al]O[Al]=O.O=[Si]=O.O=[Si]=O.O=[Si]=O,,,6.079181246047625,10.1002_pc.23616_part_1.txt_¶Î1_Material1
[*]C([H])([H])C(O)([H])[*],[*]C([H])([H])C(O)([H])[*],O=[Si]=O.[Ca]=O,O=[Si]=O,,7,10.1617_s11527-010-9691-8_part_1.txt_¶Î1_Material1
O=C([*])OC1=CC=C(C=C1)C(C)(C)C2=CC=C(C=C2)O[*],O=[Si]=O,OC1=C2C(C3(O)C4C5C6=C7C8C(C9=CC(C(O)=O)=C(C=C(C=C%10C(O)=O)C%11%12)C(C%11=C%13C%14C%15%16C%17(O%16)C%18C%19=C%20C%21=C%22C(C(O)=C%23)=C%24C%25C%21=C%26C%19=C%27C%17=C%28C%14(O)C%12=C%10C=C%28CC%27=CC%26=CC%25=C(C(O)=O)C=C%24)C9=C7C%13(O)C5=C%15C3=C%18C%29%30C%20(O%30)C%31C%22C%23=C%32)=CC(C(O)=O)=CC8=CC6=C(C(O)=O)C4=C2)=C%29C%33=C%31C%32=C(C(O)=O)C=C%331,,,6.903089986991944,10.1039_c5nj00426h_part_1.txt_¶Î1_Material1
O=C(O[*])CCCCCCCCCCN[*],OCC1OC(C(C(C1[*])O)O)OC2C(C(C(OC2CO)O[*])O)O,,,,6.313867220369153,10.1678_rheology.45.39_part_2.txt_¶Î1_Material1
[*]CC[*],[*]O[Si](C)(C)[*],,,,6.301029995663981,10.1002_pat.3710_part_1.txt_¶Î1_Material1
[*]CC[*],O=C1C([*])C(CC[*])C(O1)=O,O=[Al]O[Al]=O.O=[Si]=O.O=[Si]=O.O=[Si]=O,C[N+](CCO)(CCO)[3H],O=[Al]O[Al]=O.O=[Si]=O.O=[Si]=O.O=[Si]=O,5.313867220369153,10.1134_s0965545x12010014_part_1.txt_¶Î1_Material1
[*]C(C)C[*],O=[Si]=O.[Ca]=O,O=[Si]=O,[H]O[H],,7.240549248282599,10.1617_s11527-015-0572-z_part_1.txt_¶Î1_Material1
O=C(CCCCC(N(CCCCCCN([*])[H])[H])=O)[*],C12=CC3=CC4=CC=CN=C4N=C3N=C1N=C5N=C6N=CC=CC6=CC5=C2,NC1=NC2=C(N=CN2C2O[C@H](COP(=O)(O)OP(=O)(O)O)[C@H](O)[C@@H]2O)C(=O)N1,[*]C1=NC2=CC3=C(C=C2O1)OC(C4=CC=C(C=C4)[*])=N3,,6.531478917042255,10.1016_j.compositesb.2019.01.014_part_2.txt_¶Î1_Material1
O=C([*])CCCCCN[*],[H][Si]([H])([H])[H],[H][Si]([H])([H])[H],[H][Si]([H])([H])[H],,6.878751520173002,10.3144_expresspolymlett.2010.74_part_1.txt_¶Î1_Material1
[*]OCC[*],S=[Mo]=S,O=[Al]O[Al]=O,,,6.3979400086720375,10.1016_j.compositesa.2010.04.005_part_1.txt_¶Î1_Material1
[*]C([C@H](C)OC([C@H](C)O[*])=O)=O,OP(O)(O)=O,[*]C1=NC2=CC3=C(C=C2O1)OC(C4=CC=C(C=C4)[*])=N3,,,6.260071387985075,10.1002_pi.4700_part_1.txt_¶Î1_Material2
C/C(C[*])=C/C[*],CC1=CC(O)=C(C=C1CCCC(C2=C(C=C(C(C(C)(C)C)=C2)O)C)C3=CC(C(C)(C)C)=C(C=C3C)O)C(C)(C)C,O=C(O)CCCCCCCCCCCCCCCCC,OC1=C2C(C3(O)C4C5C6=C7C8C(C9=CC(C(O)=O)=C(C=C(C=C%10C(O)=O)C%11%12)C(C%11=C%13C%14C%15%16C%17(O%16)C%18C%19=C%20C%21=C%22C(C(O)=C%23)=C%24C%25C%21=C%26C%19=C%27C%17=C%28C%14(O)C%12=C%10C=C%28CC%27=CC%26=CC%25=C(C(O)=O)C=C%24)C9=C7C%13(O)C5=C%15C3=C%18C%29%30C%20(O%30)C%31C%22C%23=C%32)=CC(C(O)=O)=CC8=CC6=C(C(O)=O)C4=C2)=C%29C%33=C%31C%32=C(C(O)=O)C=C%331,[S],4,10.1002_pc.22473_part_1.txt_¶Î1_Material1
[*]CC(COC1=CC=C(C=C1)C(C)(C)C2=CC=C(C=C2)O[*])O,O=C(C1=CC=C(C=C1)C(OCC[*])=O)O[*],O=[Si]=O.[Ca]=O,[*]CC[*],,6.653212513775344,10.1134_s1995421217040141_part_1.txt_¶Î1_Material1
[*]CC[*],[*]CC([*])Cl,[*]OC1OC(CO)C(OC2C(O)C(O)C([*])C(CO)O2)C(O)C1O,,,6.201397124320452,10.1515_polyeng-2012-0004_part_1.txt_¶Î1_Material1
[*]C([H])([H])C(O)([H])[*],OCC(C(C(C1N)O)O[*])OC1OC2C(OC(C(C2O)N)[*])CO,OCC1OC(C(C(C1[*])O)O)OC2C(C(C(OC2CO)O[*])O)O,[Ag+],,5.596597095626461,10.2147_ijn.s60274_part_1.txt_¶Î1_Material1
[*]CC(COC1=CC=C(C=C1)C(C)(C)C2=CC=C(C=C2)O[*])O,[*]CC(COC1=CC=C(C=C1)C(C)(C)C2=CC=C(C=C2)O[*])O,,,,6.618633737597086,10.1007_s10570-021-03752-7_part_3.txt_¶Î1_Material1
[*]CC(COC1=CC=C(C=C1)C(C)(C)C2=CC=C(C=C2)O[*])O,[*]NC1=CC=C([*])C=C1,,,,6.041392685158225,10.1080_03602559.2013.814145_part_1.txt_¶Î1_Material1
[*]C(C)C[*],NC1=CC=C(C=C1)/C2=C3C=C/C(N\3)=C(C4=N/C(C=C4)=C(C5=CC=C(N5)/C(C6=CC=CC=C6)=C7N=C2C=C\7)/C8=CC=CC=C8)\C9=CC=CC=C9,C[N+](CCO)(CCO)[3H],O=[Si]=O,,6.426511261364575,10.1177_0021998312437234_part_1.txt_¶Î1_Material1
[*]CC(COC1=CC=C(C=C1)C(C)(C)C2=CC=C(C=C2)O[*])O,O=[Al]O[Al]=O.O=[Si]=O.O=[Si]=O.O=[Si]=O,,,,7.298853076409706,10.1002_pc.26257_part_1.txt_¶Î1_Material1
[*]C(C)C[*],CC(CC(C(C(O1)=O)CC1=O)[*])C[*],[Al],,,6.57978359661681,10.3390_polym9110615_part_1.txt_¶Î1_Material1
[*]C(C)C[*],[Al],NC1=CC=C(C=C1)/C2=C3C=C/C(N\3)=C(C4=N/C(C=C4)=C(C5=CC=C(N5)/C(C6=CC=CC=C6)=C7N=C2C=C\7)/C8=CC=CC=C8)\C9=CC=CC=C9,,,6.524223408644053,10.1016_j.conbuildmat.2013.02.079_part_1.txt_¶Î1_Material1
O=C([*])OC1=CC=C(C=C1)C(C)(C)C2=CC=C(C=C2)O[*],[O-][Si]([O-])([O-])O[Si]([O-])([O-])[O-].[Ca+2],,,,6.570426178358972,10.1038_s41428-019-0181-8_part_1.txt_¶Î1_Material1
O=C([*])CCCCCN[*],COC(C(C[*])([*])C)=O,COC(C(C[*])([*])C)=O,C(C)(C1=CC=C(OCC2CO2)C=C1)(C)C1=CC=C(OCC2CO2)C=C1,,6.3979400086720375,10.1002_app.33662_part_1.txt_¶Î1_Material1
C=C([CH3])C(=O)O[CH3],[*]CC(C(OCC)=O)[*],C=C([CH3])C(=O)O[CH3],[H][Si]([H])([H])[H],,4.992818520066679,10.1007_s42452-019-0710-2_part_2.txt_¶Î1_Material1
O=C(C1=CC=C(C=C1)C(OCC[*])=O)O[*],C12=C3C(C=CC4C3=C5C(CC6=CC7=C8C9=C(C(C=C%10)=CC=C9C=C7)C%11=C%10C%12)=CC4)=CC=C1C=C%12C%13=C%11C8=C6C5=C2%13,,,,6.187520720836463,10.1002_pc.23366_part_1.txt_¶Î1_Material1
[*]NC(C(N1CCCC1C(NCC(N2CC(CC2C(NC(C(NCC([*])=O)=O)CO)=O)O)=O)=O)=O)CCCCN,O=C(O[Na])COCC(OC(C(C1O)O)[*])C1OC(C(C(C2O[*])O)O)OC2COCC(O[Na])=O,OC[C@@H]([C@H]([C@@H]([C@@H](CO)O)O)O)O,OCC(O)CO,,3.95724801957905,10.3390_foods6060041_part_1.txt_¶Î1_Material1
[*]C1C(OC(C(C1O)O)OC2C(OC(C(C2O)O)O[*])CO)CO,OC(C(CC(O)=O)(CC(O)=O)O)=O,OCC(O)CO,O=[Ti]=O,,6.3979400086720375,10.1002_pc.24598_part_1.txt_¶Î1_Material1
OCC(C(C(C1N)O)O[*])OC1OC2C(OC(C(C2O)N)[*])CO,[*]C([H])([H])C(O)([H])[*],[*]OCC[*],,,5.4996870826184034,10.1016_j.cej.2012.11.071_part_1.txt_¶Î1_Material1
[*]C(C)C[*],[H][O-],,,,5.954242509439325,10.1080_2374068x.2018.1468972_part_1.txt_¶Î1_Material1
[*]C(C)C[*],[*]CCCC(C1C([*])C2CC1C/C2=C/C)C,O=C([O-])[O-].[Ca+2],NC1=CC=C(C=C1)/C2=C3C=C/C(N\3)=C(C4=N/C(C=C4)=C(C5=CC=C(N5)/C(C6=CC=CC=C6)=C7N=C2C=C\7)/C8=CC=CC=C8)\C9=CC=CC=C9,,6,10.4028_www.scientific.net_kem.594-595.770_part_1.txt_¶Î1_Material1
[*]CC([*])Cl,,,,,5.751710104426078,10.11113_jt.v82.13693_part_1.txt_¶Î1_Material1
[*]C1C(C(C(OC1C(O[Na])=O)OC2C(C(O[Na])=O)OC(O[*])C(O)C2O)O)O,OC1=C2C(C3(O)C4C5C6=C7C8C(C9=CC(C(O)=O)=C(C=C(C=C%10C(O)=O)C%11%12)C(C%11=C%13C%14C%15%16C%17(O%16)C%18C%19=C%20C%21=C%22C(C(O)=C%23)=C%24C%25C%21=C%26C%19=C%27C%17=C%28C%14(O)C%12=C%10C=C%28CC%27=CC%26=CC%25=C(C(O)=O)C=C%24)C9=C7C%13(O)C5=C%15C3=C%18C%29%30C%20(O%30)C%31C%22C%23=C%32)=CC(C(O)=O)=CC8=CC6=C(C(O)=O)C4=C2)=C%29C%33=C%31C%32=C(C(O)=O)C=C%331,OCC(O)CO,,,6.004751155591001,10.1007_s42452-020-2936-4_part_1.txt_¶Î1_Material1
[*]C(NC1=C(C)C(NC(OCCO[*])=O)=CC=C1)=O,[*]CC(COC1=CC=C(C=C1)C(C)(C)C2=CC=C(C=C2)O[*])O,[H][Si]([H])([H])[H],,,5.442479769064448,10.1016_j.compositesa.2016.07.017_part_1.txt_¶Î1_Material1
OCC1OC(C(C(C1[*])O)O)OC2C(C(C(OC2CO)O[*])O)O,[*]C(NC1=C(C)C(NC(OCCO[*])=O)=CC=C1)=O,,,,6.278753600952829,10.1007_s10570-017-1361-3_part_1.txt_¶Î1_Material1
[*]C(C1=CC=C(C(OCCCCO[*])=O)C=C1)=O,O=C([*])OC1=CC=C(C=C1)C(C)(C)C2=CC=C(C=C2)O[*],,,,6.4269989587565375,10.1007_s10692-018-9914-2_part_1.txt_¶Î1_Material1
[*]C1C(OC(C(C1O)O)OC2C(OC(C(C2O)O)O[*])CO)CO,O=C([*])C(C)O[*],OC(C(CC(O)=O)(CC(O)=O)O)=O,O1C(=O)C=CC1=O,O=C=NC(C=C1)=CC=C1CC2=CC=C(C=C2)N=C=O,6.305351369446623,10.1007_s10924-014-0666-7_part_1.txt_¶Î1_Material1
[*]C1C(C(C(OC1C(O[Na])=O)OC2C(C(O[Na])=O)OC(O[*])C(O)C2O)O)O,OCCOC1C(OCCO)C(C(OCCO)COCCOC(CCCCCCCCCCCCCCCCC)=O)OC1,OC(CO)CO,Cl[Ca]Cl,,5.698970004336019,10.1016_j.ijbiomac.2019.08.215_part_1.txt_¶Î1_Material1
[*]C(C)C[*],[*]NC1=CC=C([*])C=C1,,,,5.987219229908005,10.1002_app.38532_part_1.txt_¶Î1_Material1
[*]CC[*],O=[Si]=O.[Ca]=O,O=[Si]=O,,,7.944482672150168,10.1016_j.cemconcomp.2021.104030_part_1.txt_¶Î1_Material1
[*]OCCOC(CC(C([*])=O)C(C1CCCCC1)CC(CC(O)=O)C(OCCO)=O)=O,[Al],O=[Al]O[Al]=O.O=[Si]=O.O=[Si]=O.O=[Si]=O,,,6.598227856899296,10.4028_www.scientific.net_kem.772.28_part_1.txt_¶Î1_Material1
[*]CC(C#N)[*],,,,,8.255272505103306,10.1007_s10853-018-03256-z_part_1.txt_¶Î1_Material1
C[Si](C)(C[*])O[*],[Cu],,,,3.614897216033136,10.1109_access.2018.2881463_part_1.txt_¶Î1_Material1
[*]OCCOC(CC(C([*])=O)C(C1CCCCC1)CC(CC(O)=O)C(OCCO)=O)=O,O=C(CN(CN(CC(O)=O)CC(O)=O)CC(O)=O)O,,,,6.087603973687808,10.1080_15440478.2018.1558159_part_1.txt_¶Î1_Material1
[*]C(N(CN(C(OCOC(N(CN(C(OCCO[*])=O)[H])[H])=O)=O)[H])[H])=O,COC(C(C[*])([*])C)=O,,,,4.887054378050957,10.1016_j.compscitech.2013.08.011_part_1.txt_¶Î1_Material1
[*]CC(COC1=CC=C(C=C1)C(C)(C)C2=CC=C(C=C2)O[*])O,O=[Si]=O,,,,6.684845361644412,10.3390_polym13152451_part_3.txt_¶Î1_Material1
O=C(CCCCC(N(CCCCCCN([*])[H])[H])=O)[*],[*]C(C1=CC=C(C(OCCCCO[*])=O)C=C1)=O,[*]C(C=C1)=CC=C1S[*],O=C([*])OC1=CC=C(C=C1)C(C)(C)C2=CC=C(C=C2)O[*],O=[Si]=O,6.477121254719663,10.1111_ffe.12363_part_1.txt_¶Î1_Material1
C/C(C[*])=C/C[*],[Mg]=O,,,,4.278753600952829,10.1007_s13726-015-0319-2_part_1.txt_¶Î1_Material1
[*]C(C)C[*],NC1=CC=C(C=C1)/C2=C3C=C/C(N\3)=C(C4=N/C(C=C4)=C(C5=CC=C(N5)/C(C6=CC=CC=C6)=C7N=C2C=C\7)/C8=CC=CC=C8)\C9=CC=CC=C9,[H][O-],,,6.178441658778652,10.1002_app.38135_part_1.txt_¶Î1_Material1
OCC(C(C(C1N)O)O[*])OC1OC2C(OC(C(C2O)N)[*])CO,[*]C1C(C(C(OC1C(O[Na])=O)OC2C(C(O[Na])=O)OC(O[*])C(O)C2O)O)O,,,,5.301029995663981,10.1002_app.41686_part_1.txt_¶Î1_Material1
[*]C(C)C[*],CC(CC(C(C(O1)=O)CC1=O)[*])C[*],O=[Al]O[Al]=O.O=[Si]=O.O=[Si]=O.O=[Si]=O,,,5.546542663478131,10.1590_s0104-14282012005000004_part_2.txt_¶Î1_Material1
[*]CC(C)(C(OCCO)=O)[*],,,,,2.6989700043360187,10.36253_substantia-1591_OA_part_2.txt_¶Î1_Material1
[*]C([H])([H])C(O)([H])[*],[H][O-],O=[Si]=O,[K+].[OH-],,6.184691430817598,10.1080_02670836.2018.1514096_part_3.txt_¶Î1_Material1
O=C([*])OC1=CC=C(C=C1)C(C)(C)C2=CC=C(C=C2)O[*],[*]C(CCCCCO[*])=O,[*]CCCCO[*],CC(C(=O)O)(CO)CO,[O-][Si]([O-])([O-])O[Si]([O-])([O-])[O-].[Ca+2],4.32221929473392,10.1002_macp.201400373_part_2.txt_¶Î1_Material1
[*]NCC(NC(C(ONCC(NC(C(NCC(NC(C([*])=O)C)=O)=O)C)=O)=O)CO)=O,[*]C1C(C(C(OC1C(O[Na])=O)OC2C(C(O[Na])=O)OC(O[*])C(O)C2O)O)O,[*]OCC[*],Cl[Ca]Cl,,6.361727836017593,10.1007_s12221-020-9445-3_part_1.txt_¶Î1_Material1
CC(COC(C(CC(C(C(C(OC(C)C)=O)C1=CC=CC=C1)C(OCC(OC(C2=CC=CC=C2C(O)=O)=O)C)=O)C3=CC=CC=C3)C(C(OC(C)C[*])=O)C4=CC=CC=C4)=O)OC(C5=CC=CC=C5C(O[*])=O)=O,[H][O-],,,,5.929418925714293,10.1177_0731684413518828_part_1.txt_¶Î1_Material1
OCC1OC(C(C(C1[*])O)O)OC2C(C(C(OC2CO)O[*])O)O,OC1=C2C(C3(O)C4C5C6=C7C8C(C9=CC(C(O)=O)=C(C=C(C=C%10C(O)=O)C%11%12)C(C%11=C%13C%14C%15%16C%17(O%16)C%18C%19=C%20C%21=C%22C(C(O)=C%23)=C%24C%25C%21=C%26C%19=C%27C%17=C%28C%14(O)C%12=C%10C=C%28CC%27=CC%26=CC%25=C(C(O)=O)C=C%24)C9=C7C%13(O)C5=C%15C3=C%18C%29%30C%20(O%30)C%31C%22C%23=C%32)=CC(C(O)=O)=CC8=CC6=C(C(O)=O)C4=C2)=C%29C%33=C%31C%32=C(C(O)=O)C=C%331,O=[Ti]=O,[*]O[Si](C)(C)[*],,6.633468455579586,10.1002_adfm.202008552_part_4.txt_¶Î1_Material1
O=C(C1=CC=C(C=C1)C(OCC[*])=O)O[*],[O-][Si]([O-])([O-])O[Si]([O-])([O-])[O-].[Ca+2],O=C([*])CCCCCN[*],,,6.431363764158987,10.1016_j.compositesb.2021.108928_part_1.txt_¶Î1_Material1
[*]C(C)C[*],NC1=CC=C(C=C1)/C2=C3C=C/C(N\3)=C(C4=N/C(C=C4)=C(C5=CC=C(N5)/C(C6=CC=CC=C6)=C7N=C2C=C\7)/C8=CC=CC=C8)\C9=CC=CC=C9,[Al],,,5.969928189428116,10.4028_www.scientific.net_msf.1010.130_part_1.txt_¶Î1_Material1
OCC1OC(C(C(C1O[*])O)O)[*],OCC(O)CO,[H][Si]([H])([H])[H],,,6.977723605288848,10.1007_s10570-015-0643-x_part_4.txt_¶Î1_Material1
[*]NC(C)C(N1CCCC1C([*])=O)=O,OCC(C(C(C1N)O)O[*])OC1OC2C(OC(C(C2O)N)[*])CO,,,,7.068185861746161,10.1016_j.surfcoat.2018.04.073_part_1.txt_¶Î1_Material1
[*]C1C(C(C(OC1C(O[Na])=O)OC2C(C(O[Na])=O)OC(O[*])C(O)C2O)O)O,OCC(O)CO,OCCOC1C(OCCO)C(C(OCCO)COCCOC(CCCCCCCCCCCCCCCCC)=O)OC1,O=C([O-])[O-].[Ca+2],,5.363856319295069,10.4028_www.scientific.net_kem.861.378_part_1.txt_¶Î1_Material1
[*]C(NC1=C(C)C(NC(OCCO[*])=O)=CC=C1)=O,[*]C(NC1=C(C)C(NC(OCCO[*])=O)=CC=C1)=O,O=[Si]=O,OC(C(C)(CC(C1=CC=CC=C1)[*])CC(C[*])(C(OCC2CO2)=O)C)=O,,5.119585774961784,10.1061_(asce)be.1943-5592.0000773_part_1.txt_¶Î1_Material1
[*]CC[*],[*]CC[*],[*]C(C)C[*],O=C1C([*])C(CC[*])C(O1)=O,,5.758911892397974,10.1007_s12221-017-1106-9_part_1.txt_¶Î1_Material1
[*]C(C)C[*],C12=C3C(C=CC4C3=C5C(CC6=CC7=C8C9=C(C(C=C%10)=CC=C9C=C7)C%11=C%10C%12)=CC4)=CC=C1C=C%12C%13=C%11C8=C6C5=C2%13,O=C(C1=CC=C(C([*])=O)C=C1)NC2=CCC(N[*])C=C2,[*]C(C)C[*],,6.6020599913279625,10.1177_00952443211015362_part_1.txt_¶Î1_Material1
[*]C(NC1=C(C)C(NC(OCCO[*])=O)=CC=C1)=O,[*]C(NC1=C(C)C(NC(OCCO[*])=O)=CC=C1)=O,O=[Si]=O,,,6.559906625036112,10.1080_00222348.2017.1330175_part_1.txt_¶Î1_Material1
[*]C(C)C[*],O=C(O)CCCCCCCCCCCCCCCCC,CC1=CC=C(C=C1N=C=O)N=C=O,NC1=CC=C(C=C1)/C2=C3C=C/C(N\3)=C(C4=N/C(C=C4)=C(C5=CC=C(N5)/C(C6=CC=CC=C6)=C7N=C2C=C\7)/C8=CC=CC=C8)\C9=CC=CC=C9,,6.515608949234481,10.1016_j.compositesa.2011.10.011_part_1.txt_¶Î1_Material1
[*]N1C(C2=CC3=C(C=C2C1=O)C(N(C3=O)C4=CC=C(C=C4)OC5=CC=C(C=C5)[*])=O)=O,[H]O[H],,,,7.164352855784437,10.1177_0954008318783044_part_2.txt_¶Î1_Material1
[*]CC(COC1=CC=C(C=C1)C(C)(C)C2=CC=C(C=C2)O[*])O,C12=C3C(C=CC4C3=C5C(CC6=CC7=C8C9=C(C(C=C%10)=CC=C9C=C7)C%11=C%10C%12)=CC4)=CC=C1C=C%12C%13=C%11C8=C6C5=C2%13,,,,5.724930914192398,10.3390_polym10050485_part_3.txt_¶Î1_Material1
O=C([*])OC1=CC=C(C=C1)C(C)(C)C2=CC=C(C=C2)O[*],[*]C(C1=CC=C(C(OCCCCO[*])=O)C=C1)=O,O=[Si]=O,[*]CC(COC1=CC=C(C=C1)C(C)(C)C2=CC=C(C=C2)O[*])O,,7.047119038720181,10.1177_0731684415599071_part_1.txt_¶Î1_Material1
O=C([*])C(C)O[*],[O-][Si]([O-])([O-])O[Si]([O-])([O-])[O-].[Ca+2],[H][Si]([H])([H])[H],,,6.505149978319906,10.1016_j.polymertesting.2010.11.015_part_1.txt_¶Î1_Material1
O=C([*])OC1=CC=C(C=C1)C(C)(C)C2=CC=C(C=C2)O[*],[*]CCN[*],O=[Si]=O,,,6.686636269262293,10.4172_2165-8064.1000366_part_1.txt_¶Î1_Material1
[*]C(C)C[*],[*]NCCCCCCCCCCCC([*])=O,,,,6.278753600952829,10.1002_pc.24376_part_1.txt_¶Î1_Material1
O=C(O[Na])COCC(OC(C(C1O)O)[*])C1OC(C(C(C2O[*])O)O)OC2COCC(O[Na])=O,O=[Al]O[Al]=O.O=[Si]=O.O=[Si]=O.O=[Si]=O,OC1=C2C(C3(O)C4C5C6=C7C8C(C9=CC(C(O)=O)=C(C=C(C=C%10C(O)=O)C%11%12)C(C%11=C%13C%14C%15%16C%17(O%16)C%18C%19=C%20C%21=C%22C(C(O)=C%23)=C%24C%25C%21=C%26C%19=C%27C%17=C%28C%14(O)C%12=C%10C=C%28CC%27=CC%26=CC%25=C(C(O)=O)C=C%24)C9=C7C%13(O)C5=C%15C3=C%18C%29%30C%20(O%30)C%31C%22C%23=C%32)=CC(C(O)=O)=CC8=CC6=C(C(O)=O)C4=C2)=C%29C%33=C%31C%32=C(C(O)=O)C=C%331,OC(C(C)(CC(C1=CC=CC=C1)[*])CC(C[*])(C(OCC2CO2)=O)C)=O,,6.623249290397901,10.3390_polym11040675_part_8.txt_¶Î1_Material1
[*]CC([*])Cl,OC1=C2C(C3(O)C4C5C6=C7C8C(C9=CC(C(O)=O)=C(C=C(C=C%10C(O)=O)C%11%12)C(C%11=C%13C%14C%15%16C%17(O%16)C%18C%19=C%20C%21=C%22C(C(O)=C%23)=C%24C%25C%21=C%26C%19=C%27C%17=C%28C%14(O)C%12=C%10C=C%28CC%27=CC%26=CC%25=C(C(O)=O)C=C%24)C9=C7C%13(O)C5=C%15C3=C%18C%29%30C%20(O%30)C%31C%22C%23=C%32)=CC(C(O)=O)=CC8=CC6=C(C(O)=O)C4=C2)=C%29C%33=C%31C%32=C(C(O)=O)C=C%331,O=C(CCCCCCCCCCCCCCCCC)O[Ca]OC(CCCCCCCCCCCCCCCCC)=O,OCC(O)CO,,6.222716471147583,10.1016_s1672-6529(13)60205-x_part_1.txt_¶Î1_Material1
[*]C(C)C[*],O1C(=O)C=CC1=O,OC1=C2C(C3(O)C4C5C6=C7C8C(C9=CC(C(O)=O)=C(C=C(C=C%10C(O)=O)C%11%12)C(C%11=C%13C%14C%15%16C%17(O%16)C%18C%19=C%20C%21=C%22C(C(O)=C%23)=C%24C%25C%21=C%26C%19=C%27C%17=C%28C%14(O)C%12=C%10C=C%28CC%27=CC%26=CC%25=C(C(O)=O)C=C%24)C9=C7C%13(O)C5=C%15C3=C%18C%29%30C%20(O%30)C%31C%22C%23=C%32)=CC(C(O)=O)=CC8=CC6=C(C(O)=O)C4=C2)=C%29C%33=C%31C%32=C(C(O)=O)C=C%331,,,6.516150485908866,10.1016_j.matpr.2020.02.964_part_1.txt_¶Î1_Material1
C=C([CH3])C(=O)O[CH3],[*]CC(C)(C(OCCO)=O)[*],,,,3.204119982655925,10.1002_pen.24931_part_2.txt_¶Î1_Material1
[*]C1C(C(C(OC1C(O[Na])=O)OC2C(C(O[Na])=O)OC(O[*])C(O)C2O)O)O,OCC1OC(C(C(C1[*])O)O)OC2C(C(C(OC2CO)O[*])O)O,[Ca+2],,,6.301029995663981,10.1002_app.45857_part_2.txt_¶Î1_Material1
[*]NC(C(N1CCCC1C(NCC(N2CC(CC2C(NC(C(NCC([*])=O)=O)CO)=O)O)=O)=O)=O)CCCCN,OCCOC1C(OCCO)C(C(OCCO)COCCOC(CCCCCCCCCCCCCCCCC)=O)OC1,,,,5.449910164792211,10.1016_j.foodhyd.2015.12.005_part_1.txt_¶Î1_Material1
O=C(O)C([*])C[*],O=[Ti]=O,O=[Ti]=O,O=C([O-])[O-].[Ca+2],,6,10.1002_app.42885_part_1.txt_¶Î1_Material1
[*]C(NC1=C(C)C(NC(OCCO[*])=O)=CC=C1)=O,O=C(CN(CN(CC(O)=O)CC(O)=O)CC(O)=O)O,,,,5.544068044350276,10.1016_j.matchemphys.2010.06.002_part_2.txt_¶Î1_Material1
O=C([*])CCCCCN[*],O=[Al]O[Al]=O.O=[Si]=O.O=[Si]=O.O=[Si]=O,,,,6.32221929473392,10.1016_j.jallcom.2009.10.201_part_1.txt_¶Î1_Material1
OCC(C(C(C1N)O)O[*])OC1OC2C(OC(C(C2O)N)[*])CO,[*]OCC[*],,,,4.698970004336019,10.1007_s10570-014-0231-5_part_2.txt_¶Î1_Material1
O=C([*])CCCCCN[*],[*]CC(CCCC(CC)CC([*])C1=CC=CC=C1)C2=CC=CC=C2,O=[Mg].O=[Si]=O.O=[Si]=O.O=[Si]=O.O=[Si]=O.O=[Mg].O=[Mg].O,,,5.373500477967874,10.1002_app.41381_part_2.txt_¶Î1_Material1
[*]C([H])([H])C(O)([H])[*],[*]NC(C(N1CCCC1C(NCC(N2CC(CC2C(NC(C(NCC([*])=O)=O)CO)=O)O)=O)=O)=O)CCCCN,,,,3.959041392321093,10.1016_j.matpr.2020.12.297_part_1.txt_¶Î1_Material1
[*]OCC[*],OCCCCO,,,,4.812913356642856,10.1016_j.porgcoat.2021.106148_part_1.txt_¶Î1_Material1
[*]C(C)C[*],NC1=CC=C(C=C1)/C2=C3C=C/C(N\3)=C(C4=N/C(C=C4)=C(C5=CC=C(N5)/C(C6=CC=CC=C6)=C7N=C2C=C\7)/C8=CC=CC=C8)\C9=CC=CC=C9,O=[Mg].O=[Si]=O.O=[Si]=O.O=[Si]=O.O=[Si]=O.O=[Mg].O=[Mg].O,O=[Si]=O,[*]CCCC(C1C([*])C2CC1C/C2=C/C)C,6.929418925714293,10.1002_pc.22893_part_2.txt_¶Î1_Material1
[*]C(C)C[*],CC(CC(C(C(O1)=O)CC1=O)[*])C[*],C12=CC3=CC4=CC=CN=C4N=C3N=C1N=C5N=C6N=CC=CC6=CC5=C2,,,6.234519814358936,10.1515_polyeng-2019-0355_part_1.txt_¶Î1_Material1
[*]OCC[*],CC1=CC=C(C=C1N=C=O)N=C=O,,,,5.475206142656218,10.1080_03602559.2015.1132436_part_7.txt_¶Î1_Material2
O=C([*])C1=CC=C2C=C(C=CC2=C1)OC(C3=CC=C(C=C3)O[*])=O,[C],,,,6.849419413796899,10.1002_app.32540_part_2.txt_¶Î1_Material2
OCC1OC(C(C(C1[*])O)O)OC2C(C(C(OC2CO)O[*])O)O,[*]C([H])([H])C(O)([H])[*],[C],[*]C(F)(C(F)([*])F)F,,5.903089986991944,10.1007_s10570-018-2123-6_part_1.txt_¶Î1_Material1
O=C([*])C(C)O[*],[*]CC(C1=CC=CC=C1)[*],OCC1OC(C(C(C1[*])O)O)OC2C(C(C(OC2CO)O[*])O)O,OC1=C2C(C3(O)C4C5C6=C7C8C(C9=CC(C(O)=O)=C(C=C(C=C%10C(O)=O)C%11%12)C(C%11=C%13C%14C%15%16C%17(O%16)C%18C%19=C%20C%21=C%22C(C(O)=C%23)=C%24C%25C%21=C%26C%19=C%27C%17=C%28C%14(O)C%12=C%10C=C%28CC%27=CC%26=CC%25=C(C(O)=O)C=C%24)C9=C7C%13(O)C5=C%15C3=C%18C%29%30C%20(O%30)C%31C%22C%23=C%32)=CC(C(O)=O)=CC8=CC6=C(C(O)=O)C4=C2)=C%29C%33=C%31C%32=C(C(O)=O)C=C%331,,6.273487409697184,10.4028_www.scientific.net_kem.773.311_part_1.txt_¶Î1_Material1
[*]CC([*])Cl,OP(O)(O)=O,,,,6.079181246047625,10.1002_pc.24098_part_1.txt_¶Î1_Material1
[*]CC([*])Cl,C12=CC3=CC4=CC=CN=C4N=C3N=C1N=C5N=C6N=CC=CC6=CC5=C2,[O-][Si]([O-])([O-])O[Si]([O-])([O-])[O-].[Ca+2],,,6.4361626470407565,10.1002_pc.25754_part_1.txt_¶Î1_Material3
[*]NC(C(N1CCCC1C(NCC(N2CC(CC2C(NC(C(NCC([*])=O)=O)CO)=O)O)=O)=O)=O)CCCCN,CC1=CC(O)=C(C=C1CCCC(C2=C(C=C(C(C(C)(C)C)=C2)O)C)C3=CC(C(C)(C)C)=C(C=C3C)O)C(C)(C)C,,,,6.32221929473392,10.1016_j.bcab.2021.102152_part_1.txt_¶Î1_Material1
[*]C(CCCCCO[*])=O,[*]NC(C(N1CCCC1C(NCC(N2CC(CC2C(NC(C(NCC([*])=O)=O)CO)=O)O)=O)=O)=O)CCCCN,,,,4.212187604403958,10.1177_1528083721991595_part_4.txt_¶Î1_Material1
[*]CC[*],[*]C(C)C[*],[H][Si]([H])([H])[H],O=C([O-])[O-].[Ca+2],,6.441176499941076,10.1080_09593330.2021.1946162_part_2.txt_¶Î1_Material1
[*]OCCOC(CC(C([*])=O)C(C1CCCCC1)CC(CC(O)=O)C(OCCO)=O)=O,O=[Al]O[Al]=O.O=[Si]=O.O=[Si]=O.O=[Si]=O,,,,6.399673721481038,10.1007_s10965-012-9971-9_part_1.txt_¶Î1_Material1
[*]C(CCCCCO[*])=O,[*]C(N(CN(C(OCOC(N(CN(C(OCCO[*])=O)[H])[H])=O)=O)[H])[H])=O,C[N+](CCO)(CCO)[3H],C[N+](CCO)(CCO)[3H],C[N+](CCO)(CCO)[3H],4.4048337166199385,10.1002_app.38408_part_1.txt_¶Î1_Material1
O=C(C1=CC=C(C=C1)C(OCC[*])=O)O[*],[H][O-],[H][O-],,,6.017033339298781,10.1007_s10973-010-1027-y_part_1.txt_¶Î1_Material1
[*]CC(CC=CCC([*])C1=CC=CC=C1)C#N,[*]CC(C1=CC=CC=C1)[*],,,,6.197831693328903,10.1016_j.polymer.2017.12.038_part_4.txt_¶Î1_Material1
[*]C(C)C[*],[*]C(C)C[*],[*]C(C)C[*],,,6.570542939881897,10.1016_j.polymer.2020.122411_part_1.txt_¶Î1_Material1
OCC1OC(C(C(C1[*])O)O)OC2C(C(C(OC2CO)O[*])O)O,O=[Al]O[Al]=O.O=[Si]=O.O=[Si]=O.O=[Si]=O,,,,6.845098040014257,10.1007_s10570-015-0798-5_part_5.txt_¶Î1_Material1
O=C([*])OC1=CC=C(C=C1)C(C)(C)C2=CC=C(C=C2)O[*],O=[Mg].O=[Si]=O.O=[Si]=O.O=[Si]=O.O=[Si]=O.O=[Mg].O=[Mg].O,,,,6.4361626470407565,10.1016_j.polymertesting.2020.106408_part_2.txt_¶Î1_Material1
[*]CC[*],OCC1OC(C(C(C1[*])O)O)OC2C(C(C(OC2CO)O[*])O)O,,,,6.056904851336473,10.1021_acsami.7b13963_part_3.txt_¶Î1_Material1
C=C(C)C(=O)OCC(O)COC1=CC=C(C(C2=CC=C(O)C=C2)(C)C)C=C1,[*]C1=CC=C(C=C1)C(N[*])=O,,,,6.278753600952829,10.1002_pc.24561_part_1.txt_¶Î1_Material1
[*]CC[*],[*]CC[*],O=C1C([*])C(CC[*])C(O1)=O,,,6.509202522331103,10.1002_pc.23240_part_1.txt_¶Î1_Material1
OC1C(O[*])C(C(O[Ca]O2)=O)OC(OC3C(O)C(O)C(OC4C(C(O[Ca]O5)=O)OC(OC6C(O)C(O)C(OC7C(C(O[Ca]O8)=O)OC(OC9C(O)C(O)C([*])OC9C8=O)C(O)C7O)OC6C5=O)C(O)C4O)OC3C2=O)C1O,[Ca+2],,,,5,10.1016_j.ijbiomac.2015.07.021_part_1.txt_¶Î1_Material1
[*]NCCCCCCCCCCCC([*])=O,O=C([O-])[O-].[Ca+2],[*]NC(NCCCC(C([*])=O)N)=N,,,6.113943352306837,10.3390_polym12061295_part_2.txt_¶Î1_Material1
[*]CC(COC1=CC=C(C=C1)C(C)(C)C2=CC=C(C=C2)O[*])O,[*]C(NC1=C(C)C(NC(OCCO[*])=O)=CC=C1)=O,CCCC[Sn](OC(CC(C)CCCCCCCC)=O)(OC(CCCCCCCCCCC)=O)CCCC,OCC(O)CO,[O-][Si]([O-])([O-])O[Si]([O-])([O-])[O-].[Ca+2],4.568201724066995,10.1177_096739111202000507_part_1.txt_¶Î1_Material1
O=C(CCCCCCCCCCC(NCCCCCCCCCCCCN[*])=O)[*],S=[Mo]=S,[*]C(F)(C(F)([*])F)F,,,6.501059262217751,10.4028_www.scientific.net_amr.295-297.1573_part_1.txt_¶Î1_Material1
[*]CC(COC1=CC=C(C=C1)C(C)(C)C2=CC=C(C=C2)O[*])O,[H][O-],[H][Si]([H])([H])[H],,,6.544068044350276,10.1080_14484846.2020.1806194_part_1.txt_¶Î1_Material1
[*]C(C)C[*],[*]CCC(CCCCCC)C[*],[C],,,6,10.1002_pc.25672_part_1.txt_¶Î1_Material1
O=C([*])C(C)O[*],[*]C(CCCCC(OCCCCO[*])=O)=O,O=C([*])C(C)O[*],O=C([O-])[O-].[Ca+2],,5.603642280263075,10.4028_www.scientific.net_amr.123-125.193_part_1.txt_¶Î1_Material1
O=C([*])C(C)O[*],O=C([*])OC1=CC=C(C=C1)C(C)(C)C2=CC=C(C=C2)O[*],,,,6.518513939877887,10.11113_mjfas.v19n1.2754_OA_part_1.txt_¶Î1_Material1
[*]C1C(OC(C(C1O)O)OC2C(OC(C(C2O)O)O[*])CO)CO,[*]C([H])([H])C(O)([H])[*],OCC(O)CO,,,5.195899652409234,10.1515_nuka-2015-0088_part_1.txt_¶Î1_Material1
O=C([*])CCCCCN[*],[*]CC(CCCC(CC)CC([*])C1=CC=CC=C1)C2=CC=CC=C2,[*]CC(CCCC(CC)CC([*])C1=CC=CC=C1)C2=CC=CC=C2,C12=C3C(C=CC4C3=C5C(CC6=CC7=C8C9=C(C(C=C%10)=CC=C9C=C7)C%11=C%10C%12)=CC4)=CC=C1C=C%12C%13=C%11C8=C6C5=C2%13,[C],5.954724790979063,10.1155_2015_819580_part_1.txt_¶Î1_Material1
C=C([CH3])C(=O)O[CH3],[*]OCC[*],,,,6.301029995663981,10.1002_adfm.201501880_part_1.txt_¶Î1_Material1
[*]CC(COC1=CC=C(C=C1)C(C)(C)C2=CC=C(C=C2)O[*])O,C12=CC3=CC4=CC=CN=C4N=C3N=C1N=C5N=C6N=CC=CC6=CC5=C2,[O-][Si]([O-])([O-])O[Si]([O-])([O-])[O-].[Ca+2],,,6.253701381011985,10.1080_03602559.2013.820753_part_1.txt_¶Î1_Material1
[*]C(C)C[*],[*]CCC(CCCCCC)C[*],O=C1C=CC(O1)=O.C=C,NC1=CC=C(C=C1)/C2=C3C=C/C(N\3)=C(C4=N/C(C=C4)=C(C5=CC=C(N5)/C(C6=CC=CC=C6)=C7N=C2C=C\7)/C8=CC=CC=C8)\C9=CC=CC=C9,,6.080265627339845,10.1016_j.polymertesting.2017.05.031_part_3.txt_¶Î1_Material1
[*]C(C)C[*],[*]CC[*],,,,6,10.1007_s10965-013-0303-5_part_2.txt_¶Î1_Material1
[*]C1=C(C=CN2)C2=C([*])C(O)=C1O,OC1=C2C(C3(O)C4C5C6=C7C8C(C9=CC(C(O)=O)=C(C=C(C=C%10C(O)=O)C%11%12)C(C%11=C%13C%14C%15%16C%17(O%16)C%18C%19=C%20C%21=C%22C(C(O)=C%23)=C%24C%25C%21=C%26C%19=C%27C%17=C%28C%14(O)C%12=C%10C=C%28CC%27=CC%26=CC%25=C(C(O)=O)C=C%24)C9=C7C%13(O)C5=C%15C3=C%18C%29%30C%20(O%30)C%31C%22C%23=C%32)=CC(C(O)=O)=CC8=CC6=C(C(O)=O)C4=C2)=C%29C%33=C%31C%32=C(C(O)=O)C=C%331,,,,6.826074802700826,10.1002_adfm.201401011_part_1.txt_¶Î1_Material1
[*]C(NC1=C(C)C(NC(OCCO[*])=O)=CC=C1)=O,O=C(O)C(C[*])CC(CC(C(C(O)=O)[*])C(O)=O)C(O)=O,N(CC)(CC)CC,,,6.079181246047625,10.1016_j.polymer.2013.07.005_part_1.txt_¶Î1_Material1
[*]C1C(OC(C(C1O)O)OC2C(OC(C(C2O)O)O[*])CO)CO,OCC(C(C(C1N)O)O[*])OC1OC2C(OC(C(C2O)N)[*])CO,C(CC=O)CC=O,OCC(O)CO,,5.886868453461107,10.4028_www.scientific.net_amr.415-417.1626_part_1.txt_¶Î1_Material1
O=C([*])C(C)O[*],OCC1OC(C(C(C1[*])O)O)OC2C(C(C(OC2CO)O[*])O)O,O=C(O[Na])COCC(OC(C(C1O)O)[*])C1OC(C(C(C2O[*])O)O)OC2COCC(O[Na])=O,[H][Si]([H])([H])[H],,5.681241237375588,10.1007_s10570-021-04086-0_part_2.txt_¶Î1_Material1
[*]C(C)C[*],CCCCCCCCCCCCCCCCCCOC(CCC1=CC(C(C)(C)C)=C(C(C(C)(C)C)=C1)O)=O,,,,6.160048139552876,10.1002_app.39151_part_1.txt_¶Î1_Material1
[*]C([H])([H])C(O)([H])[*],O=[Si]=O.[Ca]=O,,,,7.602059991327962,10.1617_s11527-018-1192-1_part_1.txt_¶Î1_Material1
[*]CC(CC=CCC([*])C1=CC=CC=C1)C#N,,,,,6.248267603534647,10.1002_pc.26076_part_4.txt_¶Î1_Material1
O=C([*])OC1=CC=C(C=C1)C(C)(C)C2=CC=C(C=C2)O[*],[*]CC(CC=CCC([*])C1=CC=CC=C1)C#N,[*]CC(C1=CC=CC=C1)[*],,,6.186278103445368,10.1007_s11665-015-1743-3_part_1.txt_¶Î1_Material1
[*]C(C)C[*],O=C(C1=CC=C(C=C1)C(OCC[*])=O)O[*],O=C([O-])[O-].[Ca+2],,,6.161368002234975,10.1016_j.compscitech.2012.01.001_part_1.txt_¶Î1_Material1
[*]CC(C#N)[*],C12=C3C(C=CC4C3=C5C(CC6=CC7=C8C9=C(C(C=C%10)=CC=C9C=C7)C%11=C%10C%12)=CC4)=CC=C1C=C%12C%13=C%11C8=C6C5=C2%13,OC1=C2C(C3(O)C4C5C6=C7C8C(C9=CC(C(O)=O)=C(C=C(C=C%10C(O)=O)C%11%12)C(C%11=C%13C%14C%15%16C%17(O%16)C%18C%19=C%20C%21=C%22C(C(O)=C%23)=C%24C%25C%21=C%26C%19=C%27C%17=C%28C%14(O)C%12=C%10C=C%28CC%27=CC%26=CC%25=C(C(O)=O)C=C%24)C9=C7C%13(O)C5=C%15C3=C%18C%29%30C%20(O%30)C%31C%22C%23=C%32)=CC(C(O)=O)=CC8=CC6=C(C(O)=O)C4=C2)=C%29C%33=C%31C%32=C(C(O)=O)C=C%331,,,7.4065401804339555,10.1080_25740881.2018.1563113_part_1.txt_¶Î1_Material1
[*]C(C)C[*],[*]CCC(CCCC(CCCC(C[*])C)C)C,O[Si](O)(O[Si](O)(O)O)O.[Al].[Al].O,O=[Si]=O,OC1=C2C(C3(O)C4C5C6=C7C8C(C9=CC(C(O)=O)=C(C=C(C=C%10C(O)=O)C%11%12)C(C%11=C%13C%14C%15%16C%17(O%16)C%18C%19=C%20C%21=C%22C(C(O)=C%23)=C%24C%25C%21=C%26C%19=C%27C%17=C%28C%14(O)C%12=C%10C=C%28CC%27=CC%26=CC%25=C(C(O)=O)C=C%24)C9=C7C%13(O)C5=C%15C3=C%18C%29%30C%20(O%30)C%31C%22C%23=C%32)=CC(C(O)=O)=CC8=CC6=C(C(O)=O)C4=C2)=C%29C%33=C%31C%32=C(C(O)=O)C=C%331,5.991226075692495,10.1590_1516-1439.286514_part_1.txt_¶Î1_Material1
O=C([*])CCCCCN[*],[Mg+2].[OH-].[OH-],,,,6.477121254719663,10.1007_s10973-023-12774-1_OA_part_2.txt_¶Î1_Material1
[*]C(NC1=C(C)C(NC(OCCO[*])=O)=CC=C1)=O,[*]C(NC1=C(C)C(NC(OCCO[*])=O)=CC=C1)=O,,,,4.9540494467635945,10.1260_1708-5284.11.2.139_part_1.txt_¶Î1_Material1
[*]C/C=C/CCC(C=C)CC([*])C1=CC=CC=C1,C/C(C[*])=C/C[*],C/C(C[*])=C/C[*],,,3.206825876031849,10.1016_j.polymertesting.2020.106350_part_1.txt_¶Î1_Material1
O=C(C(C[*])[*])N,[*]C([H])([H])C(O)([H])[*],O=C(O)C([*])C[*],[Fe+3],,4.409933123331294,10.1016_j.compositesb.2020.108118_part_2.txt_¶Î1_Material1
O=C([*])OC1=CC=C(C=C1)C(C)(C)C2=CC=C(C=C2)O[*],CC1=CC(O)=C(C=C1CCCC(C2=C(C=C(C(C(C)(C)C)=C2)O)C)C3=CC(C(C)(C)C)=C(C=C3C)O)C(C)(C)C,CC1=CC(O)=C(C=C1CCCC(C2=C(C=C(C(C(C)(C)C)=C2)O)C)C3=CC(C(C)(C)C)=C(C=C3C)O)C(C)(C)C,,,6.350248018334163,10.1016_j.polymertesting.2020.106408_part_1.txt_¶Î1_Material1
O=C([*])C(C)O[*],C[Si](O[*])(C)[*],[H][Si]([H])([H])[H],O=C(C1=CC=C(C=C1)C(OCC[*])=O)O[*],O=[Mg].O=[Si]=O.O=[Si]=O.O=[Si]=O.O=[Si]=O.O=[Mg].O=[Mg].O,6.477121254719663,10.1016_j.rinp.2018.04.028_part_1.txt_¶Î1_Material1
[*]OC(CC(OC(CC([*])=O)CC)=O)C,OCC1OC(C(C(C1[*])O)O)OC2C(C(C(OC2CO)O[*])O)O,,,,6.3979400086720375,10.3390_polym12123006_part_2.txt_¶Î1_Material2
OCC1OC(C(C(C1[*])O)O)OC2C(C(C(OC2CO)O[*])O)O,O=C(C1=CC=C(C=C1)C(OCC[*])=O)O[*],OCC1OC(C(C(C1O[*])O)O)[*],,,7.079181246047625,10.1007_s10570-015-0732-x_part_3.txt_¶Î1_Material1
[*]C(N(CN(C(OCOC(N(CN(C(OCCO[*])=O)[H])[H])=O)=O)[H])[H])=O,CCCC[Sn](CCCC)(OC(CCCCCCCCCCC)=O)OC(CCCCCCCCCCC)=O,,,,5.2878017299302265,10.3390_polym12051011_part_2.txt_¶Î1_Material1
[*]OCCOC(CC(C([*])=O)C(C1CCCCC1)CC(CC(O)=O)C(OCCO)=O)=O,C12=CC3=CC4=CC=CN=C4N=C3N=C1N=C5N=C6N=CC=CC6=CC5=C2,,,,6.281033367247727,10.1007_s00289-018-2598-1_part_4.txt_¶Î1_Material1
O=C(C1=CC=C(C=C1)C(OCC[*])=O)O[*],[H][Si]([H])([H])[H],,,,6.781755374652469,10.1016_j.indcrop.2011.05.020_part_2.txt_¶Î1_Material1
[*]C(NC1=C(C)C(NC(OCCO[*])=O)=CC=C1)=O,[*]C(NC1=C(C)C(NC(OCCO[*])=O)=CC=C1)=O,OCCCCO,,,3.865696059916071,10.1088_0964-1726_24_3_037001_part_1.txt_¶Î1_Material1
OCC1OC(C(C(C1[*])O)O)OC2C(C(C(OC2CO)O[*])O)O,[*]C1C(C(C(OC1C(O[Na])=O)OC2C(C(O[Na])=O)OC(O[*])C(O)C2O)O)O,,,,7.1003705451175625,10.1007_s10570-020-03484-0_part_2.txt_¶Î1_Material1
[*]C(N(CN(C(OCOC(N(CN(C(OCCO[*])=O)[H])[H])=O)=O)[H])[H])=O,O=[Si]=O,,,,5.301029995663981,10.1016_j.jmrt.2018.04.024_part_1.txt_¶Î1_Material1
O=C(C1=CC=C(C=C1)C(OCC[*])=O)O[*],O=[Si]=O,,,,6.373785234139604,10.1007_s00170-020-05570-w_part_3.txt_¶Î1_Material1
[*]C(C)C[*],OCC1OC(C(C(C1[*])O)O)OC2C(C(C(OC2CO)O[*])O)O,NC1=CC=C(C=C1)/C2=C3C=C/C(N\3)=C(C4=N/C(C=C4)=C(C5=CC=C(N5)/C(C6=CC=CC=C6)=C7N=C2C=C\7)/C8=CC=CC=C8)\C9=CC=CC=C9,C[N+](CCO)(CCO)[3H],,6.32221929473392,10.1002_app.32985_part_1.txt_¶Î1_Material1
[*]C(C)C[*],CC(CC(C(C(O1)=O)CC1=O)[*])C[*],,,,6.466867620354109,10.1002_pc.22558_part_1.txt_¶Î1_Material1
[*]CC(COC1=CC=C(C=C1)C(C)(C)C2=CC=C(C=C2)O[*])O,C[N+](CCO)(CCO)[3H],O=[Si]=O,,,6.898176483497677,10.1002_pc.24139_part_1.txt_¶Î1_Material1
[*]OCCOC(CC(C([*])=O)C(C1CCCCC1)CC(CC(O)=O)C(OCCO)=O)=O,OCC1OC(C(C(C1[*])O)O)OC2C(C(C(OC2CO)O[*])O)O,,,,6.44870631990508,10.1007_s13233-018-6006-3_part_2.txt_¶Î1_Material1
O=C(C1=CC=C(C=C1)C(OCC[*])=O)O[*],[H]O[H],CCO,O=C(O)C([*])C[*],,5.064457989226918,10.1515_epoly.2012.12.1.523_part_1.txt_¶Î1_Material1
OCC1OC(C(C(C1[*])O)O)OC2C(C(C(OC2CO)O[*])O)O,[*]C(NC1=C(C)C(NC(OCCO[*])=O)=CC=C1)=O,[Ca+2],[Mg],,7.041392685158225,10.1007_s10570-019-02417-w_part_1.txt_¶Î1_Material1
[*]N1C(C2=CC3=C(C=C2C1=O)C(N(C3=O)C4=CC=C(C=C4)OC5=CC=C(C=C5)[*])=O)=O,,,,,5.968482948553935,10.1016_j.polymer.2018.02.017_part_2.txt_¶Î1_Material1
[*]NCC(NC(C(ONCC(NC(C(NCC(NC(C([*])=O)C)=O)=O)C)=O)=O)CO)=O,O=C(C1=CC=C(C=C1)OCCOC(C=C)=O)C(C)(C)O,,,,5.698970004336019,10.1088_2057-1976_aae3b2_part_3.txt_¶Î1_Material1
O=C([*])C(C)O[*],OCC1OC(C(C(C1[*])O)O)OC2C(C(C(OC2CO)O[*])O)O,,,,6.477121254719663,10.3390_polym12123006_part_2.txt_¶Î1_Material1
[*]CC(COC1=CC=C(C=C1)C(C)(C)C2=CC=C(C=C2)O[*])O,C12=CC3=CC4=CC=CN=C4N=C3N=C1N=C5N=C6N=CC=CC6=CC5=C2,OCC1OC(C(C(C1[*])O)O)OC2C(C(C(OC2CO)O[*])O)O,,,7.793755472155577,10.1016_j.compositesa.2010.05.010_part_1.txt_¶Î1_Material1
[*]NCCCCCCCCCCCC([*])=O,,,,,5.434568904034199,10.3390_polym12020308_part_3.txt_¶Î1_Material1
[*]C(C)C[*],[*]CCCC(C1C([*])C2CC1C/C2=C/C)C,,,,5.5301996982030825,10.3139_217.3286_part_2.txt_¶Î1_Material1
[*]C(C)C[*],[*]C(C)C[*],NC1=NC2=C(N=CN2C2O[C@H](COP(=O)(O)OP(=O)(O)O)[C@H](O)[C@@H]2O)C(=O)N1,,,6.204119982655925,10.1016_j.synthmet.2015.12.011_part_3.txt_¶Î1_Material1
[*]OCCOC(CC(C([*])=O)C(C1CCCCC1)CC(CC(O)=O)C(OCCO)=O)=O,C=CC1=CC=CC=C1,O=C(C1=CC=C(C=C1)OCCOC(C=C)=O)C(C)(C)O,,,5.729715411103169,10.1177_0731684413481863_part_2.txt_¶Î1_Material1
COC(C(C[*])([*])C)=O,O=P([O-])([O-])[O-].[Ca+2].[Ca+2].[OH-],,,,6.3979400086720375,10.26900_jsp.5.1.04_OA_part_1.txt_¶Î1_Material1
[*]C([H])([H])C(O)([H])[*],OCC(C(C(C1N)O)O[*])OC1OC2C(OC(C(C2O)N)[*])CO,C(CC=O)CC=O,O[Si](O)(O[Si](O)(O)O)O.[Al].[Al].O,,6,10.1080_00914037.2012.719133_part_1.txt_¶Î1_Material1
[*]C(CCCCCO[*])=O,OC1=C2C(C3(O)C4C5C6=C7C8C(C9=CC(C(O)=O)=C(C=C(C=C%10C(O)=O)C%11%12)C(C%11=C%13C%14C%15%16C%17(O%16)C%18C%19=C%20C%21=C%22C(C(O)=C%23)=C%24C%25C%21=C%26C%19=C%27C%17=C%28C%14(O)C%12=C%10C=C%28CC%27=CC%26=CC%25=C(C(O)=O)C=C%24)C9=C7C%13(O)C5=C%15C3=C%18C%29%30C%20(O%30)C%31C%22C%23=C%32)=CC(C(O)=O)=CC8=CC6=C(C(O)=O)C4=C2)=C%29C%33=C%31C%32=C(C(O)=O)C=C%331,,,,4.365487984890899,10.1016_j.nanoen.2019.02.058_part_1.txt_¶Î1_Material1
[*]OCC[*],O=C=NCCCCCCN=C=O,,,,4.8904210188009145,10.1002_ange.201407978_part_1.txt_¶Î1_Material1
O=C=NC(C=C1)=CC=C1CC2=CC=C(C=C2)N=C=O,[*]CCCCO[*],,,,5.079181246047625,10.1177_0307174x1203900907_part_1.txt_¶Î1_Material1
[*]CC(COC1=CC=C(C=C1)C(C)(C)C2=CC=C(C=C2)O[*])O,OCC1OC(C(C(C1[*])O)O)OC2C(C(C(OC2CO)O[*])O)O,[H][O-],,,6,10.1002_pc.25253_part_2.txt_¶Î1_Material1
[*]C(C1=CC=C(C=C1)C(OCCCCOC(C2=CC=C(C=C2)C(OCCCCO[*])=O)=O)=O)=O,[*]C(C1=CC=C(C(OCCCCO[*])=O)C=C1)=O,[*]CCCCOCCCCOCCCCOCCCCO[*],,,5.128399268717806,10.1021_acs.iecr.7b00904_part_2.txt_¶Î1_Material2
[*]NC(C)C(N1CCCC1C([*])=O)=O,C(CC=O)CC=O,OC[C@@H]([C@H]([C@@H]([C@@H](CO)O)O)O)O,OCC(O)CO,,4.681241237375588,10.1016_j.fbio.2016.12.002_part_3.txt_¶Î1_Material1
[*]CC[*],[*]C(CCCCC([*])S(=O)(Cl)=O)Cl,[Mg]=O,,,5.204119982655925,10.1134_s1070427212120245_part_1.txt_¶Î1_Material1
[*]CC(COC1=CC=C(C=C1)C(C)(C)C2=CC=C(C=C2)O[*])O,C12=CC3=CC4=CC=CN=C4N=C3N=C1N=C5N=C6N=CC=CC6=CC5=C2,C12=CC3=CC4=CC=CN=C4N=C3N=C1N=C5N=C6N=CC=CC6=CC5=C2,,,7.9253120914996495,10.1002_pc.24102_part_2.txt_¶Î1_Material1
O=C([*])C(C)O[*],[*]C(C)C[*],[C],C12=C3C(C=CC4C3=C5C(CC6=CC7=C8C9=C(C(C=C%10)=CC=C9C=C7)C%11=C%10C%12)=CC4)=CC=C1C=C%12C%13=C%11C8=C6C5=C2%13,,6.447158031342219,10.1016_j.compositesb.2019.107717_part_2.txt_¶Î1_Material1
[*]C(NC1=C(C)C(NC(OCCO[*])=O)=CC=C1)=O,O=[Si]=O,[*]C1C(OC(C(C1O)O)OC2C(OC(C(C2O)O)O[*])CO)CO,,,7.060697840353612,10.1007_s10570-013-0085-2_part_1.txt_¶Î1_Material1
[*]C(C)C[*],O=C([*])OC1=CC=C(C=C1)C(C)(C)C2=CC=C(C=C2)O[*],[*]CC(CCCC(CC)CC([*])C1=CC=CC=C1)C2=CC=CC=C2,,,5.784738507344128,10.1177_0892705713518792_part_2.txt_¶Î1_Material1
[*]CC[*],[Fe],O=[Si]=O.[Ca]=O,,,7.646011409591239,10.3390_polym12112624_part_2.txt_¶Î1_Material1
[*]CC[*],[*]CC[*],,,,6.924279286061882,10.1002_mame.202000252_part_1.txt_¶Î1_Material1
[*]CC[*],[*]CC[*],OC1=C2C(C3(O)C4C5C6=C7C8C(C9=CC(C(O)=O)=C(C=C(C=C%10C(O)=O)C%11%12)C(C%11=C%13C%14C%15%16C%17(O%16)C%18C%19=C%20C%21=C%22C(C(O)=C%23)=C%24C%25C%21=C%26C%19=C%27C%17=C%28C%14(O)C%12=C%10C=C%28CC%27=CC%26=CC%25=C(C(O)=O)C=C%24)C9=C7C%13(O)C5=C%15C3=C%18C%29%30C%20(O%30)C%31C%22C%23=C%32)=CC(C(O)=O)=CC8=CC6=C(C(O)=O)C4=C2)=C%29C%33=C%31C%32=C(C(O)=O)C=C%331,O=P([O-])([O-])[O-].[Ca+2].[Ca+2].[OH-],,5.982858942312075,10.1016_j.eurpolymj.2020.109529_part_11.txt_¶Î1_Material1
OCC1OC(C(C(C1[*])O)O)OC2C(C(C(OC2CO)O[*])O)O,OCC1OC(C(C(C1[*])O)O)OC2C(C(C(OC2CO)O[*])O)O,[H][O-],,,6.365487984890899,10.1016_j.polymertesting.2018.03.043_part_3.txt_¶Î1_Material1
O=C(O[Na])COCC(OC(C(C1O)O)[*])C1OC(C(C(C2O[*])O)O)OC2COCC(O[Na])=O,[*]C([H])([H])C(O)([H])[*],,,,6.079181246047625,10.1016_j.carbpol.2017.03.017_part_1.txt_¶Î1_Material1
OCC1OC(C(C(C1[*])O)O)OC2C(C(C(OC2CO)O[*])O)O,[*]OCCCCOC(CCC([*])=O)=O,,,,6.161368002234975,10.1007_s10570-014-0241-3_part_1.txt_¶Î1_Material1
[*]C(C)C[*],CC(CC(C(C(O1)=O)CC1=O)[*])C[*],O=[Si]=O,,,6.311753861055754,10.1016_j.indcrop.2019.05.021_part_1.txt_¶Î1_Material1
[*]C(C)C[*],[Fe],O=[Si]=O.[Ca]=O,,,7.4065401804339555,10.1002_suco.201900166_part_4.txt_¶Î1_Material1
[*]C(CCCCCO[*])=O,C[Si](C)(C[*])O[*],CC1=CC=C(C=C1N=C=O)N=C=O,CC1(CC(CC(C)(C1)C)N=C=O)CN=C=O,[Mg],4.356599435724971,10.1021_acsomega.8b00734_part_1.txt_¶Î1_Material1
[*]C(C)C[*],O=[Mg].O=[Si]=O.O=[Si]=O.O=[Si]=O.O=[Si]=O.O=[Mg].O=[Mg].O,,,,6.176091259055681,10.1177_0892705717729016_part_2.txt_¶Î1_Material1
[*]NCC(NC(C(ONCC(NC(C(NCC(NC(C([*])=O)C)=O)=O)C)=O)=O)CO)=O,O=C(O[Na])COCC(OC(C(C1O)O)[*])C1OC(C(C(C2O[*])O)O)OC2COCC(O[Na])=O,Cl[Ca]Cl,,,6.079181246047625,10.1016_j.carbpol.2016.05.088_part_2.txt_¶Î1_Material1
[*]CC(C1=CC=CC=C1)[*],[*]C/C=C/CCC(C=C)CC([*])C1=CC=CC=C1,,,,5.938919812244772,10.1177_0967391118809436_part_1.txt_¶Î1_Material1
[*]C(CCCCCO[*])=O,O=C=NC(C=C1)=CC=C1CC2=CC=C(C=C2)N=C=O,CC1(CC(CC(C)(C1)C)N=C=O)CN=C=O,,,4.47567118832443,10.4028_www.scientific.net_msf.1010.142_part_1.txt_¶Î1_Material1
[*]CNCC1=CC=CC([*])=C1O,,,,,6.612783856719736,10.1246_cl.200094_part_1.txt_¶Î1_Material1
[*]CC[*],[*]C1=C(O)C(C(C)(C)C)=C(O)C(C)=C1SS[*],[*]C(N(CN(C(OCOC(N(CN(C(OCCO[*])=O)[H])[H])=O)=O)[H])[H])=O,,,5.060697840353612,10.1007_s13233-015-3155-5_part_1.txt_¶Î1_Material3
OC(C(C1OC2OC(C(C(C2O)O)OC3OC(C(C(C3O)O)O)COC4OC(C(C(C4O)O)OC5OC(C(C(C5O)O)OC6OC(C(C(C6O)O[*])O)C)CO)CO)CO)O[*])COC1CO,O=C(C1=CC=C(C=C1)C(OCC[*])=O)O[*],O=[Si]=O,OCC1OC(C(C(C1[*])O)O)OC2C(C(C(OC2CO)O[*])O)O,,6.913283901760418,10.1016_j.jcis.2017.10.108_part_1.txt_¶Î1_Material1
[*]C(C)C[*],[*]CCC(CCCC(CCCC(C[*])C)C)C,,,,6.176091259055681,10.3139_217.2411_part_4.txt_¶Î1_Material1
[*]NCC(NC(C(ONCC(NC(C(NCC(NC(C([*])=O)C)=O)=O)C)=O)=O)CO)=O,CCCCCCCCCCCCCCCC[N+](C)(C)C.[Br-],,,,4.130333768495007,10.1007_s10971-019-04933-4_part_1.txt_¶Î1_Material1
[*]OCCOC(CC(C([*])=O)C(C1CCCCC1)CC(CC(O)=O)C(OCCO)=O)=O,N(CC)(CC)CC,OC1=C2C(C3(O)C4C5C6=C7C8C(C9=CC(C(O)=O)=C(C=C(C=C%10C(O)=O)C%11%12)C(C%11=C%13C%14C%15%16C%17(O%16)C%18C%19=C%20C%21=C%22C(C(O)=C%23)=C%24C%25C%21=C%26C%19=C%27C%17=C%28C%14(O)C%12=C%10C=C%28CC%27=CC%26=CC%25=C(C(O)=O)C=C%24)C9=C7C%13(O)C5=C%15C3=C%18C%29%30C%20(O%30)C%31C%22C%23=C%32)=CC(C(O)=O)=CC8=CC6=C(C(O)=O)C4=C2)=C%29C%33=C%31C%32=C(C(O)=O)C=C%331,,,6.071882007306125,10.1088_1757-899x_458_1_012026_part_1.txt_¶Î1_Material1
OCC1OC(C(C(C1[*])O)O)OC2C(C(C(OC2CO)O[*])O)O,OCC1OC(C(C(C1[*])O)O)OC2C(C(C(OC2CO)O[*])O)O,,,,7.049218022670182,10.1504_ijvnv.2010.036681_part_1.txt_¶Î1_Material1
O=C(C1=CC=C(C=C1)C(OCC[*])=O)O[*],O=C([*])OC1=CC=C(C=C1)C(C)(C)C2=CC=C(C=C2)O[*],O[Si](O)(O[Si](O)(O)O)O.[Al].[Al].O,[*]CC(CCCC(CC)CC([*])C1=CC=CC=C1)C2=CC=CC=C2,,6.431363764158987,10.1002_app.42608_part_1.txt_¶Î1_Material1
[*]C1C(OC(C(C1O)O)OC2C(OC(C(C2O)O)O[*])CO)CO,OC(C(CC(O)=O)(CC(O)=O)O)=O,OCC(O)CO,,,5.865636887699629,10.1177_0967391120923440_part_1.txt_¶Î1_Material1
OCC(C(C(C1N)O)O[*])OC1OC2C(OC(C(C2O)N)[*])CO,[*]C1C(O)C(O)C(OC2C(O)C(O)C(O[*])OC2COCCO)OC1COCCO,[Ag+],[Zn]=O,,6.477121254719663,10.1016_j.ijbiomac.2015.02.016_part_1.txt_¶Î1_Material1
O=C([*])OC1=CC=C(C=C1)C(C)(C)C2=CC=C(C=C2)O[*],[*]OCC[*],,,,5.043755126968679,10.1155_2016_7089530_part_1.txt_¶Î1_Material2
O=C([*])C(C)O[*],C[Si](O[*])(C)[*],[H][Si]([H])([H])[H],O=C(C1=CC=C(C=C1)C(OCC[*])=O)O[*],,6.326335860928752,10.1016_j.rinp.2017.11.030_part_1.txt_¶Î1_Material1
[*]CC[*],[*]CC[*],O=[Si]=O.[Ca]=O,O=[Si]=O,O=[Si]=O,7.684845361644412,10.3390_polym12112624_part_1.txt_¶Î1_Material1
O=C([*])OC1=CC=C(C=C1)C(C)(C)C2=CC=C(C=C2)O[*],O=[Si]=O,[H][Si]([H])([H])[H],,,7,10.1007_s10971-015-3781-6_part_1.txt_¶Î1_Material1
[*]C([H])([H])C(O)([H])[*],O=[Al]O[Al]=O.O=[Si]=O.O=[Si]=O.O=[Si]=O,[Ag+],,,6.13640344813399,10.1016_j.clay.2018.05.009_part_1.txt_¶Î1_Material1
[*]OCC[*],O=C=NCCCCCCN=C=O,OC1=C2C(C3(O)C4C5C6=C7C8C(C9=CC(C(O)=O)=C(C=C(C=C%10C(O)=O)C%11%12)C(C%11=C%13C%14C%15%16C%17(O%16)C%18C%19=C%20C%21=C%22C(C(O)=C%23)=C%24C%25C%21=C%26C%19=C%27C%17=C%28C%14(O)C%12=C%10C=C%28CC%27=CC%26=CC%25=C(C(O)=O)C=C%24)C9=C7C%13(O)C5=C%15C3=C%18C%29%30C%20(O%30)C%31C%22C%23=C%32)=CC(C(O)=O)=CC8=CC6=C(C(O)=O)C4=C2)=C%29C%33=C%31C%32=C(C(O)=O)C=C%331,,,5.673481697073347,10.1016_j.tca.2017.10.016_part_1.txt_¶Î1_Material1
[*]OC(CC(OC(CC([*])=O)CC)=O)C,[*]C(CCCCC(OCCCCO[*])=O)=O,,,,6.623249290397901,10.3389_fmats.2019.00275_part_1.txt_¶Î1_Material1
[*]C(C)C[*],[*]C1=CC=C(C=C1)C(N[*])=O,[Al],,,5.939519252618618,10.1016_j.compstruct.2017.02.100_part_1.txt_¶Î1_Material1
[*]CC([*])Cl,OCC1OC(C(C(C1[*])O)O)OC2C(C(C(OC2CO)O[*])O)O,[Zn]=O,,,6.953759691733229,10.1002_pc.25415_part_2.txt_¶Î1_Material1
[*]NCCCCCCCCCCCC([*])=O,[*]C(C)C[*],CCCCCCCCCCCCCCCCCCOC(CCC1=CC(C(C)(C)C)=C(C(C(C)(C)C)=C1)O)=O,,,5.990782691803138,10.1115_1.4032977_part_1.txt_¶Î1_Material1
[*]NCC(NC(C(ONCC(NC(C(NCC(NC(C([*])=O)C)=O)=O)C)=O)=O)CO)=O,[*]NC(CCCCNC(C(C)=C)=O)C(N1CCCC1C(NCC(N2CC(O)CC2C(NC(COC(C(C)=C)=O)C(NCC([*])=O)=O)=O)=O)=O)=O,[*]C1C(C(C(OC1C(O[Na])=O)OC2C(C(O[Na])=O)OC(O[*])C(O)C2O)O)O,,,3.556302500767288,10.1016_j.ijbiomac.2021.05.048_part_1.txt_¶Î1_Material1
O=C([*])OC1=CC=C(C=C1)C(C)(C)C2=CC=C(C=C2)O[*],OC1=C2C(C3(O)C4C5C6=C7C8C(C9=CC(C(O)=O)=C(C=C(C=C%10C(O)=O)C%11%12)C(C%11=C%13C%14C%15%16C%17(O%16)C%18C%19=C%20C%21=C%22C(C(O)=C%23)=C%24C%25C%21=C%26C%19=C%27C%17=C%28C%14(O)C%12=C%10C=C%28CC%27=CC%26=CC%25=C(C(O)=O)C=C%24)C9=C7C%13(O)C5=C%15C3=C%18C%29%30C%20(O%30)C%31C%22C%23=C%32)=CC(C(O)=O)=CC8=CC6=C(C(O)=O)C4=C2)=C%29C%33=C%31C%32=C(C(O)=O)C=C%331,,,,6.892094602690481,10.1016_j.compscitech.2020.108370_part_1.txt_¶Î1_Material1
[*]NC(C)C(N1CCCC1C([*])=O)=O,[*]OCC[*],,,,4.477121254719663,10.1016_j.msec.2019.109760_part_3.txt_¶Î1_Material1
[*]C/C=C\CCC(C=C)[*],[H][Si]([H])([H])[H],,,,3.653212513775344,10.1016_j.polymer.2016.01.077_part_1.txt_¶Î1_Material1
[*]C([H])([H])C(O)([H])[*],[*]C1C(OC(C(C1O)O)OC2C(OC(C(C2O)O)O[*])CO)CO,OCC(O)CO,[*]OCC[*],C(CC=O)CC=O,5.301029995663981,10.1080_03602559.2011.566241_part_1.txt_¶Î1_Material1
O=C([*])OC1=CC=C(C=C1)C(C)(C)C2=CC=C(C=C2)O[*],[*]CCCC([*])C(OC)=O,,,,6.204119982655925,10.1002_vnl.21763_part_1.txt_¶Î1_Material1
O=C([*])C(C)O[*],O=[Al]O[Al]=O.O=[Si]=O.O=[Si]=O.O=[Si]=O,OCC1OC(C(C(C1[*])O)O)OC2C(C(C(OC2CO)O[*])O)O,,,6.447158031342219,10.4028_www.scientific.net_amr.1125.271_part_2.txt_¶Î1_Material1
OCC1OC(C(C(C1[*])O)O)OC2C(C(C(OC2CO)O[*])O)O,COC1=CC(/C=C/C=O)=CC(OC2=CC(C(C(OC3=CC=C(C=C3OC)C(C(CO)=O)O)CO)O)=CC=C2OC4=CC(C(C(COC5=CC=C(C=C5)C(C(CO)=O)O)=O)O)=CC=C4O)=C1,OCC1OC(C(C(C1[*])O)O)OC2C(C(C(OC2CO)O[*])O)O,,,6.934498451243568,10.1007_s10570-015-0792-y_part_2.txt_¶Î1_Material1
OC(C1C(CO[*])C(O)C(O)C(OC2C(O)C(O)C(O[*])OC2C(O)=O)O1)=O,[Ag+],,,,4.437750562820388,10.1007_s10924-021-02137-y_part_2.txt_¶Î1_Material1
[*]CC(COC1=CC=C(C=C1)C(C)(C)C2=CC=C(C=C2)O[*])O,[H][Si]([H])([H])[H],O=[Si]=O,,,7.945370094490304,10.1007_s13726-017-0578-1_part_1.txt_¶Î1_Material1
[*]C([H])([H])C(O)([H])[*],[*]OC1C(C(OC(C1O)OC2C3C(C(OC2CO3)[*])O)CO)O,[*]C1OC2COC(C2OC3C(C(C(C(C3)CO)OS(=O)([O-])=O)O[*])O)C1OS(=O)([O-])=O,OCC1OC(C(C(C1[*])O)O)OC2C(C(C(OC2CO)O[*])O)O,[*]C1C(C(C(OC1C(O[Na])=O)OC2C(C(O[Na])=O)OC(O[*])C(O)C2O)O)O,5.534026106056135,10.1002_polb.24725_part_2.txt_¶Î1_Material1
[*]CC(C1=CC=C(C=C1)S(O)(=O)=O)[*],[Ag],,,,5.278753600952829,10.1016_j.measurement.2020.108406_part_1.txt_¶Î1_Material1
OCC1OC(C(C(C1O[*])O)O)[*],OCC1OC(C(C(C1[*])O)O)OC2C(C(C(OC2CO)O[*])O)O,OC1=C2C(C3(O)C4C5C6=C7C8C(C9=CC(C(O)=O)=C(C=C(C=C%10C(O)=O)C%11%12)C(C%11=C%13C%14C%15%16C%17(O%16)C%18C%19=C%20C%21=C%22C(C(O)=C%23)=C%24C%25C%21=C%26C%19=C%27C%17=C%28C%14(O)C%12=C%10C=C%28CC%27=CC%26=CC%25=C(C(O)=O)C=C%24)C9=C7C%13(O)C5=C%15C3=C%18C%29%30C%20(O%30)C%31C%22C%23=C%32)=CC(C(O)=O)=CC8=CC6=C(C(O)=O)C4=C2)=C%29C%33=C%31C%32=C(C(O)=O)C=C%331,,,6.361727836017593,10.1007_s10570-014-0255-x_part_3.txt_¶Î1_Material1
[*]C(C)C[*],O=[Al]O[Al]=O.O=[Si]=O.O=[Si]=O.O.O,,,,6,10.1080_03602559.2013.844833_part_1.txt_¶Î1_Material1
[*]CC(C(OC)=O)(CC(C/C=C/CCC(C1=CC=CC=C1)[*])C#N)C,,,,,5.494154594018442,10.1080_03602559.2015.1050516_part_1.txt_¶Î1_Material1
[*]C(NC1=C(C)C(NC(OCCO[*])=O)=CC=C1)=O,O=C(C1=CC=C(C=C1)C(OCC[*])=O)O[*],,,,6.57978359661681,10.1016_j.polymer.2012.12.077_part_2.txt_¶Î1_Material1
[*]C(C)C[*],[*]C(C)C[*],C12=CC3=CC4=CC=CN=C4N=C3N=C1N=C5N=C6N=CC=CC6=CC5=C2,,,6.380211241711606,10.1016_j.matdes.2011.03.021_part_1.txt_¶Î1_Material1
O=C1C([*])C(CC[*])C(O1)=O,,,,,6.394451680826216,10.1002_app.46308_part_1.txt_¶Î1_Material1
O=C([*])OC1=CC=C(C=C1)C(C)(C)C2=CC=C(C=C2)O[*],[*]C/C=C(C[*])\Cl,,,,6.290034611362518,10.1179_1743289811x12988633927952_part_1.txt_¶Î1_Material1
O=C([*])CCCCCN[*],[O-][Si]([O-])([O-])O[Si]([O-])([O-])[O-].[Ca+2],C12=CC3=CC4=CC=CN=C4N=C3N=C1N=C5N=C6N=CC=CC6=CC5=C2,,,5.8750612633917,10.1016_j.compositesb.2021.109119_part_3.txt_¶Î1_Material1
[*]C([H])([H])C(O)([H])[*],OCC1OC(C(C(C1[*])O)O)OC2C(C(C(OC2CO)O[*])O)O,,,,7,10.4028_www.scientific.net_amr.1110.40_part_1.txt_¶Î1_Material1
O=C([*])C(C)O[*],[*]O[C@H](C)CC([*])=O,,,,6.474755154291798,10.5552_drind.2018.1737_part_1.txt_¶Î1_Material1
[*]C1=C(C=CN2)C2=C([*])C(O)=C1O,,,,,7.244277120801843,10.1002_pc.26176_part_1.txt_¶Î1_Material1
O=C(C(C[*])[*])N,OC1=C2C(C3(O)C4C5C6=C7C8C(C9=CC(C(O)=O)=C(C=C(C=C%10C(O)=O)C%11%12)C(C%11=C%13C%14C%15%16C%17(O%16)C%18C%19=C%20C%21=C%22C(C(O)=C%23)=C%24C%25C%21=C%26C%19=C%27C%17=C%28C%14(O)C%12=C%10C=C%28CC%27=CC%26=CC%25=C(C(O)=O)C=C%24)C9=C7C%13(O)C5=C%15C3=C%18C%29%30C%20(O%30)C%31C%22C%23=C%32)=CC(C(O)=O)=CC8=CC6=C(C(O)=O)C4=C2)=C%29C%33=C%31C%32=C(C(O)=O)C=C%331,[Ca+2],,,1.499687082618404,10.1002_smll.201301591_part_1.txt_¶Î1_Material1
O=C([*])C(C)O[*],O=C([*])C(C)O[*],CC1=CC(O)=C(C=C1CCCC(C2=C(C=C(C(C(C)(C)C)=C2)O)C)C3=CC(C(C)(C)C)=C(C=C3C)O)C(C)(C)C,,,6.3979400086720375,10.1016_j.polymertesting.2014.04.001_part_1.txt_¶Î1_Material1
[*]C([H])([H])C(O)([H])[*],OCC(O)CO,OCC1OC(C(C(C1[*])O)O)OC2C(C(C(OC2CO)O[*])O)O,,,5.748567868521427,10.1016_j.msec.2016.11.135_part_5.txt_¶Î1_Material1
[H]N(C1=CC=C(C=C1)CC2=CC=C(C=C2)N(C(OCCO[*])=O)[H])C([*])=O,[*]C(N(CN(C(OCOC(N(CN(C(OCCO[*])=O)[H])[H])=O)=O)[H])[H])=O,,,,6.176091259055681,10.1080_03602559.2013.820757_part_1.txt_¶Î1_Material1
[*]C(CCCCCO[*])=O,OCC(O)CO,,,,4.981818607170664,10.1007_s10924-017-1029-y_part_1.txt_¶Î1_Material1
O=C(C1=CC=C(C=C1)C(OCC[*])=O)O[*],[H][O-],[OH-].[OH-].[Ca+2],[H][Si]([H])([H])[H],,6.477844476338758,10.1016_j.polymertesting.2020.106538_part_1.txt_¶Î1_Material1
O=C(C(C[*])[*])N,[Ca+2],[Ca+2],,,0.9242792860618816,10.1016_j.carbpol.2019.115596_part_1.txt_¶Î1_Material1
C[Si](C)(C[*])O[*],O=[Si]=O,,,,2.556302500767288,10.1016_j.polymdegradstab.2011.12.016_part_2.txt_¶Î1_Material1
[*]C(C)C[*],[*]OC1OC(CO)C(OC2C(O)C(O)C([*])C(CO)O2)C(O)C1O,[*]C1C(O)C(O)C(OC2C(O)C(O)C(O[*])OC2COCCO)OC1COCCO,O=C(N)N,,6.198657086954422,10.1007_s12221-010-0455-4_part_1.txt_¶Î1_Material1
OC1C(C(OC(C1O)OC2C(OC(C(C2O)O)OC3C(C(C(OC3C(OC)=O)OC4C(OC(C(C4O)O)[*])C(O)=O)O)O)C(OC)=O)C(O)=O)O[*],[*]C1C(C(C(OC1C(O[Na])=O)OC2C(C(O[Na])=O)OC(O[*])C(O)C2O)O)O,,,,6.200303182981585,10.1002_app.33422_part_1.txt_¶Î1_Material3
[*]C(C)C[*],OCC(C(C(C1N)O)O[*])OC1OC2C(OC(C(C2O)N)[*])CO,O=C(O)C([*])C[*],,,6.36005731412298,10.1016_j.compositesa.2012.10.014_part_1.txt_¶Î1_Material1
[*]NC(C(N1CCCC1C(NCC(N2CC(CC2C(NC(C(NCC([*])=O)=O)CO)=O)O)=O)=O)=O)CCCCN,OCC(C(C(C1N)O)O[*])OC1OC2C(OC(C(C2O)N)[*])CO,CCN=C=NCCCN(C)C,ON1C(=O)CCC1=O,,6.176091259055681,10.2225_vol13-issue5-fulltext-15_part_1.txt_¶Î1_Material1
[*]C(C)C[*],C[N+](CCO)(CCO)[3H],,,,5.897627091290442,10.1177_096739111001800202_part_1.txt_¶Î1_Material1
[*]C([H])([H])C(O)([H])[*],[*]C(C)C[*],O=[Si]=O.[Ca]=O,,,6.595496221825574,10.4028_www.scientific.net_amr.287-290.178_part_1.txt_¶Î1_Material1
[*]CC(O)COC(CCCCCCCCC(O[*])=O)=O,[Mg],,,,6,10.1016_j.ijpharm.2010.01.017_part_2.txt_¶Î1_Material1
[*]C(C)C[*],C12=C3C(C=CC4C3=C5C(CC6=CC7=C8C9=C(C(C=C%10)=CC=C9C=C7)C%11=C%10C%12)=CC4)=CC=C1C=C%12C%13=C%11C8=C6C5=C2%13,O=[Si]=O,O=[Si]=O,,6.26528962586083,10.1002_pen.24356_part_2.txt_¶Î1_Material1
[*]C(C)C[*],CC(C=C([*])C=C1C)=C1O[*],[*]CC(CCCC(CC)CC([*])C1=CC=CC=C1)C2=CC=CC=C2,,,5.681241237375588,10.1016_j.polymdegradstab.2012.02.005_part_2.txt_¶Î1_Material1
O=C([*])CCCCCN[*],[*]CCCC([*])OC(C)=O,O=P([O-])([O-])[O-].[Ca+2].[Ca+2].[OH-],,,6.1003705451175625,10.1080_03602559.2013.844242_part_1.txt_¶Î1_Material1
[*]C1C(C(C(OC1C(O[Na])=O)OC2C(C(O[Na])=O)OC(O[*])C(O)C2O)O)O,OCC1OC(C(C(C1[*])O)O)OC2C(C(C(OC2CO)O[*])O)O,,,,6.681241237375588,10.1111_jfpp.13120_part_1.txt_¶Î1_Material1
[*]CCCC(C1C([*])C2CC1C/C2=C/C)C,OC1=C2C(C3(O)C4C5C6=C7C8C(C9=CC(C(O)=O)=C(C=C(C=C%10C(O)=O)C%11%12)C(C%11=C%13C%14C%15%16C%17(O%16)C%18C%19=C%20C%21=C%22C(C(O)=C%23)=C%24C%25C%21=C%26C%19=C%27C%17=C%28C%14(O)C%12=C%10C=C%28CC%27=CC%26=CC%25=C(C(O)=O)C=C%24)C9=C7C%13(O)C5=C%15C3=C%18C%29%30C%20(O%30)C%31C%22C%23=C%32)=CC(C(O)=O)=CC8=CC6=C(C(O)=O)C4=C2)=C%29C%33=C%31C%32=C(C(O)=O)C=C%331,O=C(O)CCCCCCCCCCCCCCCCC,[S],,3.255272505103306,10.1007_s13726-018-0609-6_part_1.txt_¶Î1_Material1
[*]C(C)C[*],O=C([O-])[O-].[Ca+2],NC1=CC=C(C=C1)/C2=C3C=C/C(N\3)=C(C4=N/C(C=C4)=C(C5=CC=C(N5)/C(C6=CC=CC=C6)=C7N=C2C=C\7)/C8=CC=CC=C8)\C9=CC=CC=C9,,,6.227886704613674,10.37934_aram.122.1.5461_OA_part_1.txt_¶Î1_Material1
C[Si](C)(C[*])O[*],O=[Si]=O,O=[Si]=O,O=[Si]=O,,3.770852011642144,10.1016_j.jcis.2020.10.042_part_3.txt_¶Î1_Material1
O=C(CCCCC(N(CCCCCCN([*])[H])[H])=O)[*],[*]C(F)(C(F)([*])F)F,,,,6.434888120867316,10.1177_0954008312446765_part_1.txt_¶Î1_Material1
O=C([*])CCCCCN[*],[*]CC(CCCC(CC)CC([*])C1=CC=CC=C1)C2=CC=CC=C2,C[N+](CCO)(CCO)[3H],O=[Si]=O,,6.338456493604605,10.1515_epoly.2010.10.1.1214_part_1.txt_¶Î1_Material1
[*]CC[*],C/C(C[*])=C/C[*],[S],OC1=C2C(C3(O)C4C5C6=C7C8C(C9=CC(C(O)=O)=C(C=C(C=C%10C(O)=O)C%11%12)C(C%11=C%13C%14C%15%16C%17(O%16)C%18C%19=C%20C%21=C%22C(C(O)=C%23)=C%24C%25C%21=C%26C%19=C%27C%17=C%28C%14(O)C%12=C%10C=C%28CC%27=CC%26=CC%25=C(C(O)=O)C=C%24)C9=C7C%13(O)C5=C%15C3=C%18C%29%30C%20(O%30)C%31C%22C%23=C%32)=CC(C(O)=O)=CC8=CC6=C(C(O)=O)C4=C2)=C%29C%33=C%31C%32=C(C(O)=O)C=C%331,O=C(O)CCCCCCCCCCCCCCCCC,6.079181246047625,10.4028_www.scientific.net_amm.679.184_part_1.txt_¶Î1_Material1
[*]C(C)C[*],C12=CC3=CC4=CC=CN=C4N=C3N=C1N=C5N=C6N=CC=CC6=CC5=C2,C12=C3C(C=CC4C3=C5C(CC6=CC7=C8C9=C(C(C=C%10)=CC=C9C=C7)C%11=C%10C%12)=CC4)=CC=C1C=C%12C%13=C%11C8=C6C5=C2%13,,,6.0220157398177205,10.1016_j.jiec.2016.04.003_part_1.txt_¶Î1_Material1
O=C(O)C([*])C[*],[*]CC[*],[*]C(C)C[*],,,6.361727836017593,10.1002_app.39829_part_1.txt_¶Î1_Material1
[*]CC[*],[*]OCC[*],,,,5.518513939877887,10.5755_j01.ms.23.2.15074_part_1.txt_¶Î1_Material1
OCC(C(C(C1N)O)O[*])OC1OC2C(OC(C(C2O)N)[*])CO,O=C(O[Na])COCC(OC(C(C1O)O)[*])C1OC(C(C(C2O[*])O)O)OC2COCC(O[Na])=O,OCC(O)CO,O=[Al]O[Al]=O.O=[Si]=O.O=[Si]=O.O=[Si]=O,,5.52244423350632,10.1016_j.eurpolymj.2020.110225_part_2.txt_¶Î1_Material1
OC1=C2C(C3(O)C4C5C6=C7C8C(C9=CC(C(O)=O)=C(C=C(C=C%10C(O)=O)C%11%12)C(C%11=C%13C%14C%15%16C%17(O%16)C%18C%19=C%20C%21=C%22C(C(O)=C%23)=C%24C%25C%21=C%26C%19=C%27C%17=C%28C%14(O)C%12=C%10C=C%28CC%27=CC%26=CC%25=C(C(O)=O)C=C%24)C9=C7C%13(O)C5=C%15C3=C%18C%29%30C%20(O%30)C%31C%22C%23=C%32)=CC(C(O)=O)=CC8=CC6=C(C(O)=O)C4=C2)=C%29C%33=C%31C%32=C(C(O)=O)C=C%331,[*]OC1OC(CO)C(OC2C(O)C(O)C([*])C(CO)O2)C(O)C1O,,,,6.797267540830717,10.1002_app.33220_part_1.txt_¶Î1_Material1
[*]CC[*],C12[Si]34C15C3C425,O=[Al]O[Al]=O,,,6,10.1002_pc.25703_part_2.txt_¶Î1_Material1
[*]CC(C1=CC=CC=C1)[*],[*]CC(CC(C#N)[*])C1=CC=CC=C1,,,,6.365487984890899,10.1088_2053-1591_ab38e7_part_2.txt_¶Î1_Material1
[*]CC(COC1=CC=C(C=C1)C(C)(C)C2=CC=C(C=C2)O[*])O,O=C([*])CCCCCN[*],O=[Si]=O,,,7.220108088040055,10.1088_1757-899x_183_1_012002_part_1.txt_¶Î1_Material1
O=C([*])C(C)O[*],[*]OCCCCOC(CCC([*])=O)=O,O=C=NCCCCCCN=C=O,,,6.812913356642856,10.3390_ma14010197_part_2.txt_¶Î1_Material1
[*]C1C(C(C(OC1C(O[Na])=O)OC2C(C(O[Na])=O)OC(O[*])C(O)C2O)O)O,[*]NC(C(N1CCCC1C(NCC(N2CC(CC2C(NC(C(NCC([*])=O)=O)CO)=O)O)=O)=O)=O)CCCCN,OCC(O)CO,,,4.444044795918076,10.3390_ma14040745_part_3.txt_¶Î1_Material1
O=C([*])C(C)O[*],[*]C(CCCCC(OCCCCO[*])=O)=O,OCC(O)CO,,,5.802773725291976,10.3390_polym12091904_part_2.txt_¶Î1_Material1
[*]C(C)C[*],[H][Si]([H])([H])[H],,,,6.079181246047625,10.1002_vnl.20277_part_1.txt_¶Î1_Material1
O=C([*])C(C)O[*],[*]C1C(OC(C(C1O)O)OC2C(OC(C(C2O)O)O[*])CO)CO,OCC(O)CO,OC[C@@H]([C@H]([C@@H]([C@@H](CO)O)O)O)O,,6.431363764158987,10.1002_app.33981_part_2.txt_¶Î1_Material1
C/C(C[*])=C/C[*],[*]C/C=C/CCC(C=C)CC([*])C1=CC=CC=C1,O=[Si]=O,,,3.959041392321093,10.1177_096739111402200402_part_1.txt_¶Î1_Material1
[*]CC(C1=CC=CC=C1)[*],COC(C(C[*])([*])C)=O,O=[Ti]=O,,,6.3979400086720375,10.1021_mz400407m_part_1.txt_¶Î1_Material1
O=C([*])C(C)O[*],OP(O)(O)=O,C[N+](CCO)(CCO)[3H],,,6.380211241711606,10.3390_polym9080350_part_1.txt_¶Î1_Material1
[*]NC(C(N1CCCC1C(NCC(N2CC(CC2C(NC(C(NCC([*])=O)=O)CO)=O)O)=O)=O)=O)CCCCN,OCC(C(C(C1N)O)O[*])OC1OC2C(OC(C(C2O)N)[*])CO,[Zn]=O,,,5.856227259455358,10.1016_j.meatsci.2020.108161_part_1.txt_¶Î1_Material1
OCC1OC(C(C(C1[*])O)O)OC2C(C(C(OC2CO)O[*])O)O,OCC(C(C(C1N)O)O[*])OC1OC2C(OC(C(C2O)N)[*])CO,[*]C([H])([H])C(O)([H])[*],,,6.018650576891155,10.1016_j.carbpol.2019.03.093_part_1.txt_¶Î1_Material1
O=C(C1=CC=C(C=C1)C(OCC[*])=O)O[*],[*]CC(CCOCC[*])C,[*]C(NC1=C(C)C(NC(OCCO[*])=O)=CC=C1)=O,O=C=NC(C=C1)=CC=C1CC2=CC=C(C=C2)N=C=O,,6.414973347970818,10.1016_j.susmat.2021.e00330_part_1.txt_¶Î1_Material1
[*]C(CCCCCO[*])=O,O=P([O-])([O-])[O-].[Ca+2].[Ca+2].[OH-],,,,5,10.4028_www.scientific.net_amr.747.170_part_1.txt_¶Î1_Material1
[*]CC(C#N)[*],O=CN(C)C,,,,7.080626486921806,10.1002_pc.24920_part_1.txt_¶Î1_Material1
O=C(C1=CC=C(C=C1)C(OCC[*])=O)O[*],[*]OC1OC(CO)C(OC2C(O)C(O)C([*])C(CO)O2)C(O)C1O,O=[Si]=O,,,5.785329835010767,10.1016_j.matpr.2018.06.499_part_1.txt_¶Î1_Material1
[*]C(NC1=C(C)C(NC(OCCO[*])=O)=CC=C1)=O,[Cu],,,,4.316389751073196,10.1007_s10904-012-9755-z_part_2.txt_¶Î1_Material1
[*]C1C(OC(C(C1O)O)OC2C(OC(C(C2O)O)O[*])CO)CO,[*]NC(C(N1CCCC1C(NCC(N2CC(CC2C(NC(C(NCC([*])=O)=O)CO)=O)O)=O)=O)=O)CCCCN,,,,5.797267540830717,10.1016_j.foodhyd.2016.05.008_part_2.txt_¶Î1_Material1
OC(C1C(CO[*])C(O)C(O)C(OC2C(O)C(O)C(O[*])OC2C(O)=O)O1)=O,OCC(C(C(C1N)O)O[*])OC1OC2C(OC(C(C2O)N)[*])CO,,,,5.406540180433956,10.1007_s12588-016-9143-6_part_3.txt_¶Î1_Material1
[*]OCCCCOC(CCC([*])=O)=O,,,,,5.068185861746161,10.1002_app.44544_part_1.txt_¶Î1_Material1
[*]CC(COC1=CC=C(C=C1)C(C)(C)C2=CC=C(C=C2)O[*])O,O=C(C1=CC=C(C=C1)C(OCC[*])=O)O[*],[*]CC(CCCC(CC)CC([*])C1=CC=CC=C1)C2=CC=CC=C2,OC1=C2C(C3(O)C4C5C6=C7C8C(C9=CC(C(O)=O)=C(C=C(C=C%10C(O)=O)C%11%12)C(C%11=C%13C%14C%15%16C%17(O%16)C%18C%19=C%20C%21=C%22C(C(O)=C%23)=C%24C%25C%21=C%26C%19=C%27C%17=C%28C%14(O)C%12=C%10C=C%28CC%27=CC%26=CC%25=C(C(O)=O)C=C%24)C9=C7C%13(O)C5=C%15C3=C%18C%29%30C%20(O%30)C%31C%22C%23=C%32)=CC(C(O)=O)=CC8=CC6=C(C(O)=O)C4=C2)=C%29C%33=C%31C%32=C(C(O)=O)C=C%331,,7.519827993775719,10.1016_j.porgcoat.2019.105292_part_1.txt_¶Î1_Material1
[*]CC[*],O=C([O-])[O-].[Ca+2],O=[Si]=O,O=[Al]O[Al]=O.O=[Si]=O.O=[Si]=O.O.O,,6.146128035678238,10.1007_s00289-020-03454-3_part_3.txt_¶Î1_Material1
[*]C(NC1=C(C)C(NC(OCCO[*])=O)=CC=C1)=O,[Ni],,,,5.301029995663981,10.1039_c1jm10255a_part_1.txt_¶Î1_Material1
O=C([*])C(C)O[*],[*]CCCC([*])OC(C)=O,O=[Si]=O,[*]CC(CCCC(CC)CC([*])C1=CC=CC=C1)C2=CC=CC=C2,,6.262023704606317,10.1016_j.polymertesting.2020.106735_part_2.txt_¶Î1_Material1
[*]C([H])([H])C(O)([H])[*],[*]C1C(OC(C(C1O)O)OC2C(OC(C(C2O)O)O[*])CO)CO,C12=C3C(C=CC4C3=C5C(CC6=CC7=C8C9=C(C(C=C%10)=CC=C9C=C7)C%11=C%10C%12)=CC4)=CC=C1C=C%12C%13=C%11C8=C6C5=C2%13,,,5.400710636773232,10.1002_pc.25708_part_2.txt_¶Î1_Material1
[*]C1C(OC(C(C1O)O)OC2C(OC(C(C2O)O)O[*])CO)CO,OCC(C(C(C1N)O)O[*])OC1OC2C(OC(C(C2O)N)[*])CO,O=P([O-])([O-])[O-].[Ca+2].[Ca+2].[OH-],,,6.2552725051033065,10.1155_2011_391596_part_1.txt_¶Î1_Material1
[*]CC(C1=CC=CC=C1)[*],C/C(C[*])=C/C[*],,,,5.008600171761918,10.1016_j.matdes.2012.05.020_part_1.txt_¶Î1_Material1
[*]C(C)C[*],O=C(C1=CC=C(C([*])=O)C=C1)NC2=CCC(N[*])C=C2,OC1=C2C(C3(O)C4C5C6=C7C8C(C9=CC(C(O)=O)=C(C=C(C=C%10C(O)=O)C%11%12)C(C%11=C%13C%14C%15%16C%17(O%16)C%18C%19=C%20C%21=C%22C(C(O)=C%23)=C%24C%25C%21=C%26C%19=C%27C%17=C%28C%14(O)C%12=C%10C=C%28CC%27=CC%26=CC%25=C(C(O)=O)C=C%24)C9=C7C%13(O)C5=C%15C3=C%18C%29%30C%20(O%30)C%31C%22C%23=C%32)=CC(C(O)=O)=CC8=CC6=C(C(O)=O)C4=C2)=C%29C%33=C%31C%32=C(C(O)=O)C=C%331,,,6.058046230395282,10.1177_155892501701200206_part_1.txt_¶Î1_Material1
[*]CC(C#N)[*],CCO,,,,8.093421685162236,10.1039_c3ra43046d_part_1.txt_¶Î1_Material1
OCC(C(C(C1N)O)O[*])OC1OC2C(OC(C(C2O)N)[*])CO,[*]C([H])([H])C(O)([H])[*],O=[Al]O[Al]=O.O=[Si]=O.O=[Si]=O.O=[Si]=O,O=[Al]O[Al]=O.O=[Si]=O.O=[Si]=O.O=[Si]=O,,6.260548372636979,10.1016_j.carbpol.2015.12.072_part_5.txt_¶Î1_Material1
C=C([CH3])C(=O)O[CH3],COC(C(C[*])([*])C)=O,C=C([CH3])C(=O)OC([CH3])[CH3],,,6.296665190261531,10.1177_0892705709356341_part_4.txt_¶Î1_Material1
O=C([*])CCCCCN[*],[*]CC(C#N)[*],,,,6.380211241711606,10.1016_j.compositesb.2015.03.038_part_1.txt_¶Î1_Material1
C[Si](C)(C[*])O[*],OC1=C2C(C3(O)C4C5C6=C7C8C(C9=CC(C(O)=O)=C(C=C(C=C%10C(O)=O)C%11%12)C(C%11=C%13C%14C%15%16C%17(O%16)C%18C%19=C%20C%21=C%22C(C(O)=C%23)=C%24C%25C%21=C%26C%19=C%27C%17=C%28C%14(O)C%12=C%10C=C%28CC%27=CC%26=CC%25=C(C(O)=O)C=C%24)C9=C7C%13(O)C5=C%15C3=C%18C%29%30C%20(O%30)C%31C%22C%23=C%32)=CC(C(O)=O)=CC8=CC6=C(C(O)=O)C4=C2)=C%29C%33=C%31C%32=C(C(O)=O)C=C%331,,,,2.3138672203691533,10.1080_03602559.2013.828232_part_1.txt_¶Î1_Material1
[*]C(NC1=C(C)C(NC(OCCO[*])=O)=CC=C1)=O,C12=C3C(C=CC4C3=C5C(CC6=CC7=C8C9=C(C(C=C%10)=CC=C9C=C7)C%11=C%10C%12)=CC4)=CC=C1C=C%12C%13=C%11C8=C6C5=C2%13,,,,4.594392550375427,10.1016_j.matlet.2014.04.075_part_1.txt_¶Î1_Material1
[*]C(NC1=C(C)C(NC(OCCO[*])=O)=CC=C1)=O,O=[Si]=O,,,,6.447158031342219,10.1016_j.porgcoat.2015.10.016_part_2.txt_¶Î1_Material1
[*]C(N(CN(C(OCOC(N(CN(C(OCCO[*])=O)[H])[H])=O)=O)[H])[H])=O,[H][O-],,,,5.418470334894139,10.1007_s11837-018-2869-1_part_1.txt_¶Î1_Material1
C/C(C[*])=C/C[*],,,,,3.049218022670181,10.1002_pc.22242_part_1.txt_¶Î1_Material1
[*]CC(COC1=CC=C(C=C1)C(C)(C)C2=CC=C(C=C2)O[*])O,[*]C1=CC=C([*])N1,OC1=C2C(C3(O)C4C5C6=C7C8C(C9=CC(C(O)=O)=C(C=C(C=C%10C(O)=O)C%11%12)C(C%11=C%13C%14C%15%16C%17(O%16)C%18C%19=C%20C%21=C%22C(C(O)=C%23)=C%24C%25C%21=C%26C%19=C%27C%17=C%28C%14(O)C%12=C%10C=C%28CC%27=CC%26=CC%25=C(C(O)=O)C=C%24)C9=C7C%13(O)C5=C%15C3=C%18C%29%30C%20(O%30)C%31C%22C%23=C%32)=CC(C(O)=O)=CC8=CC6=C(C(O)=O)C4=C2)=C%29C%33=C%31C%32=C(C(O)=O)C=C%331,,,6.477121254719663,10.1016_j.polymertesting.2017.03.022_part_2.txt_¶Î1_Material1
[*]OCCOC(CC(C([*])=O)C(C1CCCCC1)CC(CC(O)=O)C(OCCO)=O)=O,OC1=C2C(C3(O)C4C5C6=C7C8C(C9=CC(C(O)=O)=C(C=C(C=C%10C(O)=O)C%11%12)C(C%11=C%13C%14C%15%16C%17(O%16)C%18C%19=C%20C%21=C%22C(C(O)=C%23)=C%24C%25C%21=C%26C%19=C%27C%17=C%28C%14(O)C%12=C%10C=C%28CC%27=CC%26=CC%25=C(C(O)=O)C=C%24)C9=C7C%13(O)C5=C%15C3=C%18C%29%30C%20(O%30)C%31C%22C%23=C%32)=CC(C(O)=O)=CC8=CC6=C(C(O)=O)C4=C2)=C%29C%33=C%31C%32=C(C(O)=O)C=C%331,,,,6.346352974450639,10.1016_j.conbuildmat.2013.03.081_part_2.txt_¶Î1_Material1
[*]C(CCCCCO[*])=O,[*]C([C@H](C)OC([C@H](C)O[*])=O)=O,,,,4.79982283099332,10.1002_marc.201600414_part_1.txt_¶Î1_Material1
[*]C(C1=CC=C(C(OCCCCO[*])=O)C=C1)=O,,,,,6.5820633629117085,10.1177_096739111602400807_part_1.txt_¶Î1_Material1
O=S(C(C=C1)=CC=C1OC(C=C2)=CC=C2C(C)(C)C(C=C3)=CC=C3O[*])(C4=CC=C([*])C=C4)=O,[*]OCC[*],[*]CC([*])N1CCCC1=O,COC1=CC(/C=C/C=O)=CC(OC2=CC(C(C(OC3=CC=C(C=C3OC)C(C(CO)=O)O)CO)O)=CC=C2OC4=CC(C(C(COC5=CC=C(C=C5)C(C(CO)=O)O)=O)O)=CC=C4O)=C1,,6.079181246047625,10.1002_app.40616_part_1.txt_¶Î1_Material1
[*]C(CCCCCO[*])=O,[H]O[H],,,,3.342422680822206,10.1002_jbm.a.36993_part_2.txt_¶Î1_Material1
CC(NC1C([C@@H](C(O[C@H]1O[*])CO)O[C@@H]2OC([C@H]([C@@H](C2NC(C)=O)O)[*])CO)O)=O,[*]NC(C(N1CCCC1C(NCC(N2CC(CC2C(NC(C(NCC([*])=O)=O)CO)=O)O)=O)=O)=O)CCCCN,,,,4.072984744627931,10.1021_acs.jafc.9b00984_part_1.txt_¶Î1_Material1
[*]C(C=C1)=CC=C1S[*],O=C([*])C1=CC=C2C=C(C=CC2=C1)OC(C3=CC=C(C=C3)O[*])=O,,,,6.284656282788515,10.1007_s10853-011-5745-8_part_2.txt_¶Î1_Material1
[*]CC(COC1=CC=C(C=C1)C(C)(C)C2=CC=C(C=C2)O[*])O,[O-][Si]([O-])([O-])O[Si]([O-])([O-])[O-].[Ca+2],,,,7.544068044350276,10.1007_s12221-019-7108-z_part_2.txt_¶Î1_Material2
O=C([*])C(C)O[*],[*]O[C@H](C)CC([*])=O,OCC1OC(C(C(C1[*])O)O)OC2C(C(C(OC2CO)O[*])O)O,,,6.453318340047038,10.1016_j.carbpol.2015.12.059_part_1.txt_¶Î1_Material1
[*]OCCOC(CC(C([*])=O)C(C1CCCCC1)CC(CC(O)=O)C(OCCO)=O)=O,O=[Si]=O,O=[Si]=O,,,6.531478917042255,10.1080_00222348.2018.1476440_part_1.txt_¶Î1_Material1
O=C(CCCCC(N(CCCCCCN([*])[H])[H])=O)[*],[O-][Si]([O-])([O-])O[Si]([O-])([O-])[O-].[Ca+2],,,,6.320146286111054,10.1002_pc.22293_part_1.txt_¶Î1_Material1
O=C(O[Na])COCC(OC(C(C1O)O)[*])C1OC(C(C(C2O[*])O)O)OC2COCC(O[Na])=O,N#CC(C1=CC=CC=N1)C1=CC=CC=C1,OCC(O)CO,,,5.603036056250522,10.1016_j.carbpol.2009.07.035_part_1.txt_¶Î1_Material1
O=[Ti]=O,[Zn]=O,[*]C([H])([H])C(O)([H])[*],,,6.99211148778695,10.1016_j.conbuildmat.2020.118558_part_2.txt_¶Î1_Material1
[*]CC(COC1=CC=C(C=C1)C(C)(C)C2=CC=C(C=C2)O[*])O,OC1=C(C=CC=C1CC2=CC=CC([*])=C2O)CC3=CC=CC([*])=C3O,[Zn]=O,,,7.294466226161593,10.4028_www.scientific.net_amr.197-198.1532_part_1.txt_¶Î1_Material1
[*]CC(COC1=CC=C(C=C1)C(C)(C)C2=CC=C(C=C2)O[*])O,[*]OC1OC(CO)C(OC2C(O)C(O)C([*])C(CO)O2)C(O)C1O,,,,5.662757831681574,10.1007_s00170-020-05427-2_part_2.txt_¶Î1_Material1
[*]C(C)C[*],NC1=CC=C(C=C1)/C2=C3C=C/C(N\3)=C(C4=N/C(C=C4)=C(C5=CC=C(N5)/C(C6=CC=CC=C6)=C7N=C2C=C\7)/C8=CC=CC=C8)\C9=CC=CC=C9,NC1=CC=C(C=C1)/C2=C3C=C/C(N\3)=C(C4=N/C(C=C4)=C(C5=CC=C(N5)/C(C6=CC=CC=C6)=C7N=C2C=C\7)/C8=CC=CC=C8)\C9=CC=CC=C9,,,6.70926996097583,10.1007_s12221-014-2410-2_part_1.txt_¶Î1_Material1
O=C(CCCCC(N(CCCCCCN([*])[H])[H])=O)[*],[C],S=[Mo]=S,,,6.390405156480081,10.4028_www.scientific.net_amr.123-125.1043_part_1.txt_¶Î1_Material1
[*]CC(CC=CCC([*])C1=CC=CC=C1)C#N,[*]OCC[*],,,,6.373095987078727,10.1002_app.48377_part_2.txt_¶Î1_Material1
C/C(C[*])=C/C[*],OCC1OC(C(C(C1[*])O)O)OC2C(C(C(OC2CO)O[*])O)O,[*]C1C(C(C(OC1C(O[Na])=O)OC2C(C(O[Na])=O)OC(O[*])C(O)C2O)O)O,,,6.035709837827862,10.3390_polym13030468_part_1.txt_¶Î1_Material1
[*]C(C)C[*],O=C(C1=CC=C(C=C1)C(OCC[*])=O)O[*],C=C(C(OCC1CO1)=O)C,,,5.781755374652469,10.1016_j.compositesb.2011.11.035_part_2.txt_¶Î1_Material1
[*]CC(COC1=CC=C(C=C1)C(C)(C)C2=CC=C(C=C2)O[*])O,OC(C(C)(CC(C1=CC=CC=C1)[*])CC(C[*])(C(OCC2CO2)=O)C)=O,O=[Ti]=O,,,6.3979400086720375,10.1007_s10570-016-1005-z_part_3.txt_¶Î1_Material1
[*]CC[*],OS(=O)(OOS(O)(=O)=O)=O.N.N,,,,5.913813852383717,10.1166_jbmb.2012.1235_part_2.txt_¶Î1_Material1
[*]C(N(CN(C(OCOC(N(CN(C(OCCO[*])=O)[H])[H])=O)=O)[H])[H])=O,O=C(C1=CC=C(C=C1)C(OCC[*])=O)O[*],O=C(C1=CC=C(C=C1)C([*])=O)NC2=CC=C(C=C2)N[*],O=[Ti]=O,,6.3979400086720375,10.1002_pc.24864_part_2.txt_¶Î1_Material1
O=C([*])CCCCCN[*],[C],,,,6.4734869700645685,10.1016_j.matchemphys.2012.12.035_part_1.txt_¶Î1_Material1
OCC1OC(C(C(C1[*])O)O)OC2C(C(C(OC2CO)O[*])O)O,[*]NC(C(O)=O)CCC([*])=O,OC1=C2C(C3(O)C4C5C6=C7C8C(C9=CC(C(O)=O)=C(C=C(C=C%10C(O)=O)C%11%12)C(C%11=C%13C%14C%15%16C%17(O%16)C%18C%19=C%20C%21=C%22C(C(O)=C%23)=C%24C%25C%21=C%26C%19=C%27C%17=C%28C%14(O)C%12=C%10C=C%28CC%27=CC%26=CC%25=C(C(O)=O)C=C%24)C9=C7C%13(O)C5=C%15C3=C%18C%29%30C%20(O%30)C%31C%22C%23=C%32)=CC(C(O)=O)=CC8=CC6=C(C(O)=O)C4=C2)=C%29C%33=C%31C%32=C(C(O)=O)C=C%331,,,6.857332496431268,10.1021_acsanm.0c02565_part_1.txt_¶Î1_Material1
[*]CC[*],OCC(C(C(C1N)O)O[*])OC1OC2C(OC(C(C2O)N)[*])CO,OC1=C2C(C3(O)C4C5C6=C7C8C(C9=CC(C(O)=O)=C(C=C(C=C%10C(O)=O)C%11%12)C(C%11=C%13C%14C%15%16C%17(O%16)C%18C%19=C%20C%21=C%22C(C(O)=C%23)=C%24C%25C%21=C%26C%19=C%27C%17=C%28C%14(O)C%12=C%10C=C%28CC%27=CC%26=CC%25=C(C(O)=O)C=C%24)C9=C7C%13(O)C5=C%15C3=C%18C%29%30C%20(O%30)C%31C%22C%23=C%32)=CC(C(O)=O)=CC8=CC6=C(C(O)=O)C4=C2)=C%29C%33=C%31C%32=C(C(O)=O)C=C%331,CCCC[Sn](CCCC)(OC(CCCCCCCCCCC)=O)OC(CCCCCCCCCCC)=O,O=C(O)CCCCCCCCCCCCCCCCC,5.021189299069938,10.1515_polyeng-2015-0350_part_1.txt_¶Î1_Material1
[*]C(CCCCCO[*])=O,[Zn]=O,,,,5.334996280243225,10.1007_s10853-016-9936-1_part_2.txt_¶Î1_Material1
[*][C@H]1[C@H](O)[C@@H](O)[C@H](O[C@H]2[C@H]([C@@H](O)[C@H](O[C@H]3[C@H](O)[C@H](O)[C@H](O[C@H]4[C@H](O)[C@H](O)[C@H](O[*])O[C@@H]4CO)O[C@@H]3CO)O[C@@H]2COC(C)=O)O)O[C@@H]1CO,OCC(O)CO,,,,5,10.1016_j.lwt.2014.05.029_part_1.txt_¶Î1_Material1
OCC1OC(C(C(C1O[*])O)O)[*],[*]C([H])([H])C(O)([H])[*],OCC(O)CO,[H]O[H],,5.357725268400632,10.1016_j.foodhyd.2020.105657_part_1.txt_¶Î1_Material1
O=C([*])OC1=CC=C(C=C1)C(C)(C)C2=CC=C(C=C2)O[*],[*]CC(CC=CCC([*])C1=CC=CC=C1)C#N,[C],,,6.301029995663981,10.3390_polym12010029_part_2.txt_¶Î1_Material1
[*]OC1C(O)C(O)C(OC2C(CO)OC([*])C(O)C2O)OC1CO,CC1(CC(CC(C)(C1)C)N=C=O)CN=C=O,,,,6,10.1007_s11998-015-9741-9_part_1.txt_¶Î1_Material1
O=C([*])OC1=CC=C(C=C1)C(C)(C)C2=CC=C(C=C2)O[*],[*]CC(COC1=CC=C(C=C1)C(C)(C)C2=CC=C(C=C2)O[*])O,[H][Si]([H])([H])[H],,,6.477555332198981,10.1080_03602559.2013.779707_part_1.txt_¶Î1_Material1
O=C([*])C(C)O[*],[*]CC[*],O=[Ti]=O,O=C([O-])[O-].[Ca+2],,6.477121254719663,10.1002_pen.25124_part_1.txt_¶Î1_Material1
[*]C([H])([H])C(O)([H])[*],[*]C([H])([H])C(O)([H])[*],C(CC=O)CC=O,,,5.740362689494244,10.1002_gch2.202100026_part_1.txt_¶Î1_Material1
O=C(C1=CC=C(C=C1)C(OCC[*])=O)O[*],[Mg],,,,6.831869774280501,10.1007_s42154-019-00047-3_part_1.txt_¶Î1_Material1
[*]C(C)C[*],[*]CC[*],[*]CCCC(C1C([*])C2CC1C/C2=C/C)C,,,6.079181246047625,10.1088_2053-1591_ab18cd_part_3.txt_¶Î1_Material2
[*]CC[*],[*]C1C(OC(C(C1O)O)OC2C(OC(C(C2O)O)O[*])CO)CO,O=C(N)N,OCC(O)CO,OC[C@@H]([C@H]([C@@H]([C@@H](CO)O)O)O)O,6.079181246047625,10.1088_1742-6596_1150_1_012032_part_1.txt_¶Î1_Material1
OCC(C(C(C1N)O)O[*])OC1OC2C(OC(C(C2O)N)[*])CO,O=[Al]O[Al]=O.O=[Si]=O.O=[Si]=O.O=[Si]=O,,,,5.778151250383644,10.1080_15421406.2013.874718_part_1.txt_¶Î1_Material1
O=C([*])OC1=CC=C(C=C1)C(C)(C)C2=CC=C(C=C2)O[*],[*]CC(CC=CCC([*])C1=CC=CC=C1)C#N,O=[Al]O[Al]=O.O=[Si]=O.O=[Si]=O.O=[Si]=O,,,6.369215857410143,10.4028_www.scientific.net_kem.674.173_part_1.txt_¶Î1_Material1
[*]C(C)C[*],OC1=C2C(C3(O)C4C5C6=C7C8C(C9=CC(C(O)=O)=C(C=C(C=C%10C(O)=O)C%11%12)C(C%11=C%13C%14C%15%16C%17(O%16)C%18C%19=C%20C%21=C%22C(C(O)=C%23)=C%24C%25C%21=C%26C%19=C%27C%17=C%28C%14(O)C%12=C%10C=C%28CC%27=CC%26=CC%25=C(C(O)=O)C=C%24)C9=C7C%13(O)C5=C%15C3=C%18C%29%30C%20(O%30)C%31C%22C%23=C%32)=CC(C(O)=O)=CC8=CC6=C(C(O)=O)C4=C2)=C%29C%33=C%31C%32=C(C(O)=O)C=C%331,CC(CC(C(C(O1)=O)CC1=O)[*])C[*],,,6.15044940946088,10.1007_s12034-020-2061-4_part_1.txt_¶Î1_Material4
O=C([*])C(C)O[*],[*]C([H])([H])C(O)([H])[*],,,,6.319314304090512,10.3390_polym11081314_part_2.txt_¶Î1_Material1
[*]C([H])([H])C(O)([H])[*],O=[Si]=O.[Ca]=O,[*]NCC(NC(C(ONCC(NC(C(NCC(NC(C([*])=O)C)=O)=O)C)=O)=O)CO)=O,[*]C([H])([H])C(O)([H])[*],,6.220108088040055,10.1016_j.compositesb.2017.07.058_part_6.txt_¶Î1_Material1
C[Si](C)(C[*])O[*],C=C(C(OCC1CO1)=O)C,Cl[Fe](Cl)Cl,,,3.0293837776852097,10.1021_acsabm.8b00212_part_4.txt_¶Î1_Material1
O=C([*])CCCCCN[*],O=C([*])CCCCC(NCCCCN[*])=O,,,,6.501059262217751,10.1007_s12221-019-9098-2_part_1.txt_¶Î1_Material4
[*]CC[*],[*]C1C(O)C(O)C(OC2C(O)C(O)C(O[*])OC2COCCO)OC1COCCO,,,,6.176091259055681,10.1021_acsami.7b13963_part_1.txt_¶Î1_Material1
[*]C(CCCCCO[*])=O,[*]C(N(CN(C(OCOC(N(CN(C(OCCO[*])=O)[H])[H])=O)=O)[H])[H])=O,,,,4.348304863048161,10.1039_c4ra14601h_part_4.txt_¶Î1_Material1
O=C([*])CCCCCN[*],O=C(CCCCC(N(CCCCCCN([*])[H])[H])=O)[*],,,,6.024895960107485,10.1016_j.polymertesting.2018.07.010_part_2.txt_¶Î1_Material1
[*]C(NC1=C(C)C(NC(OCCO[*])=O)=CC=C1)=O,O=[Si]=O,CC(C(=O)O)(CO)CO,,,6.176091259055681,10.1007_s00289-021-03814-7_part_2.txt_¶Î1_Material1
OC(C(C1OC2OC(C(C(C2O)O)OC3OC(C(C(C3O)O)O)COC4OC(C(C(C4O)O)OC5OC(C(C(C5O)O)OC6OC(C(C(C6O)O[*])O)C)CO)CO)CO)O[*])COC1CO,OCC(C(C(C1N)O)O[*])OC1OC2C(OC(C(C2O)N)[*])CO,C1C=CC=CC=C1,,,5.6020599913279625,10.1016_j.clay.2021.106205_part_2.txt_¶Î1_Material1
O=C(C1=CC=C(C=C1)C(OCC[*])=O)O[*],[*]CC(C1=CC=C(C=C1)S(O)(=O)=O)[*],,,,6.768638101247615,10.26599_nr.2025.94907500_OA_part_1.txt_¶Î1_Material1
C/C(C[*])=C/C[*],[C],,,,4.209515014542631,10.1016_j.polymertesting.2020.106676_part_4.txt_¶Î1_Material1
[*]CC(COC1=CC=C(C=C1)C(C)(C)C2=CC=C(C=C2)O[*])O,[*]CC([*])Cl,C12=CC3=CC4=CC=CN=C4N=C3N=C1N=C5N=C6N=CC=CC6=CC5=C2,,,7.665017825412472,10.1177_0731684420921952_part_2.txt_¶Î1_Material1
OCC1OC(C(C(C1[*])O)O)OC2C(C(C(OC2CO)O[*])O)O,[Fe]12O[Fe]O[Fe](O2)O1,,,,6.832508912706237,10.1016_j.carbpol.2021.118507_part_2.txt_¶Î1_Material1
[*]CC[*],O[Si](O)(O[Si](O)(O)O)O.[Al].[Al].O,,,,5.227886704613674,10.4028_www.scientific.net_msf.919.144_part_1.txt_¶Î1_Material1
OCC1OC(C(C(C1[*])O)O)OC2C(C(C(OC2CO)O[*])O)O,OCC1OC(C(C(C1[*])O)O)OC2C(C(C(OC2CO)O[*])O)O,O=C([O-])[O-].[Ca+2],,,5.903089986991944,10.1007_s10570-020-03032-w_part_3.txt_¶Î1_Material1
[*]C(C)C[*],[*]C(C)C[*],O=[Si]=O,O=[Si]=O,,6.209246848753374,10.1002_pc.23380_part_1.txt_¶Î1_Material2
[*]C(C)C[*],[*]CCCC(CCCCCC)[*],[*]C(C)C[*],[*]CCCC(CCCCCC)[*],C[N+](CCO)(CCO)[3H],6.103461622094705,10.1002_pat.3363_part_1.txt_¶Î1_Material1
O=C(C1=CC=C(C=C1)C(OCC[*])=O)O[*],[OH-].[OH-].[Ca+2],[K+].[OH-],[H][O-],[H][Si]([H])([H])[H],6.012837224705172,10.1080_14658011.2020.1862978_part_2.txt_¶Î1_Material1
[*]C([H])([H])C(O)([H])[*],[Cu]=O,,,,5.968015713993641,10.1016_j.jcis.2018.10.017_part_3.txt_¶Î1_Material1
[*]C(C)C[*],OCC1OC(C(C(C1[*])O)O)OC2C(C(C(OC2CO)O[*])O)O,CC(CC(C(C(O1)=O)CC1=O)[*])C[*],CC1=CC(O)=C(C=C1CCCC(C2=C(C=C(C(C(C)(C)C)=C2)O)C)C3=CC(C(C)(C)C)=C(C=C3C)O)C(C)(C)C,,6.544068044350276,10.1002_pen.21729_part_1.txt_¶Î1_Material1
[*]C(C)C[*],[H][O-],NC1=CC=C(C=C1)/C2=C3C=C/C(N\3)=C(C4=N/C(C=C4)=C(C5=CC=C(N5)/C(C6=CC=CC=C6)=C7N=C2C=C\7)/C8=CC=CC=C8)\C9=CC=CC=C9,,,6.2552725051033065,10.1155_2020_8865748_part_1.txt_¶Î1_Material1
[*]C(C)C[*],[*]CCCC(C1C([*])C2CC1C/C2=C/C)C,[C],,,5.837588438235511,10.1007_s13726-014-0256-5_part_2.txt_¶Î1_Material1
O=C([*])CCCCCN[*],FC(F)(C(F)(C(F)(C(F)(C(F)([*])F)F)C(F)(F)F)F)C[*],OC1=C2C(C3(O)C4C5C6=C7C8C(C9=CC(C(O)=O)=C(C=C(C=C%10C(O)=O)C%11%12)C(C%11=C%13C%14C%15%16C%17(O%16)C%18C%19=C%20C%21=C%22C(C(O)=C%23)=C%24C%25C%21=C%26C%19=C%27C%17=C%28C%14(O)C%12=C%10C=C%28CC%27=CC%26=CC%25=C(C(O)=O)C=C%24)C9=C7C%13(O)C5=C%15C3=C%18C%29%30C%20(O%30)C%31C%22C%23=C%32)=CC(C(O)=O)=CC8=CC6=C(C(O)=O)C4=C2)=C%29C%33=C%31C%32=C(C(O)=O)C=C%331,,,5.301029995663981,10.1016_j.polymer.2014.12.016_part_1.txt_¶Î1_Material1
O=C([*])CCCCCCCCCCC(NCCCCCCCCCCN[*])=O,C=C([CH3])C(=O)OC([CH3])[CH3],C=C(C(OCC1CO1)=O)C,,,7.143014800254095,10.1016_j.polymertesting.2021.107133_part_1.txt_¶Î1_Material1
[*]CC([*])Cl,[*]OCC[*],[C],,,5.787318756624548,10.4028_www.scientific.net_amm.679.128_part_1.txt_¶Î1_Material1
[*]C(C)C[*],[*]C/C=C/CCC([*])C#N,[*]C(C)C[*],,,6.079181246047625,10.1002_vnl.21571_part_1.txt_¶Î1_Material1
[*]C(NC1=C(C)C(NC(OCCO[*])=O)=CC=C1)=O,N(CC)(CC)CC,,,,4.505149978319906,10.1007_s13233-011-0116-5_part_1.txt_¶Î1_Material1
[*]CC[*],CCCCCCCCCCCCCCCC[N+](C)(C)C.[Br-],,,,6,10.1021_ie201077k_part_1.txt_¶Î1_Material1
[*]CCCC([*])OC(C)=O,[Ag],,,,4.301029995663981,10.1002_pen.25132_part_1.txt_¶Î1_Material1
[*]OCC[*],[*]CC[*],[*]CCCC([*])OC(C)=O,O=C([O-])[O-].[Ca+2],,6.218272853571447,10.1515_polyeng-2014-0213_part_1.txt_¶Î1_Material1
[*]C(NC1=C(C)C(NC(OCCO[*])=O)=CC=C1)=O,O=[Al]O[Al]=O.O=[Si]=O.O=[Si]=O.O=[Si]=O,,,,5.378397900948138,10.1134_s0965545x14060170_part_1.txt_¶Î1_Material1
[*]C([C@H](C)OC([C@H](C)O[*])=O)=O,[*]CCCC([*])OC(C)=O,,,,6,10.1016_j.compositesb.2016.09.082_part_1.txt_¶Î1_Material1
[*]C(CCCCCO[*])=O,O=C=NCCCCCCN=C=O,,,,3.814913181275074,10.1166_jnn.2010.1888_part_1.txt_¶Î1_Material1
[*]C(C)C[*],O=[Al]O[Al]=O,O=[Ti]=O,,,6.126767603121976,10.1155_2014_718765_part_1.txt_¶Î1_Material1
OCC1OC(C(C(C1[*])O)O)OC2C(C(C(OC2CO)O[*])O)O,[*]C1=C(C=CN2)C2=C([*])C(O)=C1O,,,,6.672097857935717,10.26599_pbm.2018.9260024_OA_part_1.txt_¶Î1_Material1
[*]C(C)C[*],O=C([*])C(C)O[*],[*]OC(CC(OC(CC([*])=O)CC)=O)C,O=[Mg].O=[Si]=O.O=[Si]=O.O=[Si]=O.O=[Si]=O.O=[Mg].O=[Mg].O,,6.301029995663981,10.1021_acsomega.7b00983_part_1.txt_¶Î1_Material1
[*]C(C)C[*],[*]OC1OC(CO)C(OC2C(O)C(O)C([*])C(CO)O2)C(O)C1O,[O-][Si]([O-])([O-])O[Si]([O-])([O-])[O-].[Ca+2],,,5.447158031342219,10.1177_0892705711401848_part_1.txt_¶Î1_Material1
O=C([*])C(C)O[*],[*]O[C@H](C)CC([*])=O,C=C([CH3])C(=O)OC([CH3])[CH3],O=[Al]O[Al]=O.O=[Si]=O.O=[Si]=O.O=[Si]=O,,6.480114784156704,10.1021_sc400395s_part_1.txt_¶Î1_Material1
[*]CC[*],O=C1C=CC(O1)=O.C=C,,,,5.732393759822968,10.1177_0731684413500545_part_1.txt_¶Î1_Material1
[*]C(CCCCCO[*])=O,[*]NC(C(N1CCCC1C(NCC(N2CC(CC2C(NC(C(NCC([*])=O)=O)CO)=O)O)=O)=O)=O)CCCCN,C(CC=O)CC=O,,,3.1398790864012365,10.1002_app.49219_part_2.txt_¶Î1_Material1
O=C([*])CCCCCN[*],O=[Si]=O,O=[Si]=O,O=[Si]=O,,6.136720567156407,10.1002_app.33967_part_2.txt_¶Î1_Material1
[*]CC(COC1=CC=C(C=C1)C(C)(C)C2=CC=C(C=C2)O[*])O,NCCC[Si](OCC)(OCC)OCC,OC(C(C)(CC(C1=CC=CC=C1)[*])CC(C[*])(C(OCC2CO2)=O)C)=O,,,6.046104787246039,10.1002_app.50491_part_3.txt_¶Î1_Material1
[*]CC[*],[*]CC[*],[*]OCC[*],[*]OCC[*],,5.86391737695786,10.1007_s13726-020-00889-3_part_2.txt_¶Î1_Material1
[*]C(C)C[*],OCC1OC(C(C(C1[*])O)O)OC2C(C(C(OC2CO)O[*])O)O,OCC1OC(C(C(C1[*])O)O)OC2C(C(C(OC2CO)O[*])O)O,NC1=CC=C(C=C1)/C2=C3C=C/C(N\3)=C(C4=N/C(C=C4)=C(C5=CC=C(N5)/C(C6=CC=CC=C6)=C7N=C2C=C\7)/C8=CC=CC=C8)\C9=CC=CC=C9,,6.2552725051033065,10.3390_ma7106919_part_2.txt_¶Î1_Material1
[*]C(C)C[*],O=[Mg].O=[Si]=O.O=[Si]=O.O=[Si]=O.O=[Si]=O.O=[Mg].O=[Mg].O,[*]CCC(CCCCCC)C[*],[*]C(C)C[*],,6.113943352306837,10.1002_pc.25702_part_1.txt_¶Î1_Material1
O=C(C1=CC=C(C=C1)C(OCC[*])=O)O[*],[H][O-],,,,6.491361693834273,10.1016_j.compositesb.2015.05.033_part_1.txt_¶Î1_Material1
[*]C(C)C[*],[*]OC1OC(CO)C(OC2C(O)C(O)C([*])C(CO)O2)C(O)C1O,[*]OC1C(O)C(O)C(OC2C(CO)OC([*])C(O)C2O)OC1CO,,,5.93801909747621,10.3390_fib6040094_part_1.txt_¶Î1_Material1
[*]CC(COC1=CC=C(C=C1)C(C)(C)C2=CC=C(C=C2)O[*])O,O=[Si]=O,O=[Si]=O,,,7.863322860120456,10.1002_pc.23976_part_2.txt_¶Î1_Material1
[*]OC(C(C1O)O)OC(COC)C1OC(OC(C(C2O)OC3OC(C(C(C3OC)O)OC4OC(C(C(C4OC)O)[*])COC)CO)COC)C2OCC(OC)C,[*]C1C(C(C(OC1C(O[Na])=O)OC2C(C(O[Na])=O)OC(O[*])C(O)C2O)O)O,[*]NC(C(N1CCCC1C(NCC(N2CC(CC2C(NC(C(NCC([*])=O)=O)CO)=O)O)=O)=O)=O)CCCCN,,,3.3010299956639813,10.1016_j.carbpol.2016.08.053_part_1.txt_¶Î1_Material1
O=C([*])C(C)O[*],[*]OCC[*],[Zn]=O,,,6.4623979978989565,10.3390_molecules26071967_part_2.txt_¶Î1_Material4
[*]NCC(NC(C(ONCC(NC(C(NCC(NC(C([*])=O)C)=O)=O)C)=O)=O)CO)=O,CCO,,,,4.877371345869774,10.1016_j.ces.2018.06.003_part_2.txt_¶Î1_Material1
[*]CC[*],O=C(C1=CC=C(C=C1)C(OCC[*])=O)O[*],[*]OCC[*],C=C(C(OCC1CO1)=O)C,,6.257051875069349,10.1016_j.matchemphys.2017.05.054_part_6.txt_¶Î1_Material1
[*]C(C1=CC=C(C(OCCCCO[*])=O)C=C1)=O,O=C([*])C1=CC=C2C=C(C=CC2=C1)OC(C3=CC=C(C=C3)O[*])=O,O=[Si]=O,,,6.3979400086720375,10.1016_j.matdes.2012.05.052_part_1.txt_¶Î1_Material1
[*]C(C)C[*],OCC1OC(C(C(C1O[*])O)O)[*],O=C(O)CCCCCCCCCCCCCCCCC,NC1=CC=C(C=C1)/C2=C3C=C/C(N\3)=C(C4=N/C(C=C4)=C(C5=CC=C(N5)/C(C6=CC=CC=C6)=C7N=C2C=C\7)/C8=CC=CC=C8)\C9=CC=CC=C9,,6.124634624019139,10.1002_pat.3742_part_1.txt_¶Î1_Material1
[*]C(C)C[*],CC(CC(C(C(O1)=O)CC1=O)[*])C[*],[*]CCCC(C1C([*])C2CC1C/C2=C/C)C,,,6.018284308426531,10.1007_s10973-018-7509-z_part_1.txt_¶Î1_Material3
O=C([*])C(C)O[*],O=C(C1=CC=C(C([*])=O)C=C1)NC2=CCC(N[*])C=C2,[*]OC1OC(CO)C(OC2C(O)C(O)C([*])C(CO)O2)C(O)C1O,,,6.919078092376074,10.1016_j.matpr.2020.02.457_part_1.txt_¶Î1_Material1
[*]C(C)C[*],[*]C(C)C[*],O=[Si]=O,,,7,10.1080_03602559.2016.1211699_part_3.txt_¶Î1_Material1
[*]CC[*],[H][Si]([H])([H])[H],[H][Si]([H])([H])[H],[H][Si]([H])([H])[H],,6.079181246047625,10.4028_www.scientific.net_amr.93-94.300_part_1.txt_¶Î1_Material1
[*]C([H])([H])C(O)([H])[*],[*]C1C(OC(C(C1O)O)OC2C(OC(C(C2O)O)O[*])CO)CO,OCC1OC(C(C(C1[*])O)O)OC2C(C(C(OC2CO)O[*])O)O,,,6.078819183098848,10.1007_s10570-017-1336-4_part_1.txt_¶Î1_Material1
O=C(C1=CC=C(C=C1)C(OCC[*])=O)O[*],CCCCCCCCCCCCCCCC[N+](C)(C)C.[Br-],,,,7,10.1002_pc.22223_part_1.txt_¶Î1_Material1
[*]CC(COC1=CC=C(C=C1)C(C)(C)C2=CC=C(C=C2)O[*])O,C12=C3C(C=CC4C3=C5C(CC6=CC7=C8C9=C(C(C=C%10)=CC=C9C=C7)C%11=C%10C%12)=CC4)=CC=C1C=C%12C%13=C%11C8=C6C5=C2%13,O=[Si]=O,,,6.924279286061882,10.1177_0967391119828559_part_1.txt_¶Î1_Material1
[*]C(C)C[*],CCCCCCCCCCCCCCCC[N+](C)(C)C.[Br-],,,,6.307496037913213,10.1007_s10853-021-06383-2_part_4.txt_¶Î1_Material1
O=C([*])CCCCCN[*],O=[Si]=O,,,,5.977723605288848,10.1016_j.engfracmech.2019.03.026_part_1.txt_¶Î1_Material1
[*]CC[*],[*]OC1OC(CO)C(OC2C(O)C(O)C([*])C(CO)O2)C(O)C1O,[H][O-],[H][Si]([H])([H])[H],O1C(=O)C=CC1=O,5.765370480291648,10.1080_15440478.2020.1838999_part_2.txt_¶Î1_Material1
O=C([*])C(C)O[*],C/C(C[*])=C/C[*],C/C(C[*])=C/C[*],,,5.806179973983888,10.4028_www.scientific.net_amr.410.59_part_1.txt_¶Î1_Material3
OCC(C(C(C1N)O)O[*])OC1OC2C(OC(C(C2O)N)[*])CO,OCC1OC(C(C(C1[*])O)O)OC2C(C(C(OC2CO)O[*])O)O,OC(C(CC(O)=O)(CC(O)=O)O)=O,OCC(O)CO,,6.544068044350276,10.1088_1757-899x_429_1_012042_part_1.txt_¶Î1_Material1
[*]CC([*])Cl,O=C(O)CCCCCCCCCCCCCCCCC,,,,6.376576957056512,10.1080_15440478.2018.1534186_part_1.txt_¶Î1_Material1
[*]C/C=C/CCC(C=C)CC([*])C1=CC=CC=C1,O=[Si]=O,CC1=CC(O)=C(C=C1CCCC(C2=C(C=C(C(C(C)(C)C)=C2)O)C)C3=CC(C(C)(C)C)=C(C=C3C)O)C(C)(C)C,,,3.191730393362856,10.1080_09276440.2016.1159053_part_3.txt_¶Î1_Material1
[*]C(C)C[*],NC1=CC=C(C=C1)/C2=C3C=C/C(N\3)=C(C4=N/C(C=C4)=C(C5=CC=C(N5)/C(C6=CC=CC=C6)=C7N=C2C=C\7)/C8=CC=CC=C8)\C9=CC=CC=C9,CC1=CC=C(C=C1N=C=O)N=C=O,,,6.123851640967086,10.1515_epoly-2014-0186_part_2.txt_¶Î1_Material1
O=C(C1=CC=C(C=C1)C(OCC[*])=O)O[*],[*]CC(COC1=CC=C(C=C1)C(C)(C)C2=CC=C(C=C2)O[*])O,,,,5.676693609624866,10.1039_c6gc01198e_part_2.txt_¶Î1_Material1
[*]C(NC1=C(C)C(NC(OCCO[*])=O)=CC=C1)=O,OC1=C2C(C3(O)C4C5C6=C7C8C(C9=CC(C(O)=O)=C(C=C(C=C%10C(O)=O)C%11%12)C(C%11=C%13C%14C%15%16C%17(O%16)C%18C%19=C%20C%21=C%22C(C(O)=C%23)=C%24C%25C%21=C%26C%19=C%27C%17=C%28C%14(O)C%12=C%10C=C%28CC%27=CC%26=CC%25=C(C(O)=O)C=C%24)C9=C7C%13(O)C5=C%15C3=C%18C%29%30C%20(O%30)C%31C%22C%23=C%32)=CC(C(O)=O)=CC8=CC6=C(C(O)=O)C4=C2)=C%29C%33=C%31C%32=C(C(O)=O)C=C%331,OC1=C2C(C3(O)C4C5C6=C7C8C(C9=CC(C(O)=O)=C(C=C(C=C%10C(O)=O)C%11%12)C(C%11=C%13C%14C%15%16C%17(O%16)C%18C%19=C%20C%21=C%22C(C(O)=C%23)=C%24C%25C%21=C%26C%19=C%27C%17=C%28C%14(O)C%12=C%10C=C%28CC%27=CC%26=CC%25=C(C(O)=O)C=C%24)C9=C7C%13(O)C5=C%15C3=C%18C%29%30C%20(O%30)C%31C%22C%23=C%32)=CC(C(O)=O)=CC8=CC6=C(C(O)=O)C4=C2)=C%29C%33=C%31C%32=C(C(O)=O)C=C%331,,,4.455606112581867,10.1039_c4nj01989j_part_1.txt_¶Î1_Material1
COCC1OC(OC2C(CO)OC(O[*])C(OC)C2OC)C(OC)C(O)C1O[*],,,,,6.230448921378274,10.1007_s10924-018-1260-1_part_1.txt_¶Î1_Material2
[*]C(C)C[*],O=C(C1=CC=C(C=C1)C(OCC[*])=O)O[*],C[N+](CCO)(CCO)[3H],,,6.198382130008294,10.1016_j.matdes.2012.08.051_part_1.txt_¶Î1_Material1
[*]C1C(OC(C(C1O)O)OC2C(OC(C(C2O)O)O[*])CO)CO,OC1C(O)C([*])OC(COC2C(O)C(O)C(O)C(CO)O2)C1OC3C(O)C(O)C(CO[*])C(CO)O3,OCC(O)CO,,,6.720985744153739,10.1088_1742-6596_1908_1_012031_part_1.txt_¶Î1_Material1
[*]OCCOC(CC(C([*])=O)C(C1CCCCC1)CC(CC(O)=O)C(OCCO)=O)=O,[*]OC1OC(CO)C(OC2C(O)C(O)C([*])C(CO)O2)C(O)C1O,[H][O-],[H][Si]([H])([H])[H],,6.612783856719736,10.1016_j.jestch.2016.10.016_part_1.txt_¶Î1_Material1
[*]C(C)C[*],OCC1OC(C(C(C1[*])O)O)OC2C(C(C(OC2CO)O[*])O)O,COC(C(C[*])([*])C)=O,,,5.707570176097937,10.1007_s10570-021-04086-0_part_2.txt_¶Î1_Material3
O=C(C1=CC=C(C=C1)C(OCC[*])=O)O[*],CC1=CC(O)=C(C=C1CCCC(C2=C(C=C(C(C(C)(C)C)=C2)O)C)C3=CC(C(C)(C)C)=C(C=C3C)O)C(C)(C)C,,,,6.408239965311849,10.1177_0309324719833237_part_1.txt_¶Î1_Material1
[*]C(C)C[*],CC(CC(C(C(O1)=O)CC1=O)[*])C[*],[C],,,5.752816431188271,10.1002_vnl.20272_part_1.txt_¶Î1_Material1
[*]NCCCCCCCCCCCC([*])=O,C12[Si]34C15C3C425,,,,6.020402720983878,10.1088_2053-1591_ab0874_part_3.txt_¶Î1_Material1
[*]C(CCCCC(OCCCCO[*])=O)=O,[*]C(CCCCCO[*])=O,[*]C(N(CN(C(OCOC(N(CN(C(OCCO[*])=O)[H])[H])=O)=O)[H])[H])=O,O=C=NC(C=C1)=CC=C1CC2=CC=C(C=C2)N=C=O,,4.041392685158225,10.4028_www.scientific.net_kem.816.187_part_1.txt_¶Î1_Material3
[*]CC[*],[*]C1C(OC(C(C1O)O)OC2C(OC(C(C2O)O)O[*])CO)CO,,,,5.553883026643875,10.1016_j.carbpol.2015.09.090_part_4.txt_¶Î1_Material1
O=C([*])C(C)O[*],OP(O)(O)=O,O=[Al]O[Al]=O.O=[Si]=O.O=[Si]=O.O=[Si]=O,,,6.249838927870856,10.1007_s10118-018-2043-9_part_1.txt_¶Î1_Material1
[*]C1C(OC(C(C1O)O)OC2C(OC(C(C2O)O)O[*])CO)CO,OCC(O)CO,,,,5.6464037262230695,10.3390_fib6020040_part_1.txt_¶Î1_Material1
[*]CC[*],[*]CC(C1=CC=C(C=C1)S(O)(=O)=O)[*],,,,6,10.1080_03602559.2013.820758_part_1.txt_¶Î1_Material1
[*]C(N(CN(C(OCOC(N(CN(C(OCCO[*])=O)[H])[H])=O)=O)[H])[H])=O,OCC(O)CO,,,,4.568201724066995,10.1177_0954008312459546_part_2.txt_¶Î1_Material1
[*]CC(COC1=CC=C(C=C1)C(C)(C)C2=CC=C(C=C2)O[*])O,[*]C([H])([H])C(O)([H])[*],OC1=C2C(C3(O)C4C5C6=C7C8C(C9=CC(C(O)=O)=C(C=C(C=C%10C(O)=O)C%11%12)C(C%11=C%13C%14C%15%16C%17(O%16)C%18C%19=C%20C%21=C%22C(C(O)=C%23)=C%24C%25C%21=C%26C%19=C%27C%17=C%28C%14(O)C%12=C%10C=C%28CC%27=CC%26=CC%25=C(C(O)=O)C=C%24)C9=C7C%13(O)C5=C%15C3=C%18C%29%30C%20(O%30)C%31C%22C%23=C%32)=CC(C(O)=O)=CC8=CC6=C(C(O)=O)C4=C2)=C%29C%33=C%31C%32=C(C(O)=O)C=C%331,,,6.20682587603185,10.1007_s11003-011-9312-x_part_1.txt_¶Î1_Material1
[*]CC([*])Cl,CCCC[Sn](OC(CC(C)CCCCCCCC)=O)(OC(CCCCCCCCCCC)=O)CCCC,,,,5.866287339084195,10.1002_app.32687_part_1.txt_¶Î1_Material1
O=C([*])CCCCCN[*],[*]C(C)C[*],,,,6.372912002970106,10.1002_pc.24157_part_2.txt_¶Î1_Material1
O=C([*])C(C)O[*],[*]C(CCCCC(OCCCCO[*])=O)=O,C=C(C(OCC1CO1)=O)C,NC1=NC2=C(N=CN2C2O[C@H](COP(=O)(O)OP(=O)(O)O)[C@H](O)[C@@H]2O)C(=O)N1,,6.3979400086720375,10.11113_mjfas.v14n4.1233_OA_part_2.txt_¶Î1_Material1
OC(C(C1OC2OC(C(C(C2O)O)OC3OC(C(C(C3O)O)O)COC4OC(C(C(C4O)O)OC5OC(C(C(C5O)O)OC6OC(C(C(C6O)O[*])O)C)CO)CO)CO)O[*])COC1CO,OCC(O)CO,OCC1OC(C(C(C1[*])O)O)OC2C(C(C(OC2CO)O[*])O)O,OCC(O)CO,,6.079181246047625,10.1007_s10570-012-9673-9_part_2.txt_¶Î1_Material2
O=C([*])CCCCCN[*],[*]C(C)C[*],NC1=CC=C(C=C1)/C2=C3C=C/C(N\3)=C(C4=N/C(C=C4)=C(C5=CC=C(N5)/C(C6=CC=CC=C6)=C7N=C2C=C\7)/C8=CC=CC=C8)\C9=CC=CC=C9,,,6.6020599913279625,10.1016_j.compositesa.2019.105680_part_4.txt_¶Î1_Material1
[*]CC(COC1=CC=C(C=C1)C(C)(C)C2=CC=C(C=C2)O[*])O,[*]OCCOC(CC(C([*])=O)C(C1CCCCC1)CC(CC(O)=O)C(OCCO)=O)=O,C[N+](CCO)(CCO)[3H],,,7.174234304941022,10.1002_pc.23480_part_1.txt_¶Î1_Material1
O=C([*])C(C)O[*],O=C([*])C(C)O[*],OCC(O)CO,,,6.653212513775344,10.4028_www.scientific.net_msf.956.201_part_1.txt_¶Î1_Material1
OCC1OC(C(C(C1O)O[*])O)OC2C(C(C(OC2COS(=O)(O)=O)[*])NC(C)=O)O,[*]C1C(C(C(OC1C(O[Na])=O)OC2C(C(O[Na])=O)OC(O[*])C(O)C2O)O)O,Cl[Ca]Cl,,,4.340444114840119,10.1016_j.polymertesting.2019.106286_part_2.txt_¶Î1_Material1
[*]C(C)C[*],O=C(O)CCCCCCCCCCCCCCCCC,NC1=CC=C(C=C1)/C2=C3C=C/C(N\3)=C(C4=N/C(C=C4)=C(C5=CC=C(N5)/C(C6=CC=CC=C6)=C7N=C2C=C\7)/C8=CC=CC=C8)\C9=CC=CC=C9,,,6.342580577381627,10.1002_pat.3742_part_1.txt_¶Î1_Material3
[*]C(C)C[*],OCC1OC(C(C(C1[*])O)O)OC2C(C(C(OC2CO)O[*])O)O,NC1=CC=C(C=C1)/C2=C3C=C/C(N\3)=C(C4=N/C(C=C4)=C(C5=CC=C(N5)/C(C6=CC=CC=C6)=C7N=C2C=C\7)/C8=CC=CC=C8)\C9=CC=CC=C9,,,6.387033701282364,10.1002_app.32985_part_2.txt_¶Î1_Material1
[*]C(C)C[*],[*]OCC[*],,,,6,10.1002_macp.201300355_part_2.txt_¶Î1_Material1
[*]C([H])([H])C(O)([H])[*],OC[C@@H]([C@H]([C@@H]([C@@H](CO)O)O)O)O,OCC(O)CO,OCCOC1C(OCCO)C(C(OCCO)COCCOC(CCCCCCCCCCCCCCCCC)=O)OC1,,5.135450699345514,10.1080_03602559.2011.639827_part_1.txt_¶Î1_Material1
[*]C(C)C[*],[H][O-],[H][O-],,,6.19506899646859,10.26776_ijemm.03.03.2018.04_OA_part_2.txt_¶Î1_Material1
[*]C(NC1=C(C)C(NC(OCCO[*])=O)=CC=C1)=O,OCC(O)CO,,,,3.755874855672492,10.1177_0021955x11409494_part_3.txt_¶Î1_Material1
O=C(CCCCC(N(CCCCCCN([*])[H])[H])=O)[*],,,,,6.929418925714293,10.1002_app.32112_part_2.txt_¶Î1_Material1
OCC(C(C(C1N)O)O[*])OC1OC2C(OC(C(C2O)N)[*])CO,O=C(O[Na])COCC(OC(C(C1O)O)[*])C1OC(C(C(C2O[*])O)O)OC2COCC(O[Na])=O,OCC(O)CO,,,6.241546480596549,10.1016_j.eurpolymj.2020.110225_part_1.txt_¶Î1_Material1
O=C([*])CCCCCN[*],C12=C3C(C=CC4C3=C5C(CC6=CC7=C8C9=C(C(C=C%10)=CC=C9C=C7)C%11=C%10C%12)=CC4)=CC=C1C=C%12C%13=C%11C8=C6C5=C2%13,[O-][Si]([O-])([O-])O[Si]([O-])([O-])[O-].[Ca+2],,,6.301029995663981,10.1016_j.apmt.2016.11.003_part_1.txt_¶Î1_Material1
O=C([*])C(C)O[*],[*]C(CCCCCO[*])=O,O=[Ti]=O,OC(C(C)(CC(C1=CC=CC=C1)[*])CC(C[*])(C(OCC2CO2)=O)C)=O,,6.544068044350276,10.1016_j.matchemphys.2017.03.051_part_4.txt_¶Î1_Material1
C[Si](C)(C[*])O[*],[*]OCC[*],,,,2.740362689494244,10.3390_polym12071520_part_2.txt_¶Î1_Material1
O=C([*])C(C)O[*],[*]CCCC([*])C(OC)=O,,,,6.3560258571931225,10.1002_app.44677_part_2.txt_¶Î1_Material1
[*]C(N(CN(C(OCOC(N(CN(C(OCCO[*])=O)[H])[H])=O)=O)[H])[H])=O,[O-][Si]([O-])([O-])O[Si]([O-])([O-])[O-].[Ca+2],,,,4.638489256954637,10.1179_1743289815y.0000000018_part_1.txt_¶Î1_Material1
[*]C(C)C[*],[*]C1C(OC(C(C1O)O)OC2C(OC(C(C2O)O)O[*])CO)CO,[*]C(C)C[*],CCCCCCCCCCCCCCCCCC(OC)=O,,6.034227260770551,10.1016_j.carbpol.2015.08.074_part_3.txt_¶Î1_Material1
OCC(C(C(C1N)O)O[*])OC1OC2C(OC(C(C2O)N)[*])CO,O=C(C1=COC(C2C(CO)=CCC12)O)OC,,,,5.064457989226918,10.1002_jbm.a.35451_part_1.txt_¶Î1_Material1
[*]C(C)C[*],[H][Si]([H])([H])[H],[H][Si]([H])([H])[H],[H][Si]([H])([H])[H],,5.954242509439325,10.1177_1558925020958195_part_2.txt_¶Î1_Material1
O=C(C(C[*])[*])N,O=C(O)C([*])C[*],O=C(C1=CC=C(C=C1)OCCOC(C=C)=O)C(C)(C)O,,,1.9549175537349588,10.1016_j.nanoen.2019.01.032_part_1.txt_¶Î1_Material1
[*]NC(C(N1CCCC1C(NCC(N2CC(CC2C(NC(C(NCC([*])=O)=O)CO)=O)O)=O)=O)=O)CCCCN,O=C(CC(/C=C/C1=CC=C(C(OC)=C1)O)=O)/C=C/C2=CC=C(O)C(OC)=C2,,,,5.633771346082556,10.1016_j.foodhyd.2014.02.014_part_2.txt_¶Î1_Material1
[*]NC(C(N1CCCC1C(NCC(N2CC(CC2C(NC(C(NCC([*])=O)=O)CO)=O)O)=O)=O)=O)CCCCN,O=C(C(C[*])[*])N,,,,1.9242792860618816,10.1039_c7tb01780d_part_1.txt_¶Î1_Material1
O=C([*])CCCCCN[*],[*]C(C)C[*],O=C(C1=CC=C(C([*])=O)C=C1)NC2=CCC(N[*])C=C2,[*]C(C)C[*],,6.3979400086720375,10.1515_polyeng-2012-0016_part_1.txt_¶Î1_Material1
CC1=CC(C)=C(C(C)=C1)C(P(C2=CC=CC=C2)(C3=CC=CC=C3)=O)=O,O=[Al]O[Al]=O.O=[Si]=O.O=[Si]=O.O=[Si]=O,[*]C(C)C[*],,,5.341394951524042,10.1080_17458080.2011.597436_part_2.txt_¶Î1_Material1
O=C([*])CCCCCN[*],[*]CC[*],[*]CCCC([*])OC(C)=O,O=[Al]O[Al]=O.O=[Si]=O.O=[Si]=O.O=[Si]=O,,6.385606273598312,10.4028_www.scientific.net_kem.594-595.745_part_1.txt_¶Î1_Material1
OCC1OC(C(C(C1[*])O)O)OC2C(C(C(OC2CO)O[*])O)O,[Na+].[Cl-],[H]O[H],,,7.113943352306837,10.1007_s10570-019-02754-w_part_4.txt_¶Î1_Material1
OCC1OC(C(C(C1[*])O)O)OC2C(C(C(OC2CO)O[*])O)O,[H][Si]([H])([H])[H],,,,6.892094602690481,10.1007_s10570-015-0643-x_part_2.txt_¶Î1_Material1
[*]C([H])([H])C(O)([H])[*],C12=C3C(C=CC4C3=C5C(CC6=CC7=C8C9=C(C(C=C%10)=CC=C9C=C7)C%11=C%10C%12)=CC4)=CC=C1C=C%12C%13=C%11C8=C6C5=C2%13,[*]C1C(C(C(OC1C(O[Na])=O)OC2C(C(O[Na])=O)OC(O[*])C(O)C2O)O)O,,,6.230448921378274,10.1080_15685543.2014.879512_part_3.txt_¶Î1_Material1
[*]C(C)C[*],O=C(C1=CC=C(C=C1)C(OCC[*])=O)O[*],[*]C(C)C[*],,,5.049218022670182,10.1016_j.compositesb.2011.11.035_part_1.txt_¶Î1_Material1
[*]CC[*],CC1=CC=C(C=C1N=C=O)N=C=O,,,,6.267171728403014,10.1177_204124791200300202_part_2.txt_¶Î1_Material1
[*]C(C)C[*],O=C(C1=CC=C(C([*])=O)C=C1)NC2=CCC(N[*])C=C2,[H][O-],CC(=O)O,,5.451786435524291,10.4028_www.scientific.net_amr.383-390.2737_part_1.txt_¶Î1_Material1
[*]CC(COC1=CC=C(C=C1)C(C)(C)C2=CC=C(C=C2)O[*])O,[O-][Si]([O-])([O-])O[Si]([O-])([O-])[O-].[Ca+2],C12=CC3=CC4=CC=CN=C4N=C3N=C1N=C5N=C6N=CC=CC6=CC5=C2,,,6.68304703823885,10.1177_0967391118809233_part_1.txt_¶Î1_Material3
[*]C(C)C[*],[*]CC(CC=CCC([*])C1=CC=CC=C1)C#N,[*]C(C)C[*],[*]CC(CCCC(CC)CC([*])C1=CC=CC=C1)C2=CC=CC=C2,,6.060697840353612,10.1177_0892705717697775_part_3.txt_¶Î1_Material1
[*]C(C)C[*],[*]OCCCOC(C1=CC=C(C([*])=O)C=C1)=O,[*]C(C)C[*],C[N+](CCO)(CCO)[3H],,6.160198326116569,10.1080_00222348.2012.742816_part_2.txt_¶Î1_Material1
O=[Si]=O,[*]C(NC1=C(C)C(NC(OCCO[*])=O)=CC=C1)=O,,,,6.301029995663981,10.3390_jcs3020040_part_3.txt_¶Î1_Material1
O=C(C1=CC=C(C=C1)C(OCC[*])=O)O[*],O=C([*])OC1=CC=C(C=C1)C(C)(C)C2=CC=C(C=C2)O[*],,,,6.142702245737616,10.4028_www.scientific.net_amr.750-752.858_part_1.txt_¶Î1_Material1
CC(COC(C(CC(C(C(C(OC(C)C)=O)C1=CC=CC=C1)C(OCC(OC(C2=CC=CC=C2C(O)=O)=O)C)=O)C3=CC=CC=C3)C(C(OC(C)C[*])=O)C4=CC=CC=C4)=O)OC(C5=CC=CC=C5C(O[*])=O)=O,[*]OC1OC(CO)C(OC2C(O)C(O)C([*])C(CO)O2)C(O)C1O,,,,6.913283901760418,10.1016_j.compscitech.2014.01.017_part_2.txt_¶Î1_Material1
[*]C(CCCCCO[*])=O,[*]NC(C(N1CCCC1C(NCC(N2CC(CC2C(NC(C(NCC([*])=O)=O)CO)=O)O)=O)=O)=O)CCCCN,[Cu],,,4.636387585813156,10.1016_j.matlet.2021.129787_part_1.txt_¶Î1_Material1
[*]NC(C)C(N1CCCC1C([*])=O)=O,[*]NCC(NC(C(ONCC(NC(C(NCC(NC(C([*])=O)C)=O)=O)C)=O)=O)CO)=O,O=P([O-])([O-])[O-].[Ca+2].[Ca+2].[OH-],,,5.859198361533878,10.1016_j.ijbiomac.2014.01.003_part_1.txt_¶Î1_Material1
CC(COC(C(CC(C(C(C(OC(C)C)=O)C1=CC=CC=C1)C(OCC(OC(C2=CC=CC=C2C(O)=O)=O)C)=O)C3=CC=CC=C3)C(C(OC(C)C[*])=O)C4=CC=CC=C4)=O)OC(C5=CC=CC=C5C(O[*])=O)=O,O=C(C1=CC=C(C([*])=O)C=C1)NC2=CCC(N[*])C=C2,,,,7,10.4028_www.scientific.net_amm.465-466.962_part_1.txt_¶Î1_Material1
[*]OC(C(C1O)O)OC(COC)C1OC(OC(C(C2O)OC3OC(C(C(C3OC)O)OC4OC(C(C(C4OC)O)[*])COC)CO)COC)C2OCC(OC)C,,,,,6.653212513775344,10.3390_polym11040675_part_8.txt_¶Î1_Material3
O=C(O)C([*])C[*],O=C(C(C[*])[*])N,O=C(C1=CC=C(C=C1)OCCOC(C=C)=O)C(C)(C)O,,,1.7781512503836436,10.1016_j.carbpol.2018.06.047_part_2.txt_¶Î1_Material1
[*]CC[*],Cl[Si](C)(C)C,[*]OCC[*],OCC(O)CO,,5.146128035678238,10.1002_app.36329_part_1.txt_¶Î1_Material1
[*]CC[*],[*]OCC[*],[*]OCC[*],,,6.066773037085025,10.1080_03602559.2012.762018_part_1.txt_¶Î1_Material2
[*]NCC(NC(C(ONCC(NC(C(NCC(NC(C([*])=O)C)=O)=O)C)=O)=O)CO)=O,CC(NC(C([*])C)=O)C(NC(C)C(NC(C)C(N[*])=O)=O)=O,,,,6.57978359661681,10.1177_0021998317743563_part_2.txt_¶Î1_Material1
O=C([*])OC1=CC=C(C=C1)C(C)(C)C2=CC=C(C=C2)O[*],C12=CC3=CC4=CC=CN=C4N=C3N=C1N=C5N=C6N=CC=CC6=CC5=C2,,,,7.577491799837225,10.1016_j.compositesb.2020.108093_part_1.txt_¶Î1_Material1
C=C(C)C(=O)OCC(O)COC1=CC=C(C(C2=CC=C(O)C=C2)(C)C)C=C1,[*]CC(COC1=CC=C(C=C1)C(C)(C)C2=CC=C(C=C2)O[*])O,C12=CC3=CC4=CC=CN=C4N=C3N=C1N=C5N=C6N=CC=CC6=CC5=C2,,,7.538573733806856,10.1002_pc.25507_part_1.txt_¶Î1_Material1
[*]C(C)C[*],[*]CC(CCCC(CC)CC([*])C1=CC=CC=C1)C2=CC=CC=C2,,,,5.814394112097142,10.1177_0892705713518792_part_2.txt_¶Î1_Material2
[*]CC(C1=CC=CC=C1)[*],O=C(C(C[*])[*])N,,,,2.886490725172482,10.1177_0307174x1704400901_part_1.txt_¶Î1_Material2
[*]C(C)C[*],[*]C1C(OC(C(C1O)O)OC2C(OC(C(C2O)O)O[*])CO)CO,NC1=CC=C(C=C1)/C2=C3C=C/C(N\3)=C(C4=N/C(C=C4)=C(C5=CC=C(N5)/C(C6=CC=CC=C6)=C7N=C2C=C\7)/C8=CC=CC=C8)\C9=CC=CC=C9,,,6.220108088040055,10.1021_ie4025243_part_1.txt_¶Î1_Material1
[*]CC[*],O=C1C=CC(O1)=O.C=C,NC1=CC=C(C=C1)/C2=C3C=C/C(N\3)=C(C4=N/C(C=C4)=C(C5=CC=C(N5)/C(C6=CC=CC=C6)=C7N=C2C=C\7)/C8=CC=CC=C8)\C9=CC=CC=C9,C=C(C(OCC1CO1)=O)C,,5.955206537541942,10.1177_0892705711417656_part_2.txt_¶Î1_Material3
[*]C(CCCCCO[*])=O,[H][O-],[H][Si]([H])([H])[H],,,5.282961803534335,10.1016_j.jmrt.2020.06.066_part_2.txt_¶Î1_Material1
O=C([*])C(C)O[*],O=[Si]=O,,,,6.426511261364575,10.1179_2055033214y.0000000008_part_2.txt_¶Î1_Material1
[*]OC1OC(CO)C(OC2C(O)C(O)C([*])C(CO)O2)C(O)C1O,OC1=C2C(C3(O)C4C5C6=C7C8C(C9=CC(C(O)=O)=C(C=C(C=C%10C(O)=O)C%11%12)C(C%11=C%13C%14C%15%16C%17(O%16)C%18C%19=C%20C%21=C%22C(C(O)=C%23)=C%24C%25C%21=C%26C%19=C%27C%17=C%28C%14(O)C%12=C%10C=C%28CC%27=CC%26=CC%25=C(C(O)=O)C=C%24)C9=C7C%13(O)C5=C%15C3=C%18C%29%30C%20(O%30)C%31C%22C%23=C%32)=CC(C(O)=O)=CC8=CC6=C(C(O)=O)C4=C2)=C%29C%33=C%31C%32=C(C(O)=O)C=C%331,,,,6.857332496431268,10.1177_0021998311430866_part_1.txt_¶Î1_Material1
[*]C(C)C[*],[*]CC[*],O=[Ti]=O,[*]CC(CCCC(CC)CC([*])C1=CC=CC=C1)C2=CC=CC=C2,,5.276461804173244,10.31803_tg-20190312191013_part_1.txt_¶Î1_Material1
[*]C/C=C/CCC([*])C#N,[C],,,,3.4913616938342726,10.1002_app.49936_part_2.txt_¶Î1_Material1
[*]C(C)C[*],O=[Si]=O,O=[Si]=O,,,6.681241237375588,10.1515_secm-2012-0035_part_1.txt_¶Î1_Material1
[*]C([H])([H])C(O)([H])[*],[*]OCC[*],OCC(O)CO,,,5.156064312339866,10.1177_0885328217739451_part_1.txt_¶Î1_Material2
[*]C1C(OC(C(C1O)O)OC2C(OC(C(C2O)O)O[*])CO)CO,OCC1OC(C(C(C1[*])O)O)OC2C(C(C(OC2CO)O[*])O)O,OC1=C2C(C3(O)C4C5C6=C7C8C(C9=CC(C(O)=O)=C(C=C(C=C%10C(O)=O)C%11%12)C(C%11=C%13C%14C%15%16C%17(O%16)C%18C%19=C%20C%21=C%22C(C(O)=C%23)=C%24C%25C%21=C%26C%19=C%27C%17=C%28C%14(O)C%12=C%10C=C%28CC%27=CC%26=CC%25=C(C(O)=O)C=C%24)C9=C7C%13(O)C5=C%15C3=C%18C%29%30C%20(O%30)C%31C%22C%23=C%32)=CC(C(O)=O)=CC8=CC6=C(C(O)=O)C4=C2)=C%29C%33=C%31C%32=C(C(O)=O)C=C%331,,,5.639486489268586,10.1002_pat.4796_part_1.txt_¶Î1_Material1
[*]C1C(OC(C(C1O)O)OC2C(OC(C(C2O)O)O[*])CO)CO,[*]C1C(C(C(OC1C(O[Na])=O)OC2C(C(O[Na])=O)OC(O[*])C(O)C2O)O)O,[*]NC(C(N1CCCC1C(NCC(N2CC(CC2C(NC(C(NCC([*])=O)=O)CO)=O)O)=O)=O)=O)CCCCN,,,3.633468455579586,10.1016_j.foodres.2020.110059_part_1.txt_¶Î1_Material2
[*]OCCOC(CC(C([*])=O)C(C1CCCCC1)CC(CC(O)=O)C(OCCO)=O)=O,O=C(C1=CC=C(C=C1)OCCOC(C=C)=O)C(C)(C)O,C=CC1=CC=CC=C1,,,5.729715411103169,10.1177_0731684413481863_part_1.txt_¶Î1_Material1
[*]C(C)C[*],O=C(C1=CC=C(C=C1)C(OCC[*])=O)O[*],,,,6.301029995663981,10.1177_0892705713484748_part_2.txt_¶Î1_Material1
[*]OC1=C(C([*])=CC=C1C)C,[*]CC(C1=CC=CC=C1)[*],C[N+](CCO)(CCO)[3H],C[N+](CCO)(CCO)[3H],C[N+](CCO)(CCO)[3H],6.3979400086720375,10.1177_0892705712439559_part_4.txt_¶Î1_Material1
OCC(C(C(C1N)O)O[*])OC1OC2C(OC(C(C2O)N)[*])CO,[*]OC1C(C(OC(C1O)OC2C3C(C(OC2CO3)[*])O)CO)O,C(CC=O)CC=O,,,6.361727836017593,10.1016_j.carbpol.2018.10.002_part_5.txt_¶Î1_Material1
[*]C1C(OC(C(C1O)O)OC2C(OC(C(C2O)O)O[*])CO)CO,O=[Al]O[Al]=O.O=[Si]=O.O=[Si]=O.O=[Si]=O,,,,6.342422680822207,10.1002_app.32312_part_1.txt_¶Î1_Material2
[*]C1C(C(C(OC1C(O[Na])=O)OC2C(C(O[Na])=O)OC(O[*])C(O)C2O)O)O,[*]NC(C(N1CCCC1C(NCC(N2CC(CC2C(NC(C(NCC([*])=O)=O)CO)=O)O)=O)=O)=O)CCCCN,O=P([O-])([O-])[O-].[Ca+2].[Ca+2].[OH-],,,3.318063334962761,10.3390_polym13060932_part_2.txt_¶Î1_Material1
CC(COC(C(CC(C(C(C(OC(C)C)=O)C1=CC=CC=C1)C(OCC(OC(C2=CC=CC=C2C(O)=O)=O)C)=O)C3=CC=CC=C3)C(C(OC(C)C[*])=O)C4=CC=CC=C4)=O)OC(C5=CC=CC=C5C(O[*])=O)=O,[*]C(F)(C(F)([*])F)F,,,,6.372912002970106,10.1016_j.triboint.2016.03.013_part_1.txt_¶Î1_Material1
O=C([*])C(C)O[*],O=C([*])C(C)O[*],,,,6.137926673293154,10.1002_pc.25284_part_2.txt_¶Î1_Material1
[*]C(C)C[*],O=P([O-])([O-])[O-].[Ca+2].[Ca+2].[OH-],[H][Si]([H])([H])[H],,,6.713490543093942,10.1177_0021998310376095_part_1.txt_¶Î1_Material1
[*]C(CCCCCO[*])=O,[*]NC(C(N1CCCC1C(NCC(N2CC(CC2C(NC(C(NCC([*])=O)=O)CO)=O)O)=O)=O)=O)CCCCN,O=P([O-])([O-])[O-].[Ca+2].[Ca+2].[OH-],,,3.903089986991944,10.4028_www.scientific.net_kem.493-494.909_part_1.txt_¶Î1_Material1
O=C(C1=CC=C(C=C1)C(OCC[*])=O)O[*],O=[Si]=O.[Ca]=O,,,,7.060697840353612,10.1016_j.jhazmat.2018.05.046_part_4.txt_¶Î1_Material1
[*]C1C(OC(C(C1O)O)OC2C(OC(C(C2O)O)O[*])CO)CO,OCC(C(C(C1N)O)O[*])OC1OC2C(OC(C(C2O)N)[*])CO,[*]C1=C(C=CN2)C2=C([*])C(O)=C1O,O=[Al]O[Al]=O.O=[Si]=O.O=[Si]=O.O=[Si]=O,,6.152288344383057,10.1016_j.foodhyd.2016.06.030_part_1.txt_¶Î1_Material1
[*]CC[*],O=C(C1=CC=C(C=C1)C(OCC[*])=O)O[*],OCC1OC(C(C(C1[*])O)O)OC2C(C(C(OC2CO)O[*])O)O,C=C(C(OCC1CO1)=O)C,,6.214843848047698,10.1016_j.biortech.2009.12.069_part_1.txt_¶Î1_Material1
[*]NC(C(N1CCCC1C(NCC(N2CC(CC2C(NC(C(NCC([*])=O)=O)CO)=O)O)=O)=O)=O)CCCCN,[*]OCC[*],OCC1O[C@H](C(C([C@@H]1O)O)O)O,OCC(O)CO,,3.7363965022766426,10.1002_jbm.b.34756_part_2.txt_¶Î1_Material1
[*]CC[*],O=C(C1=CC=C(C=C1)C(OCC[*])=O)O[*],C=C(C(OCC1CO1)=O)C,OC1=C2C(C3(O)C4C5C6=C7C8C(C9=CC(C(O)=O)=C(C=C(C=C%10C(O)=O)C%11%12)C(C%11=C%13C%14C%15%16C%17(O%16)C%18C%19=C%20C%21=C%22C(C(O)=C%23)=C%24C%25C%21=C%26C%19=C%27C%17=C%28C%14(O)C%12=C%10C=C%28CC%27=CC%26=CC%25=C(C(O)=O)C=C%24)C9=C7C%13(O)C5=C%15C3=C%18C%29%30C%20(O%30)C%31C%22C%23=C%32)=CC(C(O)=O)=CC8=CC6=C(C(O)=O)C4=C2)=C%29C%33=C%31C%32=C(C(O)=O)C=C%331,,5.545925329355843,10.1088_1757-899x_943_1_012002_part_1.txt_¶Î1_Material1
C[Si](C)(C[*])O[*],NCCC[Si](OCC)(OCC)OCC,,,,2.361727836017593,10.1016_j.polymer.2018.11.043_part_2.txt_¶Î1_Material1
O=C(CCCCC(N(CCCCCCN([*])[H])[H])=O)[*],[*]C(C)C[*],S=[Mo]=S,C12[Si]34C15C3C425,O=[Al]O[Al]=O,6.332438459915605,10.1007_s12666-016-0971-z_part_2.txt_¶Î1_Material1
[*]NC(C)C(N1CCCC1C([*])=O)=O,[Zn]=O,OCC(O)CO,,,5.582971929104806,10.1016_j.msec.2019.110394_part_1.txt_¶Î1_Material1
[*]C(C)C[*],[*]/C=C\CC/C=C\CC(CC([*])C1=CC=CC=C1)C2=CC=CC=C2,O=[Si]=O,[*]C(C)C[*],,5.9954289654317074,10.1007_s10118-020-2399-5_part_2.txt_¶Î1_Material1
O=C([*])C(C)O[*],[H][O-],,,,7.012837224705172,10.1007_s10570-017-1478-4_part_2.txt_¶Î1_Material1
O=C(C1=CC=C(C=C1)C(OCC[*])=O)O[*],O=[Si]=O,O=C(CCCCC(N(CCCCCCN([*])[H])[H])=O)[*],,,6.9304395947667,10.1080_00405000.2013.869433_part_2.txt_¶Î1_Material1
[*]C(C)C[*],CC(CC(C(C(O1)=O)CC1=O)[*])C[*],[*]CCCC([*])OC(C)=O,,,5.949877704036875,10.1007_s10973-018-7509-z_part_1.txt_¶Î1_Material5
[*]CC(COC1=CC=C(C=C1)C(C)(C)C2=CC=C(C=C2)O[*])O,O=[Si]=O,[H][Si]([H])([H])[H],[H][Si]([H])([H])[H],,6.301029995663981,10.1016_j.compositesb.2013.10.069_part_1.txt_¶Î1_Material1
[*]CC(C1=CC=CC=C1)[*],O=[Si]=O,,,,6.342422680822207,10.1007_s10570-016-1005-z_part_3.txt_¶Î1_Material2
[*]C([H])([H])C(O)([H])[*],O=C(O[Na])COCC(OC(C(C1O)O)[*])C1OC(C(C(C2O[*])O)O)OC2COCC(O[Na])=O,[*]C1C(C(C(OC1C(O[Na])=O)OC2C(C(O[Na])=O)OC(O[*])C(O)C2O)O)O,[Ca+2],,6.607455023214668,10.1080_1539445x.2021.1926281_part_2.txt_¶Î1_Material1
[*]C(C)C[*],[*]C(C)C[*],O=[Mg].O=[Si]=O.O=[Si]=O.O=[Si]=O.O=[Si]=O.O=[Mg].O=[Mg].O,,,6,10.1504_ijmmm.2017.082905_part_2.txt_¶Î1_Material1
[*]C(C)C[*],CC1=CC(C)=C(C(C)=C1)C(P(C2=CC=CC=C2)(C3=CC=CC=C3)=O)=O,O=[Si]=O,[*]C(C)C[*],,5.991669007379948,10.1007_s10118-020-2399-5_part_1.txt_¶Î1_Material1
[*]O[C@H](C)CC([*])=O,,,,,6.079181246047625,10.1134_s0003683810030075_part_1.txt_¶Î1_Material1
O=C([*])C(C)O[*],O=[Si]=O,OC1=C2C(C3(O)C4C5C6=C7C8C(C9=CC(C(O)=O)=C(C=C(C=C%10C(O)=O)C%11%12)C(C%11=C%13C%14C%15%16C%17(O%16)C%18C%19=C%20C%21=C%22C(C(O)=C%23)=C%24C%25C%21=C%26C%19=C%27C%17=C%28C%14(O)C%12=C%10C=C%28CC%27=CC%26=CC%25=C(C(O)=O)C=C%24)C9=C7C%13(O)C5=C%15C3=C%18C%29%30C%20(O%30)C%31C%22C%23=C%32)=CC(C(O)=O)=CC8=CC6=C(C(O)=O)C4=C2)=C%29C%33=C%31C%32=C(C(O)=O)C=C%331,OC(C(C)(CC(C1=CC=CC=C1)[*])CC(C[*])(C(OCC2CO2)=O)C)=O,,5.867467487859051,10.1080_00222348.2014.998556_part_3.txt_¶Î1_Material1
[*]C(C)C[*],O=C(O)CCCCCCCCCCCCCCCCC,,,,6.285107029566812,10.1002_app.39413_part_1.txt_¶Î1_Material1
[*]C(F)(C(F)([*])F)F,C12[Si]34C15C3C425,O=[Al]O[Al]=O,S=[Mo]=S,,5.9018940319738205,10.1177_0021998314545183_part_3.txt_¶Î1_Material1
O=C(C1=CC=C(C=C1)C(OCC[*])=O)O[*],OC1=C2C(C3(O)C4C5C6=C7C8C(C9=CC(C(O)=O)=C(C=C(C=C%10C(O)=O)C%11%12)C(C%11=C%13C%14C%15%16C%17(O%16)C%18C%19=C%20C%21=C%22C(C(O)=C%23)=C%24C%25C%21=C%26C%19=C%27C%17=C%28C%14(O)C%12=C%10C=C%28CC%27=CC%26=CC%25=C(C(O)=O)C=C%24)C9=C7C%13(O)C5=C%15C3=C%18C%29%30C%20(O%30)C%31C%22C%23=C%32)=CC(C(O)=O)=CC8=CC6=C(C(O)=O)C4=C2)=C%29C%33=C%31C%32=C(C(O)=O)C=C%331,,,,6.167317334748176,10.1016_j.jmrt.2019.06.004_part_1.txt_¶Î1_Material1
[*]C(C)C[*],OCC(C(C(C1N)O)O[*])OC1OC2C(OC(C(C2O)N)[*])CO,,,,6.6020599913279625,10.1016_j.conbuildmat.2017.04.035_part_3.txt_¶Î1_Material1
[*]OCCCCOC(CCC([*])=O)=O,O=C(C1=CC=C(C=C1)C(OCC[*])=O)O[*],,,,6.045322978786658,10.1021_ie101798n_part_2.txt_¶Î1_Material1
[*]CC(C1=CC=CC=C1)[*],[*]CC(C1=CC=CC=C1)[*],,,,6.278753600952829,10.1002_app.32638_part_1.txt_¶Î1_Material2
[*]C(C)C[*],[*]CC(CCCC(CC)CC([*])C1=CC=CC=C1)C2=CC=CC=C2,[*]CC(CCCC(CC)CC([*])C1=CC=CC=C1)C2=CC=CC=C2,,,6.167317334748176,10.1007_s10570-021-03995-4_part_3.txt_¶Î1_Material1
OCC(C(C(C1N)O)O[*])OC1OC2C(OC(C(C2O)N)[*])CO,[*]CC(C#N)[*],,,,6.3670482644844935,10.1016_j.polymertesting.2018.04.031_part_1.txt_¶Î1_Material1
OCC1OC(C(C(C1[*])O)O)OC2C(C(C(OC2CO)O[*])O)O,[*]C([H])([H])C(O)([H])[*],OC1=C2C(C3(O)C4C5C6=C7C8C(C9=CC(C(O)=O)=C(C=C(C=C%10C(O)=O)C%11%12)C(C%11=C%13C%14C%15%16C%17(O%16)C%18C%19=C%20C%21=C%22C(C(O)=C%23)=C%24C%25C%21=C%26C%19=C%27C%17=C%28C%14(O)C%12=C%10C=C%28CC%27=CC%26=CC%25=C(C(O)=O)C=C%24)C9=C7C%13(O)C5=C%15C3=C%18C%29%30C%20(O%30)C%31C%22C%23=C%32)=CC(C(O)=O)=CC8=CC6=C(C(O)=O)C4=C2)=C%29C%33=C%31C%32=C(C(O)=O)C=C%331,,,6.119317224092021,10.5402_2012_154314_part_1.txt_¶Î1_Material1
[*]CCN[*],O=C([*])OC1=CC=C(C=C1)C(C)(C)C2=CC=C(C=C2)O[*],,,,6.3979400086720375,10.5762_kais.2014.15.2.1216_OA_part_1.txt_¶Î1_Material1
[*]C(C)C[*],NC1=CC=C(C=C1)/C2=C3C=C/C(N\3)=C(C4=N/C(C=C4)=C(C5=CC=C(N5)/C(C6=CC=CC=C6)=C7N=C2C=C\7)/C8=CC=CC=C8)\C9=CC=CC=C9,O=[Al]O[Al]=O,NC1=CC=C(C=C1)/C2=C3C=C/C(N\3)=C(C4=N/C(C=C4)=C(C5=CC=C(N5)/C(C6=CC=CC=C6)=C7N=C2C=C\7)/C8=CC=CC=C8)\C9=CC=CC=C9,,6.146128035678238,10.1007_s40684-019-00135-z_part_1.txt_¶Î1_Material2
[*]C([C@H](C)OC([C@H](C)O[*])=O)=O,[*]C(CCCCCO[*])=O,,,,4.939019776448666,10.1016_j.compscitech.2011.11.009_part_1.txt_¶Î1_Material1
[*]CC(COC1=CC=C(C=C1)C(C)(C)C2=CC=C(C=C2)O[*])O,O=C([*])OC1=CC=C(C=C1)C(C)(C)C2=CC=C(C=C2)O[*],[H][Si]([H])([H])[H],,,6.077731179652392,10.1080_03602559.2011.566298_part_1.txt_¶Î1_Material1
[*]CC(COC1=CC=C(C=C1)C(C)(C)C2=CC=C(C=C2)O[*])O,[*]OC1OC(CO)C(OC2C(O)C(O)C([*])C(CO)O2)C(O)C1O,O=C(C1=CC=C(C=C1)C(OCC[*])=O)O[*],,,6.698970004336019,10.3390_fib7080072_part_2.txt_¶Î1_Material3
[*]C(C)C[*],OC1=C2C(C3(O)C4C5C6=C7C8C(C9=CC(C(O)=O)=C(C=C(C=C%10C(O)=O)C%11%12)C(C%11=C%13C%14C%15%16C%17(O%16)C%18C%19=C%20C%21=C%22C(C(O)=C%23)=C%24C%25C%21=C%26C%19=C%27C%17=C%28C%14(O)C%12=C%10C=C%28CC%27=CC%26=CC%25=C(C(O)=O)C=C%24)C9=C7C%13(O)C5=C%15C3=C%18C%29%30C%20(O%30)C%31C%22C%23=C%32)=CC(C(O)=O)=CC8=CC6=C(C(O)=O)C4=C2)=C%29C%33=C%31C%32=C(C(O)=O)C=C%331,[O-][Si]([O-])([O-])O[Si]([O-])([O-])[O-].[Ca+2],,,6.363235804483693,10.3390_ma12010152_part_2.txt_¶Î1_Material7
[*]CC(COC1=CC=C(C=C1)C(C)(C)C2=CC=C(C=C2)O[*])O,[H][Si]([H])([H])[H],[H][Si]([H])([H])[H],,,6.555094448578319,10.1007_s10570-013-0044-y_part_3.txt_¶Î1_Material2
[*]C(C)C[*],CC1=CC(O)=C(C=C1CCCC(C2=C(C=C(C(C(C)(C)C)=C2)O)C)C3=CC(C(C)(C)C)=C(C=C3C)O)C(C)(C)C,CC1=CC(O)=C(C=C1CCCC(C2=C(C=C(C(C(C)(C)C)=C2)O)C)C3=CC(C(C)(C)C)=C(C=C3C)O)C(C)(C)C,O=C(CCCCCCCCCCCCCCCCC)O[Ca]OC(CCCCCCCCCCCCCCCCC)=O,,5.840733234611807,10.4028_www.scientific.net_amr.239-242.288_part_1.txt_¶Î1_Material1
O=S(C(C=C1)=CC=C1OC(C=C2)=CC=C2C(C)(C)C(C=C3)=CC=C3O[*])(C4=CC=C([*])C=C4)=O,OCC(C(C(C1N)O)O[*])OC1OC2C(OC(C(C2O)N)[*])CO,C(CC=O)CC=O,,,5.2490025749097615,10.1177_155892501400900109_part_2.txt_¶Î1_Material1
O=C(C1=CC=C(C=C1)C(OCC[*])=O)O[*],[Ag],[Al],[Cu],,7.230448921378274,10.1016_j.apsusc.2011.12.016_part_1.txt_¶Î1_Material1
O=C([*])C(C)O[*],[*]CCCC([*])OC(C)=O,OC1=C2C(C3(O)C4C5C6=C7C8C(C9=CC(C(O)=O)=C(C=C(C=C%10C(O)=O)C%11%12)C(C%11=C%13C%14C%15%16C%17(O%16)C%18C%19=C%20C%21=C%22C(C(O)=C%23)=C%24C%25C%21=C%26C%19=C%27C%17=C%28C%14(O)C%12=C%10C=C%28CC%27=CC%26=CC%25=C(C(O)=O)C=C%24)C9=C7C%13(O)C5=C%15C3=C%18C%29%30C%20(O%30)C%31C%22C%23=C%32)=CC(C(O)=O)=CC8=CC6=C(C(O)=O)C4=C2)=C%29C%33=C%31C%32=C(C(O)=O)C=C%331,,,6.155518220708411,10.1002_pat.5435_part_2.txt_¶Î1_Material1
[*]CC[*],[*]CC[*],[*]C(C)C[*],C=C([CH3])C(=O)OC([CH3])[CH3],,6.32221929473392,10.1016_j.matdes.2014.04.033_part_1.txt_¶Î1_Material2
[*]CC(COC1=CC=C(C=C1)C(C)(C)C2=CC=C(C=C2)O[*])O,C12=CC3=CC4=CC=CN=C4N=C3N=C1N=C5N=C6N=CC=CC6=CC5=C2,[*]C1=CC=C(C=C1)C(N[*])=O,,,7.845098040014257,10.1177_1369433220933461_part_1.txt_¶Î1_Material1
CC(COC(C(CC(C(C(C(OC(C)C)=O)C1=CC=CC=C1)C(OCC(OC(C2=CC=CC=C2C(O)=O)=O)C)=O)C3=CC=CC=C3)C(C(OC(C)C[*])=O)C4=CC=CC=C4)=O)OC(C5=CC=CC=C5C(O[*])=O)=O,OC1=C2C(C3(O)C4C5C6=C7C8C(C9=CC(C(O)=O)=C(C=C(C=C%10C(O)=O)C%11%12)C(C%11=C%13C%14C%15%16C%17(O%16)C%18C%19=C%20C%21=C%22C(C(O)=C%23)=C%24C%25C%21=C%26C%19=C%27C%17=C%28C%14(O)C%12=C%10C=C%28CC%27=CC%26=CC%25=C(C(O)=O)C=C%24)C9=C7C%13(O)C5=C%15C3=C%18C%29%30C%20(O%30)C%31C%22C%23=C%32)=CC(C(O)=O)=CC8=CC6=C(C(O)=O)C4=C2)=C%29C%33=C%31C%32=C(C(O)=O)C=C%331,,,,6.491361693834273,10.1080_15440478.2019.1687069_part_1.txt_¶Î1_Material1
[*]C(C)C[*],[*]OC1OC(CO)C(OC2C(O)C(O)C([*])C(CO)O2)C(O)C1O,,,,6.130333768495007,10.1007_s12221-014-2386-y_part_1.txt_¶Î1_Material1
O=C([*])CCCCCCCCCCC(NCCCCCCCCCCN[*])=O,O=[Si]=O,,,,6.223495940962395,10.1177_0307174x1704400709_part_2.txt_¶Î1_Material1
[*]OCCCOC(C1=CC=C(C([*])=O)C=C1)=O,O=C([O-])[O-].[Ca+2],[Ti](OCCCC)(OCCCC)(OCCCC)OCCCC,,,6.324282455297693,10.1155_2013_890749_part_1.txt_¶Î1_Material1
[*]NC(C(N1CCCC1C(NCC(N2CC(CC2C(NC(C(NCC([*])=O)=O)CO)=O)O)=O)=O)=O)CCCCN,O=P([O-])([O-])[O-].[Ca+2].[Ca+2].[OH-],C(CC=O)CC=O,,,4.684486292188734,10.1002_pc.21008_part_1.txt_¶Î1_Material1
[*]OCCCOC(C1=CC=C(C([*])=O)C=C1)=O,,,,,5.94299959336604,10.3390_polym8070237_part_2.txt_¶Î1_Material1
OCC1OC(C(C(C1[*])O)O)OC2C(C(C(OC2CO)O[*])O)O,CCO,O=C=O,,,7.1702617153949575,10.1007_s10570-013-0019-z_part_1.txt_¶Î1_Material1
O=C([*])C(C)O[*],[*]C(CCCCC(OCCCCO[*])=O)=O,OC1=C2C(C3(O)C4C5C6=C7C8C(C9=CC(C(O)=O)=C(C=C(C=C%10C(O)=O)C%11%12)C(C%11=C%13C%14C%15%16C%17(O%16)C%18C%19=C%20C%21=C%22C(C(O)=C%23)=C%24C%25C%21=C%26C%19=C%27C%17=C%28C%14(O)C%12=C%10C=C%28CC%27=CC%26=CC%25=C(C(O)=O)C=C%24)C9=C7C%13(O)C5=C%15C3=C%18C%29%30C%20(O%30)C%31C%22C%23=C%32)=CC(C(O)=O)=CC8=CC6=C(C(O)=O)C4=C2)=C%29C%33=C%31C%32=C(C(O)=O)C=C%331,OC(C(C)(CC(C1=CC=CC=C1)[*])CC(C[*])(C(OCC2CO2)=O)C)=O,,6.301029995663981,10.3390_polym13152489_part_3.txt_¶Î1_Material1
[*]CC(C1=CC=CC=C1)[*],COC(C(C[*])([*])C)=O,,,,5.819543935541868,10.1021_acs.langmuir.5b04334_part_1.txt_¶Î1_Material1
[*]CC(COC1=CC=C(C=C1)C(C)(C)C2=CC=C(C=C2)O[*])O,OCC1OC(C(C(C1[*])O)O)OC2C(C(C(OC2CO)O[*])O)O,,,,6.204119982655925,10.1007_s10570-015-0728-6_part_2.txt_¶Î1_Material1
[*]C1C(C(C(OC1C(O[Na])=O)OC2C(C(O[Na])=O)OC(O[*])C(O)C2O)O)O,[Ag],[Ag],,,6.571708831808688,10.1002_adv.21450_part_2.txt_¶Î1_Material1
O=C([*])C(C)O[*],O=C(O[*])CCCCCCCCCCN[*],,,,6.409764104266346,10.3144_expresspolymlett.2015.67_part_2.txt_¶Î1_Material1
OCC1OC(C(C(C1[*])O)O)OC2C(C(C(OC2CO)O[*])O)O,[*]OCC[*],[H][O-],,,6.633468455579586,10.1021_acsami.9b19686_part_1.txt_¶Î1_Material1
OCC1OC(C(C(C1[*])O)O)OC2C(C(C(OC2CO)O[*])O)O,COC1=CC(/C=C/C=O)=CC(OC2=CC(C(C(OC3=CC=C(C=C3OC)C(C(CO)=O)O)CO)O)=CC=C2OC4=CC(C(C(COC5=CC=C(C=C5)C(C(CO)=O)O)=O)O)=CC=C4O)=C1,,,,7.832508912706237,10.1007_s10570-020-03583-y_part_1.txt_¶Î1_Material1
[*]C1C(OC(C(C1O)O)OC2C(OC(C(C2O)O)O[*])CO)CO,[*]C([H])([H])C(O)([H])[*],O=[Si]=O,,,5.544068044350276,10.1016_j.carbpol.2010.11.042_part_1.txt_¶Î1_Material1
[*]C(NC1=C(C)C(NC(OCCO[*])=O)=CC=C1)=O,O=CN(C)C,,,,5.05307844348342,10.1016_j.apsusc.2012.12.028_part_1.txt_¶Î1_Material1
[*]CC[*],[Cu],OC1=C2C(C3(O)C4C5C6=C7C8C(C9=CC(C(O)=O)=C(C=C(C=C%10C(O)=O)C%11%12)C(C%11=C%13C%14C%15%16C%17(O%16)C%18C%19=C%20C%21=C%22C(C(O)=C%23)=C%24C%25C%21=C%26C%19=C%27C%17=C%28C%14(O)C%12=C%10C=C%28CC%27=CC%26=CC%25=C(C(O)=O)C=C%24)C9=C7C%13(O)C5=C%15C3=C%18C%29%30C%20(O%30)C%31C%22C%23=C%32)=CC(C(O)=O)=CC8=CC6=C(C(O)=O)C4=C2)=C%29C%33=C%31C%32=C(C(O)=O)C=C%331,,,6.146128035678238,10.1016_j.compositesb.2016.09.053_part_4.txt_¶Î1_Material1
O=C([*])C(C)O[*],[H][O-],CC(=O)O,,,6.190891716922169,10.1177_0731684412441867_part_1.txt_¶Î1_Material1
[*]C(C)C[*],O=C([*])OC1=CC=C(C=C1)C(C)(C)C2=CC=C(C=C2)O[*],CC(CC(C(C(O1)=O)CC1=O)[*])C[*],,,5.623249290397901,10.1051_matecconf_201710901005_part_1.txt_¶Î1_Material1
[*]NCC(NC(C(ONCC(NC(C(NCC(NC(C([*])=O)C)=O)=O)C)=O)=O)CO)=O,[*]NC(C(N1CCCC1C(NCC(N2CC(CC2C(NC(C(NCC([*])=O)=O)CO)=O)O)=O)=O)=O)CCCCN,O=P([O-])([O-])[O-].[Ca+2].[Ca+2].[OH-],,,4.4048337166199385,10.1097_scs.0000000000006020_part_1.txt_¶Î1_Material2
[*]CC(COC1=CC=C(C=C1)C(C)(C)C2=CC=C(C=C2)O[*])O,O=[Ti]=O,OCC1OC(C(C(C1O[*])O)O)[*],,,6.087071205906535,10.1016_j.compscitech.2021.108884_part_1.txt_¶Î1_Material1
C=C(C)C(=O)OCC(O)COC1=CC=C(C(C2=CC=C(O)C=C2)(C)C)C=C1,O=C(C1=CC=C(C=C1)C(OCC[*])=O)O[*],[*]CC(COC1=CC=C(C=C1)C(C)(C)C2=CC=C(C=C2)O[*])O,O=[Ti]=O,,7.477121254719663,10.1016_j.oceaneng.2021.109134_part_3.txt_¶Î1_Material2
[*]C(C)C[*],[*]C/C=C/CCC([*])C#N,[H][O-],,,5.870491691786466,10.1177_0892705719832072_part_3.txt_¶Î1_Material1
[*]CC[*],O=[Al]O[Al]=O,,,,5.301029995663981,10.1016_j.matchemphys.2021.124251_part_1.txt_¶Î1_Material1
O=C([*])C(C)O[*],O=C([*])C(C)O[*],O=C([*])C(C)O[*],,,6.45071087814692,10.1002_pc.25879_part_2.txt_¶Î1_Material2
[*]CC([*])Cl,[*]CCCC([*])OC(C)=O,O=C(C1=CC=C(C([*])=O)C=C1)NC2=CCC(N[*])C=C2,O=C(C1=CC=C(C([*])=O)C=C1)NC2=CCC(N[*])C=C2,,6.176091259055681,10.1016_j.compositesa.2014.03.023_part_1.txt_¶Î1_Material1
[*]CCN[*],[*]OCC[*],,,,5.146778989307833,10.3390_molecules26082143_part_6.txt_¶Î1_Material1
[*]CC([*])Cl,COC(C(C[*])([*])C)=O,,,,6.392978186542541,10.1080_10739149.2016.1164713_part_2.txt_¶Î1_Material1
[*]C/C=C\CCC(C=C)[*],,,,,2.863322860120456,10.1016_j.polymer.2019.121604_part_1.txt_¶Î1_Material2
O=C([*])C(C)O[*],[Mg],O=[Si]=O,,,6.440405260103954,10.1016_j.compositesa.2018.11.020_part_2.txt_¶Î1_Material1
O=C(C1=CC=C(C=C1)C(OCC[*])=O)O[*],[H][O-],[H][Si]([H])([H])[H],,,6.438808065197977,10.1002_pc.21028_part_1.txt_¶Î1_Material1
O=C([*])C1=CC=C(C=C1)OC2=CC=C(C=C2)OC3=CC=C(C=C3)[*],,,,,6.819543935541868,10.1177_0954008316661616_part_2.txt_¶Î1_Material1
[*]C(NC1=C(C)C(NC(OCCO[*])=O)=CC=C1)=O,O=[Ti]=O,,,,5.15503222879097,10.1016_j.apsusc.2010.12.020_part_2.txt_¶Î1_Material1
[*]C([H])([H])C(O)([H])[*],[*]C1C(OC(C(C1O)O)OC2C(OC(C(C2O)O)O[*])CO)CO,CC1=CC(O)=C(C=C1CCCC(C2=C(C=C(C(C(C)(C)C)=C2)O)C)C3=CC(C(C)(C)C)=C(C=C3C)O)C(C)(C)C,OC(C(CC(O)=O)(CC(O)=O)O)=O,,6.505149978319906,10.1007_s10924-020-01678-y_part_4.txt_¶Î1_Material1
C(C)(C1=CC=C(OCC2CO2)C=C1)(C)C1=CC=C(OCC2CO2)C=C1,[*]OCCOC(CC(C([*])=O)C(C1CCCCC1)CC(CC(O)=O)C(OCCO)=O)=O,,,,6.477121254719663,10.1002_polb.24004_part_1.txt_¶Î1_Material3
[*]CC(COC1=CC=C(C=C1)C(C)(C)C2=CC=C(C=C2)O[*])O,O1C(=O)C=CC1=O,,,,7.376576957056512,10.3390_fib6030059_part_2.txt_¶Î1_Material1
OCC1OC(C(C(C1[*])O)O)OC2C(C(C(OC2CO)O[*])O)O,[H]O[H],,,,7.53655844257153,10.3183_npprj-2015-30-01-p043-057_part_2.txt_¶Î1_Material1
[*]C(NC1=C(C)C(NC(OCCO[*])=O)=CC=C1)=O,OC1C(C(OC(C1O)OC2C(OC(C(C2O)O)OC3C(C(C(OC3C(OC)=O)OC4C(OC(C(C4O)O)[*])C(O)=O)O)O)C(OC)=O)C(O)=O)O[*],OCC(O)CO,,,4.32221929473392,10.1111_j.1750-3841.2012.03006.x_part_1.txt_¶Î1_Material1
[*]C1C(C(C(OC1C(O[Na])=O)OC2C(C(O[Na])=O)OC(O[*])C(O)C2O)O)O,[*]C1C(O)C(O)C(OC2C(O)C(O)C(O[*])OC2COCCO)OC1COCCO,,,,5.763427993562937,10.1016_j.carbpol.2010.06.037_part_1.txt_¶Î1_Material3
[*]C(C)C[*],O=[Si]=O.[Ca]=O,O=[Si]=O,,,7.415774383209107,10.1051_e3sconf_202015605010_part_1.txt_¶Î1_Material1
[*]CC[*],[H][O-],[H][Si]([H])([H])[H],,,6.857332496431268,10.1016_j.matdes.2012.01.020_part_1.txt_¶Î1_Material1
O=C([*])CCCCCN[*],C12=CC3=CC4=CC=CN=C4N=C3N=C1N=C5N=C6N=CC=CC6=CC5=C2,,,,6.477121254719663,10.1002_pc.23907_part_1.txt_¶Î1_Material1
O=C([*])C(C)O[*],[*]CC(CC=CCC([*])C1=CC=CC=C1)C#N,,,,6.337459261290656,10.1088_1757-899x_701_1_012055_part_1.txt_¶Î1_Material1
[*]O[C@H](C)CC([*])=O,O=[Si]=O,[*]CC(CCCC(CC)CC([*])C1=CC=CC=C1)C2=CC=CC=C2,[*]CC(CCCC(CC)CC([*])C1=CC=CC=C1)C2=CC=CC=C2,,5.880813592280791,10.1002_pc.24188_part_3.txt_¶Î1_Material1
[*]CC(COC1=CC=C(C=C1)C(C)(C)C2=CC=C(C=C2)O[*])O,[*]CC(CCOCC[*])C,,,,6.107108169948554,10.1002_pen.25620_part_2.txt_¶Î1_Material2
O=C(C1=CC=C(C=C1)C(OCC[*])=O)O[*],FC(F)([*])C([H])([*])[H],O=[Ti]=O,[Zn]=O,O=[Si]=O,5.188056208438369,10.1016_j.colsurfa.2019.05.090_part_2.txt_¶Î1_Material1
[*]C(C)C[*],[*]C1C(O)C(O)C(OC2C(O)C(O)C(O[*])OC2COCCO)OC1COCCO,O=C(N)N,,,5.977723605288848,10.1007_s12221-010-0455-4_part_2.txt_¶Î1_Material1
[*]C(NC1=C(C)C(NC(OCCO[*])=O)=CC=C1)=O,O=[Si]=O,O=[Si]=O,O=[Si]=O,,5.0220157398177205,10.1016_j.colsurfa.2013.12.019_part_2.txt_¶Î1_Material1
[*]CC[*],[*]C(C1=CC=C(C(OCCCCO[*])=O)C=C1)=O,,,,6.247924190766308,10.1016_j.polymer.2018.09.012_part_5.txt_¶Î1_Material1
O=C(CCCCC(N(CCCCCCN([*])[H])[H])=O)[*],C12=CC3=CC4=CC=CN=C4N=C3N=C1N=C5N=C6N=CC=CC6=CC5=C2,,,,7.121887985103681,10.1115_1.4035942_part_6.txt_¶Î1_Material1
[*]NCC(NC(C(ONCC(NC(C(NCC(NC(C([*])=O)C)=O)=O)C)=O)=O)CO)=O,[*]C(C(OC(CO[*])=O)C)=O,OC1=C2C(C3(O)C4C5C6=C7C8C(C9=CC(C(O)=O)=C(C=C(C=C%10C(O)=O)C%11%12)C(C%11=C%13C%14C%15%16C%17(O%16)C%18C%19=C%20C%21=C%22C(C(O)=C%23)=C%24C%25C%21=C%26C%19=C%27C%17=C%28C%14(O)C%12=C%10C=C%28CC%27=CC%26=CC%25=C(C(O)=O)C=C%24)C9=C7C%13(O)C5=C%15C3=C%18C%29%30C%20(O%30)C%31C%22C%23=C%32)=CC(C(O)=O)=CC8=CC6=C(C(O)=O)C4=C2)=C%29C%33=C%31C%32=C(C(O)=O)C=C%331,,,5.200467449950159,10.1016_j.msec.2019.110308_part_1.txt_¶Î1_Material1
[*]NC(C(N1CCCC1C(NCC(N2CC(CC2C(NC(C(NCC([*])=O)=O)CO)=O)O)=O)=O)=O)CCCCN,O=C(C1=CC=C(C=C1)OCCOC(C=C)=O)C(C)(C)O,OCC(O)CO,,,5.326335860928752,10.1007_s13738-017-1194-x_part_1.txt_¶Î1_Material1
O=C([*])CCCCCN[*],[*]C(N(CN(C(OCOC(N(CN(C(OCCO[*])=O)[H])[H])=O)=O)[H])[H])=O,,,,4.742725131304698,10.1007_s10965-011-9764-6_part_1.txt_¶Î1_Material1
[*][C@H]1[C@H](O)[C@@H](O)[C@H](O[C@H]2[C@H]([C@@H](O)[C@H](O[C@H]3[C@H](O)[C@H](O)[C@H](O[C@H]4[C@H](O)[C@H](O)[C@H](O[*])O[C@@H]4CO)O[C@@H]3CO)O[C@@H]2COC(C)=O)O)O[C@@H]1CO,,,,,6.662757831681574,10.1007_s10924-018-1260-1_part_1.txt_¶Î1_Material1
[*]C(NC1=C(C)C(NC(OCCO[*])=O)=CC=C1)=O,[*]C(NC1=C(C)C(NC(OCCO[*])=O)=CC=C1)=O,[*]CC(C1=CC=CC=C1)[*],,,5.732393759822968,10.1021_ma202600b_part_1.txt_¶Î1_Material1
[*]C(C)C[*],[Mg+2].[OH-].[OH-],,,,6.176091259055681,10.1002_adv.21504_part_1.txt_¶Î1_Material1
[*]C1C(OC(C(C1O)O)OC2C(OC(C(C2O)O)O[*])CO)CO,[*]C(C)C[*],,,,5.672097857935717,10.1088_1757-899x_368_1_012017_part_1.txt_¶Î1_Material1
[*]C(C)C[*],O=C(C1=CC=C(C=C1)C(OCC[*])=O)O[*],NC1=CC=C(C=C1)/C2=C3C=C/C(N\3)=C(C4=N/C(C=C4)=C(C5=CC=C(N5)/C(C6=CC=CC=C6)=C7N=C2C=C\7)/C8=CC=CC=C8)\C9=CC=CC=C9,,,6,10.4028_www.scientific.net_amr.488-489.109_part_1.txt_¶Î1_Material1
O=C(CCCCC(NCCCCCCCCCCN[*])=O)[*],,,,,6.556423121371285,10.1177_0967391119871740_part_1.txt_¶Î1_Material1
[*]OCCOC(CC(C([*])=O)C(C1CCCCC1)CC(CC(O)=O)C(OCCO)=O)=O,[O-][Si]([O-])([O-])O[Si]([O-])([O-])[O-].[Ca+2],,,,6.3979400086720375,10.31663_tqujes.11.2.388(2021_OA_part_1.txt_¶Î1_Material2
[*]NC(C(N1CCCC1C(NCC(N2CC(CC2C(NC(C(NCC([*])=O)=O)CO)=O)O)=O)=O)=O)CCCCN,O=C=NCCCCCCN=C=O,,,,6.447158031342219,10.1016_j.polymer.2012.08.023_part_2.txt_¶Î1_Material1
[*]CC(COC1=CC=C(C=C1)C(C)(C)C2=CC=C(C=C2)O[*])O,NCCC[Si](OCC)(OCC)OCC,,,,6.362670929725667,10.1007_s00289-020-03375-1_part_2.txt_¶Î1_Material1
O=C(C1=CC=C(C=C1)C(OCC[*])=O)O[*],[*]C(C1=CC=C(C(OCCCCO[*])=O)C=C1)=O,[Mg+2].[OH-].[OH-],,,6.614897216033135,10.1002_adv.21918_part_1.txt_¶Î1_Material1
[*]CC(COC1=CC=C(C=C1)C(C)(C)C2=CC=C(C=C2)O[*])O,O=C(C1=CC=C(C=C1)C([*])=O)NC2=CC=C(C=C2)N[*],O=C(C1=CC=C(C=C1)C([*])=O)NC2=CC=C(C=C2)N[*],,,7.188037055006895,10.1002_pc.24452_part_2.txt_¶Î1_Material1
[*]CC[*],OCC1OC(C(C(C1[*])O)O)OC2C(C(C(OC2CO)O[*])O)O,[*]C1C(OC(C(C1O)O)OC2C(OC(C(C2O)O)O[*])CO)CO,,,6.113943352306837,10.1002_app.48744_part_1.txt_¶Î1_Material2
O=C([*])C(C)O[*],[*]OC1C(C(O)=O)OC(OC2C(NC(C)=O)C([*])OC(CO)C2O)C(O)C1O,NCCC[Si](OCC)(OCC)OCC,CCCCCCCCCCCCOS([O-])(=O)=O.[Na+],[*]CC[*],6.3979400086720375,10.1002_pc.24282_part_1.txt_¶Î1_Material1
O=C([*])C(C)O[*],O=[Mg].O=[Si]=O.O=[Si]=O.O=[Si]=O.O=[Si]=O.O=[Mg].O=[Mg].O,[*]OCC[*],CC(CO[*])[*],,6.6020599913279625,10.1002_adma.201305413_part_1.txt_¶Î1_Material1
[*]C(CCCCCO[*])=O,[*]OC1C(C(O)=O)OC(OC2C(NC(C)=O)C([*])OC(CO)C2O)C(O)C1O,CCCCCCCCCCCCCCCCCCOC(CCC1=CC(C(C)(C)C)=C(C(C(C)(C)C)=C1)O)=O,CCCCCCCCCCCCCCCCCCOC(CCC1=CC(C(C)(C)C)=C(C(C(C)(C)C)=C1)O)=O,,5.518513939877887,10.3390_polym12112587_part_1.txt_¶Î1_Material2
[*]C(CCCCCO[*])=O,[*]NCC(NC(C(ONCC(NC(C(NCC(NC(C([*])=O)C)=O)=O)C)=O)=O)CO)=O,[Na+].[Cl-],,,5.903089986991944,10.1002_bip.22016_part_1.txt_¶Î1_Material1
O=C([*])CCCCCN[*],OS(=O)(OOS(O)(=O)=O)=O.N.N,,,,6.747411807886423,10.1002_pc.24808_part_3.txt_¶Î1_Material1
O=C([*])CCCCCN[*],[H][Si]([H])([H])[H],O[Si](O)(O[Si](O)(O)O)O.[Al].[Al].O,,,6.453318340047038,10.1002_pc.22787_part_2.txt_¶Î1_Material1
O=C([*])CCCCCN[*],O=[Si]=O.O=[Al]O[Al]=O.O=[Si]=O.O=[Si]=O.O=[Si]=O.O,O=[Mg].O=[Si]=O.O=[Si]=O.O=[Si]=O.O=[Si]=O.O=[Mg].O=[Mg].O,CCCCCCCCCCCCCCCCCCOC(CCC1=CC(C(C)(C)C)=C(C(C(C)(C)C)=C1)O)=O,,6.4361626470407565,10.1177_0307174x1003700712_part_1.txt_¶Î1_Material1
O=C([*])C(C)O[*],O=C([*])OC1=CC=C(C=C1)C(C)(C)C2=CC=C(C=C2)O[*],C=C(C(OCC1CO1)=O)C,,,6.562292864456475,10.1039_c6ra21208e_part_2.txt_¶Î1_Material1
O=C([*])CCCCCN[*],[*]C(C)C[*],O=[Si]=O,[*]C(C)C[*],,6.565847818673518,10.1080_14328917.2021.1873479_part_2.txt_¶Î1_Material2
O=C(CCCCC(N(CCCCCCN([*])[H])[H])=O)[*],O=[Si]=O,,,,6.713490543093942,10.17515_resm2021.334me0822_OA_part_2.txt_¶Î1_Material3
O=C([*])C(C)O[*],O=[Al]O[Al]=O.O=[Si]=O.O=[Si]=O.O=[Si]=O,OC(C(CC(O)=O)(CC(O)=O)O)=O,,,6.414973347970818,10.1016_j.compositesb.2015.02.034_part_1.txt_¶Î1_Material1
[*]C(C)C[*],[*]CCCC([*])OC(C)=O,[*]CCCC([*])OC(C)=O,[*]CCCC([*])OC(C)=O,[*]C(C)C[*],6.301029995663981,10.1177_0021998319893423_part_1.txt_¶Î1_Material1
[*]CC[*],C12=CC3=CC4=CC=CN=C4N=C3N=C1N=C5N=C6N=CC=CC6=CC5=C2,,,,5.6669015626988815,10.1002_app.42237_part_2.txt_¶Î1_Material1
[*]CC[*],[*]CCCC([*])OC(C)=O,,,,4.984527313343793,10.13031_aea.12434_part_1.txt_¶Î1_Material2
O=C([*])C(C)O[*],[*]C(CCCCCO[*])=O,O=[Ti]=O,,,6.505149978319906,10.1016_j.compositesa.2015.12.005_part_3.txt_¶Î1_Material1
[*]CC(COC1=CC=C(C=C1)C(C)(C)C2=CC=C(C=C2)O[*])O,O=[Si]=O,O=[Ca].[O-][Si]([O-])([O-])[O-].[Ca+2].[Ca+2],,,7.903632516084238,10.1155_2020_1349034_part_1.txt_¶Î1_Material1
O=C([*])CCCCCN[*],OCC1OC(C(C(C1[*])O)O)OC2C(C(C(OC2CO)O[*])O)O,,,,6.755874855672492,10.1002_pc.23587_part_1.txt_¶Î1_Material1
[*]CC(C1=CC=C(C=C1)S(O)(=O)=O)[*],[*]C([H])([H])C(O)([H])[*],,,,6.176091259055681,10.1002_admt.201600056_part_2.txt_¶Î1_Material1
O=C(C1=CC=C(C=C1)C(OCC[*])=O)O[*],[O-][Si]([O-])([O-])O[Si]([O-])([O-])[O-].[Ca+2],,,,7.20682587603185,10.11113_jt.v79.12262_part_2.txt_¶Î1_Material1
[*]C(CCCCC(OCCCCO[*])=O)=O,[*]CC[*],[*]OCC[*],NC1=NC2=C(N=CN2C2O[C@H](COP(=O)(O)OP(=O)(O)O)[C@H](O)[C@@H]2O)C(=O)N1,,4.944482672150168,10.1016_j.compositesb.2021.108878_part_1.txt_¶Î1_Material1
[*]NC(C(N1CCCC1C(NCC(N2CC(CC2C(NC(C(NCC([*])=O)=O)CO)=O)O)=O)=O)=O)CCCCN,[*]C1C(C(C(OC1C(O[Na])=O)OC2C(C(O[Na])=O)OC(O[*])C(O)C2O)O)O,O=C(C(C[*])[*])N,COCC1OC(OC2C(CO)OC(O[*])C(OC)C2OC)C(OC)C(O)C1O[*],[*]C([H])([H])C(O)([H])[*],4.698970004336019,10.1080_1539445x.2011.642091_part_3.txt_¶Î1_Material1
OCC(C(C(C1N)O)O[*])OC1OC2C(OC(C(C2O)N)[*])CO,OCC(O)CO,OCCOC1C(OCCO)C(C(OCCO)COCCOC(CCCCCCCCCCCCCCCCC)=O)OC1,,,6.176091259055681,10.1016_j.carbpol.2017.06.069_part_7.txt_¶Î1_Material1
OCC(C(C(C1N)O)O[*])OC1OC2C(OC(C(C2O)N)[*])CO,[*]OCC[*],O=[Si]=O,,,4.905795880367869,10.1088_1757-899x_349_1_012022_part_1.txt_¶Î1_Material1
[*]NCC(NC(C(ONCC(NC(C(NCC(NC(C([*])=O)C)=O)=O)C)=O)=O)CO)=O,OCC1OC(C(C(C1[*])O)O)OC2C(C(C(OC2CO)O[*])O)O,,,,5.489958479424835,10.1007_s12221-011-1002-7_part_1.txt_¶Î1_Material1
[*]C([C@H](C)OC([C@H](C)O[*])=O)=O,[*]OCC[*],,,,6.32221929473392,10.1002_app.33174_part_1.txt_¶Î1_Material1
[*]CC(C#N)[*],OC1=C2C(C3(O)C4C5C6=C7C8C(C9=CC(C(O)=O)=C(C=C(C=C%10C(O)=O)C%11%12)C(C%11=C%13C%14C%15%16C%17(O%16)C%18C%19=C%20C%21=C%22C(C(O)=C%23)=C%24C%25C%21=C%26C%19=C%27C%17=C%28C%14(O)C%12=C%10C=C%28CC%27=CC%26=CC%25=C(C(O)=O)C=C%24)C9=C7C%13(O)C5=C%15C3=C%18C%29%30C%20(O%30)C%31C%22C%23=C%32)=CC(C(O)=O)=CC8=CC6=C(C(O)=O)C4=C2)=C%29C%33=C%31C%32=C(C(O)=O)C=C%331,[*]C1=C(C=CN2)C2=C([*])C(O)=C1O,,,7.278753600952829,10.1016_j.compscitech.2017.05.029_part_1.txt_¶Î1_Material1
[*]CC(COC1=CC=C(C=C1)C(C)(C)C2=CC=C(C=C2)O[*])O,O=C(CCCCC(N(CCCCCCN([*])[H])[H])=O)[*],C12=CC3=CC4=CC=CN=C4N=C3N=C1N=C5N=C6N=CC=CC6=CC5=C2,,,8.071882007306126,10.1002_pc.23035_part_1.txt_¶Î1_Material1
O=C([*])OC1=CC=C(C=C1)C(C)(C)C2=CC=C(C=C2)O[*],O=[Ti]=O,,,,5.794488046659169,10.1007_s13233-011-0608-3_part_1.txt_¶Î1_Material3
O=C([*])C(C)O[*],[*]OCC[*],[*]OCC[*],,,5.766784515497859,10.4028_www.scientific.net_amr.335-336.165_part_1.txt_¶Î1_Material1
[*]OCCOC(CC(C([*])=O)C(C1CCCCC1)CC(CC(O)=O)C(OCCO)=O)=O,O=[Ti]=O,,,,6.139879086401237,10.1088_1757-899x_743_1_012039_part_1.txt_¶Î1_Material1
[*]CC(COC1=CC=C(C=C1)C(C)(C)C2=CC=C(C=C2)O[*])O,C[Si](C)(C[*])O[*],,,,6.079181246047625,10.1002_app.34435_part_3.txt_¶Î1_Material1
O=C([*])C(C)O[*],O=[Ti]=O,,,,6.361727836017593,10.3390_molecules26071967_part_2.txt_¶Î1_Material1
[*]C(C)C[*],O=C(CCCCC(N(CCCCCCN([*])[H])[H])=O)[*],,,,6.301029995663981,10.1016_j.compositesb.2015.05.046_part_4.txt_¶Î1_Material1
FC(F)([*])C([H])([*])[H],[*]C([H])([H])C(O)([H])[*],[*]NC(C)C(N1CCCC1C([*])=O)=O,O[Si](O)(O[Si](O)(O)O)O.[Al].[Al].O,,4.597826770377936,10.15282_jmes.19.1.2025.9.0826_OA_part_1.txt_¶Î1_Material1
OCC1OC(C(C(C1[*])O)O)OC2C(C(C(OC2CO)O[*])O)O,[Cu],,,,6.225309281725863,10.1080_1023666x.2018.1485201_part_1.txt_¶Î1_Material1
[*]C(C)C[*],O=C(C1=CC=C(C=C1)C(OCC[*])=O)O[*],O=[Si]=O,,,6.447158031342219,10.1088_1757-899x_955_1_012046_part_1.txt_¶Î1_Material1
[*]C(C)C[*],O=C(O)C([*])C[*],,,,6.079181246047625,10.1002_app.46597_part_1.txt_¶Î1_Material1
O=C([*])C(C)O[*],[*]C1C(OC(C(C1O)O)OC2C(OC(C(C2O)O)O[*])CO)CO,O=C=NCCCCCCN=C=O,,,6.3979400086720375,10.1016_j.carbpol.2013.01.038_part_1.txt_¶Î1_Material1
C/C(C[*])=C/C[*],[*]C/C=C/CCC(C/C=C\C[*])C=C,OCCCCO,,,2.880813592280792,10.1002_app.42943_part_2.txt_¶Î1_Material1
[*]C(CCCCCO[*])=O,[*]NC(C)C(N1CCCC1C([*])=O)=O,,,,4.389095173354185,10.1021_acsabm.0c01084_part_1.txt_¶Î1_Material1
[*]C([H])([H])C(O)([H])[*],O=[Ti]=O,OC(C(C)(CC(C1=CC=CC=C1)[*])CC(C[*])(C(OCC2CO2)=O)C)=O,,,6.301029995663981,10.3389_fmats.2023.1276785_OA_part_3.txt_¶Î1_Material1
O=C(CCCCC(N(CCCCCCN([*])[H])[H])=O)[*],NC1=NC(N)=NC(N)=N1,,,,6.5910646070265,10.1016_j.clay.2016.02.027_part_1.txt_¶Î1_Material1
[*]C(CCCCCO[*])=O,O=C([*])C(C)O[*],OC1=C2C(C3(O)C4C5C6=C7C8C(C9=CC(C(O)=O)=C(C=C(C=C%10C(O)=O)C%11%12)C(C%11=C%13C%14C%15%16C%17(O%16)C%18C%19=C%20C%21=C%22C(C(O)=C%23)=C%24C%25C%21=C%26C%19=C%27C%17=C%28C%14(O)C%12=C%10C=C%28CC%27=CC%26=CC%25=C(C(O)=O)C=C%24)C9=C7C%13(O)C5=C%15C3=C%18C%29%30C%20(O%30)C%31C%22C%23=C%32)=CC(C(O)=O)=CC8=CC6=C(C(O)=O)C4=C2)=C%29C%33=C%31C%32=C(C(O)=O)C=C%331,,,5.8926510338773,10.3390_polym12010228_part_2.txt_¶Î1_Material1
O=C(C1=CC=C(C=C1)C(OCC[*])=O)O[*],[*]C(F)(C(F)([*])F)F,,,,6.477121254719663,10.1080_03602559.2016.1247281_part_6.txt_¶Î1_Material2
[*]C([H])([H])C(O)([H])[*],C12=C3C(C=CC4C3=C5C(CC6=CC7=C8C9=C(C(C=C%10)=CC=C9C=C7)C%11=C%10C%12)=CC4)=CC=C1C=C%12C%13=C%11C8=C6C5=C2%13,,,,5.869231719730976,10.1186_s11671-016-1595-2_part_1.txt_¶Î1_Material1
[*]C(NC1=C(C)C(NC(OCCO[*])=O)=CC=C1)=O,[*]N1C(C2=CC3=C(C=C2C1=O)C(N(C3=O)C4=CC=C(C=C4)OC5=CC=C(C=C5)[*])=O)=O,,,,6.079181246047625,10.1021_acs.macromol.9b02359_part_1.txt_¶Î1_Material1
O=C([*])C(C)O[*],[*]C(CCCCCO[*])=O,OCC1OC(C(C(C1[*])O)O)OC2C(C(C(OC2CO)O[*])O)O,,,6.32221929473392,10.1016_j.polymdegradstab.2018.04.012_part_2.txt_¶Î1_Material1
[*]CC([*])Cl,[*]CC([*])Cl,CC1=CC=C(C=C1N=C=O)N=C=O,,,5.619093330626742,10.1177_0892705719886011_part_4.txt_¶Î1_Material1
[*]CC(OC(O[*])=O)C,[*]CC(OC(O[*])=O)C,OC1=C2C(C3(O)C4C5C6=C7C8C(C9=CC(C(O)=O)=C(C=C(C=C%10C(O)=O)C%11%12)C(C%11=C%13C%14C%15%16C%17(O%16)C%18C%19=C%20C%21=C%22C(C(O)=C%23)=C%24C%25C%21=C%26C%19=C%27C%17=C%28C%14(O)C%12=C%10C=C%28CC%27=CC%26=CC%25=C(C(O)=O)C=C%24)C9=C7C%13(O)C5=C%15C3=C%18C%29%30C%20(O%30)C%31C%22C%23=C%32)=CC(C(O)=O)=CC8=CC6=C(C(O)=O)C4=C2)=C%29C%33=C%31C%32=C(C(O)=O)C=C%331,,,6.812913356642856,10.1016_j.eurpolymj.2013.11.008_part_2.txt_¶Î1_Material1
OCC(C(C(C1N)O)O[*])OC1OC2C(OC(C(C2O)N)[*])CO,[*]C([H])([H])C(O)([H])[*],,,,6.32221929473392,10.1016_j.carbpol.2015.11.039_part_1.txt_¶Î1_Material3
OC1=C(C=CC=C1CC2=CC=CC([*])=C2O)CC3=CC=CC([*])=C3O,C12=CC3=CC4=CC=CN=C4N=C3N=C1N=C5N=C6N=CC=CC6=CC5=C2,O=[Si]=O,,,7.727541257028556,10.1002_pc.26101_part_1.txt_¶Î1_Material1
[*]OCCCOC(C1=CC=C(C([*])=O)C=C1)=O,[*]C(C)C[*],NC1=CC=C(C=C1)/C2=C3C=C/C(N\3)=C(C4=N/C(C=C4)=C(C5=CC=C(N5)/C(C6=CC=CC=C6)=C7N=C2C=C\7)/C8=CC=CC=C8)\C9=CC=CC=C9,,,5.951755095669693,10.1002_app.33106_part_1.txt_¶Î1_Material1
O=C(C(C[*])[*])N,[K+].[OH-],[H][O-],,,1.5928426831311002,10.1007_s40820-022-00980-9_OA_part_2.txt_¶Î1_Material1
[*]C(CCCCCO[*])=O,O=[Al]O[Al]=O.O=[Si]=O.O=[Si]=O.O=[Si]=O,O=P([O-])([O-])[O-].[Ca+2].[Ca+2].[OH-],,,5.19200959265367,10.4028_www.scientific.net_amm.315.815_part_1.txt_¶Î1_Material1
[*]CC(COC1=CC=C(C=C1)C(C)(C)C2=CC=C(C=C2)O[*])O,[*]OCCOC(CC(C([*])=O)C(C1CCCCC1)CC(CC(O)=O)C(OCCO)=O)=O,,,,6.630153175731282,10.1007_s12588-012-9019-3_part_3.txt_¶Î1_Material1
O=C([*])C(C)O[*],[*]OCC[*],O=C([*])C(C)O[*],,,6.32221929473392,10.1002_pc.24314_part_1.txt_¶Î1_Material1
[*]CCCC(C1C([*])C2CC1C/C2=C/C)C,O=[Si]=O,,,,3.3820170425748683,10.1002_pen.24604_part_2.txt_¶Î1_Material1
O=C(C(C[*])[*])N,[*]NC(C)C(N1CCCC1C([*])=O)=O,O=[Ti]=O,,,1.2787536009528289,10.1007_s12195-013-0288-5_part_2.txt_¶Î1_Material1
[*]CC(C)(C(OCCO)=O)[*],[*]CC(C)(C(OCCO)=O)[*],,,,2.9912260756924947,10.1016_j.eurpolymj.2018.02.035_part_1.txt_¶Î1_Material2
[*]C(N(CN(C(OCOC(N(CN(C(OCCO[*])=O)[H])[H])=O)=O)[H])[H])=O,C[Si](C)(C[*])O[*],[*]CC([*])N1CCCC1=O,[*]CCN[*],,3.763427993562937,10.1016_j.actbio.2021.04.055_part_3.txt_¶Î1_Material1
O=C(C1=CC=C(C=C1)C(OCC[*])=O)O[*],CC(=O)O,,,,6.661775783131158,10.4028_www.scientific.net_amm.421.290_part_1.txt_¶Î1_Material1
[*]C(C(C1O)O)OCC1OC(C(C2O)OC(C)=O)OCC2OC(OCC(C3O)OC4OCC(C(C4O)OC(C)=O)OC5OCC(C(C5OC(C)=O)OC(C)=O)[*])C3OC(C(C(C6OC)O)O)OC6C([O-])=O,OCC(O)CO,OC[C@@H]([C@H]([C@@H]([C@@H](CO)O)O)O)O,[*]OCC[*],,6,10.1007_s10570-012-9764-7_part_1.txt_¶Î1_Material1
[*]CC(COC1=CC=C(C=C1)C(C)(C)C2=CC=C(C=C2)O[*])O,CCCCCCCCCCCCOS([O-])(=O)=O.[Na+],CCCCCCCCCCCCCCCC[N+](C)(C)C.[Br-],,,6.544068044350276,10.1007_s13726-011-0013-y_part_2.txt_¶Î1_Material1
O=C(C(C[*])[*])N,[*]NC(C(N1CCCC1C(NCC(N2CC(CC2C(NC(C(NCC([*])=O)=O)CO)=O)O)=O)=O)=O)CCCCN,,,,2.57978359661681,10.1016_j.polymer.2021.123786_part_1.txt_¶Î1_Material1
[*]CC(COC1=CC=C(C=C1)C(C)(C)C2=CC=C(C=C2)O[*])O,C=C([CH3])C(=O)O[CH3],,,,5.886490725172482,10.1002_app.50550_part_4.txt_¶Î1_Material1
OCC(C(C(C1N)O)O[*])OC1OC2C(OC(C(C2O)N)[*])CO,[*]C([H])([H])C(O)([H])[*],O=C([O-])[O-].[Ca+2],,,6.32221929473392,10.1016_j.compscitech.2014.11.003_part_2.txt_¶Î1_Material1
[*]C(C)C[*],[*]C/C=C/CCC(C=C)CC([*])C1=CC=CC=C1,O=C(C1=CC=C(C([*])=O)C=C1)NC2=CCC(N[*])C=C2,,,5.786751422145561,10.1088_1755-1315_596_1_012015_part_1.txt_¶Î1_Material1
[*]OCCOC(CC(C([*])=O)C(C1CCCCC1)CC(CC(O)=O)C(OCCO)=O)=O,C=CC1=CC=CC=C1,C=C([CH3])C(=O)O[CH3],,,6.937016107464814,10.1002_app.49825_part_3.txt_¶Î1_Material1
[*]C/C=C/CCC(C=C)CC([*])C1=CC=CC=C1,[Zn]=O,,,,3.201397124320452,10.1002_adv.21791_part_2.txt_¶Î1_Material1
[*]CC[*],OCC1OC(C(C(C1[*])O)O)OC2C(C(C(OC2CO)O[*])O)O,C12=CC3=CC4=CC=CN=C4N=C3N=C1N=C5N=C6N=CC=CC6=CC5=C2,,,7.138933940256924,10.1007_s42114-019-00116-5_part_2.txt_¶Î1_Material1
[*]OCCOC(CC(C([*])=O)C(C1CCCCC1)CC(CC(O)=O)C(OCCO)=O)=O,[H][Si]([H])([H])[H],,,,6.408579125408668,10.1177_0021998312454032_part_1.txt_¶Î1_Material1
[*]C(C)C[*],O=[Si]=O.O=[Al]O[Al]=O.O=[Si]=O.O=[Si]=O.O=[Si]=O.O,O=C(O)CCCCCCCCCCCCCCCCC,,,6.176091259055681,10.1177_0021998316644852_part_1.txt_¶Î1_Material1
O=C([*])OC1=CC=C(C=C1)C(C)(C)C2=CC=C(C=C2)O[*],O=C([*])C(C)O[*],C=C(C(OCC1CO1)=O)C,,,6.380211241711606,10.1039_c6ra21208e_part_3.txt_¶Î1_Material1
[*]NC(C(N1CCCC1C(NCC(N2CC(CC2C(NC(C(NCC([*])=O)=O)CO)=O)O)=O)=O)=O)CCCCN,O=C([O-])[O-].[Ca+2],,,,6.3979400086720375,10.1016_j.foodchem.2014.06.062_part_1.txt_¶Î1_Material1
[*]CC[*],[*]CC[*],OC1=C2C(C3(O)C4C5C6=C7C8C(C9=CC(C(O)=O)=C(C=C(C=C%10C(O)=O)C%11%12)C(C%11=C%13C%14C%15%16C%17(O%16)C%18C%19=C%20C%21=C%22C(C(O)=C%23)=C%24C%25C%21=C%26C%19=C%27C%17=C%28C%14(O)C%12=C%10C=C%28CC%27=CC%26=CC%25=C(C(O)=O)C=C%24)C9=C7C%13(O)C5=C%15C3=C%18C%29%30C%20(O%30)C%31C%22C%23=C%32)=CC(C(O)=O)=CC8=CC6=C(C(O)=O)C4=C2)=C%29C%33=C%31C%32=C(C(O)=O)C=C%331,,,6.021189299069938,10.1002_app.46768_part_1.txt_¶Î1_Material1
O=C(C(C[*])[*])N,[O-][Si](O[Si]([O-])=O)=O,[*]NC(C(N1CCCC1C(NCC(N2CC(CC2C(NC(C(NCC([*])=O)=O)CO)=O)O)=O)=O)=O)CCCCN,,,1.3117538610557542,10.1021_acsami.5b05287_part_2.txt_¶Î1_Material1
O=C(O[Na])COCC1OC(OC2C(COCC(O[Na])=O)OC([*])C(O)C2O)C(O)C(O)C1O[*],,,,,6.544068044350276,10.1039_c3py00683b_part_1.txt_¶Î1_Material1
[*]CC[*],[*]CC([*])Cl,,,,6.176091259055681,10.1515_polyeng-2012-0004_part_2.txt_¶Î1_Material1
[*]CC(C)(C(OCCO)=O)[*],C=C(C(OCC1CO1)=O)C,,,,2.57978359661681,10.1016_j.eurpolymj.2018.02.035_part_1.txt_¶Î1_Material1
[*]CC[*],[*]CC(COC1=CC=C(C=C1)C(C)(C)C2=CC=C(C=C2)O[*])O,,,,6.445311461756064,10.1177_0021998318755542_part_2.txt_¶Î1_Material1
[*]C(N(CN(C(OCOC(N(CN(C(OCCO[*])=O)[H])[H])=O)=O)[H])[H])=O,C12=C3C(C=CC4C3=C5C(CC6=CC7=C8C9=C(C(C=C%10)=CC=C9C=C7)C%11=C%10C%12)=CC4)=CC=C1C=C%12C%13=C%11C8=C6C5=C2%13,,,,4.2405492482826,10.1002_app.49364_part_1.txt_¶Î1_Material1
OCC1OC(C(C(C1[*])O)O)OC2C(C(C(OC2CO)O[*])O)O,[*]C(C)C[*],[Ag+],,,6.583198773968623,10.1016_j.compositesb.2019.02.006_part_2.txt_¶Î1_Material1
[*]OCCCCOC(CCC([*])=O)=O,[*]C(C=C1)=CC=C1S[*],,,,5.155609283678915,10.1039_c9sm01958h_part_2.txt_¶Î1_Material1
O=C([*])C(C)O[*],[*]C(CCCCC(OCCCCO[*])=O)=O,O=C=NC(C=C1)=CC=C1CC2=CC=C(C=C2)N=C=O,C=C([CH3])C(=O)OC([CH3])[CH3],,6.2552725051033065,10.4028_www.scientific.net_msf.695.178_part_1.txt_¶Î1_Material1
O=C([*])C(C)O[*],[*]OCC[*],O=C([*])C(C)O[*],OC1=C2C(C3(O)C4C5C6=C7C8C(C9=CC(C(O)=O)=C(C=C(C=C%10C(O)=O)C%11%12)C(C%11=C%13C%14C%15%16C%17(O%16)C%18C%19=C%20C%21=C%22C(C(O)=C%23)=C%24C%25C%21=C%26C%19=C%27C%17=C%28C%14(O)C%12=C%10C=C%28CC%27=CC%26=CC%25=C(C(O)=O)C=C%24)C9=C7C%13(O)C5=C%15C3=C%18C%29%30C%20(O%30)C%31C%22C%23=C%32)=CC(C(O)=O)=CC8=CC6=C(C(O)=O)C4=C2)=C%29C%33=C%31C%32=C(C(O)=O)C=C%331,,5.7450747915820575,10.1002_pc.24314_part_2.txt_¶Î1_Material1
[*]C(NC1=C(C)C(NC(OCCO[*])=O)=CC=C1)=O,CCCC[Sn](OC(CC(C)CCCCCCCC)=O)(OC(CCCCCCCCCCC)=O)CCCC,,,,4.451786435524291,10.1007_s13233-009-0137-5_part_1.txt_¶Î1_Material1
[*]C(NC1=C(C)C(NC(OCCO[*])=O)=CC=C1)=O,OCC1OC(C(C(C1[*])O)O)OC2C(C(C(OC2CO)O[*])O)O,,,,6.278753600952829,10.1016_j.porgcoat.2015.05.013_part_1.txt_¶Î1_Material1
O=C(O[Na])COCC(OC(C(C1O)O)[*])C1OC(C(C(C2O[*])O)O)OC2COCC(O[Na])=O,[*]OCC[*],,,,5.950364854376123,10.1016_j.indcrop.2019.111644_part_2.txt_¶Î1_Material1
O=C(C1=CC=C(C=C1)C(OCC[*])=O)O[*],[*]C(CCCCC(OCCCCO[*])=O)=O,O=[Ti]=O,[Zn]=O,,4.939319531078239,10.1016_j.matpr.2017.06.173_part_1.txt_¶Î1_Material1
[*]C(C)C[*],[*]C/C=C/CCC(C=C)CC([*])C1=CC=CC=C1,O=C([O-])[O-].[Ca+2],,,6.256043898702031,10.1002_pc.23973_part_2.txt_¶Î1_Material1
OC1=C(C=CC=C1CC2=CC=CC([*])=C2O)CC3=CC=CC([*])=C3O,C12=CC3=CC4=CC=CN=C4N=C3N=C1N=C5N=C6N=CC=CC6=CC5=C2,,,,7.544068044350276,10.1002_app.49968_part_2.txt_¶Î1_Material1
[*]C1C(OC(C(C1O)O)OC2C(OC(C(C2O)O)O[*])CO)CO,[*]C([H])([H])C(O)([H])[*],,,,5.157372137442775,10.1016_j.lwt.2018.06.001_part_6.txt_¶Î1_Material1
[*]NC(C(N1CCCC1C(NCC(N2CC(CC2C(NC(C(NCC([*])=O)=O)CO)=O)O)=O)=O)=O)CCCCN,O=P([O-])([O-])[O-].[Ca+2].[Ca+2].[OH-],[Ag],,,4.844849800806639,10.1166_jbns.2011.1054_part_1.txt_¶Î1_Material1
OCC1OC(C(C(C1[*])O)O)OC2C(C(C(OC2CO)O[*])O)O,OCC(C(C(C1N)O)O[*])OC1OC2C(OC(C(C2O)N)[*])CO,,,,7.079181246047625,10.1007_s10570-014-0330-3_part_3.txt_¶Î1_Material1
[*]NC1=CC=C([*])C=C1,[H]Cl,O=S(O)(O)=O,,,6.785329835010767,10.14723_tmrsj.43.61_part_1.txt_¶Î1_Material1
O=C([*])C(C)O[*],[*]CCCC([*])OC(C)=O,[*]CC(CCCC(CC)CC([*])C1=CC=CC=C1)C2=CC=CC=C2,O=[Si]=O,,6.08292891501513,10.1016_j.polymertesting.2020.106735_part_2.txt_¶Î1_Material3
O=C([*])OC1=CC=C(C=C1)C(C)(C)C2=CC=C(C=C2)O[*],[*]CC([*])N1CCCC1=O,[Na+].[Cl-],,,6.32221929473392,10.1088_0957-4484_24_27_275603_part_1.txt_¶Î1_Material1
[*]C/C=C/C[*],OCC1OC(C(C(C1[*])O)O)OC2C(C(C(OC2CO)O[*])O)O,O=[Ti]=O,,,5.423360578084977,10.1177_0892705720935968_part_3.txt_¶Î1_Material5
[*]CC[*],OCC1OC(C(C(C1[*])O)O)OC2C(C(C(OC2CO)O[*])O)O,O=C1C=CC(O1)=O.C=C,,,6.220108088040055,10.1177_0892705710388590_part_2.txt_¶Î1_Material1
[*]C(C)C[*],O=C([*])CCCCCN[*],O=[Al]O[Al]=O.O=[Si]=O.O=[Si]=O.O=[Si]=O,,,6.08278537031645,10.1002_app.32328_part_1.txt_¶Î1_Material1
O=C([*])CCCCCN[*],[*]C(C)C[*],C[N+](CCO)(CCO)[3H],,,6.414973347970818,10.1016_j.matdes.2010.05.024_part_1.txt_¶Î1_Material1
[*]C([H])([H])C(O)([H])[*],O=[Si]=O.[Ca]=O,[H]O[H],,,7.375480714618573,10.1016_j.conbuildmat.2019.117064_part_1.txt_¶Î1_Material1
[*]C([H])([H])C(O)([H])[*],[*]C1C(OC(C(C1O)O)OC2C(OC(C(C2O)O)O[*])CO)CO,[*]CC[*],[C],OCC(O)CO,4.736149402104994,10.4028_www.scientific.net_amr.701.64_part_1.txt_¶Î1_Material1
[*]CC(CCCC(CC)CC([*])C1=CC=CC=C1)C2=CC=CC=C2,,,,,6.079181246047625,10.1177_0967391121991290_part_1.txt_¶Î1_Material1
[*]C(C)C[*],[H][Si]([H])([H])[H],[*]CC(CCCC(CC)CC([*])C1=CC=CC=C1)C2=CC=CC=C2,,,6.173186268412274,10.1016_j.compositesb.2018.05.020_part_3.txt_¶Î1_Material1
O=C([*])CCCCCN[*],[H][O-],,,,6.079181246047625,10.1016_j.compositesb.2015.04.040_part_1.txt_¶Î1_Material1
OCC1OC(C(C(C1[*])O)O)OC2C(C(C(OC2CO)O[*])O)O,O=[Si]=O.O=[Al]O[Al]=O.O=[Si]=O.O=[Si]=O.O=[Si]=O.O,O=[Si]=O.O=[Al]O[Al]=O.O=[Si]=O.O=[Si]=O.O=[Si]=O.O,,,6.653212513775344,10.1007_s10570-019-02473-2_part_1.txt_¶Î1_Material1
OCC1OC(C(C(C1[*])O)O)OC2C(C(C(OC2CO)O[*])O)O,[Li]Cl,[H][O-],,,6.079181246047625,10.1002_pc.24015_part_1.txt_¶Î1_Material1
O=C(C1=CC=C(C=C1)C(OCC[*])=O)O[*],O=[Si]=O.[Ca]=O,O=[Si]=O,,,7.328379603438738,10.4314_jfas.v8i3s.238_part_1.txt_¶Î1_Material1
[*]CC(CCCC(CC)CC([*])C1=CC=CC=C1)C2=CC=CC=C2,[*]C(C)C[*],,,,6.079181246047625,10.1002_mawe.201500396_part_1.txt_¶Î1_Material1
[*]CC([*])Cl,O=[Ti]=O,,,,5.816572696026103,10.1007_s10118-013-1219-6_part_1.txt_¶Î1_Material1
C(C)(C1=CC=C(OCC2CO2)C=C1)(C)C1=CC=C(OCC2CO2)C=C1,[*]N1C(C2=CC3=C(C=C2C1=O)C(N(C3=O)C4=CC=C(C=C4)OC5=CC=C(C=C5)[*])=O)=O,[*]CC(C#N)[*],,,7.4031205211758175,10.1007_s12221-014-2564-y_part_1.txt_¶Î1_Material1
[*]C1C(OC(C(C1O)O)OC2C(OC(C(C2O)O)O[*])CO)CO,[*]C1C(OC(C(C1O)O)OC2C(OC(C(C2O)O)O[*])CO)CO,O=C(C1=CC=C(C([*])=O)C=C1)NC2=CCC(N[*])C=C2,,,6.278753600952829,10.1016_j.compositesa.2012.11.010_part_1.txt_¶Î1_Material1
O=C([*])C(C)O[*],OCC1OC(OC2C(O)C(O)C(O[*])OC2CO)C(O)C(O)C1[*],,,,6.207580514765431,10.1007_s10570-019-02931-x_part_3.txt_¶Î1_Material1
[*]C1C(OC(C(C1O)O)OC2C(OC(C(C2O)O)O[*])CO)CO,[*]OCCCCOC(CCC([*])=O)=O,OCC(O)CO,CC1=CC=C(C=C1N=C=O)N=C=O,,5.622214022966295,10.1016_j.carbpol.2010.08.051_part_1.txt_¶Î1_Material1
[*]NC(C(N1CCCC1C(NCC(N2CC(CC2C(NC(C(NCC([*])=O)=O)CO)=O)O)=O)=O)=O)CCCCN,[*]C([H])([H])C(O)([H])[*],O=[Al]O[Al]=O.O=[Si]=O.O=[Si]=O.O.O,,,4.033423755486949,10.1007_s00289-019-02684-4_part_3.txt_¶Î1_Material1
[*]C(N(CN(C(OCOC(N(CN(C(OCCO[*])=O)[H])[H])=O)=O)[H])[H])=O,O=C(O)C([*])C[*],CC(C(=O)O)(CO)CO,,,4.954724790979063,10.1007_s10965-016-1134-y_part_2.txt_¶Î1_Material1
[*]CC(COC1=CC=C(C=C1)C(C)(C)C2=CC=C(C=C2)O[*])O,O=C(C1=CC=C(C([*])=O)C=C1)NC2=CCC(N[*])C=C2,,,,6.431728739819938,10.1002_pc.25971_part_2.txt_¶Î1_Material1
[*]OC(CC(OC(CC([*])=O)CC)=O)C,OCC1OC(C(C(C1[*])O)O)OC2C(C(C(OC2CO)O[*])O)O,O=[Mg].O=[Si]=O.O=[Si]=O.O=[Si]=O.O=[Si]=O.O=[Mg].O=[Mg].O,,,6.838849090737256,10.1016_j.eurpolymj.2017.11.041_part_1.txt_¶Î1_Material1
O=C([*])CCCCCN[*],[*]C(C)C[*],C12=CC3=CC4=CC=CN=C4N=C3N=C1N=C5N=C6N=CC=CC6=CC5=C2,NC1=CC=C(C=C1)/C2=C3C=C/C(N\3)=C(C4=N/C(C=C4)=C(C5=CC=C(N5)/C(C6=CC=CC=C6)=C7N=C2C=C\7)/C8=CC=CC=C8)\C9=CC=CC=C9,,6.975891136401793,10.3390_ma11030429_part_1.txt_¶Î1_Material1
[*]CC(COC1=CC=C(C=C1)C(C)(C)C2=CC=C(C=C2)O[*])O,[*]OCCOC(CC(C([*])=O)C(C1CCCCC1)CC(CC(O)=O)C(OCCO)=O)=O,NCCC[Si](OCC)(OCC)OCC,,,6.651278013998144,10.1002_vnl.21491_part_2.txt_¶Î1_Material1
O=C([*])CCCCCCCCCCC(NCCCCCCCCCCN[*])=O,[*]OCCOC(CC(C([*])=O)C(C1CCCCC1)CC(CC(O)=O)C(OCCO)=O)=O,[H][O-],,,6.380211241711606,10.3390_ma10091040_part_2.txt_¶Î1_Material1
N#CC(C1=CC=CC=N1)C1=CC=CC=C1,OCC1OC(C(C(C1[*])O)O)OC2C(C(C(OC2CO)O[*])O)O,,,,6.301029995663981,10.1016_j.compscitech.2017.04.027_part_1.txt_¶Î1_Material1
O=C([*])C(C)O[*],O=C([*])C(C)O[*],OC1=C2C(C3(O)C4C5C6=C7C8C(C9=CC(C(O)=O)=C(C=C(C=C%10C(O)=O)C%11%12)C(C%11=C%13C%14C%15%16C%17(O%16)C%18C%19=C%20C%21=C%22C(C(O)=C%23)=C%24C%25C%21=C%26C%19=C%27C%17=C%28C%14(O)C%12=C%10C=C%28CC%27=CC%26=CC%25=C(C(O)=O)C=C%24)C9=C7C%13(O)C5=C%15C3=C%18C%29%30C%20(O%30)C%31C%22C%23=C%32)=CC(C(O)=O)=CC8=CC6=C(C(O)=O)C4=C2)=C%29C%33=C%31C%32=C(C(O)=O)C=C%331,,,6.681241237375588,10.1007_s10924-019-01411-4_part_1.txt_¶Î1_Material1
OCC(C(C(C1N)O)O[*])OC1OC2C(OC(C(C2O)N)[*])CO,O1C(=O)C=CC1=O,O=[Al]O[Al]=O.O=[Si]=O.O=[Si]=O.O=[Si]=O,,,5.849836922025529,10.1088_1757-899x_176_1_012001_part_1.txt_¶Î1_Material1
O=C([*])C(C)O[*],[*]C/C=C/C[*],CC1=CC=C(C=C1N=C=O)N=C=O,,,5.330413773349191,10.1021_ma401508b_part_2.txt_¶Î1_Material1
O=C(C(C[*])[*])N,O=[Al]O[Al]=O.O=[Si]=O.O=[Si]=O.O=[Si]=O,[*]C1C(C(C(OC1C(O[Na])=O)OC2C(C(O[Na])=O)OC(O[*])C(O)C2O)O)O,[Ca+2],,0.9030899869919436,10.1016_j.carbpol.2018.05.082_part_4.txt_¶Î1_Material1
C/C(C[*])=C/C[*],O=[Al]O[Al]=O.O=[Si]=O.O=[Si]=O.O=[Si]=O,,,,3.625312450961674,10.1002_app.32781_part_1.txt_¶Î1_Material3
[*]C(C)C[*],[*]CC[*],[*]CC(CCCC(CC)CC([*])C1=CC=CC=C1)C2=CC=CC=C2,O=[Ti]=O,,5.342422680822207,10.31803_tg-20190312191013_part_2.txt_¶Î1_Material1
O=C(C(C[*])[*])N,O=C(C(C[*])[*])N,,,,1.954242509439325,10.1016_j.polymer.2019.02.012_part_3.txt_¶Î1_Material1
OCC(C(C(C1N)O)O[*])OC1OC2C(OC(C(C2O)N)[*])CO,[*]OC1C(O)C(O)C(OC2C(OC(C(CO)O)=O)C(OC3C(O)C(O)C(OC4C(O)C(O)C(O[*])OC4CO)OC3C(O)=O)OC(CO)C2O)OC1C,OC(C(CC(O)=O)(CC(O)=O)O)=O,,,6.376576957056512,10.3390_fib1030047_part_2.txt_¶Î1_Material1
[*]C([H])([H])C(O)([H])[*],O=[Al]O[Al]=O.O=[Si]=O.O=[Si]=O.O=[Si]=O,OC1=C2C(C3(O)C4C5C6=C7C8C(C9=CC(C(O)=O)=C(C=C(C=C%10C(O)=O)C%11%12)C(C%11=C%13C%14C%15%16C%17(O%16)C%18C%19=C%20C%21=C%22C(C(O)=C%23)=C%24C%25C%21=C%26C%19=C%27C%17=C%28C%14(O)C%12=C%10C=C%28CC%27=CC%26=CC%25=C(C(O)=O)C=C%24)C9=C7C%13(O)C5=C%15C3=C%18C%29%30C%20(O%30)C%31C%22C%23=C%32)=CC(C(O)=O)=CC8=CC6=C(C(O)=O)C4=C2)=C%29C%33=C%31C%32=C(C(O)=O)C=C%331,,,6.32221929473392,10.1007_s13726-021-00964-3_part_1.txt_¶Î1_Material1
[*]OC1OC(CO)C(OC2C(O)C(O)C([*])C(CO)O2)C(O)C1O,,,,,6.747411807886423,10.1177_0021998320976811_part_1.txt_¶Î1_Material2
[*]CC[*],[*]CC[*],O=[Al]O[Al]=O.O=[Si]=O.O=[Si]=O.O.O,,,6.57978359661681,10.1007_s42452-020-2679-2_part_2.txt_¶Î1_Material1
[*]CC(CC(C#N)[*])C1=CC=CC=C1,[*]C(CCCCC(OCCCCO[*])=O)=O,,,,6.301029995663981,10.1002_pen.24935_part_1.txt_¶Î1_Material1
O=C(C1=CC=C2C=C(C=CC2=C1)C([*])=O)OCCO[*],[*]C1=C(C=CN2)C2=C([*])C(O)=C1O,,,,6.479393896404411,10.1177_09540083211014936_part_1.txt_¶Î1_Material1
[*]C/C=C/CCC(C/C=C\C[*])C=C,CC1(CC(CC(C)(C1)C)N=C=O)CN=C=O,,,,4.184691430817598,10.1021_acsomega.8b00022_part_1.txt_¶Î1_Material1
C/C(C[*])=C/C[*],[*]C(C)C[*],[S],,,5.301029995663981,10.1177_0095244311432781_part_2.txt_¶Î1_Material1
O=C([*])OC1=CC=C(C=C1)C(C)(C)C2=CC=C(C=C2)O[*],N#CC(C1=CC=CC=N1)C1=CC=CC=C1,,,,6.460897842756548,10.1016_j.polymertesting.2015.08.007_part_1.txt_¶Î1_Material1
O=C([*])C(C)O[*],O[Si](O)(O[Si](O)(O)O)O.[Al].[Al].O,,,,6.544068044350276,10.1002_app.49134_part_1.txt_¶Î1_Material1
[*]NCC(NC(C(ONCC(NC(C(NCC(NC(C([*])=O)C)=O)=O)C)=O)=O)CO)=O,[*]C(C(OC(CO[*])=O)C)=O,,,,5.205096047578484,10.1002_mame.201700666_part_1.txt_¶Î1_Material1
OCC1OC(C(C(C1[*])O)O)OC2C(C(C(OC2CO)O[*])O)O,[Ni],,,,7.033423755486949,10.1016_j.carbpol.2021.118507_part_3.txt_¶Î1_Material1
O=C([*])CCCCCN[*],[*]C/C=C/CCC([*])C#N,CCCCCCCCCCCCCCCCCCOC(CCC1=CC(C(C)(C)C)=C(C(C(C)(C)C)=C1)O)=O,,,5.283301228703549,10.5254_rct.13.87976_part_1.txt_¶Î1_Material1
OP(O)(O)=O,[*]CCCC(C(O)=O)[*],[*]CCCC(C(O)=O)[*],,,6.086359830674748,10.1002_vnl.21485_part_1.txt_¶Î1_Material1
O=C([*])OC1=CC=C(C=C1)C(C)(C)C2=CC=C(C=C2)O[*],[*]CC(CC=CCC([*])C1=CC=CC=C1)C#N,O=[Mg].O=[Si]=O.O=[Si]=O.O=[Si]=O.O=[Si]=O.O=[Mg].O=[Mg].O,,,6.712649701627211,10.1002_app.35147_part_1.txt_¶Î1_Material1
OCC(C(C(C1N)O)O[*])OC1OC2C(OC(C(C2O)N)[*])CO,[*]C1OC2COC(C2OC3C(C(C(C(C3)CO)OS(=O)([O-])=O)O[*])O)C1OS(=O)([O-])=O,,,,6.57978359661681,10.1016_j.foodhyd.2018.07.017_part_7.txt_¶Î1_Material3
[*]OCCCOC(C1=CC=C(C([*])=O)C=C1)=O,[*]CCCCO[*],,,,5.072984744627931,10.3144_expresspolymlett.2015.49_part_3.txt_¶Î1_Material1
[*]C/C=C\CCC(C=C)[*],OCC(C(C(C1N)O)O[*])OC1OC2C(OC(C(C2O)N)[*])CO,O=[Si]=O,,,6.146128035678238,10.1016_j.ijbiomac.2016.06.078_part_1.txt_¶Î1_Material1
[*]C([H])([H])C(O)([H])[*],C=C([CH3])C(=O)O[CH3],OCC1OC(C(C(C1[*])O)O)OC2C(C(C(OC2CO)O[*])O)O,[*]C1=CC=C([*])N1,,6.003115717099806,10.1016_j.compscitech.2020.108165_part_2.txt_¶Î1_Material1
[*]CCCC([*])OC(C)=O,[*]CC[*],O=[Al]O[Al]=O.O=[Si]=O.O=[Si]=O.O=[Si]=O,,,5.2259034449261605,10.1115_1.4034696_part_1.txt_¶Î1_Material1
[*]CC[*],O=[Al]O[Al]=O,O=P([O-])([O-])[O-].[Ca+2].[Ca+2].[OH-],,,5.228913405994688,10.1002_app.33961_part_2.txt_¶Î1_Material1
C[Si](C)(C[*])O[*],[Ag+],,,,2.230448921378274,10.1088_1361-6439_ab5ec0_part_1.txt_¶Î1_Material1
O=C([*])OC1=CC=C(C=C1)C(C)(C)C2=CC=C(C=C2)O[*],[*]CC(CC=CCC([*])C1=CC=CC=C1)C#N,C12=CC3=CC4=CC=CN=C4N=C3N=C1N=C5N=C6N=CC=CC6=CC5=C2,,,7.176091259055681,10.1002_app.39105_part_1.txt_¶Î1_Material1
O=C(C1=CC=C(C=C1)C(OCC[*])=O)O[*],C[N+](CCO)(CCO)[3H],,,,6.739572344450092,10.1557_opl.2011.201_part_2.txt_¶Î1_Material1
[*]C(C(OC(CO[*])=O)C)=O,[*]NC(C(N1CCCC1C(NCC(N2CC(CC2C(NC(C(NCC([*])=O)=O)CO)=O)O)=O)=O)=O)CCCCN,,,,4.1476763242410986,10.3389_fbioe.2020.00971_part_2.txt_¶Î1_Material1
[*]C1=C(C=CN2)C2=C([*])C(O)=C1O,[*]CCN[*],O=[Si]=O,,,7.15503222879097,10.1021_acsami.6b13761_part_1.txt_¶Î1_Material1
OCC1OC(C(C(C1[*])O)O)OC2C(C(C(OC2CO)O[*])O)O,O=[Si]=O,,,,6,10.1007_s10570-020-03456-4_part_2.txt_¶Î1_Material1
O=C([*])C(C)O[*],OCC1OC(C(C(C1[*])O)O)OC2C(C(C(OC2CO)O[*])O)O,[H][Si]([H])([H])[H],,,6.308777773664721,10.1016_j.compositesb.2019.107098_part_2.txt_¶Î1_Material1
[*]C(C)C[*],[*]CC(CCCC(CC)CC([*])C1=CC=CC=C1)C2=CC=CC=C2,[H][O-],,,6.164352855784437,10.1016_s1672-6529(14)60139-6_part_2.txt_¶Î1_Material1
[*]C(C)C[*],O=C([O-])[O-].[Ca+2],[*]CC(COC1=CC=C(C=C1)C(C)(C)C2=CC=C(C=C2)O[*])O,,,6.276921132065774,10.1177_0892705712439558_part_3.txt_¶Î1_Material4
[*]C1=CC=C([*])N1,[*]NCC(NC(C(ONCC(NC(C(NCC(NC(C([*])=O)C)=O)=O)C)=O)=O)CO)=O,,,,5.426023015689876,10.1016_j.bioelechem.2011.11.008_part_2.txt_¶Î1_Material1
OCC1OC(C(C(C1[*])O)O)OC2C(C(C(OC2CO)O[*])O)O,[H][O-],O=[Si]=O,,,6.681241237375588,10.1007_s10570-013-9928-0_part_1.txt_¶Î1_Material1
[*]C(CCCCCO[*])=O,COC1=CC(/C=C/C=O)=CC(OC2=CC(C(C(OC3=CC=C(C=C3OC)C(C(CO)=O)O)CO)O)=CC=C2OC4=CC(C(C(COC5=CC=C(C=C5)C(C(CO)=O)O)=O)O)=CC=C4O)=C1,,,,4.6020599913279625,10.4028_www.scientific.net_amr.1070-1072.100_part_1.txt_¶Î1_Material1
[*]C(N(CN(C(OCOC(N(CN(C(OCCO[*])=O)[H])[H])=O)=O)[H])[H])=O,[*]CC([*])N1CCCC1=O,,,,3.8790958795000727,10.1016_j.matdes.2013.11.029_part_1.txt_¶Î1_Material1
[*]NC(C)C(N1CCCC1C([*])=O)=O,O=P([O-])([O-])[O-].[Ca+2].[Ca+2].[OH-],,,,4.8750612633917,10.1002_jor.21275_part_1.txt_¶Î1_Material1
[*]C(C)C[*],[*]CC(CCCC(CC)CC([*])C1=CC=CC=C1)C2=CC=CC=C2,C12=C3C(C=CC4C3=C5C(CC6=CC7=C8C9=C(C(C=C%10)=CC=C9C=C7)C%11=C%10C%12)=CC4)=CC=C1C=C%12C%13=C%11C8=C6C5=C2%13,C12=CC3=CC4=CC=CN=C4N=C3N=C1N=C5N=C6N=CC=CC6=CC5=C2,,5.6776069527204935,10.1007_s10965-016-0979-4_part_1.txt_¶Î1_Material1
O=C(C1=CC=C(C=C1)C(OCC[*])=O)O[*],[*]C(C)C[*],[*]CCCC([*])OC(C)=O,O=[Al]O[Al]=O.O=[Si]=O.O=[Si]=O.O=[Si]=O,,6.077258863692948,10.1016_j.matpr.2018.07.046_part_1.txt_¶Î1_Material1
[*]C(C)C[*],[Fe],,,,6.176091259055681,10.1002_app.38665_part_1.txt_¶Î1_Material1
[*]CC(COC1=CC=C(C=C1)C(C)(C)C2=CC=C(C=C2)O[*])O,[*]C(NC1=C(C)C(NC(OCCO[*])=O)=CC=C1)=O,,,,5,10.1007_s10118-018-2145-4_part_1.txt_¶Î1_Material1
[*]C(C)C[*],[*]C(C)C[*],[*]CC(CCCC(CC)CC([*])C1=CC=CC=C1)C2=CC=CC=C2,[H][O-],[H]Cl,6.345177616542704,10.1016_j.compositesa.2014.10.019_part_2.txt_¶Î1_Material1
[*]C([H])([H])C(O)([H])[*],OCC(O)CO,,,,4.968482948553935,10.1016_j.foodhyd.2012.03.007_part_1.txt_¶Î1_Material1
[*]C(N(CN(C(OCOC(N(CN(C(OCCO[*])=O)[H])[H])=O)=O)[H])[H])=O,[*]CC(CC=CCC([*])C1=CC=CC=C1)C#N,,,,4.721810615212546,10.1002_pc.24387_part_2.txt_¶Î1_Material1
OCC(C(C(C1N)O)O[*])OC1OC2C(OC(C(C2O)N)[*])CO,[Ni],,,,6.079181246047625,10.1080_03602559.2017.1344853_part_1.txt_¶Î1_Material1
O=C([*])C(C)O[*],[*]C(CCCCCO[*])=O,OCC(C(C(C1N)O)O[*])OC1OC2C(OC(C(C2O)N)[*])CO,OCC(O)CO,,6.133644275865875,10.4028_www.scientific.net_amr.900.320_part_1.txt_¶Î1_Material1
O=C([*])OC1=CC=C(C=C1)C(C)(C)C2=CC=C(C=C2)O[*],[*]CCCC([*])C(OC)=O,C12=C3C(C=CC4C3=C5C(CC6=CC7=C8C9=C(C(C=C%10)=CC=C9C=C7)C%11=C%10C%12)=CC4)=CC=C1C=C%12C%13=C%11C8=C6C5=C2%13,,,5.475961589192424,10.1016_j.compositesb.2018.10.009_part_4.txt_¶Î1_Material1
[*]C(C)C[*],O=C([*])CCCCCN[*],O=[Si]=O,[*]C(C)C[*],,6.57978359661681,10.1016_j.compositesb.2015.09.033_part_1.txt_¶Î1_Material1
O=C([*])C(C)O[*],OP(O)(O)=O,OC1=C2C(C3(O)C4C5C6=C7C8C(C9=CC(C(O)=O)=C(C=C(C=C%10C(O)=O)C%11%12)C(C%11=C%13C%14C%15%16C%17(O%16)C%18C%19=C%20C%21=C%22C(C(O)=C%23)=C%24C%25C%21=C%26C%19=C%27C%17=C%28C%14(O)C%12=C%10C=C%28CC%27=CC%26=CC%25=C(C(O)=O)C=C%24)C9=C7C%13(O)C5=C%15C3=C%18C%29%30C%20(O%30)C%31C%22C%23=C%32)=CC(C(O)=O)=CC8=CC6=C(C(O)=O)C4=C2)=C%29C%33=C%31C%32=C(C(O)=O)C=C%331,,,6.3979400086720375,10.1080_15583724.2020.1850475_part_7.txt_¶Î1_Material1
O=S(C(C=C1)=CC=C1OC(C=C2)=CC=C2C(C)(C)C(C=C3)=CC=C3O[*])(C4=CC=C([*])C=C4)=O,[*]CCN[*],[*]N1C(C2=CC3=C(C=C2C1=O)C(N(C3=O)C4=CC=C(C=C4)OC5=CC=C(C=C5)[*])=O)=O,[*]C(F)(C(F)([*])F)F,,6.552668216112194,10.1002_adma.201705973_part_1.txt_¶Î1_Material1
O=C(C1=CC=C(C=C1)C(OCC[*])=O)O[*],Cl[Fe](Cl)Cl,,,,7.162367824370681,10.4028_www.scientific.net_amm.421.296_part_1.txt_¶Î1_Material1
FC(F)([*])C([H])([*])[H],,,,,6.897077003209421,10.1016_j.polymer.2016.02.028_part_3.txt_¶Î1_Material1
[*]OC(CC(OC(CC([*])=O)CC)=O)C,[*]C(CCCCC(OCCCCO[*])=O)=O,C12=C3C(C=CC4C3=C5C(CC6=CC7=C8C9=C(C(C=C%10)=CC=C9C=C7)C%11=C%10C%12)=CC4)=CC=C1C=C%12C%13=C%11C8=C6C5=C2%13,,,5.8221680793680175,10.1007_s00396-015-3700-y_part_2.txt_¶Î1_Material1
[*]C1C(C(C(OC1C(O[Na])=O)OC2C(C(O[Na])=O)OC(O[*])C(O)C2O)O)O,OCC(O)CO,OCCOC1C(OCCO)C(C(OCCO)COCCOC(CCCCCCCCCCCCCCCCC)=O)OC1,,,5.133538908370218,10.1111_j.1365-2621.2011.02897.x_part_1.txt_¶Î1_Material1
[*]/C=C\CC/C=C\CC(CC([*])C1=CC=CC=C1)C2=CC=CC=C2,,,,,4.698970004336019,10.1016_j.compositesb.2016.09.053_part_2.txt_¶Î1_Material3
[*]CC[*],O=C1C=CC(O1)=O.C=C,[*]C1=C(O)C(C(C)(C)C)=C(O)C(C)=C1SS[*],,,5.2878017299302265,10.2174_2452271601666161213164904_part_1.txt_¶Î1_Material1
[*]NCC(NC(C(ONCC(NC(C(NCC(NC(C([*])=O)C)=O)=O)C)=O)=O)CO)=O,OCC(O)CO,,,,5.665674780993894,10.1039_c5ra19754f_part_1.txt_¶Î1_Material1
COC(C(C[*])([*])C)=O,[*]CC(COC1=CC=C(C=C1)C(C)(C)C2=CC=C(C=C2)O[*])O,,,,6.8909795969896885,10.1016_j.jngse.2020.103790_part_1.txt_¶Î1_Material1
OCC1OC(C(C(C1[*])O)O)OC2C(C(C(OC2CO)O[*])O)O,OCC1OC(C(C(C1[*])O)O)OC2C(C(C(OC2CO)O[*])O)O,O=C=O,[H]Cl,,7.017033339298781,10.1021_acs.biomac.9b01559_part_2.txt_¶Î1_Material1
CC(COC(C(CC(C(C(C(OC(C)C)=O)C1=CC=CC=C1)C(OCC(OC(C2=CC=CC=C2C(O)=O)=O)C)=O)C3=CC=CC=C3)C(C(OC(C)C[*])=O)C4=CC=CC=C4)=O)OC(C5=CC=CC=C5C(O[*])=O)=O,[*]NCC(NC(C(ONCC(NC(C(NCC(NC(C([*])=O)C)=O)=O)C)=O)=O)CO)=O,[*]OC1OC(CO)C(OC2C(O)C(O)C([*])C(CO)O2)C(O)C1O,,,6.384890796530554,10.1080_15685543.2013.830513_part_2.txt_¶Î1_Material1
[*]C([H])([H])C(O)([H])[*],[*]CC([*])N1CCCC1=O,,,,5.847276448275631,10.1080_1539445x.2018.1546191_part_4.txt_¶Î1_Material1
O=C([*])C(C)O[*],C/C(C[*])=C/C[*],C/C(C[*])=C/C[*],O=C([O-])[O-].[Ca+2],,5.785329835010767,10.4028_www.scientific.net_amr.410.59_part_1.txt_¶Î1_Material2
OCC1OC(OC2C(O)C(O)C(O[*])OC2CO)C(O)C(O)C1[*],,,,,7.350248018334163,10.1021_acssuschemeng.6b00555_part_1.txt_¶Î1_Material1
[*]NC(C)C(N1CCCC1C([*])=O)=O,[*]NC(C)C(N1CCCC1C([*])=O)=O,,,,6.2322335211147335,10.3390_polym13132151_part_2.txt_¶Î1_Material1
[*]OCCCCOC(CCC([*])=O)=O,[*]C(CCCCC(OCCCCO[*])=O)=O,[*]OCC[*],OC(C(C)(CC(C1=CC=CC=C1)[*])CC(C[*])(C(OCC2CO2)=O)C)=O,,5.690196080028514,10.1039_c2gc35875a_part_1.txt_¶Î1_Material1
OP(O)(O)=O,[*]OCC[*],,,,5.511883360978874,10.1002_app.43302_part_2.txt_¶Î1_Material1
[*]NCCCCCCCCCCCC([*])=O,O=[Zr]=O,,,,6.113943352306837,10.1016_j.dental.2018.09.006_part_2.txt_¶Î1_Material1
C(C)(C1=CC=C(OCC2CO2)C=C1)(C)C1=CC=C(OCC2CO2)C=C1,[*]CC([*])Cl,[*]OC1OC(CO)C(OC2C(O)C(O)C([*])C(CO)O2)C(O)C1O,,,6.022840610876528,10.1002_pc.23192_part_1.txt_¶Î1_Material1
[*]CC[*],[Al],O=C1C=CC(O1)=O.C=C,,,6.643452676486188,10.1016_j.compositesb.2012.10.019_part_1.txt_¶Î1_Material1
O=C(C1=CC=C(C=C1)C(OCC[*])=O)O[*],OC1=C2C(C3(O)C4C5C6=C7C8C(C9=CC(C(O)=O)=C(C=C(C=C%10C(O)=O)C%11%12)C(C%11=C%13C%14C%15%16C%17(O%16)C%18C%19=C%20C%21=C%22C(C(O)=C%23)=C%24C%25C%21=C%26C%19=C%27C%17=C%28C%14(O)C%12=C%10C=C%28CC%27=CC%26=CC%25=C(C(O)=O)C=C%24)C9=C7C%13(O)C5=C%15C3=C%18C%29%30C%20(O%30)C%31C%22C%23=C%32)=CC(C(O)=O)=CC8=CC6=C(C(O)=O)C4=C2)=C%29C%33=C%31C%32=C(C(O)=O)C=C%331,CCO,,,6.633942890311289,10.1155_2013_725396_part_1.txt_¶Î1_Material1
OCC(C(C(C1N)O)O[*])OC1OC2C(OC(C(C2O)N)[*])CO,OCC(C(C(C1N)O)O[*])OC1OC2C(OC(C(C2O)N)[*])CO,[H]O[H],,,6.488550716500444,10.1039_c6sm01994c_part_2.txt_¶Î1_Material1
O=[Si]=O.[Ca]=O,O=[Si]=O,[*]C([H])([H])C(O)([H])[*],,,6.838849090737256,10.1016_j.conbuildmat.2018.03.094_part_1.txt_¶Î1_Material1
[*]C([H])([H])C(O)([H])[*],C[N+](CCO)(CCO)[3H],,,,6.318063334962762,10.3390_polym12020264_part_3.txt_¶Î1_Material1
[*]NCC(NC(C(ONCC(NC(C(NCC(NC(C([*])=O)C)=O)=O)C)=O)=O)CO)=O,O=C(C(C[*])[*])N,CCCCCCCCCCCCOS([O-])(=O)=O.[Na+],[Na+].[Cl-],,2.869231719730976,10.1039_c8tb02445f_part_1.txt_¶Î1_Material1
C[Si](C)(C[*])O[*],[*]CC(C#N)[*],,,,2.1089031276673134,10.1002_app.44780_part_2.txt_¶Î1_Material1
C=C(C)C(=O)OCC(O)COC1=CC=C(C(C2=CC=C(O)C=C2)(C)C)C=C1,[*]CC(COC1=CC=C(C=C1)C(C)(C)C2=CC=C(C=C2)O[*])O,[H][Si]([H])([H])[H],,,7.718916686014861,10.1002_app.47695_part_1.txt_¶Î1_Material1
O=C(O[Na])COCC(OC(C(C1O)O)[*])C1OC(C(C(C2O[*])O)O)OC2COCC(O[Na])=O,OCC(O)CO,OC[C@@H]([C@H]([C@@H]([C@@H](CO)O)O)O)O,,,6.6020599913279625,10.1007_s10570-018-2091-x_part_3.txt_¶Î1_Material1
O=C([*])OC1=CC=C(C=C1)C(C)(C)C2=CC=C(C=C2)O[*],[*]CC(CC=CCC([*])C1=CC=CC=C1)C#N,NC1=NC2=C(N=CN2C2O[C@H](COP(=O)(O)OP(=O)(O)O)[C@H](O)[C@@H]2O)C(=O)N1,,,6.207365037469072,10.1002_app.51500_part_2.txt_¶Î1_Material4
[*]C(C)C[*],[*]CC(CC[*])O,O=[Al]O[Al]=O.O=[Si]=O.O=[Si]=O.O=[Si]=O,,,6.060697840353612,10.3390_polym13050705_part_1.txt_¶Î1_Material2
O=C([*])CCCCCN[*],[*]CC(CCCC(CC)CC([*])C1=CC=CC=C1)C2=CC=CC=C2,C[N+](CCO)(CCO)[3H],,,6.337459261290656,10.1515_flret-2018-0001_part_1.txt_¶Î1_Material1
[*]OCCCCOC(CCC([*])=O)=O,O=C([*])C(C)O[*],,,,5.791690649020118,10.3389_fmats.2020.00007_part_1.txt_¶Î1_Material1
[*]C(C)C[*],O=C([*])CCCCCN[*],[*]C(C)C[*],,,6.187520720836463,10.4028_www.scientific.net_amr.320.69_part_1.txt_¶Î1_Material1
[*]NCCCCCCCCCCCC([*])=O,O=C(CCCCC(N(CCCCCCN([*])[H])[H])=O)[*],,,,6.237040791379191,10.1002_pc.21100_part_2.txt_¶Î1_Material1
[*]O[C@H](C)CC([*])=O,[*]C(CCCCCO[*])=O,[Fe]12O[Fe]O[Fe](O2)O1,OCC1OC(C(C(C1[*])O)O)OC2C(C(C(OC2CO)O[*])O)O,,6.019074729177898,10.1016_j.addma.2021.102146_part_2.txt_¶Î1_Material1
[*]CC[*],O=C([O-])[O-].[Ca+2],,,,6.827369273053825,10.1016_j.indcrop.2019.111712_part_1.txt_¶Î1_Material1
O=C([*])C(C)O[*],[*]C1C(OC(C(C1O)O)OC2C(OC(C(C2O)O)O[*])CO)CO,,,,6.342422680822207,10.1016_j.carbpol.2016.03.082_part_3.txt_¶Î1_Material1
[*]C(CCCCCO[*])=O,[*]OCC[*],[*]OCC[*],,,4.357172257723033,10.3390_polym9050183_part_2.txt_¶Î1_Material1
[*]C(C=C1)=CC=C1S[*],O=C([*])CCCCCN[*],OC1=C2C(C3(O)C4C5C6=C7C8C(C9=CC(C(O)=O)=C(C=C(C=C%10C(O)=O)C%11%12)C(C%11=C%13C%14C%15%16C%17(O%16)C%18C%19=C%20C%21=C%22C(C(O)=C%23)=C%24C%25C%21=C%26C%19=C%27C%17=C%28C%14(O)C%12=C%10C=C%28CC%27=CC%26=CC%25=C(C(O)=O)C=C%24)C9=C7C%13(O)C5=C%15C3=C%18C%29%30C%20(O%30)C%31C%22C%23=C%32)=CC(C(O)=O)=CC8=CC6=C(C(O)=O)C4=C2)=C%29C%33=C%31C%32=C(C(O)=O)C=C%331,,,5.949390006644912,10.1007_s13233-020-8038-8_part_1.txt_¶Î1_Material1
O=C([*])C(C)O[*],[*]C(CCCCC(OCCCCO[*])=O)=O,C=C(C(OCC1CO1)=O)C,OC(C(C)(CC(C1=CC=CC=C1)[*])CC(C[*])(C(OCC2CO2)=O)C)=O,,6.477121254719663,10.1016_j.polymer.2020.122591_part_8.txt_¶Î1_Material1
O=C([*])OC1=CC=C(C=C1)C(C)(C)C2=CC=C(C=C2)O[*],CC(CC(C(C(O1)=O)CC1=O)[*])C[*],,,,5.04688519083771,10.1515_adms-2016-0019_part_1.txt_¶Î1_Material1
[*]C(NC1=C(C)C(NC(OCCO[*])=O)=CC=C1)=O,COC(C(C[*])([*])C)=O,,,,4.933993163831242,10.1007_s11998-021-00476-y_part_1.txt_¶Î1_Material1
[*]CC[*],[*]C/C=C/CCC(C=C)CC([*])C1=CC=CC=C1,[*]CC(CCCC(CC)CC([*])C1=CC=CC=C1)C2=CC=CC=C2,,,5.278753600952829,10.3139_217.2473_part_2.txt_¶Î1_Material1
[*]C([C@H](C)OC([C@H](C)O[*])=O)=O,[*]OCCCCOC(CCC([*])=O)=O,[*]C([C@H](C)OC([C@H](C)O[*])=O)=O,,,6.021189299069938,10.1016_j.polymdegradstab.2016.11.022_part_5.txt_¶Î1_Material1
O=C([*])C(C)O[*],[*]C(CCCCC(OCCCCO[*])=O)=O,[*]CCC(CCCCCC)C[*],,,6.176091259055681,10.3389_fmats.2020.00130_part_2.txt_¶Î1_Material1
[*]NC(C(O)=O)CCC([*])=O,[*]C(C(OC(CO[*])=O)C)=O,[Ag+],,,5.954242509439325,10.1007_s12221-018-8316-7_part_2.txt_¶Î1_Material1
O=C(C1=CC=C(C=C1)C(OCC[*])=O)O[*],O=C(C1=CC=C(C([*])=O)C=C1)NC2=CCC(N[*])C=C2,,,,6.619406410886778,10.1016_j.matpr.2020.12.555_part_1.txt_¶Î1_Material1
C/C(C[*])=C/C[*],C/C(C[*])=C/C[*],O=[Al]O[Al]=O.O=[Si]=O.O=[Si]=O.O=[Si]=O,,,2.903089986991944,10.1134_s0965545x13020119_part_1.txt_¶Î1_Material1
[*]C/C=C/CCC(C/C=C\C[*])C=C,CC(CO[*])[*],CC1=CC=C(C=C1N=C=O)N=C=O,OCCCCO,,6,10.1007_s00396-016-4010-8_part_1.txt_¶Î1_Material1
[*]C(C)C[*],O=[Si]=O.[Ca]=O,[O-][Si]([O-])([O-])O[Si]([O-])([O-])[O-].[Ca+2],[O-][Si]([O-])([O-])O[Si]([O-])([O-])[O-].[Ca+2],,6.690196080028514,10.3390_ma14030637_part_2.txt_¶Î1_Material1
[*]CC(COC1=CC=C(C=C1)C(C)(C)C2=CC=C(C=C2)O[*])O,[*]CC[*],C[N+](CCO)(CCO)[3H],,,5.653212513775344,10.1002_app.40751_part_1.txt_¶Î1_Material1
[*]CNCC1=CC=CC([*])=C1O,OCC1OC(C(C(C1[*])O)O)OC2C(C(C(OC2CO)O[*])O)O,O=[Si]=O,,,6.913813852383717,10.1177_0967391120903664_part_1.txt_¶Î1_Material1
OCC1OC(C(C(C1[*])O)O)OC2C(C(C(OC2CO)O[*])O)O,O=[Si]=O,NC1=NC(N)=NC(N)=N1,,,7.198657086954422,10.1007_s10570-018-1813-4_part_1.txt_¶Î1_Material1
[*]C(C)C[*],NC1=CC=C(C=C1)/C2=C3C=C/C(N\3)=C(C4=N/C(C=C4)=C(C5=CC=C(N5)/C(C6=CC=CC=C6)=C7N=C2C=C\7)/C8=CC=CC=C8)\C9=CC=CC=C9,C12=CC3=CC4=CC=CN=C4N=C3N=C1N=C5N=C6N=CC=CC6=CC5=C2,,,7,10.1016_j.compositesa.2019.05.003_part_2.txt_¶Î1_Material1
C[Si](C)(C[*])O[*],OC1=C2C(C3(O)C4C5C6=C7C8C(C9=CC(C(O)=O)=C(C=C(C=C%10C(O)=O)C%11%12)C(C%11=C%13C%14C%15%16C%17(O%16)C%18C%19=C%20C%21=C%22C(C(O)=C%23)=C%24C%25C%21=C%26C%19=C%27C%17=C%28C%14(O)C%12=C%10C=C%28CC%27=CC%26=CC%25=C(C(O)=O)C=C%24)C9=C7C%13(O)C5=C%15C3=C%18C%29%30C%20(O%30)C%31C%22C%23=C%32)=CC(C(O)=O)=CC8=CC6=C(C(O)=O)C4=C2)=C%29C%33=C%31C%32=C(C(O)=O)C=C%331,[O-][Si]([O-])([O-])O[Si]([O-])([O-])[O-].[Ca+2],,,3,10.1002_app.48958_part_1.txt_¶Î1_Material1
O=C(O[*])CCCCCCCCCCN[*],OC(C(C)(CC(C1=CC=CC=C1)[*])CC(C[*])(C(OCC2CO2)=O)C)=O,O=[Ti]=O,,,6.653212513775344,10.1016_j.indcrop.2016.02.007_part_3.txt_¶Î1_Material1
[*]C(C)C[*],C12=CC3=CC4=CC=CN=C4N=C3N=C1N=C5N=C6N=CC=CC6=CC5=C2,,,,6.2552725051033065,10.1016_j.compositesa.2012.05.006_part_1.txt_¶Î1_Material1
O=C([*])C(C)O[*],[*]CC(CC=CCC([*])C1=CC=CC=C1)C#N,OCC1OC(OC2C(O)C(O)C(O[*])OC2CO)C(O)C(O)C1[*],[H][Si]([H])([H])[H],,6.301029995663981,10.1088_1757-899x_701_1_012055_part_2.txt_¶Î1_Material1
O=C([*])C(C)O[*],C=C([CH3])C(=O)O[CH3],,,,6.531478917042255,10.1002_app.43935_part_2.txt_¶Î1_Material4
[*]NC(C(N1CCCC1C(NCC(N2CC(CC2C(NC(C(NCC([*])=O)=O)CO)=O)O)=O)=O)=O)CCCCN,O=C(C(C[*])[*])N,OS(=O)(OOS(O)(=O)=O)=O.N.N,,,1.9242792860618816,10.1039_c7tb01780d_part_2.txt_¶Î1_Material1
C[Si](C)(C[*])O[*],C[Si](C)(C[*])O[*],,,,3.1760912590556813,10.1021_am508515z_part_2.txt_¶Î1_Material1
[O-]S(OC1C(CO)OC(OC2C3COC2C(O)C(OC2C(O)C(OC4C5COC4C(O)C(O)O5)OC(CO)C2OS([O-])(=O)=O)O3)C(O)C1O)(=O)=O,O=C(C(C[*])[*])N,OC1=C2C(C3(O)C4C5C6=C7C8C(C9=CC(C(O)=O)=C(C=C(C=C%10C(O)=O)C%11%12)C(C%11=C%13C%14C%15%16C%17(O%16)C%18C%19=C%20C%21=C%22C(C(O)=C%23)=C%24C%25C%21=C%26C%19=C%27C%17=C%28C%14(O)C%12=C%10C=C%28CC%27=CC%26=CC%25=C(C(O)=O)C=C%24)C9=C7C%13(O)C5=C%15C3=C%18C%29%30C%20(O%30)C%31C%22C%23=C%32)=CC(C(O)=O)=CC8=CC6=C(C(O)=O)C4=C2)=C%29C%33=C%31C%32=C(C(O)=O)C=C%331,,,2.12057393120585,10.1016_j.polymer.2019.122138_part_3.txt_¶Î1_Material1
O=C(C1=CC=C(C=C1)C(OCC[*])=O)O[*],O=[Ti]=O,O=[Al]O[Al]=O,,,6.7160033436348,10.1016_j.surfcoat.2019.125025_part_2.txt_¶Î1_Material1
C/C(C[*])=C/C[*],C/C(C[*])=C/C[*],,,,4.158362492095249,10.1016_j.polymer.2010.06.026_part_1.txt_¶Î1_Material1
[*]C1C(O)C(O)C(OC2C(O)C(O)C(O[*])OC2COC(C)=O)OC1COC(C)=O,CCOC(=O)C(O)(CC(=O)OCC)CC(=O)OCC,,,,6.103803720955957,10.1002_app.35517_part_2.txt_¶Î1_Material1
[*]C1C(C(C(OC1C(O[Na])=O)OC2C(C(O[Na])=O)OC(O[*])C(O)C2O)O)O,OCC(O)CO,,,,5.536040515438547,10.3390_nano11030637_part_2.txt_¶Î1_Material1
[*]CC(COC1=CC=C(C=C1)C(C)(C)C2=CC=C(C=C2)O[*])O,OCC1OC(C(C(C1[*])O)O)OC2C(C(C(OC2CO)O[*])O)O,[Ag],,,6.778151250383644,10.1007_s10570-015-0802-0_part_6.txt_¶Î1_Material1
OC1=C(C=CC=C1CC2=CC=CC([*])=C2O)CC3=CC=CC([*])=C3O,OCC1OC(C(C(C1[*])O)O)OC2C(C(C(OC2CO)O[*])O)O,[H][Si]([H])([H])[H],,,5.939758797292041,10.1002_pen.23772_part_2.txt_¶Î1_Material2
[*]OCCCCOC(CCC([*])=O)=O,[H][Si]([H])([H])[H],,,,5.819543935541868,10.4028_www.scientific.net_msf.675-677.361_part_1.txt_¶Î1_Material1
[*]OCCOC(CC(C([*])=O)C(C1CCCCC1)CC(CC(O)=O)C(OCCO)=O)=O,[*]OC1OC(CO)C(OC2C(O)C(O)C([*])C(CO)O2)C(O)C1O,,,,6.32221929473392,10.4028_www.scientific.net_nhc.25.22_part_1.txt_¶Î1_Material1
[*]N1C(C2=CC3=C(C=C2C1=O)C(N(C3=O)C4=CC=C(C=C4)OC5=CC=C(C=C5)[*])=O)=O,[*]C1=C(C=CN2)C2=C([*])C(O)=C1O,,,,6.770115294787102,10.1016_j.ceramint.2020.07.340_part_2.txt_¶Î1_Material3
COC(C(C[*])([*])C)=O,[*]CC(COC1=CC=C(C=C1)C(C)(C)C2=CC=C(C=C2)O[*])O,C12=C3C(C=CC4C3=C5C(CC6=CC7=C8C9=C(C(C=C%10)=CC=C9C=C7)C%11=C%10C%12)=CC4)=CC=C1C=C%12C%13=C%11C8=C6C5=C2%13,,,6.598790506763115,10.1016_j.petrol.2020.107744_part_1.txt_¶Î1_Material1
[*]C1OC2COC(C2OC3C(C(C(C(C3)CO)OS(=O)([O-])=O)O[*])O)C1OS(=O)([O-])=O,O=C(C(C[*])[*])N,OC1=C2C(C3(O)C4C5C6=C7C8C(C9=CC(C(O)=O)=C(C=C(C=C%10C(O)=O)C%11%12)C(C%11=C%13C%14C%15%16C%17(O%16)C%18C%19=C%20C%21=C%22C(C(O)=C%23)=C%24C%25C%21=C%26C%19=C%27C%17=C%28C%14(O)C%12=C%10C=C%28CC%27=CC%26=CC%25=C(C(O)=O)C=C%24)C9=C7C%13(O)C5=C%15C3=C%18C%29%30C%20(O%30)C%31C%22C%23=C%32)=CC(C(O)=O)=CC8=CC6=C(C(O)=O)C4=C2)=C%29C%33=C%31C%32=C(C(O)=O)C=C%331,,,2,10.1016_j.polymer.2019.122138_part_1.txt_¶Î1_Material1
COC(C(C[*])([*])C)=O,,,,,6.225309281725863,10.1002_jbm.b.33643_part_4.txt_¶Î1_Material2
[*]C1C(OC(C(C1O)O)OC2C(OC(C(C2O)O)O[*])CO)CO,[*]C([H])([H])C(O)([H])[*],O=[Al]O[Al]=O.O=[Si]=O.O=[Si]=O.O=[Si]=O,[H]O[H],,6.988514365833666,10.1016_j.compscitech.2010.05.022_part_2.txt_¶Î1_Material1
[*]CC[*],[O-][Si]([O-])([O-])O[Si]([O-])([O-])[O-].[Ca+2],O=C([O-])[O-].[Ca+2],,,6,10.1088_1742-6596_1279_1_012076_part_1.txt_¶Î1_Material1
O=C([*])OC1=CC=C(C=C1)C(C)(C)C2=CC=C(C=C2)O[*],[*]CC(CC=CCC([*])C1=CC=CC=C1)C#N,O=[Si]=O,,,6.369215857410143,10.1002_app.45777_part_1.txt_¶Î1_Material1
[*]CC[*],O=[Al]O[Al]=O.O=[Si]=O.O=[Si]=O.O=[Si]=O,,,,5.344392273685111,10.1177_0892705714554492_part_3.txt_¶Î1_Material1
[*]OCC[*],[Ag+],,,,5.651423400759052,10.1007_s00289-021-03725-7_part_2.txt_¶Î1_Material1
[*]C(NC1=C(C)C(NC(OCCO[*])=O)=CC=C1)=O,[*]OCCOC(CC(C([*])=O)C(C1CCCCC1)CC(CC(O)=O)C(OCCO)=O)=O,O=C(C1=CC=C(C([*])=O)C=C1)NC2=CCC(N[*])C=C2,,,6.079181246047625,10.1007_s10924-019-01623-8_part_1.txt_¶Î1_Material1
[*]C(C)C[*],[*]CCCC([*])OC(C)=O,O=[Al]O[Al]=O.O=[Si]=O.O=[Si]=O.O=[Si]=O,,,5.931457870689005,10.3390_polym13050705_part_1.txt_¶Î1_Material1
[*]C([C@H](C)OC([C@H](C)O[*])=O)=O,,,,,7,10.1080_09205063.2013.825752_part_1.txt_¶Î1_Material1
[*]C1C(OC(C(C1O)O)OC2C(OC(C(C2O)O)O[*])CO)CO,OCC1OC(C(C(C1[*])O)O)OC2C(C(C(OC2CO)O[*])O)O,[Ag+],OC[C@@H]([C@H]([C@@H]([C@@H](CO)O)O)O)O,OCC(O)CO,5.5814945422909,10.1007_s10570-020-03567-y_part_1.txt_¶Î1_Material1
OCC(C(C(C1N)O)O[*])OC1OC2C(OC(C(C2O)N)[*])CO,[*]OCC[*],[Ag+],O=[Ti]=O,,4.394101302040045,10.1016_j.polymertesting.2020.107013_part_2.txt_¶Î1_Material1
O=[Si]=O.[Ca]=O,[*]C([H])([H])C(O)([H])[*],[Fe],,,7.130333768495007,10.1080_24705314.2020.1823558_part_2.txt_¶Î1_Material1
[*]C(N(CN(C(OCOC(N(CN(C(OCCO[*])=O)[H])[H])=O)=O)[H])[H])=O,O=C([*])OC1=CC=C(C=C1)C(C)(C)C2=CC=C(C=C2)O[*],,,,5.658011396657113,10.1080_03602559.2012.671426_part_1.txt_¶Î1_Material1
OCC1OC(C(C(C1[*])O)O)OC2C(C(C(OC2CO)O[*])O)O,N#CC(C1=CC=CC=N1)C1=CC=CC=C1,,,,5.86391737695786,10.1007_s10570-019-02513-x_part_2.txt_¶Î1_Material1
[*]C1C(OC(C(C1O)O)OC2C(OC(C(C2O)O)O[*])CO)CO,OCC1OC(C(C(C1[*])O)O)OC2C(C(C(OC2CO)O[*])O)O,OCC(O)CO,,,5.15896526038341,10.1002_masy.201800110_part_1.txt_¶Î1_Material1
[*]C1C(OC(C(C1O)O)OC2C(OC(C(C2O)O)O[*])CO)CO,[*]C([H])([H])C(O)([H])[*],OCC(O)CO,O=[Al]O[Al]=O.O=[Si]=O.O=[Si]=O.O=[Si]=O,,5,10.1002_star.201800027_part_1.txt_¶Î1_Material1
[*]CC[*],O=C([*])CCCCCN[*],[*]OCC[*],,,5.181843587944773,10.1177_0734242x18777795_part_1.txt_¶Î1_Material1
O=C([*])C(C)O[*],O=P([O-])([O-])[O-].[Ca+2].[Ca+2].[OH-],[*]OCC[*],[O-][Si]([O-])([O-])O[Si]([O-])([O-])[O-].[Ca+2],,6.477121254719663,10.1016_j.engreg.2020.08.002_part_1.txt_¶Î1_Material1
O=C(C1=CC=C(C=C1)C(OCC[*])=O)O[*],CCCCCCCCCCCCCCCC[N+](C)(C)C.[Br-],[*]OCC[*],,,6.175888540992899,10.1080_00222348.2013.766075_part_3.txt_¶Î1_Material1
[*]C(C)C[*],NC1=CC=C(C=C1)/C2=C3C=C/C(N\3)=C(C4=N/C(C=C4)=C(C5=CC=C(N5)/C(C6=CC=CC=C6)=C7N=C2C=C\7)/C8=CC=CC=C8)\C9=CC=CC=C9,O1C(=O)C=CC1=O,,,6.099818709615231,10.1002_app.36445_part_1.txt_¶Î1_Material1
C[Si](C)(C[*])O[*],C12=C3C(C=CC4C3=C5C(CC6=CC7=C8C9=C(C(C=C%10)=CC=C9C=C7)C%11=C%10C%12)=CC4)=CC=C1C=C%12C%13=C%11C8=C6C5=C2%13,,,,3.230448921378274,10.1088_1361-665x_aa7a49_part_1.txt_¶Î1_Material1
O=C([*])C(C)O[*],[*]C(CCCCCO[*])=O,[*]NC(C(O)=O)CCC([*])=O,O=P([O-])([O-])[O-].[Ca+2].[Ca+2].[OH-],,6.681241237375588,10.3390_ijms16010564_part_3.txt_¶Î1_Material1
[*]C(N(CN(C(OCOC(N(CN(C(OCCO[*])=O)[H])[H])=O)=O)[H])[H])=O,[*]NC(C(N1CCCC1C(NCC(N2CC(CC2C(NC(C(NCC([*])=O)=O)CO)=O)O)=O)=O)=O)CCCCN,[H][Si]([H])([H])[H],,,4.8221680793680175,10.1016_j.porgcoat.2014.03.011_part_1.txt_¶Î1_Material1
[*]C1C(OC(C(C1O)O)OC2C(OC(C(C2O)O)O[*])CO)CO,[*]C([H])([H])C(O)([H])[*],Cl[Ca]Cl,OCC(O)CO,,4.919078092376074,10.1002_pc.23517_part_2.txt_¶Î1_Material1
[*]CC[*],C12=CC3=CC4=CC=CN=C4N=C3N=C1N=C5N=C6N=CC=CC6=CC5=C2,O=[Si]=O,,,6.447158031342219,10.1016_j.polymertesting.2014.06.006_part_3.txt_¶Î1_Material1
OCC1OC(C(C(C1[*])O)O)OC2C(C(C(OC2CO)O[*])O)O,O=C([*])C(C)O[*],,,,6.4623979978989565,10.1007_s10570-018-1822-3_part_1.txt_¶Î1_Material2
[*]C([C@H](C)OC([C@H](C)O[*])=O)=O,O=P([O-])([O-])[O-].[Ca+2].[Ca+2].[OH-],,,,6.3923451553612045,10.1088_1757-899x_511_1_012008_part_1.txt_¶Î1_Material1
[*]C1C(O)C(O)C(OC2C(O)C(O)C(O[*])OC2COCCO)OC1COCCO,OCC1OC(C(C(C1[*])O)O)OC2C(C(C(OC2CO)O[*])O)O,,,,5.394451680826216,10.1126_sciadv.aay0929_part_2.txt_¶Î1_Material1
O=C(C1=CC=C(C=C1)C(OCC[*])=O)O[*],[*]CC(CC=CCC([*])C1=CC=CC=C1)C#N,,,,5.507072896756503,10.1177_204124791700800403_part_3.txt_¶Î1_Material1
[*]C(C)C[*],O=C([*])C(C)O[*],,,,6.544068044350276,10.1016_j.compositesa.2015.03.029_part_2.txt_¶Î1_Material1
O=C(CCCCC(N(CCCCCCN([*])[H])[H])=O)[*],OC1=C2C(C3(O)C4C5C6=C7C8C(C9=CC(C(O)=O)=C(C=C(C=C%10C(O)=O)C%11%12)C(C%11=C%13C%14C%15%16C%17(O%16)C%18C%19=C%20C%21=C%22C(C(O)=C%23)=C%24C%25C%21=C%26C%19=C%27C%17=C%28C%14(O)C%12=C%10C=C%28CC%27=CC%26=CC%25=C(C(O)=O)C=C%24)C9=C7C%13(O)C5=C%15C3=C%18C%29%30C%20(O%30)C%31C%22C%23=C%32)=CC(C(O)=O)=CC8=CC6=C(C(O)=O)C4=C2)=C%29C%33=C%31C%32=C(C(O)=O)C=C%331,,,,6.378724861550567,10.1016_j.compositesb.2017.01.054_part_2.txt_¶Î1_Material1
[*]C1C(C(C(OC1C(O[Na])=O)OC2C(C(O[Na])=O)OC(O[*])C(O)C2O)O)O,OCC(C(C(C1N)O)O[*])OC1OC2C(OC(C(C2O)N)[*])CO,OCC1OC(C(C(C1[*])O)O)OC2C(C(C(OC2CO)O[*])O)O,,,6.400365273349939,10.1016_j.carbpol.2014.02.054_part_2.txt_¶Î1_Material1
[*]C(CCCCCO[*])=O,OCCOC1C(OCCO)C(C(OCCO)COCCOC(CCCCCCCCCCCCCCCCC)=O)OC1,,,,4.156549151331781,10.3390_ijms22147690_part_1.txt_¶Î1_Material1
[*]C(C)C[*],[O-][Si]([O-])([O-])O[Si]([O-])([O-])[O-].[Ca+2],,,,5.845098040014257,10.1177_0021998310380290_part_1.txt_¶Î1_Material2
O=C(CCCCC(N(CCCCCCN([*])[H])[H])=O)[*],[Cu],,,,5.912859475162355,10.1007_s00289-021-03751-5_part_1.txt_¶Î1_Material1
O=C(O[*])CCCCCCCCCCN[*],,,,,6.421603926869831,10.1007_s10118-020-2449-z_part_2.txt_¶Î1_Material1
[*]CC[*],O=[Si]=O,,,,5.315634529100032,10.4028_www.scientific.net_amr.279.115_part_1.txt_¶Î1_Material1
[*]C(C)C[*],[*]CCC(CCCCCC)C[*],O=[Si]=O,,,6,10.3390_ma11081321_part_1.txt_¶Î1_Material1
O=C([*])OC1=CC=C(C=C1)C(C)(C)C2=CC=C(C=C2)O[*],[*]CC(CC=CCC([*])C1=CC=CC=C1)C#N,O=[Si]=O,[*]CCCC([*])C(OC)=O,,6.644930707913588,10.1002_pen.25011_part_1.txt_¶Î1_Material1
O=C(O)C([*])C[*],OC(C1C(CO[*])C(O)C(O)C(OC2C(O)C(O)C(O[*])OC2C(O)=O)O1)=O,,,,5,10.1016_j.ijbiomac.2020.06.257_part_2.txt_¶Î1_Material1
O=C(CCCCC(NCCCCCCCCCCN[*])=O)[*],O[Si](O)(O[Si](O)(O)O)O.[Al].[Al].O,,,,6.29928933408768,10.3390_polym12071503_part_1.txt_¶Î1_Material1
[*]C(CCCCCO[*])=O,OCC(C(C(C1N)O)O[*])OC1OC2C(OC(C(C2O)N)[*])CO,O=[Al]O[Al]=O.O=[Si]=O.O=[Si]=O.O=[Si]=O,O=[Al]O[Al]=O.O=[Si]=O.O=[Si]=O.O=[Si]=O,,5.204825138405017,10.1177_0731684411410338_part_1.txt_¶Î1_Material1
[*]C(C)C[*],NC1=CC=C(C=C1)/C2=C3C=C/C(N\3)=C(C4=N/C(C=C4)=C(C5=CC=C(N5)/C(C6=CC=CC=C6)=C7N=C2C=C\7)/C8=CC=CC=C8)\C9=CC=CC=C9,COC1=CC(/C=C/C=O)=CC(OC2=CC(C(C(OC3=CC=C(C=C3OC)C(C(CO)=O)O)CO)O)=CC=C2OC4=CC(C(C(COC5=CC=C(C=C5)C(C(CO)=O)O)=O)O)=CC=C4O)=C1,,,6.209515014542631,10.1016_j.indcrop.2019.02.026_part_1.txt_¶Î1_Material1
[*]OCC[*],[*]OCC[*],,,,5.653212513775344,10.1016_j.indcrop.2019.111883_part_2.txt_¶Î1_Material1
[*]CC([*])N1CCCC1=O,[*]OC1C(C(O)=O)OC(OC2C(NC(C)=O)C([*])OC(CO)C2O)C(O)C1O,O=C(O)/C1=C/N(C2CC2)C2=CC(N3CCNCC3)=C(F)C=C2C1=O,OCC(O)CO,,3.568201724066995,10.1016_j.cej.2018.10.048_part_2.txt_¶Î1_Material1
O=C(C1=CC=C(C=C1)C(OCC[*])=O)O[*],[Al],OC1=C2C(C3(O)C4C5C6=C7C8C(C9=CC(C(O)=O)=C(C=C(C=C%10C(O)=O)C%11%12)C(C%11=C%13C%14C%15%16C%17(O%16)C%18C%19=C%20C%21=C%22C(C(O)=C%23)=C%24C%25C%21=C%26C%19=C%27C%17=C%28C%14(O)C%12=C%10C=C%28CC%27=CC%26=CC%25=C(C(O)=O)C=C%24)C9=C7C%13(O)C5=C%15C3=C%18C%29%30C%20(O%30)C%31C%22C%23=C%32)=CC(C(O)=O)=CC8=CC6=C(C(O)=O)C4=C2)=C%29C%33=C%31C%32=C(C(O)=O)C=C%331,,,6.439332693830263,10.1088_1757-899x_628_1_012001_part_2.txt_¶Î1_Material2
[*]C(CCCCC(OCCCCO[*])=O)=O,O=C([*])C(C)O[*],OC(C(C)(CC(C1=CC=CC=C1)[*])CC(C[*])(C(OCC2CO2)=O)C)=O,,,6.049218022670182,10.1021_acsomega.8b00823_part_1.txt_¶Î1_Material1
[*]C(C)C[*],[*]NCCCCCCCCCCCC([*])=O,[*]C(C)C[*],OCC1OC(C(C(C1[*])O)O)OC2C(C(C(OC2CO)O[*])O)O,[*]C(C)C[*],6.414973347970818,10.1002_pc.24376_part_2.txt_¶Î1_Material1
[*]NC(C)C(N1CCCC1C([*])=O)=O,[*]C(CCCCCO[*])=O,C(CC=O)CC=O,,,4.332438459915605,10.1299_jmmp.7.463_part_1.txt_¶Î1_Material1
[*]C(C)C[*],O=[Mg].O=[Si]=O.O=[Si]=O.O=[Si]=O.O=[Si]=O.O=[Mg].O=[Mg].O,O=[Mg].O=[Si]=O.O=[Si]=O.O=[Si]=O.O=[Si]=O.O=[Mg].O=[Mg].O,,,6.230448921378274,10.1002_pen.23243_part_1.txt_¶Î1_Material1
C/C(C[*])=C/C[*],[*]C(CCCCCO[*])=O,,,,5.742725131304698,10.1016_j.polymertesting.2017.04.024_part_1.txt_¶Î1_Material1
[*]C(C)C[*],NC1=CC=C(C=C1)/C2=C3C=C/C(N\3)=C(C4=N/C(C=C4)=C(C5=CC=C(N5)/C(C6=CC=CC=C6)=C7N=C2C=C\7)/C8=CC=CC=C8)\C9=CC=CC=C9,[O-][Si]([O-])([O-])O[Si]([O-])([O-])[O-].[Ca+2],,,6.176091259055681,10.1080_1023666x.2018.1489454_part_2.txt_¶Î1_Material1
O=C([*])CCCCCN[*],[*]CCCC(CCCCCC)[*],O=[Al]O[Al]=O,[*]OCC[*],,6.146128035678238,10.1179_1743289815y.0000000009_part_1.txt_¶Î1_Material1
[*]NCCCCCCCCCCCC([*])=O,[*]C1C(OC(C(C1O)O)OC2C(OC(C(C2O)O)O[*])CO)CO,,,,6.2576785748691846,10.3139_217.2576_part_2.txt_¶Î1_Material1
[*]C(CCCCCO[*])=O,OCC(C(C(C1N)O)O[*])OC1OC2C(OC(C(C2O)N)[*])CO,O=[Al]O[Al]=O.O=[Si]=O.O=[Si]=O.O=[Si]=O,,,6.342422680822207,10.1177_0731684411410338_part_2.txt_¶Î1_Material2
OCC1OC(C(C(C1[*])O)O)OC2C(C(C(OC2CO)O[*])O)O,[*]C1C(C(C(OC1C(O[Na])=O)OC2C(C(O[Na])=O)OC(O[*])C(O)C2O)O)O,[*]C1OC2COC(C2OC3C(C(C(C(C3)CO)OS(=O)([O-])=O)O[*])O)C1OS(=O)([O-])=O,,,5.130333768495007,10.1039_c8gc00590g_part_1.txt_¶Î1_Material1
OP(O)(O)=O,[*]OCC[*],O=C=NC(C=C1)=CC=C1CC2=CC=C(C=C2)N=C=O,,,6,10.1002_mame.201400141_part_2.txt_¶Î1_Material1
O=C(C1=CC=C(C=C1)C(OCC[*])=O)O[*],NCCC[Si](OCC)(OCC)OCC,,,,7.089905111439398,10.1016_j.porgcoat.2011.11.027_part_1.txt_¶Î1_Material1
[*]NC(C(N1CCCC1C(NCC(N2CC(CC2C(NC(C(NCC([*])=O)=O)CO)=O)O)=O)=O)=O)CCCCN,OCC(C(C(C1N)O)O[*])OC1OC2C(OC(C(C2O)N)[*])CO,C(CC=O)CC=O,,,6.021189299069938,10.1016_j.carbpol.2015.10.014_part_2.txt_¶Î1_Material3
[*]CC(COC1=CC=C(C=C1)C(C)(C)C2=CC=C(C=C2)O[*])O,[*]CC[*],,,,6.886490725172482,10.1002_pc.25839_part_1.txt_¶Î1_Material1
[*]C(C)C[*],[*]CC[*],O=C([O-])[O-].[Ca+2],,,6.036229544086295,10.1007_s13233-016-4083-8_part_2.txt_¶Î1_Material1
[*]C([H])([H])C(O)([H])[*],[*]C1C(OC(C(C1O)O)OC2C(OC(C(C2O)O)O[*])CO)CO,OCC(O)CO,,,5.928907690243952,10.1002_app.45800_part_1.txt_¶Î1_Material1
[*]C([H])([H])C(O)([H])[*],OCC1OC(C(C(C1O[*])O)O)[*],OCC(O)CO,,,4.6020599913279625,10.3390_pr8091149_part_1.txt_¶Î1_Material1
[*]C([C@H](C)OC([C@H](C)O[*])=O)=O,[*]OC1C(C(O)=O)OC(OC2C(NC(C)=O)C([*])OC(CO)C2O)C(O)C1O,,,,6.567144045195657,10.1016_j.polymer.2016.03.007_part_2.txt_¶Î1_Material1
[*]C(NC1=C(C)C(NC(OCCO[*])=O)=CC=C1)=O,OC(C(C)(CC(C1=CC=CC=C1)[*])CC(C[*])(C(OCC2CO2)=O)C)=O,O=[Ti]=O,,,6.079181246047625,10.4028_www.scientific.net_kem.773.3_part_2.txt_¶Î1_Material1
[*]C(C)C[*],OP(O)(O)=O,[*]C(C)C[*],C[N+](CCO)(CCO)[3H],,6.0888445627270045,10.1007_s10965-017-1289-1_part_2.txt_¶Î1_Material2
OCC(C(C(C1N)O)O[*])OC1OC2C(OC(C(C2O)N)[*])CO,[*]C([H])([H])C(O)([H])[*],OC1=C2C(C3(O)C4C5C6=C7C8C(C9=CC(C(O)=O)=C(C=C(C=C%10C(O)=O)C%11%12)C(C%11=C%13C%14C%15%16C%17(O%16)C%18C%19=C%20C%21=C%22C(C(O)=C%23)=C%24C%25C%21=C%26C%19=C%27C%17=C%28C%14(O)C%12=C%10C=C%28CC%27=CC%26=CC%25=C(C(O)=O)C=C%24)C9=C7C%13(O)C5=C%15C3=C%18C%29%30C%20(O%30)C%31C%22C%23=C%32)=CC(C(O)=O)=CC8=CC6=C(C(O)=O)C4=C2)=C%29C%33=C%31C%32=C(C(O)=O)C=C%331,,,6.380211241711606,10.1515_epoly.2012.12.1.386_part_2.txt_¶Î1_Material1
C[Si](C)(C[*])O[*],[Ag],OC1=C2C(C3(O)C4C5C6=C7C8C(C9=CC(C(O)=O)=C(C=C(C=C%10C(O)=O)C%11%12)C(C%11=C%13C%14C%15%16C%17(O%16)C%18C%19=C%20C%21=C%22C(C(O)=C%23)=C%24C%25C%21=C%26C%19=C%27C%17=C%28C%14(O)C%12=C%10C=C%28CC%27=CC%26=CC%25=C(C(O)=O)C=C%24)C9=C7C%13(O)C5=C%15C3=C%18C%29%30C%20(O%30)C%31C%22C%23=C%32)=CC(C(O)=O)=CC8=CC6=C(C(O)=O)C4=C2)=C%29C%33=C%31C%32=C(C(O)=O)C=C%331,,,2.6532125137753435,10.1016_j.progpolymsci.2018.06.001_part_8.txt_¶Î1_Material1
[*]CC[*],C[Si](O[*])(C)[*],,,,6.205475036740891,10.1088_1757-899x_757_1_012037_part_2.txt_¶Î1_Material2
OCC1OC(C(C(C1[*])O)O)OC2C(C(C(OC2CO)O[*])O)O,[H][O-],[H][Si]([H])([H])[H],,,6.848189116991398,10.1007_s10570-019-02429-6_part_2.txt_¶Î1_Material1
[*]C(C)C[*],NC1=CC=C(C=C1)/C2=C3C=C/C(N\3)=C(C4=N/C(C=C4)=C(C5=CC=C(N5)/C(C6=CC=CC=C6)=C7N=C2C=C\7)/C8=CC=CC=C8)\C9=CC=CC=C9,[*]OC1OC(CO)C(OC2C(O)C(O)C([*])C(CO)O2)C(O)C1O,,,6.725911632295048,10.1080_15440478.2017.1410510_part_3.txt_¶Î1_Material1
[*]C1=CC=C(C=C1)C(N[*])=O,OC1=C(C=CC=C1CC2=CC=CC([*])=C2O)CC3=CC=CC([*])=C3O,,,,6.969415912353981,10.1002_pc.24847_part_2.txt_¶Î1_Material1
[*]N1C(C2=CC3=C(C=C2C1=O)C(N(C3=O)C4=CC=C(C=C4)OC5=CC=C(C=C5)[*])=O)=O,C12=CC3=CC4=CC=CN=C4N=C3N=C1N=C5N=C6N=CC=CC6=CC5=C2,,,,6.510545010206612,10.1080_03602550903414001_part_1.txt_¶Î1_Material1
O=C(O[Na])COCC(OC(C(C1O)O)[*])C1OC(C(C(C2O[*])O)O)OC2COCC(O[Na])=O,OC1=C2C(C3(O)C4C5C6=C7C8C(C9=CC(C(O)=O)=C(C=C(C=C%10C(O)=O)C%11%12)C(C%11=C%13C%14C%15%16C%17(O%16)C%18C%19=C%20C%21=C%22C(C(O)=C%23)=C%24C%25C%21=C%26C%19=C%27C%17=C%28C%14(O)C%12=C%10C=C%28CC%27=CC%26=CC%25=C(C(O)=O)C=C%24)C9=C7C%13(O)C5=C%15C3=C%18C%29%30C%20(O%30)C%31C%22C%23=C%32)=CC(C(O)=O)=CC8=CC6=C(C(O)=O)C4=C2)=C%29C%33=C%31C%32=C(C(O)=O)C=C%331,,,,6.276461804173244,10.1016_j.compositesb.2015.08.031_part_4.txt_¶Î1_Material1
[*]C(CCCCCO[*])=O,O=C([O-])[O-].[Ca+2],,,,5,10.1038_s41598-017-12824-3_part_1.txt_¶Î1_Material1
[*]C([H])([H])C(O)([H])[*],[*]C([H])([H])C(O)([H])[*],OCC1OC(C(C(C1[*])O)O)OC2C(C(C(OC2CO)O[*])O)O,,,6.7160033436348,10.1177_0021998316665238_part_1.txt_¶Î1_Material1
O=C(O[Na])COCC(OC(C(C1O)O)[*])C1OC(C(C(C2O[*])O)O)OC2COCC(O[Na])=O,[*]CC(C#N)[*],O=[Al]O[Al]=O.O=[Si]=O.O=[Si]=O.O=[Si]=O,,,7.012837224705172,10.1007_s10965-018-1659-3_part_2.txt_¶Î1_Material2
[*]C1C(OC(C(C1O)O)OC2C(OC(C(C2O)O)O[*])CO)CO,O=C([*])C(C)O[*],OC[C@@H]([C@H]([C@@H]([C@@H](CO)O)O)O)O,OCC(O)CO,,6.32221929473392,10.1016_j.carbpol.2019.05.042_part_1.txt_¶Î1_Material1
OCC(C(C(C1N)O)O[*])OC1OC2C(OC(C(C2O)N)[*])CO,O=[Si]=O,[*]OCC[*],,,4.290034611362518,10.4028_www.scientific.net_ddf.382.3_part_1.txt_¶Î1_Material1
[*]C1C(OC(C(C1O)O)OC2C(OC(C(C2O)O)O[*])CO)CO,OCC1OC(C(C(C1[*])O)O)OC2C(C(C(OC2CO)O[*])O)O,,,,5.79039073332807,10.1177_1082013211427622_part_2.txt_¶Î1_Material1
[*]CC[*],C/C(C[*])=C/C[*],,,,5.021189299069938,10.1016_j.polymertesting.2011.06.006_part_2.txt_¶Î1_Material1
O=C([*])OC1=CC=C(C=C1)C(C)(C)C2=CC=C(C=C2)O[*],[*]C(NC1=C(C)C(NC(OCCO[*])=O)=CC=C1)=O,,,,4.57978359661681,10.1007_s00289-018-2632-3_part_3.txt_¶Î1_Material1
O=C([*])CCCCCN[*],[*]CC[*],[*]CCCC(C(O)=O)[*],C=C(C(OCC1CO1)=O)C,,6.108226656374929,10.3144_expresspolymlett.2013.84_part_2.txt_¶Î1_Material1
OP(O)(O)=O,[*]OCCCCOC(CCC([*])=O)=O,,,,5.819543935541868,10.1021_acssuschemeng.5b00646_part_1.txt_¶Î1_Material1
[*]CC[*],[C],OC1=C2C(C3(O)C4C5C6=C7C8C(C9=CC(C(O)=O)=C(C=C(C=C%10C(O)=O)C%11%12)C(C%11=C%13C%14C%15%16C%17(O%16)C%18C%19=C%20C%21=C%22C(C(O)=C%23)=C%24C%25C%21=C%26C%19=C%27C%17=C%28C%14(O)C%12=C%10C=C%28CC%27=CC%26=CC%25=C(C(O)=O)C=C%24)C9=C7C%13(O)C5=C%15C3=C%18C%29%30C%20(O%30)C%31C%22C%23=C%32)=CC(C(O)=O)=CC8=CC6=C(C(O)=O)C4=C2)=C%29C%33=C%31C%32=C(C(O)=O)C=C%331,,,7,10.24237_djes.2012.05112_OA_part_2.txt_¶Î1_Material1
[*]C(C)C[*],O=C(C1=CC=C(C([*])=O)C=C1)NC2=CCC(N[*])C=C2,,,,5.627365856592733,10.1016_j.compositesb.2013.04.065_part_1.txt_¶Î1_Material1
CC(CO[*])[*],,,,,6.325843928293292,10.1016_j.conbuildmat.2021.122388_part_3.txt_¶Î1_Material1
[*]C(C)C[*],[*]C/C=C/CCC([*])C#N,[C],O=C([O-])[O-].[Ca+2],,6.079181246047625,10.1177_096739111502300808_part_2.txt_¶Î1_Material1
[*]NC(C(N1CCCC1C(NCC(N2CC(CC2C(NC(C(NCC([*])=O)=O)CO)=O)O)=O)=O)=O)CCCCN,OCC(C(C(C1N)O)O[*])OC1OC2C(OC(C(C2O)N)[*])CO,O=C(C1=COC(C2C(CO)=CCC12)O)OC,,,6.258397804095509,10.1002_bip.23232_part_2.txt_¶Î1_Material1
[*]C(CCCCCO[*])=O,O=[Ti]=O,OC(C(C)(CC(C1=CC=CC=C1)[*])CC(C[*])(C(OCC2CO2)=O)C)=O,,,5.518513939877887,10.1007_s12033-018-0084-5_part_1.txt_¶Î1_Material1
[*]CC[*],[O-][Si]([O-])([O-])O[Si]([O-])([O-])[O-].[Ca+2],O=[Mg].O=[Si]=O.O=[Si]=O.O=[Si]=O.O=[Si]=O.O=[Mg].O=[Mg].O,,,6.947923619831727,10.3390_ma6094122_part_1.txt_¶Î1_Material1
O=C([*])C1=CC=C2C=C(C=CC2=C1)OC(C3=CC=C(C=C3)O[*])=O,[*]C(C=C1)=CC=C1S[*],C12=CC3=CC4=CC=CN=C4N=C3N=C1N=C5N=C6N=CC=CC6=CC5=C2,[*]CC(COC1=CC=C(C=C1)C(C)(C)C2=CC=C(C=C2)O[*])O,O1C(=O)C=CC1=O,7.518513939877887,10.1016_j.compscitech.2018.10.001_part_2.txt_¶Î1_Material2
[*]CC([*])Cl,OCC1OC(C(C(C1[*])O)O)OC2C(C(C(OC2CO)O[*])O)O,O=[Ti]=O,,,6,10.1002_pen.21893_part_2.txt_¶Î1_Material1
O=C(C1=CC=C(C([*])=O)C=C1)NC2=CCC(N[*])C=C2,,,,,6.32221929473392,10.1002_app.32096_part_1.txt_¶Î1_Material1
[*]CC([*])N1CCCC1=O,OCC1OC(C(C(C1[*])O)O)OC2C(C(C(OC2CO)O[*])O)O,OCC1OC(C(C(C1[*])O)O)OC2C(C(C(OC2CO)O[*])O)O,,,5.12057393120585,10.1007_s10692-019-09977-4_part_1.txt_¶Î1_Material2
[*]C1C(O)C(O)C(OC2C(O)C(O)C(O[*])OC2COC(C)=O)OC1COC(C)=O,[*]OCCCCOC(CCC([*])=O)=O,,,,5.892094602690481,10.1002_app.45429_part_2.txt_¶Î1_Material1
O=C([*])CCCCCN[*],[*]NCCCCCCCCCCCC([*])=O,[*]CC(CC[*])O,,,6.2552725051033065,10.1016_j.polymdegradstab.2017.07.026_part_3.txt_¶Î1_Material1
OCC1OC(C(C(C1[*])O)O)OC2C(C(C(OC2CO)O[*])O)O,OCC1OC(C(C(C1O[*])O)O)[*],,,,6.838723190031372,10.1007_s10924-011-0398-x_part_1.txt_¶Î1_Material1
O=C(C1=CC=C(C=C1)C(OCC[*])=O)O[*],[*]CC[*],C=C(C(OCC1CO1)=O)C,,,5.301029995663981,10.1002_app.32050_part_2.txt_¶Î1_Material1
C[Si](C)(C[*])O[*],C[Si](C)(C[*])O[*],C[Si](C)(C[*])O[*],,,3.3010299956639813,10.1016_j.mee.2012.04.032_part_1.txt_¶Î1_Material1
[*]CCC(CCCC(CCCC(C[*])C)C)C,O=[Si]=O,,,,6.465382851448418,10.1177_0954008315600228_part_2.txt_¶Î1_Material4
C/C(C[*])=C/C[*],[*]CCCC(C1C([*])C2CC1C/C2=C/C)C,[Zn]=O,,,3.505149978319906,10.1080_1023666x.2015.1050905_part_2.txt_¶Î1_Material1
[*]OCC[*],[*]C([H])([H])C(O)([H])[*],OC1=C2C(C3(O)C4C5C6=C7C8C(C9=CC(C(O)=O)=C(C=C(C=C%10C(O)=O)C%11%12)C(C%11=C%13C%14C%15%16C%17(O%16)C%18C%19=C%20C%21=C%22C(C(O)=C%23)=C%24C%25C%21=C%26C%19=C%27C%17=C%28C%14(O)C%12=C%10C=C%28CC%27=CC%26=CC%25=C(C(O)=O)C=C%24)C9=C7C%13(O)C5=C%15C3=C%18C%29%30C%20(O%30)C%31C%22C%23=C%32)=CC(C(O)=O)=CC8=CC6=C(C(O)=O)C4=C2)=C%29C%33=C%31C%32=C(C(O)=O)C=C%331,O=I([O-])(=O)=O.[Na+],,6.092720644684099,10.1007_s10008-019-04359-6_part_1.txt_¶Î1_Material1
[*]O[Si](C)(C)[*],,,,,5.477121254719663,10.1002_ppap.201500036_part_1.txt_¶Î1_Material1
[*]OCC[*],O=[Si]=O,,,,4.7160033436348,10.1016_j.actbio.2013.01.034_part_1.txt_¶Î1_Material2
[*]CC([*])Cl,[*]CC([*])Cl,[*]C/C=C/C[*],OCC1OC(C(C(C1[*])O)O)OC2C(C(C(OC2CO)O[*])O)O,,6.360404054729939,10.3144_expresspolymlett.2015.34_part_1.txt_¶Î1_Material1
[*]NC(C(N1CCCC1C(NCC(N2CC(CC2C(NC(C(NCC([*])=O)=O)CO)=O)O)=O)=O)=O)CCCCN,[*]OC(C(C1O)O)OC(COC)C1OC(OC(C(C2O)OC3OC(C(C(C3OC)O)OC4OC(C(C(C4OC)O)[*])COC)CO)COC)C2OCC(OC)C,,,,4.754883228252168,10.1016_j.matlet.2014.06.055_part_1.txt_¶Î1_Material1
[*]NC(C(N1CCCC1C(NCC(N2CC(CC2C(NC(C(NCC([*])=O)=O)CO)=O)O)=O)=O)=O)CCCCN,[*]NCC(NC(C(ONCC(NC(C(NCC(NC(C([*])=O)C)=O)=O)C)=O)=O)CO)=O,OCC1OC(C(C(C1[*])O)O)OC2C(C(C(OC2CO)O[*])O)O,C(CC=O)CC=O,,5.176091259055681,10.1007_s10570-020-03545-4_part_1.txt_¶Î1_Material1
[*]C(C)C[*],[*]CC(C1=CC=CC=C1)[*],[*]CC(CCCC(CC)CC([*])C1=CC=CC=C1)C2=CC=CC=C2,,,5.939808685806208,10.1007_s12588-011-9005-1_part_1.txt_¶Î1_Material1
[*]C(C(O[*])C)=O,[*]OCC[*],,,,5.447158031342219,10.1166_jnn.2017.12717_part_1.txt_¶Î1_Material1
O=C([*])CCCCCN[*],[*]CCC(CCCCCC)C[*],,,,6.57978359661681,10.1016_j.compscitech.2010.07.023_part_2.txt_¶Î1_Material3
[*]C(CCCCC(OCCCCO[*])=O)=O,[*]OCC[*],,,,5.045322978786658,10.1002_app.44498_part_2.txt_¶Î1_Material1
[*]C1OC(CCC)OC(C[*])C1,[*]CC(C#N)[*],,,,6.500222748487298,10.1016_j.memsci.2020.118487_part_5.txt_¶Î1_Material1
[*]C/C=C/CCC([*])C#N,O=[Si]=O,,,,3.322219294733919,10.1016_j.eurpolymj.2014.01.035_part_1.txt_¶Î1_Material1
[*]C(C)C[*],[*]CCCC(CCCCCC)[*],O=[Si]=O,[*]C(C)C[*],,6.079181246047625,10.1002_mame.201100147_part_1.txt_¶Î1_Material1
[*]C(C)C[*],C/C(C[*])=C/C[*],,,,6.079181246047625,10.1088_1757-899x_957_1_012020_part_1.txt_¶Î1_Material1
C=C([CH3])C(=O)O[CH3],COC(C(C[*])([*])C)=O,,,,5.973751126941925,10.1002_app.49192_part_2.txt_¶Î1_Material1
[*]CCCC(CCCCCC)[*],,,,,6.079181246047625,10.1002_pen.24267_part_1.txt_¶Î1_Material1
[*]N1C(C2=CC3=C(C=C2C1=O)C(N(C3=O)C4=CC=C(C=C4)OC5=CC=C(C=C5)[*])=O)=O,C12=CC3=CC4=CC=CN=C4N=C3N=C1N=C5N=C6N=CC=CC6=CC5=C2,O=[Si]=O,,,6.690550461510359,10.1002_pc.24570_part_1.txt_¶Î1_Material1
O=C([*])C(C)O[*],O=C([*])C(C)O[*],C=C(C(OCC1CO1)=O)C,,,6.3979400086720375,10.1016_j.jmst.2017.03.004_part_2.txt_¶Î1_Material1
[*]CC(C#N)[*],C=C([CH3])C(=O)O[CH3],,,,7.332438459915605,10.1021_acsanm.0c00364_part_1.txt_¶Î1_Material1
[*]C(C1=CC=C(C(OCCCCO[*])=O)C=C1)=O,[*]OCCOC(CC(C([*])=O)C(C1CCCCC1)CC(CC(O)=O)C(OCCO)=O)=O,,,,6.3979400086720375,10.1016_j.compositesb.2018.04.023_part_1.txt_¶Î1_Material1
O=C([*])C(C)O[*],[C],,,,6.176091259055681,10.1088_1742-6596_1279_1_012046_part_1.txt_¶Î1_Material1
[*]CC(COC1=CC=C(C=C1)C(C)(C)C2=CC=C(C=C2)O[*])O,[H][Si]([H])([H])[H],,,,6.555094448578319,10.1007_s10570-013-0044-y_part_3.txt_¶Î1_Material1
[*]C1C(C(C(OC1C(O[Na])=O)OC2C(C(O[Na])=O)OC(O[*])C(O)C2O)O)O,[*]C([H])([H])C(O)([H])[*],[Zn]=O,,,5.578639209968072,10.1016_j.carbpol.2015.08.078_part_4.txt_¶Î1_Material1
O=C([*])C(C)O[*],[*]NC(C(N1CCCC1C(NCC(N2CC(CC2C(NC(C(NCC([*])=O)=O)CO)=O)O)=O)=O)=O)CCCCN,CCN=C=NCCCN(C)C,,,5.049528122277718,10.1016_j.matdes.2017.07.051_part_2.txt_¶Î1_Material1
[*]C(C)C[*],[*]C(C)C[*],[Ti](OCCCC)(OCCCC)(OCCCC)OCCCC,,,6.293362554711446,10.1002_pc.25403_part_2.txt_¶Î1_Material1
[*]CC[*],[*]CC[*],O=[Al]O[Al]=O.O=[Si]=O.O=[Si]=O.O=[Si]=O,[*]CC[*],,5.963787827345556,10.3139_217.3238_part_2.txt_¶Î1_Material2
O=C([*])C(C)O[*],[*]C(CCCCC(OCCCCO[*])=O)=O,[*]C1C(OC(C(C1O)O)OC2C(OC(C(C2O)O)O[*])CO)CO,O=C([*])C(C)O[*],O=[Mg].O=[Si]=O.O=[Si]=O.O=[Si]=O.O=[Si]=O.O=[Mg].O=[Mg].O,6.111171746039739,10.4028_www.scientific.net_amr.747.673_part_1.txt_¶Î1_Material2
[*]CCCC([*])OC(C)=O,OCC1OC(C(C(C1[*])O)O)OC2C(C(C(OC2CO)O[*])O)O,,,,6.079181246047625,10.1016_j.carbpol.2013.02.039_part_1.txt_¶Î1_Material1
[*]CC([*])N1CCCC1=O,[*]OC1C(O)C(O)C(OC2C(CO)OC([*])C(O)C2O)OC1CO,OC(C(C)(CC(C1=CC=CC=C1)[*])CC(C[*])(C(OCC2CO2)=O)C)=O,,,6.491361693834273,10.1007_s12221-018-8308-7_part_1.txt_¶Î1_Material1
[*]CC(COC1=CC=C(C=C1)C(C)(C)C2=CC=C(C=C2)O[*])O,C=C(C(OCC1CO1)=O)C,,,,6.352182518111363,10.1002_pola.27751_part_2.txt_¶Î1_Material1
OC1C(C(OC(C1O)OC2C(OC(C(C2O)O)OC3C(C(C(OC3C(OC)=O)OC4C(OC(C(C4O)O)[*])C(O)=O)O)O)C(OC)=O)C(O)=O)O[*],[*]C1C(C(C(OC1C(O[Na])=O)OC2C(C(O[Na])=O)OC(O[*])C(O)C2O)O)O,Cl[Ca]Cl,,,6.161368002234975,10.1002_app.33422_part_1.txt_¶Î1_Material2
[*]CC(COC1=CC=C(C=C1)C(C)(C)C2=CC=C(C=C2)O[*])O,O=[Si]=O,[H][Si]([H])([H])[H],,,7.586137025230793,10.1002_pc.23158_part_1.txt_¶Î1_Material1
O=C(CCCCC(N(CCCCCCN([*])[H])[H])=O)[*],[*]C(F)(C(F)([*])F)F,[O-][Si]([O-])([O-])O[Si]([O-])([O-])[O-].[Ca+2],,,5.686305507622428,10.1007_s12666-016-0925-5_part_2.txt_¶Î1_Material1
FC(F)([*])C([H])([*])[H],[Mg],OC1=C2C(C3(O)C4C5C6=C7C8C(C9=CC(C(O)=O)=C(C=C(C=C%10C(O)=O)C%11%12)C(C%11=C%13C%14C%15%16C%17(O%16)C%18C%19=C%20C%21=C%22C(C(O)=C%23)=C%24C%25C%21=C%26C%19=C%27C%17=C%28C%14(O)C%12=C%10C=C%28CC%27=CC%26=CC%25=C(C(O)=O)C=C%24)C9=C7C%13(O)C5=C%15C3=C%18C%29%30C%20(O%30)C%31C%22C%23=C%32)=CC(C(O)=O)=CC8=CC6=C(C(O)=O)C4=C2)=C%29C%33=C%31C%32=C(C(O)=O)C=C%331,O=[Ti]=O,,5.981365509078544,10.1007_s10853-018-3075-9_part_3.txt_¶Î1_Material1
O=C(C1=CC=C(C=C1)C(OCC[*])=O)O[*],O=[Si]=O,OC(C(C)(CC(C1=CC=CC=C1)[*])CC(C[*])(C(OCC2CO2)=O)C)=O,O=[Ti]=O,,6.278753600952829,10.3390_jcs3020040_part_5.txt_¶Î1_Material3
[*]CC([*])Cl,O=[Si]=O,OC(C(C)(CC(C1=CC=CC=C1)[*])CC(C[*])(C(OCC2CO2)=O)C)=O,O=[Ti]=O,,6.2552725051033065,10.3390_jcs3020040_part_5.txt_¶Î1_Material2
[*]C(C)C[*],O=[Al]O[Al]=O.O=[Si]=O.O=[Si]=O.O=[Si]=O,[Fe+3],O=C(O)CCCCCCCCCCCCCCCCC,,6.519709891605901,10.1016_j.polymertesting.2019.106236_part_2.txt_¶Î1_Material1
[*]N1C(C2=CC3=C(C=C2C1=O)C(N(C3=O)C4=CC=C(C=C4)OC5=CC=C(C=C5)[*])=O)=O,[*]C(CCCCCO[*])=O,[Au],,,4.954242509439325,10.1088_0964-1726_21_4_042001_part_1.txt_¶Î1_Material1
O=C(C1=CC=C(C([*])=O)C=C1)NC2=CCC(N[*])C=C2,O=[Si]=O,,,,6.922206277439017,10.1016_j.proeng.2012.07.364_part_1.txt_¶Î1_Material1
O=C(C(C[*])[*])N,O=[Si]=O,,,,1,10.1088_1742-6596_790_1_012037_part_1.txt_¶Î1_Material1
[*]CC(COC1=CC=C(C=C1)C(C)(C)C2=CC=C(C=C2)O[*])O,[*]CCC1C([*])C2CCC1C2,,,,6.361727836017593,10.3144_expresspolymlett.2020.31_part_2.txt_¶Î1_Material1
O=C([*])C(C)O[*],O=[Si]=O,OCC1OC(C(C(C1[*])O)O)OC2C(C(C(OC2CO)O[*])O)O,,,5.698970004336019,10.1002_pc.25995_part_2.txt_¶Î1_Material1
O=C([*])CCCCCN[*],[C],S=[Mo]=S,,,6.433289685195025,10.1016_j.matchemphys.2012.12.035_part_2.txt_¶Î1_Material1
O=C([*])C(C)O[*],[*]CC(CCCC(CC)CC([*])C1=CC=CC=C1)C2=CC=CC=C2,,,,6.45484486000851,10.3390_app11136218_part_2.txt_¶Î1_Material2
[*]C(C)C[*],O1C(=O)C=CC1=O,,,,5.8476960207341655,10.4028_www.scientific.net_ssp.305.3_part_1.txt_¶Î1_Material1
[*]C(CCCCCO[*])=O,OCC1OC(C(C(C1[*])O)O)OC2C(C(C(OC2CO)O[*])O)O,O=[Si]=O.O=[Al]O[Al]=O.O=[Si]=O.O=[Si]=O.O=[Si]=O.O,,,6.3979400086720375,10.1088_1757-899x_536_1_012040_part_1.txt_¶Î1_Material1
OC(C(C)(CC(C1=CC=CC=C1)[*])CC(C[*])(C(OCC2CO2)=O)C)=O,,,,,6.079181246047625,10.1016_j.tetlet.2016.01.069_part_1.txt_¶Î1_Material1
[*]NC(C(N1CCCC1C(NCC(N2CC(CC2C(NC(C(NCC([*])=O)=O)CO)=O)O)=O)=O)=O)CCCCN,[C],,,,5.986267301650614,10.1002_jsfa.8756_part_1.txt_¶Î1_Material1
[*]CC[*],O=C(C1=CC=C(C=C1)C(OCC[*])=O)O[*],C=C(C(OCC1CO1)=O)C,O=C1C=CC(O1)=O.C=C,,5.8221680793680175,10.1016_j.compscitech.2021.108748_part_1.txt_¶Î1_Material1
O=C([*])C(C)O[*],[*]C(N(CN(C(OCOC(N(CN(C(OCCO[*])=O)[H])[H])=O)=O)[H])[H])=O,O=[Al]O[Al]=O.O=[Si]=O.O=[Si]=O.O=[Si]=O,O=[Si]=O,,6.298263432540114,10.4028_www.scientific.net_msf.947.77_part_1.txt_¶Î1_Material1
[*]C(C)C[*],CC(CC(C(C(O1)=O)CC1=O)[*])C[*],OC1=C2C(C3(O)C4C5C6=C7C8C(C9=CC(C(O)=O)=C(C=C(C=C%10C(O)=O)C%11%12)C(C%11=C%13C%14C%15%16C%17(O%16)C%18C%19=C%20C%21=C%22C(C(O)=C%23)=C%24C%25C%21=C%26C%19=C%27C%17=C%28C%14(O)C%12=C%10C=C%28CC%27=CC%26=CC%25=C(C(O)=O)C=C%24)C9=C7C%13(O)C5=C%15C3=C%18C%29%30C%20(O%30)C%31C%22C%23=C%32)=CC(C(O)=O)=CC8=CC6=C(C(O)=O)C4=C2)=C%29C%33=C%31C%32=C(C(O)=O)C=C%331,,,5.927883410330707,10.1088_2053-1591_ab422e_part_1.txt_¶Î1_Material1
[*]CC(COC1=CC=C(C=C1)C(C)(C)C2=CC=C(C=C2)O[*])O,[Al],OC1=C2C(C3(O)C4C5C6=C7C8C(C9=CC(C(O)=O)=C(C=C(C=C%10C(O)=O)C%11%12)C(C%11=C%13C%14C%15%16C%17(O%16)C%18C%19=C%20C%21=C%22C(C(O)=C%23)=C%24C%25C%21=C%26C%19=C%27C%17=C%28C%14(O)C%12=C%10C=C%28CC%27=CC%26=CC%25=C(C(O)=O)C=C%24)C9=C7C%13(O)C5=C%15C3=C%18C%29%30C%20(O%30)C%31C%22C%23=C%32)=CC(C(O)=O)=CC8=CC6=C(C(O)=O)C4=C2)=C%29C%33=C%31C%32=C(C(O)=O)C=C%331,,,6.353723937588949,10.1088_1757-899x_628_1_012001_part_2.txt_¶Î1_Material1
OCC1OC(C(C(C1O[*])O)O)[*],[*]C([H])([H])C(O)([H])[*],OCC(O)CO,,,5.357725268400632,10.1016_j.foodhyd.2020.105657_part_5.txt_¶Î1_Material1
[*]C(C(OC(CO[*])=O)C)=O,[*]NC(C(N1CCCC1C(NCC(N2CC(CC2C(NC(C(NCC([*])=O)=O)CO)=O)O)=O)=O)=O)CCCCN,OCC(C(C(C1N)O)O[*])OC1OC2C(OC(C(C2O)N)[*])CO,C12=C3C(C=CC4C3=C5C(CC6=CC7=C8C9=C(C(C=C%10)=CC=C9C=C7)C%11=C%10C%12)=CC4)=CC=C1C=C%12C%13=C%11C8=C6C5=C2%13,,4.568201724066995,10.1002_pat.4915_part_3.txt_¶Î1_Material1
[*]C(NC1=C(C)C(NC(OCCO[*])=O)=CC=C1)=O,OCCCCO,,,,3.892651033877301,10.1039_c9py00261h_part_1.txt_¶Î1_Material2
[*]C(C)C[*],[*]CCCC([*])OC(C)=O,O=[Al]O[Al]=O.O=[Si]=O.O=[Si]=O.O=[Si]=O,[*]C(C)C[*],,6.079181246047625,10.1002_app.33849_part_2.txt_¶Î1_Material1
O=C([*])C(C)O[*],C=C(C(OCC1CO1)=O)C,,,,6.342422680822207,10.1021_ma101108g_part_1.txt_¶Î1_Material1
OCC(C(C(C1N)O)O[*])OC1OC2C(OC(C(C2O)N)[*])CO,O=[Al]O[Al]=O.O=[Si]=O.O=[Si]=O.O=[Si]=O,OCC(O)CO,,,6.895753942073728,10.1016_j.carbpol.2014.03.019_part_1.txt_¶Î1_Material1
[*]N1C(C2=CC3=C(C=C2C1=O)C(N(C3=O)C4=CC=C(C=C4)OC5=CC=C(C=C5)[*])=O)=O,C[Si](C)(C[*])O[*],O=[Si]=O,,,6.139879086401237,10.1007_s13233-011-0311-4_part_2.txt_¶Î1_Material1
[*]CC[*],[*]CC[*],[*]CC[*],O=[Ti]=O,,6.7626785637274365,10.1002_mren.201300135_part_1.txt_¶Î1_Material2
[*]CC(COC1=CC=C(C=C1)C(C)(C)C2=CC=C(C=C2)O[*])O,[*]CC(COC1=CC=C(C=C1)C(C)(C)C2=CC=C(C=C2)O[*])O,O=[Si]=O,,,6.598790506763115,10.1002_pc.25443_part_2.txt_¶Î1_Material1
[*]CC(COC1=CC=C(C=C1)C(C)(C)C2=CC=C(C=C2)O[*])O,C12=C3C(C=CC4C3=C5C(CC6=CC7=C8C9=C(C(C=C%10)=CC=C9C=C7)C%11=C%10C%12)=CC4)=CC=C1C=C%12C%13=C%11C8=C6C5=C2%13,C12=C3C(C=CC4C3=C5C(CC6=CC7=C8C9=C(C(C=C%10)=CC=C9C=C7)C%11=C%10C%12)=CC4)=CC=C1C=C%12C%13=C%11C8=C6C5=C2%13,,,6.544068044350276,10.1126_sciadv.aba7016_part_1.txt_¶Î1_Material1
[*]C(NC1=C(C)C(NC(OCCO[*])=O)=CC=C1)=O,O=[Si]=O,OC(C(C)(CC(C1=CC=CC=C1)[*])CC(C[*])(C(OCC2CO2)=O)C)=O,O=[Ti]=O,,6.301029995663981,10.3390_jcs3020040_part_5.txt_¶Î1_Material1
[*]C(C)C[*],O=[Si]=O,OC1=C2C(C3(O)C4C5C6=C7C8C(C9=CC(C(O)=O)=C(C=C(C=C%10C(O)=O)C%11%12)C(C%11=C%13C%14C%15%16C%17(O%16)C%18C%19=C%20C%21=C%22C(C(O)=C%23)=C%24C%25C%21=C%26C%19=C%27C%17=C%28C%14(O)C%12=C%10C=C%28CC%27=CC%26=CC%25=C(C(O)=O)C=C%24)C9=C7C%13(O)C5=C%15C3=C%18C%29%30C%20(O%30)C%31C%22C%23=C%32)=CC(C(O)=O)=CC8=CC6=C(C(O)=O)C4=C2)=C%29C%33=C%31C%32=C(C(O)=O)C=C%331,,,6.369215857410143,10.4028_www.scientific.net_amr.264-265.652_part_1.txt_¶Î1_Material1
[*]C(CCCCCO[*])=O,[*]C(N(CN(C(OCOC(N(CN(C(OCCO[*])=O)[H])[H])=O)=O)[H])[H])=O,O=C=NC(C=C1)=CC=C1CC2=CC=C(C=C2)N=C=O,,,3.845098040014257,10.4028_www.scientific.net_kem.816.187_part_1.txt_¶Î1_Material2
[*]C(CCCCCO[*])=O,[*]NC(C)C(N1CCCC1C([*])=O)=O,[O-][Si]([O-])([O-])O[Si]([O-])([O-])[O-].[Ca+2],[*]C([H])([H])C(O)([H])[*],,4.17897694729317,10.1007_s10934-015-9998-5_part_1.txt_¶Î1_Material1
OCC1OC(C(C(C1[*])O)O)OC2C(C(C(OC2CO)O[*])O)O,[*]C1C(OC(C(C1O)O)OC2C(OC(C(C2O)O)O[*])CO)CO,OC(CO)CO,[*]NC(C(N1CCCC1C(NCC(N2CC(CC2C(NC(C(NCC([*])=O)=O)CO)=O)O)=O)=O)=O)CCCCN,,4.70926996097583,10.3390_ma12101684_part_3.txt_¶Î1_Material1
O=C([*])CCCCC(NCCCCN[*])=O,C12=C3C(C=CC4C3=C5C(CC6=CC7=C8C9=C(C(C=C%10)=CC=C9C=C7)C%11=C%10C%12)=CC4)=CC=C1C=C%12C%13=C%11C8=C6C5=C2%13,,,,6.704750904290671,10.1080_14658011.2021.1955200_part_2.txt_¶Î1_Material9
[*]C(N(CN(C(OCOC(N(CN(C(OCCO[*])=O)[H])[H])=O)=O)[H])[H])=O,[*]C1=C2C(OCCO2)=C([*])S1,O=[Si]=O,,,5.079181246047625,10.1002_macp.202000155_part_1.txt_¶Î1_Material1
[*]C(C)C[*],[*]NCC(NC(C(ONCC(NC(C(NCC(NC(C([*])=O)C)=O)=O)C)=O)=O)CO)=O,,,,6.165244326125311,10.1016_j.compositesb.2019.02.044_part_1.txt_¶Î1_Material1
[*]CC1C(C(CO)(C[*])CCC1)=O,,,,,5.897627091290442,10.1142_s0217984915501559_part_4.txt_¶Î1_Material2
OCC1OC(C(C(C1O)O[*])O)OC2C(C(C(OC2COS(=O)(O)=O)[*])NC(C)=O)O,[*]NC(C(N1CCCC1C(NCC(N2CC(CC2C(NC(C(NCC([*])=O)=O)CO)=O)O)=O)=O)=O)CCCCN,[*]C1C(C(C(OC1C(O[Na])=O)OC2C(C(O[Na])=O)OC(O[*])C(O)C2O)O)O,OCC(O)CO,,3.403120521175818,10.1080_10584587.2019.1674818_part_1.txt_¶Î1_Material3
[*]CCCCOCCCCOCCCCOCCCCO[*],O=C=NC(C=C1)=CC=C1CC2=CC=C(C=C2)N=C=O,CCCCCCCCCCCCCCCCCCOC(CCC1=CC(C(C)(C)C)=C(C(C(C)(C)C)=C1)O)=O,CCCC[Sn](CCCC)(OC(CCCCCCCCCCC)=O)OC(CCCCCCCCCCC)=O,,3.5538830266438746,10.3390_polym13010143_part_2.txt_¶Î1_Material5
OCC(C(C(C1N)O)O[*])OC1OC2C(OC(C(C2O)N)[*])CO,[*]C(C(OC1O[*])COC(O[Na])=O)C(O)C1N,,,,6.531478917042255,10.1016_j.carbpol.2019.05.013_part_1.txt_¶Î1_Material1
[*]C(CCCCCO[*])=O,O=C=NC(C=C1)=CC=C1CC2=CC=C(C=C2)N=C=O,,,,4.518513939877887,10.1016_j.eurpolymj.2020.109908_part_2.txt_¶Î1_Material1
O=C([*])C(C)O[*],[*]C(CCCCC(OCCCCO[*])=O)=O,OP(O)(O)=O,O=[Mg].O=[Si]=O.O=[Si]=O.O=[Si]=O.O=[Si]=O.O=[Mg].O=[Mg].O,,5.954242509439325,10.3390_polym13050740_part_2.txt_¶Î1_Material1
O=C(O[*])CCCCCCCCCCN[*],O[Si](O)(O[Si](O)(O)O)O.[Al].[Al].O,,,,6.208441356438567,10.1002_app.39160_part_2.txt_¶Î1_Material1
O=C([*])CCCCCN[*],O=[Al]O[Al]=O.O=[Si]=O.O=[Si]=O.O=[Si]=O,O=[Si]=O,,,6.465382851448418,10.1016_j.polymer.2010.10.059_part_2.txt_¶Î1_Material1
[*]C(C)C[*],NC1=CC=C(C=C1)/C2=C3C=C/C(N\3)=C(C4=N/C(C=C4)=C(C5=CC=C(N5)/C(C6=CC=CC=C6)=C7N=C2C=C\7)/C8=CC=CC=C8)\C9=CC=CC=C9,O=C(C1=CC=C(C([*])=O)C=C1)NC2=CCC(N[*])C=C2,,,6.113943352306837,10.1016_j.compositesa.2014.02.014_part_1.txt_¶Î1_Material1
[*]OCC[*],O=C(C1=CC=C(C([*])=O)C=C1)NC2=CCC(N[*])C=C2,O=C(C1=CC=C(C=C1)C(OCC[*])=O)O[*],,,6.361727836017593,10.1002_app.39831_part_1.txt_¶Î1_Material1
OCC(C(C(C1N)O)O[*])OC1OC2C(OC(C(C2O)N)[*])CO,O=[Ti]=O,,,,6.513217600067939,10.1016_j.jddst.2016.08.003_part_2.txt_¶Î1_Material1
[*]NCC(NC(C(ONCC(NC(C(NCC(NC(C([*])=O)C)=O)=O)C)=O)=O)CO)=O,O=C(C1=CC=C(C=C1)C(OCC[*])=O)O[*],,,,7.19942604159399,10.1007_s40034-013-0019-4_part_1.txt_¶Î1_Material1
O=C([*])OC1=CC=C(C=C1)C(C)(C)C2=CC=C(C=C2)O[*],O=C(C1=CC=C(C=C1)C(OCC[*])=O)O[*],O=C=NC(C=C1)=CC=C1CC2=CC=C(C=C2)N=C=O,,,6.3979400086720375,10.3390_ma12010049_part_1.txt_¶Î1_Material1
[*]C(F)(C(F)([*])F)F,C=C([CH3])C(=O)O[CH3],[Ag],,,5.477121254719663,10.1016_j.apsusc.2018.12.229_part_1.txt_¶Î1_Material1
[*]CC[*],O=C(C1=CC=C(C=C1)C(OCC[*])=O)O[*],[*]CC(C1=CC=CC=C1)[*],,,6.113943352306837,10.1002_pat.1567_part_1.txt_¶Î1_Material3
OCC1OC(C(C(C1[*])O)O)OC2C(C(C(OC2CO)O[*])O)O,OC1=C2C(C3(O)C4C5C6=C7C8C(C9=CC(C(O)=O)=C(C=C(C=C%10C(O)=O)C%11%12)C(C%11=C%13C%14C%15%16C%17(O%16)C%18C%19=C%20C%21=C%22C(C(O)=C%23)=C%24C%25C%21=C%26C%19=C%27C%17=C%28C%14(O)C%12=C%10C=C%28CC%27=CC%26=CC%25=C(C(O)=O)C=C%24)C9=C7C%13(O)C5=C%15C3=C%18C%29%30C%20(O%30)C%31C%22C%23=C%32)=CC(C(O)=O)=CC8=CC6=C(C(O)=O)C4=C2)=C%29C%33=C%31C%32=C(C(O)=O)C=C%331,OC1=C2C(C3(O)C4C5C6=C7C8C(C9=CC(C(O)=O)=C(C=C(C=C%10C(O)=O)C%11%12)C(C%11=C%13C%14C%15%16C%17(O%16)C%18C%19=C%20C%21=C%22C(C(O)=C%23)=C%24C%25C%21=C%26C%19=C%27C%17=C%28C%14(O)C%12=C%10C=C%28CC%27=CC%26=CC%25=C(C(O)=O)C=C%24)C9=C7C%13(O)C5=C%15C3=C%18C%29%30C%20(O%30)C%31C%22C%23=C%32)=CC(C(O)=O)=CC8=CC6=C(C(O)=O)C4=C2)=C%29C%33=C%31C%32=C(C(O)=O)C=C%331,,,6.644064206143179,10.1039_c5ra13181b_part_2.txt_¶Î1_Material3
O=C([*])C(C)O[*],O=[Mg].O=[Si]=O.O=[Si]=O.O=[Si]=O.O=[Si]=O.O=[Mg].O=[Mg].O,,,,6.301029995663981,10.1007_s10973-021-10901-4_part_1.txt_¶Î1_Material1
[*]O[C@H](C)CC([*])=O,[*]C(CCCCCO[*])=O,,,,5.585460729508501,10.1016_j.clay.2012.01.001_part_2.txt_¶Î1_Material1
[*]C(CCCCC(OCCCCO[*])=O)=O,[*]C(N(CN(C(OCOC(N(CN(C(OCCO[*])=O)[H])[H])=O)=O)[H])[H])=O,O=C=NC(C=C1)=CC=C1CC2=CC=C(C=C2)N=C=O,,,5.298853076409706,10.4028_www.scientific.net_kem.816.187_part_1.txt_¶Î1_Material1
OCC(C(C(C1N)O)O[*])OC1OC2C(OC(C(C2O)N)[*])CO,[*]C1C(C(C(OC1C(O[Na])=O)OC2C(C(O[Na])=O)OC(O[*])C(O)C2O)O)O,OCC(O)CO,,,6.113943352306837,10.1021_acsapm.0c00433_part_4.txt_¶Î1_Material1
O=C([*])C(C)O[*],[*]CC[*],[*]OCC[*],,,6.5910646070265,10.1080_03602559.2014.909477_part_2.txt_¶Î1_Material2
[*]C(C)C[*],O=C([*])OC1=CC=C(C=C1)C(C)(C)C2=CC=C(C=C2)O[*],[*]CC(CCCC(CC)CC([*])C1=CC=CC=C1)C2=CC=CC=C2,[*]CC(CCCC(CC)CC([*])C1=CC=CC=C1)C2=CC=CC=C2,,6.02530586526477,10.1002_app.31721_part_1.txt_¶Î1_Material1
O=C([*])OC1=CC=C(C=C1)C(C)(C)C2=CC=C(C=C2)O[*],C[N+](CCO)(CCO)[3H],,,,6.4623979978989565,10.1002_app.31222_part_1.txt_¶Î1_Material3
OCC(C(C(C1N)O)O[*])OC1OC2C(OC(C(C2O)N)[*])CO,[*]NC(C)C(N1CCCC1C([*])=O)=O,C=C([CH3])C(=O)O[CH3],O=P([O-])([O-])[O-].[Ca+2].[Ca+2].[OH-],,6.212187604403958,10.4028_www.scientific.net_kem.672.247_part_1.txt_¶Î1_Material1
C12=C3C(C=CC4C3=C5C(CC6=CC7=C8C9=C(C(C=C%10)=CC=C9C=C7)C%11=C%10C%12)=CC4)=CC=C1C=C%12C%13=C%11C8=C6C5=C2%13,C[Si](C)(C[*])O[*],,,,3,10.3390_nano10020218_part_1.txt_¶Î1_Material1
[*]NC(C(N1CCCC1C(NCC(N2CC(CC2C(NC(C(NCC([*])=O)=O)CO)=O)O)=O)=O)=O)CCCCN,O=C(C(C[*])[*])N,OC1=C2C(C3(O)C4C5C6=C7C8C(C9=CC(C(O)=O)=C(C=C(C=C%10C(O)=O)C%11%12)C(C%11=C%13C%14C%15%16C%17(O%16)C%18C%19=C%20C%21=C%22C(C(O)=C%23)=C%24C%25C%21=C%26C%19=C%27C%17=C%28C%14(O)C%12=C%10C=C%28CC%27=CC%26=CC%25=C(C(O)=O)C=C%24)C9=C7C%13(O)C5=C%15C3=C%18C%29%30C%20(O%30)C%31C%22C%23=C%32)=CC(C(O)=O)=CC8=CC6=C(C(O)=O)C4=C2)=C%29C%33=C%31C%32=C(C(O)=O)C=C%331,,,2.2725377773752373,10.1016_j.compscitech.2018.05.011_part_1.txt_¶Î1_Material1
[*]C(CCCCCO[*])=O,[*]OCCCCOC(CCC([*])=O)=O,CC1(CC(CC(C)(C1)C)N=C=O)CN=C=O,CC1=CC=C(C=C1N=C=O)N=C=O,OCCCCO,5.092720644684099,10.1007_s00289-016-1833-x_part_1.txt_¶Î1_Material1
O=C(C1=CC=C(C=C1)C([*])=O)NC2=CC=C(C=C2)N[*],,,,,7.094471128641644,10.3390_polym12112740_part_4.txt_¶Î1_Material2
OC1=C(C=CC=C1CC2=CC=CC([*])=C2O)CC3=CC=CC([*])=C3O,,,,,6.812913356642856,10.1002_pen.24809_part_1.txt_¶Î1_Material1
[*]NC(C(N1CCCC1C(NCC(N2CC(CC2C(NC(C(NCC([*])=O)=O)CO)=O)O)=O)=O)=O)CCCCN,O=C(C1=COC(C2C(CO)=CCC12)O)OC,,,,6.653212513775344,10.1002_app.40301_part_1.txt_¶Î1_Material1
O=C([*])C(C)O[*],[*]C1C(OC(C(C1O)O)OC2C(OC(C(C2O)O)O[*])CO)CO,[*]C(CCCCC(OCCCCO[*])=O)=O,OCC(O)CO,[*]C1C(OC(C(C1O)O)OC2C(OC(C(C2O)O)O[*])CO)CO,6.278753600952829,10.4028_www.scientific.net_msf.695.178_part_1.txt_¶Î1_Material2
[*]C(C)C[*],[*]OC(CC(OC(CC([*])=O)CC)=O)C,[*]CC(CC[*])O,,,5.77451696572855,10.1002_app.37957_part_1.txt_¶Î1_Material1
O=C([*])C(C)O[*],[*]OC(CC(OC(CC([*])=O)CC)=O)C,[*]C(CCCCCO[*])=O,OCC1OC(C(C(C1[*])O)O)OC2C(C(C(OC2CO)O[*])O)O,,6.3979400086720375,10.1016_j.foodhyd.2018.04.045_part_2.txt_¶Î1_Material1
OCC(C(C(C1N)O)O[*])OC1OC2C(OC(C(C2O)N)[*])CO,O=P([O-])([O-])[O-].[Ca+2].[Ca+2].[OH-],[*]C1=C(C=CN2)C2=C([*])C(O)=C1O,,,6.4623979978989565,10.1002_elsc.201400194_part_3.txt_¶Î1_Material1
[*]C/C=C/C[*],[*]C1C(OC(C(C1O)O)OC2C(OC(C(C2O)O)O[*])CO)CO,,,,5.6776069527204935,10.1177_0021998316637130_part_3.txt_¶Î1_Material2
O=C(C(C[*])[*])N,OC(C(C)(CC(C1=CC=CC=C1)[*])CC(C[*])(C(OCC2CO2)=O)C)=O,,,,2,10.1007_s13726-018-0634-5_part_2.txt_¶Î1_Material1
[*]CC(COC1=CC=C(C=C1)C(C)(C)C2=CC=C(C=C2)O[*])O,CC(C)[Si](C(C)C)(OS(=O)(C(F)(F)F)=O)C(C)C,,,,6.077367905284157,10.4028_www.scientific.net_amr.716.379_part_1.txt_¶Î1_Material1
[*]C(C)C[*],[*]CCCC(CCCCCC)[*],[*]CCCC(CCCCCC)[*],,,6.024731889655249,10.1016_j.compscitech.2012.06.007_part_2.txt_¶Î1_Material6
OCC(C(C(C1N)O)O[*])OC1OC2C(OC(C(C2O)N)[*])CO,[*]C([H])([H])C(O)([H])[*],[Zn]=O,,,6.505149978319906,10.1016_j.colsurfa.2019.123821_part_2.txt_¶Î1_Material1
[*]CC[*],[*]C(C)C[*],NC1=CC=C(C=C1)/C2=C3C=C/C(N\3)=C(C4=N/C(C=C4)=C(C5=CC=C(N5)/C(C6=CC=CC=C6)=C7N=C2C=C\7)/C8=CC=CC=C8)\C9=CC=CC=C9,,,5.783903579272735,10.1177_096739111502300803_part_1.txt_¶Î1_Material1
O=C(C1=CC=C(C=C1)C(OCC[*])=O)O[*],OC(C(C)(CC(C1=CC=CC=C1)[*])CC(C[*])(C(OCC2CO2)=O)C)=O,,,,6.238046103128795,10.1021_acs.iecr.8b06362_part_2.txt_¶Î1_Material1
[*]CC[*],C=C([CH3])C(=O)O[CH3],COC(C(C[*])([*])C)=O,,,5.380211241711606,10.1021_ie4043196_part_2.txt_¶Î1_Material1
[*]C([H])([H])C(O)([H])[*],OC1=C2C(C3(O)C4C5C6=C7C8C(C9=CC(C(O)=O)=C(C=C(C=C%10C(O)=O)C%11%12)C(C%11=C%13C%14C%15%16C%17(O%16)C%18C%19=C%20C%21=C%22C(C(O)=C%23)=C%24C%25C%21=C%26C%19=C%27C%17=C%28C%14(O)C%12=C%10C=C%28CC%27=CC%26=CC%25=C(C(O)=O)C=C%24)C9=C7C%13(O)C5=C%15C3=C%18C%29%30C%20(O%30)C%31C%22C%23=C%32)=CC(C(O)=O)=CC8=CC6=C(C(O)=O)C4=C2)=C%29C%33=C%31C%32=C(C(O)=O)C=C%331,[Fe]12O[Fe]O[Fe](O2)O1,,,6.342422680822207,10.1016_j.cej.2013.10.055_part_1.txt_¶Î1_Material1
[*]CC(CC=CCC([*])C1=CC=CC=C1)C#N,C=C([CH3])C(=O)O[CH3],,,,6.380211241711606,10.1080_03602550903413979_part_1.txt_¶Î1_Material1
[*]CC[*],[*]OC(CC(OC(CC([*])=O)CC)=O)C,[*]CC(CC[*])O,,,5.931966114728173,10.1002_app.37957_part_1.txt_¶Î1_Material2
O=C([*])C(C)O[*],[*]C(CCCCCO[*])=O,O=P([O-])([O-])[O-].[Ca+2].[Ca+2].[OH-],,,6.146128035678238,10.3390_app11094253_part_2.txt_¶Î1_Material3
OCC(C(C(C1N)O)O[*])OC1OC2C(OC(C(C2O)N)[*])CO,OCC(O)CO,,,,5.330616667294438,10.1016_j.carbpol.2010.03.005_part_1.txt_¶Î1_Material1
O=C([*])C(C)O[*],[Zn]=O,,,,6.380211241711606,10.3390_molecules26071967_part_2.txt_¶Î1_Material2
[*]CC(COC1=CC=C(C=C1)C(C)(C)C2=CC=C(C=C2)O[*])O,[*]C(C)C[*],O=[Si]=O,,,7.054613054556888,10.1177_0021998316644972_part_2.txt_¶Î1_Material1
[*]C1=C(C=CN2)C2=C([*])C(O)=C1O,[*]C([H])([H])C(O)([H])[*],[*]OCC[*],Cl[Fe](Cl)Cl,OC1=C2C(C3(O)C4C5C6=C7C8C(C9=CC(C(O)=O)=C(C=C(C=C%10C(O)=O)C%11%12)C(C%11=C%13C%14C%15%16C%17(O%16)C%18C%19=C%20C%21=C%22C(C(O)=C%23)=C%24C%25C%21=C%26C%19=C%27C%17=C%28C%14(O)C%12=C%10C=C%28CC%27=CC%26=CC%25=C(C(O)=O)C=C%24)C9=C7C%13(O)C5=C%15C3=C%18C%29%30C%20(O%30)C%31C%22C%23=C%32)=CC(C(O)=O)=CC8=CC6=C(C(O)=O)C4=C2)=C%29C%33=C%31C%32=C(C(O)=O)C=C%331,6.778151250383644,10.1002_adfm.202103391_part_1.txt_¶Î1_Material1
[*]C(C)C[*],NC1=CC=C(C=C1)/C2=C3C=C/C(N\3)=C(C4=N/C(C=C4)=C(C5=CC=C(N5)/C(C6=CC=CC=C6)=C7N=C2C=C\7)/C8=CC=CC=C8)\C9=CC=CC=C9,O=[Si]=O,,,6.041392685158225,10.1016_j.compscitech.2010.10.012_part_1.txt_¶Î1_Material1
[*]C(F)(C(F)([*])F)F,,,,,5.390122251506701,10.1088_2053-1591_aa68b6_part_2.txt_¶Î1_Material1
[*]CC[*],[*]C/C=C/CCC([*])C#N,O=[Ti]=O,,,6.079181246047625,10.1177_0892705718761557_part_3.txt_¶Î1_Material1
C[Si](C)(C[*])O[*],[Cu],[Ag+],,,3.380211241711606,10.1002_pc.25270_part_2.txt_¶Î1_Material1
[*]C(N(CN(C(OCOC(N(CN(C(OCCO[*])=O)[H])[H])=O)=O)[H])[H])=O,[*]C1=CC=C([*])N1,O=[Si]=O,,,5.079181246047625,10.1002_macp.202000155_part_1.txt_¶Î1_Material2
[*]C(NC1=C(C)C(NC(OCCO[*])=O)=CC=C1)=O,O=[Fe]O[Fe]=O,,,,6.079181246047625,10.1680_jgrma.17.00009_part_2.txt_¶Î1_Material1
C[Si](C)(C[*])O[*],[Zn]=O,,,,3.4099331233312946,10.1002_admt.202000229_part_1.txt_¶Î1_Material1
[*]C/C=C/CCC(C/C=C\C[*])C=C,,,,,3.5118833609788744,10.1021_acsami.1c06727_part_1.txt_¶Î1_Material1
[*]C(C)C[*],C=CC1=CC=CC=C1,,,,5.544068044350276,10.1002_app.44750_part_1.txt_¶Î1_Material1
[*]C1C(O)C(O)C(OC2C(O)C(O)C(O[*])OC2COC(C)=O)OC1COC(C)=O,O=C([*])C1=CC=C(C=C1)OC2=CC=C(C=C2)OC3=CC=C(C=C3)[*],,,,6.506505032404872,10.1016_j.compositesb.2015.12.008_part_2.txt_¶Î1_Material1
[*]C([C@H](C)OC([C@H](C)O[*])=O)=O,[*]C(CCCCCO[*])=O,[*]OC1C(C(O)=O)OC(OC2C(NC(C)=O)C([*])OC(CO)C2O)C(O)C1O,,,4.79309160017658,10.1080_10601325.2012.722855_part_1.txt_¶Î1_Material1
[*]C(C)C[*],O=[Si]=O.[Ca]=O,O=[Al]O[Al]=O.O=[Si]=O.O=[Si]=O.O.O,,,7.301029995663981,10.1016_j.conbuildmat.2017.12.143_part_1.txt_¶Î1_Material1
[*]C(NC1=C(C)C(NC(OCCO[*])=O)=CC=C1)=O,OC(C(C)(CC(C1=CC=CC=C1)[*])CC(C[*])(C(OCC2CO2)=O)C)=O,,,,5.079181246047625,10.1021_acs.biomac.9b01255_part_8.txt_¶Î1_Material1
O=C(C1=CC=C(C=C1)C(OCC[*])=O)O[*],[C],,,,5.986771734266245,10.1002_app.40421_part_1.txt_¶Î1_Material1
[*]C(C)C[*],[*]C1C(OC(C(C1O)O)OC2C(OC(C(C2O)O)O[*])CO)CO,,,,6.252853030979893,10.1007_s11029-015-9496-5_part_1.txt_¶Î1_Material1
[*]CC[*],[*]CC(C(CCC)=O)([*])C,[*]CCCC([*])OC(C)=O,,,6.431363764158987,10.1016_j.compscitech.2010.06.006_part_1.txt_¶Î1_Material1
O=C([*])C(C)O[*],C=C([CH3])C(=O)O[CH3],O=C(O)CCCCCCCCCCCCCCCCC,,,6.391993072259713,10.1002_app.42378_part_1.txt_¶Î1_Material1
[*]C(C)C[*],O=C(C1=CC=C(C=C1)C(OCC[*])=O)O[*],[*]CCC(CCCCCC)C[*],[*]CCC(CCCCCC)C[*],,6.315970345456917,10.3390_polym10030291_part_3.txt_¶Î1_Material1
[*]N1C(C2=CC3=C(C=C2C1=O)C(N(C3=O)C4=CC=C(C=C4)OC5=CC=C(C=C5)[*])=O)=O,C[Si](C)(C[*])O[*],,,,6.05307844348342,10.1515_epoly-2024-0104_OA_part_2.txt_¶Î1_Material1
[*]CC[*],O=C1C([*])C(CC[*])C(O1)=O,O=C(O)CCCCCCCCCCCCCCCCC,,,6.723455672035186,10.1016_j.conbuildmat.2019.117499_part_1.txt_¶Î1_Material1
[*]C(C)C[*],OCC1OC(C(C(C1[*])O)O)OC2C(C(C(OC2CO)O[*])O)O,O=[Ti]=O,,,6.477121254719663,10.1016_j.jallcom.2010.09.051_part_1.txt_¶Î1_Material1
O=C([*])C(C)O[*],[*]C(C1=CC=C(C=C1)C(OCCCCOC(C2=CC=C(C=C2)C(OCCCCO[*])=O)=O)=O)=O,O=[Si]=O.O=[Al]O[Al]=O.O=[Si]=O.O=[Si]=O.O=[Si]=O.O,,,6.223080397831155,10.1002_app.50443_part_1.txt_¶Î1_Material1
[*]C(C(OC(CO[*])=O)C)=O,[*]C(CCCCCO[*])=O,[*]C1=C(C=CN2)C2=C([*])C(O)=C1O,[Ag+],[*]NC(C)C(N1CCCC1C([*])=O)=O,4.484299839346786,10.1021_acsami.9b07053_part_4.txt_¶Î1_Material1
[*]C(C)C[*],[*]CC(C1=CC=CC=C1)[*],OCC1OC(C(C(C1[*])O)O)OC2C(C(C(OC2CO)O[*])O)O,[*]CC(CCCC(CC)CC([*])C1=CC=CC=C1)C2=CC=CC=C2,NC1=CC=C(C=C1)/C2=C3C=C/C(N\3)=C(C4=N/C(C=C4)=C(C5=CC=C(N5)/C(C6=CC=CC=C6)=C7N=C2C=C\7)/C8=CC=CC=C8)\C9=CC=CC=C9,6.55351894014897,10.1002_pc.23647_part_1.txt_¶Î1_Material1
[*]C(C)C[*],[*]CCCC(CCCCCC)[*],[*]C(C)C[*],,,6.068445618354351,10.1016_j.compscitech.2012.06.007_part_2.txt_¶Î1_Material4
[*]C1OC(CCC)OC(C[*])C1,[H]O[H],,,,5.989004615698537,10.1002_app.47230_part_1.txt_¶Î1_Material1
O=C([*])C(C)O[*],O=C(C1=CC=C(C([*])=O)C=C1)NC2=CCC(N[*])C=C2,,,,6.3979400086720375,10.3390_polym11020349_part_1.txt_¶Î1_Material1
O=C=NC(C=C1)=CC=C1CC2=CC=C(C=C2)N=C=O,[*]CCCCOCCCCOCCCCOCCCCO[*],OCCCCO,,,4.158362492095249,10.1021_acs.biomac.9b01255_part_4.txt_¶Î1_Material4
[*]C(C)C[*],C/C(C[*])=C/C[*],[*]NCC(NC(C(ONCC(NC(C(NCC(NC(C([*])=O)C)=O)=O)C)=O)=O)CO)=O,,,6.1068026275996505,10.1016_j.compositesa.2010.07.007_part_1.txt_¶Î1_Material2
OCC1OC(C(C(C1[*])O)O)OC2C(C(C(OC2CO)O[*])O)O,OCC(C(C(C1N)O)O[*])OC1OC2C(OC(C(C2O)N)[*])CO,[*]C([H])([H])C(O)([H])[*],[H]O[H],,6.018650576891155,10.1016_j.carbpol.2019.03.093_part_7.txt_¶Î1_Material1
O=C([*])C(C)O[*],[*]OCC[*],,,,6.073105874968971,10.3390_polym12020427_part_3.txt_¶Î1_Material1
O=C([*])CCCCCN[*],O=[Si]=O,NCCC[Si](OCC)(OCC)OCC,,,6.565847818673518,10.1080_14328917.2021.1873479_part_2.txt_¶Î1_Material1
OCC1OC(C(C(C1[*])O)O)OC2C(C(C(OC2CO)O[*])O)O,O=[Ti]=O,,,,6.770852011642144,10.1007_s10570-013-9898-2_part_2.txt_¶Î1_Material3
O=C([*])CCCCCN[*],[*]CC[*],[*]OCC[*],,,6.585460729508501,10.1002_app.34648_part_2.txt_¶Î1_Material1
[*]C1C(O)C(O)C(OC2C(O)C(O)C(O[*])OC2COC(C)=O)OC1COC(C)=O,OCC1OC(C(C(C1[*])O)O)OC2C(C(C(OC2CO)O[*])O)O,,,,6.068185861746161,10.1007_s10570-015-0665-4_part_1.txt_¶Î1_Material1
[*]OCCOC(CC(C([*])=O)C(C1CCCCC1)CC(CC(O)=O)C(OCCO)=O)=O,O=[Si]=O,O=[Si]=O.[Ca]=O,,,7.230448921378274,10.4028_www.scientific.net_msf.857.426_part_1.txt_¶Î1_Material1
[*]C(CCCCCO[*])=O,[*]NC(C(N1CCCC1C(NCC(N2CC(CC2C(NC(C(NCC([*])=O)=O)CO)=O)O)=O)=O)=O)CCCCN,[Zn]=O,,,3.416640507338281,10.1016_j.ijpharm.2020.119413_part_2.txt_¶Î1_Material1
[*]C(C)C[*],CNC(CNC(CN)=O)=O,,,,6.990338854787601,10.62051_d4gz0m57_OA_part_1.txt_¶Î1_Material1
[*]CC[*],OCC1OC(C(C(C1[*])O)O)OC2C(C(C(OC2CO)O[*])O)O,C=C([CH3])C(=O)OC([CH3])[CH3],,,6.32221929473392,10.3390_polym13152564_part_1.txt_¶Î1_Material1
O=C([*])CCCCCN[*],[*]CC[*],[*]CC(CCCC(CC)CC([*])C1=CC=CC=C1)C2=CC=CC=C2,,,5.900312496983727,10.1002_pen.23866_part_1.txt_¶Î1_Material1
OP(O)(O)=O,O=C([*])C(C)O[*],,,,6.162603234417704,10.1177_0021998317752227_part_1.txt_¶Î1_Material1
[*]C(C)C[*],[*]C(C)C[*],[H][O-],,,6.282168778304642,10.1002_app.51350_part_2.txt_¶Î1_Material1
O=C([*])CCCCCN[*],[H][Si]([H])([H])[H],,,,6.342422680822207,10.1002_pc.22787_part_1.txt_¶Î1_Material1
[*]C([H])([H])C(O)([H])[*],[*]C1=C(C=CN2)C2=C([*])C(O)=C1O,,,,6.939519252618618,10.1007_s10570-017-1387-6_part_3.txt_¶Î1_Material1
O=C(C1=CC=C(C=C1)C(OCC[*])=O)O[*],[*]C(C)C[*],[*]CC(CCCC(CC)CC([*])C1=CC=CC=C1)C2=CC=CC=C2,NC1=NC2=C(N=CN2C2O[C@H](COP(=O)(O)OP(=O)(O)O)[C@H](O)[C@@H]2O)C(=O)N1,,6.041392685158225,10.1002_pc.22863_part_1.txt_¶Î1_Material1
O=C(O[*])CCCCCCCCCCN[*],[*]CC(CCCC(CC)CC([*])C1=CC=CC=C1)C2=CC=CC=C2,,,,5.993876914941211,10.1016_j.eurpolymj.2017.03.008_part_4.txt_¶Î1_Material3
O=C(C1=CC=C(C=C1)C(OCC[*])=O)O[*],O=C([*])OC1=CC=C(C=C1)C(C)(C)C2=CC=C(C=C2)O[*],[*]C/C=C/CCC([*])C#N,[*]C/C=C/CCC([*])C#N,,6.19258417809083,10.1080_03602559.2013.763349_part_1.txt_¶Î1_Material1
C[Si](C)(C[*])O[*],[*]O[Si](C)(C)O[Si](C)(C)O[Si](C)(C)[*],,,,2.4149733479708178,10.1016_j.porgcoat.2019.105266_part_1.txt_¶Î1_Material1
[*]CC[*],[*]CCCC([*])OC(C)=O,[*]OCC[*],,,5.700617195682057,10.11113_jt.v74.4845_part_1.txt_¶Î1_Material1
[*]CC(CCCC(CC)CC([*])C1=CC=CC=C1)C2=CC=CC=C2,[*]CC(CCCC(CC)CC([*])C1=CC=CC=C1)C2=CC=CC=C2,,,,6.486146996806573,10.1002_app.48888_part_3.txt_¶Î1_Material1
OC1C(O[*])C(C(O[Ca]O2)=O)OC(OC3C(O)C(O)C(OC4C(C(O[Ca]O5)=O)OC(OC6C(O)C(O)C(OC7C(C(O[Ca]O8)=O)OC(OC9C(O)C(O)C([*])OC9C8=O)C(O)C7O)OC6C5=O)C(O)C4O)OC3C2=O)C1O,OCC(O)CO,O=C(O)/C1=C/N(C2CC2)C2=CC(N3CCNCC3)=C(F)C=C2C1=O,,,4.778151250383644,10.4155_tde-2017-0104_part_2.txt_¶Î1_Material1
OCC(C(C(C1N)O)O[*])OC1OC2C(OC(C(C2O)N)[*])CO,[*]C1C(OC(C(C1O)O)OC2C(OC(C(C2O)O)O[*])CO)CO,OC(C(CC(O)=O)(CC(O)=O)O)=O,,,5.267171728403014,10.4028_www.scientific.net_ssp.280.323_part_1.txt_¶Î1_Material1
[*]N1C(C2=CC3=C(C=C2C1=O)C(N(C3=O)C4=CC=C(C=C4)OC5=CC=C(C=C5)[*])=O)=O,[*]O[Si](C)(C)[*],[Ag],,,6.094121595840561,10.1016_j.mtcomm.2020.100959_part_1.txt_¶Î1_Material1
FC(F)([*])C([H])([*])[H],OC1=C2C(C3(O)C4C5C6=C7C8C(C9=CC(C(O)=O)=C(C=C(C=C%10C(O)=O)C%11%12)C(C%11=C%13C%14C%15%16C%17(O%16)C%18C%19=C%20C%21=C%22C(C(O)=C%23)=C%24C%25C%21=C%26C%19=C%27C%17=C%28C%14(O)C%12=C%10C=C%28CC%27=CC%26=CC%25=C(C(O)=O)C=C%24)C9=C7C%13(O)C5=C%15C3=C%18C%29%30C%20(O%30)C%31C%22C%23=C%32)=CC(C(O)=O)=CC8=CC6=C(C(O)=O)C4=C2)=C%29C%33=C%31C%32=C(C(O)=O)C=C%331,[*]C1=CC=C([*])N1,,,5.7160033436348,10.1038_s41598-019-46305-6_part_1.txt_¶Î1_Material1
[*]C(C)C[*],OC(C(CC(O)=O)(CC(O)=O)O)=O,,,,6.12057393120585,10.3390_polym12040929_part_2.txt_¶Î1_Material3
[*]C([H])([H])C(O)([H])[*],[*]OCC[*],,,,5.826074802700826,10.1109_jsen.2020.3027672_part_1.txt_¶Î1_Material1
[*]C(C)C[*],O=C([*])CCCCCN[*],[Mg],,,6.176091259055681,10.15282_ijame.8.2013.19.0107_OA_part_3.txt_¶Î1_Material2
OCC1OC(C(C(C1[*])O)O)OC2C(C(C(OC2CO)O[*])O)O,C(CC=O)CC=O,,,,7.089905111439398,10.1016_j.matlet.2019.05.002_part_1.txt_¶Î1_Material1
[*]CC[*],[H][O-],,,,5.915529101693082,10.4186_ej.2017.21.2.25_OA_part_3.txt_¶Î1_Material1
O=C([*])C(C)O[*],[Mg]=O,,,,6.292256071356476,10.3390_molecules26071967_part_2.txt_¶Î1_Material3
O=C([*])C(C)O[*],[*]OCCCCOC(CCC([*])=O)=O,,,,6.301029995663981,10.3390_polym13152489_part_3.txt_¶Î1_Material2
[*]CC(C#N)[*],C12=CC3=CC4=CC=CN=C4N=C3N=C1N=C5N=C6N=CC=CC6=CC5=C2,[*]CC(COC1=CC=C(C=C1)C(C)(C)C2=CC=C(C=C2)O[*])O,,,6.657715402868895,10.1002_app.43235_part_1.txt_¶Î1_Material1
[*]C(C)C[*],[*]CCCC([*])OC(C)=O,[*]C1C(OC(C(C1O)O)OC2C(OC(C(C2O)O)O[*])CO)CO,,,5.824054205231849,10.1177_0095244312439491_part_2.txt_¶Î1_Material1
C=C([CH3])C(=O)O[CH3],[*]CC([*])N1CCCC1=O,,,,6.313867220369153,10.18280_rcma.330503_OA_part_2.txt_¶Î1_Material1
[*]CC([*])Cl,C=C([CH3])C(=O)O[CH3],O=[Fe]O[Fe]=O,,,6.298350837719157,10.1080_10739149.2016.1164713_part_1.txt_¶Î1_Material1
[*]C1C(OC(C(C1O)O)OC2C(OC(C(C2O)O)O[*])CO)CO,O=C([*])C(C)O[*],O1C(=O)C=CC1=O,,,5.446350734582306,10.1155_2015_627268_part_1.txt_¶Î1_Material1
O=C([*])C(C)O[*],[*]C1C(OC(C(C1O)O)OC2C(OC(C(C2O)O)O[*])CO)CO,O1C(=O)C=CC1=O,,,5.510129282621902,10.1155_2015_627268_part_2.txt_¶Î1_Material1
[*]C(CCCCCO[*])=O,[*]C(CCCCCO[*])=O,C=C([CH3])C(=O)OC([CH3])[CH3],[H][O-],,5.414137362184476,10.1002_pat.5367_part_2.txt_¶Î1_Material1
[*]C(NC1=C(C)C(NC(OCCO[*])=O)=CC=C1)=O,CCO,,,,3.968949680981343,10.1016_j.jmbbm.2018.03.025_part_1.txt_¶Î1_Material1
[*]NCC(NC(C(ONCC(NC(C(NCC(NC(C([*])=O)C)=O)=O)C)=O)=O)CO)=O,[*]OC1C(C(O)=O)OC(OC2C(NC(C)=O)C([*])OC(CO)C2O)C(O)C1O,O=C(C1=COC(C2C(CO)=CCC12)O)OC,,,5.477121254719663,10.1021_bm301174x_part_2.txt_¶Î1_Material1
C[Si](C)(C[*])O[*],C12=C3C(C=CC4C3=C5C(CC6=CC7=C8C9=C(C(C=C%10)=CC=C9C=C7)C%11=C%10C%12)=CC4)=CC=C1C=C%12C%13=C%11C8=C6C5=C2%13,[Ag],,,2.7781512503836434,10.1021_acsami.8b01050_part_2.txt_¶Î1_Material1
[*]C([H])([H])C(O)([H])[*],OCC(C(C(C1N)O)O[*])OC1OC2C(OC(C(C2O)N)[*])CO,[*]OCC[*],OCC(O)CO,,5.110589710299249,10.1016_j.carbpol.2019.115784_part_3.txt_¶Î1_Material1
OCC(C(C(C1N)O)O[*])OC1OC2C(OC(C(C2O)N)[*])CO,CC(=O)O,,,,6.114610984232173,10.3390_ijms22073329_part_3.txt_¶Î1_Material1
O=C([*])C(C)O[*],[*]C(CCCCCO[*])=O,[*]OC1OC(CO)C(OC2C(O)C(O)C([*])C(CO)O2)C(O)C1O,[H][Si]([H])([H])[H],,6.812913356642856,10.1002_pc.22145_part_1.txt_¶Î1_Material1
[*]C(C)C[*],[*]CC[*],[*]CC(C1=CC=CC=C1)[*],[*]CC(CCCC(CC)CC([*])C1=CC=CC=C1)C2=CC=CC=C2,[*]CCCC(C1C([*])C2CC1C/C2=C/C)C,6,10.14233_ajchem.2024.30711_OA_part_1.txt_¶Î1_Material1
[*]CC(CC=CCC([*])C1=CC=CC=C1)C#N,O=C(C1=CC=C(C=C1)C(OCC[*])=O)O[*],,,,6.301029995663981,10.1016_j.apsusc.2017.12.168_part_1.txt_¶Î1_Material1
[*]O[C@H](C)CC([*])=O,CCOC(=O)C(O)(CC(=O)OCC)CC(=O)OCC,,,,5.271841606536499,10.1002_app.49990_part_2.txt_¶Î1_Material1
O=C([*])C(C)O[*],C/C(C[*])=C/C[*],C/C(C[*])=C/C[*],C=C([CH3])C(=O)OC([CH3])[CH3],,5.671172842715083,10.1002_app.48297_part_1.txt_¶Î1_Material1
O=C([*])C(C)O[*],C/C(C[*])=C/C[*],C=C([CH3])C(=O)OC([CH3])[CH3],,,5.112605001534575,10.1002_app.48297_part_2.txt_¶Î1_Material1
O=C([*])CCCCCN[*],[Zn]=O,,,,6,10.1002_app.38714_part_1.txt_¶Î1_Material1
[*]CC([*])Cl,OC1=C2C(C3(O)C4C5C6=C7C8C(C9=CC(C(O)=O)=C(C=C(C=C%10C(O)=O)C%11%12)C(C%11=C%13C%14C%15%16C%17(O%16)C%18C%19=C%20C%21=C%22C(C(O)=C%23)=C%24C%25C%21=C%26C%19=C%27C%17=C%28C%14(O)C%12=C%10C=C%28CC%27=CC%26=CC%25=C(C(O)=O)C=C%24)C9=C7C%13(O)C5=C%15C3=C%18C%29%30C%20(O%30)C%31C%22C%23=C%32)=CC(C(O)=O)=CC8=CC6=C(C(O)=O)C4=C2)=C%29C%33=C%31C%32=C(C(O)=O)C=C%331,,,,5.863715332533698,10.1016_j.jiec.2018.07.051_part_3.txt_¶Î1_Material1
[*]C(N(CN(C(OCOC(N(CN(C(OCCO[*])=O)[H])[H])=O)=O)[H])[H])=O,C[Si](C)(C[*])O[*],,,,3.857332496431269,10.5254_rct.15.84885_part_1.txt_¶Î1_Material1
[*]C(C)C[*],[*]C(C1=CC=C(C(OCCCCO[*])=O)C=C1)=O,[*]CC(C1=CC=CC=C1)C/C=C/C[*],[*]CC(CCCC(CC)CC([*])C1=CC=CC=C1)C2=CC=CC=C2,,6.278753600952829,10.1007_s13726-021-00963-4_part_3.txt_¶Î1_Material1
FC(F)([*])C([H])([*])[H],[*]C([H])([H])C(O)([H])[*],[*]NC(C)C(N1CCCC1C([*])=O)=O,,,4.597826770377936,10.15282_jmes.19.1.2025.9.0826_OA_part_2.txt_¶Î1_Material3
[*]C(C)C[*],[*]CCC(CCCCCC)C[*],O=C([O-])[O-].[Ca+2],,,6,10.1002_pc.23210_part_1.txt_¶Î1_Material1
O=C([*])C(C)O[*],O=C([*])C(C)O[*],OCC1OC(C(C(C1[*])O)O)OC2C(C(C(OC2CO)O[*])O)O,O=C([*])C(C)O[*],,6.187520720836463,10.1177_0892705717734600_part_2.txt_¶Î1_Material1
[*]C(C)C[*],O=[Al]O[Al]=O.O=[Si]=O.O=[Si]=O.O=[Si]=O,[*]C(C)C[*],,,6.079181246047625,10.3390_polym11101557_part_2.txt_¶Î1_Material3
O=C(C1=CC=C(C=C1)C(NC2=CC=C([*])C=C2)=O)NC3=CC=C([*])C=C3,,,,,6.732393759822968,10.1016_j.polymer.2017.11.064_part_1.txt_¶Î1_Material1
[*]C([H])([H])C(O)([H])[*],[*]C(CCCCCO[*])=O,O=[Ti]=O,,,6.477121254719663,10.1016_j.compositesb.2014.12.028_part_1.txt_¶Î1_Material1
[*]C1C(C(C(OC1C(O[Na])=O)OC2C(C(O[Na])=O)OC(O[*])C(O)C2O)O)O,[*]NC(C(N1CCCC1C(NCC(N2CC(CC2C(NC(C(NCC([*])=O)=O)CO)=O)O)=O)=O)=O)CCCCN,[Ca+2],,,4.697229342759718,10.1016_j.apmt.2016.07.006_part_2.txt_¶Î1_Material1
[*]OCC[*],OCC1OC(C(C(C1[*])O)O)OC2C(C(C(OC2CO)O[*])O)O,,,,6.4623979978989565,10.1016_j.compscitech.2012.08.004_part_1.txt_¶Î1_Material1
[*]C1C(C(C(OC1C(O[Na])=O)OC2C(C(O[Na])=O)OC(O[*])C(O)C2O)O)O,[*]CC(C#N)[*],O=[Ti]=O,,,6.193124598354461,10.1007_s10854-020-03483-8_part_2.txt_¶Î1_Material1
[*]NCC(NC(C(ONCC(NC(C(NCC(NC(C([*])=O)C)=O)=O)C)=O)=O)CO)=O,O=P([O-])([O-])[O-].[Ca+2].[Ca+2].[OH-],,,,4.580354661106592,10.1049_mnl.2018.0047_part_1.txt_¶Î1_Material1
OCC1OC(C(C(C1O[*])O)O)[*],[*]C(N(CN(C(OCOC(N(CN(C(OCCO[*])=O)[H])[H])=O)=O)[H])[H])=O,,,,5.507855871695831,10.1007_s10570-011-9623-y_part_1.txt_¶Î1_Material1
O=C([*])C(C)O[*],[*]C(CCCCC(OCCCCO[*])=O)=O,[*]C1C(OC(C(C1O)O)OC2C(OC(C(C2O)O)O[*])CO)CO,O=C=NC(C=C1)=CC=C1CC2=CC=C(C=C2)N=C=O,O=[Mg].O=[Si]=O.O=[Si]=O.O=[Si]=O.O=[Si]=O.O=[Mg].O=[Mg].O,6.185763070409576,10.4028_www.scientific.net_amr.747.673_part_1.txt_¶Î1_Material1
[*][C@H]1[C@H](O)[C@@H](O)[C@H](O[C@H]2[C@H]([C@@H](O)[C@H](O[C@H]3[C@H](O)[C@H](O)[C@H](O[C@H]4[C@H](O)[C@H](O)[C@H](O[*])O[C@@H]4CO)O[C@@H]3CO)O[C@@H]2COC(C)=O)O)O[C@@H]1CO,OCC1OC(C(C(C1[*])O)O)OC2C(C(C(OC2CO)O[*])O)O,,,,6.071882007306125,10.1007_s10570-019-02302-6_part_1.txt_¶Î1_Material1
[*]C/C=C/CCC([*])C#N,C/C(C[*])=C/C[*],[Mg],[Mg],,3.146128035678238,10.1007_s42464-022-00184-1_OA_part_1.txt_¶Î1_Material2
[*]C1C(O)C(O)C(OC2C(O)C(O)C(O[*])OC2COC(C)=O)OC1COC(C)=O,[*]C(NC1=C(C)C(NC(OCCO[*])=O)=CC=C1)=O,,,,6.207095540419218,10.1016_j.carbpol.2021.118620_part_1.txt_¶Î1_Material1
OCC1OC(C(C(C1O[*])O)O)[*],,,,,6.741151598851785,10.1007_s10570-016-0872-7_part_2.txt_¶Î1_Material1
[*]CC[*],OCC(C(C(C1N)O)O[*])OC1OC2C(OC(C(C2O)N)[*])CO,O=[Si]=O.O=[Al]O[Al]=O.O=[Si]=O.O=[Si]=O.O=[Si]=O.O,,,6.776327733563306,10.3390_ma11020291_part_2.txt_¶Î1_Material2
[*]CC[*],[*]CC[*],[*]C1C(OC(C(C1O)O)OC2C(OC(C(C2O)O)O[*])CO)CO,,,6.079181246047625,10.1016_j.carbpol.2015.12.057_part_3.txt_¶Î1_Material1
O=C([*])C(C)O[*],[*]CC[*],OCC(C(C(C1N)O)O[*])OC1OC2C(OC(C(C2O)N)[*])CO,[*]CC[*],,6.100025730107863,10.1080_00222348.2017.1280742_part_1.txt_¶Î1_Material1
[*]NCCCCCCCCCCCC([*])=O,[Au],,,,6.6020599913279625,10.1007_s40964-025-01159-5_OA_part_1.txt_¶Î1_Material1
[*]CCC(CCCC(CCCC(C[*])C)C)C,C[Si](O[*])(C)[*],,,,5.247973266361806,10.1088_1757-899x_757_1_012037_part_2.txt_¶Î1_Material1
[*]O[C@H](C)CC([*])=O,CCCCCCCCCCCCCCCCCCOC(CCC1=CC(C(C)(C)C)=C(C(C(C)(C)C)=C1)O)=O,,,,6.060697840353612,10.1002_app.49713_part_2.txt_¶Î1_Material1
[*]C(C)C[*],[Mg],O=[Al]O[Al]=O.O=[Si]=O.O=[Si]=O.O=[Si]=O,,,6.147985320683805,10.1002_pc.24926_part_2.txt_¶Î1_Material1
C/C(C[*])=C/C[*],[*]C(C)C[*],O=[Si]=O,,,5.466081325,10.1002_pc.22331_part_2.txt_¶Î1_Material1
O=C([*])C(C)O[*],O=[Al]O[Al]=O.O=[Si]=O.O=[Si]=O.O=[Si]=O,OCC1OC(OC2C(O)C(O)C(O[*])OC2CO)C(O)C(O)C1[*],,,6.707570176097937,10.4028_www.scientific.net_amr.1125.271_part_1.txt_¶Î1_Material1
O=S(C(C=C1)=CC=C1OC(C=C2)=CC=C2C(C)(C)C(C=C3)=CC=C3O[*])(C4=CC=C([*])C=C4)=O,OP(O)(O)=O,[*]OCC[*],[*][C@H]1[C@H](O)[C@@H](O)[C@H](OC2C(O)C(OC(C)=O)C(O[*])OC2CO)O[C@@H]1CO,,6.176091259055681,10.1080_19443994.2015.1084597_part_3.txt_¶Î1_Material2
[*]C(C)C[*],O=[Al]O[Al]=O.O=[Si]=O.O=[Si]=O.O=[Si]=O,,,,5.91747925153495,10.14419_ijet.v7i4.35.23090_part_1.txt_¶Î1_Material1
[*]C(CCCCCO[*])=O,[*]N1C(C2=CC3=C(C=C2C1=O)C(N(C3=O)C4=CC=C(C=C4)OC5=CC=C(C=C5)[*])=O)=O,[*]CC(COC1=CC=C(C=C1)C(C)(C)C2=CC=C(C=C2)O[*])O,,,6.363047594521094,10.1039_c6py01933a_part_1.txt_¶Î1_Material1
[*]C(CCCCCO[*])=O,[*]CCCCO[*],CC1(CC(CC(C)(C1)C)N=C=O)CN=C=O,,,4.544068044350276,10.1007_s10965-019-1795-4_part_2.txt_¶Î1_Material1
FC(F)([*])C([H])([*])[H],[*]C1=C(C=CN2)C2=C([*])C(O)=C1O,,,,5.840983837320378,10.1016_j.jcis.2015.05.002_part_1.txt_¶Î1_Material3
O=C([*])CCCCCN[*],O=P([O-])([O-])[O-].[Ca+2].[Ca+2].[OH-],,,,6.444044795918076,10.1166_jnn.2011.3955_part_1.txt_¶Î1_Material1
O=C([*])OC1=CC=C(C=C1)C(C)(C)C2=CC=C(C=C2)O[*],O=C([*])C(C)O[*],,,,6.447158031342219,10.1016_j.compositesb.2017.07.030_part_1.txt_¶Î1_Material2
[*]CC[*],O=C(C1=CC=C(C=C1)C(OCC[*])=O)O[*],C[N+](CCO)(CCO)[3H],,,6.079181246047625,10.1016_j.matchemphys.2017.05.054_part_5.txt_¶Î1_Material1
[*]CC(COC1=CC=C(C=C1)C(C)(C)C2=CC=C(C=C2)O[*])O,C12=CC3=CC4=CC=CN=C4N=C3N=C1N=C5N=C6N=CC=CC6=CC5=C2,[*]CC(COC1=CC=C(C=C1)C(C)(C)C2=CC=C(C=C2)O[*])O,,,8.123198075031999,10.1002_pen.24853_part_1.txt_¶Î1_Material1
O=C(C1=CC=C(C=C1)C([*])=O)NC2=CC=C(C=C2)N[*],[*]CC(COC1=CC=C(C=C1)C(C)(C)C2=CC=C(C=C2)O[*])O,,,,7.483587296968894,10.1016_j.polymertesting.2020.106680_part_1.txt_¶Î1_Material1
O=C([*])C(C)O[*],[*]CC[*],,,,6.32221929473392,10.4028_www.scientific.net_amm.754-755.54_part_1.txt_¶Î1_Material1
O=C(C1=CC=C(C=C1)C(OCC[*])=O)O[*],O=C([*])CCCCCN[*],O=[Si]=O,,,7.096910013008056,10.1177_0021998320906007_part_2.txt_¶Î1_Material2
C[Si](C)(C[*])O[*],[*]CC(COC1=CC=C(C=C1)C(C)(C)C2=CC=C(C=C2)O[*])O,,,,5.715167357848458,10.1002_app.48641_part_1.txt_¶Î1_Material1
[*]C(C=C1)=CC=C1S[*],[*]OCC[*],,,,5.230448921378274,10.1016_j.memsci.2017.02.040_part_2.txt_¶Î1_Material1
[*]CNCC1=CC=CC([*])=C1O,[H][O-],O=[Si]=O,,,6.68304703823885,10.1177_0967391120903664_part_2.txt_¶Î1_Material3
[*]C(C)C[*],O=[Al]O[Al]=O,,,,6.126131407261984,10.4028_www.scientific.net_msf.727-728.1729_part_1.txt_¶Î1_Material1
[*]C(NC1=C(C)C(NC(OCCO[*])=O)=CC=C1)=O,[Zn]=O,[Mg],,,4.123851640967086,10.1021_acsanm.9b01540_part_4.txt_¶Î1_Material1
[*]C(CCCCCO[*])=O,[Na+].[Cl-],O=C(OOC(=O)C1=CC=CC=C1)C1=CC=CC=C1,,,4.248953615495708,10.1007_s10965-016-1044-z_part_2.txt_¶Î1_Material1
O=C([*])CCCCCN[*],[*]OCC[*],,,,6.271841606536499,10.1007_s10924-020-01836-2_part_1.txt_¶Î1_Material1
OCC1OC(C(C(C1[*])O)O)OC2C(C(C(OC2CO)O[*])O)O,OC(C(C)(CC(C1=CC=CC=C1)[*])CC(C[*])(C(OCC2CO2)=O)C)=O,,,,6.544068044350276,10.1007_s10570-015-0798-5_part_6.txt_¶Î1_Material1
O=C([*])C(C)O[*],[*]C(CCCCCO[*])=O,[*]CCCC([*])C(OC)=O,,,6.505149978319906,10.3390_polym11050771_part_2.txt_¶Î1_Material1
[*]C(CCCCCO[*])=O,[Ca+2],CCN=C=NCCCN(C)C,,,3.7781512503836434,10.1021_bm1013052_part_2.txt_¶Î1_Material1
[*]C(C)C[*],O=C(C(C[*])[*])N,[*]C1=C(C=CN2)C2=C([*])C(O)=C1O,[*]OCC[*],,5.278753600952829,10.1016_j.matlet.2020.127487_part_1.txt_¶Î1_Material1
O=C([*])OC1=CC=C(C=C1)C(C)(C)C2=CC=C(C=C2)O[*],[C],,,,6.447158031342219,10.1002_app.33890_part_2.txt_¶Î1_Material1
[*]C/C=C/CCC([*])C#N,COC1=CC(/C=C/C=O)=CC(OC2=CC(C(C(OC3=CC=C(C=C3OC)C(C(CO)=O)O)CO)O)=CC=C2OC4=CC(C(C(COC5=CC=C(C=C5)C(C(CO)=O)O)=O)O)=CC=C4O)=C1,,,,4.123851640967086,10.1002_app.42922_part_2.txt_¶Î1_Material1
OCC(C(C(C1N)O)O[*])OC1OC2C(OC(C(C2O)N)[*])CO,[H]C(=O)/C([H])=C(\[H])C1=CC=CC=C1,,,,6.57978359661681,10.1016_j.measurement.2016.05.012_part_1.txt_¶Î1_Material1
OCC(C(C(C1N)O)O[*])OC1OC2C(OC(C(C2O)N)[*])CO,[*]C([H])([H])C(O)([H])[*],C1OC1C[N+]([CH3])([CH3])[CH3].[Cl-],,,5.480538699921856,10.1007_s13233-018-6127-8_part_2.txt_¶Î1_Material1
O=C([*])C(C)O[*],[*]NCC(NC(C(ONCC(NC(C(NCC(NC(C([*])=O)C)=O)=O)C)=O)=O)CO)=O,,,,6.387211800313731,10.3144_expresspolymlett.2020.76_part_3.txt_¶Î1_Material1
COC(C(C[*])([*])C)=O,OCC(C(C(C1N)O)O[*])OC1OC2C(OC(C(C2O)N)[*])CO,[O-][Si]([O-])([O-])O[Si]([O-])([O-])[O-].[Ca+2],,,6.361727836017593,10.1080_10667857.2018.1541212_part_1.txt_¶Î1_Material1
[*]NCC(NC(C(ONCC(NC(C(NCC(NC(C([*])=O)C)=O)=O)C)=O)=O)CO)=O,CC(NC(C([*])C)=O)C(NC(C)C(NC(C)C(N[*])=O)=O)=O,[H]O[H],,,7.26245108973043,10.1039_c9qm00282k_part_1.txt_¶Î1_Material1
O=C(C1=CC=C(C=C1)C(OCC[*])=O)O[*],[*]CC(COC1=CC=C(C=C1)C(C)(C)C2=CC=C(C=C2)O[*])O,OC(C(C)(CC(C1=CC=CC=C1)[*])CC(C[*])(C(OCC2CO2)=O)C)=O,,,7.252853030979893,10.3390_app9234987_part_1.txt_¶Î1_Material1
OC(C(C1OC2OC(C(C(C2O)O)OC3OC(C(C(C3O)O)O)COC4OC(C(C(C4O)O)OC5OC(C(C(C5O)O)OC6OC(C(C(C6O)O[*])O)C)CO)CO)CO)O[*])COC1CO,OCC1OC(C(C(C1[*])O)O)OC2C(C(C(OC2CO)O[*])O)O,,,,6.079181246047625,10.1007_s10570-012-9673-9_part_2.txt_¶Î1_Material1
[*]C1C(OC(C(C1O)O)OC2C(OC(C(C2O)O)O[*])CO)CO,[*]C(CCCCCO[*])=O,OCC(O)CO,[Mg],,5.607455023214668,10.1016_j.fpsl.2015.04.001_part_1.txt_¶Î1_Material1
[*]C([H])([H])C(O)([H])[*],[*]C([H])([H])C(O)([H])[*],OCC(O)CO,,,5.498310553789601,10.1007_s00396-011-2556-z_part_1.txt_¶Î1_Material1
O=C([*])C(C)O[*],OP(O)(O)=O,O=C([*])C(C)O[*],O=[Mg].O=[Si]=O.O=[Si]=O.O=[Si]=O.O=[Si]=O.O=[Mg].O=[Mg].O,,6.57287160220048,10.3390_polym13152531_part_3.txt_¶Î1_Material2
[*]C(C)C[*],[*]CC[*],[*]CCCC(C1C([*])C2CC1C/C2=C/C)C,OCC1OC(C(C(C1[*])O)O)OC2C(C(C(OC2CO)O[*])O)O,,5.986278955905991,10.1088_2053-1591_ab1d37_part_3.txt_¶Î1_Material1
C=C([CH3])C(=O)O[CH3],[*]C1C(OC(C(O)C1O)OC2C(O)C(O)C(OC2C(O[Na])=O)O[*])C(O[Na])=O,,,,6.041392685158225,10.1007_s10570-018-1725-3_part_2.txt_¶Î1_Material1
[*]CC[*],[*]C1C(OC(C(C1O)O)OC2C(OC(C(C2O)O)O[*])CO)CO,OC1=C2C(C3(O)C4C5C6=C7C8C(C9=CC(C(O)=O)=C(C=C(C=C%10C(O)=O)C%11%12)C(C%11=C%13C%14C%15%16C%17(O%16)C%18C%19=C%20C%21=C%22C(C(O)=C%23)=C%24C%25C%21=C%26C%19=C%27C%17=C%28C%14(O)C%12=C%10C=C%28CC%27=CC%26=CC%25=C(C(O)=O)C=C%24)C9=C7C%13(O)C5=C%15C3=C%18C%29%30C%20(O%30)C%31C%22C%23=C%32)=CC(C(O)=O)=CC8=CC6=C(C(O)=O)C4=C2)=C%29C%33=C%31C%32=C(C(O)=O)C=C%331,,,5.5843312243675305,10.1177_0967391120976270_part_2.txt_¶Î1_Material3
O=C(C1=CC=C(C=C1)C(OCC[*])=O)O[*],O=[Si]=O.[Ca]=O,O=[Si]=O,[H]O[H],,6.041392685158225,10.1155_2013_763276_part_1.txt_¶Î1_Material1
[*]CC[*],[*]CCC(CCCCCC)C[*],[*]C1C(C(C(OC1C(O[Na])=O)OC2C(C(O[Na])=O)OC(O[*])C(O)C2O)O)O,OCC1OC(C(C(C1[*])O)O)OC2C(C(C(OC2CO)O[*])O)O,,6.079181246047625,10.1080_03602559.2010.531416_part_1.txt_¶Î1_Material1
[*]C1C(C(C(OC1C(O[Na])=O)OC2C(C(O[Na])=O)OC(O[*])C(O)C2O)O)O,OCC(C(C(C1N)O)O[*])OC1OC2C(OC(C(C2O)N)[*])CO,[Ag+],,,5.7160033436348,10.1039_c2ra00006g_part_2.txt_¶Î1_Material1
[*]C(C)C[*],[*]CCC(CCCC(CCCC(C[*])C)C)C,CO[Si](OC)(OC)CCCOCC1CO1,,,6.062581984228163,10.1007_s10965-017-1291-7_part_2.txt_¶Î1_Material1
[*]C(C1=CC=C(C(OCCCCO[*])=O)C=C1)=O,C12=CC3=CC4=CC=CN=C4N=C3N=C1N=C5N=C6N=CC=CC6=CC5=C2,,,,7.094261442720502,10.1177_08927057211018491_part_3.txt_¶Î1_Material2
[*]C(CCCCCO[*])=O,[*]OCC[*],[H][O-],,,4.161368002234975,10.1002_pat.4016_part_2.txt_¶Î1_Material1
OP(O)(O)=O,[*]NCC(NC(C(ONCC(NC(C(NCC(NC(C([*])=O)C)=O)=O)C)=O)=O)CO)=O,OCC1OC(C(C(C1[*])O)O)OC2C(C(C(OC2CO)O[*])O)O,,,6.447158031342219,10.4188_jte.57.1_part_1.txt_¶Î1_Material1
O=C(CCCCC(N(CCCCCCN([*])[H])[H])=O)[*],S=[Mo]=S,[C],,,6.4734869700645685,10.1002_pen.23428_part_1.txt_¶Î1_Material1
OP(O)(O)=O,OCC1OC(C(C(C1[*])O)O)OC2C(C(C(OC2CO)O[*])O)O,,,,5.5075860397630105,10.1016_j.carbpol.2017.01.089_part_2.txt_¶Î1_Material1
[*]CC(C1=CC=C(C=C1)S(O)(=O)=O)[*],O=C(C(C[*])[*])N,O=S([CH3])[CH3],,,1.3979400086720375,10.1021_acsami.9b00314_part_5.txt_¶Î1_Material1
[*]OCC[*],C=C([CH3])C(=O)O[CH3],O=[Al]O[Al]=O.O=[Si]=O.O=[Si]=O.O=[Si]=O,,,5,10.1155_2015_101692_part_2.txt_¶Î1_Material2
[*]C(C1=CC=C(C(OCCCCO[*])=O)C=C1)=O,O=[Al]O[Al]=O.O=[Si]=O.O=[Si]=O.O=[Si]=O,,,,6.117271295655764,10.1016_j.tca.2013.06.019_part_4.txt_¶Î1_Material1
[*]OCCCCOC(CCC([*])=O)=O,[*]OCCCCOC(CCC([*])=O)=O,,,,6.355068206348851,10.1007_s12649-019-00591-3_part_2.txt_¶Î1_Material1
[*]C([C@H](C)OC([C@H](C)O[*])=O)=O,[*]O[C@@]([H])(C)C(O[C@](C)([H])C([*])=O)=O,,,,6.011739561388318,10.1002_app.48970_part_2.txt_¶Î1_Material1
[*]CC(COC1=CC=C(C=C1)C(C)(C)C2=CC=C(C=C2)O[*])O,O=[Zr]=O,,,,6.494154594018442,10.1177_0954008312440714_part_2.txt_¶Î1_Material1
[*]C/C=C/CCC([*])C#N,[*]CC([*])Cl,,,,6.146128035678238,10.1007_s10973-019-09194-5_part_1.txt_¶Î1_Material1
[*]CC(COC1=CC=C(C=C1)C(C)(C)C2=CC=C(C=C2)O[*])O,C[Si](C)(C[*])O[*],[Zn]=O,,,6.003137276060415,10.1002_pat.4656_part_2.txt_¶Î1_Material2
[*]CC(C1=CC=CC=C1)[*],[*]C(C)C[*],[*]C([H])([H])C(O)([H])[*],,,6.079181246047625,10.3390_ma12182923_part_2.txt_¶Î1_Material1
O=C([*])C(C)O[*],C[N+](CCO)(CCO)[3H],,,,6.096562438374136,10.1002_app.50174_part_1.txt_¶Î1_Material1
[*]CC(COC1=CC=C(C=C1)C(C)(C)C2=CC=C(C=C2)O[*])O,O=C(C1=CC=C(C=C1)C(OCC[*])=O)O[*],OC1=C(C=CC=C1CC2=CC=CC([*])=C2O)CC3=CC=CC([*])=C3O,O=[Si]=O,,7.292256071356476,10.1016_j.conbuildmat.2018.03.113_part_2.txt_¶Î1_Material1
[*]C(CCCCCO[*])=O,[*]OCC[*],,,,5.146128035678238,10.1016_j.msec.2018.04.065_part_1.txt_¶Î1_Material1
[*]C(NC1=C(C)C(NC(OCCO[*])=O)=CC=C1)=O,[C],,,,5,10.9713_kcer.2015.53.6.703_OA_part_1.txt_¶Î1_Material1
[*]C1C(OC(C(C1O)O)OC2C(OC(C(C2O)O)O[*])CO)CO,[*]C([H])([H])C(O)([H])[*],OCC1OC(C(C(C1[*])O)O)OC2C(C(C(OC2CO)O[*])O)O,,,6.078819183098848,10.1016_j.indcrop.2015.03.028_part_1.txt_¶Î1_Material1
O=C([*])C(C)O[*],[*]CCC(CCCCCC)C[*],O1C(=O)C=CC1=O,,,6.119585774961784,10.1007_s10965-019-1764-y_part_1.txt_¶Î1_Material1
[*]CC[*],[*]CC(C1=CC=CC=C1)[*],,,,6.278753600952829,10.1002_pc.21196_part_1.txt_¶Î1_Material1
[*]CC(COC1=CC=C(C=C1)C(C)(C)C2=CC=C(C=C2)O[*])O,[*]CC(CC=CCC([*])C1=CC=CC=C1)C#N,,,,5.301029995663981,10.1039_c8nj05653f_part_4.txt_¶Î1_Material1
[*]C([C@H](C)OC([C@H](C)O[*])=O)=O,[*]C(N(CN(C(OCOC(N(CN(C(OCCO[*])=O)[H])[H])=O)=O)[H])[H])=O,[*]O[C@@]([H])(C)C(O[C@](C)([H])C([*])=O)=O,,,6.32221929473392,10.1021_acssuschemeng.5b00816_part_2.txt_¶Î1_Material1
O=C([*])C(C)O[*],[*]CCCC([*])OC(C)=O,O=[Si]=O,,,6.182671386675478,10.1016_j.polymertesting.2020.106735_part_2.txt_¶Î1_Material2
O=C([*])C(C)O[*],[*]CCCC([*])OC(C)=O,O=[Ti]=O,,,6.301029995663981,10.1007_s10924-021-02220-4_part_3.txt_¶Î1_Material1
O=C([*])CCCCCO[*],[*]CC(O[*])CN=[N+]=[N-],,,,6.176091259055681,10.1177_0885328213502100_part_2.txt_¶Î1_Material1
[*]CC[*],O=C1C=CC(O1)=O.C=C,O=C1C=CC(O1)=O.C=C,,,6.096910013008056,10.1016_j.indcrop.2018.04.075_part_1.txt_¶Î1_Material3
[*]CC[*],[C],O=[Ti]=O,,,5.544068044350276,10.24237_djes.2012.05112_OA_part_3.txt_¶Î1_Material1
O=C([*])C(C)O[*],[*]C(CCCCC(OCCCCO[*])=O)=O,NC1=NC2=C(N=CN2C2O[C@H](COP(=O)(O)OP(=O)(O)O)[C@H](O)[C@@H]2O)C(=O)N1,[*]OCC[*],,6.431363764158987,10.1016_j.matlet.2019.06.040_part_1.txt_¶Î1_Material1
[*]C1C(C(C(OC1C(O[Na])=O)OC2C(C(O[Na])=O)OC(O[*])C(O)C2O)O)O,[Ag+],,,,6.26528962586083,10.1111_1750-3841.13865_part_2.txt_¶Î1_Material1
[*]CC(COC1=CC=C(C=C1)C(C)(C)C2=CC=C(C=C2)O[*])O,[*]OC1OC(CO)C(OC2C(O)C(O)C([*])C(CO)O2)C(O)C1O,CC1=CC=C(C=C1N=C=O)N=C=O,,,6.209246848753374,10.1080_03602559.2011.553860_part_1.txt_¶Î1_Material4
[*]C(CCCCCO[*])=O,[*]C1C(OC(C(C1O)O)OC2C(OC(C(C2O)O)O[*])CO)CO,OCC(O)CO,,,4.986771734266245,10.1002_app.34444_part_3.txt_¶Î1_Material1
[*]C([H])([H])C(O)([H])[*],OCC1OC(C(C(C1[*])O)O)OC2C(C(C(OC2CO)O[*])O)O,O=C(CCCCCCCCCCCCCCCCC)O[Ca]OC(CCCCCCCCCCCCCCCCC)=O,,,6.469822015978163,10.1016_j.compositesa.2011.05.009_part_1.txt_¶Î1_Material1
[*]CCC(CCCC(CCCC(C[*])C)C)C,[*]CC(C#N)[*],[*]CC(C#N)[*],,,6.334453751150931,10.1002_pc.24903_part_2.txt_¶Î1_Material2
O=C(C(C[*])[*])N,O=[Si]=O.O=[Al]O[Al]=O.O=[Si]=O.O=[Si]=O.O=[Si]=O.O,,,,1,10.1007_s13726-015-0330-7_part_1.txt_¶Î1_Material1
O=C([*])C(C)O[*],[*]OC(CC(OC(CC([*])=O)CC)=O)C,[*]OC1C(O)C(O)C(OC2C(OC(C(CO)O)=O)C(OC3C(O)C(O)C(OC4C(O)C(O)C(O[*])OC4CO)OC3C(O)=O)OC(CO)C2O)OC1C,[*]OCC1C(C(C(CC1CO)COCC2C(C(C(CC2CO)C[*])O)COCC3C(C(C(C(O3)CO)O)O)COCC4C(C(C(C(O4)C(O)=O)COCC5C(C(C(C(O5)C(O)=O)O)O)O)O)O)O)O,[*]OCC[*],5.892094602690481,10.1016_j.foodhyd.2020.106509_part_2.txt_¶Î1_Material1
OCC1OC(C(C(C1[*])O)O)OC2C(C(C(OC2CO)O[*])O)O,OCC1OC(C(C(C1[*])O)O)OC2C(C(C(OC2CO)O[*])O)O,COC1=CC(/C=C/C=O)=CC(OC2=CC(C(C(OC3=CC=C(C=C3OC)C(C(CO)=O)O)CO)O)=CC=C2OC4=CC(C(C(COC5=CC=C(C=C5)C(C(CO)=O)O)=O)O)=CC=C4O)=C1,[K+].[OH-],,7,10.1007_s10570-019-02844-9_part_2.txt_¶Î1_Material1
O=C([*])C(C)O[*],O=[Si]=O,O=[Si]=O,,,6.600972895686748,10.1080_00222348.2016.1138179_part_3.txt_¶Î1_Material1
[*]CC[*],[Ti](OCCCC)(OCCCC)(OCCCC)OCCCC,,,,5.8039348498638414,10.1002_app.42073_part_2.txt_¶Î1_Material1
O=C([*])C(C)O[*],OP(O)(O)=O,[*]OCC[*],OC1=C2C(C3(O)C4C5C6=C7C8C(C9=CC(C(O)=O)=C(C=C(C=C%10C(O)=O)C%11%12)C(C%11=C%13C%14C%15%16C%17(O%16)C%18C%19=C%20C%21=C%22C(C(O)=C%23)=C%24C%25C%21=C%26C%19=C%27C%17=C%28C%14(O)C%12=C%10C=C%28CC%27=CC%26=CC%25=C(C(O)=O)C=C%24)C9=C7C%13(O)C5=C%15C3=C%18C%29%30C%20(O%30)C%31C%22C%23=C%32)=CC(C(O)=O)=CC8=CC6=C(C(O)=O)C4=C2)=C%29C%33=C%31C%32=C(C(O)=O)C=C%331,,5.708420900134713,10.3390_polym11071193_part_1.txt_¶Î1_Material1
OCC(C(C(C1N)O)O[*])OC1OC2C(OC(C(C2O)N)[*])CO,[*]NCC(NC(C(ONCC(NC(C(NCC(NC(C([*])=O)C)=O)=O)C)=O)=O)CO)=O,OCC(O)CO,,,6.268343913951065,10.1021_acssuschemeng.8b06009_part_4.txt_¶Î1_Material1
[*]OCC[*],[*]OCCOC(CC(C([*])=O)C(C1CCCCC1)CC(CC(O)=O)C(OCCO)=O)=O,,,,6.954242509439325,10.3390_polym11122064_part_2.txt_¶Î1_Material1
O=[Si]=O,[*]CC(COC1=CC=C(C=C1)C(C)(C)C2=CC=C(C=C2)O[*])O,,,,7.639486489268586,10.4028_www.scientific.net_amm.752-753.610_part_1.txt_¶Î1_Material1
[*]OC1OC(CO)C(OC2C(O)C(O)C([*])C(CO)O2)C(O)C1O,[*]OC1OC(CO)C(OC2C(O)C(O)C([*])C(CO)O2)C(O)C1O,,,,6.477121254719663,10.1088_1755-1315_700_1_012007_part_3.txt_¶Î1_Material1
[*]NC(C)C(N1CCCC1C([*])=O)=O,OCC(C(C(C1N)O)O[*])OC1OC2C(OC(C(C2O)N)[*])CO,[*]C(N(CN(C(OCOC(N(CN(C(OCCO[*])=O)[H])[H])=O)=O)[H])[H])=O,,,4.812913356642856,10.1080_09205063.2017.1392672_part_7.txt_¶Î1_Material1
O=C([*])C(C)O[*],[*]C(CCCCCO[*])=O,C/C(C[*])=C/C[*],,,6.054708787938054,10.1007_s10924-017-1121-3_part_2.txt_¶Î1_Material1
[*]C(CCCCCO[*])=O,[*]C(NC1=C(C)C(NC(OCCO[*])=O)=CC=C1)=O,C[N+](CCO)(CCO)[3H],,,4.683947130751513,10.1002_pc.22191_part_1.txt_¶Î1_Material1
[*]C(C)C[*],[*]OC1C(O)C(O)C(OC2C(CO)OC([*])C(O)C2O)OC1CO,,,,5.785329835010767,10.1002_app.49780_part_1.txt_¶Î1_Material1
[*]C(CCCCCO[*])=O,[Ca+2],[*]OC1C(C(O)=O)OC(OC2C(NC(C)=O)C([*])OC(CO)C2O)C(O)C1O,[*]NC(C)C(N1CCCC1C([*])=O)=O,,4.08278537031645,10.1021_cm201119q_part_2.txt_¶Î1_Material1
FC(F)([*])C([H])([*])[H],OC1=C2C(C3(O)C4C5C6=C7C8C(C9=CC(C(O)=O)=C(C=C(C=C%10C(O)=O)C%11%12)C(C%11=C%13C%14C%15%16C%17(O%16)C%18C%19=C%20C%21=C%22C(C(O)=C%23)=C%24C%25C%21=C%26C%19=C%27C%17=C%28C%14(O)C%12=C%10C=C%28CC%27=CC%26=CC%25=C(C(O)=O)C=C%24)C9=C7C%13(O)C5=C%15C3=C%18C%29%30C%20(O%30)C%31C%22C%23=C%32)=CC(C(O)=O)=CC8=CC6=C(C(O)=O)C4=C2)=C%29C%33=C%31C%32=C(C(O)=O)C=C%331,,,,5.155336037465061,10.3390_polym13132042_part_1.txt_¶Î1_Material2
O=C([*])C(C)O[*],[*]C(CCCCCO[*])=O,[*]CC(C#N)[*],O=C(CCCCC(N(CCCCCCN([*])[H])[H])=O)[*],[*]CC(C1=CC=CC=C1)[*],6.02530586526477,10.1002_polb.23762_part_3.txt_¶Î1_Material1
[*]C(C)C[*],[*]CC([*])CC,,,,5.663700925389648,10.1088_1757-899x_490_2_022037_part_2.txt_¶Î1_Material1
[*]C(C)C[*],[*]C(NC1=C(C)C(NC(OCCO[*])=O)=CC=C1)=O,,,,6.332236415491443,10.1002_app.33611_part_1.txt_¶Î1_Material1
[*]CC[*],[*]C1C(OC(C(C1O)O)OC2C(OC(C(C2O)O)O[*])CO)CO,O=[Si]=O,,,5.765489734629434,10.1016_j.polymertesting.2019.04.025_part_1.txt_¶Î1_Material1
[*]C(C)C[*],[*]CCCC(CCCCCC)[*],,,,5.607455023214668,10.1177_0095244312465298_part_2.txt_¶Î1_Material3
O=C([*])OC1=CC=C(C=C1)C(C)(C)C2=CC=C(C=C2)O[*],O=[Al]O[Al]=O.O=[Si]=O.O=[Si]=O.O=[Si]=O,,,,6.456062224454952,10.1002_app.31222_part_1.txt_¶Î1_Material4
OS(C(F)(F)C(F)(F)OC(C(F)(F)O/C(F)=C(F)\F)(C(F)(F)F)F)(=O)=O.F/C(F)=C(F)/F,OCC1OC(C(C(C1[*])O)O)OC2C(C(C(OC2CO)O[*])O)O,[*]C1=C(C=CN2)C2=C([*])C(O)=C1O,,,5.732393759822968,10.1021_acsaem.9b02417_part_1.txt_¶Î1_Material1
[*]CC(CC=CCC([*])C1=CC=CC=C1)C#N,O=C(C1=CC=C(C=C1)C(OCC[*])=O)O[*],O=[Al]O[Al]=O.O=[Si]=O.O=[Si]=O.O=[Si]=O,[*]C(C1=CC=CC=C1)CC2C(OC(C2[*])=O)=O,,6.477121254719663,10.1515_polyeng-2011-0125_part_1.txt_¶Î1_Material1
O=C([*])C(C)O[*],[*]CC[*],O=C([O-])[O-].[Ca+2],O=[Ti]=O,,5.984527313343793,10.1002_pen.25124_part_2.txt_¶Î1_Material2
O=C(CCCCC(N(CCCCCCN([*])[H])[H])=O)[*],OC1=C2C(C3(O)C4C5C6=C7C8C(C9=CC(C(O)=O)=C(C=C(C=C%10C(O)=O)C%11%12)C(C%11=C%13C%14C%15%16C%17(O%16)C%18C%19=C%20C%21=C%22C(C(O)=C%23)=C%24C%25C%21=C%26C%19=C%27C%17=C%28C%14(O)C%12=C%10C=C%28CC%27=CC%26=CC%25=C(C(O)=O)C=C%24)C9=C7C%13(O)C5=C%15C3=C%18C%29%30C%20(O%30)C%31C%22C%23=C%32)=CC(C(O)=O)=CC8=CC6=C(C(O)=O)C4=C2)=C%29C%33=C%31C%32=C(C(O)=O)C=C%331,[*]NC(C1=CC=C2C(C(N(C2=O)C3=CC=C(C=C3)CC4=CC=C([*])C=C4)=O)=C1)=O,,,6.698970004336019,10.1080_03602559.2018.1542712_part_1.txt_¶Î1_Material1
O=C([*])C(C)O[*],OP(O)(O)=O,O=C=NC(C=C1)=CC=C1CC2=CC=C(C=C2)N=C=O,,,6.109915863023793,10.1080_03602559.2013.798817_part_1.txt_¶Î1_Material1
[*]O[Si](C)(C)[*],O=[Si]=O,,,,5.938519725176492,10.1177_0954008312446647_part_3.txt_¶Î1_Material1
O=C([*])C(C)O[*],O=C([O-])[O-].[Ca+2],O=[Ti]=O,,,5.962842681201242,10.1002_pen.25124_part_2.txt_¶Î1_Material1
O=C(OC1=CC=CC=C1)OC1=CC=CC=C1,[*]C(CCCCCO[*])=O,C[Si](C)(C[*])O[*],O=[Si]=O,,4.636487896353366,10.1007_s11998-016-9806-4_part_2.txt_¶Î1_Material2
[*]CC[*],[*]C1C(OC(C(C1O)O)OC2C(OC(C(C2O)O)O[*])CO)CO,C=C([CH3])C(=O)O[CH3],,,5.788875115775417,10.1002_pc.21168_part_1.txt_¶Î1_Material2
O=C([*])CCCCCN[*],[*]C([H])([H])C(O)([H])[*],OC1=C2C(C3(O)C4C5C6=C7C8C(C9=CC(C(O)=O)=C(C=C(C=C%10C(O)=O)C%11%12)C(C%11=C%13C%14C%15%16C%17(O%16)C%18C%19=C%20C%21=C%22C(C(O)=C%23)=C%24C%25C%21=C%26C%19=C%27C%17=C%28C%14(O)C%12=C%10C=C%28CC%27=CC%26=CC%25=C(C(O)=O)C=C%24)C9=C7C%13(O)C5=C%15C3=C%18C%29%30C%20(O%30)C%31C%22C%23=C%32)=CC(C(O)=O)=CC8=CC6=C(C(O)=O)C4=C2)=C%29C%33=C%31C%32=C(C(O)=O)C=C%331,,,6.226857570288724,10.1007_s12588-019-09242-7_part_3.txt_¶Î1_Material1
[*]CC([*])Cl,C=C([CH3])C(=O)O[CH3],[Cu]=O,,,6.505149978319906,10.1016_j.polymer.2020.122911_part_8.txt_¶Î1_Material1
[*]C([C@H](C)OC([C@H](C)O[*])=O)=O,[*]C([C@H](C)OC([C@H](C)O[*])=O)=O,,,,6.382017042574868,10.1002_pen.24345_part_2.txt_¶Î1_Material1
COC1=CC(/C=C/C=O)=CC(OC2=CC(C(C(OC3=CC=C(C=C3OC)C(C(CO)=O)O)CO)O)=CC=C2OC4=CC(C(C(COC5=CC=C(C=C5)C(C(CO)=O)O)=O)O)=CC=C4O)=C1,[*]OCC[*],,,,4.675778341674085,10.1016_j.eurpolymj.2020.109690_part_2.txt_¶Î1_Material1
O=C([*])OC1=CC=C(C=C1)C(C)(C)C2=CC=C(C=C2)O[*],[Mg],,,,6.359076226059263,10.1080_09276440.2018.1460062_part_3.txt_¶Î1_Material2
[*]CC(C)(C(OCCO)=O)[*],[*]NC(C(N1CCCC1C(NCC(N2CC(CC2C(NC(C(NCC([*])=O)=O)CO)=O)O)=O)=O)=O)CCCCN,[*]C1C(C(C(OC1C(O[Na])=O)OC2C(C(O[Na])=O)OC(O[*])C(O)C2O)O)O,,,3.4885507165004443,10.1002_macp.202000186_part_2.txt_¶Î1_Material1
O=C(C1=CC=C(C=C1)C(OCC[*])=O)O[*],OCC1OC(C(C(C1[*])O)O)OC2C(C(C(OC2CO)O[*])O)O,,,,6.437750562820388,10.1016_j.compositesb.2014.03.026_part_1.txt_¶Î1_Material2
[*]CC[*],[*]CCCC([*])OC(C)=O,CCCCCCCCCCCCCCCCCCOC(CCC1=CC(C(C)(C)C)=C(C(C(C)(C)C)=C1)O)=O,,,5.513390750462478,10.1016_j.polymertesting.2019.106089_part_1.txt_¶Î1_Material1
[*]CC(C1=CC=C(C=C1)S(O)(=O)=O)[*],[*]C(C)C[*],,,,6.004321373782642,10.1016_j.memsci.2010.06.031_part_1.txt_¶Î1_Material1
[*]C(CCCCCO[*])=O,O=C([*])C(C)O[*],,,,5.781036938621132,10.1002_pc.22488_part_1.txt_¶Î1_Material1
O=C([*])C(C)O[*],O=C(CCCCC(NCCCCCCCCCCN[*])=O)[*],[*]CC(COC1=CC=C(C=C1)C(C)(C)C2=CC=C(C=C2)O[*])O,,,6.342817314635733,10.1002_app.39473_part_2.txt_¶Î1_Material1
[*]OCCOC(CC(C([*])=O)C(C1CCCCC1)CC(CC(O)=O)C(OCCO)=O)=O,[H][O-],[OH-].[OH-].[Ca+2],[H][Si]([H])([H])[H],,6.506640305566503,10.1002_pc.24011_part_2.txt_¶Î1_Material1
[*]CC[*],[*]C1C(OC(C(C1O)O)OC2C(OC(C(C2O)O)O[*])CO)CO,OC(C(CC(O)=O)(CC(O)=O)O)=O,,,5.079181246047625,10.34302_crpjfst_2020.12.5.1_OA_part_4.txt_¶Î1_Material1
C=C(C)C(=O)OCC(O)COC1=CC=C(C(C2=CC=C(O)C=C2)(C)C)C=C1,[*]C(NC1=C(C)C(NC(OCCO[*])=O)=CC=C1)=O,,,,5.056904851336473,10.1016_j.matpr.2020.06.330_part_1.txt_¶Î1_Material1
OCC1OC(C(C(C1[*])O)O)OC2C(C(C(OC2CO)O[*])O)O,OCC1OC(C(C(C1[*])O)O)OC2C(C(C(OC2CO)O[*])O)O,COC1=CC(/C=C/C=O)=CC(OC2=CC(C(C(OC3=CC=C(C=C3OC)C(C(CO)=O)O)CO)O)=CC=C2OC4=CC(C(C(COC5=CC=C(C=C5)C(C(CO)=O)O)=O)O)=CC=C4O)=C1,OCC1OC(C(C(C1[*])O)O)OC2C(C(C(OC2CO)O[*])O)O,,6.301029995663981,10.3390_polym5020730_part_1.txt_¶Î1_Material1
[*]NC(C(N1CCCC1C(NCC(N2CC(CC2C(NC(C(NCC([*])=O)=O)CO)=O)O)=O)=O)=O)CCCCN,[*]C([H])([H])C(O)([H])[*],CC1=CC2=C(C=C1C)N(C3=NC(NC(C3=N2)=O)=O)CC(C(C(CO)O)O)O,OCC(O)CO,,5.221492482051523,10.1111_jfpp.14550_part_1.txt_¶Î1_Material1
OCC1OC(C(C(C1[*])O)O)OC2C(C(C(OC2CO)O[*])O)O,OCC(C(C(C1N)O)O[*])OC1OC2C(OC(C(C2O)N)[*])CO,O=[Ti]=O,,,7,10.1016_j.indcrop.2021.113747_part_3.txt_¶Î1_Material1
C(C)(C1=CC=C(OCC2CO2)C=C1)(C)C1=CC=C(OCC2CO2)C=C1,[*]C1=CC(C2=NC3=CC(C4=CC=C5N=C([*])NC5=C4)=CC=C3N2)=CC=C1,,,,7.220108088040055,10.1080_00914037.2014.886220_part_2.txt_¶Î1_Material1
O=C([*])C(C)O[*],[*]CCC(CCCCCC)C[*],,,,6.100025730107863,10.1002_pen.24171_part_2.txt_¶Î1_Material1
[*]CC(COC1=CC=C(C=C1)C(C)(C)C2=CC=C(C=C2)O[*])O,[*]OC1C(O)C(O)C(OC2C(CO)OC([*])C(O)C2O)OC1CO,[H][Si]([H])([H])[H],,,6.623249290397901,10.1080_10426914.2015.1059444_part_4.txt_¶Î1_Material3
OCC(C(C(C1N)O)O[*])OC1OC2C(OC(C(C2O)N)[*])CO,O=C(C(C[*])[*])N,[Al+3],,,2.7781512503836434,10.1080_09205063.2021.1922170_part_1.txt_¶Î1_Material1
[*]C(N(CN(C(OCOC(N(CN(C(OCCO[*])=O)[H])[H])=O)=O)[H])[H])=O,OC1=C2C(C3(O)C4C5C6=C7C8C(C9=CC(C(O)=O)=C(C=C(C=C%10C(O)=O)C%11%12)C(C%11=C%13C%14C%15%16C%17(O%16)C%18C%19=C%20C%21=C%22C(C(O)=C%23)=C%24C%25C%21=C%26C%19=C%27C%17=C%28C%14(O)C%12=C%10C=C%28CC%27=CC%26=CC%25=C(C(O)=O)C=C%24)C9=C7C%13(O)C5=C%15C3=C%18C%29%30C%20(O%30)C%31C%22C%23=C%32)=CC(C(O)=O)=CC8=CC6=C(C(O)=O)C4=C2)=C%29C%33=C%31C%32=C(C(O)=O)C=C%331,,,,4.73559889969818,10.1016_j.compscitech.2016.07.027_part_3.txt_¶Î1_Material1
[*]C/C=C/CCC(C=C)CC([*])C1=CC=CC=C1,C/C(C[*])=C/C[*],O=C([O-])[O-].[Ca+2],,,3.845098040014257,10.5254_rct.18.82695_part_2.txt_¶Î1_Material2
O=S(C(C=C1)=CC=C1OC(C=C2)=CC=C2C(C)(C)C(C=C3)=CC=C3O[*])(C4=CC=C([*])C=C4)=O,[*]CC([*])N1CCCC1=O,[Ag],,,4.534026106056135,10.1007_s00289-019-02735-w_part_2.txt_¶Î1_Material1
OCC1OC(C(C(C1[*])O)O)OC2C(C(C(OC2CO)O[*])O)O,OCC(C(C(C1N)O)O[*])OC1OC2C(OC(C(C2O)N)[*])CO,O=[Si]=O,,,6.8750612633917,10.1016_j.carbpol.2019.04.065_part_1.txt_¶Î1_Material1
[*]CC(C#N)[*],[O-][Si]([O-])([O-])O[Si]([O-])([O-])[O-].[Ca+2],[O-][Si]([O-])([O-])O[Si]([O-])([O-])[O-].[Ca+2],,,6.8750612633917,10.1002_adv.21542_part_1.txt_¶Î1_Material1
[*]OCCCCOC(CCC([*])=O)=O,O=[Zr]=O,,,,5.990782691803138,10.3390_polym13010079_part_1.txt_¶Î1_Material1
O=C([*])C(C)O[*],[*]C(CCCCC(OCCCCO[*])=O)=O,CCCCCCCCCCCCCCCCCCOC(CCC1=CC(C(C)(C)C)=C(C(C(C)(C)C)=C1)O)=O,,,5.6296745806078885,10.4028_www.scientific.net_amr.506.126_part_1.txt_¶Î1_Material1
[*]CC(C1=CC=CC=C1)[*],C=C([CH3])C(=O)O[CH3],[*]OCC[*],,,5.600972895686748,10.1002_slct.201902351_part_2.txt_¶Î1_Material1
[*]C(C)C[*],O=C(C1=CC=C(C=C1)C(OCC[*])=O)O[*],[*]C(C)C[*],C12=CC3=CC4=CC=CN=C4N=C3N=C1N=C5N=C6N=CC=CC6=CC5=C2,,6.230448921378274,10.1002_pen.25315_part_1.txt_¶Î1_Material1
OCC(C(C(C1N)O)O[*])OC1OC2C(OC(C(C2O)N)[*])CO,CO[Si](OC)(OC)CCCOCC1CO1,,,,5.261024833992398,10.1088_1757-899x_223_1_012018_part_2.txt_¶Î1_Material1
[*]CC(C1=CC=CC=C1)[*],[*]C1C(O)C(O)C(OC2C(O)C(O)C(O[*])OC2COC(C)=O)OC1COC(C)=O,,,,6.146128035678238,10.1021_acssuschemeng.0c06480_part_2.txt_¶Î1_Material1
O=C(C(C[*])[*])N,[O-][Si](O[Si]([O-])=O)=O,[Fe+3],,,2.672097857935717,10.1002_app.51509_part_2.txt_¶Î1_Material1
[*]C(NC1=C(C)C(NC(OCCO[*])=O)=CC=C1)=O,O=C=NC(C=C1)=CC=C1CC2=CC=C(C=C2)N=C=O,[*]OCC[*],,,4.271841606536499,10.1039_c2jm30517h_part_2.txt_¶Î1_Material2
[*]C([H])([H])C(O)([H])[*],C=CC(OCCCC)=O,,,,6.76715586608218,10.1016_j.compositesb.2020.108205_part_4.txt_¶Î1_Material1
[*]CC[*],O=[Si]=O,OC1=C2C(C3(O)C4C5C6=C7C8C(C9=CC(C(O)=O)=C(C=C(C=C%10C(O)=O)C%11%12)C(C%11=C%13C%14C%15%16C%17(O%16)C%18C%19=C%20C%21=C%22C(C(O)=C%23)=C%24C%25C%21=C%26C%19=C%27C%17=C%28C%14(O)C%12=C%10C=C%28CC%27=CC%26=CC%25=C(C(O)=O)C=C%24)C9=C7C%13(O)C5=C%15C3=C%18C%29%30C%20(O%30)C%31C%22C%23=C%32)=CC(C(O)=O)=CC8=CC6=C(C(O)=O)C4=C2)=C%29C%33=C%31C%32=C(C(O)=O)C=C%331,,,6.198657086954422,10.1002_pc.22574_part_2.txt_¶Î1_Material2
FC(F)([*])C([H])([*])[H],[*]C([H])([H])C(O)([H])[*],,,,6.3979400086720375,10.1088_1748-605x_ab5509_part_5.txt_¶Î1_Material2
C(C)(C1=CC=C(OCC2CO2)C=C1)(C)C1=CC=C(OCC2CO2)C=C1,[*]OC1OC(CO)C(OC2C(O)C(O)C([*])C(CO)O2)C(O)C1O,,,,6.957607287060095,10.1002_pc.23650_part_2.txt_¶Î1_Material1
[*]O[C@H](C)CC([*])=O,[*]C(CCCCCO[*])=O,O=[Si]=O,,,5.235528446907549,10.1016_j.colsurfb.2015.08.023_part_1.txt_¶Î1_Material1
[*]C(NC1=C(C)C(NC(OCCO[*])=O)=CC=C1)=O,C=C([CH3])C(=O)O[CH3],CC(C(=O)O)(CO)CO,,,6.079181246047625,10.1002_mame.201900155_part_1.txt_¶Î1_Material1
[*]O[C@H](C)CC([*])=O,O=[Ti]=O,,,,6.176091259055681,10.1002_pi.4616_part_2.txt_¶Î1_Material1
[*]C1C(C(C(OC1C(O[Na])=O)OC2C(C(O[Na])=O)OC(O[*])C(O)C2O)O)O,OCCOC1C(OCCO)C(C(OCCO)COCCOC(CCCCCCCCCCCCCCCCC)=O)OC1,,,,6.380211241711606,10.3390_colloids3030058_part_2.txt_¶Î1_Material4
O=C(C(C[*])[*])N,[*]C1OC2COC(C2OC3C(C(C(C(C3)CO)OS(=O)([O-])=O)O[*])O)C1OS(=O)([O-])=O,,,,1.99519629159718,10.1021_acsapm.9b01198_part_1.txt_¶Î1_Material1
[*]CC[*],O=[Al]O[Al]=O.O=[Si]=O.O=[Si]=O.O=[Si]=O,O=C1C=CC(O1)=O.C=C,,,6.32221929473392,10.1177_8756087913494083_part_2.txt_¶Î1_Material1
[*]C([H])([H])C(O)([H])[*],C=C([CH3])C(=O)OC([CH3])[CH3],,,,6.073718350346122,10.1002_pc.22482_part_2.txt_¶Î1_Material5
[*]C(N(CN(C(OCOC(N(CN(C(OCCO[*])=O)[H])[H])=O)=O)[H])[H])=O,[Ag+],,,,3.8948696567452528,10.1002_pc.24156_part_2.txt_¶Î1_Material3
[*]CC[*],[*]CC(C1=CC=CC=C1)[*],[*]CC(CCCC(CC)CC([*])C1=CC=CC=C1)C2=CC=CC=C2,[*]C1=C(C=CN2)C2=C([*])C(O)=C1O,,5.716837723299524,10.1016_j.memsci.2021.119406_part_2.txt_¶Î1_Material1
[*]C(C)C[*],[*]CC(O)COC(CCCCCCCCC(O[*])=O)=O,O=[Si]=O,,,6.20682587603185,10.1002_app.45887_part_2.txt_¶Î1_Material3
[*]CC(COC1=CC=C(C=C1)C(C)(C)C2=CC=C(C=C2)O[*])O,[C],,,,6.079181246047625,10.1002_app.41211_part_2.txt_¶Î1_Material1
[*]C([H])([H])C(O)([H])[*],OCC(C(C(C1N)O)O[*])OC1OC2C(OC(C(C2O)N)[*])CO,O=C([O-])[O-].[Ca+2],C(CC=O)CC=O,,5.5720579899263045,10.1007_s10853-016-0056-8_part_2.txt_¶Î1_Material1
[*]CC(C#N)[*],O=[Si]=O,,,,7.1003705451175625,10.1002_pc.25427_part_2.txt_¶Î1_Material1
O=C(O[Na])COCC(OC(C(C1O)O)[*])C1OC(C(C(C2O[*])O)O)OC2COCC(O[Na])=O,O=C(O[Na])COCC(OC(C(C1O)O)[*])C1OC(C(C(C2O[*])O)O)OC2COCC(O[Na])=O,OCC(O)CO,,,6.168650667583464,10.1016_j.carbpol.2017.05.003_part_1.txt_¶Î1_Material1
O=C([*])C(C)O[*],OP(O)(O)=O,[*]C([C@H](C)OC([C@H](C)O[*])=O)=O,,,6.3979400086720375,10.1016_j.polymdegradstab.2017.05.029_part_5.txt_¶Î1_Material1
O=C([*])CCCCCN[*],O=C([*])C1=CC=C2C=C(C=CC2=C1)OC(C3=CC=C(C=C3)O[*])=O,,,,6.284453294010853,10.3390_polym12102323_part_3.txt_¶Î1_Material2
CC(NC(C([*])C)=O)C(NC(C)C(NC(C)C(N[*])=O)=O)=O,[*]C([H])([H])C(O)([H])[*],,,,6.8750612633917,10.1515_epoly.2010.10.1.1567_part_1.txt_¶Î1_Material1
C[Si](C)(C[*])O[*],C12[Si]34C15C3C425,O=[Si]=O,,,3.012837224705172,10.1016_j.matlet.2020.128548_part_1.txt_¶Î1_Material1
O=C(C(C[*])[*])N,[*]C1C(C(C(OC1C(O[Na])=O)OC2C(C(O[Na])=O)OC(O[*])C(O)C2O)O)O,[Ag],,,1,10.1038_s41928-021-00545-5_part_1.txt_¶Î1_Material1
C[Si](C)(C[*])O[*],[*]C(F)(C(F)([*])F)F,,,,2.6989700043360187,10.1088_0960-1317_22_1_015013_part_1.txt_¶Î1_Material1
C12=CC3=CC4=CC=CN=C4N=C3N=C1N=C5N=C6N=CC=CC6=CC5=C2,[*]CC(COC1=CC=C(C=C1)C(C)(C)C2=CC=C(C=C2)O[*])O,,,,8.287801729930226,10.1002_mame.201700210_part_1.txt_¶Î1_Material1
[*]C1C(OC(C(C1O)O)OC2C(OC(C(C2O)O)O[*])CO)CO,[*]C([H])([H])C(O)([H])[*],C(CC=O)CC=O,,,6.187520720836463,10.1016_j.carbpol.2010.09.056_part_1.txt_¶Î1_Material1
[*]CC[*],[*]C/C=C/CCC([*])C#N,,,,5.079181246047625,10.1080_03602559.2014.974191_part_2.txt_¶Î1_Material1
OCC(C(C(C1N)O)O[*])OC1OC2C(OC(C(C2O)N)[*])CO,[*]C(CCCCCO[*])=O,[*]OC1C(C(O)=O)OC(OC2C(NC(C)=O)C([*])OC(CO)C2O)C(O)C1O,,,3.662757831681574,10.1016_j.ijbiomac.2018.05.099_part_4.txt_¶Î1_Material1
[*]C(C)C[*],O=[Si]=O,[*]C(C)C[*],,,6.415974411376566,10.1088_2053-1591_aac67d_part_3.txt_¶Î1_Material1
[*]C(C)C[*],[*]CCC(CCCCCC)C[*],,,,6,10.1007_s10924-012-0441-6_part_1.txt_¶Î1_Material1
O=C([*])C(C)O[*],O=[Al]O[Al]=O.O=[Si]=O.O=[Si]=O.O=[Si]=O,,,,6.740362689494244,10.1016_j.ijbiomac.2015.11.028_part_2.txt_¶Î1_Material2
[*]OCCOC(CC(C([*])=O)C(C1CCCCC1)CC(CC(O)=O)C(OCCO)=O)=O,[*]OC1OC(CO)C(OC2C(O)C(O)C([*])C(CO)O2)C(O)C1O,O=[Al]O[Al]=O,O=[Zr]=O,,5.994756944587628,10.1002_pc.24410_part_1.txt_¶Î1_Material1
O=P([O-])([O-])[O-].[Ca+2].[Ca+2].[OH-],[*]C1C(C(C(OC1C(O[Na])=O)OC2C(C(O[Na])=O)OC(O[*])C(O)C2O)O)O,,,,5.809559714635268,10.1007_s40204-020-00127-2_part_1.txt_¶Î1_Material1
O=C([*])C(C)O[*],[*]C(CCCCC(OCCCCO[*])=O)=O,[*]C1C(OC(C(C1O)O)OC2C(OC(C(C2O)O)O[*])CO)CO,,,5.72083710083548,10.1016_j.jfoodeng.2019.04.004_part_1.txt_¶Î1_Material1
[*]C(NC1=C(C)C(NC(OCCO[*])=O)=CC=C1)=O,C12=CC3=CC4=CC=CN=C4N=C3N=C1N=C5N=C6N=CC=CC6=CC5=C2,,,,4.103119253545714,10.1080_09276440.2020.1774213_part_4.txt_¶Î1_Material1
[*]C(CCCCCO[*])=O,[*]NC(C(N1CCCC1C(NCC(N2CC(CC2C(NC(C(NCC([*])=O)=O)CO)=O)O)=O)=O)=O)CCCCN,O=[Si]=O,,,3.857935264719429,10.1002_app.50264_part_3.txt_¶Î1_Material1
[*]C([H])([H])C(O)([H])[*],[*]CC(C1=CC=C(C=C1)S(O)(=O)=O)[*],,,,5.648360010980932,10.1007_s11664-019-07676-8_part_3.txt_¶Î1_Material1
O=C([*])C(C)O[*],C/C(C[*])=C/C[*],[*]CC(C#N)[*],,,6.0751453270538525,10.1016_j.jmrt.2021.08.130_part_1.txt_¶Î1_Material1
[*]CCCCOCCCCOCCCCOCCCCO[*],O=C=NC(C=C1)=CC=C1CC2=CC=C(C=C2)N=C=O,CCCCCCCCCCCCCCCCCCOC(CCC1=CC(C(C)(C)C)=C(C(C(C)(C)C)=C1)O)=O,,,3.6711728427150834,10.3390_polym13010143_part_2.txt_¶Î1_Material1
[*]CC[*],[*]CC(C1=CC=CC=C1)[*],O=[Al]O[Al]=O.O=[Si]=O.O=[Si]=O.O=[Si]=O,,,5.599883072073688,10.1177_0731684411426626_part_1.txt_¶Î1_Material1
[*]C(C)C[*],[*]CCCC(C1C([*])C2CC1C/C2=C/C)C,[*]C(C)C[*],,,6.330413773349191,10.1016_j.polymertesting.2018.10.035_part_2.txt_¶Î1_Material1
Cl[Si](C)(C)C,[*]CC[*],[*]C1C(C(C(OC1C(O[Na])=O)OC2C(C(O[Na])=O)OC(O[*])C(O)C2O)O)O,,,5.698970004336019,10.1002_pc.23534_part_1.txt_¶Î1_Material2
[*]OCCOC(CC(C([*])=O)C(C1CCCCC1)CC(CC(O)=O)C(OCCO)=O)=O,OC1=C(C=CC=C1CC2=CC=CC([*])=C2O)CC3=CC=CC([*])=C3O,O=C(C1=CC=C(C([*])=O)C=C1)NC2=CCC(N[*])C=C2,,,6.012837224705172,10.4028_www.scientific.net_amr.1134.61_part_1.txt_¶Î1_Material1
[*]CC([*])Cl,O=[Si]=O,,,,6.470821949540013,10.1007_s11431-010-4123-0_part_1.txt_¶Î1_Material1
O=C([*])C1=CC=C2C=C(C=CC2=C1)OC(C3=CC=C(C=C3)O[*])=O,[*]C(C=C1)=CC=C1S[*],[*]CC(COC1=CC=C(C=C1)C(C)(C)C2=CC=C(C=C2)O[*])O,O1C(=O)C=CC1=O,,7.518513939877887,10.1016_j.compscitech.2018.10.001_part_2.txt_¶Î1_Material1
O=[Ca].[O-][Si]([O-])([O-])[O-].[Ca+2].[Ca+2],[*]C(C)C[*],[*]NCC(NC(C(ONCC(NC(C(NCC(NC(C([*])=O)C)=O)=O)C)=O)=O)CO)=O,,,7,10.25130_tjes.22.2.04_OA_part_2.txt_¶Î1_Material1
[*]CC(COC1=CC=C(C=C1)C(C)(C)C2=CC=C(C=C2)O[*])O,C[Si](O[*])(C)[*],,,,7.253095585849032,10.1016_j.compstruct.2014.08.026_part_1.txt_¶Î1_Material3
[*]C([H])([H])C(O)([H])[*],OCC(C(C(C1N)O)O[*])OC1OC2C(OC(C(C2O)N)[*])CO,[Zn]=O,,,5.969415912353981,10.3390_ijms150611040_part_1.txt_¶Î1_Material1
OP(O)(O)=O,[*]CC(OC(O[*])=O)C,[*]C([H])([H])C(O)([H])[*],,,5.705007959333336,10.1007_s00396-021-04869-8_part_3.txt_¶Î1_Material1
[*]CC(COC1=CC=C(C=C1)C(C)(C)C2=CC=C(C=C2)O[*])O,[S],,,,7.195899652409234,10.1016_j.jclepro.2021.126041_part_1.txt_¶Î1_Material1
OCC1OC(C(C(C1O[*])O)O)[*],OCC(O)CO,,,,6.469822015978163,10.1016_j.jcomc.2020.100011_part_2.txt_¶Î1_Material1
OCC1OC(C(C(C1[*])O)O)OC2C(C(C(OC2CO)O[*])O)O,O=C(C(C[*])[*])N,[H]Cl,,,1.3979400086720375,10.1016_j.carbpol.2021.118207_part_1.txt_¶Î1_Material1
[*]CC[*],[C],,,,5.954242509439325,10.1007_s42341-020-00195-y_part_1.txt_¶Î1_Material1
O=C(CCCCCCCCCCC(NCCCCCCCCCCN[*])=O)[*],O=[Si]=O,,,,6.342422680822207,10.1007_s10118-016-1812-6_part_1.txt_¶Î1_Material1
O=C([*])C(C)O[*],[*]C(CCCCC(OCCCCO[*])=O)=O,,,,6.505149978319906,10.1016_j.polymer.2020.122591_part_2.txt_¶Î1_Material1
[*]C(NC1=C(C)C(NC(OCCO[*])=O)=CC=C1)=O,[Zn]=O,,,,6.079181246047625,10.1016_j.polymertesting.2020.106526_part_1.txt_¶Î1_Material1
[*]C1C(C(C(OC1C(O[Na])=O)OC2C(C(O[Na])=O)OC(O[*])C(O)C2O)O)O,[Zn]=O,,,,6.05907091309298,10.1016_j.colsurfb.2018.04.058_part_1.txt_¶Î1_Material1
[*]CC(OC(O[*])=O)C,[*]C(C)C[*],,,,5.742725131304698,10.1177_1558925019849714_part_2.txt_¶Î1_Material1
[*]NCCCCCCCCCCCC([*])=O,O=[Zr]=O,[Ca+2],,,6.122890558945699,10.1016_j.dental.2018.09.006_part_1.txt_¶Î1_Material1
[*]C(NC1=C(C)C(NC(OCCO[*])=O)=CC=C1)=O,[*]C1=C(C=CN2)C2=C([*])C(O)=C1O,,,,4.56157836830096,10.1016_j.compositesb.2021.109273_part_1.txt_¶Î1_Material1
OCC(C(C(C1N)O)O[*])OC1OC2C(OC(C(C2O)N)[*])CO,[*]NC(C(N1CCCC1C(NCC(N2CC(CC2C(NC(C(NCC([*])=O)=O)CO)=O)O)=O)=O)=O)CCCCN,[Zn]=O,,,6.792391689498253,10.1007_s10570-019-02457-2_part_2.txt_¶Î1_Material1
[*]CC[*],O=[Si]=O,C=C([CH3])C(=O)OC([CH3])[CH3],,,6.32221929473392,10.3390_ma14092276_part_2.txt_¶Î1_Material1
[*]OC(CC(OC(CC([*])=O)CC)=O)C,O=C([*])C(C)O[*],OP(O)(O)=O,,,6.314709692955174,10.1021_am3004522_part_1.txt_¶Î1_Material2
[*]C(CCCCCO[*])=O,[*]OCC[*],CNC(CNC(CN)=O)=O,,,4.308137378638039,10.1007_s00339-017-1474-4_part_2.txt_¶Î1_Material1
O=[Si]=O.[Ca]=O,[*]C(C)C[*],,,,6.531478917042255,10.1016_j.conbuildmat.2016.02.049_part_2.txt_¶Î1_Material1
[*]C([H])([H])C(O)([H])[*],O=[Si]=O.[Ca]=O,O=[Si]=O,[H]O[H],,7.303196057420489,10.1016_j.conbuildmat.2019.06.088_part_1.txt_¶Î1_Material1
O=C([*])OC1=CC=C(C=C1)C(C)(C)C2=CC=C(C=C2)O[*],OC1=C2C(C3(O)C4C5C6=C7C8C(C9=CC(C(O)=O)=C(C=C(C=C%10C(O)=O)C%11%12)C(C%11=C%13C%14C%15%16C%17(O%16)C%18C%19=C%20C%21=C%22C(C(O)=C%23)=C%24C%25C%21=C%26C%19=C%27C%17=C%28C%14(O)C%12=C%10C=C%28CC%27=CC%26=CC%25=C(C(O)=O)C=C%24)C9=C7C%13(O)C5=C%15C3=C%18C%29%30C%20(O%30)C%31C%22C%23=C%32)=CC(C(O)=O)=CC8=CC6=C(C(O)=O)C4=C2)=C%29C%33=C%31C%32=C(C(O)=O)C=C%331,O=[Al]O[Al]=O,,,6.447158031342219,10.1016_j.apsusc.2012.12.112_part_1.txt_¶Î1_Material1
[*]NC(C(N1CCCC1C(NCC(N2CC(CC2C(NC(C(NCC([*])=O)=O)CO)=O)O)=O)=O)=O)CCCCN,[*]C1C(C(C(OC1C(O[Na])=O)OC2C(C(O[Na])=O)OC(O[*])C(O)C2O)O)O,Cl[Ca]Cl,,,4.334855689617291,10.1088_1742-6596_1213_4_042020_part_2.txt_¶Î1_Material1
[*]CC[*],C=C(C(OCC1CO1)=O)C,,,,5.518513939877887,10.1002_pc.25755_part_1.txt_¶Î1_Material1
[*]C([H])([H])C(O)([H])[*],[*]C1C(OC(C(C1O)O)OC2C(OC(C(C2O)O)O[*])CO)CO,O=C([H])[H],,,5.301029995663981,10.1016_j.jwpe.2017.08.014_part_1.txt_¶Î1_Material1
[*]C(CCCCCO[*])=O,[*]C1C(C(C(OC1C(O[Na])=O)OC2C(C(O[Na])=O)OC(O[*])C(O)C2O)O)O,Cl[Ca]Cl,,,4.235023159495223,10.1016_j.matdes.2020.108849_part_1.txt_¶Î1_Material1
[*]C(CCCCCO[*])=O,OCC(C(C(C1N)O)O[*])OC1OC2C(OC(C(C2O)N)[*])CO,O=C([O-])[O-].[Ca+2],,,5.332256624164205,10.3390_ijms13044508_part_1.txt_¶Î1_Material1
[*]OCCCCOC(CCC([*])=O)=O,OC1=C2C(C3(O)C4C5C6=C7C8C(C9=CC(C(O)=O)=C(C=C(C=C%10C(O)=O)C%11%12)C(C%11=C%13C%14C%15%16C%17(O%16)C%18C%19=C%20C%21=C%22C(C(O)=C%23)=C%24C%25C%21=C%26C%19=C%27C%17=C%28C%14(O)C%12=C%10C=C%28CC%27=CC%26=CC%25=C(C(O)=O)C=C%24)C9=C7C%13(O)C5=C%15C3=C%18C%29%30C%20(O%30)C%31C%22C%23=C%32)=CC(C(O)=O)=CC8=CC6=C(C(O)=O)C4=C2)=C%29C%33=C%31C%32=C(C(O)=O)C=C%331,,,,5.285557309007774,10.3390_polym13132042_part_1.txt_¶Î1_Material1
[*]OC1C(C(OC(C1O)OC2C3C(C(OC2CO3)[*])O)CO)O,[*][C@H]1[C@H](O)[C@@H](O)[C@H](O[C@H]2[C@H]([C@@H](O)[C@H](O[C@H]3[C@H](O)[C@H](O)[C@H](O[C@H]4[C@H](O)[C@H](O)[C@H](O[*])O[C@@H]4CO)O[C@@H]3CO)O[C@@H]2COC(C)=O)O)O[C@@H]1CO,,,,6.291391053078407,10.1016_j.carbpol.2013.03.083_part_1.txt_¶Î1_Material2
[*]C(C)C[*],[*]C1C(O)C(O)C(OC2C(O)C(O)C(O[*])OC2COCCO)OC1COCCO,,,,5.991226075692495,10.1007_s12221-013-0121-8_part_1.txt_¶Î1_Material1
[*]C/C=C/C[*],OCC1OC(C(C(C1[*])O)O)OC2C(C(C(OC2CO)O[*])O)O,,,,5.285084503335219,10.1177_0892705720935968_part_3.txt_¶Î1_Material4
O=C([*])C(C)O[*],COC(C(C[*])([*])C)=O,[Mg],,,6.290702243287854,10.1002_app.50124_part_2.txt_¶Î1_Material1
O=C([*])C(C)O[*],OP(O)(O)=O,O=C=NC(C=C1)=CC=C1CC2=CC=C(C=C2)N=C=O,C=C([CH3])C(=O)OC([CH3])[CH3],,6.851135995011574,10.3390_ma13071660_part_2.txt_¶Î1_Material1
OCC1OC(C(C(C1[*])O)O)OC2C(C(C(OC2CO)O[*])O)O,OCC1OC(C(C(C1[*])O)O)OC2C(C(C(OC2CO)O[*])O)O,[H][O-],O=C(N)N,,6.45484486000851,10.1007_s10570-015-0835-4_part_3.txt_¶Î1_Material2
[*]C(C)C[*],NC1=CC=C(C=C1)/C2=C3C=C/C(N\3)=C(C4=N/C(C=C4)=C(C5=CC=C(N5)/C(C6=CC=CC=C6)=C7N=C2C=C\7)/C8=CC=CC=C8)\C9=CC=CC=C9,O=C(O)CCCCCCCCCCCCCCCCC,,,6.477121254719663,10.1007_s10570-021-03884-w_part_3.txt_¶Î1_Material1
OCC(C(C(C1N)O)O[*])OC1OC2C(OC(C(C2O)N)[*])CO,OCC1OC(C(C(C1[*])O)O)OC2C(C(C(OC2CO)O[*])O)O,,,,6.472902651803664,10.1016_j.carbpol.2012.07.037_part_1.txt_¶Î1_Material1
C[Si](C)(C[*])O[*],[*]CC(C1=CC=C(C=C1)S(O)(=O)=O)[*],[Ag+],,,3.3010299956639813,10.22190_fume221205002k_OA_part_2.txt_¶Î1_Material1
OCC1OC(C(C(C1[*])O)O)OC2C(C(C(OC2CO)O[*])O)O,[Zn]=O,[Ag+],,,6.3979400086720375,10.1002_adma.202000682_part_4.txt_¶Î1_Material1
[*]C/C=C/CCC(C=C)CC([*])C1=CC=CC=C1,C/C(C[*])=C/C[*],,,,3.869231719730976,10.5254_rct.18.82695_part_2.txt_¶Î1_Material1
OCC1OC(C(C(C1[*])O)O)OC2C(C(C(OC2CO)O[*])O)O,[H][O-],[Na+].[Cl-],,,6.260071387985075,10.1007_s13726-016-0462-4_part_1.txt_¶Î1_Material1
OCC(C(C(C1N)O)O[*])OC1OC2C(OC(C(C2O)N)[*])CO,[*]NCC(NC(C(ONCC(NC(C(NCC(NC(C([*])=O)C)=O)=O)C)=O)=O)CO)=O,[*]C1C(OC(C(C1O)O)OC2C(OC(C(C2O)O)O[*])CO)CO,,,6.1264561134318045,10.1016_j.msec.2012.02.015_part_1.txt_¶Î1_Material1
O=C(C1=CC=C(C=C1)C(OCC[*])=O)O[*],O=C=NC(C=C1)=CC=C1CC2=CC=C(C=C2)N=C=O,,,,6.643452676486188,10.1186_s10086-020-01917-9_part_1.txt_¶Î1_Material1
O=C([*])C(C)O[*],O=C(O[*])CCCCCCCCCCN[*],O=[Si]=O,,,6.279210512601395,10.1007_s10924-017-0977-6_part_1.txt_¶Î1_Material1
[*]C(C)C[*],OP(O)(O)=O,[*]C(C)C[*],,,6.110252917353403,10.1007_s10965-017-1289-1_part_2.txt_¶Î1_Material1
[*]CC[*],[*]OC1OC(CO)C(OC2C(O)C(O)C([*])C(CO)O2)C(O)C1O,O1C(=O)C=CC1=O,,,6.0144575320868405,10.1080_15440478.2020.1838999_part_3.txt_¶Î1_Material1
OCC(C(C(C1N)O)O[*])OC1OC2C(OC(C(C2O)N)[*])CO,OCC1OC(C(C(C1[*])O)O)OC2C(C(C(OC2CO)O[*])O)O,O=[Si]=O,,,6.8750612633917,10.1016_j.carbpol.2019.04.065_part_2.txt_¶Î1_Material1
C=C([CH3])C(=O)O[CH3],OCC(C(C(C1N)O)O[*])OC1OC2C(OC(C(C2O)N)[*])CO,,,,5.359835482339888,10.1186_s44147-022-00077-5_OA_part_2.txt_¶Î1_Material1
[*]C([H])([H])C(O)([H])[*],[H][Si]([H])([H])[H],,,,7.163250849512631,10.1061_(asce)mt.1943-5533.0001574_part_1.txt_¶Î1_Material1
[*]OC1OC(CO)C(OC2C(O)C(O)C([*])C(CO)O2)C(O)C1O,O=C(C1=CC=C(C=C1)C(OCC[*])=O)O[*],,,,6.491361693834273,10.4271_2018-01-0844_part_1.txt_¶Î1_Material1
[*]OCC[*],[*]NCC(NC(C(ONCC(NC(C(NCC(NC(C([*])=O)C)=O)=O)C)=O)=O)CO)=O,,,,6.204119982655925,10.1021_acs.biomac.8b01715_part_2.txt_¶Î1_Material1
[*]CC[*],[*]CCC1C([*])C2CCC1C2,,,,6.079181246047625,10.4236_ojcm.2022.123007_OA_part_1.txt_¶Î1_Material1
O=C([*])C(C)O[*],[*]C(C)C[*],C=C(C(OCC1CO1)=O)C,,,6.098297536494697,10.1002_app.33866_part_1.txt_¶Î1_Material1
C=C([CH3])C(=O)O[CH3],[*]NC(C)C(N1CCCC1C([*])=O)=O,,,,5.023540521554854,10.1016_j.msec.2019.110378_part_1.txt_¶Î1_Material1
[*]C(N(CN(C(OCOC(N(CN(C(OCCO[*])=O)[H])[H])=O)=O)[H])[H])=O,C[Si](C)(C[*])O[*],[*]CCN[*],OC1=C2C(C3(O)C4C5C6=C7C8C(C9=CC(C(O)=O)=C(C=C(C=C%10C(O)=O)C%11%12)C(C%11=C%13C%14C%15%16C%17(O%16)C%18C%19=C%20C%21=C%22C(C(O)=C%23)=C%24C%25C%21=C%26C%19=C%27C%17=C%28C%14(O)C%12=C%10C=C%28CC%27=CC%26=CC%25=C(C(O)=O)C=C%24)C9=C7C%13(O)C5=C%15C3=C%18C%29%30C%20(O%30)C%31C%22C%23=C%32)=CC(C(O)=O)=CC8=CC6=C(C(O)=O)C4=C2)=C%29C%33=C%31C%32=C(C(O)=O)C=C%331,,3.9242792860618816,10.1016_j.actbio.2021.04.055_part_2.txt_¶Î1_Material1
O=C(C(C[*])[*])N,[*]NC(C(N1CCCC1C(NCC(N2CC(CC2C(NC(C(NCC([*])=O)=O)CO)=O)O)=O)=O)=O)CCCCN,[*]OC1C(COC2OC(CO)C(O)C(O)C2O)OC(OC3C(CO)OC(C(O)C3O)[*])C(O)C1O,,,4.623249290397901,10.1016_j.eurpolymj.2019.05.033_part_3.txt_¶Î1_Material1
[*]C(C)C[*],O[Si](O)(O[Si](O)(O)O)O.[Al].[Al].O,,,,6.079181246047625,10.2478_v10026-011-0039-0_part_1.txt_¶Î1_Material1
OP(O)(O)=O,[*]C1=C(C=CN2)C2=C([*])C(O)=C1O,,,,6.806179973983888,10.1016_j.compositesb.2020.108273_part_4.txt_¶Î1_Material1
O=C([*])C(C)O[*],[*]OC1OC(CO)C(OC2C(O)C(O)C([*])C(CO)O2)C(O)C1O,,,,6.518513939877887,10.1155_2013_738741_part_1.txt_¶Î1_Material1
[*]OCC[*],CC(C[*])O[*],COC1=CC(/C=C/C=O)=CC(OC2=CC(C(C(OC3=CC=C(C=C3OC)C(C(CO)=O)O)CO)O)=CC=C2OC4=CC(C(C(COC5=CC=C(C=C5)C(C(CO)=O)O)=O)O)=CC=C4O)=C1,,,5.982723387668545,10.1002_marc.202000492_part_1.txt_¶Î1_Material1
O=C(C(C[*])[*])N,O=C(C(C[*])[*])N,[*]OCC[*],,,2.6020599913279625,10.1021_ma300357f_part_1.txt_¶Î1_Material1
[*]C([H])([H])C(O)([H])[*],O=[Zr]=O,,,,5.227886704613674,10.1016_j.ceramint.2018.07.167_part_2.txt_¶Î1_Material1
[*]C(CCCCCO[*])=O,[*]C(CCCCCO[*])=O,[*]C1C(OC(C(C1O)O)OC2C(OC(C(C2O)O)O[*])CO)CO,,,6.079181246047625,10.1039_c3nj01647a_part_1.txt_¶Î1_Material1
O=C([*])C(C)O[*],OP(O)(O)=O,[*]NCC(NC(C(ONCC(NC(C(NCC(NC(C([*])=O)C)=O)=O)C)=O)=O)CO)=O,,,6.086359830674748,10.1002_masy.201800167_part_1.txt_¶Î1_Material1
[*]OCCCCOC(CCC([*])=O)=O,O=[Ti]=O,,,,6,10.1021_acsomega.8b00332_part_2.txt_¶Î1_Material1
O=C([*])C(C)O[*],[*]CC(OC(O[*])=O)C,,,,5.71717102683231,10.1002_app.46009_part_3.txt_¶Î1_Material1
[*]CC[*],[*]OCC[*],N#CC(C1=CC=CC=N1)C1=CC=CC=C1,,,5.11149774880803,10.1002_vnl.20292_part_1.txt_¶Î1_Material2
FC(F)([*])C([H])([*])[H],[*]CC(CC=CCC([*])C1=CC=CC=C1)C#N,C=C([CH3])C(=O)O[CH3],OC1=C2C(C3(O)C4C5C6=C7C8C(C9=CC(C(O)=O)=C(C=C(C=C%10C(O)=O)C%11%12)C(C%11=C%13C%14C%15%16C%17(O%16)C%18C%19=C%20C%21=C%22C(C(O)=C%23)=C%24C%25C%21=C%26C%19=C%27C%17=C%28C%14(O)C%12=C%10C=C%28CC%27=CC%26=CC%25=C(C(O)=O)C=C%24)C9=C7C%13(O)C5=C%15C3=C%18C%29%30C%20(O%30)C%31C%22C%23=C%32)=CC(C(O)=O)=CC8=CC6=C(C(O)=O)C4=C2)=C%29C%33=C%31C%32=C(C(O)=O)C=C%331,,6.325310371711061,10.1039_c4cp04481a_part_4.txt_¶Î1_Material3
O=C([*])C(C)O[*],CCCCCCCCCCCCCCCCCCOC(CCC1=CC(C(C)(C)C)=C(C(C(C)(C)C)=C1)O)=O,,,,6.54282542695918,10.1002_pc.23627_part_1.txt_¶Î1_Material1
O=C([*])C(C)O[*],[*]O[C@H](C)CC([*])=O,OCC1OC(C(C(C1O)O[*])O)OC2C(C(C(OC2COS(=O)(O)=O)[*])NC(C)=O)O,,,5.643452676486188,10.3390_ijms21249678_part_1.txt_¶Î1_Material1
[*]C(C)C[*],O=C([*])C1=CC=C2C=C(C=CC2=C1)OC(C3=CC=C(C=C3)O[*])=O,,,,6.176091259055681,10.1016_j.eurpolymj.2015.07.057_part_1.txt_¶Î1_Material1
OCC(C(C(C1N)O)O[*])OC1OC2C(OC(C(C2O)N)[*])CO,[*]OC1C(C(O)=O)OC(OC2C(NC(C)=O)C([*])OC(CO)C2O)C(O)C1O,[*]NC(C)C(N1CCCC1C([*])=O)=O,[Ca+2],,5,10.1021_cr100123h_part_2.txt_¶Î1_Material3
[*]C([H])([H])C(O)([H])[*],O=C(O[Na])COCC(OC(C(C1O)O)[*])C1OC(C(C(C2O[*])O)O)OC2COCC(O[Na])=O,C12=C3C(C=CC4C3=C5C(CC6=CC7=C8C9=C(C(C=C%10)=CC=C9C=C7)C%11=C%10C%12)=CC4)=CC=C1C=C%12C%13=C%11C8=C6C5=C2%13,,,5.6020599913279625,10.1002_pc.23823_part_1.txt_¶Î1_Material1
[*]NCC(NC(C(ONCC(NC(C(NCC(NC(C([*])=O)C)=O)=O)C)=O)=O)CO)=O,[*]CC(C1=CC=C(C=C1)S(O)(=O)=O)[*],[*]C([H])([H])C(O)([H])[*],,,5.301029995663981,10.3390_polym12123028_part_1.txt_¶Î1_Material1
[*]CC(COC1=CC=C(C=C1)C(C)(C)C2=CC=C(C=C2)O[*])O,O=[Si]=O,[O-][Si]([O-])([O-])O[Si]([O-])([O-])[O-].[Ca+2],,,7.4623979978989565,10.1016_j.mechmat.2017.11.004_part_1.txt_¶Î1_Material1
O=C([*])C1=CC=C(C=C1)OC2=CC=C(C=C2)OC3=CC=C(C=C3)[*],[*]C(F)(C(F)([*])F)F,,,,6.113943352306837,10.1177_0954008317723444_part_2.txt_¶Î1_Material2
[*]C([C@H](C)OC([C@H](C)O[*])=O)=O,O=C(O[*])CCCCCCCCCCN[*],,,,5.982271233039568,10.1002_pi.4618_part_1.txt_¶Î1_Material1
[*]C(NC1=C(C)C(NC(OCCO[*])=O)=CC=C1)=O,[*]C(CCCCCO[*])=O,[*]C1C(OC(C(C1O)O)OC2C(OC(C(C2O)O)O[*])CO)CO,CCCCCCCCCCCCOS([O-])(=O)=O.[Na+],OCC1OC(C(C(C1[*])O)O)OC2C(C(C(OC2CO)O[*])O)O,5.583198773968623,10.1016_j.carbpol.2021.118029_part_2.txt_¶Î1_Material1
C(C)(C1=CC=C(OCC2CO2)C=C1)(C)C1=CC=C(OCC2CO2)C=C1,[*]N1C(C2=CC3=C(C=C2C1=O)C(N(C3=O)C4=CC=C(C=C4)OC5=CC=C(C=C5)[*])=O)=O,,,,7.296665190261531,10.1007_s12221-014-2564-y_part_1.txt_¶Î1_Material2
[*]CC[*],C/C(C[*])=C/C[*],[S],,,6.079181246047625,10.1002_app.33466_part_2.txt_¶Î1_Material1
[*]C(N(CN(C(OCOC(N(CN(C(OCCO[*])=O)[H])[H])=O)=O)[H])[H])=O,[*]C(C)C[*],,,,3.9542425094393248,10.1016_j.eurpolymj.2013.09.001_part_2.txt_¶Î1_Material1
[*]C1C(C(C(OC1C(O[Na])=O)OC2C(C(O[Na])=O)OC(O[*])C(O)C2O)O)O,[*]CC(C#N)[*],S=[Mo]=S,,,6.858537197569639,10.1016_j.ces.2018.03.057_part_5.txt_¶Î1_Material1
FC(F)([*])C([H])([*])[H],[*]C([H])([H])C(O)([H])[*],O=[Ti]=O,,,6.16922756850498,10.1016_j.chemosphere.2020.127144_part_3.txt_¶Î1_Material1
OCC1OC(C(C(C1[*])O)O)OC2C(C(C(OC2CO)O[*])O)O,[*]NCC(NC(C(ONCC(NC(C(NCC(NC(C([*])=O)C)=O)=O)C)=O)=O)CO)=O,,,,7.079181246047625,10.1007_s12221-013-0266-5_part_1.txt_¶Î1_Material3
C/C(C[*])=C/C[*],[H]O[H],,,,3.167317334748176,10.1002_app.42505_part_2.txt_¶Î1_Material1
O=C([*])CCCCCN[*],O=C([*])CCCCCN[*],O=[Si]=O,[O-][Si]([O-])([O-])O[Si]([O-])([O-])[O-].[Ca+2],,7.204119982655925,10.4028_www.scientific.net_kem.611-612.821_part_1.txt_¶Î1_Material1
O=C([*])OC1=CC=C(C=C1)C(C)(C)C2=CC=C(C=C2)O[*],[*]C(F)(C(F)([*])F)F,,,,6.357934847000454,10.1016_j.polymdegradstab.2011.09.019_part_2.txt_¶Î1_Material1
[*]C([H])([H])C(O)([H])[*],[*]OC1C(C(OC(C1O)OC2C3C(C(OC2CO3)[*])O)CO)O,,,,5.146128035678238,10.1007_s10126-010-9341-8_part_1.txt_¶Î1_Material1
[*]OC1C(C(O)=O)OC(OC2C(NC(C)=O)C([*])OC(CO)C2O)C(O)C1O,CCN=C=NCCCN(C)C,,,,4.096910013008056,10.3390_ma5101986_part_1.txt_¶Î1_Material1
[*]C(N(CN(C(OCOC(N(CN(C(OCCO[*])=O)[H])[H])=O)=O)[H])[H])=O,NC1=NC2=C(N=CN2C2O[C@H](COP(=O)(O)OP(=O)(O)O)[C@H](O)[C@@H]2O)C(=O)N1,,,,4.365487984890899,10.1007_s10853-020-05137-w_part_2.txt_¶Î1_Material3
O=C([*])CCCCCN[*],[*]CC(CC(C#N)[*])C1=CC=CC=C1,[*]CC(CCCC(CC)CC([*])C1=CC=CC=C1)C2=CC=CC=C2,,,6.43695733066945,10.1002_app.41969_part_2.txt_¶Î1_Material1
[*]C([H])([H])C(O)([H])[*],[*]NC1=CC=C([*])C=C1,,,,7.217747073262793,10.1515_secm-2016-0329_part_2.txt_¶Î1_Material1
O=C([*])CCCCCN[*],[*]CC(CCCC(CC)CC([*])C1=CC=CC=C1)C2=CC=CC=C2,,,,6.235528446907549,10.4028_www.scientific.net_amr.275.229_part_1.txt_¶Î1_Material1
[*]CC[*],[*]CC[*],[*]OCC[*],,,6,10.1515_polyeng-2012-0142_part_1.txt_¶Î1_Material2
OC(C1C(CO[*])C(O)C(O)C(OC2C(O)C(O)C(O[*])OC2C(O)=O)O1)=O,[Ca+2],,,,4.217483944213907,10.1088_1748-6041_6_2_025010_part_1.txt_¶Î1_Material1
[*]CC([*])N1CCCC1=O,[*]OCC[*],,,,5.698970004336019,10.1002_polb.23065_part_3.txt_¶Î1_Material1
[*]C(C)C[*],[*]C(C)C[*],CCCCCCCCCCCCOS([O-])(=O)=O.[Na+],,,5.954242509439325,10.1002_polb.23695_part_3.txt_¶Î1_Material1
[*]C1C(OC(C(C1O)O)OC2C(OC(C(C2O)O)O[*])CO)CO,O=C(O[Na])COCC(OC(C(C1O)O)[*])C1OC(C(C(C2O[*])O)O)OC2COCC(O[Na])=O,OCC(O)CO,,,5.398981066658132,10.1016_j.carbpol.2020.116521_part_1.txt_¶Î1_Material4
[*]C(CCCCCO[*])=O,[*]C(CCCCCO[*])=O,OCC1OC(C(C(C1[*])O)O)OC2C(C(C(OC2CO)O[*])O)O,,,6.2552725051033065,10.1002_app.43445_part_1.txt_¶Î1_Material1
O=C(O)C([*])C[*],[Fe+3],,,,5.181843587944773,10.1016_j.compositesb.2020.108118_part_1.txt_¶Î1_Material1
OCC1OC(C(C(C1[*])O)O)OC2C(C(C(OC2CO)O[*])O)O,C=C([CH3])C(=O)O[CH3],,,,6.290034611362518,10.1007_s10570-011-9580-5_part_3.txt_¶Î1_Material2
[*]OCCCCOC(CCC([*])=O)=O,[*]CC(C1=CC=CC=C1)[*],O=[Ti]=O,,,5.575187844927661,10.1016_j.eurpolymj.2013.11.002_part_2.txt_¶Î1_Material1
[*]C(C)C[*],C=C,CCCCCCCCCCCCCCCCCCOC(CCC1=CC(C(C)(C)C)=C(C(C(C)(C)C)=C1)O)=O,,,5.903089986991944,10.1002_pi.3135_part_1.txt_¶Î1_Material1
[*]CC[*],[*]CCCC(C1C([*])C2CC1C/C2=C/C)C,OC1=C2C(C3(O)C4C5C6=C7C8C(C9=CC(C(O)=O)=C(C=C(C=C%10C(O)=O)C%11%12)C(C%11=C%13C%14C%15%16C%17(O%16)C%18C%19=C%20C%21=C%22C(C(O)=C%23)=C%24C%25C%21=C%26C%19=C%27C%17=C%28C%14(O)C%12=C%10C=C%28CC%27=CC%26=CC%25=C(C(O)=O)C=C%24)C9=C7C%13(O)C5=C%15C3=C%18C%29%30C%20(O%30)C%31C%22C%23=C%32)=CC(C(O)=O)=CC8=CC6=C(C(O)=O)C4=C2)=C%29C%33=C%31C%32=C(C(O)=O)C=C%331,,,5.121559844187501,10.1177_0095244310379175_part_3.txt_¶Î1_Material4
O=C([*])OC1=CC=C(C=C1)C(C)(C)C2=CC=C(C=C2)O[*],O=[Si]=O,,,,6.672097857935717,10.1021_am403506k_part_1.txt_¶Î1_Material1
C[Si](C)(C[*])O[*],OC1=C2C(C3(O)C4C5C6=C7C8C(C9=CC(C(O)=O)=C(C=C(C=C%10C(O)=O)C%11%12)C(C%11=C%13C%14C%15%16C%17(O%16)C%18C%19=C%20C%21=C%22C(C(O)=C%23)=C%24C%25C%21=C%26C%19=C%27C%17=C%28C%14(O)C%12=C%10C=C%28CC%27=CC%26=CC%25=C(C(O)=O)C=C%24)C9=C7C%13(O)C5=C%15C3=C%18C%29%30C%20(O%30)C%31C%22C%23=C%32)=CC(C(O)=O)=CC8=CC6=C(C(O)=O)C4=C2)=C%29C%33=C%31C%32=C(C(O)=O)C=C%331,OCC1OC(C(C(C1[*])O)O)OC2C(C(C(OC2CO)O[*])O)O,,,3.0791812460476247,10.1016_j.sna.2018.06.002_part_3.txt_¶Î1_Material1
[*]OC1C(C(OC(C1O)OC2C3C(C(OC2CO3)[*])O)CO)O,O=C(C(C[*])[*])N,[Na+].[Cl-],,,2.3010299956639813,10.1016_j.carbpol.2019.01.094_part_1.txt_¶Î1_Material1
O=C([*])OC1=CC=C(C=C1)C(C)(C)C2=CC=C(C=C2)O[*],C=C([CH3])C(=O)O[CH3],OC1=C2C(C3(O)C4C5C6=C7C8C(C9=CC(C(O)=O)=C(C=C(C=C%10C(O)=O)C%11%12)C(C%11=C%13C%14C%15%16C%17(O%16)C%18C%19=C%20C%21=C%22C(C(O)=C%23)=C%24C%25C%21=C%26C%19=C%27C%17=C%28C%14(O)C%12=C%10C=C%28CC%27=CC%26=CC%25=C(C(O)=O)C=C%24)C9=C7C%13(O)C5=C%15C3=C%18C%29%30C%20(O%30)C%31C%22C%23=C%32)=CC(C(O)=O)=CC8=CC6=C(C(O)=O)C4=C2)=C%29C%33=C%31C%32=C(C(O)=O)C=C%331,,,6.238906308508972,10.1016_j.cap.2017.05.007_part_6.txt_¶Î1_Material1
[*]CC(C1=CC=CC=C1)[*],OCC(C(C(C1N)O)O[*])OC1OC2C(OC(C(C2O)N)[*])CO,,,,6.3979400086720375,10.1002_pen.25273_part_1.txt_¶Î1_Material1
[*]C(C)C[*],[*]CC(C1=CC=CC=C1)[*],,,,5.149834696715785,10.1177_0892705718797153_part_2.txt_¶Î1_Material1
O=C(C(C[*])[*])N,C(NC(=O)C=C)NC(=O)C=C,OS(=O)(OOS(O)(=O)=O)=O.N.N,CN(C)CCN(C)C,,1.5538830266438743,10.1051_epjap_2014140328_part_1.txt_¶Î1_Material1
[*]C(C)C[*],C12=CC3=CC4=CC=CN=C4N=C3N=C1N=C5N=C6N=CC=CC6=CC5=C2,O=[Si]=O,,,6.181100079728048,10.1177_0731684418805561_part_3.txt_¶Î1_Material3
[*]NC(C1=CC=C2C(C(N(C2=O)C3=CC=C(C=C3)CC4=CC=C([*])C=C4)=O)=C1)=O,[*]C(F)(C(F)([*])F)F,,,,6.74154551677621,10.1515_polyeng-2011-0156_part_1.txt_¶Î1_Material2
[*]NC(C(N1CCCC1C(NCC(N2CC(CC2C(NC(C(NCC([*])=O)=O)CO)=O)O)=O)=O)=O)CCCCN,[Ag+],,,,6.32221929473392,10.1016_j.foodhyd.2013.08.011_part_4.txt_¶Î1_Material1
[*]C(N(CN(C(OCOC(N(CN(C(OCCO[*])=O)[H])[H])=O)=O)[H])[H])=O,[C],O=[Al]O[Al]=O.O=[Si]=O.O=[Si]=O.O=[Si]=O,,,4.17084820364331,10.1080_25740881.2020.1869779_part_2.txt_¶Î1_Material1
[*]C(C)C[*],[*]CCCC(C1C([*])C2CC1C/C2=C/C)C,O=[Si]=O,,,5.867644233903098,10.1177_0021998320948125_part_1.txt_¶Î1_Material1
C[Si](C)(C[*])O[*],[*]C(N(CN(C(OCOC(N(CN(C(OCCO[*])=O)[H])[H])=O)=O)[H])[H])=O,,,,4.146128035678238,10.1038_s41427-024-00546-8_OA_part_1.txt_¶Î1_Material1
[*]C1C(O)C(O)C(OC2C(O)C(O)C(O[*])OC2COC(C)=O)OC1COC(C)=O,OC1=C2C(C3(O)C4C5C6=C7C8C(C9=CC(C(O)=O)=C(C=C(C=C%10C(O)=O)C%11%12)C(C%11=C%13C%14C%15%16C%17(O%16)C%18C%19=C%20C%21=C%22C(C(O)=C%23)=C%24C%25C%21=C%26C%19=C%27C%17=C%28C%14(O)C%12=C%10C=C%28CC%27=CC%26=CC%25=C(C(O)=O)C=C%24)C9=C7C%13(O)C5=C%15C3=C%18C%29%30C%20(O%30)C%31C%22C%23=C%32)=CC(C(O)=O)=CC8=CC6=C(C(O)=O)C4=C2)=C%29C%33=C%31C%32=C(C(O)=O)C=C%331,,,,6.204119982655925,10.1080_15376494.2017.1410914_part_1.txt_¶Î1_Material1
[*]C(NC1=C(C)C(NC(OCCO[*])=O)=CC=C1)=O,O=[Si]=O.[Ca]=O,,,,6.724275869600789,10.1016_j.conbuildmat.2013.09.035_part_1.txt_¶Î1_Material1
[*]C([C@H](C)OC([C@H](C)O[*])=O)=O,[*]OCCCCOC(CCC([*])=O)=O,O=[Mg].O=[Si]=O.O=[Si]=O.O=[Si]=O.O=[Si]=O.O=[Mg].O=[Mg].O,,,6.1702617153949575,10.1002_app.44777_part_2.txt_¶Î1_Material1
[*]CC(COC1=CC=C(C=C1)C(C)(C)C2=CC=C(C=C2)O[*])O,[Mg+2].[OH-].[OH-],,,,6.361727836017593,10.1002_app.47398_part_1.txt_¶Î1_Material4
[*]CC(COC1=CC=C(C=C1)C(C)(C)C2=CC=C(C=C2)O[*])O,C[N+](CCO)(CCO)[3H],,,,6.808723988318898,10.1016_j.compscitech.2015.07.014_part_1.txt_¶Î1_Material1
O=C(C1=CC=C(C=C1)C(OCC[*])=O)O[*],OP(O)(O)=O,O=[Ti]=O,[Zn]=O,,6.544068044350276,10.1016_j.egypro.2014.07.137_part_1.txt_¶Î1_Material1
[*]OCCOC(CC(C([*])=O)C(C1CCCCC1)CC(CC(O)=O)C(OCCO)=O)=O,CC1(CC(CC(C)(C1)C)N=C=O)CN=C=O,,,,6.523746466811565,10.1088_2053-1591_ab4380_part_1.txt_¶Î1_Material1
OCC1OC(C(C(C1[*])O)O)OC2C(C(C(OC2CO)O[*])O)O,OCC1OC(C(C(C1[*])O)O)OC2C(C(C(OC2CO)O[*])O)O,COC1=CC(/C=C/C=O)=CC(OC2=CC(C(C(OC3=CC=C(C=C3OC)C(C(CO)=O)O)CO)O)=CC=C2OC4=CC(C(C(COC5=CC=C(C=C5)C(C(CO)=O)O)=O)O)=CC=C4O)=C1,[H]O[H],,7.698970004336019,10.1038_s41598-017-02288-w_part_1.txt_¶Î1_Material1
O=C(O[*])CCCCCCCCCCN[*],[*]OC1=C(C([*])=CC=C1C)C,O=[Si]=O,,,6.526985068559996,10.14314_polimery.2021.7.3_OA_part_1.txt_¶Î1_Material1
[*]C(C)C[*],[*]CC(CCCC(CC)CC([*])C1=CC=CC=C1)C2=CC=CC=C2,OCC1OC(C(C(C1[*])O)O)OC2C(C(C(OC2CO)O[*])O)O,,,6.060932673519882,10.1002_pen.21903_part_2.txt_¶Î1_Material1
O=C(C1=CC=C(C=C1)C([*])=O)NC2=CC=C(C=C2)N[*],O=C(C1=CC=C(C([*])=O)C=C1)NC2=CCC(N[*])C=C2,O=C(C1=CC=C(C=C1)C(OCC[*])=O)O[*],,,6.334453751150931,10.1177_15280837211019901_part_3.txt_¶Î1_Material1
[*]C([H])([H])C(O)([H])[*],COC1=CC(/C=C/C=O)=CC(OC2=CC(C(C(OC3=CC=C(C=C3OC)C(C(CO)=O)O)CO)O)=CC=C2OC4=CC(C(C(COC5=CC=C(C=C5)C(C(CO)=O)O)=O)O)=CC=C4O)=C1,OC1=C2C(C3(O)C4C5C6=C7C8C(C9=CC(C(O)=O)=C(C=C(C=C%10C(O)=O)C%11%12)C(C%11=C%13C%14C%15%16C%17(O%16)C%18C%19=C%20C%21=C%22C(C(O)=C%23)=C%24C%25C%21=C%26C%19=C%27C%17=C%28C%14(O)C%12=C%10C=C%28CC%27=CC%26=CC%25=C(C(O)=O)C=C%24)C9=C7C%13(O)C5=C%15C3=C%18C%29%30C%20(O%30)C%31C%22C%23=C%32)=CC(C(O)=O)=CC8=CC6=C(C(O)=O)C4=C2)=C%29C%33=C%31C%32=C(C(O)=O)C=C%331,,,6.820201459485641,10.1007_s10570-021-03859-x_part_2.txt_¶Î1_Material1
[*]C(CCCCCO[*])=O,O=C(CCCCC(N(CCCCCCN([*])[H])[H])=O)[*],,,,5.748188027006201,10.1002_pc.25539_part_4.txt_¶Î1_Material2
[*]NCC(NC(C(ONCC(NC(C(NCC(NC(C([*])=O)C)=O)=O)C)=O)=O)CO)=O,[*]CC(COC1=CC=C(C=C1)C(C)(C)C2=CC=C(C=C2)O[*])O,,,,6.079181246047625,10.1021_acs.biomac.9b00260_part_4.txt_¶Î1_Material1
[*]C([H])([H])C(O)([H])[*],O=[Al]O[Al]=O.O=[Si]=O.O=[Si]=O.O=[Si]=O,,,,5.447747031407957,10.3390_nano9020298_part_2.txt_¶Î1_Material1
[*]C(C)C[*],[*]CC(COC1=CC=C(C=C1)C(C)(C)C2=CC=C(C=C2)O[*])O,O=[Si]=O,,,7.0888445627270045,10.1002_pc.20967_part_1.txt_¶Î1_Material1
[*]C(CCCCCO[*])=O,[Mg],,,,4.008600171761918,10.1016_j.spmi.2014.07.011_part_3.txt_¶Î1_Material1
OCC(C(C(C1N)O)O[*])OC1OC2C(OC(C(C2O)N)[*])CO,C[Si](C)(C[*])O[*],,,,3.255272505103306,10.1007_s12551-019-00591-6_part_2.txt_¶Î1_Material1
[*]C(CCCCCO[*])=O,[*]OC1C(C(O)=O)OC(OC2C(NC(C)=O)C([*])OC(CO)C2O)C(O)C1O,,,,5.652826302561005,10.1016_j.msec.2017.02.087_part_3.txt_¶Î1_Material1
[*]NCC(NC(C(ONCC(NC(C(NCC(NC(C([*])=O)C)=O)=O)C)=O)=O)CO)=O,[*]OCC[*],O=C(C1=COC(C2C(CO)=CCC12)O)OC,,,5.845098040014257,10.3390_jfb6020345_part_3.txt_¶Î1_Material1
C=C(C(OCC1CO1)=O)C,OCC1OC(C(C(C1[*])O)O)OC2C(C(C(OC2CO)O[*])O)O,,,,6.784260582566084,10.1039_c2nr33194b_part_1.txt_¶Î1_Material1
O=C([*])CCCCCN[*],C12[Si]34C15C3C425,,,,6.348304863048161,10.1515_polyeng-2015-0441_part_1.txt_¶Î1_Material2
O=C([*])C1=CC=C2C=C(C=CC2=C1)OC(C3=CC=C(C=C3)O[*])=O,,,,,7.590172831596314,10.1002_pc.26151_part_1.txt_¶Î1_Material1
[*]OCC[*],[*]CC(C#N)[*],C12=C3C(C=CC4C3=C5C(CC6=CC7=C8C9=C(C(C=C%10)=CC=C9C=C7)C%11=C%10C%12)=CC4)=CC=C1C=C%12C%13=C%11C8=C6C5=C2%13,CCCCCCCCCCCCOS([O-])(=O)=O.[Na+],,4.745699226602506,10.1002_vnl.21576_part_2.txt_¶Î1_Material3
O=C([*])C1=CC=C(C=C1)OC2=CC=C(C=C2)OC3=CC=C(C=C3)[*],OC1=C2C(C3(O)C4C5C6=C7C8C(C9=CC(C(O)=O)=C(C=C(C=C%10C(O)=O)C%11%12)C(C%11=C%13C%14C%15%16C%17(O%16)C%18C%19=C%20C%21=C%22C(C(O)=C%23)=C%24C%25C%21=C%26C%19=C%27C%17=C%28C%14(O)C%12=C%10C=C%28CC%27=CC%26=CC%25=C(C(O)=O)C=C%24)C9=C7C%13(O)C5=C%15C3=C%18C%29%30C%20(O%30)C%31C%22C%23=C%32)=CC(C(O)=O)=CC8=CC6=C(C(O)=O)C4=C2)=C%29C%33=C%31C%32=C(C(O)=O)C=C%331,,,,7.543571423962366,10.1016_j.matchemphys.2021.124485_part_2.txt_¶Î1_Material1
OCC1OC(C(C(C1[*])O)O)OC2C(C(C(OC2CO)O[*])O)O,[*]CCN[*],,,,6.919078092376074,10.1039_c0sm01113d_part_1.txt_¶Î1_Material1
[*]C([C@H](C)OC([C@H](C)O[*])=O)=O,[*]NC(C(O)=O)CCC([*])=O,O=[Al]O[Al]=O.O=[Si]=O.O=[Si]=O.O=[Si]=O,,,6.9084850188786495,10.1016_j.polymdegradstab.2020.109394_part_2.txt_¶Î1_Material1
O=C([*])C(C)O[*],[*]OC(CC(OC(CC([*])=O)CC)=O)C,OP(O)(O)=O,,,6.477121254719663,10.1021_am3004522_part_1.txt_¶Î1_Material1
[*]C(C)C[*],COC1=CC(/C=C/C=O)=CC(OC2=CC(C(C(OC3=CC=C(C=C3OC)C(C(CO)=O)O)CO)O)=CC=C2OC4=CC(C(C(COC5=CC=C(C=C5)C(C(CO)=O)O)=O)O)=CC=C4O)=C1,,,,6,10.1002_pc.21087_part_1.txt_¶Î1_Material1
C[Si](C)(C[*])O[*],[*]NC(C)C(N1CCCC1C([*])=O)=O,,,,3.3010299956639813,10.1016_j.apsusc.2015.05.063_part_2.txt_¶Î1_Material1
[*]OC1=C(C([*])=CC=C1C)C,O=C(O[*])CCCCCCCCCCN[*],,,,6.091315159697223,10.7569_jrm.2018.634114_part_2.txt_¶Î1_Material3
[*]NC(C(N1CCCC1C(NCC(N2CC(CC2C(NC(C(NCC([*])=O)=O)CO)=O)O)=O)=O)=O)CCCCN,OCC(O)CO,[H]O[H],,,5.77694077872007,10.1016_j.fbp.2020.04.006_part_2.txt_¶Î1_Material1
[*]CC[*],N#CC(C1=CC=CC=N1)C1=CC=CC=C1,,,,6.0068937079479,10.1002_vnl.20262_part_1.txt_¶Î1_Material1
[*]C(C)C[*],[*]C(NC1=C(C)C(NC(OCCO[*])=O)=CC=C1)=O,[*]CCCCOCCCCOCCCCOCCCCO[*],,,6.176091259055681,10.1021_acs.macromol.0c00159_part_2.txt_¶Î1_Material1
[*]OCCCCOC(CCC([*])=O)=O,[*]C(CCCCCO[*])=O,,,,5.000867721531227,10.1007_s00289-016-1833-x_part_2.txt_¶Î1_Material1
O=C([*])CCCCCN[*],[*]CC(CC=CCC([*])C1=CC=CC=C1)C#N,,,,6.063145637106638,10.1016_j.matdes.2011.08.028_part_2.txt_¶Î1_Material2
[*]CC[*],[*]C1=CC(C2=NC3=CC(C4=CC=C5N=C([*])NC5=C4)=CC=C3N2)=CC=C1,,,,5.895422546039408,10.1002_pc.23148_part_1.txt_¶Î1_Material1
O=C(C1=CC=C(C=C1)C(OCC[*])=O)O[*],[*]C(C)C[*],,,,5.7160033436348,10.1007_s00289-016-1748-6_part_3.txt_¶Î1_Material1
O=C([*])CCCCCN[*],[*]CC[*],[*]CCC(CCCCCC)C[*],,,6.6020599913279625,10.1007_s10853-018-2416-z_part_1.txt_¶Î1_Material1
O=C([*])C(C)O[*],[*]C1C(OC(C(C1O)O)OC2C(OC(C(C2O)O)O[*])CO)CO,C[N+](CCO)(CCO)[3H],,,5.876794976200701,10.1007_s10973-012-2776-6_part_1.txt_¶Î1_Material1
[*]C1C(OC(C(C1O)O)OC2C(OC(C(C2O)O)O[*])CO)CO,[*]C(CCCCCO[*])=O,[*]C(CCCCCO[*])=O,,,6.123165370902919,10.1002_star.201900239_part_1.txt_¶Î1_Material1
[*]C([H])([H])C(O)([H])[*],OCC(C(C(C1N)O)O[*])OC1OC2C(OC(C(C2O)N)[*])CO,OCC(O)CO,[*]OCC[*],,5.181843587944773,10.1016_j.carbpol.2019.115784_part_4.txt_¶Î1_Material1
[*]C(C)C[*],[*]OCCCOC(C1=CC=C(C([*])=O)C=C1)=O,C[N+](CCO)(CCO)[3H],,,6.222950459021011,10.1080_00222348.2012.742816_part_2.txt_¶Î1_Material2
[*]OCCCCOC(CCC([*])=O)=O,[*]OC1C(C(O)=O)OC(OC2C(NC(C)=O)C([*])OC(CO)C2O)C(O)C1O,,,,5.656960182742849,10.1007_s13233-016-4131-4_part_2.txt_¶Î1_Material1
O=C(C1=CC=C(C=C1)C([*])=O)NC2=CC=C(C=C2)N[*],[*]C(C)C[*],,,,7.276921132065774,10.1016_j.compositesa.2016.08.031_part_2.txt_¶Î1_Material3
CC(COC(C(CC(C(C(C(OC(C)C)=O)C1=CC=CC=C1)C(OCC(OC(C2=CC=CC=C2C(O)=O)=O)C)=O)C3=CC=CC=C3)C(C(OC(C)C[*])=O)C4=CC=CC=C4)=O)OC(C5=CC=CC=C5C(O[*])=O)=O,O=[Si]=O,O=C(C1=CC=C(C([*])=O)C=C1)NC2=CCC(N[*])C=C2,,,7.204119982655925,10.1155_2016_1235048_part_1.txt_¶Î1_Material2
[*]C(C)C[*],C12=CC3=CC4=CC=CN=C4N=C3N=C1N=C5N=C6N=CC=CC6=CC5=C2,[*]C(C)C[*],,,6,10.1177_0021998317710319_part_1.txt_¶Î1_Material1
[*]C(NC1=C(C)C(NC(OCCO[*])=O)=CC=C1)=O,C12=CC3=CC4=CC=CN=C4N=C3N=C1N=C5N=C6N=CC=CC6=CC5=C2,C12=C3C(C=CC4C3=C5C(CC6=CC7=C8C9=C(C(C=C%10)=CC=C9C=C7)C%11=C%10C%12)=CC4)=CC=C1C=C%12C%13=C%11C8=C6C5=C2%13,,,5.342422680822207,10.3390_nano11051289_part_1.txt_¶Î1_Material1
O=C(O[Na])COCC1OC(OC2C(COCC(O[Na])=O)OC([*])C(O)C2O)C(O)C(O)C1O[*],OCC1OC(C(C(C1O[*])O)O)[*],,,,6.57978359661681,10.1007_s10570-021-04009-z_part_3.txt_¶Î1_Material1
[*]CC(C#N)[*],O=[Ti]=O,,,,6.934700401715425,10.1177_1528083717708482_part_2.txt_¶Î1_Material1
O=C([*])C1=CC=C(C=C1)OC2=CC=C(C=C2)OC3=CC=C(C=C3)[*],C12=CC3=CC4=CC=CN=C4N=C3N=C1N=C5N=C6N=CC=CC6=CC5=C2,,,,6.544068044350276,10.1016_j.polymertesting.2020.106925_part_11.txt_¶Î1_Material2
[*]C([H])([H])C(O)([H])[*],OCC(C(C(C1N)O)O[*])OC1OC2C(OC(C(C2O)N)[*])CO,OCC1OC(C(C(C1[*])O)O)OC2C(C(C(OC2CO)O[*])O)O,[Zn]=O,,6.698970004336019,10.2147_ijn.s60274_part_2.txt_¶Î1_Material1
[*]OCC[*],[*]OC1C(O)C(O)C(OC2C(CO)OC([*])C(O)C2O)OC1CO,,,,5.7450747915820575,10.1007_s10570-017-1611-4_part_2.txt_¶Î1_Material1
O=C(C(C[*])[*])N,O=C(O)C([*])C[*],OC1=C2C(C3(O)C4C5C6=C7C8C(C9=CC(C(O)=O)=C(C=C(C=C%10C(O)=O)C%11%12)C(C%11=C%13C%14C%15%16C%17(O%16)C%18C%19=C%20C%21=C%22C(C(O)=C%23)=C%24C%25C%21=C%26C%19=C%27C%17=C%28C%14(O)C%12=C%10C=C%28CC%27=CC%26=CC%25=C(C(O)=O)C=C%24)C9=C7C%13(O)C5=C%15C3=C%18C%29%30C%20(O%30)C%31C%22C%23=C%32)=CC(C(O)=O)=CC8=CC6=C(C(O)=O)C4=C2)=C%29C%33=C%31C%32=C(C(O)=O)C=C%331,,,2.710963118995276,10.1002_adv.21563_part_2.txt_¶Î1_Material1
[*]C([H])([H])C(O)([H])[*],O=[Zr]=O,OCC1OC(C(C(C1[*])O)O)OC2C(C(C(OC2CO)O[*])O)O,,,6.447158031342219,10.1007_s10924-017-1170-7_part_2.txt_¶Î1_Material1
O=C([*])OC1=CC=C(C=C1)C(C)(C)C2=CC=C(C=C2)O[*],O=C=O,,,,7.068927611682072,10.1177_0021955x14542989_part_2.txt_¶Î1_Material1
[*]OC1C(C(OC(C1O)OC2C3C(C(OC2CO3)[*])O)CO)O,O=[Al]O[Al]=O.O=[Si]=O.O=[Si]=O.O=[Si]=O,,,,6.57978359661681,10.3390_polym11040675_part_8.txt_¶Î1_Material2
[*]CCCC([*])OC(C)=O,C[N+](CCO)(CCO)[3H],,,,4.318063334962762,10.1002_pen.21671_part_1.txt_¶Î1_Material1
[*]C([H])([H])C(O)([H])[*],O=C(O)C([*])C[*],[Ag],,,6.4048337166199385,10.1016_j.snb.2013.09.016_part_3.txt_¶Î1_Material1
[*]CC([*])Cl,[*]CCCC([*])OC(C)=O,,,,6.311753861055754,10.1002_pen.21656_part_1.txt_¶Î1_Material1
O=C([*])C(C)O[*],[*]NC(C)C(N1CCCC1C([*])=O)=O,,,,5.202352067809752,10.1016_j.msec.2020.111418_part_1.txt_¶Î1_Material1
[*]CC[*],O=C(C1=CC=C(C([*])=O)C=C1)NC2=CCC(N[*])C=C2,,,,6.332438459915605,10.1007_s10965-014-0439-y_part_2.txt_¶Î1_Material1
[*]C/C=C/CCC(C=C)CC([*])C1=CC=CC=C1,[*]C/C=C/CCC([*])C#N,,,,2.903089986991944,10.1007_s00289-021-03576-2_part_3.txt_¶Î1_Material1
[*]C(CCCCCO[*])=O,OCC1OC(C(C(C1[*])O)O)OC2C(C(C(OC2CO)O[*])O)O,O=C(CC(/C=C/C1=CC=C(C(OC)=C1)O)=O)/C=C/C2=CC=C(O)C(OC)=C2,,,5.707570176097937,10.1002_adsu.202100128_part_2.txt_¶Î1_Material3
O=C([*])OC1=CC=C(C=C1)C(C)(C)C2=CC=C(C=C2)O[*],O=C(O)C([*])C[*],CC1=CC(O)=C(C=C1CCCC(C2=C(C=C(C(C(C)(C)C)=C2)O)C)C3=CC(C(C)(C)C)=C(C=C3C)O)C(C)(C)C,,,6.342422680822207,10.1002_app.46529_part_1.txt_¶Î1_Material1
[*]OCCOC(CC(C([*])=O)C(C1CCCCC1)CC(CC(O)=O)C(OCCO)=O)=O,CCCCCC1OC1CC2OC2CCCCCCCC(OC(COC(CCCCCCCC3OC3CC4OC4CCCCC)=O)COC(CCCCCCCC5OC5CC6OC6CCCCC)=O)=O,,,,6.3979400086720375,10.1515_hf-2018-0160_part_1.txt_¶Î1_Material1
[*]OC(CC(OC(CC([*])=O)CC)=O)C,O=C([*])C(C)O[*],,,,6.230448921378274,10.1002_mame.201100053_part_1.txt_¶Î1_Material1
[*]C1=C(C=CN2)C2=C([*])C(O)=C1O,[Fe+3],O=C(C1=COC(C2C(CO)=CCC12)O)OC,,,6.897627091290442,10.1002_admi.201700041_part_2.txt_¶Î1_Material1
[*]C([C@H](C)OC([C@H](C)O[*])=O)=O,O=[Mg].O=[Si]=O.O=[Si]=O.O=[Si]=O.O=[Si]=O.O=[Mg].O=[Mg].O,,,,6.407475885291256,10.1002_app.41454_part_2.txt_¶Î1_Material1
[*]NCC(NC(C(ONCC(NC(C(NCC(NC(C([*])=O)C)=O)=O)C)=O)=O)CO)=O,[*]C(CCCCCO[*])=O,,,,6.079181246047625,10.1177_155892501701200303_part_3.txt_¶Î1_Material2
[*]C(C)C[*],[*]OCC[*],OC1=C2C(C3(O)C4C5C6=C7C8C(C9=CC(C(O)=O)=C(C=C(C=C%10C(O)=O)C%11%12)C(C%11=C%13C%14C%15%16C%17(O%16)C%18C%19=C%20C%21=C%22C(C(O)=C%23)=C%24C%25C%21=C%26C%19=C%27C%17=C%28C%14(O)C%12=C%10C=C%28CC%27=CC%26=CC%25=C(C(O)=O)C=C%24)C9=C7C%13(O)C5=C%15C3=C%18C%29%30C%20(O%30)C%31C%22C%23=C%32)=CC(C(O)=O)=CC8=CC6=C(C(O)=O)C4=C2)=C%29C%33=C%31C%32=C(C(O)=O)C=C%331,,,6,10.1021_acsami.6b05635_part_2.txt_¶Î1_Material1
O=C([*])C(C)O[*],[*]C(CCCCC(OCCCCO[*])=O)=O,O=C([*])C(C)O[*],,,5.692097489441729,10.1134_s0965545x1703018x_part_2.txt_¶Î1_Material2
O=C([*])CCCCCN[*],[*]C1OC(CCC)OC(C[*])C1,,,,6.013679697291193,10.4028_www.scientific.net_msf.798-799.743_part_1.txt_¶Î1_Material1
O=C(C1=CC=C(C=C1)C(OCC[*])=O)O[*],[*]NCC(NC(C(ONCC(NC(C(NCC(NC(C([*])=O)C)=O)=O)C)=O)=O)CO)=O,[*]OC1OC(CO)C(OC2C(O)C(O)C([*])C(CO)O2)C(O)C1O,,,6.577491799837225,10.1016_j.matdes.2013.03.048_part_1.txt_¶Î1_Material1
[*]C1C(C(C(OC1C(O[Na])=O)OC2C(C(O[Na])=O)OC(O[*])C(O)C2O)O)O,[Zn]=O,[*]OCC[*],,,6.355336561512381,10.1088_1757-899x_833_1_012030_part_1.txt_¶Î1_Material1
COC(C(C[*])([*])C)=O,COC(C(C[*])([*])C)=O,O=[Si]=O,,,6.3979400086720375,10.1590_s1516-14392014005000114_part_1.txt_¶Î1_Material1
[*]C1C(OC(C(C1O)O)OC2C(OC(C(C2O)O)O[*])CO)CO,[*]CC[*],,,,5.737272176535544,10.4028_www.scientific.net_kem.800.210_part_1.txt_¶Î1_Material1
[*]C(CCCCCO[*])=O,[*]NC(C)C(N1CCCC1C([*])=O)=O,CC[C@H](C)[C@H](NC(=O)[C@H](CC(C)C)NC(C)=O)C(=O)NCC(=O)N[C@H](C(=O)N1CCC[C@H]1C(=O)NC)C(C)C,,,3.5327543789924976,10.1088_1748-605x_ab3d24_part_3.txt_¶Î1_Material1
[*]C(NC1=C(C)C(NC(OCCO[*])=O)=CC=C1)=O,[*]C(CCCCCO[*])=O,[*]OC1C(C(O)=O)OC(OC2C(NC(C)=O)C([*])OC(CO)C2O)C(O)C1O,,,4.787743771646467,10.1177_1045389x20932212_part_2.txt_¶Î1_Material1
O=C([*])C(C)O[*],[*]C(CCCCCO[*])=O,[Ag],,,6.477121254719663,10.23880_fsnt-16000131_OA_part_1.txt_¶Î1_Material1
O=C([*])C(C)O[*],OP(O)(O)=O,[Ag],,,6.477121254719663,10.23880_fsnt-16000131_OA_part_1.txt_¶Î1_Material2
[*]C([H])([H])C(O)([H])[*],[*]CC(C#N)[*],OS(=O)(OOS(O)(=O)=O)=O.N.N,,,6.176091259055681,10.1016_j.electacta.2016.06.098_part_1.txt_¶Î1_Material1
O=C([*])CCCCCN[*],[*]C(C)C[*],C12=CC3=CC4=CC=CN=C4N=C3N=C1N=C5N=C6N=CC=CC6=CC5=C2,,,7.004751155591001,10.3390_ma11030429_part_2.txt_¶Î1_Material1
O=C(C(C[*])[*])N,O=C(O[Na])COCC(OC(C(C1O)O)[*])C1OC(C(C(C2O[*])O)O)OC2COCC(O[Na])=O,[Fe+3],,,1.1139433523068367,10.1016_j.carbpol.2017.09.030_part_4.txt_¶Î1_Material1
[*]C(NC1=C(C)C(NC(OCCO[*])=O)=CC=C1)=O,C/C(C[*])=C/C[*],O=[Ti]=O,,,6.176091259055681,10.3390_polym13010143_part_4.txt_¶Î1_Material1
OCC1OC(C(C(C1[*])O)O)OC2C(C(C(OC2CO)O[*])O)O,COCC1OC(OC2C(CO)OC(O[*])C(OC)C2OC)C(OC)C(O)C1O[*],,,,6.204119982655925,10.1007_s10570-018-02228-5_part_1.txt_¶Î1_Material1
O=C(C1=CC=C(C=C1)C(OCC[*])=O)O[*],O=C([*])C(C)O[*],,,,6,10.1051_matecconf_201925302005_part_1.txt_¶Î1_Material1
O=C([*])C(C)O[*],[*]C(NC1=C(C)C(NC(OCCO[*])=O)=CC=C1)=O,OCC1OC(C(C(C1[*])O)O)OC2C(C(C(OC2CO)O[*])O)O,,,6.039255443806487,10.1007_s10570-019-02775-5_part_3.txt_¶Î1_Material1
[*]CC(COC1=CC=C(C=C1)C(C)(C)C2=CC=C(C=C2)O[*])O,O=C([*])C(C)O[*],,,,6.973127853599698,10.1016_j.polymertesting.2020.106923_part_1.txt_¶Î1_Material1
[*]NC(C(N1CCCC1C(NCC(N2CC(CC2C(NC(C(NCC([*])=O)=O)CO)=O)O)=O)=O)=O)CCCCN,O=[Si]=O,C(CC=O)CC=O,,,5.506505032404872,10.1016_j.ceramint.2021.01.274_part_2.txt_¶Î1_Material1
OC1C(C(OC(C1O)OC2C(OC(C(C2O)O)OC3C(C(C(OC3C(OC)=O)OC4C(OC(C(C4O)O)[*])C(O)=O)O)O)C(OC)=O)C(O)=O)O[*],,,,,5.136720567156407,10.1016_j.fbp.2019.09.010_part_2.txt_¶Î1_Material1
[*]OCC[*],[*]CC[*],,,,6.504701881045554,10.1016_j.jpowsour.2011.08.041_part_1.txt_¶Î1_Material1
[*]C([H])([H])C(O)([H])[*],CCCCCCCCCCCCCCCC[N+](C)(C)C.[Br-],,,,6.583198773968623,10.1177_0731684418761224_part_2.txt_¶Î1_Material1
O=C([*])OC1=CC=C(C=C1)C(C)(C)C2=CC=C(C=C2)O[*],OCC1OC(C(C(C1[*])O)O)OC2C(C(C(OC2CO)O[*])O)O,,,,7,10.1155_2012_381342_part_1.txt_¶Î1_Material1
[*]NC(C)C(N1CCCC1C([*])=O)=O,[*]C([H])([H])C(O)([H])[*],OCC(C(C(C1N)O)O[*])OC1OC2C(OC(C(C2O)N)[*])CO,,,6.054957596012407,10.1007_s12221-019-9341-x_part_2.txt_¶Î1_Material1
O=C(C1=CC=C(C=C1)C(OCC[*])=O)O[*],[*]CC[*],O=[Al]O[Al]=O.O=[Si]=O.O=[Si]=O.O=[Si]=O,,,6.079181246047625,10.1515_polyeng-2013-0107_part_2.txt_¶Î1_Material1
[*]C1C(C(C(OC1C(O[Na])=O)OC2C(C(O[Na])=O)OC(O[*])C(O)C2O)O)O,[*]OCC[*],C=C([CH3])C(=O)OC([CH3])[CH3],,,6.004751155591001,10.1007_s42452-020-2936-4_part_2.txt_¶Î1_Material1
[*]CCCCO[*],CC1=CC=C(C=C1N=C=O)N=C=O,,,,5,10.1007_s10965-012-9994-2_part_1.txt_¶Î1_Material1
O=C([*])C(C)O[*],[*]C(CCCCCO[*])=O,O1C(=O)C=CC1=O,,,6.3979400086720375,10.1016_j.compstruct.2017.01.071_part_3.txt_¶Î1_Material1
CC(COC(C(CC(C(C(C(OC(C)C)=O)C1=CC=CC=C1)C(OCC(OC(C2=CC=CC=C2C(O)=O)=O)C)=O)C3=CC=CC=C3)C(C(OC(C)C[*])=O)C4=CC=CC=C4)=O)OC(C5=CC=CC=C5C(O[*])=O)=O,OCC1OC(C(C(C1[*])O)O)OC2C(C(C(OC2CO)O[*])O)O,,,,6.414973347970818,10.3390_polym13111878_part_2.txt_¶Î1_Material1
O=C([*])C(C)O[*],C12=CC3=CC4=CC=CN=C4N=C3N=C1N=C5N=C6N=CC=CC6=CC5=C2,,,,6.403806610547423,10.1016_j.compositesb.2020.108034_part_3.txt_¶Î1_Material1
FC(F)([*])C([H])([*])[H],[Al],[*]N1C(C2=CC3=C(C=C2C1=O)C(N(C3=O)C4=CC=C(C=C4)OC5=CC=C(C=C5)[*])=O)=O,,,6.477121254719663,10.1002_ente.201700820_part_1.txt_¶Î1_Material1
[*]CC(OC(O[*])=O)C,[*]OCC[*],OC1=C2C(C3(O)C4C5C6=C7C8C(C9=CC(C(O)=O)=C(C=C(C=C%10C(O)=O)C%11%12)C(C%11=C%13C%14C%15%16C%17(O%16)C%18C%19=C%20C%21=C%22C(C(O)=C%23)=C%24C%25C%21=C%26C%19=C%27C%17=C%28C%14(O)C%12=C%10C=C%28CC%27=CC%26=CC%25=C(C(O)=O)C=C%24)C9=C7C%13(O)C5=C%15C3=C%18C%29%30C%20(O%30)C%31C%22C%23=C%32)=CC(C(O)=O)=CC8=CC6=C(C(O)=O)C4=C2)=C%29C%33=C%31C%32=C(C(O)=O)C=C%331,,,5.710117365111817,10.1007_s10924-019-01509-9_part_2.txt_¶Î1_Material1
[*]C([H])([H])C(O)([H])[*],OCC(C(C(C1N)O)O[*])OC1OC2C(OC(C(C2O)N)[*])CO,[K+].[OH-],,,5.399673721481038,10.3390_polym12081691_part_2.txt_¶Î1_Material1
[*]C([H])([H])C(O)([H])[*],OCC1OC(C(C(C1[*])O)O)OC2C(C(C(OC2CO)O[*])O)O,[Fe]12O[Fe]O[Fe](O2)O1,,,5.204119982655925,10.3390_polym13111778_part_1.txt_¶Î1_Material1
[*]CC[*],[*]CCC(CCCCCC)C[*],,,,5.176091259055681,10.1016_j.polymertesting.2021.107094_part_2.txt_¶Î1_Material1
O=C([*])OC1=CC=C(C=C1)C(C)(C)C2=CC=C(C=C2)O[*],[*]CC(CCCC(CC)CC([*])C1=CC=CC=C1)C2=CC=CC=C2,,,,6.301029995663981,10.1080_03602559.2018.1466167_part_1.txt_¶Î1_Material1
[*]CC(C1=CC=CC=C1)[*],[*]CCCC(CCCCCC)[*],C[N+](CCO)(CCO)[3H],,,5.484299839346786,10.1002_app.48748_part_3.txt_¶Î1_Material1
O=C(C1=CC=C(C=C1)C(OCC[*])=O)O[*],[*]CC(COC1=CC=C(C=C1)C(C)(C)C2=CC=C(C=C2)O[*])O,[*]NC1=CC=C([*])C=C1,,,6.752218289083623,10.1016_j.compositesa.2011.04.005_part_1.txt_¶Î1_Material1
[*]C1C(OC(C(C1O)O)OC2C(OC(C(C2O)O)O[*])CO)CO,[*]C(CCCCC(OCCCCO[*])=O)=O,,,,5.774838005983815,10.1016_j.carbpol.2020.116392_part_2.txt_¶Î1_Material2
[*]NC(C(N1CCCC1C(NCC(N2CC(CC2C(NC(C(NCC([*])=O)=O)CO)=O)O)=O)=O)=O)CCCCN,O=C(CC(/C=C/C1=CC=C(C(OC)=C1)O)=O)/C=C/C2=CC=C(O)C(OC)=C2,C(CC=O)CC=O,,,6.079181246047625,10.3390_polym13111824_part_1.txt_¶Î1_Material1
OC1C(O[*])C(C(O[Ca]O2)=O)OC(OC3C(O)C(O)C(OC4C(C(O[Ca]O5)=O)OC(OC6C(O)C(O)C(OC7C(C(O[Ca]O8)=O)OC(OC9C(O)C(O)C([*])OC9C8=O)C(O)C7O)OC6C5=O)C(O)C4O)OC3C2=O)C1O,[*]C([H])([H])C(O)([H])[*],,,,5.933821232103455,10.1007_s13233-018-6040-0_part_2.txt_¶Î1_Material1
[*]C(C1=CC=C(C(OCCCCO[*])=O)C=C1)=O,O=C(C1=CC=C(C=C1)C(OCC[*])=O)O[*],,,,6.72916478969277,10.1002_adv.21918_part_2.txt_¶Î1_Material1
CCCCCCC1=C(SC([*])=C1)[*],[*]C(NC1=C(C)C(NC(OCCO[*])=O)=CC=C1)=O,,,,5.342422680822207,10.3390_polym11071195_part_2.txt_¶Î1_Material2
O=C(C(C[*])[*])N,OCC1OC(C(C(C1[*])O)O)OC2C(C(C(OC2CO)O[*])O)O,[Fe+3],,,1.6434526764861874,10.1016_j.carbpol.2018.03.086_part_2.txt_¶Î1_Material1
[*]C(C)C[*],[*]C1=CC=C([*])N1,OC1=C2C(C3(O)C4C5C6=C7C8C(C9=CC(C(O)=O)=C(C=C(C=C%10C(O)=O)C%11%12)C(C%11=C%13C%14C%15%16C%17(O%16)C%18C%19=C%20C%21=C%22C(C(O)=C%23)=C%24C%25C%21=C%26C%19=C%27C%17=C%28C%14(O)C%12=C%10C=C%28CC%27=CC%26=CC%25=C(C(O)=O)C=C%24)C9=C7C%13(O)C5=C%15C3=C%18C%29%30C%20(O%30)C%31C%22C%23=C%32)=CC(C(O)=O)=CC8=CC6=C(C(O)=O)C4=C2)=C%29C%33=C%31C%32=C(C(O)=O)C=C%331,[*]C(C)C[*],,4.963787827345556,10.1080_03602559.2014.909472_part_2.txt_¶Î1_Material2
[*]C(N(CN(C(OCOC(N(CN(C(OCCO[*])=O)[H])[H])=O)=O)[H])[H])=O,OCC1OC(C(C(C1[*])O)O)OC2C(C(C(OC2CO)O[*])O)O,,,,6.176091259055681,10.1021_acsami.9b00136_part_2.txt_¶Î1_Material1
FC(F)([*])C([H])([*])[H],C=C([CH3])C(=O)O[CH3],,,,5.945468585131819,10.1021_sc500792c_part_2.txt_¶Î1_Material4
O=C(CCCCC(N(CCCCCCN([*])[H])[H])=O)[*],CC(C=C([*])C=C1C)=C1O[*],[*]C(C1=CC=CC=C1)CC2C(OC(C2[*])=O)=O,,,6.3979400086720375,10.3390_ma13153400_part_1.txt_¶Î1_Material1
[*]C(C)C[*],[*]C(C)C[*],CCCCCCCCCCCCCCCCCCOC(CCC1=CC(C(C)(C)C)=C(C(C(C)(C)C)=C1)O)=O,NC1=CC=C(C=C1)/C2=C3C=C/C(N\3)=C(C4=N/C(C=C4)=C(C5=CC=C(N5)/C(C6=CC=CC=C6)=C7N=C2C=C\7)/C8=CC=CC=C8)\C9=CC=CC=C9,,6.079181246047625,10.1007_s12221-015-5347-1_part_1.txt_¶Î1_Material1
[*]CC(COC1=CC=C(C=C1)C(C)(C)C2=CC=C(C=C2)O[*])O,[*]OC1C(O)C(O)C(OC2C(CO)OC([*])C(O)C2O)OC1CO,,,,6.357934847000454,10.1177_1528083720901864_part_3.txt_¶Î1_Material2
[*]CC[*],O=C([*])C(C)O[*],,,,6.041392685158225,10.1134_s0965545x16010077_part_1.txt_¶Î1_Material1
OCC(C(C(C1N)O)O[*])OC1OC2C(OC(C(C2O)N)[*])CO,[*]NC(C)C(N1CCCC1C([*])=O)=O,,,,6.079181246047625,10.3390_jfb6040999_part_1.txt_¶Î1_Material1
[*]C(N(CN(C(OCOC(N(CN(C(OCCO[*])=O)[H])[H])=O)=O)[H])[H])=O,O[Si](O)(O[Si](O)(O)O)O.[Al].[Al].O,,,,4.188928483760853,10.1016_j.sbspro.2015.06.386_part_1.txt_¶Î1_Material1
OCC(C(C(C1N)O)O[*])OC1OC2C(OC(C(C2O)N)[*])CO,OCC1OC(C(C(C1[*])O)O)OC2C(C(C(OC2CO)O[*])O)O,OC1=C2C(C3(O)C4C5C6=C7C8C(C9=CC(C(O)=O)=C(C=C(C=C%10C(O)=O)C%11%12)C(C%11=C%13C%14C%15%16C%17(O%16)C%18C%19=C%20C%21=C%22C(C(O)=C%23)=C%24C%25C%21=C%26C%19=C%27C%17=C%28C%14(O)C%12=C%10C=C%28CC%27=CC%26=CC%25=C(C(O)=O)C=C%24)C9=C7C%13(O)C5=C%15C3=C%18C%29%30C%20(O%30)C%31C%22C%23=C%32)=CC(C(O)=O)=CC8=CC6=C(C(O)=O)C4=C2)=C%29C%33=C%31C%32=C(C(O)=O)C=C%331,,,5.863322860120456,10.1016_j.compositesa.2016.03.011_part_2.txt_¶Î1_Material1
O=C([*])C(C)O[*],O=C(C1=CC=C(C=C1)C(OCC[*])=O)O[*],,,,6.109915863023793,10.1016_j.matdes.2014.03.016_part_2.txt_¶Î1_Material1
[*]NCCCCCCCCCCCC([*])=O,C/C(C[*])=C/C[*],,,,5.926856708949693,10.1007_s10965-016-0985-6_part_2.txt_¶Î1_Material1
[*]C(N(CN(C(OCOC(N(CN(C(OCCO[*])=O)[H])[H])=O)=O)[H])[H])=O,C[N+](CCO)(CCO)[3H],,,,5.25478968739721,10.1002_app.31303_part_3.txt_¶Î1_Material1
[*]C(CCCCCO[*])=O,[*]OC1C(C(O)=O)OC(OC2C(NC(C)=O)C([*])OC(CO)C2O)C(O)C1O,O=C([O-])[O-].[Ca+2],,,4.187520720836463,10.1007_s12668-014-0158-1_part_2.txt_¶Î1_Material1
[*]CC(C#N)[*],[Ag+],O=[Ti]=O,,,7.799340549453582,10.1016_j.progpolymsci.2011.07.001_part_5.txt_¶Î1_Material1
[*]C1=C(C(C[*])=CC=C1)O,,,,,6.161846959528519,10.1016_j.polymer.2019.122053_part_2.txt_¶Î1_Material1
OCC(C(C(C1N)O)O[*])OC1OC2C(OC(C(C2O)N)[*])CO,[*]NC(C(N1CCCC1C(NCC(N2CC(CC2C(NC(C(NCC([*])=O)=O)CO)=O)O)=O)=O)=O)CCCCN,[*]OC1C(C(O)=O)OC(OC2C(NC(C)=O)C([*])OC(CO)C2O)C(O)C1O,O=[Al]O[Al]=O.O=[Si]=O.O=[Si]=O.O=[Si]=O,,4.329194415088451,10.1016_j.ceramint.2014.04.010_part_2.txt_¶Î1_Material3
O=C([*])CCCCCN[*],O=[Ti]=O,,,,5.885361220031512,10.1002_pc.22292_part_2.txt_¶Î1_Material1
O=C([*])C(C)O[*],C/C(C[*])=C/C[*],O=[Mg].O=[Si]=O.O=[Si]=O.O=[Si]=O.O=[Si]=O.O=[Mg].O=[Mg].O,C/C(C[*])=C/C[*],,6.477121254719663,10.1177_0021998313477461_part_2.txt_¶Î1_Material1
OCC1OC(C(C(C1[*])O)O)OC2C(C(C(OC2CO)O[*])O)O,C12=C3C(C=CC4C3=C5C(CC6=CC7=C8C9=C(C(C=C%10)=CC=C9C=C7)C%11=C%10C%12)=CC4)=CC=C1C=C%12C%13=C%11C8=C6C5=C2%13,,,,6.4623979978989565,10.1016_j.matlet.2021.130522_part_1.txt_¶Î1_Material1
OC1=C(C=CC=C1CC2=CC=CC([*])=C2O)CC3=CC=CC([*])=C3O,[H][O-],,,,6.792391689498253,10.1002_pc.25228_part_2.txt_¶Î1_Material1
C/C(C[*])=C/C[*],[*]C/C=C/CCC([*])C#N,,,,2.662757831681574,10.1016_j.polymer.2016.06.063_part_6.txt_¶Î1_Material1
O=C([*])C(C)O[*],OC(C(C)(CC(C1=CC=CC=C1)[*])CC(C[*])(C(OCC2CO2)=O)C)=O,,,,5.651762447380111,10.1002_pat.4649_part_3.txt_¶Î1_Material1
[*]NC(C(N1CCCC1C(NCC(N2CC(CC2C(NC(C(NCC([*])=O)=O)CO)=O)O)=O)=O)=O)CCCCN,OCC1OC(C(C(C1[*])O)O)OC2C(C(C(OC2CO)O[*])O)O,,,,6.431363764158987,10.1021_acs.biomac.5b00345_part_2.txt_¶Î1_Material1
O=C([*])C(C)O[*],[*]OC(CC(OC(CC([*])=O)CC)=O)C,[*]C1C(OC(C(C1O)O)OC2C(OC(C(C2O)O)O[*])CO)CO,,,5.880813592280791,10.1016_j.foodhyd.2018.04.045_part_5.txt_¶Î1_Material2
[*]CC(CC=CCC([*])C1=CC=CC=C1)C#N,OC1=C2C(C3(O)C4C5C6=C7C8C(C9=CC(C(O)=O)=C(C=C(C=C%10C(O)=O)C%11%12)C(C%11=C%13C%14C%15%16C%17(O%16)C%18C%19=C%20C%21=C%22C(C(O)=C%23)=C%24C%25C%21=C%26C%19=C%27C%17=C%28C%14(O)C%12=C%10C=C%28CC%27=CC%26=CC%25=C(C(O)=O)C=C%24)C9=C7C%13(O)C5=C%15C3=C%18C%29%30C%20(O%30)C%31C%22C%23=C%32)=CC(C(O)=O)=CC8=CC6=C(C(O)=O)C4=C2)=C%29C%33=C%31C%32=C(C(O)=O)C=C%331,,,,5.552351807979569,10.4028_www.scientific.net_amr.826.228_part_1.txt_¶Î1_Material3
[*]C(C(O[*])C)=O,[*]C(CCCCCO[*])=O,,,,6.531478917042255,10.1016_j.msec.2017.03.134_part_5.txt_¶Î1_Material1
[*]C(N(CN(C(OCOC(N(CN(C(OCCO[*])=O)[H])[H])=O)=O)[H])[H])=O,O=C(O)C([*])C[*],,,,4.382017042574868,10.1016_j.polymer.2013.07.005_part_2.txt_¶Î1_Material1
[*]N1C(C2=CC3=C(C=C2C1=O)C(N(C3=O)C4=CC=C(C=C4)OC5=CC=C(C=C5)[*])=O)=O,[*]CC(C#N)[*],,,,7.0220157398177205,10.1016_j.polymer.2016.02.056_part_2.txt_¶Î1_Material1
[*]CC(COC1=CC=C(C=C1)C(C)(C)C2=CC=C(C=C2)O[*])O,OCC(C(C(C1N)O)O[*])OC1OC2C(OC(C(C2O)N)[*])CO,,,,7.333648756514701,10.3390_polym12071501_part_1.txt_¶Î1_Material1
OCC(C(C(C1N)O)O[*])OC1OC2C(OC(C(C2O)N)[*])CO,[*]NC(C(O)=O)CCC([*])=O,CC1(C2=CC=CC(O)=C2C(O)=C3C(C4(C(O)=C(C(C(C4CC13)N(C)C)=O)C(O)=N)O)=O)O,,,6.556302500767287,10.3390_met7100418_part_2.txt_¶Î1_Material1
[*]CC([*])Cl,[*]CC(CC=CCC([*])C1=CC=CC=C1)C#N,,,,6.432327792261604,10.1002_vnl.20326_part_2.txt_¶Î1_Material1
[*]C(C)C[*],[*]CCCC([*])OC(C)=O,CCCCCCCCCCCCCCCCCCOC(CCC1=CC(C(C)(C)C)=C(C(C(C)(C)C)=C1)O)=O,[*]CCCC([*])OC(C)=O,,6,10.1007_s12221-015-5347-1_part_1.txt_¶Î1_Material2
[*]C(C)C[*],[*]C1C(OC(C(C1O)O)OC2C(OC(C(C2O)O)O[*])CO)CO,[*]C(C)C[*],,,5.647285145025367,10.1002_app.45740_part_1.txt_¶Î1_Material2
[*]C(C)C[*],[*]CC(CC(C#N)[*])C1=CC=CC=C1,[*]CC(C1=CC=CC=C1)C/C=C/C[*],,,5.888179493918325,10.1007_s00289-013-1071-4_part_4.txt_¶Î1_Material1
O=C(C1=CC=C(C=C1)C(OCC[*])=O)O[*],NC1=NC2=C(N=CN2C2O[C@H](COP(=O)(O)OP(=O)(O)O)[C@H](O)[C@@H]2O)C(=O)N1,,,,6.361727836017593,10.1007_s12221-016-6238-9_part_1.txt_¶Î1_Material1
O=C([*])C(C)O[*],[*]C(CCCCC(OCCCCO[*])=O)=O,C=C([CH3])C(=O)OC([CH3])[CH3],OC1=C2C(C3(O)C4C5C6=C7C8C(C9=CC(C(O)=O)=C(C=C(C=C%10C(O)=O)C%11%12)C(C%11=C%13C%14C%15%16C%17(O%16)C%18C%19=C%20C%21=C%22C(C(O)=C%23)=C%24C%25C%21=C%26C%19=C%27C%17=C%28C%14(O)C%12=C%10C=C%28CC%27=CC%26=CC%25=C(C(O)=O)C=C%24)C9=C7C%13(O)C5=C%15C3=C%18C%29%30C%20(O%30)C%31C%22C%23=C%32)=CC(C(O)=O)=CC8=CC6=C(C(O)=O)C4=C2)=C%29C%33=C%31C%32=C(C(O)=O)C=C%331,,6.326335860928752,10.1016_j.polymertesting.2017.09.010_part_5.txt_¶Î1_Material2
OCC(C(C(C1N)O)O[*])OC1OC2C(OC(C(C2O)N)[*])CO,OC(C(CC(O)=O)(CC(O)=O)O)=O,,,,5.489958479424835,10.1016_j.carbpol.2018.11.064_part_7.txt_¶Î1_Material1
OCC1OC(C(C(C1O)O[*])O)OC2C(C(C(OC2COS(=O)(O)=O)[*])NC(C)=O)O,OP(O)(O)=O,,,,4.130333768495007,10.1016_j.polymdegradstab.2020.109272_part_4.txt_¶Î1_Material1
[*]C([C@H](C)OC([C@H](C)O[*])=O)=O,OP(O)(O)=O,,,,6.298634783124435,10.1016_j.polymdegradstab.2016.03.018_part_2.txt_¶Î1_Material1
[*]C(CCCCCO[*])=O,O=C=NC(C=C1)=CC=C1CC2=CC=C(C=C2)N=C=O,O=C=NC(C=C1)=CC=C1CC2=CC=C(C=C2)N=C=O,,,3.976808337338066,10.1016_j.msec.2019.04.073_part_2.txt_¶Î1_Material1
[*]C1C(OC(C(C1O)O)OC2C(OC(C(C2O)O)O[*])CO)CO,O=C([*])C(C)O[*],[*]C(CCCCC(OCCCCO[*])=O)=O,,,6.533517862016968,10.1007_s10570-021-03921-8_part_2.txt_¶Î1_Material3
O=C([*])C1=CC=C(C=C1)OC2=CC=C(C=C2)OC3=CC=C(C=C3)[*],[*]C(F)(C(F)([*])F)F,O=[Si]=O,,,6.204119982655925,10.1177_0954008317723444_part_2.txt_¶Î1_Material3
C(C)(C1=CC=C(OCC2CO2)C=C1)(C)C1=CC=C(OCC2CO2)C=C1,OC(C(C)(CC(C1=CC=CC=C1)[*])CC(C[*])(C(OCC2CO2)=O)C)=O,,,,6.518513939877887,10.1016_j.engfracmech.2018.06.044_part_1.txt_¶Î1_Material2
[*]C(CCCCCO[*])=O,CC1=CC=C(C=C1N=C=O)N=C=O,,,,4.977723605288848,10.1007_s10965-012-9994-2_part_1.txt_¶Î1_Material3
[*]CC(C(OCC)=O)[*],CC1=CC=C(C=C1N=C=O)N=C=O,,,,4.954242509439325,10.1007_s10965-012-9994-2_part_1.txt_¶Î1_Material2
OCC(C(C(C1N)O)O[*])OC1OC2C(OC(C(C2O)N)[*])CO,O=C([O-])[O-].[Ca+2],,,,6.698970004336019,10.1002_adem.201080068_part_2.txt_¶Î1_Material1
[*]C1C(OC(C(C1O)O)OC2C(OC(C(C2O)O)O[*])CO)CO,O=C1C=CC(O1)=O.C=C,,,,6.060697840353612,10.1002_adv.22132_part_1.txt_¶Î1_Material2
[*]C(N(CN(C(OCOC(N(CN(C(OCCO[*])=O)[H])[H])=O)=O)[H])[H])=O,O=C=NC(C=C1)=CC=C1CC2=CC=C(C=C2)N=C=O,O=C(C1=CC=C(C([*])=O)C=C1)NC2=CCC(N[*])C=C2,,,5.409933123331294,10.1007_s12034-012-0403-6_part_1.txt_¶Î1_Material1
O=C=NC(C=C1)=CC=C1CC2=CC=C(C=C2)N=C=O,[*]C(CCCCCO[*])=O,,,,3.9731278535996974,10.1016_j.wear.2018.10.009_part_1.txt_¶Î1_Material2
O=C([*])C(C)O[*],[*]C(NC1=C(C)C(NC(OCCO[*])=O)=CC=C1)=O,O=[Ti]=O,,,6.223835871115466,10.1016_j.polymdegradstab.2017.07.002_part_1.txt_¶Î1_Material1
C=C([CH3])C(=O)O[CH3],[*]NCC(NC(C(ONCC(NC(C(NCC(NC(C([*])=O)C)=O)=O)C)=O)=O)CO)=O,,,,5.045714058940868,10.1177_0731684415577236_part_2.txt_¶Î1_Material1
O=C([*])C(C)O[*],[*]OCCCCOC(CCC([*])=O)=O,C[N+](CCO)(CCO)[3H],,,6.477121254719663,10.3390_polym13152489_part_4.txt_¶Î1_Material2
O=C([*])CCCCCN[*],OC(C(C)(CC(C1=CC=CC=C1)[*])CC(C[*])(C(OCC2CO2)=O)C)=O,,,,6.32221929473392,10.1016_j.compositesb.2018.08.106_part_1.txt_¶Î1_Material1
[*]C(N(CN(C(OCOC(N(CN(C(OCCO[*])=O)[H])[H])=O)=O)[H])[H])=O,[*]C1C(OC(C(C1O)O)OC2C(OC(C(C2O)O)O[*])CO)CO,,,,4.817565369559781,10.1016_j.carbpol.2011.09.098_part_1.txt_¶Î1_Material1
OCC1OC(C(C(C1[*])O)O)OC2C(C(C(OC2CO)O[*])O)O,[*]CC(C#N)[*],,,,6.886490725172482,10.1002_adma.202000682_part_3.txt_¶Î1_Material1
O=C([*])CCCCCN[*],[O-][Si]([O-])([O-])O[Si]([O-])([O-])[O-].[Ca+2],,,,6.544068044350276,10.1016_j.polymertesting.2011.03.001_part_1.txt_¶Î1_Material1
CC(NC(C([*])C)=O)C(NC(C)C(NC(C)C(N[*])=O)=O)=O,[*]C([H])([H])C(O)([H])[*],C(CC=O)CC=O,,,5.3979400086720375,10.1007_s12221-015-0761-y_part_2.txt_¶Î1_Material1
[*]C(C)C[*],O=C([*])CCCCCN[*],CCCCCCCCCCCCCCCCCCOC(CCC1=CC(C(C)(C)C)=C(C(C(C)(C)C)=C1)O)=O,NC1=CC=C(C=C1)/C2=C3C=C/C(N\3)=C(C4=N/C(C=C4)=C(C5=CC=C(N5)/C(C6=CC=CC=C6)=C7N=C2C=C\7)/C8=CC=CC=C8)\C9=CC=CC=C9,,6.113943352306837,10.1007_s12221-015-5347-1_part_1.txt_¶Î1_Material3
[*]C(C)C[*],O=C([*])CCCCCN[*],[*]CCCC(C1C([*])C2CC1C/C2=C/C)C,[*]CCCC(C1C([*])C2CC1C/C2=C/C)C,,6,10.1016_j.polymertesting.2019.106018_part_3.txt_¶Î1_Material1
[*]C(CCCCC(OCCCCO[*])=O)=O,[*]C1C(OC(C(C1O)O)OC2C(OC(C(C2O)O)O[*])CO)CO,OCC1OC(C(C(C1[*])O)O)OC2C(C(C(OC2CO)O[*])O)O,,,5.02938377768521,10.1016_j.ijbiomac.2021.04.102_part_1.txt_¶Î1_Material1
OCC(C(C(C1N)O)O[*])OC1OC2C(OC(C(C2O)N)[*])CO,OCC1OC(C(C(C1[*])O)O)OC2C(C(C(OC2CO)O[*])O)O,OCC(O)CO,,,6.6464037262230695,10.1016_j.carbpol.2014.01.094_part_1.txt_¶Î1_Material1
OCC1OC(C(C(C1O[*])O)O)[*],OCC1OC(C(C(C1[*])O)O)OC2C(C(C(OC2CO)O[*])O)O,,,,6.146128035678238,10.1007_s10570-010-9411-0_part_2.txt_¶Î1_Material3
O=C([*])C(C)O[*],[*]C(CCCCCO[*])=O,OC(C(C)(CC(C1=CC=CC=C1)[*])CC(C[*])(C(OCC2CO2)=O)C)=O,,,6.477121254719663,10.1680_jgrma.18.00006_part_9.txt_¶Î1_Material1
O=C(C1=CC=C(C=C1)C(OCC[*])=O)O[*],[*]C(C)C[*],[*]C(C)C[*],,,6.3979400086720375,10.1002_pc.24470_part_1.txt_¶Î1_Material1
[*]C([C@H](C)OC([C@H](C)O[*])=O)=O,[Mg]=O,[Mg]=O,,,7.092018470752797,10.1002_pc.24804_part_1.txt_¶Î1_Material1
C[Si](C)(C[*])O[*],[Au],,,,3.189462239457663,10.3390_en13071625_part_2.txt_¶Î1_Material1
[*]NC(C(N1CCCC1C(NCC(N2CC(CC2C(NC(C(NCC([*])=O)=O)CO)=O)O)=O)=O)=O)CCCCN,[*]C([C@H](C)OC([C@H](C)O[*])=O)=O,,,,4.821513528404773,10.1016_j.ijbiomac.2010.06.002_part_2.txt_¶Î1_Material1
O=C(C1=CC=C(C=C1)C(OCC[*])=O)O[*],O=[Si]=O,O=[Si]=O,,,6.544068044350276,10.1016_j.ijpvp.2021.104456_part_3.txt_¶Î1_Material1
O=C([*])C(C)O[*],[*]CCCC([*])OC(C)=O,,,,5.311753861055754,10.1039_c5ra24897c_part_2.txt_¶Î1_Material1
OCC1OC(C(C(C1[*])O)O)OC2C(C(C(OC2CO)O[*])O)O,OCC1OC(C(C(C1[*])O)O)OC2C(C(C(OC2CO)O[*])O)O,COC1=CC(/C=C/C=O)=CC(OC2=CC(C(C(OC3=CC=C(C=C3OC)C(C(CO)=O)O)CO)O)=CC=C2OC4=CC(C(C(COC5=CC=C(C=C5)C(C(CO)=O)O)=O)O)=CC=C4O)=C1,,,7.534026106056135,10.1007_s10570-014-0201-y_part_1.txt_¶Î1_Material1
[*]OCC1C(C(C(CC1CO)COCC2C(C(C(CC2CO)C[*])O)COCC3C(C(C(C(O3)CO)O)O)COCC4C(C(C(C(O4)C(O)=O)COCC5C(C(C(C(O5)C(O)=O)O)O)O)O)O)O)O,,,,,3.804820678721162,10.17113_ftb.53.03.15.3725_part_1.txt_¶Î1_Material2
C[Si](C)(C[*])O[*],FC(F)([*])C([H])([*])[H],O=[Si]=O,,,3.3443922736851106,10.1016_j.desal.2017.12.004_part_2.txt_¶Î1_Material1
O=C([*])C(C)O[*],C12=CC3=CC4=CC=CN=C4N=C3N=C1N=C5N=C6N=CC=CC6=CC5=C2,O=C([*])C(C)O[*],,,6.45267559817561,10.1177_0021998317708020_part_2.txt_¶Î1_Material1
[*]C(C)C[*],[*]CCC(CCCCCC)C[*],[*]CC[*],,,6.015359755409214,10.1002_app.42960_part_1.txt_¶Î1_Material4
[*]CCCCOCCCCOCCCCOCCCCO[*],CCCCCCCCCCCCCCCCCCOC(CCC1=CC(C(C)(C)C)=C(C(C(C)(C)C)=C1)O)=O,,,,3.673941998634088,10.3390_polym13010143_part_2.txt_¶Î1_Material8
[*]C(C)C[*],C=C([CH3])C(=O)OC([CH3])[CH3],,,,6.491361693834273,10.1177_0021998315573288_part_2.txt_¶Î1_Material1
[*]NCC(NC(C(ONCC(NC(C(NCC(NC(C([*])=O)C)=O)=O)C)=O)=O)CO)=O,[*]C1C(OC(C(C1O)O)OC2C(OC(C(C2O)O)O[*])CO)CO,OCC(C(C(C1N)O)O[*])OC1OC2C(OC(C(C2O)N)[*])CO,,,6.185542154854375,10.1016_j.msec.2012.02.015_part_1.txt_¶Î1_Material3
[*]C(CCCCC(OCCCCOC(C1=CC=C(C(OCCCCO[*])=O)C=C1)=O)=O)=O,OCC(O)CO,,,,5,10.1007_s10924-021-02223-1_part_1.txt_¶Î1_Material1
[*]C([C@H](C)OC([C@H](C)O[*])=O)=O,OP(O)(O)=O,[*]C([C@H](C)OC([C@H](C)O[*])=O)=O,,,6.447158031342219,10.3390_polym11071193_part_2.txt_¶Î1_Material2
[*]C/C=C/CCC([*])C#N,[*]C/C=C/CCC([*])C#N,,,,4.008600171761918,10.1515_polyeng-2016-0375_part_1.txt_¶Î1_Material1
[*]C(C)C[*],[*]OC1OC(CO)C(OC2C(O)C(O)C([*])C(CO)O2)C(O)C1O,NC1=CC=C(C=C1)/C2=C3C=C/C(N\3)=C(C4=N/C(C=C4)=C(C5=CC=C(N5)/C(C6=CC=CC=C6)=C7N=C2C=C\7)/C8=CC=CC=C8)\C9=CC=CC=C9,,,6.652246341003323,10.1080_15440478.2017.1410510_part_2.txt_¶Î1_Material2
OCC(C(C(C1N)O)O[*])OC1OC2C(OC(C(C2O)N)[*])CO,[*]C([H])([H])C(O)([H])[*],OC(C(CC(O)=O)(CC(O)=O)O)=O,,,6.2552725051033065,10.1016_j.carbpol.2015.11.039_part_1.txt_¶Î1_Material2
[*]C1C(C(C(OC1C(O[Na])=O)OC2C(C(O[Na])=O)OC(O[*])C(O)C2O)O)O,OCC(O)CO,OC[C@@H]([C@H]([C@@H]([C@@H](CO)O)O)O)O,,,6.32221929473392,10.1016_j.carbpol.2016.10.037_part_1.txt_¶Î1_Material1
[*]CC(C#N)[*],[*]CCN[*],O=C(O)C([*])C[*],,,5.729326809646861,10.1039_c6nr06295d_part_4.txt_¶Î1_Material1
[*]C(CCCCCO[*])=O,C(CC=O)CC=O,,,,4.352182518111363,10.1515_polyeng-2017-0350_part_1.txt_¶Î1_Material1
FC(F)([*])C([H])([*])[H],[Ag],,,,6.311753861055754,10.1021_acsomega.8b01185_part_1.txt_¶Î1_Material1
[*]C(C=C1)=CC=C1S[*],,,,,6.4679039465228,10.1002_pc.22222_part_2.txt_¶Î1_Material1
OCC1OC(C(C(C1[*])O)O)OC2C(C(C(OC2CO)O[*])O)O,[Al+3],,,,7.518513939877887,10.1016_j.carbpol.2021.118507_part_1.txt_¶Î1_Material1
[*]C(C)C[*],[*]C(C)C[*],OCC(C(C(C1N)O)O[*])OC1OC2C(OC(C(C2O)N)[*])CO,OCC(O)CO,,5.45075702813707,10.3390_ma10020105_part_2.txt_¶Î1_Material1
[*]C(C)C[*],OCC1OC(C(C(C1[*])O)O)OC2C(C(C(OC2CO)O[*])O)O,C=C([CH3])C(=O)OC([CH3])[CH3],,,6.372912002970106,10.1108_rpj-10-2018-0260_part_2.txt_¶Î1_Material1
[*]C(C(OC(CO[*])=O)C)=O,[*]NC(C)C(N1CCCC1C([*])=O)=O,[*]C(NC1=C(C)C(NC(OCCO[*])=O)=CC=C1)=O,,,4.31722734917642,10.1002_jbm.b.33153_part_1.txt_¶Î1_Material2
O=C([*])OC1=CC=C(C=C1)C(C)(C)C2=CC=C(C=C2)O[*],C=C([CH3])C(=O)O[CH3],[*]C1C(C(C(OC1C(O[Na])=O)OC2C(C(O[Na])=O)OC(O[*])C(O)C2O)O)O,,,6.181843587944773,10.1002_pc.26226_part_2.txt_¶Î1_Material1
O=C([*])CCCCCN[*],OCC(C(C(C1N)O)O[*])OC1OC2C(OC(C(C2O)N)[*])CO,,,,5.337459261290656,10.1186_s12951-020-00602-9_part_2.txt_¶Î1_Material3
O=C([*])C(C)O[*],O=C(O[*])CCCCCCCCCCN[*],O=[Ti]=O,,,6.3979400086720375,10.1002_pen.23692_part_1.txt_¶Î1_Material1
[*]CCCC(C1C([*])C2CC1C/C2=C/C)C,O[Si](O)(O[Si](O)(O)O)O.[Al].[Al].O,,,,3.387389826338729,10.1002_app.40307_part_1.txt_¶Î1_Material1
C[Si](C)(C[*])O[*],[*]CC([*])N1CCCC1=O,,,,3.3138672203691533,10.1002_pen.24240_part_1.txt_¶Î1_Material4
[*]CC(CC=CCC([*])C1=CC=CC=C1)C#N,O=C([*])CCCCCN[*],,,,6.380211241711606,10.1007_s10965-010-9540-z_part_2.txt_¶Î1_Material1
O=C=NC(C=C1)=CC=C1CC2=CC=C(C=C2)N=C=O,C[Si](C)(C[*])O[*],,,,3.632457292184725,10.1002_app.42521_part_3.txt_¶Î1_Material3
[*]C(C)C[*],[Mg]=O,COC1=CC(/C=C/C=O)=CC(OC2=CC(C(C(OC3=CC=C(C=C3OC)C(C(CO)=O)O)CO)O)=CC=C2OC4=CC(C(C(COC5=CC=C(C=C5)C(C(CO)=O)O)=O)O)=CC=C4O)=C1,,,6.137354111370733,10.3390_molecules25040864_part_2.txt_¶Î1_Material1
[*]/C=C\CC/C=C\CC(CC([*])C1=CC=CC=C1)C2=CC=CC=C2,[*]CC[*],[C],,,6.113943352306837,10.1002_app.45512_part_2.txt_¶Î1_Material2
[*]C([C@H](C)OC([C@H](C)O[*])=O)=O,OCC(C(C(C1N)O)O[*])OC1OC2C(OC(C(C2O)N)[*])CO,,,,5.750045312011768,10.3390_pr9010088_part_2.txt_¶Î1_Material2
[*]CC(C#N)[*],OP(O)(O)=O,O=[Ti]=O,,,6.698970004336019,10.1016_j.progpolymsci.2011.07.001_part_4.txt_¶Î1_Material1
[*]C([H])([H])C(O)([H])[*],C=CC1=CC=CC=C1,,,,5.094645789605955,10.1002_vnl.21792_part_2.txt_¶Î1_Material1
[*]CC(COC1=CC=C(C=C1)C(C)(C)C2=CC=C(C=C2)O[*])O,[*]C(C)C[*],O=[Mg].O=[Si]=O.O=[Si]=O.O=[Si]=O.O=[Si]=O.O=[Mg].O=[Mg].O,,,7,10.1177_0021998317704896_part_4.txt_¶Î1_Material1
[*]C([H])([H])C(O)([H])[*],O=[Ti]=O,[*]C1=C(C=CN2)C2=C([*])C(O)=C1O,,,7.469822015978163,10.1016_j.compscitech.2017.04.017_part_5.txt_¶Î1_Material1
C[Si](C)(C[*])O[*],O=[Si]=O,O=C=NC(C=C1)=CC=C1CC2=CC=C(C=C2)N=C=O,,,3.361727836017593,10.1021_ma301447f_part_2.txt_¶Î1_Material1
[*]CC(COC1=CC=C(C=C1)C(C)(C)C2=CC=C(C=C2)O[*])O,C=C(C)C(=O)OCC(O)COC1=CC=C(C(C2=CC=C(O)C=C2)(C)C)C=C1,,,,7.912222056532415,10.1016_j.polymertesting.2021.107077_part_2.txt_¶Î1_Material1
[*]C(C)C[*],[*]CC(CC=CCC([*])C1=CC=CC=C1)C#N,[*]C(C)C[*],,,5.940232506954094,10.1007_s00289-015-1434-0_part_3.txt_¶Î1_Material2
[*]CC(COC1=CC=C(C=C1)C(C)(C)C2=CC=C(C=C2)O[*])O,[*]OCC[*],,,,6.047140468477217,10.1002_pen.23733_part_1.txt_¶Î1_Material1
O=C([*])C(C)O[*],OCC(O)CO,,,,6.199563211767236,10.1002_app.32751_part_2.txt_¶Î1_Material1
[*]OCCCCOC(CCC([*])=O)=O,COC1=CC(/C=C/C=O)=CC(OC2=CC(C(C(OC3=CC=C(C=C3OC)C(C(CO)=O)O)CO)O)=CC=C2OC4=CC(C(C(COC5=CC=C(C=C5)C(C(CO)=O)O)=O)O)=CC=C4O)=C1,CCOC(=O)C(O)(CC(=O)OCC)CC(=O)OCC,,,5.110589710299249,10.1016_j.eurpolymj.2019.04.003_part_1.txt_¶Î1_Material1
[*]C([H])([H])C(O)([H])[*],[*]CC(C1=CC=C(C=C1)S(O)(=O)=O)[*],O=S([CH3])[CH3],,,6.694605198933568,10.1007_s12221-015-5616-z_part_1.txt_¶Î1_Material1
[*]CC([*])Cl,CC1=CC=C(C=C1N=C=O)N=C=O,,,,5.534026106056135,10.1002_vnl.21706_part_2.txt_¶Î1_Material1
[*]C(C)C[*],C/C(C[*])=C/C[*],[*]C(C)C[*],,,5.775464809345739,10.1088_1757-899x_957_1_012019_part_2.txt_¶Î1_Material1
[*]OCCOC(CC(C([*])=O)C(C1CCCCC1)CC(CC(O)=O)C(OCCO)=O)=O,[Cu],,,,6.070776462843435,10.1007_s00289-021-03665-2_part_1.txt_¶Î1_Material1
O=C([*])C(C)O[*],C=C([CH3])C(=O)O[CH3],O=C([O-])[O-].[Ca+2],,,6.518513939877887,10.1002_app.46927_part_2.txt_¶Î1_Material3
[*]NC(C(N1CCCC1C(NCC(N2CC(CC2C(NC(C(NCC([*])=O)=O)CO)=O)O)=O)=O)=O)CCCCN,C[N+](CCO)(CCO)[3H],,,,5.981179602135724,10.1007_s11947-014-1319-5_part_1.txt_¶Î1_Material1
OCC1OC(C(C(C1[*])O)O)OC2C(C(C(OC2CO)O[*])O)O,[*]OCC[*],,,,6.176091259055681,10.1007_s10570-014-0493-y_part_2.txt_¶Î1_Material1
O=C([*])C(C)O[*],[*]OC1C(C(O)=O)OC(OC2C(NC(C)=O)C([*])OC(CO)C2O)C(O)C1O,,,,6.696836730575163,10.1002_app.49286_part_1.txt_¶Î1_Material4
[*]C(NC1=C(C)C(NC(OCCO[*])=O)=CC=C1)=O,[*]OCC[*],[*]CC([*])Cl,,,5.931966114728173,10.1021_acsami.6b15009_part_7.txt_¶Î1_Material2
O=C(C1=CC=C(C=C1)C(OCC[*])=O)O[*],[H][O-],[K+].[OH-],,,6.198657086954422,10.1007_s10924-019-01418-x_part_1.txt_¶Î1_Material1
O=C([*])CCCCCN[*],[*]CC(CC=CCC([*])C1=CC=CC=C1)C#N,[*]C(C1=CC=CC=C1)CC2C(OC(C2[*])=O)=O,,,6.442479769064448,10.1080_00222348.2018.1543793_part_3.txt_¶Î1_Material2
[*]C([H])([H])C(O)([H])[*],[*]OCC[*],[*]CC[*],,,6.401400540781544,10.1002_app.46481_part_1.txt_¶Î1_Material3
[*]C1OC(CCC)OC(C[*])C1,[Cu],,,,6.3979400086720375,10.1016_j.powtec.2018.07.100_part_2.txt_¶Î1_Material1
O=C([*])C(C)O[*],O=C([*])C(C)O[*],O1C(=O)C=CC1=O,,,6.230448921378274,10.1080_09276440.2015.1054743_part_2.txt_¶Î1_Material2
O=C([*])CCCCCN[*],[*]CCC(CCCCCC)C[*],[*]CC(C1=CC=CC=C1)[*],,,5.845098040014257,10.1016_j.coco.2020.100413_part_2.txt_¶Î1_Material2
[*]C(C)C[*],[*]C(C=C1)=CC=C1S[*],O=[Si]=O,,,5.778874472002739,10.1016_j.compscitech.2018.06.029_part_1.txt_¶Î1_Material1
O=C([*])C(C)O[*],O=C1C=CC(O1)=O.C=C,,,,6.15044940946088,10.1016_j.polymertesting.2019.03.037_part_1.txt_¶Î1_Material1
[*]C(C)C[*],[*]CC(COC1=CC=C(C=C1)C(C)(C)C2=CC=C(C=C2)O[*])O,,,,6.298853076409706,10.1002_pc.24237_part_2.txt_¶Î1_Material1
[*]NC(C(N1CCCC1C(NCC(N2CC(CC2C(NC(C(NCC([*])=O)=O)CO)=O)O)=O)=O)=O)CCCCN,OC[C@@H]([C@H]([C@@H]([C@@H](CO)O)O)O)O,,,,6.010571305903187,10.1007_s41783-017-0024-z_part_1.txt_¶Î1_Material1
O=C(C1=CC=C(C=C1)C(OCC[*])=O)O[*],O=C([*])OC1=CC=C(C=C1)C(C)(C)C2=CC=C(C=C2)O[*],[*]C/C=C/CCC([*])C#N,,,6.0598813549958725,10.1080_03602559.2013.763349_part_2.txt_¶Î1_Material1
O=C([*])C(C)O[*],O=C(O)C([*])C[*],,,,6.477121254719663,10.7569_jrm.2016.634126_part_1.txt_¶Î1_Material1
[*]NC(C(N1CCCC1C(NCC(N2CC(CC2C(NC(C(NCC([*])=O)=O)CO)=O)O)=O)=O)=O)CCCCN,O=[Al]O[Al]=O.O=[Si]=O.O=[Si]=O.O=[Si]=O,,,,6.568201724066995,10.7569_jrm.2016.634106_part_1.txt_¶Î1_Material2
[*]OCC[*],CC1=CC=C(C=C1N=C=O)N=C=O,[*]C1=CC=C([*])N1,,,6.301029995663981,10.1080_03602559.2015.1132436_part_9.txt_¶Î1_Material2
[*]NC(C(N1CCCC1C(NCC(N2CC(CC2C(NC(C(NCC([*])=O)=O)CO)=O)O)=O)=O)=O)CCCCN,OCC(C(C(C1N)O)O[*])OC1OC2C(OC(C(C2O)N)[*])CO,OCC(O)CO,,,6.361727836017593,10.3390_coatings6040041_part_3.txt_¶Î1_Material1
[*]CC(COC1=CC=C(C=C1)C(C)(C)C2=CC=C(C=C2)O[*])O,[*]CC(C#N)[*],OC1=C2C(C3(O)C4C5C6=C7C8C(C9=CC(C(O)=O)=C(C=C(C=C%10C(O)=O)C%11%12)C(C%11=C%13C%14C%15%16C%17(O%16)C%18C%19=C%20C%21=C%22C(C(O)=C%23)=C%24C%25C%21=C%26C%19=C%27C%17=C%28C%14(O)C%12=C%10C=C%28CC%27=CC%26=CC%25=C(C(O)=O)C=C%24)C9=C7C%13(O)C5=C%15C3=C%18C%29%30C%20(O%30)C%31C%22C%23=C%32)=CC(C(O)=O)=CC8=CC6=C(C(O)=O)C4=C2)=C%29C%33=C%31C%32=C(C(O)=O)C=C%331,,,6.340047317661393,10.1002_pc.25592_part_2.txt_¶Î1_Material1
[*]NC(C(N1CCCC1C(NCC(N2CC(CC2C(NC(C(NCC([*])=O)=O)CO)=O)O)=O)=O)=O)CCCCN,O=C(O[Na])COCC(OC(C(C1O)O)[*])C1OC(C(C(C2O[*])O)O)OC2COCC(O[Na])=O,OCC(O)CO,,,5,10.1016_j.fbio.2018.06.006_part_2.txt_¶Î1_Material2
[*]C(CCCCC(OCCCCO[*])=O)=O,[*]C1C(OC(C(C1O)O)OC2C(OC(C(C2O)O)O[*])CO)CO,,,,5.00987563371216,10.1016_j.polymertesting.2018.07.009_part_3.txt_¶Î1_Material2
O=C([*])C(C)O[*],[*]OC(CC(OC(CC([*])=O)CC)=O)C,[*]OCC[*],OCC1OC(C(C(C1[*])O)O)OC2C(C(C(OC2CO)O[*])O)O,,5.7160033436348,10.1016_j.foodhyd.2018.04.045_part_3.txt_¶Î1_Material2
[*]CC[*],O=P([O-])([O-])[O-].[Ca+2].[Ca+2].[OH-],,,,6.431363764158987,10.1016_j.matdes.2011.12.004_part_1.txt_¶Î1_Material1
[*]CC(COC1=CC=C(C=C1)C(C)(C)C2=CC=C(C=C2)O[*])O,O=[Si]=O,N(CC)(CC)CC,,,6.76618969331016,10.1080_03602559.2011.553860_part_1.txt_¶Î1_Material1
NC1=CC=C(C=C1)/C2=C3C=C/C(N\3)=C(C4=N/C(C=C4)=C(C5=CC=C(N5)/C(C6=CC=CC=C6)=C7N=C2C=C\7)/C8=CC=CC=C8)\C9=CC=CC=C9,[*]CCCC([*])OC(C)=O,,,,5.488550716500444,10.1002_app.31630_part_2.txt_¶Î1_Material2
[*]C([H])([H])C(O)([H])[*],OCC(C(C(C1N)O)O[*])OC1OC2C(OC(C(C2O)N)[*])CO,O=[Al]O[Al]=O.O=[Si]=O.O=[Si]=O.O.O,,,5.204119982655925,10.1002_vnl.20331_part_1.txt_¶Î1_Material2
[*]C([C@H](C)OC([C@H](C)O[*])=O)=O,[*]C([H])([H])C(O)([H])[*],OCC(O)CO,,,6.373647472209218,10.1002_pat.3597_part_1.txt_¶Î1_Material1
FC(F)([*])C([H])([*])[H],C12=C3C(C=CC4C3=C5C(CC6=CC7=C8C9=C(C(C=C%10)=CC=C9C=C7)C%11=C%10C%12)=CC4)=CC=C1C=C%12C%13=C%11C8=C6C5=C2%13,,,,6.7831886910752575,10.1016_j.polymer.2010.09.067_part_2.txt_¶Î1_Material1
[*]CC[*],[*]CC[*],OCC1OC(C(C(C1[*])O)O)OC2C(C(C(OC2CO)O[*])O)O,,,6.590507462008583,10.1007_s13726-017-0579-0_part_2.txt_¶Î1_Material1
[*]OCC[*],O=[Al]O[Al]=O.O=[Si]=O.O=[Si]=O.O=[Si]=O,,,,5,10.1155_2015_101692_part_2.txt_¶Î1_Material1
OCC1OC(C(C(C1[*])O)O)OC2C(C(C(OC2CO)O[*])O)O,[*]C(CCCCCO[*])=O,O=CN(C)C,,,4.868056361823042,10.1007_s10924-021-02262-8_part_2.txt_¶Î1_Material1
O=C1C=CC(O1)=O.C=C,[*]C1=C(O)C(C(C)(C)C)=C(O)C(C)=C1SS[*],,,,5.346352974450639,10.1016_j.compositesb.2013.03.032_part_1.txt_¶Î1_Material2
OCC1OC(C(C(C1[*])O)O)OC2C(C(C(OC2CO)O[*])O)O,[*]C1C(OC(C(C1O)O)OC2C(OC(C(C2O)O)O[*])CO)CO,,,,6.612783856719736,10.1016_j.foodhyd.2018.07.017_part_7.txt_¶Î1_Material2
[*]C(NC1=C(C)C(NC(OCCO[*])=O)=CC=C1)=O,O=[Mg].O=[Si]=O.O=[Si]=O.O=[Si]=O.O=[Si]=O.O=[Mg].O=[Mg].O,,,,6,10.1016_j.apsusc.2011.11.113_part_2.txt_¶Î1_Material1
[*]C([C@H](C)OC([C@H](C)O[*])=O)=O,[*]OCC[*],O=P([O-])([O-])[O-].[Ca+2].[Ca+2].[OH-],,,5.869231719730976,10.1002_app.44187_part_2.txt_¶Î1_Material2
O=C([*])C(C)O[*],C=C([CH3])C(=O)O[CH3],[*]C(CCCCC(OCCCCO[*])=O)=O,,,5.315970345456917,10.1021_acs.macromol.8b00297_part_3.txt_¶Î1_Material1
[*]CC[*],[Cu],,,,5.431363764158987,10.46300_9104.2021.15.21_OA_part_1.txt_¶Î1_Material1
OC1=C(C=CC=C1CC2=CC=CC([*])=C2O)CC3=CC=CC([*])=C3O,[*]CC(COC1=CC=C(C=C1)C(C)(C)C2=CC=C(C=C2)O[*])O,,,,6.592176757395867,10.4028_www.scientific.net_kem.531-532.73_part_1.txt_¶Î1_Material1
[*]CC(COC1=CC=C(C=C1)C(C)(C)C2=CC=C(C=C2)O[*])O,O=C(C1=CC=C(C=C1)C(OCC[*])=O)O[*],O=C(C1=CC=C(C([*])=O)C=C1)NC2=CCC(N[*])C=C2,,,6.325351437805546,10.46754_umtjur.v2i2.110_OA_part_1.txt_¶Î1_Material1
[*]CC(COC1=CC=C(C=C1)C(C)(C)C2=CC=C(C=C2)O[*])O,CC(=O)O,,,,6.2552725051033065,10.1016_j.matpr.2019.06.027_part_1.txt_¶Î1_Material1
O=C([*])CCCCCN[*],[*]C/C=C/CCC([*])C#N,[*]C/C=C/CCC([*])C#N,,,6.176091259055681,10.1016_j.compositesb.2015.12.042_part_5.txt_¶Î1_Material1
[*]C1C(C(C(OC1C(O[Na])=O)OC2C(C(O[Na])=O)OC(O[*])C(O)C2O)O)O,O=C(C(C[*])[*])N,OC1=C2C(C3(O)C4C5C6=C7C8C(C9=CC(C(O)=O)=C(C=C(C=C%10C(O)=O)C%11%12)C(C%11=C%13C%14C%15%16C%17(O%16)C%18C%19=C%20C%21=C%22C(C(O)=C%23)=C%24C%25C%21=C%26C%19=C%27C%17=C%28C%14(O)C%12=C%10C=C%28CC%27=CC%26=CC%25=C(C(O)=O)C=C%24)C9=C7C%13(O)C5=C%15C3=C%18C%29%30C%20(O%30)C%31C%22C%23=C%32)=CC(C(O)=O)=CC8=CC6=C(C(O)=O)C4=C2)=C%29C%33=C%31C%32=C(C(O)=O)C=C%331,,,1.5456781497920256,10.1039_c3ta10639j_part_2.txt_¶Î1_Material3
O=C([*])OC1=CC=C(C=C1)C(C)(C)C2=CC=C(C=C2)O[*],CCCCCCCC/C=C\CCCCCCCC(O[C@@H](COP([O-])(OCC[N+](C)(C)C)=O)COC(CCCCCCCCCCCCCCC)=O)=O,O=[Si]=O,,,6.158362492095249,10.1002_pat.4064_part_2.txt_¶Î1_Material1
[*]C([C@H](C)OC([C@H](C)O[*])=O)=O,[*]OCCCCOC(CCC([*])=O)=O,[*]OCC[*],,,6.517195897949974,10.1002_pat.1672_part_1.txt_¶Î1_Material1
[*]CCCCOCCCCOCCCCOCCCCO[*],CC1(CC(CC(C)(C1)C)N=C=O)CN=C=O,CCCCCCCCCCCCCCCCCCOC(CCC1=CC(C(C)(C)C)=C(C(C(C)(C)C)=C1)O)=O,,,3.611723308007342,10.3390_polym13010143_part_2.txt_¶Î1_Material7
OCC1OC(C(C(C1[*])O)O)OC2C(C(C(OC2CO)O[*])O)O,[Zn]=O,,,,5.973912570419705,10.1016_j.ijbiomac.2021.04.175_part_2.txt_¶Î1_Material1
[*]CCC(CCCC(CCCC(C[*])C)C)C,[*]C(NC1=C(C)C(NC(OCCO[*])=O)=CC=C1)=O,,,,6.32221929473392,10.1016_j.mechmat.2019.103154_part_2.txt_¶Î1_Material1
[*]C([H])([H])C(O)([H])[*],[*]CC(C1=CC=CC=C1)[*],OCC1OC(C(C(C1[*])O)O)OC2C(C(C(OC2CO)O[*])O)O,,,6.3979400086720375,10.1016_j.colsurfa.2018.08.017_part_2.txt_¶Î1_Material1
[*]CC(CC=CCC([*])C1=CC=CC=C1)C#N,O=C(C1=CC=C(C=C1)C(OCC[*])=O)O[*],O=[Al]O[Al]=O.O=[Si]=O.O=[Si]=O.O=[Si]=O,,,6.079181246047625,10.1515_polyeng-2011-0125_part_2.txt_¶Î1_Material1
O=C(C(C[*])[*])N,[*]NC(C(N1CCCC1C(NCC(N2CC(CC2C(NC(C(NCC([*])=O)=O)CO)=O)O)=O)=O)=O)CCCCN,OC(C1=CC=CC=C1C(C(C=CC(N(CC)CC)=C2)=C2O3)=C4C3=C/C(C=C4)=[N+](CC)\CC)=O,,,2.57978359661681,10.1016_j.polymer.2021.123786_part_2.txt_¶Î1_Material1
[*]CCN[*],,,,,6.653212513775344,10.1007_s10570-018-2125-4_part_4.txt_¶Î1_Material1
[*]C(C=C1)=CC=C1S[*],[*]C(C=C1)=CC=C1S[*],[Mg]=O,,,6.556302500767287,10.1002_app.41986_part_2.txt_¶Î1_Material2
[*]CC(C1=CC=CC=C1)[*],[*]C(C)C[*],,,,5.286613631657004,10.1016_j.heliyon.2020.e04166_part_1.txt_¶Î1_Material2
O=C([*])C(C)O[*],[*]OCCCCOC(CCC([*])=O)=O,OC(C(C)(CC(C1=CC=CC=C1)[*])CC(C[*])(C(OCC2CO2)=O)C)=O,,,6.380211241711606,10.1016_j.polymer.2015.10.038_part_3.txt_¶Î1_Material1
[*]CC(C1=CC=CC=C1)[*],O=C([*])CCCCCN[*],,,,6.3979400086720375,10.1007_s00396-021-04820-x_part_2.txt_¶Î1_Material1
[*]OCC[*],O=C([*])CCCCCN[*],OC1=C2C(C3(O)C4C5C6=C7C8C(C9=CC(C(O)=O)=C(C=C(C=C%10C(O)=O)C%11%12)C(C%11=C%13C%14C%15%16C%17(O%16)C%18C%19=C%20C%21=C%22C(C(O)=C%23)=C%24C%25C%21=C%26C%19=C%27C%17=C%28C%14(O)C%12=C%10C=C%28CC%27=CC%26=CC%25=C(C(O)=O)C=C%24)C9=C7C%13(O)C5=C%15C3=C%18C%29%30C%20(O%30)C%31C%22C%23=C%32)=CC(C(O)=O)=CC8=CC6=C(C(O)=O)C4=C2)=C%29C%33=C%31C%32=C(C(O)=O)C=C%331,,,5.004321373782642,10.1002_app.51506_part_3.txt_¶Î1_Material2
O=C([*])C(C)O[*],OP(O)(O)=O,OCC1OC(C(C(C1[*])O)O)OC2C(C(C(OC2CO)O[*])O)O,,,5.836324115706752,10.1007_s00289-021-03567-3_part_3.txt_¶Î1_Material2
O=C([*])C(C)O[*],[*]C1C(OC(C(C1O)O)OC2C(OC(C(C2O)O)O[*])CO)CO,[O-][Si]([O-])([O-])O[Si]([O-])([O-])[O-].[Ca+2],,,6.230448921378274,10.1002_app.40600_part_1.txt_¶Î1_Material1
[*]C([H])([H])C(O)([H])[*],[*]CC[*],,,,5.050147658020303,10.1039_c5ra11662g_part_2.txt_¶Î1_Material3
[*]C(NC1=C(C)C(NC(OCCO[*])=O)=CC=C1)=O,[*]CC[*],,,,5.168939213835978,10.5267_j.esm.2018.3.005_part_2.txt_¶Î1_Material1
[*]C1C(C(C(OC1C(O[Na])=O)OC2C(C(O[Na])=O)OC(O[*])C(O)C2O)O)O,O=[Si]=O,,,,5.815909650886774,10.1016_j.carbpol.2021.118286_part_1.txt_¶Î1_Material1
O=C([*])CCCCCN[*],[*]CC(CC=CCC([*])C1=CC=CC=C1)C#N,[*]C(C1=CC=CC=C1)CC2C(OC(C2[*])=O)=O,O=[Al]O[Al]=O.O=[Si]=O.O=[Si]=O.O=[Si]=O,,6.568201724066995,10.1002_pen.23152_part_2.txt_¶Î1_Material1
OP(O)(O)=O,[*]C([H])([H])C(O)([H])[*],,,,5.552668216112194,10.1007_s00396-020-04773-7_part_2.txt_¶Î1_Material1
[*]CC[*],C12=C3C(C=CC4C3=C5C(CC6=CC7=C8C9=C(C(C=C%10)=CC=C9C=C7)C%11=C%10C%12)=CC4)=CC=C1C=C%12C%13=C%11C8=C6C5=C2%13,[*]OCC[*],,,5.678518379040114,10.1016_j.eurpolymj.2015.11.016_part_1.txt_¶Î1_Material2
OCC1OC(C(C(C1O[*])O)O)[*],O=C(N)N,O=S(O)(O)=O,,,6.863322860120456,10.1007_s10570-012-9683-7_part_1.txt_¶Î1_Material1
C/C(C[*])=C/C[*],[*]C1C(C(C(OC1C(O[Na])=O)OC2C(C(O[Na])=O)OC(O[*])C(O)C2O)O)O,,,,5.0948203803548,10.1016_j.compositesa.2021.106601_part_2.txt_¶Î1_Material1
O=C(C(C[*])[*])N,O=[Al]O[Al]=O.O=[Si]=O.O=[Si]=O.O=[Si]=O,,,,1.2833012287035497,10.1021_acsami.5b00704_part_1.txt_¶Î1_Material1
[*]CCCCO[*],O=C=NC(C=C1)=CC=C1CC2=CC=C(C=C2)N=C=O,[S],,,4.342422680822207,10.1007_s00289-017-2088-x_part_5.txt_¶Î1_Material5
[*]CC(CC=CCC([*])C1=CC=CC=C1)C#N,O=C(C1=CC=C(C=C1)C(OCC[*])=O)O[*],[*]CC(CC=CCC([*])C1=CC=CC=C1)C#N,,,6.32221929473392,10.1080_03602559.2014.1003225_part_2.txt_¶Î1_Material1
[*]CC(COC1=CC=C(C=C1)C(C)(C)C2=CC=C(C=C2)O[*])O,[*]OC1OC(CO)C(OC2C(O)C(O)C([*])C(CO)O2)C(O)C1O,N(CC)(CC)CC,,,6.440594261839831,10.1080_03602559.2011.553860_part_1.txt_¶Î1_Material2
[*]NCC(NC(C(ONCC(NC(C(NCC(NC(C([*])=O)C)=O)=O)C)=O)=O)CO)=O,[*]NCC(NC(C(ONCC(NC(C(NCC(NC(C([*])=O)C)=O)=O)C)=O)=O)CO)=O,[*]CCN[*],,,5.698970004336019,10.1002_smll.201401119_part_2.txt_¶Î1_Material1
CC(NC(C([*])C)=O)C(NC(C)C(NC(C)C(N[*])=O)=O)=O,,,,,7,10.1007_s11356-019-07280-7_part_2.txt_¶Î1_Material1
O=C([*])C(C)O[*],[*]OC(CC(OC(CC([*])=O)CC)=O)C,,,,6.399154333958217,10.3144_expresspolymlett.2018.10_part_2.txt_¶Î1_Material1
[*]CC(C1=CC=CC=C1)[*],COC(C(C[*])([*])C)=O,C[Si](C)(C[*])O[*],,,2.7781512503836434,10.1021_la2049037_part_1.txt_¶Î1_Material1
[*]C1C(C(C(OC1C(O[Na])=O)OC2C(C(O[Na])=O)OC(O[*])C(O)C2O)O)O,[*]C(CCCCCO[*])=O,Cl[Ca]Cl,[*]OCC[*],,5.130333768495007,10.1088_1758-5090_ab331e_part_9.txt_¶Î1_Material1
NC1=CC=C(C=C1)/C2=C3C=C/C(N\3)=C(C4=N/C(C=C4)=C(C5=CC=C(N5)/C(C6=CC=CC=C6)=C7N=C2C=C\7)/C8=CC=CC=C8)\C9=CC=CC=C9,[*]CC[*],,,,5.894537584995747,10.3144_expresspolymlett.2010.88_part_2.txt_¶Î1_Material4
O=C(C1=CC=C(C=C1)C(OCC[*])=O)O[*],[*]C(C1=CC=C(C(OCCCCO[*])=O)C=C1)=O,,,,7.126131407261984,10.1177_0040517517750643_part_1.txt_¶Î1_Material1
[*]C(CCCCCO[*])=O,[*]NC(C(N1CCCC1C(NCC(N2CC(CC2C(NC(C(NCC([*])=O)=O)CO)=O)O)=O)=O)=O)CCCCN,OCC1OC(C(C(C1[*])O)O)OC2C(C(C(OC2CO)O[*])O)O,,,4.972619339059624,10.1007_s00289-019-02756-5_part_1.txt_¶Î1_Material1
[*]CC(OC(O[*])=O)C,[*]C([C@H](C)OC([C@H](C)O[*])=O)=O,,,,5.857030798272624,10.1007_s10853-021-05830-4_part_2.txt_¶Î1_Material3
O=C([*])C(C)O[*],[*]C(CCCCC(OCCCCO[*])=O)=O,OC(C(C)(CC(C1=CC=CC=C1)[*])CC(C[*])(C(OCC2CO2)=O)C)=O,,,6.342422680822207,10.3390_polym13152489_part_4.txt_¶Î1_Material1
[*]OCCCCOC(CCC([*])=O)=O,[*]C1C(OC(C(C1O)O)OC2C(OC(C(C2O)O)O[*])CO)CO,[H][O-],,,5.32221929473392,10.1016_j.polymertesting.2016.01.015_part_2.txt_¶Î1_Material1
O=C([*])C(C)O[*],[*]CC(C1=CC=CC=C1)[*],,,,5.653058070501347,10.1002_app.45799_part_1.txt_¶Î1_Material1
O=C(CCCCC(N(CCCCCCN([*])[H])[H])=O)[*],O=C(CCCCC(N(CCCCCCN([*])[H])[H])=O)[*],,,,6.201397124320452,10.1038_srep37010_part_1.txt_¶Î1_Material1
[*]C(C(OC(CO[*])=O)C)=O,[*]C(CCCCCO[*])=O,[*]NC(C)C(N1CCCC1C([*])=O)=O,[*]C1=C(C=CN2)C2=C([*])C(O)=C1O,,5.484769477716173,10.2147_ijn.s110577_part_2.txt_¶Î1_Material1
[*]C([C@H](C)OC([C@H](C)O[*])=O)=O,[*]C1C(OC(C(C1O)O)OC2C(OC(C(C2O)O)O[*])CO)CO,C=C([CH3])C(=O)OC([CH3])[CH3],OC1=C2C(C3(O)C4C5C6=C7C8C(C9=CC(C(O)=O)=C(C=C(C=C%10C(O)=O)C%11%12)C(C%11=C%13C%14C%15%16C%17(O%16)C%18C%19=C%20C%21=C%22C(C(O)=C%23)=C%24C%25C%21=C%26C%19=C%27C%17=C%28C%14(O)C%12=C%10C=C%28CC%27=CC%26=CC%25=C(C(O)=O)C=C%24)C9=C7C%13(O)C5=C%15C3=C%18C%29%30C%20(O%30)C%31C%22C%23=C%32)=CC(C(O)=O)=CC8=CC6=C(C(O)=O)C4=C2)=C%29C%33=C%31C%32=C(C(O)=O)C=C%331,,6.414973347970818,10.1002_mame.201200111_part_2.txt_¶Î1_Material1
[*]NC(C1=CC=C2C(C(N(C2=O)C3=CC=C(C=C3)CC4=CC=C([*])C=C4)=O)=C1)=O,,,,,6.889301702506311,10.1007_s10853-019-03326-w_part_2.txt_¶Î1_Material1
O=C([*])C(C)O[*],[*]C(C1=CC=C(C=C1)C(OCCCCOC(C2=CC=C(C=C2)C(OCCCCO[*])=O)=O)=O)=O,,,,6.892094602690481,10.1002_app.50443_part_2.txt_¶Î1_Material1
O=C(C1=CC=C(C=C1)C(OCC[*])=O)O[*],O=C(CCCCC(N(CCCCCCN([*])[H])[H])=O)[*],,,,7.021189299069938,10.1590_1516-1439.281914_part_2.txt_¶Î1_Material2
O=C([*])CCCCCN[*],[*]CCCC(C1C([*])C2CC1C/C2=C/C)C,[*]CCCC(C1C([*])C2CC1C/C2=C/C)C,,,5.62797998982998,10.1002_app.33975_part_1.txt_¶Î1_Material1
[*]C(C)C[*],FC(F)([*])C([H])([*])[H],[*]C1=C(C=CN2)C2=C([*])C(O)=C1O,,,6.357934847000454,10.1016_j.matdes.2020.109004_part_2.txt_¶Î1_Material1
[*]NC(C(N1CCCC1C(NCC(N2CC(CC2C(NC(C(NCC([*])=O)=O)CO)=O)O)=O)=O)=O)CCCCN,[*]C1=C(C=CN2)C2=C([*])C(O)=C1O,,,,5.556302500767287,10.3389_fbioe.2022.940070_OA_part_2.txt_¶Î1_Material1
FC(F)([*])C([H])([*])[H],OCC1OC(C(C(C1[*])O)O)OC2C(C(C(OC2CO)O[*])O)O,,,,6.556302500767287,10.3390_polym11071091_part_4.txt_¶Î1_Material2
O=C([*])C(C)O[*],[*]C(N(CN(C(OCOC(N(CN(C(OCCO[*])=O)[H])[H])=O)=O)[H])[H])=O,,,,6.15839265038712,10.1007_s10570-018-2061-3_part_4.txt_¶Î1_Material1
[*]OC(CC(OC(CC([*])=O)CC)=O)C,[*]CCCC([*])OC(C)=O,,,,6.358886204405869,10.1016_j.polymertesting.2020.106615_part_1.txt_¶Î1_Material1
[*]CC[*],OCC1OC(C(C(C1[*])O)O)OC2C(C(C(OC2CO)O[*])O)O,[H][Si]([H])([H])[H],,,5.7216704976175565,10.1177_0021998314535959_part_1.txt_¶Î1_Material1
O=C([*])C(C)O[*],[*]C(CCCCCO[*])=O,[*]NCC(NC(C(ONCC(NC(C(NCC(NC(C([*])=O)C)=O)=O)C)=O)=O)CO)=O,,,5.365487984890899,10.1021_acs.biomac.8b01254_part_5.txt_¶Î1_Material1
[*]C(CCCCCO[*])=O,O=C(C1=COC(C2C(CO)=CCC12)O)OC,,,,5.148540960867229,10.1016_j.reactfunctpolym.2019.104445_part_3.txt_¶Î1_Material1
[*]C([H])([H])C(O)([H])[*],O=[Si]=O,,,,6,10.1016_j.jcis.2011.07.085_part_1.txt_¶Î1_Material1
[*]CC[*],[*]C1C(OC(C(C1O)O)OC2C(OC(C(C2O)O)O[*])CO)CO,[*]OCC[*],,,5.193124598354461,10.1002_pi.5592_part_3.txt_¶Î1_Material1
O=C([*])C(C)O[*],[*]C(CCCCCO[*])=O,C=C(C(OCC1CO1)=O)C,,,5.955110230970552,10.1155_2013_976373_part_1.txt_¶Î1_Material1
[*]NCCCCCCCCCCCC([*])=O,C12=CC3=CC4=CC=CN=C4N=C3N=C1N=C5N=C6N=CC=CC6=CC5=C2,,,,7.469822015978163,10.1016_j.compositesa.2014.05.020_part_3.txt_¶Î1_Material1
[*]CC[*],[*]OCC[*],O=C1C=CC(O1)=O.C=C,,,6.079181246047625,10.1002_app.42701_part_2.txt_¶Î1_Material1
OCC1OC(C(C(C1O[*])O)NC(C)=O)OC2C(O)C(C(OC2CO)[*])NC(C)=O,[*]C(NC1=C(C)C(NC(OCCO[*])=O)=CC=C1)=O,,,,5.447158031342219,10.1002_pi.2833_part_2.txt_¶Î1_Material1
[*]C(C)C[*],[*]C/C=C/CCC([*])C#N,O=C(O)CCCCCCCCCCCCCCCCC,,,5.779596491257824,10.1088_1755-1315_765_1_012037_part_1.txt_¶Î1_Material1
O=C([*])CCCCCN[*],FC(F)([*])C([H])([*])[H],,,,6.276461804173244,10.3390_polym12010184_part_3.txt_¶Î1_Material1
O=C([*])C(C)O[*],C(C1=CC=C(N2C(=O)C=CC2=O)C=C1)C1=CC=C(N2C(=O)C=CC2=O)C=C1,C(C1=CC=C(N2C(=O)C=CC2=O)C=C1)C1=CC=C(N2C(=O)C=CC2=O)C=C1,,,6.517195897949974,10.1016_j.compscitech.2013.09.009_part_1.txt_¶Î1_Material1
[*]CC(C#N)[*],OCC1OC(C(C(C1[*])O)O)OC2C(C(C(OC2CO)O[*])O)O,O=[Ti]=O,O=[Si]=O,,7,10.1016_j.matdes.2017.07.050_part_1.txt_¶Î1_Material1
FC(F)([*])C([H])([*])[H],[*]CC([*])N1CCCC1=O,[*]CC(C1=CC=C(C=C1)S(O)(=O)=O)[*],,,5.752048447819439,10.1039_c8tc02360c_part_2.txt_¶Î1_Material2
[*]C(CCCCCO[*])=O,O=C=NC(C=C1)=CC=C1CC2=CC=C(C=C2)N=C=O,[*]OC1C(C(O)=O)OC(OC2C(NC(C)=O)C([*])OC(CO)C2O)C(O)C1O,,,4.494154594018442,10.1016_j.matpr.2019.05.314_part_1.txt_¶Î1_Material1
O=C([*])C(C)O[*],[*]C1C(OC(C(C1O)O)OC2C(OC(C(C2O)O)O[*])CO)CO,O=C([*])C(C)O[*],,,5.671172842715083,10.1007_s10924-018-1206-7_part_2.txt_¶Î1_Material1
[*]CC([*])Cl,C=C([CH3])C(=O)O[CH3],,,,6.301029995663981,10.2116_analsci.21p004_OA_part_1.txt_¶Î1_Material1
[*]CC[*],[*]CC([*])CC,,,,5.622214022966295,10.1155_2014_654260_part_2.txt_¶Î1_Material1
CC(C)[Si](C(C)C)(OS(=O)(C(F)(F)F)=O)C(C)C,O=C(C1=CC=C(C=C1)C(OCC[*])=O)O[*],,,,6,10.1155_2020_2381504_part_3.txt_¶Î1_Material1
O=C([*])OC1=CC=C(C=C1)C(C)(C)C2=CC=C(C=C2)O[*],[*]C1OC(CCC)OC(C[*])C1,,,,6.301029995663981,10.1007_s40430-015-0380-y_part_1.txt_¶Î1_Material1
[*]C(C)C[*],[Mg],,,,6.14921911265538,10.1007_s13726-017-0593-2_part_2.txt_¶Î1_Material1
C/C(C[*])=C/C[*],[*]C(C)C[*],,,,5.954242509439325,10.15282_ijame.8.2013.19.0107_OA_part_3.txt_¶Î1_Material3
[*]CC[*],CCCCCCCCCCCCOS([O-])(=O)=O.[Na+],,,,6.060697840353612,10.1016_j.desal.2018.02.007_part_2.txt_¶Î1_Material1
[*]C(CCCCC(OCCCCO[*])=O)=O,[*]CC(C1=CC=CC=C1)[*],[*]OC1C(C(OC(C1O)OC2C3C(C(OC2CO3)[*])O)CO)O,,,5.544811911757776,10.1021_acsapm.0c00892_part_1.txt_¶Î1_Material1
[*]C(C)C[*],O=C(O[Na])COCC(OC(C(C1O)O)[*])C1OC(C(C(C2O[*])O)O)OC2COCC(O[Na])=O,,,,6.033423755486949,10.1007_s10853-021-06383-2_part_3.txt_¶Î1_Material1
CC(NC(C([*])C)=O)C(NC(C)C(NC(C)C(N[*])=O)=O)=O,[*]NCC(NC(C(ONCC(NC(C(NCC(NC(C([*])=O)C)=O)=O)C)=O)=O)CO)=O,,,,6.835056101720117,10.1016_j.matdes.2019.108077_part_1.txt_¶Î1_Material1
[*]OCCOC(CC(C([*])=O)C(C1CCCCC1)CC(CC(O)=O)C(OCCO)=O)=O,[*]C(NC1=C(C)C(NC(OCCO[*])=O)=CC=C1)=O,[*]OC1OC(CO)C(OC2C(O)C(O)C([*])C(CO)O2)C(O)C1O,,,6.277090960334402,10.1177_0967391119852882_part_2.txt_¶Î1_Material2
OCC(C(C(C1N)O)O[*])OC1OC2C(OC(C(C2O)N)[*])CO,[*]C1C(OC(C(C1O)O)OC2C(OC(C(C2O)O)O[*])CO)CO,,,,6.324282455297693,10.3390_coatings7120224_part_1.txt_¶Î1_Material1
O=C([*])OC1=CC=C(C=C1)C(C)(C)C2=CC=C(C=C2)O[*],NCCC[Si](OCC)(OCC)OCC,,,,7.281033367247727,10.1002_pc.23370_part_2.txt_¶Î1_Material2
O=C([*])C(C)O[*],[*]OCCCOC(C1=CC=C(C([*])=O)C=C1)=O,[*]OCC[*],,,6.301029995663981,10.1002_mame.201900323_part_1.txt_¶Î1_Material3
[*]C(N(CN(C(OCOC(N(CN(C(OCCO[*])=O)[H])[H])=O)=O)[H])[H])=O,[*]C1=CC=C([*])N1,,,,4.303196057420489,10.1016_j.synthmet.2020.116414_part_2.txt_¶Î1_Material2
C[Si](C)(C[*])O[*],NC(CC1=CC=CC=C1)C(=O)O,,,,2.8976270912904414,10.1002_app.45419_part_1.txt_¶Î1_Material1
[*]C([H])([H])C(O)([H])[*],[*]CC([*])N1CCCC1=O,[*]NCC(NC(C(ONCC(NC(C(NCC(NC(C([*])=O)C)=O)=O)C)=O)=O)CO)=O,,,5.44178936653435,10.1002_pen.24801_part_1.txt_¶Î1_Material1
[*]OCCCCOC(CCC([*])=O)=O,[*]C1C(OC(C(C1O)O)OC2C(OC(C(C2O)O)O[*])CO)CO,,,,6.041392685158225,10.1016_j.carbpol.2016.08.048_part_2.txt_¶Î1_Material2
[*]C(C)C[*],[*]C/C=C/C[*],COC1=CC(/C=C/C=O)=CC(OC2=CC(C(C(OC3=CC=C(C=C3OC)C(C(CO)=O)O)CO)O)=CC=C2OC4=CC(C(C(COC5=CC=C(C=C5)C(C(CO)=O)O)=O)O)=CC=C4O)=C1,,,5.82865989653532,10.1002_pc.25053_part_1.txt_¶Î1_Material1
[*]CC[*],[*]CC(C1=CC=C(C=C1)S(O)(=O)=O)[*],O=C(C1=CC=C(C([*])=O)C=C1)NC2=CCC(N[*])C=C2,,,5.505149978319906,10.4028_www.scientific.net_amr.626.1048_part_1.txt_¶Î1_Material1
[*]C([H])([H])C(O)([H])[*],[Cu],,,,6.574031267727719,10.1016_j.porgcoat.2018.11.024_part_1.txt_¶Î1_Material1
CC(COC(C(CC(C(C(C(OC(C)C)=O)C1=CC=CC=C1)C(OCC(OC(C2=CC=CC=C2C(O)=O)=O)C)=O)C3=CC=CC=C3)C(C(OC(C)C[*])=O)C4=CC=CC=C4)=O)OC(C5=CC=CC=C5C(O[*])=O)=O,O=[Si]=O,,,,7.55339751012388,10.1016_j.ijpvp.2015.08.006_part_3.txt_¶Î1_Material1
O=C([*])C(C)O[*],[*]C1C(OC(C(C1O)O)OC2C(OC(C(C2O)O)O[*])CO)CO,[*]NC(C(N1CCCC1C(NCC(N2CC(CC2C(NC(C(NCC([*])=O)=O)CO)=O)O)=O)=O)=O)CCCCN,,,5.671172842715083,10.1590_0104-1428.2181_part_2.txt_¶Î1_Material1
[*]C([H])([H])C(O)([H])[*],OCC(O)CO,OC(C(CC(O)=O)(CC(O)=O)O)=O,,,4.893206753059848,10.1007_s10924-020-02033-x_part_1.txt_¶Î1_Material1
[*]CC[*],C12=C3C(C=CC4C3=C5C(CC6=CC7=C8C9=C(C(C=C%10)=CC=C9C=C7)C%11=C%10C%12)=CC4)=CC=C1C=C%12C%13=C%11C8=C6C5=C2%13,,,,6.079181246047625,10.1016_j.compscitech.2021.108732_part_1.txt_¶Î1_Material1
OCC1OC(C(C(C1[*])O)O)OC2C(C(C(OC2CO)O[*])O)O,O=C([O-])[O-].[Ca+2],,,,6.419955748489758,10.1007_s10570-020-03032-w_part_2.txt_¶Î1_Material1
[*]NC(C1=CC=C2C(C(N(C2=O)C3=CC=C(C=C3)CC4=CC=C([*])C=C4)=O)=C1)=O,[*]C(N(CN(C(OCOC(N(CN(C(OCCO[*])=O)[H])[H])=O)=O)[H])[H])=O,,,,5.698970004336019,10.1080_25740881.2020.1793197_part_2.txt_¶Î1_Material1
[*]CCCCO[*],O=C=NC(C=C1)=CC=C1CC2=CC=C(C=C2)N=C=O,,,,4.623249290397901,10.1016_j.polymertesting.2020.107038_part_2.txt_¶Î1_Material1
[*]OC1OC(CO)C(OC2C(O)C(O)C([*])C(CO)O2)C(O)C1O,[*]C(C)C[*],,,,6.113943352306837,10.1007_s12221-012-1300-8_part_2.txt_¶Î1_Material1
C[Si](C)(C[*])O[*],CC1=CC(C)=C(C(C)=C1)C(P(C2=CC=CC=C2)(C3=CC=CC=C3)=O)=O,,,,2.8920946026904804,10.1108_rpj-10-2019-0255_part_1.txt_¶Î1_Material1
OCC1OC(C(C(C1[*])O)O)OC2C(C(C(OC2CO)O[*])O)O,Cl[Ca]Cl,,,,7.574031267727719,10.1007_s40684-019-00070-z_part_1.txt_¶Î1_Material1
O=C([*])OC1=CC=C(C=C1)C(C)(C)C2=CC=C(C=C2)O[*],C=CCOC(C1=CC=CC=C1C(OCC=C)=O)=O,,,,6.599337132992489,10.1088_1361-665x_ab19cb_part_6.txt_¶Î1_Material1
[*]OCCCOC(C1=CC=C(C([*])=O)C=C1)=O,C/C(C[*])=C/C[*],OC1=C2C(C3(O)C4C5C6=C7C8C(C9=CC(C(O)=O)=C(C=C(C=C%10C(O)=O)C%11%12)C(C%11=C%13C%14C%15%16C%17(O%16)C%18C%19=C%20C%21=C%22C(C(O)=C%23)=C%24C%25C%21=C%26C%19=C%27C%17=C%28C%14(O)C%12=C%10C=C%28CC%27=CC%26=CC%25=C(C(O)=O)C=C%24)C9=C7C%13(O)C5=C%15C3=C%18C%29%30C%20(O%30)C%31C%22C%23=C%32)=CC(C(O)=O)=CC8=CC6=C(C(O)=O)C4=C2)=C%29C%33=C%31C%32=C(C(O)=O)C=C%331,,,6.008600171761918,10.1021_acsomega.8b00490_part_2.txt_¶Î1_Material6
O=C([*])OC1=CC=C(C=C1)C(C)(C)C2=CC=C(C=C2)O[*],[*]C([H])([H])C(O)([H])[*],,,,5.751510050270041,10.1166_jnn.2011.3215_part_1.txt_¶Î1_Material1
[*]C([H])([H])C(O)([H])[*],[*]CC(C#N)[*],,,,6,10.1088_0964-1726_23_7_075016_part_3.txt_¶Î1_Material1
O=C(C(C[*])[*])N,O=P([O-])([O-])[O-].[Ca+2].[Ca+2].[OH-],,,,1.7781512503836436,10.1016_j.colsurfb.2014.10.050_part_1.txt_¶Î1_Material1
OP(O)(O)=O,OCC1OC(C(C(C1[*])O)O)OC2C(C(C(OC2CO)O[*])O)O,O=[Ti]=O,[*][C@H]1[C@H](O)[C@@H](O)[C@H](OC2C(O)C(OC(C)=O)C(O[*])OC2CO)O[C@@H]1CO,,6.079181246047625,10.1080_19443994.2015.1084597_part_3.txt_¶Î1_Material1
[*]NC(C)C(N1CCCC1C([*])=O)=O,OP(O)(O)=O,[Ca+2],,,6.176091259055681,10.1016_j.bpj.2010.11.018_part_2.txt_¶Î1_Material1
C[Si](C)(C[*])O[*],OCC(C(C(C1N)O)O[*])OC1OC2C(OC(C(C2O)N)[*])CO,[*]C([H])([H])C(O)([H])[*],,,3,10.1007_s00339-023-06821-9_OA_part_1.txt_¶Î1_Material3
[*]CC(O)COC(CCCCCCCCC(O[*])=O)=O,O=C([*])C(C)O[*],OP(O)(O)=O,,,6.167317334748176,10.1016_j.polymertesting.2017.12.018_part_1.txt_¶Î1_Material1
[*]N1C(C2=CC3=C(C=C2C1=O)C(N(C3=O)C4=CC=C(C=C4)OC5=CC=C(C=C5)[*])=O)=O,OC1=C2C(C3(O)C4C5C6=C7C8C(C9=CC(C(O)=O)=C(C=C(C=C%10C(O)=O)C%11%12)C(C%11=C%13C%14C%15%16C%17(O%16)C%18C%19=C%20C%21=C%22C(C(O)=C%23)=C%24C%25C%21=C%26C%19=C%27C%17=C%28C%14(O)C%12=C%10C=C%28CC%27=CC%26=CC%25=C(C(O)=O)C=C%24)C9=C7C%13(O)C5=C%15C3=C%18C%29%30C%20(O%30)C%31C%22C%23=C%32)=CC(C(O)=O)=CC8=CC6=C(C(O)=O)C4=C2)=C%29C%33=C%31C%32=C(C(O)=O)C=C%331,,,,6.238046103128795,10.1016_j.polymer.2018.02.017_part_4.txt_¶Î1_Material1
[*]C(NC1=C(C)C(NC(OCCO[*])=O)=CC=C1)=O,[*]OC1C(O)C(O)C(OC2C(CO)OC([*])C(O)C2O)OC1CO,,,,4.944482672150168,10.1016_j.eurpolymj.2020.109957_part_1.txt_¶Î1_Material1
[*]C(C)C[*],[*]C(N(CN(C(OCOC(N(CN(C(OCCO[*])=O)[H])[H])=O)=O)[H])[H])=O,,,,4.153204900084284,10.1021_la4023079_part_1.txt_¶Î1_Material1
[*]CCCCOCCCCOCCCCOCCCCO[*],CC1=CC=C(C=C1N=C=O)N=C=O,,,,4.152288344383057,10.4028_www.scientific.net_amr.159.584_part_1.txt_¶Î1_Material1
OCC(C(C(C1N)O)O[*])OC1OC2C(OC(C(C2O)N)[*])CO,[*]OC1C(O)C(O)C(OC2C(OC(C(CO)O)=O)C(OC3C(O)C(O)C(OC4C(O)C(O)C(O[*])OC4CO)OC3C(O)=O)OC(CO)C2O)OC1C,,,,6.1604685311190375,10.3390_fib1030047_part_1.txt_¶Î1_Material1
[*]C(NC1=C(C)C(NC(OCCO[*])=O)=CC=C1)=O,[*]OCC[*],O=[Ti]=O,,,5.903089986991944,10.33263_briac111.81798189_OA_part_2.txt_¶Î1_Material2
O=C([*])CCCCCN[*],[*]C(C1=CC=C(C(OCCCCO[*])=O)C=C1)=O,,,,6.477121254719663,10.1088_1757-899x_811_1_012019_part_1.txt_¶Î1_Material1
[*]CC[*],[*]OC1C(O)C(O)C(OC2C(CO)OC([*])C(O)C2O)OC1CO,,,,6.2552725051033065,10.1080_10426914.2015.1059444_part_4.txt_¶Î1_Material2
[*]C(C1=CC=C(C(OCCCCO[*])=O)C=C1)=O,O=C([O-])[O-].[Ca+2],,,,6.357934847000454,10.1016_j.mtcomm.2021.102602_part_2.txt_¶Î1_Material1
O=C(CCCCC(N(CCCCCCN([*])[H])[H])=O)[*],[H][Si]([H])([H])[H],,,,6.474216264076255,10.1016_j.compositesb.2018.12.148_part_5.txt_¶Î1_Material1
[*]C1C(C(C(OC1C(O[Na])=O)OC2C(C(O[Na])=O)OC(O[*])C(O)C2O)O)O,[*]C1C(OC(C(O)C1O)OC2C(O)C(O)C(OC2C(O[Na])=O)O[*])C(O[Na])=O,[Ca+2],,,6.802773725291976,10.1016_j.lwt.2021.112197_part_1.txt_¶Î1_Material1
OCC1OC(C(C(C1[*])O)O)OC2C(C(C(OC2CO)O[*])O)O,COC1=CC(/C=C/C=O)=CC(OC2=CC(C(C(OC3=CC=C(C=C3OC)C(C(CO)=O)O)CO)O)=CC=C2OC4=CC(C(C(COC5=CC=C(C=C5)C(C(CO)=O)O)=O)O)=CC=C4O)=C1,COC1=CC(/C=C/C=O)=CC(OC2=CC(C(C(OC3=CC=C(C=C3OC)C(C(CO)=O)O)CO)O)=CC=C2OC4=CC(C(C(COC5=CC=C(C=C5)C(C(CO)=O)O)=O)O)=CC=C4O)=C1,,,7.012837224705172,10.1007_s10570-018-1764-9_part_3.txt_¶Î1_Material3
[*]NC(C(N1CCCC1C(NCC(N2CC(CC2C(NC(C(NCC([*])=O)=O)CO)=O)O)=O)=O)=O)CCCCN,C12=C3C(C=CC4C3=C5C(CC6=CC7=C8C9=C(C(C=C%10)=CC=C9C=C7)C%11=C%10C%12)=CC4)=CC=C1C=C%12C%13=C%11C8=C6C5=C2%13,,,,6.041392685158225,10.1039_c4nr05268d_part_1.txt_¶Î1_Material1
OP(O)(O)=O,O=C([*])OC1=CC=C(C=C1)C(C)(C)C2=CC=C(C=C2)O[*],,,,5.804820678721162,10.3390_polym10040424_part_4.txt_¶Î1_Material1
O=C([*])CCCCCN[*],O=C([*])CCCCCN[*],,,,6.7160033436348,10.1002_pen.21890_part_2.txt_¶Î1_Material1
O=C([*])C(C)O[*],[*]OCC[*],CCCCCCCCCCCCCCCCCCOC(CCC1=CC(C(C)(C)C)=C(C(C(C)(C)C)=C1)O)=O,,,6.568201724066995,10.1002_app.40394_part_1.txt_¶Î1_Material1
OCC1OC(C(C(C1O[*])O)O)[*],[*]C1C(O)C(O)C(OC2C(O)C(O)C(O[*])OC2COC(C)=O)OC1COC(C)=O,,,,6.732393759822968,10.1007_s10570-019-02882-3_part_2.txt_¶Î1_Material1
[*]CC(COC1=CC=C(C=C1)C(C)(C)C2=CC=C(C=C2)O[*])O,[*]CC([*])Cl,,,,5.69284691927723,10.1111_str.12043_part_2.txt_¶Î1_Material1
OCC(C(C(C1N)O)O[*])OC1OC2C(OC(C(C2O)N)[*])CO,OC(C(C1OC2OC(C(C(C2O)O)OC3OC(C(C(C3O)O)O)COC4OC(C(C(C4O)O)OC5OC(C(C(C5O)O)OC6OC(C(C(C6O)O[*])O)C)CO)CO)CO)O[*])COC1CO,,,,5.536937022704674,10.1016_j.carbpol.2020.116734_part_4.txt_¶Î1_Material2
[*]NCC(NC(C(ONCC(NC(C(NCC(NC(C([*])=O)C)=O)=O)C)=O)=O)CO)=O,[*]C1C(C(C(OC1C(O[Na])=O)OC2C(C(O[Na])=O)OC(O[*])C(O)C2O)O)O,O=C(C1=COC(C2C(CO)=CCC12)O)OC,,,5,10.1016_j.actbio.2012.04.035_part_3.txt_¶Î1_Material1
[*]C1OC(C(OC2OC(C(C(C2O)O)O[*])CO)C(C1O)OC3OC(C(C(C3OC4OC(C(C(C4O)O)OC5OC6COC(OC6C(C5O)O)(C(O)=O)C)C(O)=O)O)O)COC(C)=O)CO,,,,,5.245364587634763,10.1016_j.polymer.2016.03.028_part_2.txt_¶Î1_Material2
[*]C1=CC=C([*])N1,O=C(O[Na])COCC(OC(C(C1O)O)[*])C1OC(C(C(C2O[*])O)O)OC2COCC(O[Na])=O,,,,5.832508912706237,10.1002_mame.201000148_part_2.txt_¶Î1_Material2
O=C(CCCCCCCCCCC(NCCCCCCCCCCCCN[*])=O)[*],[*]CCN[*],,,,6.544068044350276,10.1002_app.41424_part_1.txt_¶Î1_Material1
[*]CC[*],[*]CC(CCCC(CC)CC([*])C1=CC=CC=C1)C2=CC=CC=C2,,,,5.812913356642856,10.1002_pc.24096_part_2.txt_¶Î1_Material1
[*]NCC(NC(C(ONCC(NC(C(NCC(NC(C([*])=O)C)=O)=O)C)=O)=O)CO)=O,O=C([*])C(C)O[*],,,,6.32221929473392,10.1016_j.msec.2019.109890_part_1.txt_¶Î1_Material1
[*]C([H])([H])C(O)([H])[*],[*]C(NC1=C(C)C(NC(OCCO[*])=O)=CC=C1)=O,,,,5.604118006192035,10.1016_j.compositesb.2014.10.013_part_1.txt_¶Î1_Material1
[*]NCC(NC(C(ONCC(NC(C(NCC(NC(C([*])=O)C)=O)=O)C)=O)=O)CO)=O,OCC(C(C(C1N)O)O[*])OC1OC2C(OC(C(C2O)N)[*])CO,,,,5.338456493604605,10.1002_app.44341_part_1.txt_¶Î1_Material1
[*]C1C(C(C(OC1C(O[Na])=O)OC2C(C(O[Na])=O)OC(O[*])C(O)C2O)O)O,[*]C([H])([H])C(O)([H])[*],,,,6.010723865391773,10.1016_j.ijbiomac.2020.08.090_part_2.txt_¶Î1_Material3
[*]C(NC1=C(C)C(NC(OCCO[*])=O)=CC=C1)=O,[*]CC(C1=CC=CC=C1)[*],,,,6,10.1002_bkcs.11696_part_1.txt_¶Î1_Material1
OCC1OC(C(C(C1[*])O)O)OC2C(C(C(OC2CO)O[*])O)O,[*]OCC[*],OCC(O)CO,,,6.589670402034894,10.1016_j.carbpol.2017.01.096_part_3.txt_¶Î1_Material1
[*]CC([*])Cl,O=C([*])OC1=CC=C(C=C1)C(C)(C)C2=CC=C(C=C2)O[*],[*]OCC[*],,,5,10.1016_j.memsci.2017.04.011_part_1.txt_¶Î1_Material1
[*]CC[*],O=C([*])C(C)O[*],C=C(C(OCC1CO1)=O)C,,,5.638589083292717,10.1007_s13726-013-0126-6_part_2.txt_¶Î1_Material2
[*]C(C)C[*],OCC1OC(OC2C(O)C(O)C(O[*])OC2CO)C(O)C(O)C1[*],OS(=O)(OOS(O)(=O)=O)=O.N.N,NC1=CC=C(C=C1)/C2=C3C=C/C(N\3)=C(C4=N/C(C=C4)=C(C5=CC=C(N5)/C(C6=CC=CC=C6)=C7N=C2C=C\7)/C8=CC=CC=C8)\C9=CC=CC=C9,,6.176091259055681,10.1080_15685543.2013.812767_part_2.txt_¶Î1_Material1
O=C([*])C1=CC=C(C=C1)OC2=CC=C(C=C2)OC3=CC=C(C=C3)[*],[C],C12=CC3=CC4=CC=CN=C4N=C3N=C1N=C5N=C6N=CC=CC6=CC5=C2,,,7.26528962586083,10.1002_pc.24250_part_2.txt_¶Î1_Material4
O=C([*])C(C)O[*],C=C(C(OCC1CO1)=O)C,C=C(C(OCC1CO1)=O)C,,,6.57978359661681,10.1016_j.jmst.2017.03.004_part_3.txt_¶Î1_Material2
[*]CC(COC1=CC=C(C=C1)C(C)(C)C2=CC=C(C=C2)O[*])O,[*]C(C)C[*],,,,6.544068044350276,10.1016_j.compositesa.2017.03.027_part_5.txt_¶Î1_Material1
[*]OC1C(C(OC(C1O)OC2C3C(C(OC2CO3)[*])O)CO)O,O=C(C(C[*])[*])N,,,,2.6972293427597176,10.1016_j.polymertesting.2018.05.025_part_1.txt_¶Î1_Material1
O=C([*])C1=CC=C2C=C(C=CC2=C1)OC(C3=CC=C(C=C3)O[*])=O,O=C([*])CCCCCN[*],,,,6.7979596437371965,10.1002_pc.25972_part_3.txt_¶Î1_Material1
OCC(C(C(C1N)O)O[*])OC1OC2C(OC(C(C2O)N)[*])CO,[*]OC(C(C1O)O)OC(COC)C1OC(OC(C(C2O)OC3OC(C(C(C3OC)O)OC4OC(C(C(C4OC)O)[*])COC)CO)COC)C2OCC(OC)C,OC[C@@H]([C@H]([C@@H]([C@@H](CO)O)O)O)O,,,6.110791660771106,10.1590_s0101-20612011000200026_part_1.txt_¶Î1_Material2
O=C([*])C(C)O[*],O=C([*])OC1=CC=C(C=C1)C(C)(C)C2=CC=C(C=C2)O[*],C12=CC3=CC4=CC=CN=C4N=C3N=C1N=C5N=C6N=CC=CC6=CC5=C2,,,7,10.1002_app.46881_part_1.txt_¶Î1_Material1
[*]NC(C(N1CCCC1C(NCC(N2CC(CC2C(NC(C(NCC([*])=O)=O)CO)=O)O)=O)=O)=O)CCCCN,OCC1OC(C(C(C1[*])O)O)OC2C(C(C(OC2CO)O[*])O)O,[*]OC1C(C(O)=O)OC(OC2C(NC(C)=O)C([*])OC(CO)C2O)C(O)C1O,,,3.982723387668545,10.1007_s10570-019-02741-1_part_3.txt_¶Î1_Material2
[*]OCC[*],[*]C(CCCCCO[*])=O,C[Si](C)(C[*])O[*],,,4.900367128656471,10.1002_mame.201700174_part_2.txt_¶Î1_Material1
[*]NCC(NC(C(ONCC(NC(C(NCC(NC(C([*])=O)C)=O)=O)C)=O)=O)CO)=O,[*]C(NC1=C(C)C(NC(OCCO[*])=O)=CC=C1)=O,,,,5.637789829362229,10.1002_pen.21697_part_1.txt_¶Î1_Material1
[*]C1C(OC(C(C1O)O)OC2C(OC(C(C2O)O)O[*])CO)CO,[*]CCCC([*])OC(C)=O,,,,6.32221929473392,10.1080_15440478.2018.1534192_part_4.txt_¶Î1_Material3
O=C(O)C([*])C[*],[*]C1C(C(C(OC1C(O[Na])=O)OC2C(C(O[Na])=O)OC(O[*])C(O)C2O)O)O,,,,5.896526217489555,10.1002_app.40968_part_2.txt_¶Î1_Material1
OCC1OC(C(C(C1[*])O)O)OC2C(C(C(OC2CO)O[*])O)O,O=C([*])CCCCCN[*],,,,6.698970004336019,10.1007_s10570-020-03233-3_part_2.txt_¶Î1_Material1
[*]NCCCCCCCCCCCC([*])=O,C[N+](CCO)(CCO)[3H],,,,6.330413773349191,10.1002_pc.23225_part_1.txt_¶Î1_Material1
O=C([*])C(C)O[*],O=[Zr]=O,,,,5.8750612633917,10.1088_1742-6596_1019_1_012066_part_2.txt_¶Î1_Material1
[*]C/C=C/CCC(C=C)CC([*])C1=CC=CC=C1,C=C(C(OCC1CO1)=O)C,O=[Si]=O,,,4.037426497940624,10.1080_09276440.2016.1159053_part_2.txt_¶Î1_Material2
OCC(C(C(C1N)O)O[*])OC1OC2C(OC(C(C2O)N)[*])CO,[*]C(C(OC(CO[*])=O)C)=O,[*]OC1C(C(O)=O)OC(OC2C(NC(C)=O)C([*])OC(CO)C2O)C(O)C1O,,,5,10.1021_cr100123h_part_2.txt_¶Î1_Material5
[*]CC[*],O=C([*])C1=CC=C2C=C(C=CC2=C1)OC(C3=CC=C(C=C3)O[*])=O,,,,6.778874472002739,10.1007_s10965-013-0077-9_part_2.txt_¶Î1_Material3
[*]NCC(NC(C(ONCC(NC(C(NCC(NC(C([*])=O)C)=O)=O)C)=O)=O)CO)=O,[*]C([C@H](C)OC([C@H](C)O[*])=O)=O,,,,5.491361693834273,10.1007_s12221-019-1188-7_part_1.txt_¶Î1_Material1
O=C([*])C(C)O[*],[*]C(C(O[*])C)=O,,,,6.230448921378274,10.1002_mame.202000805_part_2.txt_¶Î1_Material1
O=C(CCCCC(N(CCCCCCN([*])[H])[H])=O)[*],O=[Al]O[Al]=O,,,,6.118264726089479,10.1177_0731684417706107_part_1.txt_¶Î1_Material1
[*]OC1=C(C([*])=CC=C1C)C,O=C([*])C1=CC=C2C=C(C=CC2=C1)OC(C3=CC=C(C=C3)O[*])=O,,,,6.286456469746983,10.1007_s10853-010-5037-8_part_1.txt_¶Î1_Material2
[*]CC(CC=CCC([*])C1=CC=CC=C1)C#N,O=[Si]=O.O=[Al]O[Al]=O.O=[Si]=O.O=[Si]=O.O=[Si]=O.O,,,,5.966610986681935,10.1108_rpj-12-2019-0321_part_1.txt_¶Î1_Material1
[*]C([C@H](C)OC([C@H](C)O[*])=O)=O,O=P([O-])([O-])[O-].[Ca+2].[Ca+2].[OH-],OC1=C2C(C3(O)C4C5C6=C7C8C(C9=CC(C(O)=O)=C(C=C(C=C%10C(O)=O)C%11%12)C(C%11=C%13C%14C%15%16C%17(O%16)C%18C%19=C%20C%21=C%22C(C(O)=C%23)=C%24C%25C%21=C%26C%19=C%27C%17=C%28C%14(O)C%12=C%10C=C%28CC%27=CC%26=CC%25=C(C(O)=O)C=C%24)C9=C7C%13(O)C5=C%15C3=C%18C%29%30C%20(O%30)C%31C%22C%23=C%32)=CC(C(O)=O)=CC8=CC6=C(C(O)=O)C4=C2)=C%29C%33=C%31C%32=C(C(O)=O)C=C%331,,,6.794488046659169,10.1166_jnn.2012.4565_part_1.txt_¶Î1_Material3
FC(F)([*])C([H])([*])[H],[*]CC[*],,,,5.863322860120456,10.1016_j.polymertesting.2020.106736_part_2.txt_¶Î1_Material1
OP(O)(O)=O,[*]O[C@H](C)CC([*])=O,,,,5.763427993562937,10.4028_www.scientific.net_kem.737.313_part_1.txt_¶Î1_Material1
[*]C([H])([H])C(O)([H])[*],OC(C(CC(O)=O)(CC(O)=O)O)=O,OCC(O)CO,,,4.673113104238234,10.1177_0967391120972881_part_2.txt_¶Î1_Material1
[*]OCC[*],O=P([O-])([O-])[O-].[Ca+2].[Ca+2].[OH-],,,,5.908806599405675,10.1007_s10965-018-1511-9_part_2.txt_¶Î1_Material1
O=C(C1=CC=C(C=C1)C(OCC[*])=O)O[*],OCC1OC(OC2C(O)C(O)C(O[*])OC2CO)C(O)C(O)C1[*],,,,6.612783856719736,10.18280_rcma.320204_OA_part_2.txt_¶Î1_Material1
[*]NCCCCCCCCCCCC([*])=O,[O-][Si]([O-])([O-])O[Si]([O-])([O-])[O-].[Ca+2],,,,7.041392685158225,10.1051_matecconf_201818801022_part_1.txt_¶Î1_Material1
[*]C1C(C(C(OC1C(O[Na])=O)OC2C(C(O[Na])=O)OC(O[*])C(O)C2O)O)O,[O-][Si]([O-])([O-])O[Si]([O-])([O-])[O-].[Ca+2],,,,5.866110039844377,10.1016_j.jmbbm.2014.08.010_part_2.txt_¶Î1_Material5
O=C([*])C(C)O[*],C[Si](O[*])(C)[*],,,,6.41161970596323,10.1016_j.rinp.2017.11.030_part_2.txt_¶Î1_Material1
[*]NC(C1=CC=C2C(C(N(C2=O)C3=CC=C(C=C3)CC4=CC=C([*])C=C4)=O)=C1)=O,OC1=C2C(C3(O)C4C5C6=C7C8C(C9=CC(C(O)=O)=C(C=C(C=C%10C(O)=O)C%11%12)C(C%11=C%13C%14C%15%16C%17(O%16)C%18C%19=C%20C%21=C%22C(C(O)=C%23)=C%24C%25C%21=C%26C%19=C%27C%17=C%28C%14(O)C%12=C%10C=C%28CC%27=CC%26=CC%25=C(C(O)=O)C=C%24)C9=C7C%13(O)C5=C%15C3=C%18C%29%30C%20(O%30)C%31C%22C%23=C%32)=CC(C(O)=O)=CC8=CC6=C(C(O)=O)C4=C2)=C%29C%33=C%31C%32=C(C(O)=O)C=C%331,,,,6.079181246047625,10.1016_j.compositesb.2019.107495_part_4.txt_¶Î1_Material1
FC(F)([*])C([H])([*])[H],[*]C([C@H](C)OC([C@H](C)O[*])=O)=O,,,,6.3979400086720375,10.1007_s00396-021-04820-x_part_2.txt_¶Î1_Material3
[*]C(CCCCC(OCCCCO[*])=O)=O,O=C([*])C(C)O[*],OC1=C2C(C3(O)C4C5C6=C7C8C(C9=CC(C(O)=O)=C(C=C(C=C%10C(O)=O)C%11%12)C(C%11=C%13C%14C%15%16C%17(O%16)C%18C%19=C%20C%21=C%22C(C(O)=C%23)=C%24C%25C%21=C%26C%19=C%27C%17=C%28C%14(O)C%12=C%10C=C%28CC%27=CC%26=CC%25=C(C(O)=O)C=C%24)C9=C7C%13(O)C5=C%15C3=C%18C%29%30C%20(O%30)C%31C%22C%23=C%32)=CC(C(O)=O)=CC8=CC6=C(C(O)=O)C4=C2)=C%29C%33=C%31C%32=C(C(O)=O)C=C%331,,,5.568201724066995,10.1002_app.35604_part_2.txt_¶Î1_Material1
[*]CC[*],[H]O[H],,,,5.531478917042255,10.1177_1464420713482827_part_2.txt_¶Î1_Material1
O=C([*])CCCCCN[*],[*]C/C=C/CCC([*])C#N,,,,6,10.1002_vnl.21451_part_1.txt_¶Î1_Material1
O=C([*])C(C)O[*],[*]C(CCCCCO[*])=O,[*]NC(NCCCC(C([*])=O)N)=N,,,5.342422680822207,10.4161_biom.1.1.17301_part_2.txt_¶Î1_Material2
[*]C(CCCCCO[*])=O,[*]O[C@H](C)CC([*])=O,[Zn]=O,,,5.3798491787628295,10.1039_c5tb01861g_part_2.txt_¶Î1_Material1
O=C(CCCCC(N(CCCCCCN([*])[H])[H])=O)[*],[*]C(C)C[*],,,,6.004136436761356,10.1016_j.matdes.2009.10.031_part_1.txt_¶Î1_Material1
OP(O)(O)=O,OCC(C(C(C1N)O)O[*])OC1OC2C(OC(C(C2O)N)[*])CO,OC1=C2C(C3(O)C4C5C6=C7C8C(C9=CC(C(O)=O)=C(C=C(C=C%10C(O)=O)C%11%12)C(C%11=C%13C%14C%15%16C%17(O%16)C%18C%19=C%20C%21=C%22C(C(O)=C%23)=C%24C%25C%21=C%26C%19=C%27C%17=C%28C%14(O)C%12=C%10C=C%28CC%27=CC%26=CC%25=C(C(O)=O)C=C%24)C9=C7C%13(O)C5=C%15C3=C%18C%29%30C%20(O%30)C%31C%22C%23=C%32)=CC(C(O)=O)=CC8=CC6=C(C(O)=O)C4=C2)=C%29C%33=C%31C%32=C(C(O)=O)C=C%331,,,6.532627001228891,10.1002_masy.201400080_part_2.txt_¶Î1_Material3
[*]CC(C1=CC=CC=C1)[*],[O-][Si]([O-])([O-])O[Si]([O-])([O-])[O-].[Ca+2],,,,6.653212513775344,10.1515_polyeng-2015-0253_part_1.txt_¶Î1_Material2
[*]CC(C1=CC=C(C=C1)S(O)(=O)=O)[*],[Ag+],,,,5.873215939932279,10.1016_j.polymer.2019.01.065_part_2.txt_¶Î1_Material1
O=C(CCCCC(N(CCCCCCN([*])[H])[H])=O)[*],O=C([*])CCCCCN[*],,,,6.986771734266245,10.1088_1742-6596_1765_1_012003_part_1.txt_¶Î1_Material1
[*]CC(C1=CC=CC=C1)[*],C=C([CH3])C(=O)O[CH3],,,,6.4361626470407565,10.1007_s10118-019-2178-3_part_3.txt_¶Î1_Material1
O=C([*])CCCCCCCCCCC(NCCCCCCCCCCN[*])=O,OCC1OC(C(C(C1[*])O)O)OC2C(C(C(OC2CO)O[*])O)O,,,,6.262925469331831,10.3139_217.3142_part_1.txt_¶Î1_Material2
[*]C(C1=CC=C(C(OCCCCO[*])=O)C=C1)=O,[*]CCC(CCCCCC)C[*],[*]C(C)C[*],,,6.187520720836463,10.1002_app.48872_part_2.txt_¶Î1_Material2
[*]C([H])([H])C(O)([H])[*],[*]C1C(C(C(OC1C(O[Na])=O)OC2C(C(O[Na])=O)OC(O[*])C(O)C2O)O)O,[Ag+],,,5.851258348719076,10.1016_j.ijbiomac.2015.06.042_part_1.txt_¶Î1_Material1
[*]CC(CC[*])O,,,,,5.278753600952829,10.1002_adv.21274_part_2.txt_¶Î1_Material3
O=C(C(C[*])[*])N,[H][O-],C(NC(=O)C=C)NC(=O)C=C,,,2.204119982655925,10.1002_pc.24490_part_2.txt_¶Î1_Material2
OCC1OC(C(C(C1O[*])O)O)[*],O=[Al]O[Al]=O.O=[Si]=O.O=[Si]=O.O.O,,,,5.892094602690481,10.1007_s10570-018-1865-5_part_1.txt_¶Î1_Material1
[*]C([C@H](C)OC([C@H](C)O[*])=O)=O,[*]OCCCCOC(CCC([*])=O)=O,,,,5.414973347970818,10.1021_ie403623f_part_2.txt_¶Î1_Material2
[*]NC(C)C(N1CCCC1C([*])=O)=O,CNC(CNC(CN)=O)=O,,,,6,10.3390_gels6040036_part_1.txt_¶Î1_Material1
O=C([*])CCCCCN[*],[*]CC(CC=CCC([*])C1=CC=CC=C1)C#N,[*]CCCC(CCCCCC)[*],,,6.645324001562293,10.1080_00405000.2020.1808385_part_1.txt_¶Î1_Material4
[*]CC(C1=CC=CC=C1)[*],[*]CC(CC(C=C)([*])C)C1=CC=CC=C1,,,,6.286905352972375,10.1177_0892705720930777_part_3.txt_¶Î1_Material2
[*]CC(OC(O[*])=O)C,,,,,6.07700432679335,10.1002_pc.25809_part_3.txt_¶Î1_Material3
[*]OCC[*],[*]CCCCOCCCCOCCCCOCCCCO[*],,,,4.685741738602264,10.1038_pj.2013.39_part_1.txt_¶Î1_Material1
[*]C(NC1=C(C)C(NC(OCCO[*])=O)=CC=C1)=O,[*]CCC(CCCC(CCCC(C[*])C)C)C,CNC(CNC(CN)=O)=O,,,5.442479769064448,10.1016_j.compositesa.2016.07.017_part_2.txt_¶Î1_Material1
O=C(C1=CC=C(C=C1)C(OCC[*])=O)O[*],O=C([*])C1=CC=C(C=C1)OC2=CC=C(C=C2)OC3=CC=C(C=C3)[*],,,,6.740362689494244,10.1177_0954008316661616_part_3.txt_¶Î1_Material1
[*]OCCOC(CC(C([*])=O)C(C1CCCCC1)CC(CC(O)=O)C(OCCO)=O)=O,[*]OC1OC(CO)C(OC2C(O)C(O)C([*])C(CO)O2)C(O)C1O,[Cu],,,6.521007252408604,10.1002_pc.24181_part_2.txt_¶Î1_Material4
O=C([*])CCCCCN[*],OCC(C(C(C1N)O)O[*])OC1OC2C(OC(C(C2O)N)[*])CO,[*]OC1C(C(O)=O)OC(OC2C(NC(C)=O)C([*])OC(CO)C2O)C(O)C1O,,,3.8543060418010806,10.1016_j.carbpol.2021.117769_part_2.txt_¶Î1_Material1
[*]C(C(OC1O[*])COC(O[Na])=O)C(O)C1N,OC1=C2C(C3(O)C4C5C6=C7C8C(C9=CC(C(O)=O)=C(C=C(C=C%10C(O)=O)C%11%12)C(C%11=C%13C%14C%15%16C%17(O%16)C%18C%19=C%20C%21=C%22C(C(O)=C%23)=C%24C%25C%21=C%26C%19=C%27C%17=C%28C%14(O)C%12=C%10C=C%28CC%27=CC%26=CC%25=C(C(O)=O)C=C%24)C9=C7C%13(O)C5=C%15C3=C%18C%29%30C%20(O%30)C%31C%22C%23=C%32)=CC(C(O)=O)=CC8=CC6=C(C(O)=O)C4=C2)=C%29C%33=C%31C%32=C(C(O)=O)C=C%331,,,,6.461048091670658,10.1002_adfm.201504141_part_1.txt_¶Î1_Material1
O=C([*])C(C)O[*],OCC(C(C(C1N)O)O[*])OC1OC2C(OC(C(C2O)N)[*])CO,[*]OCC[*],,,6.136720567156407,10.1016_j.mencom.2015.09.015_part_1.txt_¶Î1_Material2
[*]C(CCCCC(OCCCCO[*])=O)=O,[*]C(CCCCCO[*])=O,,,,5.760422483423212,10.1016_j.eurpolymj.2018.09.036_part_3.txt_¶Î1_Material2
[*]C(C1=CC=C(C(OCCCCO[*])=O)C=C1)=O,O=C([*])C1=CC=C2C=C(C=CC2=C1)OC(C3=CC=C(C=C3)O[*])=O,,,,6.414973347970818,10.1016_j.matdes.2012.05.052_part_2.txt_¶Î1_Material3
[*]NC(C(N1CCCC1C(NCC(N2CC(CC2C(NC(C(NCC([*])=O)=O)CO)=O)O)=O)=O)=O)CCCCN,[O-][Si]([O-])([O-])O[Si]([O-])([O-])[O-].[Ca+2],,,,5.805976350717563,10.1016_j.jmbbm.2014.08.010_part_2.txt_¶Î1_Material3
[*]C(F)(C(F)([*])F)F,O=[Si]=O,,,,5.7026889681591335,10.1007_s10118-013-1225-8_part_2.txt_¶Î1_Material2
[*]C(CCCCCO[*])=O,C/C(C[*])=C/C[*],,,,5.96189547366785,10.1007_s10924-012-0567-6_part_1.txt_¶Î1_Material1
[*]C(C)C[*],[*]CC[*],[*]CC(C(CCC)=O)([*])C,,,6,10.1002_masy.201550309_part_1.txt_¶Î1_Material1
O=C(C1=CC=C(C=C1)C(OCC[*])=O)O[*],OP(O)(O)=O,O=[Ti]=O,,,6.274619619091238,10.1016_j.egypro.2014.07.137_part_2.txt_¶Î1_Material1
O=C(CCCCC(N(CCCCCCN([*])[H])[H])=O)[*],CNC(CNC(CN)=O)=O,,,,6.599883072073688,10.1002_pi.5975_part_3.txt_¶Î1_Material1
OC1C(C(OC(C1O)OC2C(OC(C(C2O)O)OC3C(C(C(OC3C(OC)=O)OC4C(OC(C(C4O)O)[*])C(O)=O)O)O)C(OC)=O)C(O)=O)O[*],[*]OCC[*],,,,5.892094602690481,10.1016_j.polymdegradstab.2013.09.012_part_1.txt_¶Î1_Material2
FC(F)([*])C([H])([*])[H],[*]CC(C#N)[*],[H]Cl,,,5.963787827345556,10.1007_s00289-016-1785-1_part_2.txt_¶Î1_Material3
[*]C([H])([H])C(O)([H])[*],[*]OCC[*],[H]O[H],,,6.238798562713917,10.1002_pi.5741_part_4.txt_¶Î1_Material1
[*]C(C)C[*],[Mg]=O,,,,6.460897842756548,10.1016_j.mtcomm.2019.100880_part_2.txt_¶Î1_Material5
[*]OC1OC(CO)C(OC2C(O)C(O)C([*])C(CO)O2)C(O)C1O,[*]NC(C(N1CCCC1C(NCC(N2CC(CC2C(NC(C(NCC([*])=O)=O)CO)=O)O)=O)=O)=O)CCCCN,,,,6.096910013008056,10.1080_03602551003652698_part_1.txt_¶Î1_Material1
[*]C([H])([H])C(O)([H])[*],[*]OC1C(C(O)=O)OC(OC2C(NC(C)=O)C([*])OC(CO)C2O)C(O)C1O,[Fe+3],,,4,10.1021_acsanm.8b01786_part_2.txt_¶Î1_Material1
O=C([*])C(C)O[*],[*]C/C=C/CCC([*])C#N,O=C([O-])[O-].[Ca+2],,,6.049218022670182,10.1177_0095244320958108_part_2.txt_¶Î1_Material1
[*]C(C)C[*],O=C(C1=CC=C(C=C1)C(OCC[*])=O)O[*],[*]CCC(CCCCCC)C[*],,,6.069298012115529,10.3390_polym10101094_part_2.txt_¶Î1_Material1
NC1=NC2=C(N=CN2C2O[C@H](COP(=O)(O)OP(=O)(O)O)[C@H](O)[C@@H]2O)C(=O)N1,OCC1OC(C(C(C1[*])O)O)OC2C(C(C(OC2CO)O[*])O)O,,,,6.959041392321094,10.1016_j.indcrop.2018.08.019_part_2.txt_¶Î1_Material1
[*]C([H])([H])C(O)([H])[*],[*]OC1C(C(O)=O)OC(OC2C(NC(C)=O)C([*])OC(CO)C2O)C(O)C1O,O=C(O)C([*])C[*],,,2.9912260756924947,10.1016_j.msec.2018.05.080_part_3.txt_¶Î1_Material3
C[Si](C)(C[*])O[*],[*]OCCOC(CC(C([*])=O)C(C1CCCCC1)CC(CC(O)=O)C(OCCO)=O)=O,,,,3.1583624920952498,10.1039_d0tb02465a_part_2.txt_¶Î1_Material1
[*]CC(COC1=CC=C(C=C1)C(C)(C)C2=CC=C(C=C2)O[*])O,[*]N1C(C2=CC3=C(C=C2C1=O)C(N(C3=O)C4=CC=C(C=C4)OC5=CC=C(C=C5)[*])=O)=O,,,,6.744918542441353,10.1002_app.50869_part_2.txt_¶Î1_Material1
[*]CC(CC=CCC([*])C1=CC=CC=C1)C#N,[*]CC([*])Cl,,,,7.105510184769974,10.1557_jmr.2019.79_part_1.txt_¶Î1_Material1
O=C([*])C(C)O[*],[*]C(CCCCC(OCCCCO[*])=O)=O,O=[Mg].O=[Si]=O.O=[Si]=O.O=[Si]=O.O=[Si]=O.O=[Mg].O=[Mg].O,,,6.342422680822207,10.1155_2020_8040517_part_2.txt_¶Î1_Material1
O=C(C1=CC=C(C=C1)C(OCC[*])=O)O[*],O=C([*])CCCCCN[*],,,,6.3979400086720375,10.1002_app.50916_part_1.txt_¶Î1_Material1
[*]C1C(OC(C(C1O)O)OC2C(OC(C(C2O)O)O[*])CO)CO,[*]C([H])([H])C(O)([H])[*],O=[Ti]=O,,,5.691081492122969,10.1177_0021998312436998_part_2.txt_¶Î1_Material1
[*]OCCOC(CC(C([*])=O)C(C1CCCCC1)CC(CC(O)=O)C(OCCO)=O)=O,C[N+](CCO)(CCO)[3H],,,,7.03187281002181,10.1002_app.36605_part_2.txt_¶Î1_Material1
[*]CC[*],O=C1C=CC(O1)=O.C=C,O=[Al]O[Al]=O.O=[Si]=O.O=[Si]=O.O=[Si]=O,,,6.041392685158225,10.1177_0892705714554492_part_2.txt_¶Î1_Material1
[*]C1=C(C=CN2)C2=C([*])C(O)=C1O,[*]C1=C(C=CN2)C2=C([*])C(O)=C1O,,,,7.57978359661681,10.1016_j.polymer.2015.08.053_part_4.txt_¶Î1_Material1
OCC1OC(C(C(C1O[*])O)NC(C)=O)OC2C(O)C(C(OC2CO)[*])NC(C)=O,,,,,4.991226075692495,10.1016_j.biteb.2020.100610_part_2.txt_¶Î1_Material1
[*]NC(C(N1CCCC1C(NCC(N2CC(CC2C(NC(C(NCC([*])=O)=O)CO)=O)O)=O)=O)=O)CCCCN,[*]C(CCCCCO[*])=O,[Ca+2],,,3.0989896394011773,10.1039_c8bm00474a_part_3.txt_¶Î1_Material1
[*]NC(C(O)=O)CCC([*])=O,[*]NC(C)C(N1CCCC1C([*])=O)=O,[O-][Si]([O-])([O-])O[Si]([O-])([O-])[O-].[Ca+2],,,5.903089986991944,10.1039_d0gc01394c_part_7.txt_¶Î1_Material3
NC1=CC=C(C=C1)/C2=C3C=C/C(N\3)=C(C4=N/C(C=C4)=C(C5=CC=C(N5)/C(C6=CC=CC=C6)=C7N=C2C=C\7)/C8=CC=CC=C8)\C9=CC=CC=C9,[*]CC[*],OCC1OC(C(C(C1[*])O)O)OC2C(C(C(OC2CO)O[*])O)O,,,6.3979400086720375,10.1016_j.tca.2017.05.002_part_1.txt_¶Î1_Material2
[*]CC[*],[K+].[OH-],,,,6.280653477698619,10.1016_j.ijadhadh.2021.102823_part_2.txt_¶Î1_Material9
[*]C([C@H](C)OC([C@H](C)O[*])=O)=O,[*]C([H])([H])C(O)([H])[*],,,,6.366982975977851,10.1016_j.coco.2020.100564_part_1.txt_¶Î1_Material1
[*]C(C(OC(CO[*])=O)C)=O,OCC(C(C(C1N)O)O[*])OC1OC2C(OC(C(C2O)N)[*])CO,O=[Ti]=O,,,6.079181246047625,10.1016_j.biomaterials.2015.08.037_part_7.txt_¶Î1_Material1
[*]CC(C#N)[*],[*]OCC[*],OCC1OC(C(C(C1[*])O)O)OC2C(C(C(OC2CO)O[*])O)O,,,5.149527013754348,10.1039_c6nr06295d_part_7.txt_¶Î1_Material1
O=C(CCCCC(NCCCCCCCCCCN[*])=O)[*],OCC1OC(C(C(C1[*])O)O)OC2C(C(C(OC2CO)O[*])O)O,,,,6.348304863048161,10.3139_217.3142_part_1.txt_¶Î1_Material1
[*]C(C)C[*],[*]C(C)C[*],O=[Al]O[Al]=O.O=[Si]=O.O=[Si]=O.O=[Si]=O,,,5.573347439656937,10.1088_1757-899x_523_1_012023_part_2.txt_¶Î1_Material1
OCC(C(C(C1N)O)O[*])OC1OC2C(OC(C(C2O)N)[*])CO,OC(CO)CO,,,,6.450249108319361,10.1016_j.desal.2017.05.031_part_1.txt_¶Î1_Material2
OCC(C(C(C1N)O)O[*])OC1OC2C(OC(C(C2O)N)[*])CO,[*]NC(C(N1CCCC1C(NCC(N2CC(CC2C(NC(C(NCC([*])=O)=O)CO)=O)O)=O)=O)=O)CCCCN,[*]NC(C(N1CCCC1C(NCC(N2CC(CC2C(NC(C(NCC([*])=O)=O)CO)=O)O)=O)=O)=O)CCCCN,,,6.17897694729317,10.1016_j.ijbiomac.2018.04.149_part_3.txt_¶Î1_Material4
O=C(O[Na])COCC(OC(C(C1O)O)[*])C1OC(C(C(C2O[*])O)O)OC2COCC(O[Na])=O,OC(C(C)(CC(C1=CC=CC=C1)[*])CC(C[*])(C(OCC2CO2)=O)C)=O,,,,6.962369335670021,10.1007_s10570-016-0923-0_part_3.txt_¶Î1_Material1
OC1=C(C=CC=C1CC2=CC=CC([*])=C2O)CC3=CC=CC([*])=C3O,OCC1OC(C(C(C1[*])O)O)OC2C(C(C(OC2CO)O[*])O)O,,,,7.05307844348342,10.1016_j.polymertesting.2020.107047_part_1.txt_¶Î1_Material1
C=C([CH3])C(=O)O[CH3],[O-][Si]([O-])([O-])O[Si]([O-])([O-])[O-].[Ca+2],OCC(C(C(C1N)O)O[*])OC1OC2C(OC(C(C2O)N)[*])CO,,,5.903089986991944,10.1080_10667857.2018.1541212_part_2.txt_¶Î1_Material1
O=C(C1=CC=C2C=C(C=CC2=C1)C([*])=O)OCCO[*],O=[Si]=O,,,,7.217483944213907,10.1016_j.polymertesting.2018.01.014_part_1.txt_¶Î1_Material2
O=C([*])C(C)O[*],[*]C(NC1=C(C)C(NC(OCCO[*])=O)=CC=C1)=O,O=[Si]=O,,,6.255231486465216,10.1016_j.polymer.2014.01.057_part_2.txt_¶Î1_Material1
OCC1OC(C(C(C1[*])O)O)OC2C(C(C(OC2CO)O[*])O)O,OC[C@@H]([C@H]([C@@H]([C@@H](CO)O)O)O)O,OC(C(CC(O)=O)(CC(O)=O)O)=O,,,5.491361693834273,10.1007_s10570-017-1405-8_part_2.txt_¶Î1_Material3
[*]CC(OC(O[*])=O)C,OCC1OC(C(C(C1[*])O)O)OC2C(C(C(OC2CO)O[*])O)O,[*]C([H])([H])C(O)([H])[*],,,5.913018683747961,10.1016_j.carbpol.2018.02.070_part_4.txt_¶Î1_Material1
O=C([*])C(C)O[*],[*]NCC(NC(C(ONCC(NC(C(NCC(NC(C([*])=O)C)=O)=O)C)=O)=O)CO)=O,OC1=C2C(C3(O)C4C5C6=C7C8C(C9=CC(C(O)=O)=C(C=C(C=C%10C(O)=O)C%11%12)C(C%11=C%13C%14C%15%16C%17(O%16)C%18C%19=C%20C%21=C%22C(C(O)=C%23)=C%24C%25C%21=C%26C%19=C%27C%17=C%28C%14(O)C%12=C%10C=C%28CC%27=CC%26=CC%25=C(C(O)=O)C=C%24)C9=C7C%13(O)C5=C%15C3=C%18C%29%30C%20(O%30)C%31C%22C%23=C%32)=CC(C(O)=O)=CC8=CC6=C(C(O)=O)C4=C2)=C%29C%33=C%31C%32=C(C(O)=O)C=C%331,,,6.612783856719736,10.1007_s12221-014-0847-y_part_2.txt_¶Î1_Material3
[*]CC(C#N)[*],C12=CC3=CC4=CC=CN=C4N=C3N=C1N=C5N=C6N=CC=CC6=CC5=C2,,,,8.146128035678238,10.3390_jcs4040187_part_1.txt_¶Î1_Material2
O=C([*])CCCCCN[*],[*]C(CCCCCO[*])=O,O=[Ti]=O,,,5.668385917,10.3390_polym10111190_part_3.txt_¶Î1_Material1
OCC(C(C(C1N)O)O[*])OC1OC2C(OC(C(C2O)N)[*])CO,O=P([O-])([O-])[O-].[Ca+2].[Ca+2].[OH-],[H]O[H],,,6.385606273598312,10.1039_c6sm01994c_part_2.txt_¶Î1_Material3
[*]C1=CC=C([*])N1,[*]OC1C(C(O)=O)OC(OC2C(NC(C)=O)C([*])OC(CO)C2O)C(O)C1O,[Na+].[Cl-],,,3.361727836017593,10.1021_la4009366_part_1.txt_¶Î1_Material1
O=C(O[Na])COCC(OC(C(C1O)O)[*])C1OC(C(C(C2O[*])O)O)OC2COCC(O[Na])=O,[*]C1=C(C=CN2)C2=C([*])C(O)=C1O,,,,6.857332496431268,10.1007_s10570-017-1387-6_part_1.txt_¶Î1_Material3
O=C(C1=CC=C(C=C1)C(OCC[*])=O)O[*],OP(O)(O)=O,[Zn]=O,,,6.293583513496117,10.1016_j.egypro.2014.07.137_part_2.txt_¶Î1_Material2
[*]CC[*],O=C([*])CCCCCN[*],[*]CC[*],,,6.08278537031645,10.1002_polb.24783_part_2.txt_¶Î1_Material1
C[Si](C)(C[*])O[*],CCO[Si](OCC)(OCC)OCC,,,,2.677606952720493,10.1016_j.polymdegradstab.2014.10.026_part_2.txt_¶Î1_Material1
[*]CC[*],OCC(O)CO,,,,4.883888457888481,10.1515_polyeng-2013-0276_part_1.txt_¶Î1_Material3
[*]C(C)C[*],O=C([*])CCCCCN[*],[*]NCC(NC(C(ONCC(NC(C(NCC(NC(C([*])=O)C)=O)=O)C)=O)=O)CO)=O,,,6.313593064521326,10.3390_polym12061216_part_2.txt_¶Î1_Material1
O=C([*])C(C)O[*],[*]C(CCCCC(OCCCCO[*])=O)=O,[*]CC(OC(O[*])=O)C,,,6.505149978319906,10.1007_s00289-019-02942-5_part_2.txt_¶Î1_Material1
O=C([*])C(C)O[*],OCC1OC(C(C(C1[*])O)O)OC2C(C(C(OC2CO)O[*])O)O,[*]OCC[*],,,6.568201724066995,10.1007_s10570-014-0476-z_part_3.txt_¶Î1_Material1
[*]CC(C#N)[*],[S],,,,7.561101383649056,10.1021_acs.jpcc.1c02966_part_2.txt_¶Î1_Material1
[*]CC([*])Cl,[*]CC(C(OC)=O)(CC(C/C=C/CCC(C1=CC=CC=C1)[*])C#N)C,,,,6.034187120793453,10.1007_s10965-012-9993-3_part_2.txt_¶Î1_Material1
O=C(CCCCCCCCCCC(NCCCCCCCCCCCCN[*])=O)[*],C[Si](C)(C[*])O[*],,,,4.556302500767287,10.1016_j.reactfunctpolym.2020.104688_part_2.txt_¶Î1_Material1
OP(O)(O)=O,O=C([*])C(C)O[*],[*]C(CCCCC(OCCCCO[*])=O)=O,,,6.05307844348342,10.1002_aic.14495_part_2.txt_¶Î1_Material6
O=C([*])CCCCCN[*],[*]NC1=CC=C([*])C=C1,,,,7.301029995663981,10.1515_polyeng-2016-0170_part_1.txt_¶Î1_Material1
COC(C(C[*])([*])C)=O,C12=C3C(C=CC4C3=C5C(CC6=CC7=C8C9=C(C(C=C%10)=CC=C9C=C7)C%11=C%10C%12)=CC4)=CC=C1C=C%12C%13=C%11C8=C6C5=C2%13,,,,6.505149978319906,10.1055_s-0043-1768046_OA_part_2.txt_¶Î1_Material1
O=C([*])C(C)O[*],CC(NC1C([C@@H](C(O[C@H]1O[*])CO)O[C@@H]2OC([C@H]([C@@H](C2NC(C)=O)O)[*])CO)O)=O,,,,6.863322860120456,10.1002_adfm.202008552_part_4.txt_¶Î1_Material2
[*]CC[*],OCC1OC(C(C(C1[*])O)O)OC2C(C(C(OC2CO)O[*])O)O,NC1=CC=C(C=C1)/C2=C3C=C/C(N\3)=C(C4=N/C(C=C4)=C(C5=CC=C(N5)/C(C6=CC=CC=C6)=C7N=C2C=C\7)/C8=CC=CC=C8)\C9=CC=CC=C9,O=C([O-])[O-].[Ca+2],,6.113943352306837,10.1007_s10570-021-03824-8_part_1.txt_¶Î1_Material1
OP(O)(O)=O,[*]C([C@H](C)OC([C@H](C)O[*])=O)=O,,,,6.825426117767823,10.1016_j.indcrop.2014.09.033_part_2.txt_¶Î1_Material1
C[Si](C)(C[*])O[*],[*]CC(C1=CC=C(C=C1)S(=O)([O-])=O)[*],,,,3.7781512503836434,10.1021_jp3071458_part_1.txt_¶Î1_Material1
[*]C(C)C[*],[*]C/C=C/CCC(C=C)CC([*])C1=CC=CC=C1,,,,5.827046017004734,10.1177_0892705719843965_part_1.txt_¶Î1_Material1
O=C(O)C([*])C[*],[Zn]=O,,,,5.959041392321094,10.1007_s00289-019-02860-6_part_2.txt_¶Î1_Material1
[*]CC(C#N)[*],COC1=CC(/C=C/C=O)=CC(OC2=CC(C(C(OC3=CC=C(C=C3OC)C(C(CO)=O)O)CO)O)=CC=C2OC4=CC(C(C(COC5=CC=C(C=C5)C(C(CO)=O)O)=O)O)=CC=C4O)=C1,,,,6.222716471147583,10.1016_j.jpowsour.2019.226937_part_1.txt_¶Î1_Material1
O=C([*])C(C)O[*],CC1(CC(CC(C)(C1)C)N=C=O)CN=C=O,,,,6.496929648073215,10.1016_j.compositesa.2015.05.010_part_2.txt_¶Î1_Material1
[*]NCCCCCCCCCCCC([*])=O,[*]C1C(OC(C(C1O)O)OC2C(OC(C(C2O)O)O[*])CO)CO,C(C)(C1=CC=C(OCC2CO2)C=C1)(C)C1=CC=C(OCC2CO2)C=C1,,,5.991226075692495,10.1016_j.eurpolymj.2011.09.017_part_2.txt_¶Î1_Material1
O=C(C(C[*])[*])N,O=[Si]=O,[*]C1C(OC(C(C1O)O)OC2C(OC(C(C2O)O)O[*])CO)CO,,,0.7781512503836436,10.1016_j.eurpolymj.2017.01.038_part_3.txt_¶Î1_Material1
OCC1OC(C(C(C1[*])O)O)OC2C(C(C(OC2CO)O[*])O)O,OS(=O)(OOS(O)(=O)=O)=O.N.N,,,,5.916980047320382,10.1016_j.ijbiomac.2014.12.029_part_1.txt_¶Î1_Material1
[*]CC([*])Cl,C12=C3C(C=CC4C3=C5C(CC6=CC7=C8C9=C(C(C=C%10)=CC=C9C=C7)C%11=C%10C%12)=CC4)=CC=C1C=C%12C%13=C%11C8=C6C5=C2%13,,,,6.330413773349191,10.1002_pc.23328_part_1.txt_¶Î1_Material1
C[Si](C)(C[*])O[*],[*]CC(C1=CC=C(C=C1)S(O)(=O)=O)[*],,,,2.4771212547196626,10.1016_j.sna.2010.02.006_part_1.txt_¶Î1_Material1
[*]CC(OC(O[*])=O)C,[*]C([H])([H])C(O)([H])[*],,,,6.078094150406411,10.1002_pi.6235_part_2.txt_¶Î1_Material4
[*]NC(C)C(N1CCCC1C([*])=O)=O,[*]NC(C(N1CCCC1C(NCC(N2CC(CC2C(NC(C(NCC([*])=O)=O)CO)=O)O)=O)=O)=O)CCCCN,[*]OC1C(C(O)=O)OC(OC2C(NC(C)=O)C([*])OC(CO)C2O)C(O)C1O,,,4.892762234615817,10.1016_j.msec.2012.08.030_part_1.txt_¶Î1_Material1
O=C([*])C(C)O[*],[*]C([C@H](C)OC([C@H](C)O[*])=O)=O,[*]C([C@H](C)OC([C@H](C)O[*])=O)=O,,,6.086359830674748,10.1007_s00289-019-02862-4_part_3.txt_¶Î1_Material2
[*]C(C)C[*],[*]CC(OC(O[*])=O)C,,,,6.079181246047625,10.1002_app.45266_part_2.txt_¶Î1_Material1
[*]CC[*],[*]C(C)C[*],[*]CC[*],,,6.008600171761918,10.1002_app.43070_part_1.txt_¶Î1_Material1
[*]CC(C(OCC)=O)[*],CC1(CC(CC(C)(C1)C)N=C=O)CN=C=O,,,,5.204119982655925,10.3390_polym13060946_part_2.txt_¶Î1_Material1
[*]CC[*],[O-][Si]([O-])([O-])O[Si]([O-])([O-])[O-].[Ca+2],,,,6.079181246047625,10.1007_s11998-019-00286-3_part_1.txt_¶Î1_Material5
[*]C(CCCCCO[*])=O,[*]CC(O)COC(CCCCCCCCC(O[*])=O)=O,,,,4.994317152669637,10.1039_c7qm00600d_part_4.txt_¶Î1_Material1
[*]CC[*],O=C(O)C([*])C[*],,,,5.2552725051033065,10.1088_1757-899x_11_1_012001_part_1.txt_¶Î1_Material1
[*]C(C=C1)=CC=C1S[*],OC1=C2C(C3(O)C4C5C6=C7C8C(C9=CC(C(O)=O)=C(C=C(C=C%10C(O)=O)C%11%12)C(C%11=C%13C%14C%15%16C%17(O%16)C%18C%19=C%20C%21=C%22C(C(O)=C%23)=C%24C%25C%21=C%26C%19=C%27C%17=C%28C%14(O)C%12=C%10C=C%28CC%27=CC%26=CC%25=C(C(O)=O)C=C%24)C9=C7C%13(O)C5=C%15C3=C%18C%29%30C%20(O%30)C%31C%22C%23=C%32)=CC(C(O)=O)=CC8=CC6=C(C(O)=O)C4=C2)=C%29C%33=C%31C%32=C(C(O)=O)C=C%331,,,,6.866287339084195,10.1002_pc.25245_part_1.txt_¶Î1_Material1
[*]CNCC1=CC=CC([*])=C1O,[H][O-],,,,6.521138083704036,10.1177_0967391120903664_part_2.txt_¶Î1_Material2
[*]C1=C(C=CN2)C2=C([*])C(O)=C1O,O=[Si]=O,C12[Si]34C15C3C425,,,7.39375064034808,10.1007_s11665-021-05544-3_part_2.txt_¶Î1_Material1
[*]C(C)C[*],NC1=CC=C(C=C1)/C2=C3C=C/C(N\3)=C(C4=N/C(C=C4)=C(C5=CC=C(N5)/C(C6=CC=CC=C6)=C7N=C2C=C\7)/C8=CC=CC=C8)\C9=CC=CC=C9,OCC1OC(C(C(C1O[*])O)O)[*],,,6.05307844348342,10.1002_app.42981_part_2.txt_¶Î1_Material1
[*]C([H])([H])C(O)([H])[*],O=C([*])OC1=CC=C(C=C1)C(C)(C)C2=CC=C(C=C2)O[*],,,,6.898664858722267,10.1002_app.32242_part_2.txt_¶Î1_Material1
Cl[Ca]Cl,OC(C(C)(CC(C1=CC=CC=C1)[*])CC(C[*])(C(OCC2CO2)=O)C)=O,,,,6.72916478969277,10.1007_s10118-020-2445-3_part_2.txt_¶Î1_Material2
[*]C(C1=CC=C(C(OCCCCO[*])=O)C=C1)=O,[*]CCC(CCCCCC)C[*],,,,6.243038048686294,10.1002_app.40660_part_2.txt_¶Î1_Material1
O=C([*])C(C)O[*],[*]CCCC([*])OC(C)=O,[*]CCCC([*])OC(C)=O,,,6.408239965311849,10.4028_www.scientific.net_amr.486.406_part_1.txt_¶Î1_Material4
O=C(O)C([*])C[*],O=C(C(C[*])[*])N,,,,1.8388490907372552,10.1021_ma301025a_part_2.txt_¶Î1_Material1
[*]CC[*],[*]CC[*],[C],,,6.071882007306125,10.1016_j.polymertesting.2013.06.013_part_1.txt_¶Î1_Material4
[*]CC[*],OC1=C2C(C3(O)C4C5C6=C7C8C(C9=CC(C(O)=O)=C(C=C(C=C%10C(O)=O)C%11%12)C(C%11=C%13C%14C%15%16C%17(O%16)C%18C%19=C%20C%21=C%22C(C(O)=C%23)=C%24C%25C%21=C%26C%19=C%27C%17=C%28C%14(O)C%12=C%10C=C%28CC%27=CC%26=CC%25=C(C(O)=O)C=C%24)C9=C7C%13(O)C5=C%15C3=C%18C%29%30C%20(O%30)C%31C%22C%23=C%32)=CC(C(O)=O)=CC8=CC6=C(C(O)=O)C4=C2)=C%29C%33=C%31C%32=C(C(O)=O)C=C%331,[Si],,,5.477121254719663,10.1002_pi.5690_part_1.txt_¶Î1_Material1
[*]OCC[*],[*]C(CCCCCO[*])=O,[*]C([C@H](C)OC([C@H](C)O[*])=O)=O,,,5.477121254719663,10.1016_j.polymer.2020.122863_part_5.txt_¶Î1_Material2
[*]C(CCCCCO[*])=O,C[Si](C)(C[*])O[*],,,,4.146128035678238,10.1088_1748-6041_11_1_015007_part_2.txt_¶Î1_Material1
[*]CCC(CCCCCC)C[*],[*]C(C)C[*],,,,5,10.1021_acsapm.9b00289_part_3.txt_¶Î1_Material1
[*]C(C)C[*],[*]CC[*],OCC1OC(C(C(C1[*])O)O)OC2C(C(C(OC2CO)O[*])O)O,,,6.3979400086720375,10.1016_j.tca.2017.05.002_part_1.txt_¶Î1_Material1
[*]OCCCOC(C1=CC=C(C([*])=O)C=C1)=O,[*]CCC(CCCCCC)C[*],[*]C(C)C[*],,,6.056904851336473,10.1080_00222341003648763_part_2.txt_¶Î1_Material1
O=C([*])C(C)O[*],OP(O)(O)=O,O=[Ti]=O,,,5.8779469516291885,10.3390_polym13071076_part_2.txt_¶Î1_Material1
[*]C(C(OC(CO[*])=O)C)=O,O=P([O-])([O-])[O-].[Ca+2].[Ca+2].[OH-],,,,6.623249290397901,10.1155_2016_6869154_part_1.txt_¶Î1_Material2
O=C(C1=CC=C(C=C1)C(OCC[*])=O)O[*],FC(F)([*])C([H])([*])[H],OCC(C(C(C1N)O)O[*])OC1OC2C(OC(C(C2O)N)[*])CO,,,6.950851458888547,10.1016_j.colsurfa.2019.05.090_part_1.txt_¶Î1_Material1
O=C([*])CCCCCN[*],O=C([*])OC1=CC=C(C=C1)C(C)(C)C2=CC=C(C=C2)O[*],[*]C(C)C[*],,,6.2716557723522754,10.1016_j.polymertesting.2020.106930_part_3.txt_¶Î1_Material2
O=C(C(C[*])[*])N,[*]C([H])([H])C(O)([H])[*],,,,1.9268567089496924,10.1002_mame.201900450_part_1.txt_¶Î1_Material1
O=C([*])C1=CC=C(C=C1)OC2=CC=C(C=C2)OC3=CC=C(C=C3)[*],[*]CC[*],,,,6.301029995663981,10.3139_217.3655_part_2.txt_¶Î1_Material1
[*]CC(OC(O[*])=O)C,[*]C1C(O)C(O)C(OC2C(O)C(O)C(O[*])OC2COC(C)=O)OC1COC(C)=O,,,,6.093421685162235,10.1016_j.carbpol.2012.11.058_part_1.txt_¶Î1_Material1
[*]CC(OC(O[*])=O)C,O=C([*])C(C)O[*],[*]C([H])([H])C(O)([H])[*],,,6.252124552505644,10.3144_expresspolymlett.2012.92_part_1.txt_¶Î1_Material1
[*]C1C(O)C(O)C(OC2C(O)C(O)C(O[*])OC2COC(C)=O)OC1COC(C)=O,CCCCCCCCCCCCOS([O-])(=O)=O.[Na+],CCCCCCCCCCCCCCCC[N+](C)(C)C.[Br-],,,5.57978359661681,10.1007_s10570-015-0572-8_part_2.txt_¶Î1_Material1
O=C([*])C(C)O[*],O=[Mg].O=[Si]=O.O=[Si]=O.O=[Si]=O.O=[Si]=O.O=[Mg].O=[Mg].O,C/C(C[*])=C/C[*],,,6.301029995663981,10.1177_0021998313477461_part_1.txt_¶Î1_Material1
O=C([*])C(C)O[*],OCC1OC(OC2C(O)C(O)C(O[*])OC2CO)C(O)C(O)C1[*],CCOC(=O)C(O)(CC(=O)OCC)CC(=O)OCC,,,6.05088221066403,10.1021_acsapm.1c00281_part_1.txt_¶Î1_Material1
[*]NC(C)C(N1CCCC1C([*])=O)=O,C=C([CH3])C(=O)O[CH3],,,,5.023951707423388,10.1016_j.msec.2019.110378_part_6.txt_¶Î1_Material1
C=C([CH3])C(=O)O[CH3],[*]CC([*])Cl,O=C([O-])[O-].[Ca+2],,,6.146128035678238,10.1021_acs.iecr.5b01921_part_2.txt_¶Î1_Material1
[*]C(CCCCC(OCCCCO[*])=O)=O,[*]CC([*])Cl,,,,5.61066016308988,10.1007_s00289-014-1137-y_part_4.txt_¶Î1_Material2
OCC(C(C(C1N)O)O[*])OC1OC2C(OC(C(C2O)N)[*])CO,OCC(C(C(C1N)O)O[*])OC1OC2C(OC(C(C2O)N)[*])CO,,,,6.301029995663981,10.3390_molecules24010127_part_1.txt_¶Î1_Material1
[*]CC([*])Cl,[*]C1C(OC(C(C1O)O)OC2C(OC(C(C2O)O)O[*])CO)CO,,,,5.850033257689769,10.1002_pen.25761_part_2.txt_¶Î1_Material1
O=C([*])CCCCCCCCCCC(NCCCCCCN[*])=O,,,,,5.698970004336019,10.3390_machines8030052_part_1.txt_¶Î1_Material1
[*]C([H])([H])C(O)([H])[*],[*]C(CCCCC(OCCCCO[*])=O)=O,O=[Ti]=O,,,6.079181246047625,10.1007_s10853-021-05854-w_part_3.txt_¶Î1_Material1
[*]C(C1=CC=C(C(OCCCCO[*])=O)C=C1)=O,[*]CCC(CCCC(CCCC(C[*])C)C)C,,,,6.633468455579586,10.1016_j.compscitech.2016.01.015_part_2.txt_¶Î1_Material1
[*]C([C@H](C)OC([C@H](C)O[*])=O)=O,[*]C(NC1=C(C)C(NC(OCCO[*])=O)=CC=C1)=O,O=[Ti]=O,,,6.331056621407522,10.3144_expresspolymlett.2013.24_part_2.txt_¶Î1_Material1
O=C=NC1=CC=C(N=C=O)C=C1,[*]CCCCOCCCCOCCCCOCCCCO[*],,,,5.139879086401237,10.1016_j.polymer.2010.04.069_part_1.txt_¶Î1_Material5
O=C(O)C([*])C[*],CC(NC1C([C@@H](C(O[C@H]1O[*])CO)O[C@@H]2OC([C@H]([C@@H](C2NC(C)=O)O)[*])CO)O)=O,,,,6,10.1016_j.md.2018.01.004_part_4.txt_¶Î1_Material1
C/C(C[*])=C/C[*],[*]CC[*],,,,5.576341350205793,10.1177_096739111602400913_part_1.txt_¶Î1_Material1
FC(F)([*])C([H])([*])[H],[*]CC[*],NC1=NC2=C(N=CN2C2O[C@H](COP(=O)(O)OP(=O)(O)O)[C@H](O)[C@@H]2O)C(=O)N1,,,5.815577748324268,10.3390_nano9030361_part_3.txt_¶Î1_Material4
OCC(C(C(C1N)O)O[*])OC1OC2C(OC(C(C2O)N)[*])CO,OCCOC1C(OCCO)C(C(OCCO)COCCOC(CCCCCCCCCCCCCCCCC)=O)OC1,,,,5.432504298861027,10.1016_j.ijbiomac.2018.01.045_part_4.txt_¶Î1_Material3
C[Si](C)(C[*])O[*],[*]CC(C1=CC=CC=C1)[*],,,,3,10.1007_s10404-018-2152-3_part_1.txt_¶Î1_Material1
[*]C(NC1=C(C)C(NC(OCCO[*])=O)=CC=C1)=O,[*]CCC(CCCC(CCCC(C[*])C)C)C,,,,6.079181246047625,10.1016_j.triboint.2018.11.010_part_2.txt_¶Î1_Material1
[*]C(CCCCCO[*])=O,[H][O-],,,,5.5219222448835,10.1002_pat.5367_part_2.txt_¶Î1_Material3
O=C([*])C(C)O[*],[*]O[C@@]([H])(C)C(O[C@](C)([H])C([*])=O)=O,,,,6.506505032404872,10.1016_j.eurpolymj.2017.04.041_part_3.txt_¶Î1_Material1
[*]C(CCCCCO[*])=O,[*]C(C(OC(CO[*])=O)C)=O,[*]OC1C(C(O)=O)OC(OC2C(NC(C)=O)C([*])OC(CO)C2O)C(O)C1O,,,5.079181246047625,10.1002_pc.26081_part_2.txt_¶Î1_Material1
OCC(C(C(C1N)O)O[*])OC1OC2C(OC(C(C2O)N)[*])CO,[*]C([H])([H])C(O)([H])[*],O=C([*])C(C)O[*],,,5.301029995663981,10.1021_bm101227q_part_2.txt_¶Î1_Material1
[*]CC(CC=CCC([*])C1=CC=CC=C1)C#N,[*]C(C1=CC=C(C(OCCCCO[*])=O)C=C1)=O,,,,6.32221929473392,10.1002_app.48310_part_1.txt_¶Î1_Material1
O=C([*])OC1=CC=C(C=C1)C(C)(C)C2=CC=C(C=C2)O[*],CCCCCCCC/C=C\CCCCCCCC(O[C@@H](COP([O-])(OCC[N+](C)(C)C)=O)COC(CCCCCCCCCCCCCCC)=O)=O,,,,6.122543524068754,10.1002_app.44661_part_2.txt_¶Î1_Material2
COC1=CC(/C=C/C=O)=CC(OC2=CC(C(C(OC3=CC=C(C=C3OC)C(C(CO)=O)O)CO)O)=CC=C2OC4=CC(C(C(COC5=CC=C(C=C5)C(C(CO)=O)O)=O)O)=CC=C4O)=C1,[*]C(C)C[*],,,,6.324282455297693,10.1007_s13233-014-2161-3_part_1.txt_¶Î1_Material1
[*]C([H])([H])C(O)([H])[*],[*]OC1OC(CO)C(OC2C(O)C(O)C([*])C(CO)O2)C(O)C1O,,,,6.531478917042255,10.1177_1528083719894737_part_3.txt_¶Î1_Material1
O=C([*])CCCCCN[*],[*]CC(CC)([*])C(OCC1=CC=CC=C1)=O,[*]C(C1=CC=CC=C1)CC2C(OC(C2[*])=O)=O,,,6.152288344383057,10.1007_s10965-017-1201-z_part_2.txt_¶Î1_Material1
[*]C(N(CN(C(OCOC(N(CN(C(OCCO[*])=O)[H])[H])=O)=O)[H])[H])=O,O=C([*])C(C)O[*],,,,6.079181246047625,10.1088_1361-665x_aab417_part_2.txt_¶Î1_Material1
[*]C/C=C/CCC([*])C#N,C/C(C[*])=C/C[*],,,,3.404833716619938,10.1155_2013_798232_part_2.txt_¶Î1_Material1
[*]O[C@H](C)CC([*])=O,[*]C(C(O[*])C)=O,,,,6.778151250383644,10.1016_j.polymer.2011.01.039_part_2.txt_¶Î1_Material1
O=C([*])C(C)O[*],[*]C(CCCCCO[*])=O,OCC1OC(OC2C(O)C(O)C(O[*])OC2CO)C(O)C(O)C1[*],,,5.880813592280791,10.32604_jrm.2022.021473_OA_part_3.txt_¶Î1_Material5
O=C(C1=CC=C(C=C1)C(OCC[*])=O)O[*],[*]C/C=C/C[*],,,,6.466867620354109,10.1007_s42452-019-1406-3_part_2.txt_¶Î1_Material1
[*]C(C)C[*],O=[Al]O[Al]=O.O=[Si]=O.O=[Si]=O.O=[Si]=O,NC1=CC=C(C=C1)/C2=C3C=C/C(N\3)=C(C4=N/C(C=C4)=C(C5=CC=C(N5)/C(C6=CC=CC=C6)=C7N=C2C=C\7)/C8=CC=CC=C8)\C9=CC=CC=C9,,,5.940018155007663,10.1177_0967391120930613_part_2.txt_¶Î1_Material1
C1C=CC=CC=C1,OCC1OC(C(C(C1[*])O)O)OC2C(C(C(OC2CO)O[*])O)O,,,,5.9084850188786495,10.1007_s10570-019-02412-1_part_2.txt_¶Î1_Material3
[*]CC(O)COC1=CC=C(C(C)(C2=CC=C(O[*])C=C2)C)C=C1,[*]OCC[*],,,,6.3807537708039,10.1016_j.indcrop.2021.113804_part_2.txt_¶Î1_Material1
OCC1OC(C(C(C1[*])O)O)OC2C(C(C(OC2CO)O[*])O)O,[*]C([H])([H])C(O)([H])[*],O=[Al]O[Al]=O.O=[Si]=O.O=[Si]=O.O=[Si]=O,,,6.845098040014257,10.1007_s10570-015-0798-5_part_5.txt_¶Î1_Material2
[*]C(C)C[*],[Ni],,,,6.301029995663981,10.1007_s10570-018-1892-2_part_2.txt_¶Î1_Material1
[*]C([C@H](C)OC([C@H](C)O[*])=O)=O,[*]NC(C(N1CCCC1C(NCC(N2CC(CC2C(NC(C(NCC([*])=O)=O)CO)=O)O)=O)=O)=O)CCCCN,,,,4.66661156841903,10.1039_c5bm00414d_part_2.txt_¶Î1_Material1
[*]CC([*])Cl,[*]CC(CC=CCC([*])C1=CC=CC=C1)C#N,OCC1OC(C(C(C1[*])O)O)OC2C(C(C(OC2CO)O[*])O)O,,,6.776701183988411,10.1002_app.35130_part_2.txt_¶Î1_Material1
C=C([CH3])C(=O)OC([CH3])[CH3],C=C([CH3])C(=O)O[CH3],[*]OCC[*],,,5.390758528738717,10.1016_j.actbio.2010.09.001_part_1.txt_¶Î1_Material1
O=C(O[Na])COCC(OC(C(C1O)O)[*])C1OC(C(C(C2O[*])O)O)OC2COCC(O[Na])=O,O=C(C(C[*])[*])N,[Fe+3],,,1.8976270912904407,10.1007_s10570-020-03463-5_part_2.txt_¶Î1_Material1
O=C(C1=CC=C(C=C1)C(OCC[*])=O)O[*],[*]CC([*])Cl,,,,6.361727836017593,10.3139_217.3307_part_2.txt_¶Î1_Material2
[*]CC([*])Cl,[*]C(N(CN(C(OCOC(N(CN(C(OCCO[*])=O)[H])[H])=O)=O)[H])[H])=O,,,,4.267171728403014,10.1016_j.matdes.2014.01.047_part_2.txt_¶Î1_Material1
OCC1OC(C(C(C1[*])O)O)OC2C(C(C(OC2CO)O[*])O)O,[*]C1=C(C=CN2)C2=C([*])C(O)=C1O,O=[Ti]=O,,,6.653212513775344,10.26599_pbm.2018.9260024_OA_part_2.txt_¶Î1_Material1
[*]C(CCCCCO[*])=O,[*]C1C(OC(C(C1O)O)OC2C(OC(C(C2O)O)O[*])CO)CO,O=C=NC(C=C1)=CC=C1CC2=CC=C(C=C2)N=C=O,,,5.600210306409328,10.5897_ajb11.2510_part_1.txt_¶Î1_Material1
FC(F)([*])C([H])([*])[H],FC(F)([*])C([H])([*])[H],FC(F)([*])C([H])([*])[H],FC(F)([*])C([H])([*])[H],,5.698970004336019,10.1016_j.electacta.2018.11.049_part_2.txt_¶Î1_Material1
CC(COC(C(CC(C(C(C(OC(C)C)=O)C1=CC=CC=C1)C(OCC(OC(C2=CC=CC=C2C(O)=O)=O)C)=O)C3=CC=CC=C3)C(C(OC(C)C[*])=O)C4=CC=CC=C4)=O)OC(C5=CC=CC=C5C(O[*])=O)=O,[Zn]=O,,,,6.389166084364533,10.1088_1757-899x_454_1_012079_part_2.txt_¶Î1_Material1
O=C([*])OC1=CC=C(C=C1)C(C)(C)C2=CC=C(C=C2)O[*],[*]C([C@H](C)OC([C@H](C)O[*])=O)=O,,,,6.309757882316366,10.1002_app.37766_part_1.txt_¶Î1_Material1
O=C(CCCCC(N(CCCCCCN([*])[H])[H])=O)[*],[*]OC1=C(C([*])=CC=C1C)C,,,,5.953421399681036,10.1002_pen.24484_part_2.txt_¶Î1_Material1
O=C(C1=CC=C(C=C1)C(OCC[*])=O)O[*],[*]C(CCCCCO[*])=O,,,,5.37383114507383,10.1016_j.polymer.2020.122573_part_2.txt_¶Î1_Material2
O=C([*])CCCCC(NCCCCN[*])=O,,,,,6.517723594833735,10.1080_14658011.2021.1955200_part_2.txt_¶Î1_Material1
O=C([*])C(C)O[*],O=[Al]O[Al]=O.O=[Si]=O.O=[Si]=O.O.O,,,,6.413467412985825,10.1080_10601325.2017.1317580_part_2.txt_¶Î1_Material1
[*]CC([*])Cl,[*]CC(C#N)[*],[Zn]=O,,,6.505149978319906,10.1016_j.micromeso.2019.04.033_part_2.txt_¶Î1_Material1
[*]C(NC1=C(C)C(NC(OCCO[*])=O)=CC=C1)=O,[H]Cl,,,,4.539327063539375,10.1016_j.matlet.2016.02.131_part_1.txt_¶Î1_Material1
[*]CC(C#N)[*],[*]CC[*],,,,6.021189299069938,10.1021_acs.iecr.5b01236_part_2.txt_¶Î1_Material5
OCC(C(C(C1N)O)O[*])OC1OC2C(OC(C(C2O)N)[*])CO,[*]OC(C(C1O)O)OC(COC)C1OC(OC(C(C2O)OC3OC(C(C(C3OC)O)OC4OC(C(C(C4OC)O)[*])COC)CO)COC)C2OCC(OC)C,,,,6.489395921727129,10.1080_03602559.2018.1542726_part_2.txt_¶Î1_Material1
FC(F)([*])C([H])([*])[H],[*]C([H])([H])C(O)([H])[*],[*]CC(C1=CC=C(C=C1)S(O)(=O)=O)[*],,,6.423245873936808,10.1109_jsen.2013.2264930_part_2.txt_¶Î1_Material1
[*]OC(CC(OC(CC([*])=O)CC)=O)C,O=C([*])OC1=CC=C(C=C1)C(C)(C)C2=CC=C(C=C2)O[*],,,,6.340444114840119,10.1016_j.compositesb.2020.108542_part_2.txt_¶Î1_Material5
O=C(C1=CC=C(C=C1)C(OCC[*])=O)O[*],[Zn]=O,,,,6.904066051914503,10.1016_j.ceramint.2013.12.026_part_1.txt_¶Î1_Material1
[*]C(NC1=C(C)C(NC(OCCO[*])=O)=CC=C1)=O,[*]CC(C)(C(OCCO)=O)[*],OCC1OC(C(C(C1[*])O)O)OC2C(C(C(OC2CO)O[*])O)O,,,5.041392685158225,10.1016_j.mtcomm.2021.102421_part_2.txt_¶Î1_Material1
O=C([*])C(C)O[*],O=C(O[*])CCCCCCCCCCN[*],OC(C(C)(CC(C1=CC=CC=C1)[*])CC(C[*])(C(OCC2CO2)=O)C)=O,,,6.477121254719663,10.3390_ma12030485_part_3.txt_¶Î1_Material1
[*]C(C)C[*],[*]C1C(OC(C(C1O)O)OC2C(OC(C(C2O)O)O[*])CO)CO,OCC(O)CO,,,5.301029995663981,10.1007_s00289-011-0611-z_part_1.txt_¶Î1_Material1
[*]CCCC([*])OC(C)=O,[*]C/C=C/CCC([*])C#N,,,,5.041392685158225,10.1016_j.polymer.2020.122212_part_1.txt_¶Î1_Material1
O=C([*])C(C)O[*],[*]O[C@H](C)CC([*])=O,O=[Mg].O=[Si]=O.O=[Si]=O.O=[Si]=O.O=[Si]=O.O=[Mg].O=[Mg].O,,,6.812913356642856,10.1080_25740881.2019.1625396_part_2.txt_¶Î1_Material2
[*]CC[*],[*]CC(C(CCC)=O)([*])C,,,,5.756636108245848,10.1016_j.clay.2017.06.035_part_2.txt_¶Î1_Material1
O=C(C1=CC=C(C=C1)C(OCC[*])=O)O[*],[Al],,,,7,10.4028_www.scientific.net_amr.602-604.1488_part_1.txt_¶Î1_Material1
C[Si](C)(C[*])O[*],[*]C([H])([H])C(O)([H])[*],[Au],[*]C([H])([H])C(O)([H])[*],,3.1760912590556813,10.1080_1539445x.2020.1799227_part_1.txt_¶Î1_Material1
O=C([*])C(C)O[*],[*]C([H])([H])C(O)([H])[*],OCC1OC(C(C(C1[*])O)O)OC2C(C(C(OC2CO)O[*])O)O,,,6.374198257929082,10.1016_j.polymer.2014.06.071_part_2.txt_¶Î1_Material2
[*]C(C(OC(CO[*])=O)C)=O,[*]NC(C)C(N1CCCC1C([*])=O)=O,O=P([O-])([O-])[O-].[Ca+2].[Ca+2].[OH-],,,4.778151250383644,10.1080_09205063.2016.1184121_part_2.txt_¶Î1_Material3
[*]C/C=C/CCC([*])C#N,O=C(C1=CC=C(C=C1)C(OCC[*])=O)O[*],,,,5.816506437046357,10.1016_j.apsusc.2015.10.137_part_3.txt_¶Î1_Material3
O=C(C(C[*])[*])N,[*]CC(C#N)[*],,,,1.380211241711606,10.1021_acsami.9b05464_part_1.txt_¶Î1_Material1
O=C([*])CCCCCN[*],NC1=NC2=C(N=CN2C2O[C@H](COP(=O)(O)OP(=O)(O)O)[C@H](O)[C@@H]2O)C(=O)N1,,,,6.645324001562293,10.1177_0731684416665176_part_1.txt_¶Î1_Material1
[*]N1C(C2=CC3=C(C=C2C1=O)C(N(C3=O)C4=CC=C(C=C4)OC5=CC=C(C=C5)[*])=O)=O,[O-][Si]([O-])([O-])O[Si]([O-])([O-])[O-].[Ca+2],,,,7.301029995663981,10.1002_app.31914_part_3.txt_¶Î1_Material1
O=C(CCCCCCCCCCC(NCCCCCCCCCCCCN[*])=O)[*],,,,,5.717920025836993,10.1002_app.41424_part_2.txt_¶Î1_Material1
[*]C(CCCCCO[*])=O,[*]CC(COC1=CC=C(C=C1)C(C)(C)C2=CC=C(C=C2)O[*])O,,,,5.541579243946581,10.1002_app.49886_part_3.txt_¶Î1_Material1
O=C([*])OC1=CC=C(C=C1)C(C)(C)C2=CC=C(C=C2)O[*],[*]CC(COC1=CC=C(C=C1)C(C)(C)C2=CC=C(C=C2)O[*])O,,,,6.301029995663981,10.1108_mmms-04-2017-0019_part_1.txt_¶Î1_Material1
O=C([*])OC1=CC=C(C=C1)C(C)(C)C2=CC=C(C=C2)O[*],[*]C(F)(C(F)([*])F)F,CC1=CC(O)=C(C=C1CCCC(C2=C(C=C(C(C(C)(C)C)=C2)O)C)C3=CC(C(C)(C)C)=C(C=C3C)O)C(C)(C)C,,,6.328787200354535,10.1016_j.polymdegradstab.2015.03.023_part_1.txt_¶Î1_Material1
[*]C(CCCCC(OCCCCO[*])=O)=O,O=[Si]=O,,,,4.963787827345556,10.1002_app.39206_part_1.txt_¶Î1_Material2
OCC1OC(C(C(C1[*])O)O)OC2C(C(C(OC2CO)O[*])O)O,[*]OC1C(C(O)=O)OC(OC2C(NC(C)=O)C([*])OC(CO)C2O)C(O)C1O,[*]OC1C(C(O)=O)OC(OC2C(NC(C)=O)C([*])OC(CO)C2O)C(O)C1O,,,3.838849090737255,10.1007_s10570-018-02240-9_part_3.txt_¶Î1_Material2
C/C(C[*])=C/C[*],C12=CC3=CC4=CC=CN=C4N=C3N=C1N=C5N=C6N=CC=CC6=CC5=C2,O=C(O[Na])COCC(OC(C(C1O)O)[*])C1OC(C(C(C2O[*])O)O)OC2COCC(O[Na])=O,,,5.301029995663981,10.1007_s10570-021-04082-4_part_2.txt_¶Î1_Material1
[*]CC(CC=CCC([*])C1=CC=CC=C1)C#N,[*]CC(CCCC(CC)CC([*])C1=CC=CC=C1)C2=CC=CC=C2,,,,6.171480722621874,10.1080_17452759.2016.1175045_part_2.txt_¶Î1_Material1
O=C([*])C(C)O[*],[*]C/C=C/CCC([*])C#N,[*]C/C=C/CCC([*])C#N,,,6.396199347095736,10.4028_www.scientific.net_amr.486.406_part_1.txt_¶Î1_Material3
[*]CC[*],[*]NCCCCCCCCCCCC([*])=O,,,,5.342422680822207,10.1016_j.polymertesting.2016.12.020_part_3.txt_¶Î1_Material2
[*]OCC[*],C[Si](C)(C[*])O[*],O=C=NC(C=C1)=CC=C1CC2=CC=C(C=C2)N=C=O,CC(C(=O)O)(CO)CO,,3.041392685158225,10.1002_pat.3084_part_2.txt_¶Î1_Material2
[*]C(NC1=C(C)C(NC(OCCO[*])=O)=CC=C1)=O,[*]OCC[*],OC1=C2C(C3(O)C4C5C6=C7C8C(C9=CC(C(O)=O)=C(C=C(C=C%10C(O)=O)C%11%12)C(C%11=C%13C%14C%15%16C%17(O%16)C%18C%19=C%20C%21=C%22C(C(O)=C%23)=C%24C%25C%21=C%26C%19=C%27C%17=C%28C%14(O)C%12=C%10C=C%28CC%27=CC%26=CC%25=C(C(O)=O)C=C%24)C9=C7C%13(O)C5=C%15C3=C%18C%29%30C%20(O%30)C%31C%22C%23=C%32)=CC(C(O)=O)=CC8=CC6=C(C(O)=O)C4=C2)=C%29C%33=C%31C%32=C(C(O)=O)C=C%331,[*]OCC[*],,5.577031985626031,10.1016_j.tca.2017.10.016_part_2.txt_¶Î1_Material1
[*]CCCC(CCCCCC)[*],C[Si](C)(C[*])O[*],,,,3.770852011642144,10.1080_03602559.2016.1227841_part_9.txt_¶Î1_Material1
[*]C([H])([H])C(O)([H])[*],O=P([O-])([O-])[O-].[Ca+2].[Ca+2].[OH-],C[Si](C)(C[*])O[*],,,3.5185139398778875,10.1016_j.compscitech.2018.01.020_part_4.txt_¶Î1_Material1
[*]CC(C#N)[*],OC1=C2C(C3(O)C4C5C6=C7C8C(C9=CC(C(O)=O)=C(C=C(C=C%10C(O)=O)C%11%12)C(C%11=C%13C%14C%15%16C%17(O%16)C%18C%19=C%20C%21=C%22C(C(O)=C%23)=C%24C%25C%21=C%26C%19=C%27C%17=C%28C%14(O)C%12=C%10C=C%28CC%27=CC%26=CC%25=C(C(O)=O)C=C%24)C9=C7C%13(O)C5=C%15C3=C%18C%29%30C%20(O%30)C%31C%22C%23=C%32)=CC(C(O)=O)=CC8=CC6=C(C(O)=O)C4=C2)=C%29C%33=C%31C%32=C(C(O)=O)C=C%331,[*]CC([*])N1CCCC1=O,,,6.755874855672492,10.1016_j.compositesb.2015.06.009_part_2.txt_¶Î1_Material1
O=C(C1=CC=C(C=C1)C(OCC[*])=O)O[*],O=C(OC1=CC=C(C(CC(C)(C)C)(C)C)C=C1)C1=CC=CC=C1O,,,,6.122543524068754,10.1016_j.matdes.2014.09.080_part_2.txt_¶Î1_Material1
[*]OCC[*],[*]CC(C#N)[*],C12=C3C(C=CC4C3=C5C(CC6=CC7=C8C9=C(C(C=C%10)=CC=C9C=C7)C%11=C%10C%12)=CC4)=CC=C1C=C%12C%13=C%11C8=C6C5=C2%13,,,4.713322504987028,10.1002_vnl.21576_part_2.txt_¶Î1_Material2
OCC1OC(C(C(C1[*])O)O)OC2C(C(C(OC2CO)O[*])O)O,[*]C(N(CN(C(OCOC(N(CN(C(OCCO[*])=O)[H])[H])=O)=O)[H])[H])=O,,,,6,10.1088_2058-8585_aae5d9_part_4.txt_¶Î1_Material1
O=C([*])CCCCCN[*],O=[Si]=O,O=[Al]O[Al]=O.O=[Si]=O.O=[Si]=O.O=[Si]=O,,,6.989449817666692,10.1016_j.matdes.2014.08.005_part_1.txt_¶Î1_Material1
O=C([*])CCCCCN[*],O=[Si]=O,O=[Si]=O,,,6.924279286061882,10.1016_j.matdes.2014.08.005_part_1.txt_¶Î1_Material2
[*]C1=C(C=CN2)C2=C([*])C(O)=C1O,[Ca+2],,,,6.301029995663981,10.1002_admi.201700041_part_1.txt_¶Î1_Material1
OCC1OC(C(C(C1[*])O)O)OC2C(C(C(OC2CO)O[*])O)O,O=S(O)(O)=O,,,,5.778151250383644,10.1007_s10570-020-03663-z_part_2.txt_¶Î1_Material1
[*]C(C1=CC=C(C(OCCCCO[*])=O)C=C1)=O,[H][Si]([H])([H])[H],,,,6.477121254719663,10.1002_pc.24143_part_1.txt_¶Î1_Material1
O=C=NC1=CC=C(N=C=O)C=C1,[*]CC(C(OCC)=O)[*],,,,5.267171728403014,10.1016_j.polymer.2010.04.069_part_1.txt_¶Î1_Material4
[*]C([C@H](C)OC([C@H](C)O[*])=O)=O,[*]NC(C(O)=O)CCC([*])=O,,,,7.0178677189635055,10.1016_j.actbio.2016.12.038_part_3.txt_¶Î1_Material1
[*]C1C(OC(C(C1O)O)OC2C(OC(C(C2O)O)O[*])CO)CO,[*]C(C)C[*],[*]C([H])([H])C(O)([H])[*],,,6.176091259055681,10.1680_jemmr.18.00028_part_3.txt_¶Î1_Material1
[*]CC(O[*])CN=[N+]=[N-],C(C1=CC=C(N)C=C1)C1=CC=C(N)C=C1,,,,6.7160033436348,10.1016_j.compositesa.2009.10.015_part_1.txt_¶Î1_Material3
OCC(C(C(C1N)O)O[*])OC1OC2C(OC(C(C2O)N)[*])CO,[*]CCC1C([*])C2CCC1C2,,,,6.012837224705172,10.1007_s10965-021-02685-w_part_2.txt_¶Î1_Material8
OCC(C(C(C1N)O)O[*])OC1OC2C(OC(C(C2O)N)[*])CO,[*]C(CCCCCO[*])=O,,,,6.033423755486949,10.1007_s10965-021-02685-w_part_2.txt_¶Î1_Material7
O=C([*])C(C)O[*],[*]C/C=C/CCC([*])C#N,,,,6.3979400086720375,10.4028_www.scientific.net_amm.835.284_part_1.txt_¶Î1_Material1
C[Si](C)(C[*])O[*],[C],,,,3.214843848047698,10.1088_2053-1591_ab3b7e_part_1.txt_¶Î1_Material1
[*]NC1=CC=C([*])C=C1,[Au],,,,6.57978359661681,10.1016_j.progpolymsci.2021.101361_part_6.txt_¶Î1_Material2
[*]C1C(C(C(OC1C(O[Na])=O)OC2C(C(O[Na])=O)OC(O[*])C(O)C2O)O)O,O=C(CC(/C=C/C1=CC=C(C(OC)=C1)O)=O)/C=C/C2=CC=C(O)C(OC)=C2,Cl[Ca]Cl,,,6.705607163404605,10.1016_j.ijbiomac.2020.07.084_part_6.txt_¶Î1_Material3
O=C([*])C(C)O[*],[*]C1=C(C(C[*])=CC=C1)O,O=[Ti]=O,,,6.544068044350276,10.3390_ma9050393_part_3.txt_¶Î1_Material1
C[Si](C)(C[*])O[*],[*]C/C=C(C[*])\Cl,,,,3.2430380486862944,10.1088_1361-665x_aa7a49_part_2.txt_¶Î1_Material1
O=C([*])C(C)O[*],[*]CCC(CCCCCC)C[*],C=C(C(OCC1CO1)=O)C,,,6.225309281725863,10.1515_polyeng.2011.091_part_2.txt_¶Î1_Material1
[*]OCC[*],[*]C([C@H](C)OC([C@H](C)O[*])=O)=O,,,,6.496791315700042,10.1515_pac-2016-0919_part_2.txt_¶Î1_Material1
C(C)(C1=CC=C(OCC2CO2)C=C1)(C)C1=CC=C(OCC2CO2)C=C1,O=C(C1=CC=C(C=C1)C(OCC[*])=O)O[*],,,,6.705863712283919,10.1007_s10118-018-2114-y_part_1.txt_¶Î1_Material1
O=C=NC(C=C1)=CC=C1CC2=CC=C(C=C2)N=C=O,[*]CC(C(OCC)=O)[*],,,,4.934498451243568,10.1016_j.polymer.2010.04.069_part_1.txt_¶Î1_Material2
O=C([*])C(C)O[*],COC(C(C[*])([*])C)=O,,,,6.157728683711451,10.1080_25740881.2021.1876878_part_2.txt_¶Î1_Material1
OCCCCO,[*]C(CCCCCO[*])=O,,,,5.1702617153949575,10.1016_j.polymer.2016.12.033_part_1.txt_¶Î1_Material1
[*]C(CCCCCO[*])=O,[*]OC1C(C(O)=O)OC(OC2C(NC(C)=O)C([*])OC(CO)C2O)C(O)C1O,[*]NC(C(N1CCCC1C(NCC(N2CC(CC2C(NC(C(NCC([*])=O)=O)CO)=O)O)=O)=O)=O)CCCCN,,,4.953663063747091,10.1007_s12221-020-1147-3_part_1.txt_¶Î1_Material4
[*]C([H])([H])C(O)([H])[*],O=C(C(C[*])[*])N,,,,2.350092885458106,10.1002_app.50226_part_1.txt_¶Î1_Material1
[*]C/C=C/CCC([*])C#N,O=C(C1=CC=C(C=C1)C(OCC[*])=O)O[*],O=C=NC(C=C1)=CC=C1CC2=CC=C(C=C2)N=C=O,,,5.894426837964188,10.1016_j.apsusc.2015.10.137_part_3.txt_¶Î1_Material1
O=C([*])OC1=CC=C(C=C1)C(C)(C)C2=CC=C(C=C2)O[*],[*]CC(C1=CC=CC=C1)[*],,,,6.301029995663981,10.1177_8756087917691088_part_3.txt_¶Î1_Material2
O=C([*])C(C)O[*],C12=CC3=CC4=CC=CN=C4N=C3N=C1N=C5N=C6N=CC=CC6=CC5=C2,OC1=C2C(C3(O)C4C5C6=C7C8C(C9=CC(C(O)=O)=C(C=C(C=C%10C(O)=O)C%11%12)C(C%11=C%13C%14C%15%16C%17(O%16)C%18C%19=C%20C%21=C%22C(C(O)=C%23)=C%24C%25C%21=C%26C%19=C%27C%17=C%28C%14(O)C%12=C%10C=C%28CC%27=CC%26=CC%25=C(C(O)=O)C=C%24)C9=C7C%13(O)C5=C%15C3=C%18C%29%30C%20(O%30)C%31C%22C%23=C%32)=CC(C(O)=O)=CC8=CC6=C(C(O)=O)C4=C2)=C%29C%33=C%31C%32=C(C(O)=O)C=C%331,,,5.634870073554762,10.1016_j.matlet.2021.130173_part_1.txt_¶Î1_Material1
O=C([*])C(C)O[*],OP(O)(O)=O,O=C([O-])[O-].[Ca+2],,,6.544068044350276,10.1016_j.jiec.2015.07.021_part_1.txt_¶Î1_Material3
[*]C([C@H](C)OC([C@H](C)O[*])=O)=O,[*]C1C(C(C(OC1C(O[Na])=O)OC2C(C(O[Na])=O)OC(O[*])C(O)C2O)O)O,,,,6.535863520712453,10.14233_ajchem.2013.15392_part_1.txt_¶Î1_Material1
[*]CC(OC(O[*])=O)C,OCC(C(C(C1N)O)O[*])OC1OC2C(OC(C(C2O)N)[*])CO,,,,6.006037954997317,10.1016_j.carbpol.2010.11.045_part_1.txt_¶Î1_Material1
[*]CCC(CCCCCC)C[*],O=C(O)C([*])C[*],,,,6.2812606870550125,10.1016_j.eurpolymj.2009.09.007_part_2.txt_¶Î1_Material1
[*]C(CCCCCO[*])=O,C12=C3C(C=CC4C3=C5C(CC6=CC7=C8C9=C(C(C=C%10)=CC=C9C=C7)C%11=C%10C%12)=CC4)=CC=C1C=C%12C%13=C%11C8=C6C5=C2%13,,,,3.7481880270062,10.4028_www.scientific.net_msf.773-774.496_part_1.txt_¶Î1_Material1
[*]CC(C(OCC)=O)[*],,,,,5.301029995663981,10.1177_0954008317737822_part_2.txt_¶Î1_Material1
[*]C([C@H](C)OC([C@H](C)O[*])=O)=O,[*]NC(C(O)=O)CCC([*])=O,[*]C(CCCCCO[*])=O,,,6.079181246047625,10.1039_d0gc01394c_part_7.txt_¶Î1_Material2
[*]C/C=C/CCC([*])C#N,O=C=O,C=CCOC(C1=CC=CC=C1C(OCC=C)=O)=O,,,3.322219294733919,10.3144_expresspolymlett.2020.71_part_2.txt_¶Î1_Material1
[*]NCC(NC(C(ONCC(NC(C(NCC(NC(C([*])=O)C)=O)=O)C)=O)=O)CO)=O,[*]C(N(CN(C(OCOC(N(CN(C(OCCO[*])=O)[H])[H])=O)=O)[H])[H])=O,,,,4.301029995663981,10.1007_s00595-017-1615-6_part_1.txt_¶Î1_Material1
[*]CCCC(CCCCCC)[*],[*]CC(CC=CCC([*])C1=CC=CC=C1)C#N,O=C([*])CCCCCN[*],,,6.281941933440825,10.1080_00405000.2020.1808385_part_2.txt_¶Î1_Material1
[*]C([H])([H])C(O)([H])[*],OCC(C(C(C1N)O)O[*])OC1OC2C(OC(C(C2O)N)[*])CO,O=C([O-])[O-].[Ca+2],,,5.960232873128512,10.1016_j.compscitech.2014.11.003_part_3.txt_¶Î1_Material1
OCC(C(C(C1N)O)O[*])OC1OC2C(OC(C(C2O)N)[*])CO,[*]OCC[*],[*]OCC[*],,,5.294466226161593,10.1007_s10570-014-0231-5_part_3.txt_¶Î1_Material1
C=C([CH3])C(=O)O[CH3],O=C(C1=CC=C(C=C1)C(OCC[*])=O)O[*],[Mg],,,6.2552725051033065,10.1590_0104-1428.1924_part_1.txt_¶Î1_Material2
C=C,[*]CC([*])CC,,,,6,10.1155_2014_654260_part_1.txt_¶Î1_Material1
[*]C/C=C/CCC([*])C#N,[Ni],C=CCOC(C1=CC=CC=C1C(OCC=C)=O)=O,,,3.204119982655925,10.3144_expresspolymlett.2020.71_part_2.txt_¶Î1_Material2
[*]CC[*],[*]C(C)C[*],[*]C(C)C[*],,,5.332438459915605,10.1007_s10853-011-5616-3_part_2.txt_¶Î1_Material1
[*]C/C=C/CCC([*])C#N,C=CCOC(C1=CC=CC=C1C(OCC=C)=O)=O,,,,2.903089986991944,10.3144_expresspolymlett.2020.71_part_2.txt_¶Î1_Material3
O=C([*])C(C)O[*],O=C1OCCO1,,,,6.278753600952829,10.1016_j.polymdegradstab.2019.02.028_part_4.txt_¶Î1_Material1
[*]CCCC(C1C([*])C2CC1C/C2=C/C)C,O=[Si]=O.O=[Al]O[Al]=O.O=[Si]=O.O=[Si]=O.O=[Si]=O.O,,,,3,10.1080_03602559.2011.584244_part_1.txt_¶Î1_Material1
[*]NCCCCCCCCCCCC([*])=O,NC1=NC2=C(N=CN2C2O[C@H](COP(=O)(O)OP(=O)(O)O)[C@H](O)[C@@H]2O)C(=O)N1,,,,6.505149978319906,10.1016_j.carbon.2013.07.043_part_1.txt_¶Î1_Material1
[*]C(C)C[*],[*]CC(C1=CC=CC=C1)[*],[*]CC(C1=CC=CC=C1)C/C=C/C[*],,,6,10.1002_app.33096_part_1.txt_¶Î1_Material2
[*]C(C)C[*],O=C(C1=CC=C(C=C1)C(OCC[*])=O)O[*],C=C([CH3])C(=O)OC([CH3])[CH3],,,5.7160033436348,10.1177_0892705713484748_part_3.txt_¶Î1_Material2
O=C([*])C(C)O[*],OP(O)(O)=O,[*]OCC[*],,,6.3979400086720375,10.1002_app.43044_part_2.txt_¶Î1_Material1
OP(O)(O)=O,O=C([*])C(C)O[*],[*]C(CCCCCO[*])=O,,,5.494154594018442,10.3389_fmats.2022.975438_OA_part_2.txt_¶Î1_Material2
[*]NC(C(N1CCCC1C(NCC(N2CC(CC2C(NC(C(NCC([*])=O)=O)CO)=O)O)=O)=O)=O)CCCCN,[Zn]=O,,,,6.544068044350276,10.1016_j.foodchem.2021.129492_part_2.txt_¶Î1_Material1
[*]C([C@H](C)OC([C@H](C)O[*])=O)=O,[*]C(C(O[*])C)=O,,,,6.419129307741976,10.1007_s00289-015-1595-x_part_3.txt_¶Î1_Material1
O=C([*])OC1=CC=C(C=C1)C(C)(C)C2=CC=C(C=C2)O[*],[*]CC(CC(C#N)[*])C1=CC=CC=C1,,,,6.073351702386901,10.1002_app.49762_part_2.txt_¶Î1_Material3
[*]CC[*],[*]C1C(OC(C(C1O)O)OC2C(OC(C(C2O)O)O[*])CO)CO,OCC1OC(C(C(C1[*])O)O)OC2C(C(C(OC2CO)O[*])O)O,,,6.176091259055681,10.1016_j.indcrop.2018.02.017_part_2.txt_¶Î1_Material1
[*]CC[*],[*]C([H])([H])C(O)([H])[*],C(CC=O)CC=O,,,6,10.1016_j.jmst.2018.04.003_part_1.txt_¶Î1_Material1
[*]CCC1C([*])C2CCC1C2,[C],,,,6.079181246047625,10.1016_j.compositesb.2014.05.010_part_2.txt_¶Î1_Material1
[*]OCCOC(CC(C([*])=O)C(C1CCCCC1)CC(CC(O)=O)C(OCCO)=O)=O,C=CC1=CC=CC=C1,,,,6.380211241711606,10.1515_hf-2018-0160_part_1.txt_¶Î1_Material2
O=C([*])C(C)O[*],[*]C(N(CN(C(OCOC(N(CN(C(OCCO[*])=O)[H])[H])=O)=O)[H])[H])=O,O=[Si]=O,,,6.544068044350276,10.1177_0892705718772867_part_1.txt_¶Î1_Material4
[*]C(CCCCCO[*])=O,OCC(C(C(C1N)O)O[*])OC1OC2C(OC(C(C2O)N)[*])CO,[*]C1=CC=C([*])N1,,,5.189209489582306,10.1016_j.compositesa.2010.06.014_part_2.txt_¶Î1_Material4
[*]O[C@H](C)CC([*])=O,[Zn]=O,,,,6.079181246047625,10.3390_ijms150610950_part_3.txt_¶Î1_Material1
O=C([*])C(C)O[*],[*]/C=C\CC/C=C\CC(CC([*])C1=CC=CC=C1)C2=CC=CC=C2,,,,6.209515014542631,10.1021_acssuschemeng.0c09413_part_2.txt_¶Î1_Material1
[*]CC(COC1=CC=C(C=C1)C(C)(C)C2=CC=C(C=C2)O[*])O,O=[Mg].O=[Si]=O.O=[Si]=O.O=[Si]=O.O=[Si]=O.O=[Mg].O=[Mg].O,,,,6.555094448578319,10.1002_pc.24513_part_1.txt_¶Î1_Material1
O=C(C1=CC=C(C=C1)C(OCC[*])=O)O[*],[*]C(C)C[*],NC1=NC2=C(N=CN2C2O[C@H](COP(=O)(O)OP(=O)(O)O)[C@H](O)[C@@H]2O)C(=O)N1,,,6.146128035678238,10.1002_app.40582_part_2.txt_¶Î1_Material1
[*]C(C)C[*],[*]OCCCOC(C1=CC=C(C([*])=O)C=C1)=O,[*]C(C)C[*],,,6,10.1080_00222348.2018.1558576_part_2.txt_¶Î1_Material1
[*]C([H])([H])C(O)([H])[*],[*]C(C)C[*],,,,6.3979400086720375,10.1016_j.polymertesting.2020.106539_part_2.txt_¶Î1_Material1
[*]OC(CC(OC(CC([*])=O)CC)=O)C,O=P([O-])([O-])[O-].[Ca+2].[Ca+2].[OH-],[*]NCC(NC(C(ONCC(NC(C(NCC(NC(C([*])=O)C)=O)=O)C)=O)=O)CO)=O,,,6.176091259055681,10.1177_0885328215626047_part_2.txt_¶Î1_Material1
OCC1OC(C(C(C1[*])O)O)OC2C(C(C(OC2CO)O[*])O)O,[Cu]=O,[Cu]=O,,,6.556302500767287,10.1002_adma.202000682_part_4.txt_¶Î1_Material2
O=C([*])C(C)O[*],[*]C(CCCCCO[*])=O,O=[Al]O[Al]=O.O=[Si]=O.O=[Si]=O.O=[Si]=O,,,6.540329474790874,10.1002_app.43815_part_2.txt_¶Î1_Material1
O=C([*])CCCCCN[*],OC1=C2C(C3(O)C4C5C6=C7C8C(C9=CC(C(O)=O)=C(C=C(C=C%10C(O)=O)C%11%12)C(C%11=C%13C%14C%15%16C%17(O%16)C%18C%19=C%20C%21=C%22C(C(O)=C%23)=C%24C%25C%21=C%26C%19=C%27C%17=C%28C%14(O)C%12=C%10C=C%28CC%27=CC%26=CC%25=C(C(O)=O)C=C%24)C9=C7C%13(O)C5=C%15C3=C%18C%29%30C%20(O%30)C%31C%22C%23=C%32)=CC(C(O)=O)=CC8=CC6=C(C(O)=O)C4=C2)=C%29C%33=C%31C%32=C(C(O)=O)C=C%331,,,,6.068185861746161,10.1016_j.matchemphys.2021.124579_part_1.txt_¶Î1_Material1
[*]C(CCCCCO[*])=O,[*]NC(C(O)=O)CCC([*])=O,O=[Ti]=O,,,6,10.1039_d0gc01394c_part_7.txt_¶Î1_Material1
[*]C(C)C[*],[*]C([C@H](C)OC([C@H](C)O[*])=O)=O,NC1=CC=C(C=C1)/C2=C3C=C/C(N\3)=C(C4=N/C(C=C4)=C(C5=CC=C(N5)/C(C6=CC=CC=C6)=C7N=C2C=C\7)/C8=CC=CC=C8)\C9=CC=CC=C9,,,6.033423755486949,10.1515_polyeng-2014-0179_part_1.txt_¶Î1_Material1
[*]CC[*],[*]CC(C#N)[*],,,,5.051923916046107,10.1002_app.32971_part_1.txt_¶Î1_Material1
[*]C(C(O[*])C)=O,,,,,6.431363764158987,10.3390_ma12203435_part_2.txt_¶Î1_Material8
O=C([*])C(C)O[*],[*]C(CCCCCO[*])=O,O=C=O,,,6.301029995663981,10.1016_j.eurpolymj.2016.12.013_part_3.txt_¶Î1_Material1
O=C([*])C(C)O[*],OCC(C(C(C1N)O)O[*])OC1OC2C(OC(C(C2O)N)[*])CO,O=[Ti]=O,,,6.544068044350276,10.1016_j.jfoodeng.2013.05.026_part_4.txt_¶Î1_Material1
O=C(O)C([*])C[*],[*]C1C(O)C(O)C(OC2C(O)C(O)C(O[*])OC2COC(C)=O)OC1COC(C)=O,,,,5.14921911265538,10.1002_app.40366_part_2.txt_¶Î1_Material1
[*]C(NC1=C(C)C(NC(OCCO[*])=O)=CC=C1)=O,[*]C1C(C(C(OC1C(O[Na])=O)OC2C(C(O[Na])=O)OC(O[*])C(O)C2O)O)O,Cl[Ca]Cl,,,5.08170727009735,10.1016_j.carbpol.2018.12.090_part_2.txt_¶Î1_Material1
[*]CC[*],CC1=CC(O)=C(C=C1CCCC(C2=C(C=C(C(C(C)(C)C)=C2)O)C)C3=CC(C(C)(C)C)=C(C=C3C)O)C(C)(C)C,,,,5.813580988568192,10.1088_1757-899x_40_1_012047_part_2.txt_¶Î1_Material2
O=C([*])C(C)O[*],OP(O)(O)=O,[*]C(CCCCC(OCCCCO[*])=O)=O,,,6.32221929473392,10.1016_j.polymdegradstab.2019.109066_part_2.txt_¶Î1_Material1
[*]OCCOC(CC(C([*])=O)C(C1CCCCC1)CC(CC(O)=O)C(OCCO)=O)=O,[*]C1C(C(C(OC1C(O[Na])=O)OC2C(C(O[Na])=O)OC(O[*])C(O)C2O)O)O,,,,6.381988208789045,10.1088_1742-6596_908_1_012002_part_2.txt_¶Î1_Material1
OCC(C(C(C1N)O)O[*])OC1OC2C(OC(C(C2O)N)[*])CO,CC(=O)O,CCO,,,6.628388930050312,10.1007_s10692-011-9286-3_part_1.txt_¶Î1_Material2
[*]C(N(CN(C(OCOC(N(CN(C(OCCO[*])=O)[H])[H])=O)=O)[H])[H])=O,[*]C(CCCCCO[*])=O,,,,4.495544337546448,10.1177_0095244314568691_part_3.txt_¶Î1_Material3
FC(F)([*])C([H])([*])[H],[Mg],OC1=C2C(C3(O)C4C5C6=C7C8C(C9=CC(C(O)=O)=C(C=C(C=C%10C(O)=O)C%11%12)C(C%11=C%13C%14C%15%16C%17(O%16)C%18C%19=C%20C%21=C%22C(C(O)=C%23)=C%24C%25C%21=C%26C%19=C%27C%17=C%28C%14(O)C%12=C%10C=C%28CC%27=CC%26=CC%25=C(C(O)=O)C=C%24)C9=C7C%13(O)C5=C%15C3=C%18C%29%30C%20(O%30)C%31C%22C%23=C%32)=CC(C(O)=O)=CC8=CC6=C(C(O)=O)C4=C2)=C%29C%33=C%31C%32=C(C(O)=O)C=C%331,,,6.250175948083925,10.1007_s10853-018-3075-9_part_3.txt_¶Î1_Material2
FC(F)([*])C([H])([*])[H],OP(O)(O)=O,O=[Al]O[Al]=O.O=[Si]=O.O=[Si]=O.O=[Si]=O,,,6.3979400086720375,10.1016_j.polymdegradstab.2019.109058_part_1.txt_¶Î1_Material1
[*]C(CCCCCO[*])=O,COC1=CC(/C=C/C=O)=CC(OC2=CC(C(C(OC3=CC=C(C=C3OC)C(C(CO)=O)O)CO)O)=CC=C2OC4=CC(C(C(COC5=CC=C(C=C5)C(C(CO)=O)O)=O)O)=CC=C4O)=C1,O=P([O-])([O-])[O-].[Ca+2].[Ca+2].[OH-],,,4.7447622370655775,10.1021_acs.biomac.9b00451_part_4.txt_¶Î1_Material3
[*]C(C)C[*],[*]C(CCCCC(OCCCCO[*])=O)=O,,,,5.599883072073688,10.1016_j.polymer.2020.122758_part_5.txt_¶Î1_Material4
O=C([*])CCCCCN[*],O=[Ti]=O,[*]CC(CC=CCC([*])C1=CC=CC=C1)C#N,,,6.214843848047698,10.3390_ma12233955_part_2.txt_¶Î1_Material1
[*]C(C)C[*],O=C([*])CCCCCN[*],O=[Si]=O,,,6.093421685162235,10.1088_1757-899x_342_1_012102_part_1.txt_¶Î1_Material4
C/C(C[*])=C/C[*],O=[Si]=O,,,,3.4955443375464483,10.1016_j.polymertesting.2019.106302_part_4.txt_¶Î1_Material1
[*]C(N(CN(C(OCOC(N(CN(C(OCCO[*])=O)[H])[H])=O)=O)[H])[H])=O,[*]C(C)C[*],O=[Mg].O=[Si]=O.O=[Si]=O.O=[Si]=O.O=[Si]=O.O=[Mg].O=[Mg].O,,,4.184123354239671,10.1177_0095244312458602_part_4.txt_¶Î1_Material1
[*]OC(CC(OC(CC([*])=O)CC)=O)C,[*]C(CCCCC(OCCCCO[*])=O)=O,O=C([*])C(C)O[*],,,6.531478917042255,10.1002_app.46153_part_1.txt_¶Î1_Material4
[*]NCCCCCCCCCCCC([*])=O,O=[Al]O[Al]=O.O=[Si]=O.O=[Si]=O.O=[Si]=O,,,,6.271841606536499,10.1108_13552541111098608_part_2.txt_¶Î1_Material2
[*]C(CCCCCO[*])=O,[*]NC(C)C(N1CCCC1C([*])=O)=O,[O-][Si]([O-])([O-])O[Si]([O-])([O-])[O-].[Ca+2],,,4.361727836017593,10.1007_s10934-015-9998-5_part_2.txt_¶Î1_Material1
[*]NCCCCCCCCCCCC([*])=O,[*]C([H])([H])C(O)([H])[*],NC1=NC2=C(N=CN2C2O[C@H](COP(=O)(O)OP(=O)(O)O)[C@H](O)[C@@H]2O)C(=O)N1,,,6.20682587603185,10.1016_j.addma.2020.101363_part_2.txt_¶Î1_Material1
OP(O)(O)=O,OCC(C(C(C1N)O)O[*])OC1OC2C(OC(C(C2O)N)[*])CO,O=[Si]=O,,,6.233757362965511,10.1002_masy.201400080_part_2.txt_¶Î1_Material2
[*]NCC(NC(C(ONCC(NC(C(NCC(NC(C([*])=O)C)=O)=O)C)=O)=O)CO)=O,O=C(C1=CC=C(C=C1)C([*])=O)NC2=CC=C(C=C2)N[*],,,,6.795880017344075,10.1021_acsnano.7b03119_part_1.txt_¶Î1_Material1
O=S(C(C=C1)=CC=C1OC(C=C2)=CC=C2C(C)(C)C(C=C3)=CC=C3O[*])(C4=CC=C([*])C=C4)=O,[*]CC([*])N1CCCC1=O,[Ag+],,,4.657820456015697,10.1007_s00289-019-02735-w_part_3.txt_¶Î1_Material1
[*]NC(C(N1CCCC1C(NCC(N2CC(CC2C(NC(C(NCC([*])=O)=O)CO)=O)O)=O)=O)=O)CCCCN,OC(CO)CO,[*]C([H])([H])C(O)([H])[*],,,3.7234556720351857,10.3390_polym13040592_part_2.txt_¶Î1_Material4
[*]N1C(C2=CC3=C(C=C2C1=O)C(N(C3=O)C4=CC=C(C=C4)OC5=CC=C(C=C5)[*])=O)=O,OC1=C2C(C3(O)C4C5C6=C7C8C(C9=CC(C(O)=O)=C(C=C(C=C%10C(O)=O)C%11%12)C(C%11=C%13C%14C%15%16C%17(O%16)C%18C%19=C%20C%21=C%22C(C(O)=C%23)=C%24C%25C%21=C%26C%19=C%27C%17=C%28C%14(O)C%12=C%10C=C%28CC%27=CC%26=CC%25=C(C(O)=O)C=C%24)C9=C7C%13(O)C5=C%15C3=C%18C%29%30C%20(O%30)C%31C%22C%23=C%32)=CC(C(O)=O)=CC8=CC6=C(C(O)=O)C4=C2)=C%29C%33=C%31C%32=C(C(O)=O)C=C%331,O=[Fe]O[Fe]=O,,,6.294686624279443,10.1002_app.49222_part_1.txt_¶Î1_Material1
[*]C(NC1=C(C)C(NC(OCCO[*])=O)=CC=C1)=O,[*]NC(C(N1CCCC1C(NCC(N2CC(CC2C(NC(C(NCC([*])=O)=O)CO)=O)O)=O)=O)=O)CCCCN,,,,5.32221929473392,10.1016_j.foodhyd.2020.105837_part_1.txt_¶Î1_Material1
[*]NC(C1=CC=C2C(C(N(C2=O)C3=CC=C(C=C3)CC4=CC=C([*])C=C4)=O)=C1)=O,C12=CC3=CC4=CC=CN=C4N=C3N=C1N=C5N=C6N=CC=CC6=CC5=C2,OC1=C2C(C3(O)C4C5C6=C7C8C(C9=CC(C(O)=O)=C(C=C(C=C%10C(O)=O)C%11%12)C(C%11=C%13C%14C%15%16C%17(O%16)C%18C%19=C%20C%21=C%22C(C(O)=C%23)=C%24C%25C%21=C%26C%19=C%27C%17=C%28C%14(O)C%12=C%10C=C%28CC%27=CC%26=CC%25=C(C(O)=O)C=C%24)C9=C7C%13(O)C5=C%15C3=C%18C%29%30C%20(O%30)C%31C%22C%23=C%32)=CC(C(O)=O)=CC8=CC6=C(C(O)=O)C4=C2)=C%29C%33=C%31C%32=C(C(O)=O)C=C%331,,,6.079181246047625,10.1016_j.compositesb.2019.107495_part_4.txt_¶Î1_Material2
[*]C([C@H](C)OC([C@H](C)O[*])=O)=O,[*]O[C@@]([H])(C)C(O[C@](C)([H])C([*])=O)=O,[*]CCC(CCCCCC)C[*],,,6.062205808819713,10.1007_s12221-017-1175-9_part_2.txt_¶Î1_Material1
O=C([*])C(C)O[*],[*]CC[*],O=[Ti]=O,,,5.972202838379064,10.1002_pen.25124_part_3.txt_¶Î1_Material2
[*]C/C=C/C[*],C=C,,,,3.6989700043360174,10.1016_j.polymer.2021.123408_part_2.txt_¶Î1_Material2
O=C([*])CCCCC(NCCCCN[*])=O,O=[Fe]O[Fe]=O,,,,6.474216264076255,10.1016_j.wear.2012.11.035_part_1.txt_¶Î1_Material1
O=C(C(C[*])[*])N,OCC(C(C(C1N)O)O[*])OC1OC2C(OC(C(C2O)N)[*])CO,,,,1.390935107103379,10.1002_mame.201800322_part_1.txt_¶Î1_Material1
O=C([*])CCCCCN[*],[Ag+],,,,6.568201724066995,10.1177_1475921719869986_part_2.txt_¶Î1_Material1
[*]CC(OC(O[*])=O)C,O=[Al]O[Al]=O.O=[Si]=O.O=[Si]=O.O.O,,,,6.092720644684099,10.1002_pc.25809_part_3.txt_¶Î1_Material2
OP(O)(O)=O,[*]C1C(OC(C(C1O)O)OC2C(OC(C(C2O)O)O[*])CO)CO,,,,6.176091259055681,10.1002_app.39281_part_2.txt_¶Î1_Material3
[*]CCCC([*])OC(C)=O,[*]CC[*],,,,5.17897694729317,10.1016_j.polymertesting.2017.08.028_part_3.txt_¶Î1_Material1
[*]OC1C(O)C(O)C(OC2C(CO)OC([*])C(O)C2O)OC1CO,O=C(C1=CC=C(C=C1)C(OCC[*])=O)O[*],,,,7.176091259055681,10.1016_j.wasman.2019.07.040_part_1.txt_¶Î1_Material1
O=C([*])CCCCCCCCCCC(NCCCCCCCCCCN[*])=O,C=C([CH3])C(=O)OC([CH3])[CH3],,,,7.143014800254095,10.1016_j.polymertesting.2021.107133_part_3.txt_¶Î1_Material2
[*]CC([*])N1CCCC1=O,[*]OCC[*],O=C(OOC(=O)C1=CC=CC=C1)C1=CC=CC=C1,,,5.061113053917979,10.1007_s13233-018-6031-2_part_1.txt_¶Î1_Material3
OCC1OC(C(C(C1[*])O)O)OC2C(C(C(OC2CO)O[*])O)O,O=C(C1=CC=C(C=C1)C(OCC[*])=O)O[*],,,,6.954242509439325,10.1007_s10570-018-2044-4_part_2.txt_¶Î1_Material1
FC(F)([*])C([H])([*])[H],[*]CC(CC=CCC([*])C1=CC=CC=C1)C#N,,,,6.19228861256812,10.1016_j.polymer.2017.09.019_part_4.txt_¶Î1_Material3
O=C([*])CCCCCO[*],,,,,3.724275869600789,10.1007_s13233-011-0815-y_part_1.txt_¶Î1_Material1
[*]C1C(OC(C(O)C1O)OC2C(O)C(O)C(OC2C(O[Na])=O)O[*])C(O[Na])=O,[Zn]=O,,,,6.778151250383644,10.1007_s10570-017-1480-x_part_1.txt_¶Î1_Material1
[*]C/C=C/CCC(C/C=C\C[*])C=C,CC1(CC(CC(C)(C1)C)N=C=O)CN=C=O,[*]C1=C(C=CN2)C2=C([*])C(O)=C1O,,,5.477121254719663,10.1016_j.eurpolymj.2021.110751_part_2.txt_¶Î1_Material1
O=C(CCCCC(N(CCCCCCN([*])[H])[H])=O)[*],O=[Ti]=O,,,,6.172894697752176,10.1002_pat.4201_part_1.txt_¶Î1_Material1
[*]CC[*],C/C(C[*])=C/C[*],[*]C1C(OC(C(C1O)O)OC2C(OC(C(C2O)O)O[*])CO)CO,,,6,10.1002_vnl.20289_part_1.txt_¶Î1_Material1
O=C([*])CCCCCN[*],[*]CC(CC=CCC([*])C1=CC=CC=C1)C#N,O=[Al]O[Al]=O.O=[Si]=O.O=[Si]=O.O=[Si]=O,,,6.623249290397901,10.1002_pen.23152_part_2.txt_¶Î1_Material2
OCC(C(C(C1N)O)O[*])OC1OC2C(OC(C(C2O)N)[*])CO,OC[C@@H]([C@H]([C@@H]([C@@H](CO)O)O)O)O,,,,6.505149978319906,10.1016_j.carbpol.2016.06.022_part_3.txt_¶Î1_Material1
[*]C(CCCCCO[*])=O,[Ag],[*]NC(C(N1CCCC1C(NCC(N2CC(CC2C(NC(C(NCC([*])=O)=O)CO)=O)O)=O)=O)=O)CCCCN,,,4,10.1088_1758-5090_aaf707_part_6.txt_¶Î1_Material1
O=C([*])CCCCCN[*],[*]C(C)C[*],O=[Si]=O,,,6.264817823009537,10.1088_1757-899x_319_1_012045_part_1.txt_¶Î1_Material4
[*]C(NC1=C(C)C(NC(OCCO[*])=O)=CC=C1)=O,[*]OC1C(C(O)=O)OC(OC2C(NC(C)=O)C([*])OC(CO)C2O)C(O)C1O,,,,4.895201474778894,10.1080_25740881.2020.1757105_part_3.txt_¶Î1_Material2
[*]C(N(CN(C(OCOC(N(CN(C(OCCO[*])=O)[H])[H])=O)=O)[H])[H])=O,[*]CC(C#N)[*],,,,4.477121254719663,10.1007_s00289-019-02796-x_part_2.txt_¶Î1_Material1
[*]C(CCCCCO[*])=O,C1C=CC=CC=C1,O=C(C1=COC(C2C(CO)=CCC12)O)OC,,,4.698970004336019,10.1002_pi.4430_part_1.txt_¶Î1_Material2
[*]C(CCCCCO[*])=O,[*]OCC[*],[*]NC(C(N1CCCC1C(NCC(N2CC(CC2C(NC(C(NCC([*])=O)=O)CO)=O)O)=O)=O)=O)CCCCN,,,4.568201724066995,10.2147_ijn.s175619_part_1.txt_¶Î1_Material1
[*]C/C=C/CCC(C=C)CC([*])C1=CC=CC=C1,[Fe+3],,,,3.952308009662125,10.1021_acssuschemeng.1c02581_part_1.txt_¶Î1_Material1
O=C([*])C(C)O[*],COC1=CC(/C=C/C=O)=CC(OC2=CC(C(C(OC3=CC=C(C=C3OC)C(C(CO)=O)O)CO)O)=CC=C2OC4=CC(C(C(COC5=CC=C(C=C5)C(C(CO)=O)O)=O)O)=CC=C4O)=C1,,,,6.569373909615046,10.1002_slct.201600633_part_1.txt_¶Î1_Material1
OCC1OC(C(C(C1[*])O)O)OC2C(C(C(OC2CO)O[*])O)O,O=P([O-])([O-])[O-].[Ca+2].[Ca+2].[OH-],,,,7.176091259055681,10.1007_s10570-015-0802-0_part_4.txt_¶Î1_Material1
O=C([*])C(C)O[*],[*]C1C(OC(C(C1O)O)OC2C(OC(C(C2O)O)O[*])CO)CO,[*]C(CCCCCO[*])=O,,,6.284656282788515,10.1002_mame.201400332_part_1.txt_¶Î1_Material1
[*]C/C=C/CCC(C/C=C\C[*])C=C,CC1=CC=C(C=C1N=C=O)N=C=O,CC1(CC(CC(C)(C1)C)N=C=O)CN=C=O,,,4.176091259055681,10.1016_j.jiec.2014.09.025_part_2.txt_¶Î1_Material1
O=C([*])C(C)O[*],[*]OC(CC(OC(CC([*])=O)CC)=O)C,O=[Ti]=O,,,6.057285644418215,10.3144_expresspolymlett.2019.16_part_3.txt_¶Î1_Material1
O=C(O)C([*])C[*],[*]CC(COC1=CC=C(C=C1)C(C)(C)C2=CC=C(C=C2)O[*])O,,,,6.2552725051033065,10.1108_mmms-04-2017-0019_part_1.txt_¶Î1_Material2
O=C([*])C(C)O[*],[*]C(CCCCCO[*])=O,OC1=C2C(C3(O)C4C5C6=C7C8C(C9=CC(C(O)=O)=C(C=C(C=C%10C(O)=O)C%11%12)C(C%11=C%13C%14C%15%16C%17(O%16)C%18C%19=C%20C%21=C%22C(C(O)=C%23)=C%24C%25C%21=C%26C%19=C%27C%17=C%28C%14(O)C%12=C%10C=C%28CC%27=CC%26=CC%25=C(C(O)=O)C=C%24)C9=C7C%13(O)C5=C%15C3=C%18C%29%30C%20(O%30)C%31C%22C%23=C%32)=CC(C(O)=O)=CC8=CC6=C(C(O)=O)C4=C2)=C%29C%33=C%31C%32=C(C(O)=O)C=C%331,,,6.2901459546478105,10.1002_app.45373_part_2.txt_¶Î1_Material3
OCC1OC(C(C(C1[*])O)O)OC2C(C(C(OC2CO)O[*])O)O,[*]C([H])([H])C(O)([H])[*],[*]NC(C)C(N1CCCC1C([*])=O)=O,,,5.615539749308947,10.1007_s12221-021-2344-4_part_2.txt_¶Î1_Material2
CC(COC(C(CC(C(C(C(OC(C)C)=O)C1=CC=CC=C1)C(OCC(OC(C2=CC=CC=C2C(O)=O)=O)C)=O)C3=CC=CC=C3)C(C(OC(C)C[*])=O)C4=CC=CC=C4)=O)OC(C5=CC=CC=C5C(O[*])=O)=O,C=C([CH3])C(=O)O[CH3],,,,6.531478917042255,10.1016_j.polymer.2015.07.016_part_1.txt_¶Î1_Material3
[*]CCCC([*])OC(C)=O,[*]CCCC([*])OC(C)=O,,,,4.41161970596323,10.3390_polym11061055_part_3.txt_¶Î1_Material1
[*]C([C@H](C)OC([C@H](C)O[*])=O)=O,OCC1OC(C(C(C1[*])O)O)OC2C(C(C(OC2CO)O[*])O)O,,,,5.401055725771844,10.1016_j.carbpol.2017.09.046_part_2.txt_¶Î1_Material2
[*]C(CCCCCO[*])=O,O=C(CC(/C=C/C1=CC=C(C(OC)=C1)O)=O)/C=C/C2=CC=C(O)C(OC)=C2,,,,5.351989455435632,10.1016_j.msec.2017.02.087_part_4.txt_¶Î1_Material1
[*]C(C)C[*],[*]CC[*],[*]CC[*],,,6.977723605288848,10.1108_02630801011089155_part_1.txt_¶Î1_Material1
[*]C(CCCCCO[*])=O,[*]CC([*])N1CCCC1=O,,,,5.68930885912362,10.1016_j.polymer.2011.06.039_part_1.txt_¶Î1_Material4
O=C(O[Na])COCC(OC(C(C1O)O)[*])C1OC(C(C(C2O[*])O)O)OC2COCC(O[Na])=O,[*]CC(C#N)[*],,,,6.913813852383717,10.1007_s10965-018-1659-3_part_2.txt_¶Î1_Material1
[*]OC1=C(C([*])=CC=C1C)C,O=C(CCCCC(N(CCCCCCN([*])[H])[H])=O)[*],O=[Al]O[Al]=O.O=[Si]=O.O=[Si]=O.O=[Si]=O,,,5.655906418180215,10.1155_2016_9104395_part_2.txt_¶Î1_Material1
OCC1OC(OC2C(O)C(O)C(O[*])OC2CO)C(O)C(O)C1[*],OCC(O)CO,,,,5.385606273598312,10.3390_polym12112554_part_3.txt_¶Î1_Material1
OP(O)(O)=O,[*]NC(C(N1CCCC1C(NCC(N2CC(CC2C(NC(C(NCC([*])=O)=O)CO)=O)O)=O)=O)=O)CCCCN,,,,5.047274867384179,10.1002_app.48881_part_2.txt_¶Î1_Material1
OCC1OC(C(C(C1[*])O)O)OC2C(C(C(OC2CO)O[*])O)O,[H][O-],CCO,,,6.568201724066995,10.1002_adma.202000682_part_2.txt_¶Î1_Material1
O=C(C1=CC=C(C=C1)C(OCC[*])=O)O[*],[*]NC(C(O)=O)CCC([*])=O,,,,6.14705767102836,10.3390_polym13030452_part_3.txt_¶Î1_Material1
O=C(O[*])CCCCCCCCCCN[*],O=C(CCCCC(NCCCCCCCCCCN[*])=O)[*],,,,6.113943352306837,10.1016_j.polymer.2013.10.013_part_2.txt_¶Î1_Material1
O=C([*])CCCCCN[*],O=C([*])OC1=CC=C(C=C1)C(C)(C)C2=CC=C(C=C2)O[*],,,,6.3979400086720375,10.1016_j.polymdegradstab.2014.12.021_part_1.txt_¶Î1_Material3
O=C([*])CCCCC(NCCCCN[*])=O,[*]C(F)(C(F)([*])F)F,,,,6.6349808000512285,10.4028_www.scientific.net_kem.728.264_part_1.txt_¶Î1_Material3
[*]C(F)(C(F)([*])F)F,O=C([*])CCCCCN[*],,,,6.4623979978989565,10.1177_0892705713484742_part_1.txt_¶Î1_Material1
O=C([*])C(C)O[*],[*]O[C@H](C)CC([*])=O,OP(O)(O)=O,,,6.259115844185066,10.1007_s00289-018-2475-y_part_2.txt_¶Î1_Material1
[*]C(CCCCCO[*])=O,O=C(O)C([*])C[*],,,,6.079181246047625,10.1016_j.xphs.2018.01.014_part_5.txt_¶Î1_Material1
[*]C(N(CN(C(OCOC(N(CN(C(OCCO[*])=O)[H])[H])=O)=O)[H])[H])=O,C[Si](C)(C[*])O[*],[*]CCCC([*])C(OC)=O,,,3.544068044350276,10.1002_app.45164_part_1.txt_¶Î1_Material1
[*]C(C)C[*],C12=CC3=CC4=CC=CN=C4N=C3N=C1N=C5N=C6N=CC=CC6=CC5=C2,C=CCN1C(=O)N(CC=C)C(=O)N(CC=C)C1=O,,,7.217483944213907,10.1016_j.polymdegradstab.2020.109301_part_2.txt_¶Î1_Material2
[*]O[C@H](C)CC([*])=O,OP(O)(O)=O,[*]OCCCCOC(CCC([*])=O)=O,,,6.008600171761918,10.1002_vnl.21828_part_4.txt_¶Î1_Material4
O=C([*])C(C)O[*],[*]NC(C(O)=O)CCC([*])=O,,,,6.278753600952829,10.1039_d0gc01394c_part_3.txt_¶Î1_Material2
O=C([*])C(C)O[*],[*]OCC[*],O=[Mg].O=[Si]=O.O=[Si]=O.O=[Si]=O.O=[Si]=O.O=[Mg].O=[Mg].O,,,6,10.1007_s10973-015-4997-y_part_2.txt_¶Î1_Material1
[*]C(C)C[*],[*]C1=CC=C([*])N1,[*]C(C)C[*],,,4.963787827345556,10.1080_03602559.2014.909472_part_2.txt_¶Î1_Material1
[*]CC(C#N)[*],[Fe]12O[Fe]O[Fe](O2)O1,,,,7.204119982655925,10.1016_j.polymer.2014.06.028_part_1.txt_¶Î1_Material1
[*]CC[*],O=C(OC1=CC=C(C(CC(C)(C)C)(C)C)C=C1)C1=CC=CC=C1O,,,,6.929418925714293,10.1155_2016_7457506_part_2.txt_¶Î1_Material1
FC(F)([*])C([H])([*])[H],C=C([CH3])C(=O)O[CH3],O=[Ti]=O,,,6.361727836017593,10.1002_app.40454_part_1.txt_¶Î1_Material1
C[Si](C)(C[*])O[*],[*]C(NC1=C(C)C(NC(OCCO[*])=O)=CC=C1)=O,O=[Ti]=O,,,3.1760912590556813,10.3390_polym13142242_part_2.txt_¶Î1_Material1
FC(F)([*])C([H])([*])[H],[*]C(CCCCCO[*])=O,,,,4.8309733973226505,10.1016_j.nanoen.2019.104411_part_7.txt_¶Î1_Material1
O=C(O[Na])COCC(OC(C(C1O)O)[*])C1OC(C(C(C2O[*])O)O)OC2COCC(O[Na])=O,OCC1OC(C(C(C1[*])O)O)OC2C(C(C(OC2CO)O[*])O)O,,,,5.959041392321094,10.1007_s10570-021-03838-2_part_2.txt_¶Î1_Material1
[*]C([C@H](C)OC([C@H](C)O[*])=O)=O,[*]C(C=C1)=CC=C1S[*],,,,6.505149978319906,10.1002_pol.20190192_part_2.txt_¶Î1_Material1
[*]CC(COC1=CC=C(C=C1)C(C)(C)C2=CC=C(C=C2)O[*])O,O=[Ti]=O,,,,6.361727836017593,10.1016_j.compositesb.2018.12.045_part_2.txt_¶Î1_Material2
[*]CC(CC=CCC([*])C1=CC=CC=C1)C#N,O=[Si]=O,,,,6.21192108430851,10.1007_s13726-021-00962-5_part_2.txt_¶Î1_Material1
O=C([*])C(C)O[*],O=C([*])C(C)O[*],OC(C(C)(CC(C1=CC=CC=C1)[*])CC(C[*])(C(OCC2CO2)=O)C)=O,,,6.60422605308447,10.1002_app.49720_part_1.txt_¶Î1_Material1
[*]CC(OC(O[*])=O)C,O=[Si]=O,,,,6.105169427999332,10.1002_pc.25809_part_3.txt_¶Î1_Material1
[*]CCC(CCCCCC)C[*],C[N+](CCO)(CCO)[3H],,,,6.300943128080553,10.1007_s13726-015-0391-7_part_2.txt_¶Î1_Material1
O=C(C(C[*])[*])N,[Fe+3],,,,1.8976270912904407,10.1007_s10570-020-03463-5_part_3.txt_¶Î1_Material1
[*]NCC(NC(C(ONCC(NC(C(NCC(NC(C([*])=O)C)=O)=O)C)=O)=O)CO)=O,O=[Ti]=O,,,,4.357363030615143,10.3390_catal10010110_part_2.txt_¶Î1_Material2
O=C(C1=CC=C(C=C1)C(OCC[*])=O)O[*],O=C(C1=CC=C2C=C(C=CC2=C1)C([*])=O)OCCO[*],O=C=O,,,6.301029995663981,10.3390_en14040957_part_2.txt_¶Î1_Material1
OCC1OC(C(C(C1[*])O)O)OC2C(C(C(OC2CO)O[*])O)O,O=S([CH3])[CH3],,,,6.491361693834273,10.1007_s10570-017-1639-5_part_1.txt_¶Î1_Material1
[*]CCC1C([*])C2CCC1C2,C12=CC3=CC4=CC=CN=C4N=C3N=C1N=C5N=C6N=CC=CC6=CC5=C2,,,,6.447158031342219,10.1016_j.compositesb.2014.05.010_part_2.txt_¶Î1_Material2
[*]CC[*],[Fe],C[Si](O[*])(C)[*],,,6,10.1088_0957-0233_23_6_065604_part_2.txt_¶Î1_Material1
OCC(C(C(C1N)O)O[*])OC1OC2C(OC(C(C2O)N)[*])CO,[*]NCC(NC(C(ONCC(NC(C(NCC(NC(C([*])=O)C)=O)=O)C)=O)=O)CO)=O,,,,5.477121254719663,10.1016_j.jphotobiol.2014.08.017_part_1.txt_¶Î1_Material1
C/C(C[*])=C/C[*],[*]CCCC(C1C([*])C2CC1C/C2=C/C)C,[C],,,3.544068044350276,10.1016_j.polymertesting.2012.11.003_part_2.txt_¶Î1_Material1
O=C(C1=CC=C(C=C1)C(OCC[*])=O)O[*],OCC(C(C(C1N)O)O[*])OC1OC2C(OC(C(C2O)N)[*])CO,,,,6.113943352306837,10.1007_s10853-013-7803-x_part_2.txt_¶Î1_Material1
[*]C/C=C/CCC(C=C)CC([*])C1=CC=CC=C1,C/C(C[*])=C/C[*],O=[Si]=O,,,4.123851640967086,10.1016_j.compscitech.2018.02.025_part_4.txt_¶Î1_Material2
[*]C([H])([H])C(O)([H])[*],[*]CC([*])N1CCCC1=O,O=[Ti]=O,,,6.041009547434076,10.1007_s10965-019-1762-0_part_1.txt_¶Î1_Material1
O=C([*])C(C)O[*],[*]OC1C(O)C(O)C(OC2C(CO)OC([*])C(O)C2O)OC1CO,,,,6.69284691927723,10.1142_s0217979218400842_part_1.txt_¶Î1_Material3
O=C(O[*])CCCCCCCCCCN[*],[*]NCCCCCCCCCCCC([*])=O,,,,6.187520720836463,10.1177_0021998310369580_part_2.txt_¶Î1_Material1
O=C([*])C(C)O[*],C=CC1=CC=CC=C1,,,,6.574115802159112,10.3390_polym11010048_part_3.txt_¶Î1_Material3
[*]CCCC([*])OC(C)=O,O=[Ti]=O,,,,4.755874855672492,10.1002_vnl.21735_part_2.txt_¶Î1_Material1
[*]CC([*])Cl,[*]C(CCCCCO[*])=O,O=[Ti]=O,,,6.041392685158225,10.1021_acs.macromol.8b02146_part_2.txt_¶Î1_Material2
[*]CC([*])Cl,[*]C(CCCCCO[*])=O,,,,6.079181246047625,10.1021_acs.macromol.8b02146_part_2.txt_¶Î1_Material1
O=C(CCCCC(N(CCCCCCN([*])[H])[H])=O)[*],[*]CC[*],,,,6.281033367247727,10.1016_j.matpr.2020.04.463_part_2.txt_¶Î1_Material1
[*]C(C(OC(CO[*])=O)C)=O,[*]C(OCCCO[*])=O,,,,6.045322978786658,10.1007_s00396-019-04595-2_part_2.txt_¶Î1_Material1
[*]NCC(NC(C(ONCC(NC(C(NCC(NC(C([*])=O)C)=O)=O)C)=O)=O)CO)=O,CN(C)CCN(C)C,,,,4.819543935541868,10.1021_acsbiomaterials.0c00752_part_2.txt_¶Î1_Material1
[*]CC[*],O=[Mg].O=[Si]=O.O=[Si]=O.O=[Si]=O.O=[Si]=O.O=[Mg].O=[Mg].O,[C],,,6.214499453710881,10.1002_app.38945_part_1.txt_¶Î1_Material1
[*]CC([*])Cl,[*]C([H])([H])C(O)([H])[*],,,,6.544068044350276,10.1016_j.coco.2016.06.001_part_1.txt_¶Î1_Material1
[*]NCC(NC(C(ONCC(NC(C(NCC(NC(C([*])=O)C)=O)=O)C)=O)=O)CO)=O,[Zn]=O,,,,4.317436496535099,10.3390_catal10010110_part_2.txt_¶Î1_Material1
O=C([*])CCCCCN[*],OCC1OC(OC2C(O)C(O)C(O[*])OC2CO)C(O)C(O)C1[*],,,,6.596047007545439,10.1007_s10924-014-0676-5_part_2.txt_¶Î1_Material1
[*]CC(C#N)[*],[*]OCC[*],,,,5.346352974450639,10.1021_acsami.6b00359_part_3.txt_¶Î1_Material2
OCC1OC(C(C(C1O[*])O)O)[*],O=[Si]=O,,,,6.826074802700826,10.1007_s10570-018-2059-x_part_2.txt_¶Î1_Material1
[*]OCC[*],[*]CC(C1=CC=CC=C1)[*],,,,5,10.1021_acs.macromol.7b00789_part_1.txt_¶Î1_Material1
[*]C(N(CN(C(OCOC(N(CN(C(OCCO[*])=O)[H])[H])=O)=O)[H])[H])=O,[*]O[C@@]([H])(C)C(O[C@](C)([H])C([*])=O)=O,[*]C([C@H](C)OC([C@H](C)O[*])=O)=O,,,6.049218022670182,10.1002_app.51014_part_2.txt_¶Î1_Material3
[*]C1=C2C(OCCO2)=C([*])S1,[*]CC(C1=CC=C(C=C1)S(=O)([O-])=O)[*],,,,5.826074802700826,10.1016_j.polymer.2019.06.002_part_3.txt_¶Î1_Material1
O=C([*])CCCCCN[*],O=C(OOC(=O)C1=CC=CC=C1)C1=CC=CC=C1,,,,6.113943352306837,10.1007_s12221-013-1595-0_part_1.txt_¶Î1_Material3
O=C([*])C(C)O[*],[*]C/C=C/C[*],,,,5.528916700277655,10.1021_ma401508b_part_2.txt_¶Î1_Material2
[*]C1=C(C=CN2)C2=C([*])C(O)=C1O,[Ag],[*]C1=C(C=CN2)C2=C([*])C(O)=C1O,,,6.222378265944956,10.1021_acssuschemeng.0c03098_part_2.txt_¶Î1_Material1
[*]NC(C(O)=O)CCC([*])=O,[*]CC(C1=CC=C(C=C1)S(=O)([O-])=O)[*],,,,5.845098040014257,10.1021_ma201974g_part_1.txt_¶Î1_Material1
[*]C1=C2C(OCCO2)=C([*])S1,,,,,5.342422680822207,10.1088_0964-1726_25_11_115044_part_2.txt_¶Î1_Material1
[*]C(CCCCCO[*])=O,[Ca+2],[*]NC(C)C(N1CCCC1C([*])=O)=O,,,4.012837224705172,10.1021_cm201119q_part_2.txt_¶Î1_Material3
[*]C1C(C(C(OC1C(O[Na])=O)OC2C(C(O[Na])=O)OC(O[*])C(O)C2O)O)O,O=P([O-])([O-])[O-].[Ca+2].[Ca+2].[OH-],,,,5.970346876230093,10.1021_acsabm.0c00692_part_5.txt_¶Î1_Material4
[*]C1C(C(C(OC1C(O[Na])=O)OC2C(C(O[Na])=O)OC(O[*])C(O)C2O)O)O,S=[Mo]=S,,,,6.858537197569639,10.1016_j.ces.2018.03.057_part_4.txt_¶Î1_Material1
[*]CC1C(C(CO)(C[*])CCC1)=O,O=C([*])CCCCCN[*],,,,6.176091259055681,10.1007_s13233-015-3121-2_part_1.txt_¶Î1_Material1
O=P([O-])([O-])[O-].[Ca+2].[Ca+2].[OH-],[*]C([H])([H])C(O)([H])[*],[Zn+2],,,6.521687145161232,10.1016_j.mtcomm.2021.102025_part_2.txt_¶Î1_Material1
[*]C(CCCCCO[*])=O,[*]C([H])([H])C(O)([H])[*],,,,6.698970004336019,10.3390_ma11061006_part_2.txt_¶Î1_Material3
[*]CC(COC1=CC=C(C=C1)C(C)(C)C2=CC=C(C=C2)O[*])O,O=C([CH3])[CH3],,,,6.501333178645567,10.1016_j.polymertesting.2020.106492_part_1.txt_¶Î1_Material1
O=C(C1=CC=C(C=C1)C(OCC[*])=O)O[*],[*]C(CCCCC(OCCCCO[*])=O)=O,,,,5.00902574208691,10.1016_j.matpr.2017.06.173_part_2.txt_¶Î1_Material1
O=C(C1=CC=C(C=C1)C(OCC[*])=O)O[*],COCN(C1=NC(N(COC)COC)=NC(N(COC)COC)=N1)COC,,,,6.301029995663981,10.1016_j.porgcoat.2020.105920_part_3.txt_¶Î1_Material1
[*]C(C)C[*],O=C([*])OC1=CC=C(C=C1)C(C)(C)C2=CC=C(C=C2)O[*],OC1=C2C(C3(O)C4C5C6=C7C8C(C9=CC(C(O)=O)=C(C=C(C=C%10C(O)=O)C%11%12)C(C%11=C%13C%14C%15%16C%17(O%16)C%18C%19=C%20C%21=C%22C(C(O)=C%23)=C%24C%25C%21=C%26C%19=C%27C%17=C%28C%14(O)C%12=C%10C=C%28CC%27=CC%26=CC%25=C(C(O)=O)C=C%24)C9=C7C%13(O)C5=C%15C3=C%18C%29%30C%20(O%30)C%31C%22C%23=C%32)=CC(C(O)=O)=CC8=CC6=C(C(O)=O)C4=C2)=C%29C%33=C%31C%32=C(C(O)=O)C=C%331,,,6.406540180433956,10.1002_app.45062_part_1.txt_¶Î1_Material1
[*]C(CCCCCO[*])=O,[*]NC(C(N1CCCC1C(NCC(N2CC(CC2C(NC(C(NCC([*])=O)=O)CO)=O)O)=O)=O)=O)CCCCN,[*]OC1C(C(O)=O)OC(OC2C(NC(C)=O)C([*])OC(CO)C2O)C(O)C1O,,,5.073791642808014,10.1002_pat.4134_part_2.txt_¶Î1_Material3
[*]C(C)C[*],C=C(C(OCC1CO1)=O)C,,,,6.127104798364807,10.1002_app.38665_part_2.txt_¶Î1_Material1
[*]C(C)C[*],O=C(C1=CC=C(C=C1)C(OCC[*])=O)O[*],[*]CC(CCCC(CC)CC([*])C1=CC=CC=C1)C2=CC=CC=C2,,,6.011993114659257,10.1016_j.polymdegradstab.2019.05.012_part_1.txt_¶Î1_Material2
C[Si](C)(C[*])O[*],[O-][Si]([O-])([O-])O[Si]([O-])([O-])[O-].[Ca+2],,,,3.72916478969277,10.3390_mi11060617_part_1.txt_¶Î1_Material1
O=C([*])C(C)O[*],[*]C([C@H](C)OC([C@H](C)O[*])=O)=O,,,,6.086359830674748,10.1007_s00289-019-02862-4_part_3.txt_¶Î1_Material3
[*]C(N(CN(C(OCOC(N(CN(C(OCCO[*])=O)[H])[H])=O)=O)[H])[H])=O,O=C(CC(/C=C/C1=CC=C(C(OC)=C1)O)=O)/C=C/C2=CC=C(O)C(OC)=C2,,,,4.367914738793752,10.1016_j.reactfunctpolym.2018.05.005_part_1.txt_¶Î1_Material3
O=C([*])C(C)O[*],OCC1OC(C(C(C1O[*])O)O)[*],,,,6.371067862271736,10.1177_0892705711425846_part_2.txt_¶Î1_Material2
[*]CC([*])Cl,[*]C(C)C[*],,,,6.152288344383057,10.1080_00914037.2010.531822_part_2.txt_¶Î1_Material1
C/C(C[*])=C/C[*],OP(O)(O)=O,,,,4.152288344383057,10.1002_app.46541_part_1.txt_¶Î1_Material1
[*]CC(O)COC1=CC=C(C(C)(C2=CC=C(O[*])C=C2)C)C=C1,[*]C(CCCCCO[*])=O,,,,6,10.1016_j.eurpolymj.2012.10.015_part_2.txt_¶Î1_Material1
[*]C(C)C[*],[*]CCCC([*])OC(C)=O,,,,6.149834696715785,10.1021_acs.iecr.7b04932_part_5.txt_¶Î1_Material1
[*]C([C@H](C)OC([C@H](C)O[*])=O)=O,[*]CC(C(OCC)=O)[*],,,,5.924279286061882,10.1016_j.eurpolymj.2014.11.007_part_2.txt_¶Î1_Material1
OCC(C(C(C1N)O)O[*])OC1OC2C(OC(C(C2O)N)[*])CO,[*]NC(C(N1CCCC1C(NCC(N2CC(CC2C(NC(C(NCC([*])=O)=O)CO)=O)O)=O)=O)=O)CCCCN,[*]OC1C(C(O)=O)OC(OC2C(NC(C)=O)C([*])OC(CO)C2O)C(O)C1O,,,4.198106998873402,10.1016_j.ceramint.2014.04.010_part_2.txt_¶Î1_Material2
[*]C/C=C(C[*])\Cl,Cl[Ca]Cl,,,,4.0948203803548,10.1016_j.foodhyd.2018.03.014_part_6.txt_¶Î1_Material4
COC(C(C[*])([*])C)=O,C=C(C)C(=O)OCC[N+](CCCS([O-])(=O)=O)([CH3])[CH3],,,,6.027594211826226,10.1016_j.polymer.2019.04.072_part_4.txt_¶Î1_Material2
[*]C1C(O)C(O)C(OC2C(O)C(O)C(O[*])OC2COC(C)=O)OC1COC(C)=O,[*]C(OCCCO[*])=O,,,,5.673020907128897,10.1016_j.mtchem.2020.100358_part_2.txt_¶Î1_Material1
[*]CC(CC(C#N)[*])C1=CC=CC=C1,,,,,6.972202838379064,10.1177_096739111202000501_part_3.txt_¶Î1_Material1
C=C(C)C(=O)OCCCC,OCC1OC(C(C(C1[*])O)O)OC2C(C(C(OC2CO)O[*])O)O,[*]OCC[*],,,5.988558956878616,10.1016_j.carbpol.2019.01.098_part_1.txt_¶Î1_Material1
C=C([CH3])C(=O)O[CH3],[*]CC[*],,,,6,10.1021_ie4043196_part_1.txt_¶Î1_Material1
FC(F)([*])C([H])([*])[H],[*]CC(CC=CCC([*])C1=CC=CC=C1)C#N,C=C([CH3])C(=O)O[CH3],,,6.121559844187501,10.1039_c4cp04481a_part_4.txt_¶Î1_Material2
[*]OCCOC(CC(C([*])=O)C(C1CCCCC1)CC(CC(O)=O)C(OCCO)=O)=O,O=C(C1=CC=C(C=C1)C(OCC[*])=O)O[*],,,,6.240798771117332,10.22146_ajche.82419_OA_part_2.txt_¶Î1_Material1
[*]C(C)C[*],O=[Al]O[Al]=O.O=[Si]=O.O=[Si]=O.O=[Si]=O,O=C([O-])[O-].[Ca+2],,,6.414973347970818,10.1299_transjsme.2014smm0311_part_1.txt_¶Î1_Material1
[*]NC(C(N1CCCC1C(NCC(N2CC(CC2C(NC(C(NCC([*])=O)=O)CO)=O)O)=O)=O)=O)CCCCN,[*]NC(C)C(N1CCCC1C([*])=O)=O,[*]C(CCCCCO[*])=O,,,4.550228353055094,10.7717_peerj.6358_part_2.txt_¶Î1_Material1
CC(C=C([*])C=C1C)=C1O[*],[*]C(C)C[*],,,,6.707570176097937,10.1515_epoly.2010.10.1.336_part_2.txt_¶Î1_Material1
[*]OC(CC(OC(CC([*])=O)CC)=O)C,[*]C(C)C[*],[*]C(C)C[*],,,6.079181246047625,10.1179_1432891714z.000000000805_part_1.txt_¶Î1_Material1
[*][C@H]1[C@H](O)[C@@H](O)[C@H](OC2C(O)C(OC(C)=O)C(O[*])OC2CO)O[C@@H]1CO,[*]C(CCCCCO[*])=O,,,,5.002166061756507,10.1177_0885328214542488_part_2.txt_¶Î1_Material1
[*]CC(C#N)[*],C12=C3C(C=CC4C3=C5C(CC6=CC7=C8C9=C(C(C=C%10)=CC=C9C=C7)C%11=C%10C%12)=CC4)=CC=C1C=C%12C%13=C%11C8=C6C5=C2%13,,,,7.354108439147401,10.1177_8756087919828151_part_1.txt_¶Î1_Material2
[*]C(C)C[*],[*]OC(CC(OC(CC([*])=O)CC)=O)C,,,,5.519827993775719,10.1002_app.37957_part_2.txt_¶Î1_Material1
[*]CC[*],[*]OC(CC(OC(CC([*])=O)CC)=O)C,,,,5.519827993775719,10.1002_app.37957_part_2.txt_¶Î1_Material2
[*]CC[*],[*]C1OC(CCC)OC(C[*])C1,,,,5.32221929473392,10.1016_j.memsci.2015.09.034_part_1.txt_¶Î1_Material1
[*]CC(C#N)[*],[Ni],,,,7.633468455579586,10.1039_c5py01344e_part_6.txt_¶Î1_Material1
C[Si](C)(C[*])O[*],O=[Al]O[Al]=O.O=[Si]=O.O=[Si]=O.O.O,,,,2.537819095073274,10.1016_j.polymer.2019.03.075_part_1.txt_¶Î1_Material2
[*]C([C@H](C)OC([C@H](C)O[*])=O)=O,[*]O[C@@]([H])(C)C(O[C@](C)([H])C([*])=O)=O,C=CCN1C(=O)N(CC=C)C(=O)N(CC=C)C1=O,,,6.013258665283517,10.1016_j.radphyschem.2012.10.002_part_1.txt_¶Î1_Material3
CC1=CC(C)=C(C(C)=C1)C(P(C2=CC=CC=C2)(C3=CC=CC=C3)=O)=O,[*]C(C)C[*],,,,6.060697840353612,10.1016_j.matdes.2010.08.009_part_2.txt_¶Î1_Material1
O=C([*])C(C)O[*],[*]C1C(OC(C(C1O)O)OC2C(OC(C(C2O)O)O[*])CO)CO,OCC(O)CO,,,6,10.3144_expresspolymlett.2020.63_part_1.txt_¶Î1_Material1
O=C([*])C(C)O[*],[Cu],,,,6.6020599913279625,10.3389_fmats.2019.00280_part_1.txt_¶Î1_Material2
O=C([*])OC1=CC=C(C=C1)C(C)(C)C2=CC=C(C=C2)O[*],O=[Al]O[Al]=O.O=[Si]=O.O=[Si]=O.O.O,,,,6.506505032404872,10.1515_epoly-2016-0103_part_2.txt_¶Î1_Material2
[*]C(CCCCC(OCCCCO[*])=O)=O,[*]C1C(OC(C(C1O)O)OC2C(OC(C(C2O)O)O[*])CO)CO,C=C([CH3])C(=O)OC([CH3])[CH3],,,4.747411807886423,10.1007_s12221-016-6379-x_part_2.txt_¶Î1_Material1
O=C([*])C(C)O[*],[*]CC[*],OCC1OC(OC2C(O)C(O)C(O[*])OC2CO)C(O)C(O)C1[*],,,5.675778341674085,10.1016_j.compscitech.2018.11.028_part_2.txt_¶Î1_Material1
[*]O[C@H](C)CC([*])=O,[*]OC1OC(CO)C(OC2C(O)C(O)C([*])C(CO)O2)C(O)C1O,,,,5.771587480881255,10.1016_j.polymertesting.2013.10.011_part_1.txt_¶Î1_Material2
[*]CC[*],[*]CC[*],[*]CC[*],,,6.313867220369153,10.1002_mren.201300135_part_1.txt_¶Î1_Material1
OCC1OC(C(C(C1[*])O)O)OC2C(C(C(OC2CO)O[*])O)O,[*]OC1OC(CO)C(OC2C(O)C(O)C([*])C(CO)O2)C(O)C1O,,,,6.531478917042255,10.1002_app.38387_part_1.txt_¶Î1_Material4
[*]CC(OC(O[*])=O)C,[*]C1C(OC(C(C1O)O)OC2C(OC(C(C2O)O)O[*])CO)CO,,,,5.78625439578978,10.1007_s00289-019-02762-7_part_1.txt_¶Î1_Material1
[*]C(CCCCCO[*])=O,[*]CC[*],,,,6.477121254719663,10.1177_0040517520912478_part_3.txt_¶Î1_Material1
[*]C(C)C[*],O=C(OOC(=O)C1=CC=CC=C1)C1=CC=CC=C1,,,,6.155336037465061,10.1007_s12221-013-1595-0_part_1.txt_¶Î1_Material5
[*]C1C(O)C(O)C(OC2C(O)C(O)C(O[*])OC2COC(C)=O)OC1COC(C)=O,[*]C(CCCCCO[*])=O,,,,5.509202522331103,10.1016_j.mtchem.2020.100358_part_2.txt_¶Î1_Material3
OP(O)(O)=O,[*]CC(OC(O[*])=O)C,,,,6.093071306376063,10.1007_s00396-021-04869-8_part_2.txt_¶Î1_Material5
O=C([*])CCCCCN[*],O=C1C([*])C(CC[*])C(O1)=O,,,,6.269512944217916,10.1080_03602559.2016.1276593_part_8.txt_¶Î1_Material5
[*]CC(C1=CC=C(C=C1)S(O)(=O)=O)[*],[*]OCC[*],OCC(O)CO,,,5.079181246047625,10.1002_adfm.202002853_part_2.txt_¶Î1_Material1
[*]CC[*],[*]CCCC([*])OC(C)=O,C12=CC3=CC4=CC=CN=C4N=C3N=C1N=C5N=C6N=CC=CC6=CC5=C2,,,6.079181246047625,10.1590_0104-1428.2124_part_2.txt_¶Î1_Material1
[*]CC(OC(O[*])=O)C,[*]C1=C(C=CN2)C2=C([*])C(O)=C1O,,,,6.382233234970556,10.1007_s10118-014-1518-6_part_2.txt_¶Î1_Material1
O=C([*])C(C)O[*],[*]C(CCCCCO[*])=O,OCC(O)CO,,,6.477121254719663,10.1515_epoly.2010.10.1.946_part_4.txt_¶Î1_Material1
C[Si](C)(C[*])O[*],[*]C1=CC=C([*])N1,,,,2.6532125137753435,10.1016_j.progpolymsci.2018.06.001_part_8.txt_¶Î1_Material2
OCC1OC(C(C(C1[*])O)O)OC2C(C(C(OC2CO)O[*])O)O,OCC1OC(C(C(C1[*])O)O)OC2C(C(C(OC2CO)O[*])O)O,OC1=C2C(C3(O)C4C5C6=C7C8C(C9=CC(C(O)=O)=C(C=C(C=C%10C(O)=O)C%11%12)C(C%11=C%13C%14C%15%16C%17(O%16)C%18C%19=C%20C%21=C%22C(C(O)=C%23)=C%24C%25C%21=C%26C%19=C%27C%17=C%28C%14(O)C%12=C%10C=C%28CC%27=CC%26=CC%25=C(C(O)=O)C=C%24)C9=C7C%13(O)C5=C%15C3=C%18C%29%30C%20(O%30)C%31C%22C%23=C%32)=CC(C(O)=O)=CC8=CC6=C(C(O)=O)C4=C2)=C%29C%33=C%31C%32=C(C(O)=O)C=C%331,,,6.079181246047625,10.1007_s10570-020-03078-w_part_2.txt_¶Î1_Material1
[*]CC[*],[*]C1=NC2=CC3=C(C=C2O1)OC(C4=CC=C(C=C4)[*])=N3,,,,6.100752969451338,10.1002_app.47812_part_2.txt_¶Î1_Material1
[*]C(C)C[*],CCCCCCCCCCCCOS([O-])(=O)=O.[Na+],,,,6.380211241711606,10.1177_0892705711430430_part_3.txt_¶Î1_Material2
[*]C(C)C[*],[*]CCCC(C1C([*])C2CC1C/C2=C/C)C,O=[Mg].O=[Si]=O.O=[Si]=O.O=[Si]=O.O=[Si]=O.O=[Mg].O=[Mg].O,,,5.829110710155295,10.1177_09673911211012821_part_1.txt_¶Î1_Material1
O=C([*])OC1=CC=C(C=C1)C(C)(C)C2=CC=C(C=C2)O[*],O=C([*])CCCCCN[*],,,,6.491361693834273,10.1002_app.33449_part_1.txt_¶Î1_Material1
[*]CC(COC1=CC=C(C=C1)C(C)(C)C2=CC=C(C=C2)O[*])O,O=[Al]O[Al]=O,,,,6.445361304036739,10.3390_ma13245735_part_3.txt_¶Î1_Material1
OP(O)(O)=O,[*]OCCCCOC(CCC([*])=O)=O,O=C=NCCCCCCN=C=O,,,5.674309888941477,10.1016_j.polymer.2020.123248_part_2.txt_¶Î1_Material2
OC1C(C(OC(C1O)OC2C(OC(C(C2O)O)OC3C(C(C(OC3C(OC)=O)OC4C(OC(C(C4O)O)[*])C(O)=O)O)O)C(OC)=O)C(O)=O)O[*],[*]CC([*])N1CCCC1=O,OCC(O)CO,,,5.271841606536499,10.1016_j.compositesb.2016.11.016_part_1.txt_¶Î1_Material3
[*]C1C(O)C(O)C(OC2C(O)C(O)C(O[*])OC2COC(C)=O)OC1COC(C)=O,[*]O[C@H](C)CC([*])=O,,,,5.673020907128897,10.1016_j.mtchem.2020.100358_part_2.txt_¶Î1_Material2
[*]C1=CC=C([*])N1,[*]OC1C(C(O)=O)OC(OC2C(NC(C)=O)C([*])OC(CO)C2O)C(O)C1O,,,,3.740362689494244,10.1021_la4009366_part_2.txt_¶Î1_Material1
O=C([*])CCCCCN[*],[Ag],,,,6.630353621611661,10.1016_j.sna.2019.06.036_part_3.txt_¶Î1_Material1
[*]C(C)C[*],O=[Ca].[O-][Si]([O-])([O-])[O-].[Ca+2].[Ca+2],,,,6.477121254719663,10.4028_www.scientific.net_amm.638-640.1503_part_1.txt_¶Î1_Material1
O=C([*])OC1=CC=C(C=C1)C(C)(C)C2=CC=C(C=C2)O[*],[*]C/C=C/CCC([*])C#N,,,,5.99563519459755,10.1080_00222348.2019.1593600_part_2.txt_¶Î1_Material1
[*]OC(CC(OC(CC([*])=O)CC)=O)C,[*]C([H])([H])C(O)([H])[*],,,,6.1702617153949575,10.1080_25740881.2021.1918162_part_3.txt_¶Î1_Material1
C/C(C[*])=C/C[*],[*]C/C=C/CCC(C=C)CC([*])C1=CC=CC=C1,C/C(C[*])=C/C[*],,,3.823474229170301,10.1002_pc.22489_part_2.txt_¶Î1_Material1
[*]C(CCCCC(OCCCCO[*])=O)=O,C=C([CH3])C(=O)O[CH3],,,,4.728028954420519,10.1016_j.ijbiomac.2019.02.159_part_1.txt_¶Î1_Material1
O=C(O[*])CCCCCCCCCCN[*],O=C(CCCCC(N(CCCCCCN([*])[H])[H])=O)[*],,,,6.176091259055681,10.1177_0967391111019002-301_part_1.txt_¶Î1_Material1
OCC1OC(C(C(C1[*])O)O)OC2C(C(C(OC2CO)O[*])O)O,[*]C(F)(C(F)([*])F)F,,,,7.176091259055681,10.1007_s10570-020-03456-4_part_3.txt_¶Î1_Material1
O=C([*])CCCCCN[*],O=C(CCCCC(N(CCCCCCN([*])[H])[H])=O)[*],O=C(C1=CC=C(C=C1)C(NC2=CC=C([*])C=C2)=O)NC3=CC=C([*])C=C3,,,6.303196057420489,10.1177_096739111502300606_part_2.txt_¶Î1_Material3
[*]OCCCOC(C1=CC=C(C([*])=O)C=C1)=O,C/C(C[*])=C/C[*],,,,5.944482672150168,10.1021_acsomega.8b00490_part_2.txt_¶Î1_Material4
[*]CCCC([*])OC(C)=O,C=C(C(OCC1CO1)=O)C,,,,4.950364854376123,10.1007_s12588-019-09256-1_part_1.txt_¶Î1_Material1
[*]NC(C(O)=O)CCC([*])=O,[*]C(CCCCCO[*])=O,,,,5.773069340485962,10.1007_s12221-019-1060-9_part_1.txt_¶Î1_Material1
[*]OCC[*],COC1=CC(/C=C/C=O)=CC(OC2=CC(C(C(OC3=CC=C(C=C3OC)C(C(CO)=O)O)CO)O)=CC=C2OC4=CC(C(C(COC5=CC=C(C=C5)C(C(CO)=O)O)=O)O)=CC=C4O)=C1,OCC1OC(C(C(C1[*])O)O)OC2C(C(C(OC2CO)O[*])O)O,,,6.568201724066995,10.1016_j.compositesb.2018.08.063_part_2.txt_¶Î1_Material1
[*]C1C(OC(C(O)C1O)OC2C(O)C(O)C(OC2C(O[Na])=O)O[*])C(O[Na])=O,,,,,6.531478917042255,10.1007_s10570-011-9648-2_part_2.txt_¶Î1_Material1
O=C([*])C(C)O[*],[*]CC(C1=CC=CC=C1)C/C=C/C[*],,,,6.139879086401237,10.1016_j.eurpolymj.2016.10.019_part_2.txt_¶Î1_Material3
[*]C([H])([H])C(O)([H])[*],[*]C1=CC=C(C=C1)C(N[*])=O,,,,5.653212513775344,10.1016_j.ijimpeng.2020.103654_part_5.txt_¶Î1_Material1
[*]CNCC1=CC=CC([*])=C1O,OCC1OC(C(C(C1[*])O)O)OC2C(C(C(OC2CO)O[*])O)O,,,,6.503790683057181,10.1177_0967391120903664_part_2.txt_¶Î1_Material1
[*]C(C)C[*],[*]CC[*],O=[Si]=O,,,6.547774705387822,10.1080_03602559.2014.886066_part_2.txt_¶Î1_Material2
[*]CC(C1=CC=CC=C1)[*],[*]CC(CCCC(CC)CC([*])C1=CC=CC=C1)C2=CC=CC=C2,,,,6.3979400086720375,10.1002_pc.20978_part_2.txt_¶Î1_Material1
[*]NCCCCCCCCCCCC([*])=O,[C],,,,6.32221929473392,10.1016_j.compositesb.2019.107214_part_1.txt_¶Î1_Material1
FC(F)([*])C([H])([*])[H],O=C(C1=CC=C(C=C1)C(OCC[*])=O)O[*],,,,5.532868987045975,10.1016_j.renene.2016.10.060_part_4.txt_¶Î1_Material1
C(C1=CC=C(N)C=C1)C1=CC=C(N)C=C1,[*]CC(O[*])CN=[N+]=[N-],,,,6.88309335857569,10.1021_acsapm.1c00087_part_1.txt_¶Î1_Material1
O=C([*])C(C)O[*],[*]C(NC1=C(C)C(NC(OCCO[*])=O)=CC=C1)=O,,,,6.227115082589125,10.1016_j.msec.2017.11.008_part_1.txt_¶Î1_Material1
[*]CC(C1=CC=CC=C1)[*],[*]C/C=C/C[*],,,,5.260071387985075,10.3390_polym13010096_part_2.txt_¶Î1_Material1
[*]C1OC2COC(C2OC3C(C(C(C(C3)CO)OS(=O)([O-])=O)O[*])O)C1OS(=O)([O-])=O,,,,,6.425697213362591,10.1016_j.carbon.2011.10.034_part_2.txt_¶Î1_Material2
[*]O[C@H](C)CC([*])=O,[*]C([C@H](C)OC([C@H](C)O[*])=O)=O,,,,5.845098040014257,10.1016_j.polymdegradstab.2016.09.017_part_7.txt_¶Î1_Material2
[*]CC(COC1=CC=C(C=C1)C(C)(C)C2=CC=C(C=C2)O[*])O,OC1=C(C=CC=C1CC2=CC=CC([*])=C2O)CC3=CC=CC([*])=C3O,,,,6.458637849025649,10.4028_www.scientific.net_msf.904.68_part_1.txt_¶Î1_Material1
OCC1OC(C(C(C1[*])O)O)OC2C(C(C(OC2CO)O[*])O)O,[*]CC(COC1=CC=C(C=C1)C(C)(C)C2=CC=C(C=C2)O[*])O,,,,6.812913356642856,10.1007_s10570-019-02916-w_part_2.txt_¶Î1_Material1
[*]OCCOC(CC(C([*])=O)C(C1CCCCC1)CC(CC(O)=O)C(OCCO)=O)=O,[*]C(NC1=C(C)C(NC(OCCO[*])=O)=CC=C1)=O,,,,5.928319024503722,10.1177_0967391119852882_part_1.txt_¶Î1_Material1
OCC1OC(C(C(C1O[*])O)O)[*],FC(F)([*])C([H])([*])[H],,,,6.576571684065291,10.1016_j.carbpol.2012.02.047_part_1.txt_¶Î1_Material1
OCC1OC(C(C(C1[*])O)O)OC2C(C(C(OC2CO)O[*])O)O,OC[C@@H]([C@H]([C@@H]([C@@H](CO)O)O)O)O,,,,6.913813852383717,10.1007_s10570-014-0423-z_part_2.txt_¶Î1_Material1
[*]C(NC1=C(C)C(NC(OCCO[*])=O)=CC=C1)=O,O=[Al]O[Al]=O,,,,5.64738297011462,10.1016_j.surfin.2020.100848_part_2.txt_¶Î1_Material2
[*]C1=C(C=CN2)C2=C([*])C(O)=C1O,[*]C(F)(C(F)([*])F)F,,,,6.133538908370218,10.1080_10402004.2019.1641645_part_2.txt_¶Î1_Material1
[*]CC[*],[Zn]=O,,,,5.767319159799848,10.1007_s13726-020-00796-7_part_2.txt_¶Î1_Material2
[*]OCCCOC(C1=CC=C(C([*])=O)C=C1)=O,[*]C(C1=CC=C(C=C1)C(OCCCCOC(C2=CC=C(C=C2)C(OCCCCO[*])=O)=O)=O)=O,,,,6.1702617153949575,10.1080_00222348.2014.939525_part_3.txt_¶Î1_Material1
[*]CC(COC1=CC=C(C=C1)C(C)(C)C2=CC=C(C=C2)O[*])O,[*]CNCC1=CC=CC([*])=C1O,,,,6.079181246047625,10.1016_j.matdes.2016.08.095_part_3.txt_¶Î1_Material1
[*]C(C(OC(CO[*])=O)C)=O,[*]OCC[*],,,,5.7160033436348,10.1002_pat.1780_part_2.txt_¶Î1_Material1
O=C([*])CCCCCN[*],[*]C(C)C[*],[*]C(C1=CC=CC=C1)CC2C(OC(C2[*])=O)=O,,,6.227886704613674,10.1080_03602559.2016.1233280_part_13.txt_¶Î1_Material2
OCC1OC(C(C(C1[*])O)O)OC2C(C(C(OC2CO)O[*])O)O,O=C(O[Na])COCC(OC(C(C1O)O)[*])C1OC(C(C(C2O[*])O)O)OC2COCC(O[Na])=O,,,,6.6020599913279625,10.1007_s10570-015-0779-8_part_9.txt_¶Î1_Material2
OCC1OC(C(C(C1[*])O)O)OC2C(C(C(OC2CO)O[*])O)O,CCOC(=O)C(O)(CC(=O)OCC)CC(=O)OCC,,,,6.138302698166282,10.1007_s10570-012-9846-6_part_3.txt_¶Î1_Material1
[*]CC(CC=CCC([*])C1=CC=CC=C1)C#N,[*]C(NC1=C(C)C(NC(OCCO[*])=O)=CC=C1)=O,,,,5.419955748489758,10.1016_j.jenvman.2017.04.026_part_2.txt_¶Î1_Material1
O=C(C1=CC=C(C=C1)C(OCC[*])=O)O[*],O=C(C1=CC=C2C=C(C=CC2=C1)C([*])=O)OCCO[*],,,,6.477121254719663,10.4028_www.scientific.net_amr.912-914.445_part_3.txt_¶Î1_Material2
[*]C(CCCCCO[*])=O,[*]CC(C1=CC=CC=C1)C/C=C/C[*],,,,5.064457989226918,10.1007_s10924-019-01522-y_part_2.txt_¶Î1_Material2
[*]C(NC1=C(C)C(NC(OCCO[*])=O)=CC=C1)=O,O=C=NC(C=C1)=CC=C1CC2=CC=C(C=C2)N=C=O,[*]C(CCCCCO[*])=O,,,4.471291711058939,10.1016_j.matdes.2015.07.101_part_3.txt_¶Î1_Material1
O=C([*])C(C)O[*],[*]CC[*],[*]CC(CC=CCC([*])C1=CC=CC=C1)C#N,,,6,10.1002_apj.1802_part_1.txt_¶Î1_Material1
OCC1OC(C(C(C1[*])O)O)OC2C(C(C(OC2CO)O[*])O)O,[*]C(CCCCCO[*])=O,,,,6.12057393120585,10.1016_j.carbpol.2012.05.080_part_2.txt_¶Î1_Material1
[*]C(CCCCCO[*])=O,[*]C1=CC=C([*])N1,,,,4.544068044350276,10.3389_fbioe.2019.00266_part_3.txt_¶Î1_Material1
[*]C([C@H](C)OC([C@H](C)O[*])=O)=O,[*]C([H])([H])C(O)([H])[*],[*]OCC[*],,,6.176091259055681,10.1002_polb.24437_part_1.txt_¶Î1_Material1
COC(C(C[*])([*])C)=O,O=C([*])OC1=CC=C(C=C1)C(C)(C)C2=CC=C(C=C2)O[*],,,,6.079181246047625,10.1002_masy.201800049_part_1.txt_¶Î1_Material1
[*]CC[*],[*]C(C)C[*],O=C1C=CC(O1)=O.C=C,,,6.133538908370218,10.1002_pen.25775_part_2.txt_¶Î1_Material2
[*]N1C(C2=CC3=C(C=C2C1=O)C(N(C3=O)C4=CC=C(C=C4)OC5=CC=C(C=C5)[*])=O)=O,[Au],,,,6.3979400086720375,10.1016_j.snb.2012.12.111_part_1.txt_¶Î1_Material1
[*]OC1=C(C([*])=CC=C1C)C,[*]C(C)C[*],,,,6.913813852383717,10.1016_j.polymer.2018.05.075_part_2.txt_¶Î1_Material2
O=C(O[*])CCCCCCCCCCN[*],COC1=CC(/C=C/C=O)=CC(OC2=CC(C(C(OC3=CC=C(C=C3OC)C(C(CO)=O)O)CO)O)=CC=C2OC4=CC(C(C(COC5=CC=C(C=C5)C(C(CO)=O)O)=O)O)=CC=C4O)=C1,,,,6.342422680822207,10.1007_s10924-018-1311-7_part_1.txt_¶Î1_Material1
[*]C1OC(CCC)OC(C[*])C1,[*]C(NC1=C(C)C(NC(OCCO[*])=O)=CC=C1)=O,,,,6.079181246047625,10.1590_0104-1428.1944_part_1.txt_¶Î1_Material1
C=C([CH3])C(=O)O[CH3],[*]CC(COC1=CC=C(C=C1)C(C)(C)C2=CC=C(C=C2)O[*])O,[H][Si]([H])([H])[H],,,6.3979400086720375,10.1016_j.polymer.2016.02.042_part_3.txt_¶Î1_Material1
[*]C(N(CN(C(OCOC(N(CN(C(OCCO[*])=O)[H])[H])=O)=O)[H])[H])=O,[H]N(C1=CC=C(C=C1)CC2=CC=C(C=C2)N(C(OCCO[*])=O)[H])C([*])=O,,,,5.949390006644912,10.1080_03602559.2013.820757_part_2.txt_¶Î1_Material1
[*]C([C@H](C)OC([C@H](C)O[*])=O)=O,O=C(C1=CC=C(C=C1)C(OCC[*])=O)O[*],,,,6.170555058521209,10.1080_00222341003652260_part_2.txt_¶Î1_Material1
[*]C(N(CN(C(OCOC(N(CN(C(OCCO[*])=O)[H])[H])=O)=O)[H])[H])=O,O=C(C1=CC=CC=C1C(OCC=C)=O)OCC=C,,,,4.474216264076255,10.1016_j.eurpolymj.2014.11.036_part_2.txt_¶Î1_Material1
OP(O)(O)=O,O=C([*])CCCCCN[*],,,,5.741151598851785,10.1002_masy.201400114_part_1.txt_¶Î1_Material1
FC(F)([*])C([H])([*])[H],[*]OCC[*],,,,4.94299959336604,10.1016_j.desal.2013.04.001_part_2.txt_¶Î1_Material1
[*]CC(C1=CC=CC=C1)[*],[*]C1C(OC(C(O)C1O)OC2C(O)C(O)C(OC2C(O[Na])=O)O[*])C(O[Na])=O,,,,6.278753600952829,10.1021_bm300609c_part_1.txt_¶Î1_Material1
[*]CC[*],[*]CC[*],[*]C(C)C[*],,,5.73933496019608,10.1016_j.polymertesting.2017.05.006_part_4.txt_¶Î1_Material3
[*]O[C@H](C)CC([*])=O,[*]OCCCCOC(CCC([*])=O)=O,,,,6.653212513775344,10.1002_pi.6282_part_3.txt_¶Î1_Material2
[*]C([H])([H])C(O)([H])[*],O=C(OOC(=O)C1=CC=CC=C1)C1=CC=CC=C1,,,,6.658964842664435,10.1080_14658011.2021.1913384_part_2.txt_¶Î1_Material4
[*]C([C@H](C)OC([C@H](C)O[*])=O)=O,[*]C(CCCCC(OCCCCO[*])=O)=O,,,,6.204119982655925,10.1016_j.eurpolymj.2018.01.037_part_3.txt_¶Î1_Material2
COC1=CC(/C=C/C=O)=CC(OC2=CC(C(C(OC3=CC=C(C=C3OC)C(C(CO)=O)O)CO)O)=CC=C2OC4=CC(C(C(COC5=CC=C(C=C5)C(C(CO)=O)O)=O)O)=CC=C4O)=C1,[*]CC(C#N)[*],,,,6.7831886910752575,10.1007_s12221-017-7363-9_part_3.txt_¶Î1_Material1
[*]OCC1C(C(C(CC1CO)COCC2C(C(C(CC2CO)C[*])O)COCC3C(C(C(C(O3)CO)O)O)COCC4C(C(C(C(O4)C(O)=O)COCC5C(C(C(C(O5)C(O)=O)O)O)O)O)O)O)O,[*]C1C(OC(C(C1O)O)OC2C(OC(C(C2O)O)O[*])CO)CO,,,,5.079181246047625,10.1016_j.trgeo.2020.100385_part_6.txt_¶Î1_Material1
[*]C(CCCCCO[*])=O,[Fe]12O[Fe]O[Fe](O2)O1,,,,3.845098040014257,10.3390_ijms151018466_part_3.txt_¶Î1_Material1
[*]NC(C)C(N1CCCC1C([*])=O)=O,OCC(O)CO,,,,5,10.1016_j.foodhyd.2018.08.016_part_1.txt_¶Î1_Material1
[*]CC(C#N)[*],[*]NCC(NC(C(ONCC(NC(C(NCC(NC(C([*])=O)C)=O)=O)C)=O)=O)CO)=O,,,,6.176091259055681,10.3390_polym12092102_part_2.txt_¶Î1_Material1
[*]C1C(OC(C(C1O)O)OC2C(OC(C(C2O)O)O[*])CO)CO,[*]C(CCCCCO[*])=O,O=C(N)N,,,5.6020599913279625,10.1016_j.carbpol.2017.03.051_part_3.txt_¶Î1_Material3
[*]C1=CC(C2=NC3=CC(C4=CC=C5N=C([*])NC5=C4)=CC=C3N2)=CC=C1,[*]C1=C(C=CN2)C2=C([*])C(O)=C1O,,,,6.763427993562937,10.1002_app.39324_part_1.txt_¶Î1_Material1
[*]CC[*],[*]CCC(CCCC(CCCC(C[*])C)C)C,,,,6.017033339298781,10.1080_03602559.2010.482087_part_1.txt_¶Î1_Material1
[*]C(NC1=C(C)C(NC(OCCO[*])=O)=CC=C1)=O,[*]CCC(CCCC(CCCC(C[*])C)C)C,OC1=C2C(C3(O)C4C5C6=C7C8C(C9=CC(C(O)=O)=C(C=C(C=C%10C(O)=O)C%11%12)C(C%11=C%13C%14C%15%16C%17(O%16)C%18C%19=C%20C%21=C%22C(C(O)=C%23)=C%24C%25C%21=C%26C%19=C%27C%17=C%28C%14(O)C%12=C%10C=C%28CC%27=CC%26=CC%25=C(C(O)=O)C=C%24)C9=C7C%13(O)C5=C%15C3=C%18C%29%30C%20(O%30)C%31C%22C%23=C%32)=CC(C(O)=O)=CC8=CC6=C(C(O)=O)C4=C2)=C%29C%33=C%31C%32=C(C(O)=O)C=C%331,,,5.409933123331294,10.1016_j.matdes.2012.12.077_part_1.txt_¶Î1_Material1
[*]CC(C(OC)=O)(CC(C/C=C/CCC(C1=CC=CC=C1)[*])C#N)C,[*]CC(CC(C#N)[*])C1=CC=CC=C1,,,,6.012837224705172,10.1177_0892705711423953_part_2.txt_¶Î1_Material1
O=C(C1=CC=C(C=C1)C(OCC[*])=O)O[*],O=C([*])C(C)O[*],[H]O[H],,,6.109915863023793,10.1016_j.polymdegradstab.2011.10.017_part_1.txt_¶Î1_Material1
O=C(C1=CC=C(C=C1)C(OCC[*])=O)O[*],O=C([*])C1=CC=C2C=C(C=CC2=C1)OC(C3=CC=C(C=C3)O[*])=O,,,,6.099231615080882,10.1016_j.compscitech.2012.01.008_part_1.txt_¶Î1_Material1
[*]CC[*],[*]C1=C(O)C(C(C)(C)C)=C(O)C(C)=C1SS[*],,,,6.079181246047625,10.3390_app9245430_part_1.txt_¶Î1_Material1
[*]C([C@H](C)OC([C@H](C)O[*])=O)=O,[*]NC(C)C(N1CCCC1C([*])=O)=O,,,,6.146128035678238,10.3390_ma8020408_part_2.txt_¶Î1_Material2
O=C([*])CCCCCN[*],[*]CCCC([*])OC(C)=O,,,,6.32221929473392,10.4028_www.scientific.net_amm.735.61_part_1.txt_¶Î1_Material1
[*]C([H])([H])C(O)([H])[*],[*]CC(C#N)[*],[H]Cl,,,5.181557773862786,10.1016_j.compositesb.2013.09.010_part_1.txt_¶Î1_Material1
[*]OCCOC(CC(C([*])=O)C(C1CCCCC1)CC(CC(O)=O)C(OCCO)=O)=O,O=[Al]O[Al]=O,,,,6.623249290397901,10.1016_j.jestch.2016.10.016_part_3.txt_¶Î1_Material2
[*]OCC[*],O=C(C1=CC=C(C([*])=O)C=C1)NC2=CCC(N[*])C=C2,,,,6.505149978319906,10.1155_2013_671481_part_1.txt_¶Î1_Material1
[*]C(C)C[*],CC1=CC(C)=C(C(C)=C1)C(P(C2=CC=CC=C2)(C3=CC=CC=C3)=O)=O,,,,6.161368002234975,10.1016_j.icheatmasstransfer.2010.12.030_part_2.txt_¶Î1_Material2
O=S(C(C=C1)=CC=C1OC(C=C2)=CC=C2C(C)(C)C(C=C3)=CC=C3O[*])(C4=CC=C([*])C=C4)=O,[*]OCC[*],,,,6.423245873936808,10.1007_s00289-019-03031-3_part_3.txt_¶Î1_Material1
[*]OCC[*],O=C([*])C(C)O[*],,,,6.225309281725863,10.4325_seikeikakou.23.561_OA_part_1.txt_¶Î1_Material1
O=C([*])C(C)O[*],[*]CCCC(CCCCCC)[*],,,,6.3979400086720375,10.4028_www.scientific.net_msf.953.47_part_1.txt_¶Î1_Material1
O=C(C1=CC=C(C=C1)C(OCC[*])=O)O[*],CC(C=C([*])C=C1C)=C1O[*],,,,6.361727836017593,10.1007_s13233-020-8075-3_part_2.txt_¶Î1_Material2
[*]C1C(OC(C(O)C1O)OC2C(O)C(O)C(OC2C(O[Na])=O)O[*])C(O[Na])=O,O=C(C(C[*])[*])N,,,,1.7084209001347128,10.1007_s10570-020-03606-8_part_1.txt_¶Î1_Material1
O=C(O[*])CCCCCCCCCCN[*],OC1=C2C(C3(O)C4C5C6=C7C8C(C9=CC(C(O)=O)=C(C=C(C=C%10C(O)=O)C%11%12)C(C%11=C%13C%14C%15%16C%17(O%16)C%18C%19=C%20C%21=C%22C(C(O)=C%23)=C%24C%25C%21=C%26C%19=C%27C%17=C%28C%14(O)C%12=C%10C=C%28CC%27=CC%26=CC%25=C(C(O)=O)C=C%24)C9=C7C%13(O)C5=C%15C3=C%18C%29%30C%20(O%30)C%31C%22C%23=C%32)=CC(C(O)=O)=CC8=CC6=C(C(O)=O)C4=C2)=C%29C%33=C%31C%32=C(C(O)=O)C=C%331,,,,6.071882007306125,10.1016_j.compositesb.2013.05.055_part_2.txt_¶Î1_Material1
[*]O[C@H](C)CC([*])=O,OP(O)(O)=O,,,,6.698970004336019,10.1002_pi.6282_part_3.txt_¶Î1_Material1
[*]CCCCO[*],CC1(CC(CC(C)(C1)C)N=C=O)CN=C=O,[Ag+],,,3.618048096712093,10.1039_d0nj02671a_part_1.txt_¶Î1_Material1
[*]OCCOC(CC(C([*])=O)C(C1CCCCC1)CC(CC(O)=O)C(OCCO)=O)=O,[*]C1=C(C(C[*])=CC=C1)O,,,,5.732393759822968,10.1007_s12221-016-5888-y_part_2.txt_¶Î1_Material1
OCC1OC(C(C(C1[*])O)O)OC2C(C(C(OC2CO)O[*])O)O,[*]C1=C(C(C[*])=CC=C1)O,[H]O[H],,,6.69284691927723,10.1007_s10570-012-9815-0_part_2.txt_¶Î1_Material1
OP(O)(O)=O,[*]CC(O)COC(CCCCCCCCC(O[*])=O)=O,,,,5.519827993775719,10.1007_s10924-017-1015-4_part_2.txt_¶Î1_Material1
O=C([*])C(C)O[*],[Al],,,,6.477121254719663,10.3390_ma10080850_part_4.txt_¶Î1_Material5
O=C([*])C(C)O[*],CNC(CNC(CN)=O)=O,,,,6.232996110392154,10.1016_j.ijbiomac.2016.08.034_part_2.txt_¶Î1_Material1
O=C([*])CCCCCN[*],C/C(C[*])=C/C[*],,,,5.503790683057181,10.1002_app.39750_part_2.txt_¶Î1_Material2
[*]CC([*])N1CCCC1=O,OC1=C2C(C3(O)C4C5C6=C7C8C(C9=CC(C(O)=O)=C(C=C(C=C%10C(O)=O)C%11%12)C(C%11=C%13C%14C%15%16C%17(O%16)C%18C%19=C%20C%21=C%22C(C(O)=C%23)=C%24C%25C%21=C%26C%19=C%27C%17=C%28C%14(O)C%12=C%10C=C%28CC%27=CC%26=CC%25=C(C(O)=O)C=C%24)C9=C7C%13(O)C5=C%15C3=C%18C%29%30C%20(O%30)C%31C%22C%23=C%32)=CC(C(O)=O)=CC8=CC6=C(C(O)=O)C4=C2)=C%29C%33=C%31C%32=C(C(O)=O)C=C%331,,,,5.404491617758686,10.1002_app.51291_part_2.txt_¶Î1_Material5
[*]C(CCCCCO[*])=O,OCC(C(C(C1N)O)O[*])OC1OC2C(OC(C(C2O)N)[*])CO,OCC(C(C(C1N)O)O[*])OC1OC2C(OC(C(C2O)N)[*])CO,,,5.851258348719076,10.1177_0885328217733849_part_2.txt_¶Î1_Material3
[*]C(CCCCCO[*])=O,O=C=NCCCCCCN=C=O,CCCC[Sn](CCCC)(OC(CCCCCCCCCCC)=O)OC(CCCCCCCCCCC)=O,,,3.342422680822206,10.1039_c7tb00419b_part_2.txt_¶Î1_Material1
[*]C1C(O)C(O)C(OC2C(O)C(O)C(O[*])OC2COCCO)OC1COCCO,OCC(O)CO,,,,5.462847035831674,10.1007_s10570-019-02501-1_part_1.txt_¶Î1_Material2
[*]OCCCOC(C1=CC=C(C([*])=O)C=C1)=O,O=C(C1=CC=C(C=C1)C(OCC[*])=O)O[*],,,,6.3979400086720375,10.1002_adv.21443_part_1.txt_¶Î1_Material1
[*]C([H])([H])C(O)([H])[*],O=[Ca].[O-][Si]([O-])([O-])[O-].[Ca+2].[Ca+2],,,,7.603144372620182,10.1016_j.conbuildmat.2013.08.035_part_2.txt_¶Î1_Material1
[*]OC(C(C1O)O)OC(COC)C1OC(OC(C(C2O)OC3OC(C(C(C3OC)O)OC4OC(C(C(C4OC)O)[*])COC)CO)COC)C2OCC(OC)C,OCC1OC(OC2C(O)C(O)C(O[*])OC2CO)C(O)C(O)C1[*],,,,6.2552725051033065,10.1021_acssuschemeng.8b01855_part_1.txt_¶Î1_Material1
[*]C(CCCCCO[*])=O,OCC(C(C(C1N)O)O[*])OC1OC2C(OC(C(C2O)N)[*])CO,[*]OC1C(C(O)=O)OC(OC2C(NC(C)=O)C([*])OC(CO)C2O)C(O)C1O,,,4.049218022670182,10.1016_j.carbpol.2014.10.071_part_4.txt_¶Î1_Material1
OCC1OC(C(C(C1[*])O)O)OC2C(C(C(OC2CO)O[*])O)O,[*]NC(C)C(N1CCCC1C([*])=O)=O,,,,6.698970004336019,10.1007_s10570-014-0372-6_part_2.txt_¶Î1_Material1
[*]C(C(O[*])C)=O,OCC1OC(C(C(C1[*])O)O)OC2C(C(C(OC2CO)O[*])O)O,,,,6.414973347970818,10.3390_ma12203435_part_2.txt_¶Î1_Material4
O=C([*])C(C)O[*],O=C(CCCCC(NCCCCCCCCCCN[*])=O)[*],,,,6.539076098792776,10.1177_0095244318825286_part_3.txt_¶Î1_Material1
[*]NC(C(N1CCCC1C(NCC(N2CC(CC2C(NC(C(NCC([*])=O)=O)CO)=O)O)=O)=O)=O)CCCCN,[*][C@H](O[C@@H]1CO)[C@@H](O)[C@@H](O)[C@@H]1O[C@@H]2O[C@@H]([C@@H](O[*])[C@H](O)[C@@H]2O)CO[C@H]3O[C@H](CO)[C@H](O)[C@H](O)[C@H]3O,,,,5.609807769328702,10.3390_foods10081761_part_3.txt_¶Î1_Material3
CC(C=C([*])C=C1C)=C1O[*],[*]CC(CC(C#N)[*])C1=CC=CC=C1,,,,6.3979400086720375,10.1007_s00396-021-04820-x_part_2.txt_¶Î1_Material2
[*]CC(CC[*])O,COC1=CC(/C=C/C=O)=CC(OC2=CC(C(C(OC3=CC=C(C=C3OC)C(C(CO)=O)O)CO)O)=CC=C2OC4=CC(C(C(COC5=CC=C(C=C5)C(C(CO)=O)O)=O)O)=CC=C4O)=C1,,,,5.176091259055681,10.1016_j.eurpolymj.2017.04.035_part_4.txt_¶Î1_Material2
C/C(C[*])=C/C[*],C=C([CH3])C(=O)O[CH3],,,,3.633468455579586,10.1002_app.43843_part_2.txt_¶Î1_Material1
[*]CC([*])N1CCCC1=O,[*]C(CCCCCO[*])=O,,,,5.548757828573704,10.1016_j.molliq.2021.117409_part_2.txt_¶Î1_Material3
[*]CC(C#N)[*],C[Si](C)(C[*])O[*],,,,3.096910013008056,10.1039_c8sm01271g_part_4.txt_¶Î1_Material1
O=C([*])CCCCCN[*],[*]C([H])([H])C(O)([H])[*],,,,6.278753600952829,10.1016_j.compositesb.2014.12.009_part_3.txt_¶Î1_Material1
[*]C(C(OC(CO[*])=O)C)=O,[*]C(CCCCCO[*])=O,[*]C1=C(C=CN2)C2=C([*])C(O)=C1O,,,4.750508394851346,10.1021_acsami.9b07053_part_4.txt_¶Î1_Material3
[*]OCC[*],[*]C([H])([H])C(O)([H])[*],OC1=C2C(C3(O)C4C5C6=C7C8C(C9=CC(C(O)=O)=C(C=C(C=C%10C(O)=O)C%11%12)C(C%11=C%13C%14C%15%16C%17(O%16)C%18C%19=C%20C%21=C%22C(C(O)=C%23)=C%24C%25C%21=C%26C%19=C%27C%17=C%28C%14(O)C%12=C%10C=C%28CC%27=CC%26=CC%25=C(C(O)=O)C=C%24)C9=C7C%13(O)C5=C%15C3=C%18C%29%30C%20(O%30)C%31C%22C%23=C%32)=CC(C(O)=O)=CC8=CC6=C(C(O)=O)C4=C2)=C%29C%33=C%31C%32=C(C(O)=O)C=C%331,,,6.2405492482826,10.1007_s10008-019-04359-6_part_2.txt_¶Î1_Material1
C12=C3C(C=CC4C3=C5C(CC6=CC7=C8C9=C(C(C=C%10)=CC=C9C=C7)C%11=C%10C%12)=CC4)=CC=C1C=C%12C%13=C%11C8=C6C5=C2%13,[*]C([H])([H])C(O)([H])[*],,,,6.81888541459401,10.1038_s41598-020-77139-2_part_1.txt_¶Î1_Material1
O=C([*])C1=CC=C(C=C1)OC2=CC=C(C=C2)OC3=CC=C(C=C3)[*],[*]C(CCCCCO[*])=O,,,,6.008600171761918,10.1007_s10853-019-03728-w_part_2.txt_¶Î1_Material2
OCC1OC(C(C(C1[*])O)O)OC2C(C(C(OC2CO)O[*])O)O,[H]Cl,,,,6.491361693834273,10.1007_s10570-014-0493-y_part_3.txt_¶Î1_Material1
[*]CC(C1=CC=CC=C1)[*],COC1=CC(/C=C/C=O)=CC(OC2=CC(C(C(OC3=CC=C(C=C3OC)C(C(CO)=O)O)CO)O)=CC=C2OC4=CC(C(C(COC5=CC=C(C=C5)C(C(CO)=O)O)=O)O)=CC=C4O)=C1,,,,6.027757204690554,10.1002_pc.22154_part_2.txt_¶Î1_Material1
O=C([*])C(C)O[*],[*]OC(C1=CC=C(C(OCCCCOC(CCCCC([*])=O)=O)=O)C=C1)=O,,,,6.785329835010767,10.1007_s10853-013-7431-5_part_3.txt_¶Î1_Material1
OCC1OC(C(C(C1O)O[*])O)OC2C(C(C(OC2COS(=O)(O)=O)[*])NC(C)=O)O,OCC(C(C(C1N)O)O[*])OC1OC2C(OC(C(C2O)N)[*])CO,,,,5.181843587944773,10.1002_pen.23928_part_1.txt_¶Î1_Material2
[*]CC[*],[CH3]C1=C([CH3])C2=C(C([CH3])=C1O)CCC([CH3])(CCCC([CH3])CCCC([CH3])CCCC([CH3])[CH3])O2,,,,5.204445581433068,10.1016_j.eurpolymj.2015.12.028_part_2.txt_¶Î1_Material2
O=C(O)C1=CC=C([N+]([O-])=O)C=C1,[*]CC(C1=CC=CC=C1)[*],,,,6.079181246047625,10.1016_j.polymer.2016.09.071_part_2.txt_¶Î1_Material1
OP(O)(O)=O,[*]C(C1=CC=C(C(OCCCCO[*])=O)C=C1)=O,,,,5.819543935541868,10.1007_s13233-017-5011-2_part_2.txt_¶Î1_Material1
O=C(OC1=CC=C(C=C1)C(C)(C)C2=CC=C(C=C2)O[*])[*],,,,,6.278753600952829,10.1002_app.44537_part_1.txt_¶Î1_Material1
[*]C(C)C[*],[*]C(C1=CC=C(C(OCCCCO[*])=O)C=C1)=O,,,,6.230448921378274,10.1002_pi.5522_part_3.txt_¶Î1_Material1
[*]CC([*])N1CCCC1=O,C[Si](C)(C[*])O[*],,,,3.397940008672037,10.1016_j.porgcoat.2020.105975_part_1.txt_¶Î1_Material1
[*]NC(C1=CC=C2C(C(N(C2=O)C3=CC=C(C=C3)CC4=CC=C([*])C=C4)=O)=C1)=O,O=[Si]=O,,,,6.823474229170301,10.1016_j.porgcoat.2015.03.003_part_1.txt_¶Î1_Material1
[*]CC(C1=CC=C(C=C1)S(O)(=O)=O)[*],C12=C3C(C=CC4C3=C5C(CC6=CC7=C8C9=C(C(C=C%10)=CC=C9C=C7)C%11=C%10C%12)=CC4)=CC=C1C=C%12C%13=C%11C8=C6C5=C2%13,,,,6.146128035678238,10.1021_acsaem.0c00001_part_1.txt_¶Î1_Material1
O=C([*])C(C)O[*],O=C([*])CCCCCCCCCCC(NCCCCCCCCCCN[*])=O,,,,6.460145817491751,10.1002_app.48440_part_2.txt_¶Î1_Material1
[*]C(NC1=C(C)C(NC(OCCO[*])=O)=CC=C1)=O,O=C([*])C(C)O[*],,,,6.041392685158225,10.1007_s10856-017-5999-z_part_2.txt_¶Î1_Material1
[*]CCC(CCCCCC)C[*],C=C([CH3])C(=O)OC([CH3])[CH3],,,,6.204119982655925,10.3390_polym10030291_part_3.txt_¶Î1_Material2
O=C([*])C1=CC=C(C=C1)OC2=CC=C(C=C2)OC3=CC=C(C=C3)[*],NC1=NC2=C(N=CN2C2O[C@H](COP(=O)(O)OP(=O)(O)O)[C@H](O)[C@@H]2O)C(=O)N1,,,,6.690196080028514,10.1002_pc.24250_part_2.txt_¶Î1_Material1
[*]OCCOC(CC(C([*])=O)C(C1CCCCC1)CC(CC(O)=O)C(OCCO)=O)=O,O=[Zr]=O,,,,6.653212513775344,10.1016_j.jestch.2016.10.016_part_3.txt_¶Î1_Material1
FC(F)([*])C([H])([*])[H],[*]C1OC(CCC)OC(C[*])C1,,,,5.4281347940287885,10.1002_mame.201600272_part_1.txt_¶Î1_Material1
[*]C1=C(C=CN2)C2=C([*])C(O)=C1O,[*]OCC[*],,,,5.27415784926368,10.1039_c9tb02769f_part_6.txt_¶Î1_Material1
O=C(C1=CC=C(C=C1)C(OCC[*])=O)O[*],[*]CC(C1=CC=CC=C1)[*],,,,5.48572142648158,10.1016_j.polymertesting.2020.106755_part_1.txt_¶Î1_Material3
OP(O)(O)=O,[*]CC[*],,,,5.977723605288848,10.1016_j.polymdegradstab.2019.03.009_part_3.txt_¶Î1_Material1
[*]C(C1=CC=C(C(OCCCCO[*])=O)C=C1)=O,[*]CC(C#N)[*],,,,6.3979400086720375,10.3144_expresspolymlett.2012.49_part_2.txt_¶Î1_Material2
O=C([*])OC1=CC=C(C=C1)C(C)(C)C2=CC=C(C=C2)O[*],C=C([CH3])C(=O)O[CH3],,,,6.068185861746161,10.1002_pen.21879_part_2.txt_¶Î1_Material1
[*]C([H])([H])C(O)([H])[*],O=C(O)CCCCCCCCCCCCCCCCC,,,,5.201397124320452,10.1038_s41598-018-34440-5_part_2.txt_¶Î1_Material1
O=C([*])C1=CC=C(C=C1)C(C2=CC=C(C=C2)OC3=CC=C([*])C=C3)=O,[*]C(CCCCCO[*])=O,,,,5.745855195173729,10.1016_j.jmbbm.2015.12.034_part_1.txt_¶Î1_Material1
C=C([CH3])C(=O)O[CH3],[*]CC(COC1=CC=C(C=C1)C(C)(C)C2=CC=C(C=C2)O[*])O,,,,6.5910646070265,10.1002_app.43532_part_1.txt_¶Î1_Material1
OCC(C(C(C1N)O)O[*])OC1OC2C(OC(C(C2O)N)[*])CO,O=C([H])[H],,,,7.117271295655764,10.1039_b914798e_part_2.txt_¶Î1_Material6
O=S(C(C=C1)=CC=C1OC(C=C2)=CC=C2C(C)(C)C(C=C3)=CC=C3O[*])(C4=CC=C([*])C=C4)=O,[*]CC([*])N1CCCC1=O,,,,4.666517980554881,10.1002_app.40616_part_2.txt_¶Î1_Material6
[*]CCCC([*])OC(C)=O,[*]C(CCCCCO[*])=O,,,,5.311753861055754,10.1007_s10973-013-3004-8_part_1.txt_¶Î1_Material1
[*]C(C(O[*])C)=O,[*]C(C(OC(CO[*])=O)C)=O,,,,6.146128035678238,10.1080_03602551003681846_part_1.txt_¶Î1_Material3
FC(F)([*])C([H])([*])[H],[*]CC([*])N1CCCC1=O,,,,6.32221929473392,10.3390_polym12102378_part_5.txt_¶Î1_Material3
[*]C1C(C(C(OC1C(O[Na])=O)OC2C(C(O[Na])=O)OC(O[*])C(O)C2O)O)O,OC[C@@H]([C@H]([C@@H]([C@@H](CO)O)O)O)O,,,,6.310693312343361,10.1007_s10570-019-02308-0_part_2.txt_¶Î1_Material1
[*]NCCCCCCCCCCCC([*])=O,O=[Si]=O,,,,5.431363764158987,10.1038_s41529-022-00278-6_OA_part_1.txt_¶Î1_Material1
[*]CC[*],[*]C(CCCCC(OCCCCO[*])=O)=O,,,,5.093421685162235,10.1088_1757-899x_965_1_012020_part_1.txt_¶Î1_Material2
O=C([*])C1=CC=C(C=C1)OC2=CC=C(C=C2)OC3=CC=C(C=C3)[*],[C],,,,6.629409599102719,10.1002_pc.24250_part_2.txt_¶Î1_Material3
[*]CC(OC(O[*])=O)C,[*]CCCC([*])OC(C)=O,,,,5.963787827345556,10.1007_s00289-015-1310-y_part_1.txt_¶Î1_Material1
[*]O[C@H](C)CC([*])=O,[*]OC(CC(OC(CC([*])=O)CC)=O)C,,,,5.934498451243568,10.1016_j.compositesa.2019.05.005_part_2.txt_¶Î1_Material2
[*]CC[*],COC1=CC(/C=C/C=O)=CC(OC2=CC(C(C(OC3=CC=C(C=C3OC)C(C(CO)=O)O)CO)O)=CC=C2OC4=CC(C(C(COC5=CC=C(C=C5)C(C(CO)=O)O)=O)O)=CC=C4O)=C1,,,,5.301029995663981,10.1016_j.eurpolymj.2017.04.035_part_4.txt_¶Î1_Material1
O=C([*])C(C)O[*],OC1=C(C=CC=C1CC2=CC=CC([*])=C2O)CC3=CC=CC([*])=C3O,,,,6.903089986991944,10.1016_j.compositesa.2013.06.003_part_1.txt_¶Î1_Material1
[*]C1C(C(C(OC1C(O[Na])=O)OC2C(C(O[Na])=O)OC(O[*])C(O)C2O)O)O,[*]CC(C#N)[*],OC1=C2C(C3(O)C4C5C6=C7C8C(C9=CC(C(O)=O)=C(C=C(C=C%10C(O)=O)C%11%12)C(C%11=C%13C%14C%15%16C%17(O%16)C%18C%19=C%20C%21=C%22C(C(O)=C%23)=C%24C%25C%21=C%26C%19=C%27C%17=C%28C%14(O)C%12=C%10C=C%28CC%27=CC%26=CC%25=C(C(O)=O)C=C%24)C9=C7C%13(O)C5=C%15C3=C%18C%29%30C%20(O%30)C%31C%22C%23=C%32)=CC(C(O)=O)=CC8=CC6=C(C(O)=O)C4=C2)=C%29C%33=C%31C%32=C(C(O)=O)C=C%331,,,6.686636269262293,10.1016_j.memsci.2014.06.053_part_2.txt_¶Î1_Material2
OP(O)(O)=O,[*]NCCCCCCCCCCCC([*])=O,,,,5.19200959265367,10.1016_j.matpr.2019.06.245_part_2.txt_¶Î1_Material4
[*]C(C1=CC=C(C(OCCCCO[*])=O)C=C1)=O,[*]CCCCO[*],,,,6.176091259055681,10.1002_pen.24792_part_1.txt_¶Î1_Material1
[*]CC(CC=CCC([*])C1=CC=CC=C1)C#N,O=C([*])OC1=CC=C(C=C1)C(C)(C)C2=CC=C(C=C2)O[*],,,,6.380211241711606,10.1002_app.51250_part_2.txt_¶Î1_Material2
[*]C(C)C[*],OCC1OC(OC2C(O)C(O)C(O[*])OC2CO)C(O)C(O)C1[*],,,,6.2552725051033065,10.1007_s10570-020-03448-4_part_2.txt_¶Î1_Material1
[*]C(C=C1)=CC=C1S[*],[*]OCCCCOC(CCC([*])=O)=O,,,,4.858537197569639,10.1021_acs.iecr.5b00637_part_2.txt_¶Î1_Material3
[*]NC(C(O)=O)CCC([*])=O,O=[Si]=O,,,,6.278753600952829,10.1016_j.actbio.2013.04.037_part_2.txt_¶Î1_Material1
O=C([*])CCCCCN[*],[*]C(F)(C(F)([*])F)F,,,,6.3979400086720375,10.1177_1350650113495530_part_1.txt_¶Î1_Material3
C[Si](C)(C[*])O[*],[*]OCC[*],O=[Ti]=O,,,3.2121876044039577,10.1142_s2339547817300013_part_1.txt_¶Î1_Material1
C=C([CH3])C(=O)O[CH3],OCC1OC(C(C(C1[*])O)O)OC2C(C(C(OC2CO)O[*])O)O,,,,6.6020599913279625,10.1021_acsomega.9b00388_part_2.txt_¶Î1_Material1
[*]C(CCCCC(OCCCCOC(C1=CC=C(C(OCCCCO[*])=O)C=C1)=O)=O)=O,[Mg],,,,4.949390006644912,10.1002_pen.24347_part_1.txt_¶Î1_Material1
O=C(C1=CC=C(C=C1)C(OCC[*])=O)O[*],C=C([CH3])C(=O)O[CH3],,,,6.409933123331294,10.1016_j.polymdegradstab.2017.11.001_part_6.txt_¶Î1_Material1
OCC(C(C(C1N)O)O[*])OC1OC2C(OC(C(C2O)N)[*])CO,[*]C([H])([H])C(O)([H])[*],[*]C1C(C(C(OC1C(O[Na])=O)OC2C(C(O[Na])=O)OC(O[*])C(O)C2O)O)O,,,6.113943352306837,10.1016_j.carbpol.2015.11.039_part_2.txt_¶Î1_Material1
[*]CC([*])CC,,,,,5.123851640967086,10.1016_j.polymer.2021.123408_part_2.txt_¶Î1_Material1
OCC(C(C(C1N)O)O[*])OC1OC2C(OC(C(C2O)N)[*])CO,[*]C([H])([H])C(O)([H])[*],OCC1OC(C(C(C1[*])O)O)OC2C(C(C(OC2CO)O[*])O)O,,,6.176091259055681,10.1016_j.carbpol.2015.11.039_part_2.txt_¶Î1_Material2
OCC(C(C(C1N)O)O[*])OC1OC2C(OC(C(C2O)N)[*])CO,[*]C([H])([H])C(O)([H])[*],C=CC(OCCCC)=O,,,6.2552725051033065,10.1016_j.carbpol.2015.11.039_part_2.txt_¶Î1_Material3
[*]CC(COC1=CC=C(C=C1)C(C)(C)C2=CC=C(C=C2)O[*])O,O=C(C1=CC=C(C=C1)C(OCC[*])=O)O[*],O=[Ti]=O,,,6.6020599913279625,10.1016_j.porgcoat.2010.09.029_part_2.txt_¶Î1_Material1
[*]C(CCCCCO[*])=O,ON1C(=O)CCC1=O,,,,3.719331286983728,10.1021_acsabm.0c01084_part_2.txt_¶Î1_Material1
[*]C1C(C(C(OC1C(O[Na])=O)OC2C(C(O[Na])=O)OC(O[*])C(O)C2O)O)O,[*]CC(C(OCC)=O)[*],,,,6.386677283960838,10.3390_polym13040504_part_2.txt_¶Î1_Material3
[*]C1C(C(C(OC1C(O[Na])=O)OC2C(C(O[Na])=O)OC(O[*])C(O)C2O)O)O,[*]CC(C#N)[*],,,,6.707570176097937,10.1016_j.memsci.2014.06.053_part_2.txt_¶Î1_Material1
[*]OC(CC(OC(CC([*])=O)CC)=O)C,[O-][Si]([O-])([O-])O[Si]([O-])([O-])[O-].[Ca+2],,,,5.729731595287036,10.1016_j.jmbbm.2014.08.010_part_2.txt_¶Î1_Material1
O=C([*])CCCCCN[*],[*]C(CCCCCO[*])=O,,,,6.079181246047625,10.1088_1748-605x_aa6306_part_2.txt_¶Î1_Material1
OCC1OC(C(C(C1[*])O)O)OC2C(C(C(OC2CO)O[*])O)O,[*]CC(C#N)[*],[H]Cl,,,6.3979400086720375,10.1007_s10570-012-9754-9_part_2.txt_¶Î1_Material1
[*]C(C1=CC=C(C(OCCCCO[*])=O)C=C1)=O,[*]NCC(NC(C(ONCC(NC(C(NCC(NC(C([*])=O)C)=O)=O)C)=O)=O)CO)=O,,,,6.419955748489758,10.1007_s00289-011-0509-9_part_2.txt_¶Î1_Material2
OCC1OC(C(C(C1[*])O)O)OC2C(C(C(OC2CO)O[*])O)O,[*]CC(C#N)[*],[H]O[H],,,6.3979400086720375,10.1007_s10570-012-9754-9_part_2.txt_¶Î1_Material2
[*]CC(C1=CC=CC=C1)[*],O=C(O)C1=CC=C([N+]([O-])=O)C=C1,,,,5.113943352306837,10.1007_s00396-017-4072-2_part_2.txt_¶Î1_Material1
[*]CC[*],[*]O[C@H](C)CC([*])=O,,,,5.899820502427096,10.3389_fmats.2020.00031_part_2.txt_¶Î1_Material1
O=C(O[Na])COCC(OC(C(C1O)O)[*])C1OC(C(C(C2O[*])O)O)OC2COCC(O[Na])=O,C=CC1=CC=CC=C1,,,,6.217533951002396,10.1016_j.carbpol.2015.04.051_part_7.txt_¶Î1_Material1
O=C([*])C(C)O[*],[Ca+2],,,,5.378361556792972,10.1515_epoly-2020-0046_part_4.txt_¶Î1_Material1
O=C([*])C(C)O[*],NC1=NC2=C(N=CN2C2O[C@H](COP(=O)(O)OP(=O)(O)O)[C@H](O)[C@@H]2O)C(=O)N1,,,,6.691700208290161,10.1016_j.proeng.2015.08.004_part_1.txt_¶Î1_Material2
[*]NCC(NC(C(ONCC(NC(C(NCC(NC(C([*])=O)C)=O)=O)C)=O)=O)CO)=O,NC(C=O)C(O)C(OC1OC(C(=O)O)=CC(O)C1OS(O)(=O)=O)C(O)CO,,,,4.635684762547222,10.1080_09205063.2020.1758876_part_1.txt_¶Î1_Material2
[*]CC(CC=CCC([*])C1=CC=CC=C1)C#N,[*]C(C)C[*],,,,5.603198520676098,10.14419_ijet.v7i3.34.19334_part_1.txt_¶Î1_Material1
[*]C(C)C[*],[*]CC(C1=CC=C(C=C1)S(O)(=O)=O)[*],,,,6.096910013008056,10.1016_j.eurpolymj.2009.07.019_part_1.txt_¶Î1_Material3
OP(O)(O)=O,O=C(C1=CC=C(C=C1)C(OCC[*])=O)O[*],,,,6.176091259055681,10.4028_www.scientific.net_kem.798.291_part_1.txt_¶Î1_Material1
[*]CCCC(C(O)=O)[*],,,,,6.778151250383644,10.1007_s10570-018-1875-3_part_2.txt_¶Î1_Material2
[*]C(CCCCC(OCCCCO[*])=O)=O,[*]CC(OC(O[*])=O)C,,,,5.041392685158225,10.1007_s11814-017-0066-5_part_2.txt_¶Î1_Material1
OCC1OC(C(C(C1[*])O)O)OC2C(C(C(OC2CO)O[*])O)O,[Si],,,,6.672097857935717,10.1515_polyeng-2017-0022_part_2.txt_¶Î1_Material3
[*]CCCC(C1C([*])C2CC1C/C2=C/C)C,[*]C(N(CN(C(OCOC(N(CN(C(OCCO[*])=O)[H])[H])=O)=O)[H])[H])=O,,,,3.709269960975831,10.3390_ma11112175_part_2.txt_¶Î1_Material5
O=C1OCCO1,O=C([*])C(C)O[*],,,,6.278753600952829,10.1016_j.polymdegradstab.2019.02.028_part_1.txt_¶Î1_Material1
[*]C(C(OC(CO[*])=O)C)=O,[*]C(CCCCCO[*])=O,,,,5.954242509439325,10.1080_03602551003681846_part_1.txt_¶Î1_Material2
OP(O)(O)=O,OCC1OC(OC2C(O)C(O)C(O[*])OC2CO)C(O)C(O)C1[*],,,,5.859738566197147,10.4028_www.scientific.net_amr.356-360.430_part_1.txt_¶Î1_Material1
[*]OC(C(C1O)O)OC(COC)C1OC(OC(C(C2O)OC3OC(C(C(C3OC)O)OC4OC(C(C(C4OC)O)[*])COC)CO)COC)C2OCC(OC)C,[*]C([H])([H])C(O)([H])[*],,,,6.531478917042255,10.1007_s10570-015-0624-0_part_3.txt_¶Î1_Material1
[*]C(CCCCCO[*])=O,[*]CC(CC(C#N)[*])C1=CC=CC=C1,,,,6.041392685158225,10.1016_j.polymer.2019.121984_part_1.txt_¶Î1_Material2
OP(O)(O)=O,[*]OC(CC(OC(CC([*])=O)CC)=O)C,,,,6.176091259055681,10.1002_app.42815_part_1.txt_¶Î1_Material1
[*]N1C(C2=CC3=C(C=C2C1=O)C(N(C3=O)C4=CC=C(C=C4)OC5=CC=C(C=C5)[*])=O)=O,[*]O[Si](C)(C)[*],,,,6.708420900134713,10.1515_epoly-2024-0104_OA_part_3.txt_¶Î1_Material1
[*]C(C(OC(CO[*])=O)C)=O,[*]NC(C)C(N1CCCC1C([*])=O)=O,,,,4.597695185925512,10.1016_j.ijbiomac.2017.11.117_part_2.txt_¶Î1_Material1
O=C([*])C(C)O[*],[*]CC(CC[*])O,,,,6.324282455297693,10.1021_bm301430j_part_2.txt_¶Î1_Material2
[*]NC(C(N1CCCC1C(NCC(N2CC(CC2C(NC(C(NCC([*])=O)=O)CO)=O)O)=O)=O)=O)CCCCN,C=C(C(OCCOCCOCCOC(C(C)=C)=O)=O)C,,,,6.176091259055681,10.1016_j.msec.2020.110937_part_1.txt_¶Î1_Material1
O=C([*])C(C)O[*],C=C([CH3])C(=O)OC([CH3])[CH3],,,,6.707570176097937,10.1007_s12221-014-1469-0_part_1.txt_¶Î1_Material2
O=[Si]=O,[*]C(C)C[*],,,,6.116607743988248,10.1016_j.compositesb.2016.01.007_part_3.txt_¶Î1_Material1
[*]C/C=C/CCC([*])C#N,[*]C(N(CN(C(OCOC(N(CN(C(OCCO[*])=O)[H])[H])=O)=O)[H])[H])=O,,,,3.833147111912785,10.3390_ma11112175_part_2.txt_¶Î1_Material2
[*]CC(CC=CCC([*])C1=CC=CC=C1)C#N,[*]CC(C1=CC=CC=C1)C/C=C/C[*],,,,6.017033339298781,10.1002_app.47075_part_1.txt_¶Î1_Material1
FC(F)([*])C([H])([*])[H],FC(F)([*])C([H])([*])[H],,,,6.3979400086720375,10.1002_app.45955_part_3.txt_¶Î1_Material1
O=[Al]O[Al]=O,C[Si](O[*])(C)[*],,,,6.707570176097937,10.1016_j.apsusc.2012.12.112_part_1.txt_¶Î1_Material2
[*]CCC(CCCCCC)C[*],OC(C(C)(CC(C1=CC=CC=C1)[*])CC(C[*])(C(OCC2CO2)=O)C)=O,,,,6.230448921378274,10.3390_polym10030291_part_2.txt_¶Î1_Material3
O=S(C(C=C1)=CC=C1OC(C=C2)=CC=C2C(C)(C)C(C=C3)=CC=C3O[*])(C4=CC=C([*])C=C4)=O,[*]CCCCOCCCCOCCCCOCCCCO[*],,,,6.164352855784437,10.1177_0954008315613423_part_2.txt_¶Î1_Material2
[*]OC1=C(C([*])=CC=C1C)C,[*]CC(C1=CC=C(C=C1)S(O)(=O)=O)[*],,,,5.433321711630784,10.1016_j.ijhydene.2021.03.173_part_2.txt_¶Î1_Material1
O=C(C1=CC=C(C=C1)C(OCC[*])=O)O[*],[*]CCCCOCCCCOCCCCOCCCCO[*],,,,6.079181246047625,10.1177_0954008315613423_part_2.txt_¶Î1_Material1
[*]C(CCCCCO[*])=O,O=C([*])OC1=CC=C(C=C1)C(C)(C)C2=CC=C(C=C2)O[*],,,,4.812913356642856,10.1039_c7tb00419b_part_6.txt_¶Î1_Material1
O=C([*])C(C)O[*],[*]C(C(OC(CO[*])=O)C)=O,,,,6.361727836017593,10.1016_j.polymdegradstab.2019.109018_part_2.txt_¶Î1_Material3
OCC1OC(C(C(C1[*])O)O)OC2C(C(C(OC2CO)O[*])O)O,[S],,,,6.037426497940624,10.1007_s10570-020-03593-w_part_2.txt_¶Î1_Material2
[*]CC([*])Cl,[*]CC([*])N1CCCC1=O,,,,6.544068044350276,10.1016_j.memsci.2020.118947_part_1.txt_¶Î1_Material1
O=C(O[*])CCCCCCCCCCN[*],OP(O)(O)=O,,,,5.959041392321094,10.3390_ma12172833_part_2.txt_¶Î1_Material3
[*]C/C=C/CCC(C=C)CC([*])C1=CC=CC=C1,[*]C(N(CN(C(OCOC(N(CN(C(OCCO[*])=O)[H])[H])=O)=O)[H])[H])=O,,,,3.589949601325708,10.3390_ma11112175_part_2.txt_¶Î1_Material4
COC1=CC(/C=C/C=O)=CC(OC2=CC(C(C(OC3=CC=C(C=C3OC)C(C(CO)=O)O)CO)O)=CC=C2OC4=CC(C(C(COC5=CC=C(C=C5)C(C(CO)=O)O)=O)O)=CC=C4O)=C1,OCC1OC(C(C(C1[*])O)O)OC2C(C(C(OC2CO)O[*])O)O,,,,8.099991233544685,10.1038_srep11116_part_2.txt_¶Î1_Material1
[*]C(N(CN(C(OCOC(N(CN(C(OCCO[*])=O)[H])[H])=O)=O)[H])[H])=O,[*]CC(C1=CC=C(C=C1)S(O)(=O)=O)[*],,,,4.3979400086720375,10.1088_1361-665x_ab20a2_part_3.txt_¶Î1_Material1
[*]NC(C)C(N1CCCC1C([*])=O)=O,O=C([*])CCCCCO[*],,,,3.247973266361807,10.2147_ijn.s61375_part_2.txt_¶Î1_Material2
[*]CC(C1=CC=CC=C1)[*],[*]C(CCCCCO[*])=O,,,,5.698970004336019,10.1590_0370-44672017720137_part_2.txt_¶Î1_Material1
O=C([*])C1=CC=C(C=C1)OC2=CC=C(C=C2)OC3=CC=C(C=C3)[*],[*]C1=CC(C2=NC3=CC(C4=CC=C5N=C([*])NC5=C4)=CC=C3N2)=CC=C1,,,,6.222456336679247,10.1016_j.memsci.2018.02.039_part_3.txt_¶Î1_Material1
C[Si](C)(C[*])O[*],[*]CCC(CCCCCC)C[*],,,,4.423245873936808,10.1080_09205063.2020.1856300_part_3.txt_¶Î1_Material2
OP(O)(O)=O,OCC1OC(C(C(C1O)O[*])O)OC2C(C(C(OC2COS(=O)(O)=O)[*])NC(C)=O)O,,,,4.130333768495007,10.1016_j.polymdegradstab.2020.109272_part_4.txt_¶Î1_Material2
[*]C(N(CN(C(OCOC(N(CN(C(OCCO[*])=O)[H])[H])=O)=O)[H])[H])=O,[*]CCCC(C1C([*])C2CC1C/C2=C/C)C,,,,4.5910646070265,10.1007_s13233-014-2077-y_part_1.txt_¶Î1_Material1
OCC(C(C(C1N)O)O[*])OC1OC2C(OC(C(C2O)N)[*])CO,[*]C(CCCCCO[*])=O,[*]NC(C(N1CCCC1C(NCC(N2CC(CC2C(NC(C(NCC([*])=O)=O)CO)=O)O)=O)=O)=O)CCCCN,,,4.681241237375588,10.1016_j.ijbiomac.2017.05.004_part_8.txt_¶Î1_Material4
O=C(C(C[*])[*])N,[*]C1=C(C=CN2)C2=C([*])C(O)=C1O,,,,2.8512583487190755,10.1016_j.carbpol.2021.117894_part_2.txt_¶Î1_Material1
[*]C/C=C(C[*])\Cl,[*]C(N(CN(C(OCOC(N(CN(C(OCCO[*])=O)[H])[H])=O)=O)[H])[H])=O,,,,3.942008053022313,10.3390_ma11112175_part_2.txt_¶Î1_Material3
[*]C(N(CN(C(OCOC(N(CN(C(OCCO[*])=O)[H])[H])=O)=O)[H])[H])=O,[Ag],,,,4.484299839346786,10.3390_polym12020362_part_3.txt_¶Î1_Material2
OCC(C(C(C1N)O)O[*])OC1OC2C(OC(C(C2O)N)[*])CO,[*]C1=CC=C([*])N1,,,,5.295127085252191,10.1016_j.compositesa.2010.06.014_part_2.txt_¶Î1_Material2
C[Si](C)(C[*])O[*],[*]OC(C1=CC=C(C(OCCCCOC(CCCCC([*])=O)=O)=O)C=C1)=O,,,,4,10.1016_j.nanoen.2021.105811_part_1.txt_¶Î1_Material1
O=C([*])CCCCCN[*],[*]CC(C1=CC=CC=C1)[*],,,,5.4446692309385245,10.3390_ma11050776_part_2.txt_¶Î1_Material1
C[Si](C)(C[*])O[*],OCCOC1C(OCCO)C(C(OCCO)COCCOC(CCCCCCCCCCCCCCCCC)=O)OC1,,,,4,10.1007_s10544-011-9606-7_part_2.txt_¶Î1_Material1
[*]C(N(CN(C(OCOC(N(CN(C(OCCO[*])=O)[H])[H])=O)=O)[H])[H])=O,[Li]Cl,,,,3.9242792860618816,10.1016_j.polymer.2010.04.022_part_2.txt_¶Î1_Material1
O=C(C1=CC=C(C=C1)C(OCC[*])=O)O[*],[*]O[C@H](C)CC([*])=O,,,,6.146128035678238,10.1007_s10924-021-02073-x_part_2.txt_¶Î1_Material2
O=C(C1=CC=C(C=C1)C(OCC[*])=O)O[*],[*]C1C(OC(C(C1O)O)OC2C(OC(C(C2O)O)O[*])CO)CO,,,,6.146128035678238,10.1007_s10924-021-02073-x_part_2.txt_¶Î1_Material3
[*]OCCCOC(C1=CC=C(C([*])=O)C=C1)=O,[*]CCC(CCCCCC)C[*],,,,5.949390006644912,10.1080_00222341003648763_part_2.txt_¶Î1_Material3
O=C([*])C(C)O[*],[*]O[C@H](C)CC([*])=O,C12=CC3=CC4=CC=CN=C4N=C3N=C1N=C5N=C6N=CC=CC6=CC5=C2,,,6.231724383328516,10.1007_s10973-019-08218-4_part_1.txt_¶Î1_Material2
OCC1OC(C(C(C1[*])O)O)OC2C(C(C(OC2CO)O[*])O)O,[*]O[C@H](C)CC([*])=O,,,,6.3979400086720375,10.1016_j.carbpol.2011.08.038_part_1.txt_¶Î1_Material1
OCC(C(C(C1N)O)O[*])OC1OC2C(OC(C(C2O)N)[*])CO,[*]CC([*])N1CCCC1=O,,,,6.283301228703549,10.1002_app.41042_part_2.txt_¶Î1_Material1
[*]OC(C(C1O)O)OC(COC)C1OC(OC(C(C2O)OC3OC(C(C(C3OC)O)OC4OC(C(C(C4OC)O)[*])COC)CO)COC)C2OCC(OC)C,OC[C@@H]([C@H]([C@@H]([C@@H](CO)O)O)O)O,,,,5.907465106765856,10.1590_s0101-20612011000200026_part_1.txt_¶Î1_Material5
C12=CC3=CC4=CC=CN=C4N=C3N=C1N=C5N=C6N=CC=CC6=CC5=C2,O=C([*])CCCCCN[*],,,,7.079181246047625,10.1038_s41598-024-68373-z_OA_part_2.txt_¶Î1_Material1
C[Si](C)(C[*])O[*],[*]CC([*])Cl,[O-][Si]([O-])([O-])O[Si]([O-])([O-])[O-].[Ca+2],,,2.8750612633917,10.3390_mi8030064_part_2.txt_¶Î1_Material1
[*]C([C@H](C)OC([C@H](C)O[*])=O)=O,[*]C(NC1=C(C)C(NC(OCCO[*])=O)=CC=C1)=O,,,,6.301029995663981,10.1021_acsomega.0c02765_part_2.txt_¶Î1_Material1
O=C(C1=CC=C(C=C1)C(OCC[*])=O)O[*],[*]OCC[*],,,,6.016197353512439,10.1016_j.polymer.2015.09.024_part_3.txt_¶Î1_Material3
[*]C(N(CN(C(OCOC(N(CN(C(OCCO[*])=O)[H])[H])=O)=O)[H])[H])=O,[*]C/C=C/CCC([*])C#N,,,,4.505149978319906,10.1007_s13233-014-2077-y_part_1.txt_¶Î1_Material3
[*]C([H])([H])C(O)([H])[*],[*]OCC[*],[*]OCC[*],,,6.079181246047625,10.3390_polym9120655_part_2.txt_¶Î1_Material1
OC1C(OC(C(C1O)O)[*])CO[*],,,,,5.8750612633917,10.3390_polym9080378_part_4.txt_¶Î1_Material6
[*]C(CCCCCO[*])=O,[Mg]=O,,,,4.230448921378274,10.1007_s12033-021-00311-0_part_4.txt_¶Î1_Material4
[*]OCC[*],COC1=CC(/C=C/C=O)=CC(OC2=CC(C(C(OC3=CC=C(C=C3OC)C(C(CO)=O)O)CO)O)=CC=C2OC4=CC(C(C(COC5=CC=C(C=C5)C(C(CO)=O)O)=O)O)=CC=C4O)=C1,,,,5.447158031342219,10.1016_j.compositesb.2018.08.063_part_1.txt_¶Î1_Material1
[*]CCCC([*])C(OC)=O,[*]C/C=C/CCC([*])C#N,,,,6.176091259055681,10.1515_chem-2017-0047_part_2.txt_¶Î1_Material1
[*]OCC[*],[*]C(CCCCCO[*])=O,[*]CC[*],,,6.041392685158225,10.3390_molecules23081942_part_2.txt_¶Î1_Material1
O=C([*])CCCCCN[*],[*]O[C@H](C)CC([*])=O,,,,6.401572845676446,10.1002_masy.201800170_part_1.txt_¶Î1_Material2
O=C([*])C(C)O[*],[Ag],,,,6.201397124320452,10.1016_j.jmbbm.2019.103576_part_4.txt_¶Î1_Material4
[*]O[C@H](C)CC([*])=O,[*]OCC[*],,,,5.903089986991944,10.1021_acsomega.0c05765_part_3.txt_¶Î1_Material3
[*]OC1C(C(O)=O)OC(OC2C(NC(C)=O)C([*])OC(CO)C2O)C(O)C1O,[*]NC(C(N1CCCC1C(NCC(N2CC(CC2C(NC(C(NCC([*])=O)=O)CO)=O)O)=O)=O)=O)CCCCN,,,,4.095518042323151,10.1002_app.32095_part_2.txt_¶Î1_Material4
[*]C([C@H](C)OC([C@H](C)O[*])=O)=O,[*]C(C1=CC=C(C(OCCCCO[*])=O)C=C1)=O,,,,6.380211241711606,10.1016_j.eurpolymj.2013.06.038_part_2.txt_¶Î1_Material1
O=C(C(C[*])[*])N,O=C(O[Na])COCC(OC(C(C1O)O)[*])C1OC(C(C(C2O[*])O)O)OC2COCC(O[Na])=O,,,,2.146128035678238,10.1016_j.carbpol.2019.115051_part_5.txt_¶Î1_Material1
O=C([*])C(C)O[*],O=C=NCCCCCCN=C=O,,,,6.255995726722402,10.1016_j.polymertesting.2017.03.009_part_3.txt_¶Î1_Material2
[*]CC1C(C(CO)(C[*])CCC1)=O,O=C([*])OC1=CC=C(C=C1)C(C)(C)C2=CC=C(C=C2)O[*],,,,6.113943352306837,10.1007_s13233-020-8143-8_part_1.txt_¶Î1_Material2
[*]OCCCOC(C1=CC=C(C([*])=O)C=C1)=O,C12=CC3=CC4=CC=CN=C4N=C3N=C1N=C5N=C6N=CC=CC6=CC5=C2,,,,6.8750612633917,10.1002_pc.22333_part_2.txt_¶Î1_Material1
O=C([*])C(C)O[*],[*]CC(C(OCC)=O)[*],,,,5.3979400086720375,10.1002_app.36842_part_1.txt_¶Î1_Material3
[*]CC([*])Cl,O=C([*])C(C)O[*],,,,6.463445031770428,10.1002_pen.21867_part_1.txt_¶Î1_Material3
[*]CC(C1=CC=CC=C1)[*],[*]CC(CC=CCC([*])C1=CC=CC=C1)C#N,,,,6.447158031342219,10.1002_polb.22202_part_2.txt_¶Î1_Material2
[*]C(NC1=C(C)C(NC(OCCO[*])=O)=CC=C1)=O,CC[C@H](C)[C@H](NC(=O)[C@H](CC(C)C)NC(C)=O)C(=O)NCC(=O)N[C@H](C(=O)N1CCC[C@H]1C(=O)NC)C(C)C,,,,4.477121254719663,10.1021_acs.biomac.5b01681_part_2.txt_¶Î1_Material1
[*]NC(C(O)=O)CCC([*])=O,[*]NC(C(N1CCCC1C(NCC(N2CC(CC2C(NC(C(NCC([*])=O)=O)CO)=O)O)=O)=O)=O)CCCCN,,,,4.505149978319906,10.2147_ijn.s24312_part_1.txt_¶Î1_Material2
[*]C(N(CN(C(OCOC(N(CN(C(OCCO[*])=O)[H])[H])=O)=O)[H])[H])=O,C/C(C[*])=C/C[*],,,,4.643452676486188,10.1007_s13233-014-2077-y_part_1.txt_¶Î1_Material2
O=C([*])C(C)O[*],O=C=NC(C=C1)=CC=C1CC2=CC=C(C=C2)N=C=O,,,,6.255995726722402,10.1016_j.polymertesting.2017.03.009_part_3.txt_¶Î1_Material1
[*]CC[*],Cl[Si](C)(C)C,,,,6,10.1177_0892705712461645_part_2.txt_¶Î1_Material1
[*]CC(C#N)[*],NC1=NC2=C(N=CN2C2O[C@H](COP(=O)(O)OP(=O)(O)O)[C@H](O)[C@@H]2O)C(=O)N1,,,,7.872738827472669,10.1016_j.jmst.2021.03.067_part_1.txt_¶Î1_Material2
[*]C(NC1=C(C)C(NC(OCCO[*])=O)=CC=C1)=O,[*]C1C(C(C(OC1C(O[Na])=O)OC2C(C(O[Na])=O)OC(O[*])C(O)C2O)O)O,,,,5.221674997070769,10.3390_polym12122882_part_3.txt_¶Î1_Material1
[*]C(C(OC(CO[*])=O)C)=O,[*]C(NC1=C(C)C(NC(OCCO[*])=O)=CC=C1)=O,,,,6.3979400086720375,10.2478_s11696-013-0438-1_part_1.txt_¶Î1_Material1
[*]C1=C(C(C[*])=CC=C1)O,C=C([CH3])C(=O)O[CH3],,,,6.079181246047625,10.1557_jmr.2015.331_part_2.txt_¶Î1_Material1
[*]CC([*])Cl,[O-]S(C1=CC=CC(O)=C1)(=O)=O.[Na+],,,,5.627304395477659,10.1002_app.47081_part_1.txt_¶Î1_Material1
O=C([*])OC1=CC=C(C=C1)C(C)(C)C2=CC=C(C=C2)O[*],O=C(C1=CC=C(C=C1)C(OCC[*])=O)O[*],,,,6.855525212731306,10.1002_pi.6213_part_1.txt_¶Î1_Material1
[*]C(CCCCCO[*])=O,CNC(CNC(CN)=O)=O,,,,3.91803033678488,10.1080_09205063.2019.1710370_part_3.txt_¶Î1_Material1
[*]C(F)(C(F)([*])F)F,FC(F)([*])C([H])([*])[H],,,,6.440909082065217,10.1007_s40870-021-00289-5_part_1.txt_¶Î1_Material1
[*]CC[*],FC(F)([*])C([H])([*])[H],,,,5.217483944213907,10.1016_j.aiepr.2018.02.001_part_2.txt_¶Î1_Material2
[*]CC(C1=CC=CC=C1)[*],[C],,,,6.477121254719663,10.1016_j.polymertesting.2021.107132_part_1.txt_¶Î1_Material3
[*]C(C(OC(CO[*])=O)C)=O,OCC(C(C(C1N)O)O[*])OC1OC2C(OC(C(C2O)N)[*])CO,,,,6.079181246047625,10.1002_jbm.b.33726_part_2.txt_¶Î1_Material1
[*]O[C@H](C)CC([*])=O,[*]CC([*])N1CCCC1=O,,,,5.223755453657241,10.4028_www.scientific.net_amr.1115.296_part_1.txt_¶Î1_Material1
[*]C(CCCCCO[*])=O,[*]O[C@H](C)CC([*])=O,,,,5.089905111439398,10.3390_ma13173853_part_3.txt_¶Î1_Material2
[*]O[C@@]([H])(C)C(O[C@](C)([H])C([*])=O)=O,[*]C([C@H](C)OC([C@H](C)O[*])=O)=O,,,,6.198657086954422,10.1002_app.51014_part_2.txt_¶Î1_Material2
[*]C(CCCCCO[*])=O,O=C([*])CCCCCO[*],,,,4,10.1016_j.actbio.2016.12.008_part_2.txt_¶Î1_Material1
O=C([*])OC1=CC=C(C=C1)C(C)(C)C2=CC=C(C=C2)O[*],O=C([CH3])[CH3],,,,6.361727836017593,10.1111_j.1460-2695.2010.01508.x_part_1.txt_¶Î1_Material1
[*]C1C(OC(C(C1O)O)OC2C(OC(C(C2O)O)O[*])CO)CO,[*]OCC[*],,,,5.647715410691554,10.32802_asmscj.2021.571_OA_part_2.txt_¶Î1_Material1
[*]OCC[*],[*]CC([*])Cl,,,,6.32221929473392,10.1088_1742-6596_908_1_012020_part_1.txt_¶Î1_Material1
O=C([*])CCCCCN[*],COC1=CC(/C=C/C=O)=CC(OC2=CC(C(C(OC3=CC=C(C=C3OC)C(C(CO)=O)O)CO)O)=CC=C2OC4=CC(C(C(COC5=CC=C(C=C5)C(C(CO)=O)O)=O)O)=CC=C4O)=C1,,,,5.924279286061882,10.1002_app.42963_part_2.txt_¶Î1_Material1
[*]O[C@H](C)CC([*])=O,O=C([*])C(C)O[*],,,,6.3979400086720375,10.3390_polym12030647_part_1.txt_¶Î1_Material1
[*]C([H])([H])C(O)([H])[*],[*]C1C(OC(C(O)C1O)OC2C(O)C(O)C(OC2C(O[Na])=O)O[*])C(O[Na])=O,,,,5.698970004336019,10.1007_s10570-013-0124-z_part_2.txt_¶Î1_Material2
O=C([*])C(C)O[*],[*]CC(O)COC1=CC=C(C(C)(C2=CC=C(O[*])C=C2)C)C=C1,,,,5.728256359248493,10.3390_polym13091369_part_5.txt_¶Î1_Material2
[*]N1C(C2=CC3=C(C=C2C1=O)C(N(C3=O)C4=CC=C(C=C4)OC5=CC=C(C=C5)[*])=O)=O,[*]C1=NC2=CC3=C(C=C2O1)OC(C4=CC=C(C=C4)[*])=N3,,,,6.418301291319746,10.1016_j.polymer.2013.03.001_part_2.txt_¶Î1_Material2
FC(F)([*])C([H])([*])[H],[*]CC(CC(C#N)[*])C1=CC=CC=C1,,,,5.693726948923647,10.1021_sc500792c_part_3.txt_¶Î1_Material5
[*]CC(C1=CC=CC=C1)[*],[*]C1=C(C=CN2)C2=C([*])C(O)=C1O,,,,5.738066714777469,10.1002_app.47740_part_2.txt_¶Î1_Material1
[*]C(CCCCCO[*])=O,[*]CC(C1=CC=C(C=C1)S(=O)([O-])=O)[*],,,,5.477121254719663,10.1002_mame.201700463_part_1.txt_¶Î1_Material1
OCC(C(C(C1N)O)O[*])OC1OC2C(OC(C(C2O)N)[*])CO,NC1=NC2=C(N=CN2C2O[C@H](COP(=O)(O)OP(=O)(O)O)[C@H](O)[C@@H]2O)C(=O)N1,,,,6.883661435153617,10.1177_0021998319883916_part_2.txt_¶Î1_Material1
[*]C(CCCCC(OCCCCO[*])=O)=O,OCC1OC(C(C(C1[*])O)O)OC2C(C(C(OC2CO)O[*])O)O,,,,4.826074802700826,10.1002_polb.24139_part_3.txt_¶Î1_Material1
O=C(CCCCC(NCCCCCCCCCCN[*])=O)[*],NC1=NC2=C(N=CN2C2O[C@H](COP(=O)(O)OP(=O)(O)O)[C@H](O)[C@@H]2O)C(=O)N1,,,,6.332438459915605,10.1016_j.jcomc.2021.100177_part_3.txt_¶Î1_Material2
[*]C(CCCCCO[*])=O,OP(O)(O)=O,,,,4.417305583244525,10.1002_app.50332_part_2.txt_¶Î1_Material1
[*]CC(C1=CC=C(C=C1)S(O)(=O)=O)[*],,,,,6.556302500767287,10.1016_j.sna.2016.03.021_part_1.txt_¶Î1_Material1
[*]OCC[*],[*]CC(C#N)[*],,,,4.486713775982485,10.1002_vnl.21576_part_2.txt_¶Î1_Material1
O=C(C1=CC=C(C=C1)C(OCC[*])=O)O[*],[*]C1=CC(C2=NC3=CC(C4=CC=C5N=C([*])NC5=C4)=CC=C3N2)=CC=C1,,,,6.079181246047625,10.1016_j.jiec.2015.03.022_part_1.txt_¶Î1_Material1
OP(O)(O)=O,O=C(O)C([*])C[*],,,,5.746789832152612,10.1016_j.polymdegradstab.2015.03.015_part_2.txt_¶Î1_Material1
[*]CC[*],[Au],,,,6.346352974450639,10.4028_www.scientific.net_kem.586.87_part_1.txt_¶Î1_Material5
OCC1OC(C(C(C1O)O[*])O)OC2C(C(C(OC2COS(=O)(O)=O)[*])NC(C)=O)O,[*]C(CCCCCO[*])=O,,,,5.181843587944773,10.1002_pen.23928_part_1.txt_¶Î1_Material1
O=C([*])C(C)O[*],C1OC1C[N+]([CH3])([CH3])[CH3].[Cl-],,,,5.8750612633917,10.1016_j.ijbiomac.2019.10.246_part_3.txt_¶Î1_Material3
OCC1OC(C(C(C1[*])O)O)OC2C(C(C(OC2CO)O[*])O)O,O=S(C(C=C1)=CC=C1OC(C=C2)=CC=C2C(C)(C)C(C=C3)=CC=C3O[*])(C4=CC=C([*])C=C4)=O,,,,5.045322978786658,10.1080_10601325.2013.792200_part_2.txt_¶Î1_Material4
O=C([*])C(C)O[*],CCOC(=O)C(O)(CC(=O)OCC)CC(=O)OCC,,,,5.982271233039568,10.1016_j.ijbiomac.2019.10.246_part_3.txt_¶Î1_Material2
OC1=C2C(C3(O)C4C5C6=C7C8C(C9=CC(C(O)=O)=C(C=C(C=C%10C(O)=O)C%11%12)C(C%11=C%13C%14C%15%16C%17(O%16)C%18C%19=C%20C%21=C%22C(C(O)=C%23)=C%24C%25C%21=C%26C%19=C%27C%17=C%28C%14(O)C%12=C%10C=C%28CC%27=CC%26=CC%25=C(C(O)=O)C=C%24)C9=C7C%13(O)C5=C%15C3=C%18C%29%30C%20(O%30)C%31C%22C%23=C%32)=CC(C(O)=O)=CC8=CC6=C(C(O)=O)C4=C2)=C%29C%33=C%31C%32=C(C(O)=O)C=C%331,[*]CC(C#N)[*],,,,7.864511081058392,10.1016_j.compscitech.2017.05.029_part_3.txt_¶Î1_Material1
C=C([CH3])C(=O)O[CH3],O=C(C1=CC=C(C=C1)C(OCC[*])=O)O[*],,,,6.278753600952829,10.1590_0104-1428.1924_part_1.txt_¶Î1_Material1
FC(F)([*])C([H])([*])[H],O=C(C1=CC=C2C=C(C=CC2=C1)C([*])=O)OCCO[*],,,,6.1890128046002415,10.1177_0954008316632366_part_1.txt_¶Î1_Material1
[*]CC(OC(O[*])=O)C,[*][C@H]1[C@H](O)[C@@H](O)[C@H](OC2C(O)C(OC(C)=O)C(O[*])OC2CO)O[C@@H]1CO,,,,6.093421685162235,10.1016_j.carbpol.2012.11.058_part_2.txt_¶Î1_Material1
[*]CC[*],O=C([*])OC1=CC=C(C=C1)C(C)(C)C2=CC=C(C=C2)O[*],,,,5.687261346243506,10.1002_pen.21668_part_1.txt_¶Î1_Material1
OP(O)(O)=O,O=C([*])C1=CC=C2C=C(C=CC2=C1)OC(C3=CC=C(C=C3)O[*])=O,,,,6.619093330626742,10.1002_app.39952_part_2.txt_¶Î1_Material4
[*]CC(C#N)[*],[*]C(NC1=C(C)C(NC(OCCO[*])=O)=CC=C1)=O,,,,5.2552725051033065,10.1002_pen.24798_part_1.txt_¶Î1_Material1
[*]C(CCCCCO[*])=O,[Cu],,,,3.8750612633917,10.1088_1757-899x_1093_1_012004_part_1.txt_¶Î1_Material2
[*]C1C(C(C(OC1C(O[Na])=O)OC2C(C(O[Na])=O)OC(O[*])C(O)C2O)O)O,[*]C(CCCCCO[*])=O,,,,4.845098040014257,10.1021_acsami.0c07352_part_5.txt_¶Î1_Material1
O=C([*])CCCCCN[*],[*]CC(CC[*])O,,,,6.413299764081252,10.1080_03602559.2016.1233280_part_11.txt_¶Î1_Material2
OC1C(C(OC(C1O)OC2C(OC(C(C2O)O)OC3C(C(C(OC3C(OC)=O)OC4C(OC(C(C4O)O)[*])C(O)=O)O)O)C(OC)=O)C(O)=O)O[*],OCC(O)CO,,,,4.643452676486188,10.1111_ijfs.13183_part_1.txt_¶Î1_Material2
[*]C([C@H](C)OC([C@H](C)O[*])=O)=O,O=C([*])CCCCCO[*],,,,6.209246848753374,10.1016_j.eurpolymj.2017.11.040_part_2.txt_¶Î1_Material1
[*]OC(CC(OC(CC([*])=O)CC)=O)C,[*]C1C(OC(C(C1O)O)OC2C(OC(C(C2O)O)O[*])CO)CO,,,,6.531478917042255,10.1002_app.46153_part_1.txt_¶Î1_Material1
[*]NCCCCCCCCCCCC([*])=O,[*]C(C1=CC=C(C(OCCCCO[*])=O)C=C1)=O,,,,6.447158031342219,10.1016_j.procir.2018.08.105_part_1.txt_¶Î1_Material2
C[Si](C)(C[*])O[*],OC(C(CC(O)=O)(CC(O)=O)O)=O,,,,2.4878451201114355,10.1038_s41598-020-78580-z_part_2.txt_¶Î1_Material1
[*]CC(C1=CC=CC=C1)[*],[*]C([H])([H])C(O)([H])[*],,,,5.704150516839799,10.1016_j.jfoodeng.2015.06.003_part_1.txt_¶Î1_Material3
[*]OC(CC(OC(CC([*])=O)CC)=O)C,OP(O)(O)=O,,,,6.531478917042255,10.1002_app.46153_part_1.txt_¶Î1_Material6
[*]C([C@H](C)OC([C@H](C)O[*])=O)=O,CC(CO[*])[*],,,,5.331589240955137,10.1002_app.45299_part_1.txt_¶Î1_Material1
[*]CCC(CCCC(CCCC(C[*])C)C)C,C(C1=CC=C(N2C(=O)C=CC2=O)C=C1)C1=CC=C(N2C(=O)C=CC2=O)C=C1,,,,6.414973347970818,10.1016_j.polymer.2018.06.008_part_6.txt_¶Î1_Material1
OCC1OC(C(C(C1[*])O)O)OC2C(C(C(OC2CO)O[*])O)O,[*]C1=C(C(C[*])=CC=C1)O,,,,6.69284691927723,10.1007_s10570-012-9815-0_part_2.txt_¶Î1_Material2
[*]OC1C(C(O)=O)OC(OC2C(NC(C)=O)C([*])OC(CO)C2O)C(O)C1O,[*]C(CCCCCO[*])=O,,,,5.361727836017593,10.1016_j.molstruc.2016.04.020_part_1.txt_¶Î1_Material1
[*]C/C=C/CCC(C=C)CC([*])C1=CC=CC=C1,[Mg],,,,3.974511692737329,10.1002_app.44763_part_2.txt_¶Î1_Material1
[*]C(CCCCC(OCCCCOC(C1=CC=C(C(OCCCCO[*])=O)C=C1)=O)=O)=O,,,,,6.176091259055681,10.1007_s00289-018-2359-1_part_1.txt_¶Î1_Material1
[*]OC(C(C1O)O)OC(COC)C1OC(OC(C(C2O)OC3OC(C(C(C3OC)O)OC4OC(C(C(C4OC)O)[*])COC)CO)COC)C2OCC(OC)C,[*]OCC[*],,,,5.883661435153617,10.1080_10942912.2016.1219369_part_4.txt_¶Î1_Material1
[*]C1=C(C(C[*])=CC=C1)O,O=C(C(C[*])[*])N,,,,3.103803720955957,10.1016_j.agwat.2019.05.020_part_2.txt_¶Î1_Material3
OCC(C(C(C1N)O)O[*])OC1OC2C(OC(C(C2O)N)[*])CO,[H]O[H],,,,6.173186268412274,10.1039_c6sm01994c_part_2.txt_¶Î1_Material2
O=C(C(C[*])[*])N,OCC(O)CO,,,,1.6434526764861874,10.1088_1758-5082_6_3_035018_part_2.txt_¶Î1_Material1
[O-]S(OC1C(CO)OC(OC2C3COC2C(O)C(OC2C(O)C(OC4C5COC4C(O)C(O)O5)OC(CO)C2OS([O-])(=O)=O)O3)C(O)C1O)(=O)=O,O=C(C(C[*])[*])N,,,,2.903089986991944,10.1016_j.polymer.2019.122138_part_2.txt_¶Î1_Material1
O=C([*])C(C)O[*],[*]OCCCOC(C1=CC=C(C([*])=O)C=C1)=O,,,,6.204119982655925,10.1002_mame.201900323_part_1.txt_¶Î1_Material1
[*]C(F)(C(F)([*])F)F,C=C([CH3])C(=O)O[CH3],,,,5.544068044350276,10.1016_j.apsusc.2018.12.229_part_2.txt_¶Î1_Material1
[*]NCC(NC(C(ONCC(NC(C(NCC(NC(C([*])=O)C)=O)=O)C)=O)=O)CO)=O,O=C(O[Na])COCC(OC(C(C1O)O)[*])C1OC(C(C(C2O[*])O)O)OC2COCC(O[Na])=O,,,,5.311965660368366,10.1016_j.ijbiomac.2018.11.203_part_2.txt_¶Î1_Material1
C[Si](C)(C[*])O[*],[Na+].[Cl-],,,,2.9912260756924947,10.1039_d0sm00932f_part_2.txt_¶Î1_Material1
O=C(O[*])CCCCCCCCCCN[*],[*]CC([*])Cl,,,,6.544068044350276,10.1016_j.polymer.2019.121667_part_2.txt_¶Î1_Material2
[*]C(CCCCCO[*])=O,[*]CC([*])Cl,,,,5.079181246047625,10.1016_j.polymer.2016.09.079_part_3.txt_¶Î1_Material1
[*]C([H])([H])C(O)([H])[*],[Si],[*]C([H])([H])C(O)([H])[*],,,6.518513939877887,10.1016_j.polymer.2016.10.012_part_1.txt_¶Î1_Material1
C[Si](O[*])(C)[*],[*]CC[*],,,,5.544068044350276,10.1002_app.46192_part_2.txt_¶Î1_Material1
[*]C([H])([H])C(O)([H])[*],O=C([*])C(C)O[*],,,,6.4623979978989565,10.1016_j.carbpol.2014.07.032_part_2.txt_¶Î1_Material3
[*]CC[*],C1C=CC=CC=C1,,,,5.478566495593843,10.1002_app.42344_part_2.txt_¶Î1_Material3
[*]C1C(O)C(O)C(OC2C(O)C(O)C(O[*])OC2COCCO)OC1COCCO,C12=CC3=CC4=CC=CN=C4N=C3N=C1N=C5N=C6N=CC=CC6=CC5=C2,,,,6.198657086954422,10.1007_s10570-020-03287-3_part_3.txt_¶Î1_Material2
[*]CC([*])Cl,[*]CC(C1=CC=CC=C1)[*],,,,5.187520720836463,10.1016_j.cej.2016.03.060_part_2.txt_¶Î1_Material3
C[Si](C)(C[*])O[*],NC1=NC2=C(N=CN2C2O[C@H](COP(=O)(O)OP(=O)(O)O)[C@H](O)[C@@H]2O)C(=O)N1,,,,2.453318340047037,10.1088_2053-1591_ab0575_part_2.txt_¶Î1_Material1
[Ag],O=C(C(C[*])[*])N,,,,2.2528530309798933,10.1016_j.carbpol.2018.07.070_part_4.txt_¶Î1_Material1
[*]C(C)C[*],[*]C1C(OC(C(O)C1O)OC2C(O)C(O)C(OC2C(O[Na])=O)O[*])C(O[Na])=O,,,,6.301029995663981,10.1007_s10570-020-03635-3_part_3.txt_¶Î1_Material4
[*]NCC(NC(C(ONCC(NC(C(NCC(NC(C([*])=O)C)=O)=O)C)=O)=O)CO)=O,[*]CC[*],,,,6.176091259055681,10.1016_j.tibtech.2018.04.004_part_3.txt_¶Î1_Material6
O=C(O[*])CCCCCCCCCCN[*],[*]CC(C1=CC=CC=C1)[*],,,,6.544068044350276,10.1016_j.polymer.2019.121667_part_2.txt_¶Î1_Material3
OCC1OC(C(C(C1[*])O)O)OC2C(C(C(OC2CO)O[*])O)O,[*]CC(O)COC1=CC=C(C(C)(C2=CC=C(O[*])C=C2)C)C=C1,,,,7,10.1007_s00226-020-01211-3_part_1.txt_¶Î1_Material2
[*]C(CCCCCO[*])=O,[*]C/C=C/CCC([*])C#N,,,,4.54282542695918,10.1016_j.matdes.2019.108210_part_5.txt_¶Î1_Material1
[*]NCC(NC(C(ONCC(NC(C(NCC(NC(C([*])=O)C)=O)=O)C)=O)=O)CO)=O,O=C([*])OC1=CC=C(C=C1)C(C)(C)C2=CC=C(C=C2)O[*],,,,6.176091259055681,10.1016_j.tibtech.2018.04.004_part_3.txt_¶Î1_Material10
O=C(CCCCC(NCCCCCN[*])=O)[*],,,,,7.021189299069938,10.1177_0040517514527378_part_1.txt_¶Î1_Material1
C[Si](C)(C[*])O[*],O=C=NC(C=C1)=CC=C1CC2=CC=C(C=C2)N=C=O,,,,3,10.1016_j.eurpolymj.2018.02.029_part_6.txt_¶Î1_Material1
CC(C=C([*])C=C1C)=C1O[*],,,,,6.3979400086720375,10.1039_c3py00005b_part_1.txt_¶Î1_Material9
O=C([*])C(C)O[*],[*]C1=C2C(OCCO2)=C([*])S1,,,,6.568201724066995,10.1002_adem.202100002_part_1.txt_¶Î1_Material1
O=C(CCCCCCCCCCC(NCCCCCCCCCCN[*])=O)[*],,,,,6.361727836017593,10.1108_rpj-09-2018-0258_part_2.txt_¶Î1_Material1
C=C([CH3])C(=O)O[CH3],[*]CC(C1=CC=CC=C1)[*],,,,6.8750612633917,10.1007_s10570-010-9487-6_part_1.txt_¶Î1_Material1
[*]C(C1=CC=C(C=C1)C(OCCCCOC(C2=CC=C(C=C2)C(OCCCCO[*])=O)=O)=O)=O,,,,,6.819543935541868,10.1002_app.50443_part_3.txt_¶Î1_Material2
O=C([*])C(C)O[*],[*]OCC[*],[*]C1C(C(C(OC1C(O[Na])=O)OC2C(C(O[Na])=O)OC(O[*])C(O)C2O)O)O,,,6.326130956710794,10.1002_app.51300_part_2.txt_¶Î1_Material1
O=C([*])C(C)O[*],OCC(O)CO,[*]OCC[*],[*]CC(COC1=CC=C(C=C1)C(C)(C)C2=CC=C(C=C2)O[*])O,,6.477121254719663,10.1002_j.1941-9635.2013.tb01057.x_part_1.txt_¶Î1_Material1
O=C([*])C(C)O[*],[*]NC(C)C(N1CCCC1C([*])=O)=O,O=C(N)N,CC(NC(C([*])C)=O)C(NC(C)C(NC(C)C(N[*])=O)=O)=O,,5.3979400086720375,10.1002_mame.201200460_part_1.txt_¶Î1_Material1
O=C([*])C(C)O[*],[*]OC(CC(OC(CC([*])=O)CC)=O)C,[Ag],[Cu]=O,,6.617314933298294,10.1002_mame.202000244_part_2.txt_¶Î1_Material1
O=C([*])C(C)O[*],O=C([*])C(C)O[*],[Ag],[Cu]=O,,6.77706415474243,10.1002_mame.202000244_part_2.txt_¶Î1_Material2
O=C([*])C(C)O[*],OCC1OC(C(C(C1[*])O)O)OC2C(C(C(OC2CO)O[*])O)O,[*]C(C)C[*],CC1=CC=C(C=C1N=C=O)N=C=O,OCC(C(C(C1N)O)O[*])OC1OC2C(OC(C(C2O)N)[*])CO,6.300225806768157,10.1002_pat.3506_part_1.txt_¶Î1_Material1
O=C([*])C(C)O[*],OCC1OC(C(C(C1[*])O)O)OC2C(C(C(OC2CO)O[*])O)O,[*]C(C)C[*],OCC(C(C(C1N)O)O[*])OC1OC2C(OC(C(C2O)N)[*])CO,,6.341137638740964,10.1002_pat.3506_part_1.txt_¶Î1_Material2
O=C([*])C(C)O[*],OCC1OC(C(C(C1[*])O)O)OC2C(C(C(OC2CO)O[*])O)O,[*]C(C)C[*],CC1=CC=C(C=C1N=C=O)N=C=O,,6.284859176733764,10.1002_pat.3506_part_1.txt_¶Î1_Material3
O=C([*])C(C)O[*],[*]C/C=C(C[*])\Cl,,,,5.187520720836463,10.1002_pat.4274_part_1.txt_¶Î1_Material1
O=C([*])C(C)O[*],[H][O-],OCC1OC(C(C(C1[*])O)O)OC2C(C(C(OC2CO)O[*])O)O,[*]CC(C1=CC=CC=C1)[*],,6.672097857935717,10.1002_pc.21165_part_1.txt_¶Î1_Material1
O=C([*])C(C)O[*],[H][O-],[*]CC(C1=CC=CC=C1)[*],,,5.803457115648414,10.1002_pc.21165_part_2.txt_¶Î1_Material1
O=C([*])C(C)O[*],[*]C1C(C(C(OC1C(O[Na])=O)OC2C(C(O[Na])=O)OC(O[*])C(O)C2O)O)O,[*]C/C=C(C[*])\Cl,,,6.079181246047625,10.1002_pc.24122_part_1.txt_¶Î1_Material1
O=C([*])C(C)O[*],CC(NC(C([*])C)=O)C(NC(C)C(NC(C)C(N[*])=O)=O)=O,,,,7.146128035678238,10.1002_pen.25388_part_2.txt_¶Î1_Material1
O=C([*])C(C)O[*],[*]CCC(CCCC(CCCC(C[*])C)C)C,,,,5.550228353055094,10.1007_s11164-012-0994-y_part_1.txt_¶Î1_Material1
O=C([*])C(C)O[*],[*]CC[*],[*]OC1C(C(O)=O)OC(OC2C(NC(C)=O)C([*])OC(CO)C2O)C(O)C1O,OCC(C(C(C1N)O)O[*])OC1OC2C(OC(C(C2O)N)[*])CO,,4.630122642859312,10.1007_s11771-021-4721-y_part_1.txt_¶Î1_Material1
O=C([*])C(C)O[*],O=[Si]=O,[*]CC(COC1=CC=C(C=C1)C(C)(C)C2=CC=C(C=C2)O[*])O,,,7.033423755486949,10.1007_s12221-017-7123-x_part_1.txt_¶Î1_Material2
O=C([*])C(C)O[*],[*]CC([*])Cl,[Fe]12O[Fe]O[Fe](O2)O1,,,6.543773865332104,10.1007_s40430-020-2251-4_part_1.txt_¶Î1_Material1
O=C([*])C(C)O[*],[*]CCCC([*])OC(C)=O,OCC1OC(C(C(C1[*])O)O)OC2C(C(C(OC2CO)O[*])O)O,,,5.285557309007774,10.1007_s41783-018-0037-2_part_1.txt_¶Î1_Material1
O=C([*])C(C)O[*],[*]CC(C#N)[*],,,,6.477121254719663,10.1016_j.addr.2016.04.003_part_3.txt_¶Î1_Material2
O=C([*])C(C)O[*],C=C(C(OCC1CO1)=O)C,C[N+](CCO)(CCO)[3H],,,6.2421437227010825,10.1016_j.biortech.2010.05.075_part_1.txt_¶Î1_Material1
O=C([*])C(C)O[*],C/C(C[*])=C/C[*],OCC1OC(C(C(C1[*])O)O)OC2C(C(C(OC2CO)O[*])O)O,OC1=C2C(C3(O)C4C5C6=C7C8C(C9=CC(C(O)=O)=C(C=C(C=C%10C(O)=O)C%11%12)C(C%11=C%13C%14C%15%16C%17(O%16)C%18C%19=C%20C%21=C%22C(C(O)=C%23)=C%24C%25C%21=C%26C%19=C%27C%17=C%28C%14(O)C%12=C%10C=C%28CC%27=CC%26=CC%25=C(C(O)=O)C=C%24)C9=C7C%13(O)C5=C%15C3=C%18C%29%30C%20(O%30)C%31C%22C%23=C%32)=CC(C(O)=O)=CC8=CC6=C(C(O)=O)C4=C2)=C%29C%33=C%31C%32=C(C(O)=O)C=C%331,[*]NC(C(N1CCCC1C(NCC(N2CC(CC2C(NC(C(NCC([*])=O)=O)CO)=O)O)=O)=O)=O)CCCCN,5.093421685162235,10.1016_j.carbpol.2019.115618_part_2.txt_¶Î1_Material1
O=C([*])C(C)O[*],[Zn]=O,[*]OC1C(C(O)=O)OC(OC2C(NC(C)=O)C([*])OC(CO)C2O)C(O)C1O,,,6.079181246047625,10.1016_j.clay.2015.03.024_part_2.txt_¶Î1_Material1
O=C([*])C(C)O[*],FC(F)([*])C([H])([*])[H],,,,6.079181246047625,10.1016_j.compstruct.2021.114063_part_1.txt_¶Î1_Material1
O=C([*])C(C)O[*],[*]C(CCCCCO[*])=O,[*]OCC[*],O=[Ti]=O,,5.17897694729317,10.1016_j.engfracmech.2013.11.010_part_2.txt_¶Î1_Material1
O=C([*])C(C)O[*],C[N+](CCO)(CCO)[3H],[*]C/C=C(C[*])\Cl,,,6.4281347940287885,10.1016_j.eurpolymj.2015.11.003_part_2.txt_¶Î1_Material1
O=C([*])C(C)O[*],O=[Ti]=O,[*]OCC[*],,,6.477121254719663,10.1016_j.jcis.2020.08.034_part_4.txt_¶Î1_Material1
O=C([*])C(C)O[*],OCC(O)CO,[*]C([C@H](C)OC([C@H](C)O[*])=O)=O,,,6.272305844402086,10.1016_j.jmbbm.2013.06.005_part_3.txt_¶Î1_Material1
O=C([*])C(C)O[*],[*]NC(C(N1CCCC1C(NCC(N2CC(CC2C(NC(C(NCC([*])=O)=O)CO)=O)O)=O)=O)=O)CCCCN,O=[Si]=O,[Zn]=O,[*]NC(C(N1CCCC1C(NCC(N2CC(CC2C(NC(C(NCC([*])=O)=O)CO)=O)O)=O)=O)=O)CCCCN,5.319314304090512,10.1016_j.jmbbm.2017.01.032_part_2.txt_¶Î1_Material1
O=C([*])C(C)O[*],[*]C(CCCCCO[*])=O,[*]C/C=C(C[*])\Cl,,,6.477121254719663,10.1016_j.jmbbm.2019.05.016_part_2.txt_¶Î1_Material1
O=C([*])C(C)O[*],[Na+].[Cl-],,,,5.236789099409293,10.1016_j.jmbbm.2020.103968_part_6.txt_¶Î1_Material2
O=C([*])C(C)O[*],[*]OC1C(C(O)=O)OC(OC2C(NC(C)=O)C([*])OC(CO)C2O)C(O)C1O,OCC(C(C(C1N)O)O[*])OC1OC2C(OC(C(C2O)N)[*])CO,,,5.530481449815745,10.1016_j.matpr.2019.07.016_part_1.txt_¶Î1_Material1
O=C([*])C(C)O[*],[*]O[C@H](C)CC([*])=O,OCC1OC(C(C(C1[*])O)O)OC2C(C(C(OC2CO)O[*])O)O,O=C([*])C(C)O[*],,6.544068044350276,10.1016_j.polymdegradstab.2014.05.010_part_4.txt_¶Î1_Material1
O=C([*])C(C)O[*],OCC1OC(C(C(C1[*])O)O)OC2C(C(C(OC2CO)O[*])O)O,[*]CC(COC1=CC=C(C=C1)C(C)(C)C2=CC=C(C=C2)O[*])O,,,6.505149978319906,10.1016_j.polymdegradstab.2017.08.031_part_1.txt_¶Î1_Material1
O=C([*])C(C)O[*],[*]N1C(C2=CC3=C(C=C2C1=O)C(N(C3=O)C4=CC=C(C=C4)OC5=CC=C(C=C5)[*])=O)=O,,,,6.1525940779274695,10.1016_j.polymer.2020.122724_part_6.txt_¶Î1_Material1
O=C([*])C(C)O[*],[*]N1C(C2=CC3=C(C=C2C1=O)C(N(C3=O)C4=CC=C(C=C4)OC5=CC=C(C=C5)[*])=O)=O,[*]CC(COC1=CC=C(C=C1)C(C)(C)C2=CC=C(C=C2)O[*])O,,,6.732393759822968,10.1021_acssuschemeng.0c03463_part_1.txt_¶Î1_Material1
O=C([*])C(C)O[*],OC1=C2C(C3(O)C4C5C6=C7C8C(C9=CC(C(O)=O)=C(C=C(C=C%10C(O)=O)C%11%12)C(C%11=C%13C%14C%15%16C%17(O%16)C%18C%19=C%20C%21=C%22C(C(O)=C%23)=C%24C%25C%21=C%26C%19=C%27C%17=C%28C%14(O)C%12=C%10C=C%28CC%27=CC%26=CC%25=C(C(O)=O)C=C%24)C9=C7C%13(O)C5=C%15C3=C%18C%29%30C%20(O%30)C%31C%22C%23=C%32)=CC(C(O)=O)=CC8=CC6=C(C(O)=O)C4=C2)=C%29C%33=C%31C%32=C(C(O)=O)C=C%331,C[Si](O[*])(C)[*],,,5.284024450322645,10.1039_d0qm00958j_part_3.txt_¶Î1_Material1
O=C([*])C(C)O[*],O=[Mg].O=[Si]=O.O=[Si]=O.O=[Si]=O.O=[Si]=O.O=[Mg].O=[Mg].O,[*]CC(COC1=CC=C(C=C1)C(C)(C)C2=CC=C(C=C2)O[*])O,,,6.477121254719663,10.3390_polym11020306_part_4.txt_¶Î1_Material1
O=C([*])C(C)O[*],OCC1OC(C(C(C1[*])O)O)OC2C(C(C(OC2CO)O[*])O)O,[*]C1=C(C=CN2)C2=C([*])C(O)=C1O,,,7.074450718954592,10.3390_polym12102373_part_4.txt_¶Î1_Material1
O=C([*])C(C)O[*],[H][Si]([H])([H])[H],[H][Si]([H])([H])[H],,,6.681241237375588,10.3390_polym13152475_part_1.txt_¶Î1_Material1
O=C([*])C(C)O[*],O=C(C1=CC=C(C([*])=O)C=C1)NC2=CCC(N[*])C=C2,O=C(C1=CC=C(C([*])=O)C=C1)NC2=CCC(N[*])C=C2,,,5.653212513775344,10.4028_www.scientific.net_amm.145.1_part_1.txt_¶Î1_Material1
O=C([*])C(C)O[*],[*]C1C(OC(C(C1O)O)OC2C(OC(C(C2O)O)O[*])CO)CO,OCC(O)CO,[*]CCCC([*])C(OC)=O,O=[Al]O[Al]=O.O=[Si]=O.O=[Si]=O.O=[Si]=O,6.110589710299249,10.4028_www.scientific.net_amr.684.75_part_1.txt_¶Î1_Material1
O=C([*])C(C)O[*],O=C(O[Na])COCC(OC(C(C1O)O)[*])C1OC(C(C(C2O[*])O)O)OC2COCC(O[Na])=O,,,,6.301969226865995,10.4028_www.scientific.net_amr.747.157_part_1.txt_¶Î1_Material1
O=C([*])C(C)O[*],O=[Al]O[Al]=O.O=[Si]=O.O=[Si]=O.O=[Si]=O,O=[Ti]=O,,,5.662757831681574,10.4028_www.scientific.net_ddf.398.131_part_1.txt_¶Î1_Material1
O=C([*])C(C)O[*],O=P([O-])([O-])[O-].[Ca+2].[Ca+2].[OH-],[*]C1=C(C=CN2)C2=C([*])C(O)=C1O,[*]CC(C1=CC=CC=C1)[*],,6.505149978319906,10.1002_adem.201901065_part_6.txt_¶Î1_Material1
O=C([*])C(C)O[*],[*]OCC[*],[*]CC(C1=CC=CC=C1)[*],,,6.396722278503773,10.1002_app.39183_part_1.txt_¶Î1_Material1
O=C([*])C(C)O[*],[*]OCC[*],OCC1OC(C(C(C1[*])O)O)OC2C(C(C(OC2CO)O[*])O)O,,,6.318063334962762,10.1002_app.39183_part_2.txt_¶Î1_Material1
O=C([*])C(C)O[*],[*]C([H])([H])C(O)([H])[*],[*]OC1C(C(O)=O)OC(OC2C(NC(C)=O)C([*])OC(CO)C2O)C(O)C1O,,,6.3979400086720375,10.1002_app.51534_part_2.txt_¶Î1_Material1
O=C([*])C(C)O[*],[*]CC[*],O=C=NC(C=C1)=CC=C1CC2=CC=C(C=C2)N=C=O,,,6.406028944963615,10.1002_j.1941-9635.2017.tb01658.x_part_1.txt_¶Î1_Material1
O=C([*])C(C)O[*],[*]OC1C(C(O)=O)OC(OC2C(NC(C)=O)C([*])OC(CO)C2O)C(O)C1O,[O-][Si]([O-])([O-])O[Si]([O-])([O-])[O-].[Ca+2],,,6.505149978319906,10.1002_pc.25683_part_3.txt_¶Î1_Material1
O=C([*])C(C)O[*],O=[Al]O[Al]=O,,,,6.057437868212939,10.1002_vnl.21837_part_3.txt_¶Î1_Material1
O=C([*])C(C)O[*],OCC1OC(C(C(C1[*])O)O)OC2C(C(C(OC2CO)O[*])O)O,O=C(O)C(C[*])CC(CC(C(C(O)=O)[*])C(O)=O)C(O)=O,,,6.477121254719663,10.1007_s00289-017-2215-8_part_1.txt_¶Î1_Material1
O=C([*])C(C)O[*],[*]CCCC([*])OC(C)=O,[*]CC(CC[*])O,,,6.465382851448418,10.1007_s12649-019-00738-2_part_1.txt_¶Î1_Material1
O=C([*])C(C)O[*],OCC(C(C(C1N)O)O[*])OC1OC2C(OC(C(C2O)N)[*])CO,OCC1OC(C(C(C1O[*])O)O)[*],,,5.983175072037813,10.1016_j.carbpol.2017.11.079_part_4.txt_¶Î1_Material1
O=C([*])C(C)O[*],CCOC(=O)C(O)(CC(=O)OCC)CC(=O)OCC,OCC1OC(C(C(C1[*])O)O)OC2C(C(C(OC2CO)O[*])O)O,CC(NC1C([C@@H](C(O[C@H]1O[*])CO)O[C@@H]2OC([C@H]([C@@H](C2NC(C)=O)O)[*])CO)O)=O,,6.57978359661681,10.1016_j.compositesa.2015.05.024_part_1.txt_¶Î1_Material1
O=C([*])C(C)O[*],O=P([O-])([O-])[O-].[Ca+2].[Ca+2].[OH-],C[Si](O[*])(C)[*],[*]C(C)C[*],,6.544068044350276,10.1016_j.compstruct.2021.114267_part_1.txt_¶Î1_Material1
O=C([*])C(C)O[*],O=[Si]=O,[*]NC(C)C(N1CCCC1C([*])=O)=O,CC1=CC(O)=C(C=C1CCCC(C2=C(C=C(C(C(C)(C)C)=C2)O)C)C3=CC(C(C)(C)C)=C(C=C3C)O)C(C)(C)C,O=C([*])C(C)O[*],5.351506422929044,10.1016_j.fpsl.2020.100513_part_2.txt_¶Î1_Material1
O=C([*])C(C)O[*],OCC1OC(C(C(C1[*])O)O)OC2C(C(C(OC2CO)O[*])O)O,[Zn]=O,,,6.136923401876378,10.1016_j.matpr.2018.12.013_part_1.txt_¶Î1_Material1
O=C([*])C(C)O[*],OCC1OC(OC2C(O)C(O)C(O[*])OC2CO)C(O)C(O)C1[*],O=[Mg].O=[Si]=O.O=[Si]=O.O=[Si]=O.O=[Si]=O.O=[Mg].O=[Mg].O,OCC1OC(C(C(C1[*])O)O)OC2C(C(C(OC2CO)O[*])O)O,[*]O[C@@]([H])(C)C(O[C@](C)([H])C([*])=O)=O,6.02938377768521,10.1016_j.polymer.2020.123280_part_3.txt_¶Î1_Material1
O=C([*])C(C)O[*],OCC1OC(C(C(C1[*])O)O)OC2C(C(C(OC2CO)O[*])O)O,[*]C([H])([H])C(O)([H])[*],,,6.5910646070265,10.1016_j.reactfunctpolym.2014.09.012_part_1.txt_¶Î1_Material1
O=C([*])C(C)O[*],C=C([CH3])C(=O)OC([CH3])[CH3],C=C(C(OCC1CO1)=O)C,,,6.3979400086720375,10.1080_09276440.2021.1939951_part_2.txt_¶Î1_Material1
O=C([*])C(C)O[*],O=C([*])C(C)O[*],O=C([*])C(C)O[*],OCC1OC(C(C(C1[*])O)O)OC2C(C(C(OC2CO)O[*])O)O,,6.17435059747938,10.1080_09276440.2021.1939951_part_3.txt_¶Î1_Material1
O=C([*])C(C)O[*],[*]NC(C(N1CCCC1C(NCC(N2CC(CC2C(NC(C(NCC([*])=O)=O)CO)=O)O)=O)=O)=O)CCCCN,[*]OCC[*],,,4.850033257689769,10.1111_jfpp.14102_part_2.txt_¶Î1_Material3
O=C([*])C(C)O[*],OCC(O)CO,OCC1OC(C(C(C1[*])O)O)OC2C(C(C(OC2CO)O[*])O)O,[*]CC[*],,6.345373730559088,10.1177_0021998315616274_part_1.txt_¶Î1_Material1
O=C([*])C(C)O[*],[*]OCC[*],C/C(C[*])=C/C[*],C/C(C[*])=C/C[*],,6.2552725051033065,10.1177_0095244318758156_part_2.txt_¶Î1_Material1
O=C([*])C(C)O[*],O=C(C(C[*])[*])N,[H][O-],,,2.0791812460476247,10.3390_polym10040403_part_2.txt_¶Î1_Material1
O=C([*])C(C)O[*],OCC1OC(C(C(C1[*])O)O)OC2C(C(C(OC2CO)O[*])O)O,O=P([O-])([O-])[O-].[Ca+2].[Ca+2].[OH-],,,6.369215857410143,10.3390_polym11061009_part_1.txt_¶Î1_Material1
O=C([*])C(C)O[*],[*]CC(C1=CC=CC=C1)[*],OCC1OC(C(C(C1[*])O)O)OC2C(C(C(OC2CO)O[*])O)O,,,6.320623955053538,10.3390_polym12040812_part_3.txt_¶Î1_Material1
O=C([*])C(C)O[*],OCC1OC(C(C(C1[*])O)O)OC2C(C(C(OC2CO)O[*])O)O,C=C(C(OCC1CO1)=O)C,,,6.278753600952829,10.1007_s00289-017-2215-8_part_3.txt_¶Î1_Material5
O=C([*])C(C)O[*],O=P([O-])([O-])[O-].[Ca+2].[Ca+2].[OH-],[O-][Si]([O-])([O-])O[Si]([O-])([O-])[O-].[Ca+2],,,6.362105319293773,10.1002_pc.25807_part_3.txt_¶Î1_Material4
O=C([*])C(C)O[*],[*]C(C)C[*],[*]C(NC1=C(C)C(NC(OCCO[*])=O)=CC=C1)=O,,,6.095029796648452,10.1002_pi.6053_part_3.txt_¶Î1_Material1
O=C([*])C(C)O[*],O=[Si]=O,C/C(C[*])=C/C[*],OC1=C2C(C3(O)C4C5C6=C7C8C(C9=CC(C(O)=O)=C(C=C(C=C%10C(O)=O)C%11%12)C(C%11=C%13C%14C%15%16C%17(O%16)C%18C%19=C%20C%21=C%22C(C(O)=C%23)=C%24C%25C%21=C%26C%19=C%27C%17=C%28C%14(O)C%12=C%10C=C%28CC%27=CC%26=CC%25=C(C(O)=O)C=C%24)C9=C7C%13(O)C5=C%15C3=C%18C%29%30C%20(O%30)C%31C%22C%23=C%32)=CC(C(O)=O)=CC8=CC6=C(C(O)=O)C4=C2)=C%29C%33=C%31C%32=C(C(O)=O)C=C%331,,5.817565369559781,10.1016_j.compscitech.2018.07.005_part_2.txt_¶Î1_Material1
O=C([*])C(C)O[*],[Fe],,,,5.318897714627487,10.1051_matecconf_201927502014_part_1.txt_¶Î1_Material1
O=C([*])C(C)O[*],[*]C(CCCCCO[*])=O,[O-][Si]([O-])([O-])O[Si]([O-])([O-])[O-].[Ca+2],,,6.477121254719663,10.1111_ffe.12339_part_2.txt_¶Î1_Material1
O=C([*])C(C)O[*],[*]OCC[*],OCC1OC(OC2C(O)C(O)C(O[*])OC2CO)C(O)C(O)C1[*],,,6.368100851709351,10.1002_adv.21779_part_2.txt_¶Î1_Material1
O=C([*])C(C)O[*],[*]C(CCCCC(OCCCCO[*])=O)=O,OC1=C2C(C3(O)C4C5C6=C7C8C(C9=CC(C(O)=O)=C(C=C(C=C%10C(O)=O)C%11%12)C(C%11=C%13C%14C%15%16C%17(O%16)C%18C%19=C%20C%21=C%22C(C(O)=C%23)=C%24C%25C%21=C%26C%19=C%27C%17=C%28C%14(O)C%12=C%10C=C%28CC%27=CC%26=CC%25=C(C(O)=O)C=C%24)C9=C7C%13(O)C5=C%15C3=C%18C%29%30C%20(O%30)C%31C%22C%23=C%32)=CC(C(O)=O)=CC8=CC6=C(C(O)=O)C4=C2)=C%29C%33=C%31C%32=C(C(O)=O)C=C%331,,,6.103803720955957,10.1002_app.33916_part_2.txt_¶Î1_Material2
O=C([*])C(C)O[*],[*]C(CCCCC(OCCCCO[*])=O)=O,O=C([*])OC1=CC=C(C=C1)C(C)(C)C2=CC=C(C=C2)O[*],OC1=C2C(C3(O)C4C5C6=C7C8C(C9=CC(C(O)=O)=C(C=C(C=C%10C(O)=O)C%11%12)C(C%11=C%13C%14C%15%16C%17(O%16)C%18C%19=C%20C%21=C%22C(C(O)=C%23)=C%24C%25C%21=C%26C%19=C%27C%17=C%28C%14(O)C%12=C%10C=C%28CC%27=CC%26=CC%25=C(C(O)=O)C=C%24)C9=C7C%13(O)C5=C%15C3=C%18C%29%30C%20(O%30)C%31C%22C%23=C%32)=CC(C(O)=O)=CC8=CC6=C(C(O)=O)C4=C2)=C%29C%33=C%31C%32=C(C(O)=O)C=C%331,,6.20682587603185,10.1002_app.33916_part_2.txt_¶Î1_Material3
O=C([*])C(C)O[*],OCC1OC(OC2C(O)C(O)C(O[*])OC2CO)C(O)C(O)C1[*],[*]C1C(C(C(OC1C(O[Na])=O)OC2C(C(O[Na])=O)OC(O[*])C(O)C2O)O)O,,,6.491361693834273,10.1002_app.35039_part_1.txt_¶Î1_Material3
O=C([*])C(C)O[*],[*]C(CCCCC(OCCCCO[*])=O)=O,COC(C(C[*])([*])C)=O,,,6.3979400086720375,10.1002_app.38968_part_1.txt_¶Î1_Material1
O=C([*])C(C)O[*],[CH3]C1=C([CH3])C2=C(C([CH3])=C1O)CCC([CH3])(CCCC([CH3])CCCC([CH3])CCCC([CH3])[CH3])O2,,,,5.905795880367869,10.1002_app.39970_part_1.txt_¶Î1_Material1
O=C([*])C(C)O[*],OCC1OC(C(C(C1[*])O)O)OC2C(C(C(OC2CO)O[*])O)O,C[N+](CCO)(CCO)[3H],O=[Al]O[Al]=O.O=[Si]=O.O=[Si]=O.O=[Si]=O,OCC(C(C(C1N)O)O[*])OC1OC2C(OC(C(C2O)N)[*])CO,6.173186268412274,10.1002_app.40329_part_1.txt_¶Î1_Material1
O=C([*])C(C)O[*],[*]C1C(OC(C(C1O)O)OC2C(OC(C(C2O)O)O[*])CO)CO,OCC(O)CO,OCC1OC(C(C(C1[*])O)O)OC2C(C(C(OC2CO)O[*])O)O,,6.344883279369863,10.1002_app.47899_part_1.txt_¶Î1_Material1
O=C([*])C(C)O[*],COC1=CC(/C=C/C=O)=CC(OC2=CC(C(C(OC3=CC=C(C=C3OC)C(C(CO)=O)O)CO)O)=CC=C2OC4=CC(C(C(COC5=CC=C(C=C5)C(C(CO)=O)O)=O)O)=CC=C4O)=C1,COC1=CC(/C=C/C=O)=CC(OC2=CC(C(C(OC3=CC=C(C=C3OC)C(C(CO)=O)O)CO)O)=CC=C2OC4=CC(C(C(COC5=CC=C(C=C5)C(C(CO)=O)O)=O)O)=CC=C4O)=C1,,,6.439332693830263,10.1002_app.47915_part_2.txt_¶Î1_Material1
O=C([*])C(C)O[*],[*]NC(C(N1CCCC1C(NCC(N2CC(CC2C(NC(C(NCC([*])=O)=O)CO)=O)O)=O)=O)=O)CCCCN,OCC1OC(C(C(C1[*])O)O)OC2C(C(C(OC2CO)O[*])O)O,,,4.491361693834273,10.1002_app.50020_part_1.txt_¶Î1_Material1
O=C([*])C(C)O[*],OC1=C2C(C3(O)C4C5C6=C7C8C(C9=CC(C(O)=O)=C(C=C(C=C%10C(O)=O)C%11%12)C(C%11=C%13C%14C%15%16C%17(O%16)C%18C%19=C%20C%21=C%22C(C(O)=C%23)=C%24C%25C%21=C%26C%19=C%27C%17=C%28C%14(O)C%12=C%10C=C%28CC%27=CC%26=CC%25=C(C(O)=O)C=C%24)C9=C7C%13(O)C5=C%15C3=C%18C%29%30C%20(O%30)C%31C%22C%23=C%32)=CC(C(O)=O)=CC8=CC6=C(C(O)=O)C4=C2)=C%29C%33=C%31C%32=C(C(O)=O)C=C%331,OCC(C(C(C1N)O)O[*])OC1OC2C(OC(C(C2O)N)[*])CO,,,6.176091259055681,10.1002_pat.5202_part_2.txt_¶Î1_Material1
O=C([*])C(C)O[*],[*]C(CCCCC(OCCCCO[*])=O)=O,[*]OCCOC(CC(C([*])=O)C(C1CCCCC1)CC(CC(O)=O)C(OCCO)=O)=O,,,7.1003705451175625,10.1002_pc.22249_part_1.txt_¶Î1_Material1
O=C([*])C(C)O[*],[*]OCC[*],[Na+].[Cl-],,,6.301029995663981,10.1002_pen.24073_part_1.txt_¶Î1_Material1
O=C([*])C(C)O[*],[*]OCC[*],[*]CCC(CCCC(CCCC(C[*])C)C)C,,,5.619093330626742,10.1002_pen.24350_part_1.txt_¶Î1_Material1
O=C([*])C(C)O[*],[*]CC[*],[*]C(C)C[*],,,5.876217840591642,10.1002_pi.6058_part_5.txt_¶Î1_Material1
O=C([*])C(C)O[*],[*]C(CCCCC(OCCCCO[*])=O)=O,[*]C1C(C(C(OC1C(O[Na])=O)OC2C(C(O[Na])=O)OC(O[*])C(O)C2O)O)O,,,6.301029995663981,10.1002_pts.2141_part_1.txt_¶Î1_Material1
O=C([*])C(C)O[*],OCC(C(C(C1N)O)O[*])OC1OC2C(OC(C(C2O)N)[*])CO,[*]OC1C(C(O)=O)OC(OC2C(NC(C)=O)C([*])OC(CO)C2O)C(O)C1O,,,5.229425847920695,10.1002_vnl.21816_part_2.txt_¶Î1_Material1
O=C([*])C(C)O[*],[H][O-],NCCC[Si](OCC)(OCC)OCC,,,6.752816431188271,10.1007_s10924-013-0594-y_part_1.txt_¶Î1_Material1
O=C([*])C(C)O[*],C/C(C[*])=C/C[*],O=[Si]=O,,,6.283617786365643,10.1007_s10924-021-02063-z_part_2.txt_¶Î1_Material3
O=C([*])C(C)O[*],[*]CC[*],[*]NCC(NC(C(ONCC(NC(C(NCC(NC(C([*])=O)C)=O)=O)C)=O)=O)CO)=O,,,5.978180516937414,10.1007_s12221-014-0574-4_part_1.txt_¶Î1_Material1
O=C([*])C(C)O[*],OCC1OC(C(C(C1[*])O)O)OC2C(C(C(OC2CO)O[*])O)O,[*]CC(CCCC(CC)CC([*])C1=CC=CC=C1)C2=CC=CC=C2,,,6.486487153065907,10.1007_s13726-019-00733-3_part_2.txt_¶Î1_Material1
O=C([*])C(C)O[*],[*]C1C(C(C(OC1C(O[Na])=O)OC2C(C(O[Na])=O)OC(O[*])C(O)C2O)O)O,[*]OC1C(C(O)=O)OC(OC2C(NC(C)=O)C([*])OC(CO)C2O)C(O)C1O,,,5.08170727009735,10.1007_s41779-019-00363-1_part_2.txt_¶Î1_Material1
O=C([*])C(C)O[*],[*]CCC(CCCC(CCCC(C[*])C)C)C,CC(NC(C([*])C)=O)C(NC(C)C(NC(C)C(N[*])=O)=O)=O,,,5.575072325713813,10.1007_s41783-017-0023-0_part_1.txt_¶Î1_Material1
O=C([*])C(C)O[*],[*]NCC(NC(C(ONCC(NC(C(NCC(NC(C([*])=O)C)=O)=O)C)=O)=O)CO)=O,[*]CCC(CCCC(CCCC(C[*])C)C)C,,,5.575072325713813,10.1007_s41783-017-0023-0_part_2.txt_¶Î1_Material1
O=C([*])C(C)O[*],[*]CCCC([*])OC(C)=O,C12=CC3=CC4=CC=CN=C4N=C3N=C1N=C5N=C6N=CC=CC6=CC5=C2,,,6.4623979978989565,10.1016_j.carbpol.2015.10.094_part_5.txt_¶Î1_Material1
O=C([*])C(C)O[*],OCC1OC(C(C(C1[*])O)O)OC2C(C(C(OC2CO)O[*])O)O,OCC1OC(C(C(C1[*])O)O)OC2C(C(C(OC2CO)O[*])O)O,OCC1OC(C(C(C1[*])O)O)OC2C(C(C(OC2CO)O[*])O)O,,6.301029995663981,10.1016_j.coco.2020.100548_part_2.txt_¶Î1_Material1
O=C([*])C(C)O[*],[*]C(C)C[*],O=[Al]O[Al]=O.O=[Si]=O.O=[Si]=O.O=[Si]=O,,,6.468347330412158,10.1016_j.compositesa.2014.12.005_part_2.txt_¶Î1_Material1
O=C([*])C(C)O[*],[*]OCC[*],[*]C(C)C[*],,,6.378397900948138,10.1016_j.compscitech.2018.11.015_part_2.txt_¶Î1_Material1
O=C([*])C(C)O[*],[*]C([H])([H])C(O)([H])[*],O=C([*])C(C)O[*],,,6.477121254719663,10.1016_j.desal.2014.01.019_part_1.txt_¶Î1_Material1
O=C([*])C(C)O[*],C=CCN1C(=O)N(CC=C)C(=O)N(CC=C)C1=O,,,,6.286231854028553,10.1016_j.ijbiomac.2018.10.057_part_4.txt_¶Î1_Material1
O=C([*])C(C)O[*],[*]C(NC1=C(C)C(NC(OCCO[*])=O)=CC=C1)=O,[*]OCC[*],,,6.079181246047625,10.1016_j.ijbiomac.2021.08.087_part_1.txt_¶Î1_Material1
O=C([*])C(C)O[*],OCC1OC(C(C(C1[*])O)O)OC2C(C(C(OC2CO)O[*])O)O,[*]CCCC([*])C(OC)=O,,,6.190331698170292,10.1016_j.indcrop.2017.12.044_part_1.txt_¶Î1_Material1
O=C([*])C(C)O[*],[*]OCC[*],OCC1OC(C(C(C1[*])O)O)OC2C(C(C(OC2CO)O[*])O)O,OCC1OC(C(C(C1[*])O)O)OC2C(C(C(OC2CO)O[*])O)O,,5.612783856719736,10.1016_j.indcrop.2023.117011_OA_part_3.txt_¶Î1_Material1
O=C([*])C(C)O[*],OCC(C(C(C1N)O)O[*])OC1OC2C(OC(C(C2O)N)[*])CO,OCC1OC(OC2C(O)C(O)C(O[*])OC2CO)C(O)C(O)C1[*],,,6.5843312243675305,10.1016_j.jclepro.2019.119898_part_1.txt_¶Î1_Material1
O=C([*])C(C)O[*],[*]C(CCCCCO[*])=O,[*]OCC[*],O=[Ti]=O,[O-][Si]([O-])([O-])O[Si]([O-])([O-])[O-].[Ca+2],4.88024177589548,10.1016_j.jmbbm.2013.08.031_part_3.txt_¶Î1_Material1
O=C([*])C(C)O[*],[*]C(CCCCCO[*])=O,OCC(O)CO,[*]C(NC1=C(C)C(NC(OCCO[*])=O)=CC=C1)=O,,5.477121254719663,10.1016_j.jmbbm.2019.06.017_part_2.txt_¶Î1_Material1
O=C([*])C(C)O[*],[*]C(C1=CC=CC=C1)CC2C(OC(C2[*])=O)=O,,,,6.456366033129043,10.1016_j.matlet.2019.05.041_part_1.txt_¶Î1_Material1
O=C([*])C(C)O[*],[*]OCC[*],OCC1OC(C(C(C1[*])O)O)OC2C(C(C(OC2CO)O[*])O)O,OCC1OC(C(C(C1[*])O)O)OC2C(C(C(OC2CO)O[*])O)O,OCC1OC(C(C(C1[*])O)O)OC2C(C(C(OC2CO)O[*])O)O,6.230448921378274,10.1016_j.polymdegradstab.2018.11.028_part_2.txt_¶Î1_Material1
O=C([*])C(C)O[*],[*]CC(C1=CC=CC=C1)[*],OC1=C2C(C3(O)C4C5C6=C7C8C(C9=CC(C(O)=O)=C(C=C(C=C%10C(O)=O)C%11%12)C(C%11=C%13C%14C%15%16C%17(O%16)C%18C%19=C%20C%21=C%22C(C(O)=C%23)=C%24C%25C%21=C%26C%19=C%27C%17=C%28C%14(O)C%12=C%10C=C%28CC%27=CC%26=CC%25=C(C(O)=O)C=C%24)C9=C7C%13(O)C5=C%15C3=C%18C%29%30C%20(O%30)C%31C%22C%23=C%32)=CC(C(O)=O)=CC8=CC6=C(C(O)=O)C4=C2)=C%29C%33=C%31C%32=C(C(O)=O)C=C%331,,,6.6020599913279625,10.1016_j.polymertesting.2019.106008_part_2.txt_¶Î1_Material1
O=C([*])C(C)O[*],OCC1OC(C(C(C1O[*])O)O)[*],[*]C1C(C(C(OC1C(O[Na])=O)OC2C(C(O[Na])=O)OC(O[*])C(O)C2O)O)O,,,6.305351369446623,10.1016_s1672-6529(14)60074-3_part_1.txt_¶Î1_Material1
O=C([*])C(C)O[*],[*]OCC[*],O=C([*])OC1=CC=C(C=C1)C(C)(C)C2=CC=C(C=C2)O[*],[*]OCC[*],OCC1OC(C(C(C1[*])O)O)OC2C(C(C(OC2CO)O[*])O)O,5.866287339084195,10.1021_acs.chemmater.8b02062_part_2.txt_¶Î1_Material1
O=C([*])C(C)O[*],OCC1OC(C(C(C1[*])O)O)OC2C(C(C(OC2CO)O[*])O)O,OCC(C(C(C1N)O)O[*])OC1OC2C(OC(C(C2O)N)[*])CO,,,5.866287339084195,10.1021_acs.chemmater.8b02062_part_2.txt_¶Î1_Material2
O=C([*])C(C)O[*],OCC(C(C(C1N)O)O[*])OC1OC2C(OC(C(C2O)N)[*])CO,[*]OCC[*],OCC1OC(C(C(C1[*])O)O)OC2C(C(C(OC2CO)O[*])O)O,,5.034227260770551,10.1021_acs.chemmater.8b02062_part_3.txt_¶Î1_Material1
O=C([*])C(C)O[*],OCC1OC(C(C(C1[*])O)O)OC2C(C(C(OC2CO)O[*])O)O,N#CC(C1=CC=CC=N1)C1=CC=CC=C1,,,6.111934276332682,10.1021_acs.macromol.8b00103_part_1.txt_¶Î1_Material1
O=C([*])C(C)O[*],[*]NC(C(N1CCCC1C(NCC(N2CC(CC2C(NC(C(NCC([*])=O)=O)CO)=O)O)=O)=O)=O)CCCCN,OCC1OC(C(C(C1[*])O)O)OC2C(C(C(OC2CO)O[*])O)O,[*]NC(C(N1CCCC1C(NCC(N2CC(CC2C(NC(C(NCC([*])=O)=O)CO)=O)O)=O)=O)=O)CCCCN,,4.77901897191487,10.1039_d2gc01476a_OA_part_1.txt_¶Î1_Material1
O=C([*])C(C)O[*],[*]NC(C(N1CCCC1C(NCC(N2CC(CC2C(NC(C(NCC([*])=O)=O)CO)=O)O)=O)=O)=O)CCCCN,[*]NC(C(N1CCCC1C(NCC(N2CC(CC2C(NC(C(NCC([*])=O)=O)CO)=O)O)=O)=O)=O)CCCCN,OCC1OC(C(C(C1[*])O)O)OC2C(C(C(OC2CO)O[*])O)O,OCC1OC(C(C(C1[*])O)O)OC2C(C(C(OC2CO)O[*])O)O,4.77901897191487,10.1039_d2gc01476a_OA_part_3.txt_¶Î1_Material1
O=C([*])C(C)O[*],[*]NCC(NC(C(ONCC(NC(C(NCC(NC(C([*])=O)C)=O)=O)C)=O)=O)CO)=O,[*]NCC(NC(C(ONCC(NC(C(NCC(NC(C([*])=O)C)=O)=O)C)=O)=O)CO)=O,,,6.539076098792776,10.1080_00222348.2018.1558590_part_2.txt_¶Î1_Material2
O=C([*])C(C)O[*],O=C([*])C(C)O[*],[*]CC[*],OCC1OC(C(C(C1[*])O)O)OC2C(C(C(OC2CO)O[*])O)O,,6.278753600952829,10.1080_09276440.2018.1439622_part_4.txt_¶Î1_Material1
O=C([*])C(C)O[*],CC1=CC=C(C=C1N=C=O)N=C=O,,,,6.1062929121756575,10.1080_1023666x.2013.784936_part_3.txt_¶Î1_Material1
O=C([*])C(C)O[*],[O-][Si]([O-])([O-])O[Si]([O-])([O-])[O-].[Ca+2],OCC1OC(C(C(C1[*])O)O)OC2C(C(C(OC2CO)O[*])O)O,,,6.544068044350276,10.1177_0021998320963533_part_1.txt_¶Î1_Material1
O=C([*])C(C)O[*],OCC1OC(C(C(C1[*])O)O)OC2C(C(C(OC2CO)O[*])O)O,O=C([*])C(C)O[*],,,6.072617476545236,10.1177_0095244320988168_part_1.txt_¶Î1_Material1
O=C([*])C(C)O[*],O=[Al]O[Al]=O.O=[Si]=O.O=[Si]=O.O=[Si]=O,O=C([*])C(C)O[*],,,6.574725583594073,10.1177_0892705714526912_part_3.txt_¶Î1_Material1
O=C([*])C(C)O[*],O=[Al]O[Al]=O.O=[Si]=O.O=[Si]=O.O=[Si]=O,OCC1OC(C(C(C1[*])O)O)OC2C(C(C(OC2CO)O[*])O)O,OC1=C2C(C3(O)C4C5C6=C7C8C(C9=CC(C(O)=O)=C(C=C(C=C%10C(O)=O)C%11%12)C(C%11=C%13C%14C%15%16C%17(O%16)C%18C%19=C%20C%21=C%22C(C(O)=C%23)=C%24C%25C%21=C%26C%19=C%27C%17=C%28C%14(O)C%12=C%10C=C%28CC%27=CC%26=CC%25=C(C(O)=O)C=C%24)C9=C7C%13(O)C5=C%15C3=C%18C%29%30C%20(O%30)C%31C%22C%23=C%32)=CC(C(O)=O)=CC8=CC6=C(C(O)=O)C4=C2)=C%29C%33=C%31C%32=C(C(O)=O)C=C%331,[*]CCCC([*])C(OC)=O,6.167317334748176,10.1515_epoly-2021-0072_OA_part_1.txt_¶Î1_Material1
O=C([*])C(C)O[*],[*]CC(C#N)[*],[*]OCC[*],,,5.852174904420303,10.1590_0104-1428.20210013_OA_part_2.txt_¶Î1_Material1
O=C([*])C(C)O[*],O=[Mg].O=[Si]=O.O=[Si]=O.O=[Si]=O.O=[Si]=O.O=[Mg].O=[Mg].O,OCC1OC(C(C(C1[*])O)O)OC2C(C(C(OC2CO)O[*])O)O,[*]OCC[*],,6.301029995663981,10.22146_ijc.80830_OA_part_2.txt_¶Î1_Material1
O=C([*])C(C)O[*],OCC1OC(C(C(C1[*])O)O)OC2C(C(C(OC2CO)O[*])O)O,[*]CCC(CCCCCC)C[*],,,5.549003262025788,10.3144_expresspolymlett.2022.13_OA_part_2.txt_¶Î1_Material1
O=C([*])C(C)O[*],[*]OC1C(C(O)=O)OC(OC2C(NC(C)=O)C([*])OC(CO)C2O)C(O)C1O,OC1=C2C(C3(O)C4C5C6=C7C8C(C9=CC(C(O)=O)=C(C=C(C=C%10C(O)=O)C%11%12)C(C%11=C%13C%14C%15%16C%17(O%16)C%18C%19=C%20C%21=C%22C(C(O)=C%23)=C%24C%25C%21=C%26C%19=C%27C%17=C%28C%14(O)C%12=C%10C=C%28CC%27=CC%26=CC%25=C(C(O)=O)C=C%24)C9=C7C%13(O)C5=C%15C3=C%18C%29%30C%20(O%30)C%31C%22C%23=C%32)=CC(C(O)=O)=CC8=CC6=C(C(O)=O)C4=C2)=C%29C%33=C%31C%32=C(C(O)=O)C=C%331,,,6.710202014655385,10.3144_expresspolymlett.2024.48_OA_part_3.txt_¶Î1_Material1
O=C([*])C(C)O[*],[*]C([H])([H])C(O)([H])[*],OCC(O)CO,,,5.156246190397344,10.33333_rp.vol51n2.03_OA_part_1.txt_¶Î1_Material1
O=C([*])C(C)O[*],OCC(O)CO,[*]O[C@@]([H])(C)C(O[C@](C)([H])C([*])=O)=O,[Ag+],,5.431363764158987,10.3389_fchem.2020.00688_part_1.txt_¶Î1_Material1
O=C([*])C(C)O[*],OCC1OC(C(C(C1[*])O)O)OC2C(C(C(OC2CO)O[*])O)O,CC(NC1C([C@@H](C(O[C@H]1O[*])CO)O[C@@H]2OC([C@H]([C@@H](C2NC(C)=O)O)[*])CO)O)=O,,,6.894105511777515,10.3390_polym13030325_part_2.txt_¶Î1_Material1
O=C([*])C(C)O[*],[*]NC(C1=CC=C2C(C(N(C2=O)C3=CC=C(C=C3)CC4=CC=C([*])C=C4)=O)=C1)=O,,,,6.4623979978989565,10.37358_mp.20.3.5377_OA_part_2.txt_¶Î1_Material1
O=C([*])C(C)O[*],[*]OCC[*],C/C(C[*])=C/C[*],[*]C1C(OC(C(C1O)O)OC2C(OC(C(C2O)O)O[*])CO)CO,,5.873901597864461,10.4028_www.scientific.net_amr.802.144_part_1.txt_¶Î1_Material1
O=C([*])C(C)O[*],COC(C(C[*])([*])C)=O,O=[Si]=O,,,6.408223000352301,10.4028_www.scientific.net_kem.773.51_part_1.txt_¶Î1_Material1
O=C([*])C(C)O[*],OCC(C(C(C1N)O)O[*])OC1OC2C(OC(C(C2O)N)[*])CO,[H][O-],[*]NC(C(N1CCCC1C(NCC(N2CC(CC2C(NC(C(NCC([*])=O)=O)CO)=O)O)=O)=O)=O)CCCCN,,5.372912002970106,10.59324_ejaset.2023.1(1).05_OA_part_1.txt_¶Î1_Material1
O=C([*])C(C)O[*],OCC1OC(C(C(C1[*])O)O)OC2C(C(C(OC2CO)O[*])O)O,O=C(O)C([*])C[*],,,6.530839778616521,10.7569_jrm.2017.634146_part_1.txt_¶Î1_Material3
O=C([*])C(C)O[*],OCC1OC(OC2C(O)C(O)C(O[*])OC2CO)C(O)C(O)C1[*],O=C([*])C(C)O[*],,,6.225309281725863,10.1002_adv.21779_part_2.txt_¶Î1_Material2
O=C([*])C(C)O[*],[*]C1C(C(C(OC1C(O[Na])=O)OC2C(C(O[Na])=O)OC(O[*])C(O)C2O)O)O,[*]OCCCCOC(CCC([*])=O)=O,,,6.384711742938283,10.1002_app.38449_part_2.txt_¶Î1_Material2
O=C([*])C(C)O[*],O=C(OOC(=O)C1=CC=CC=C1)C1=CC=CC=C1,,,,5.32221929473392,10.1515_epoly-2021-0072_OA_part_3.txt_¶Î1_Material2
