SMILE A,SMILE B,SMILE C,SMILE D,SMILE E,Elongation at Break (%) log10,À´Ô´
[*]NC(C(N1CCCC1C(NCC(N2CC(CC2C(NC(C(NCC([*])=O)=O)CO)=O)O)=O)=O)=O)CCCCN,[Ag],OC1=C2C(C3(O)C4C5C6=C7C8C(C9=CC(C(O)=O)=C(C=C(C=C%10C(O)=O)C%11%12)C(C%11=C%13C%14C%15%16C%17(O%16)C%18C%19=C%20C%21=C%22C(C(O)=C%23)=C%24C%25C%21=C%26C%19=C%27C%17=C%28C%14(O)C%12=C%10C=C%28CC%27=CC%26=CC%25=C(C(O)=O)C=C%24)C9=C7C%13(O)C5=C%15C3=C%18C%29%30C%20(O%30)C%31C%22C%23=C%32)=CC(C(O)=O)=CC8=CC6=C(C(O)=O)C4=C2)=C%29C%33=C%31C%32=C(C(O)=O)C=C%331,OCC(C(C(C1N)O)O[*])OC1OC2C(OC(C(C2O)N)[*])CO,[*]C1C(OC(C(C1O)O)OC2C(OC(C(C2O)O)O[*])CO)CO,0.8825245379548805,10.3390_coatings6040041_part_2.txt_¶Î1_Material1
[*]C(NC1=C(C)C(NC(OCCO[*])=O)=CC=C1)=O,[*]CC[*],[C],,,2.6127838567197355,10.1080_15421406.2018.1449795_part_1.txt_¶Î1_Material1
[*]C(C)C[*],C12=C3C(C=CC4C3=C5C(CC6=CC7=C8C9=C(C(C=C%10)=CC=C9C=C7)C%11=C%10C%12)=CC4)=CC=C1C=C%12C%13=C%11C8=C6C5=C2%13,,,,1.7218106152125463,10.1515_polyeng-2021-0216_OA_part_2.txt_¶Î1_Material1
O=C(C1=CC=C(C=C1)C(OCC[*])=O)O[*],[*]C(F)(C(F)([*])F)F,O=[Si]=O,C12=CC3=CC4=CC=CN=C4N=C3N=C1N=C5N=C6N=CC=CC6=CC5=C2,O=[Al]O[Al]=O,1.276461804173244,10.1177_0021998314545183_part_1.txt_¶Î1_Material1
OCC1OC(C(C(C1[*])O)O)OC2C(C(C(OC2CO)O[*])O)O,,,,,1.5314789170422551,10.3390_ma13225062_part_4.txt_¶Î1_Material1
[*]C(NC1=C(C)C(NC(OCCO[*])=O)=CC=C1)=O,[*]C(CCCCCO[*])=O,,,,2.380211241711606,10.4236_ojpchem.2018.81002_OA_part_1.txt_¶Î1_Material1
OCC1OC(C(C(C1[*])O)O)OC2C(C(C(OC2CO)O[*])O)O,OC1=C2C(C3(O)C4C5C6=C7C8C(C9=CC(C(O)=O)=C(C=C(C=C%10C(O)=O)C%11%12)C(C%11=C%13C%14C%15%16C%17(O%16)C%18C%19=C%20C%21=C%22C(C(O)=C%23)=C%24C%25C%21=C%26C%19=C%27C%17=C%28C%14(O)C%12=C%10C=C%28CC%27=CC%26=CC%25=C(C(O)=O)C=C%24)C9=C7C%13(O)C5=C%15C3=C%18C%29%30C%20(O%30)C%31C%22C%23=C%32)=CC(C(O)=O)=CC8=CC6=C(C(O)=O)C4=C2)=C%29C%33=C%31C%32=C(C(O)=O)C=C%331,[Zn]=O,O=[Ti]=O,OC1=C2C(C3(O)C4C5C6=C7C8C(C9=CC(C(O)=O)=C(C=C(C=C%10C(O)=O)C%11%12)C(C%11=C%13C%14C%15%16C%17(O%16)C%18C%19=C%20C%21=C%22C(C(O)=C%23)=C%24C%25C%21=C%26C%19=C%27C%17=C%28C%14(O)C%12=C%10C=C%28CC%27=CC%26=CC%25=C(C(O)=O)C=C%24)C9=C7C%13(O)C5=C%15C3=C%18C%29%30C%20(O%30)C%31C%22C%23=C%32)=CC(C(O)=O)=CC8=CC6=C(C(O)=O)C4=C2)=C%29C%33=C%31C%32=C(C(O)=O)C=C%331,1.294466226161593,10.1016_j.carbpol.2021.118507_part_4.txt_¶Î1_Material1
[*]C1C(OC(C(C1O)O)OC2C(OC(C(C2O)O)O[*])CO)CO,,,,,1.4593924877592308,10.1002_app.47193_part_1.txt_¶Î1_Material1
[*]CC(COC1=CC=C(C=C1)C(C)(C)C2=CC=C(C=C2)O[*])O,[*]C([H])([H])C(O)([H])[*],,,,0.9030899869919436,10.1177_0021998320969793_part_2.txt_¶Î1_Material1
[*]CC[*],,,,,0.8561244442423003,10.1016_j.compstruct.2017.03.095_part_1.txt_¶Î1_Material1
O=C(C(C[*])[*])N,[Fe]12O[Fe]O[Fe](O2)O1,,,,3.146128035678238,10.1016_j.carbpol.2018.05.023_part_2.txt_¶Î1_Material1
[*]CC(COC1=CC=C(C=C1)C(C)(C)C2=CC=C(C=C2)O[*])O,[Zn]=O,[Zn]=O,,,-0.091514981,10.1016_j.porgcoat.2011.03.004_part_1.txt_¶Î1_Material1
O=C([*])OC1=CC=C(C=C1)C(C)(C)C2=CC=C(C=C2)O[*],[*]CC(CC=CCC([*])C1=CC=CC=C1)C#N,,,,1.302979936748249,10.1002_pc.22342_part_1.txt_¶Î1_Material1
[*]CC[*],O=C1C([*])C(CC[*])C(O1)=O,[H][Si]([H])([H])[H],,,1.0149403497929366,10.1016_j.polymertesting.2016.12.026_part_1.txt_¶Î1_Material1
[*]OCCCCOC(CCC([*])=O)=O,[*]C1C(OC(C(C1O)O)OC2C(OC(C(C2O)O)O[*])CO)CO,OCC(O)CO,O=C=NC(C=C1)=CC=C1CC2=CC=C(C=C2)N=C=O,,1.4927603890268375,10.7569_jrm.2013.634135_part_1.txt_¶Î1_Material1
OCC1OC(C(C(C1[*])O)O)OC2C(C(C(OC2CO)O[*])O)O,[Ag],[*]C([H])([H])C(O)([H])[*],C[Si](C)(C[*])O[*],,1.155336037465062,10.1007_s10570-020-03543-6_part_1.txt_¶Î1_Material1
[*]C(N(CN(C(OCOC(N(CN(C(OCCO[*])=O)[H])[H])=O)=O)[H])[H])=O,N(CC)(CC)CC,,,,1.934498451243568,10.1016_j.polymer.2020.122370_part_1.txt_¶Î1_Material1
O=C=NCCCCCCN=C=O,[*]C(CCCCCO[*])=O,O=CN(C)C,,,2.969788537414938,10.1039_c6ra24393b_part_1.txt_¶Î1_Material1
[*]C(C)C[*],[S],OC1=C2C(C3(O)C4C5C6=C7C8C(C9=CC(C(O)=O)=C(C=C(C=C%10C(O)=O)C%11%12)C(C%11=C%13C%14C%15%16C%17(O%16)C%18C%19=C%20C%21=C%22C(C(O)=C%23)=C%24C%25C%21=C%26C%19=C%27C%17=C%28C%14(O)C%12=C%10C=C%28CC%27=CC%26=CC%25=C(C(O)=O)C=C%24)C9=C7C%13(O)C5=C%15C3=C%18C%29%30C%20(O%30)C%31C%22C%23=C%32)=CC(C(O)=O)=CC8=CC6=C(C(O)=O)C4=C2)=C%29C%33=C%31C%32=C(C(O)=O)C=C%331,O=C(O)CCCCCCCCCCCCCCCCC,,2.3384564936046046,10.1080_00222348.2010.516711_part_1.txt_¶Î1_Material1
[*]C(C)C[*],OCC1OC(C(C(C1[*])O)O)OC2C(C(C(OC2CO)O[*])O)O,,,,1.2253092817258628,10.1016_j.conbuildmat.2013.09.028_part_1.txt_¶Î1_Material1
[*]C1C(OC(C(C1O)O)OC2C(OC(C(C2O)O)O[*])CO)CO,O=C([*])C(C)O[*],OCC(O)CO,OC[C@@H]([C@H]([C@@H]([C@@H](CO)O)O)O)O,[*]OCC[*],1.3010299956639813,10.1007_s10924-021-02207-1_part_1.txt_¶Î1_Material1
[*]CC[*],COCC1OC(OC2C(CO)OC(O[*])C(OC)C2OC)C(OC)C(O)C1O[*],[*]OC(C(C1O)O)OC(COC)C1OC(OC(C(C2O)OC3OC(C(C(C3OC)O)OC4OC(C(C(C4OC)O)[*])COC)CO)COC)C2OCC(OC)C,,,1.6608654780038692,10.1002_fsn3.2240_part_1.txt_¶Î1_Material1
[*]C1C(C(C(OC1C(O[Na])=O)OC2C(C(O[Na])=O)OC(O[*])C(O)C2O)O)O,,,,,1.3979400086720375,10.1002_app.34381_part_1.txt_¶Î1_Material1
O=C(C1=CC=C(C([*])=O)C=C1)NC2=CCC(N[*])C=C2,O=[Al]O[Al]=O.O=[Si]=O.O=[Si]=O.O=[Si]=O,CCCCCCCCCCCCCCCC[N+](C)(C)C.[Br-],O=[Al]O[Al]=O.O=[Si]=O.O=[Si]=O.O=[Si]=O,,0.505149978319906,10.1080_03602551003773163_part_1.txt_¶Î1_Material1
[*]CC([*])Cl,O=C([O-])[O-].[Ca+2],[Mg]=O,O=[Al]O[Al]=O,O=[Si]=O,1,10.1002_app.51469_part_1.txt_¶Î1_Material1
CC(CC(C(C(O1)=O)CC1=O)[*])C[*],CC(CC(C(C(O1)=O)CC1=O)[*])C[*],,,,1.952792443044092,10.1016_j.compscitech.2015.01.001_part_1.txt_¶Î1_Material1
OC1C(O[*])C(C(O[Ca]O2)=O)OC(OC3C(O)C(O)C(OC4C(C(O[Ca]O5)=O)OC(OC6C(O)C(O)C(OC7C(C(O[Ca]O8)=O)OC(OC9C(O)C(O)C([*])OC9C8=O)C(O)C7O)OC6C5=O)C(O)C4O)OC3C2=O)C1O,OCCOC1C(OCCO)C(C(OCCO)COCCOC(CCCCCCCCCCCCCCCCC)=O)OC1,CC(=O)O,,,1.3979400086720375,10.1016_j.foodhyd.2021.106733_part_1.txt_¶Î1_Material1
[*]CC[*],O=C([O-])[O-].[Ca+2],O=C(CCCCCCCCCCCCCCCCC)O[Ca]OC(CCCCCCCCCCCCCCCCC)=O,O=[Mg].O=[Si]=O.O=[Si]=O.O=[Si]=O.O=[Si]=O.O=[Mg].O=[Mg].O,,1.3031960574204888,10.1177_8756087919846206_part_3.txt_¶Î1_Material1
[*]C1C(O)C(O)C(OC2C(O)C(O)C(O[*])OC2COC(C)=O)OC1COC(C)=O,[*]C1C(O)C(O)C(OC2C(O)C(O)C(O[*])OC2COCCO)OC1COCCO,O=C(C1=CC=C(C=C1)OCCOC(C=C)=O)C(C)(C)O,[C],,0.9299295600845878,10.1016_j.carbpol.2018.12.026_part_1.txt_¶Î1_Material1
[*]C([H])([H])C(O)([H])[*],OCC1OC(OC2C(O)C(O)C(O[*])OC2CO)C(O)C(O)C1[*],,,,2.394153876882056,10.1002_mawe.202000030_part_2.txt_¶Î1_Material1
O=C([*])C(C)O[*],,,,,0.9493900066449128,10.1016_j.addma.2021.101925_part_2.txt_¶Î1_Material1
[*]CCCC([*])OC(C)=O,O=C([O-])[O-].[Ca+2],,,,2.037426497940624,10.1016_j.msea.2011.02.006_part_1.txt_¶Î1_Material1
[*]C(C)C[*],[Al],,,,0.9294189257142929,10.3390_ma13020479_part_1.txt_¶Î1_Material1
O=C(O)C([*])C[*],O=C(C(C[*])[*])N,C=C([CH3])C(=O)O[CH3],[Fe+3],OCC(C(C(C1N)O)O[*])OC1OC2C(OC(C(C2O)N)[*])CO,3.0637085593914173,10.1016_j.compscitech.2020.108173_part_1.txt_¶Î1_Material1
[*]NC(C(N1CCCC1C(NCC(N2CC(CC2C(NC(C(NCC([*])=O)=O)CO)=O)O)=O)=O)=O)CCCCN,O=C(O[Na])COCC(OC(C(C1O)O)[*])C1OC(C(C(C2O[*])O)O)OC2COCC(O[Na])=O,OC(CO)CO,C(CC=O)CC=O,Cl[Ca]Cl,1.515873843711679,10.3390_ma12101628_part_1.txt_¶Î1_Material1
[*]C(C)C[*],[*]CCCC([*])OC(C)=O,OCC1OC(C(C(C1[*])O)O)OC2C(C(C(OC2CO)O[*])O)O,NC1=CC=C(C=C1)/C2=C3C=C/C(N\3)=C(C4=N/C(C=C4)=C(C5=CC=C(N5)/C(C6=CC=CC=C6)=C7N=C2C=C\7)/C8=CC=CC=C8)\C9=CC=CC=C9,,1.7075701760979365,10.1108_rpj-10-2018-0260_part_1.txt_¶Î1_Material1
C/C(C[*])=C/C[*],[*]C/C=C/CCC(C=C)CC([*])C1=CC=CC=C1,O=[Si]=O,O=[Si]=O,,2.863322860120456,10.4028_www.scientific.net_msf.695.332_part_1.txt_¶Î1_Material1
[*]C1C(OC(C(C1O)O)OC2C(OC(C(C2O)O)O[*])CO)CO,[*]CC[*],OC(C(CC(O)=O)(CC(O)=O)O)=O,,,0.9370161074648142,10.1002_pc.23307_part_1.txt_¶Î1_Material1
[*]C(C)C[*],NC1=CC=C(C=C1)/C2=C3C=C/C(N\3)=C(C4=N/C(C=C4)=C(C5=CC=C(N5)/C(C6=CC=CC=C6)=C7N=C2C=C\7)/C8=CC=CC=C8)\C9=CC=CC=C9,[Zn]=O,,,0.6989700043360189,10.4028_www.scientific.net_amr.287-290.1980_part_1.txt_¶Î1_Material1
[*]C(C)C[*],,,,,0.9294189257142929,10.1088_1757-899x_500_1_012008_part_2.txt_¶Î1_Material1
[*]CC(C#N)[*],C12=C3C(C=CC4C3=C5C(CC6=CC7=C8C9=C(C(C=C%10)=CC=C9C=C7)C%11=C%10C%12)=CC4)=CC=C1C=C%12C%13=C%11C8=C6C5=C2%13,[Fe]12O[Fe]O[Fe](O2)O1,,,0.9978230807457256,10.1007_s12221-025-00926-z_OA_part_1.txt_¶Î1_Material1
[*]C1C(C(C(OC1C(O[Na])=O)OC2C(C(O[Na])=O)OC(O[*])C(O)C2O)O)O,OCC(O)CO,,,,1.740362689494244,10.1111_1750-3841.15564_part_1.txt_¶Î1_Material1
[*]C(N(CN(C(OCOC(N(CN(C(OCCO[*])=O)[H])[H])=O)=O)[H])[H])=O,COC1=CC(/C=C/C=O)=CC(OC2=CC(C(C(OC3=CC=C(C=C3OC)C(C(CO)=O)O)CO)O)=CC=C2OC4=CC(C(C(COC5=CC=C(C=C5)C(C(CO)=O)O)=O)O)=CC=C4O)=C1,[Mg],N(CC)(CC)CC,O=C(CN(CN(CC(O)=O)CC(O)=O)CC(O)=O)O,2.905256048748451,10.3390_polym8090318_part_1.txt_¶Î1_Material1
O=C(C1=CC=C(C=C1)C(OCC[*])=O)O[*],,,,,1.3010299956639813,10.1016_j.istruc.2020.02.023_part_1.txt_¶Î1_Material1
[*]C(N(CN(C(OCOC(N(CN(C(OCCO[*])=O)[H])[H])=O)=O)[H])[H])=O,,,,,2.4771212547196626,10.1007_s00289-017-2088-x_part_5.txt_¶Î1_Material1
O=C([*])CCCCCN[*],[*]CCCC([*])C(OC)=O,[*]C/C=C/CCC([*])C#N,,,2.39022836246913,10.1002_app.32458_part_1.txt_¶Î1_Material1
C/C(C[*])=C/C[*],[*]OCCO[*],[H]O[H],,,1.8438554226231607,10.1002_app.31601_part_1.txt_¶Î1_Material1
C/C(C[*])=C/C[*],OC1=C2C(C3(O)C4C5C6=C7C8C(C9=CC(C(O)=O)=C(C=C(C=C%10C(O)=O)C%11%12)C(C%11=C%13C%14C%15%16C%17(O%16)C%18C%19=C%20C%21=C%22C(C(O)=C%23)=C%24C%25C%21=C%26C%19=C%27C%17=C%28C%14(O)C%12=C%10C=C%28CC%27=CC%26=CC%25=C(C(O)=O)C=C%24)C9=C7C%13(O)C5=C%15C3=C%18C%29%30C%20(O%30)C%31C%22C%23=C%32)=CC(C(O)=O)=CC8=CC6=C(C(O)=O)C4=C2)=C%29C%33=C%31C%32=C(C(O)=O)C=C%331,O=C(O)CCCCCCCCCCCCCCCCC,[S],,2.0791812460476247,10.1155_2010_981690_part_1.txt_¶Î1_Material1
C/C(C[*])=C/C[*],[*]C/C=C\CCC(C=C)[*],,,,2.4771212547196626,10.1002_app.39795_part_1.txt_¶Î1_Material1
[*]C([H])([H])C(O)([H])[*],O=[Si]=O.[Ca]=O,,,,0.6020599913279624,10.4028_www.scientific.net_amm.584-586.1477_part_1.txt_¶Î1_Material1
[*]C1C(C(C(OC1C(O[Na])=O)OC2C(C(O[Na])=O)OC(O[*])C(O)C2O)O)O,O=C(O[Na])COCC(OC(C(C1O)O)[*])C1OC(C(C(C2O[*])O)O)OC2COCC(O[Na])=O,OCCOC1C(OCCO)C(C(OCCO)COCCOC(CCCCCCCCCCCCCCCCC)=O)OC1,OCC(O)CO,Cl[Ca]Cl,1.3053513694466237,10.1016_j.fpsl.2017.11.001_part_1.txt_¶Î1_Material1
O=C([*])C(C)O[*],OP(O)(O)=O,O=C([*])C(C)O[*],,,0.4771212547196624,10.3390_polym13152531_part_3.txt_¶Î1_Material1
[*]CC(COC1=CC=C(C=C1)C(C)(C)C2=CC=C(C=C2)O[*])O,,,,,0.1760912590556812,10.1002_pen.25109_part_1.txt_¶Î1_Material1
[*]C(C)C[*],OCC1OC(C(C(C1[*])O)O)OC2C(C(C(OC2CO)O[*])O)O,[H][Si]([H])([H])[H],,,0.4712917110589386,10.1002_pc.24004_part_1.txt_¶Î1_Material1
C/C(C[*])=C/C[*],[S],OC1=C2C(C3(O)C4C5C6=C7C8C(C9=CC(C(O)=O)=C(C=C(C=C%10C(O)=O)C%11%12)C(C%11=C%13C%14C%15%16C%17(O%16)C%18C%19=C%20C%21=C%22C(C(O)=C%23)=C%24C%25C%21=C%26C%19=C%27C%17=C%28C%14(O)C%12=C%10C=C%28CC%27=CC%26=CC%25=C(C(O)=O)C=C%24)C9=C7C%13(O)C5=C%15C3=C%18C%29%30C%20(O%30)C%31C%22C%23=C%32)=CC(C(O)=O)=CC8=CC6=C(C(O)=O)C4=C2)=C%29C%33=C%31C%32=C(C(O)=O)C=C%331,,,2.6580113966571126,10.1016_j.compositesa.2011.12.015_part_1.txt_¶Î1_Material1
[*]C(C)C[*],[*]C(C)C[*],NC1=CC=C(C=C1)/C2=C3C=C/C(N\3)=C(C4=N/C(C=C4)=C(C5=CC=C(N5)/C(C6=CC=CC=C6)=C7N=C2C=C\7)/C8=CC=CC=C8)\C9=CC=CC=C9,[H][Si]([H])([H])[H],,0.4313637641589873,10.3390_ma9050314_part_1.txt_¶Î1_Material1
[*]NCC(NC(C(ONCC(NC(C(NCC(NC(C([*])=O)C)=O)=O)C)=O)=O)CO)=O,[*]C([H])([H])C(O)([H])[*],[*]C(C(OC1O[*])COC(O[Na])=O)C(O)C1N,[*]OCC[*],,2,10.3389_fphar.2023.1117542_OA_part_1.txt_¶Î1_Material1
[*]C(NC1=C(C)C(NC(OCCO[*])=O)=CC=C1)=O,C12=C3C(C=CC4C3=C5C(CC6=CC7=C8C9=C(C(C=C%10)=CC=C9C=C7)C%11=C%10C%12)=CC4)=CC=C1C=C%12C%13=C%11C8=C6C5=C2%13,[C],,,2.544068044350276,10.1088_1361-665x_aaaba0_part_1.txt_¶Î1_Material1
[*]C(C)C[*],[*]C/C=C/CCC([*])C#N,CC(CC(C(C(O1)=O)CC1=O)[*])C[*],,,1.255272505103306,10.1002_vnl.21612_part_1.txt_¶Î1_Material1
[*]C/C=C\CCC(C=C)[*],[H][O-],,,,2.6989700043360187,10.1002_app.49374_part_1.txt_¶Î1_Material1
[*]C(NC1=C(C)C(NC(OCCO[*])=O)=CC=C1)=O,[*]C(CCCCCO[*])=O,OCCCCO,CC1(CC(CC(C)(C1)C)N=C=O)CN=C=O,,2.946550510569855,10.1007_s00289-018-2304-3_part_3.txt_¶Î1_Material1
[*]CC(COC1=CC=C(C=C1)C(C)(C)C2=CC=C(C=C2)O[*])O,[Al],,,,0.0086001717619175,10.1007_s10570-021-04037-9_part_1.txt_¶Î1_Material1
[*]C([H])([H])C(O)([H])[*],,,,,2.212986184736668,10.1002_pc.25894_part_2.txt_¶Î1_Material1
O=C(C(C[*])[*])N,Cl[Ca]Cl,,,,3.397940008672037,10.1002_app.47905_part_1.txt_¶Î1_Material1
O=C([*])OC1=CC=C(C=C1)C(C)(C)C2=CC=C(C=C2)O[*],[*]CC(CC=CCC([*])C1=CC=CC=C1)C#N,[H][Si]([H])([H])[H],,,1.999130541287371,10.1080_03602559.2014.909478_part_1.txt_¶Î1_Material2
[*]OCC1C(C(C(CC1CO)COCC2C(C(C(CC2CO)C[*])O)COCC3C(C(C(C(O3)CO)O)O)COCC4C(C(C(C(O4)C(O)=O)COCC5C(C(C(C(O5)C(O)=O)O)O)O)O)O)O)O,[*]CC(C1=CC=C(C=C1)S(O)(=O)=O)[*],O=C(C(C[*])[*])N,,,2.6857417386022635,10.1007_s40843-023-2524-4_OA_part_1.txt_¶Î1_Material1
[*]CC([*])Cl,,,,,2,10.1177_0307174x1404101109_part_1.txt_¶Î1_Material1
O=C([*])OC1=CC=C(C=C1)C(C)(C)C2=CC=C(C=C2)O[*],[*]C(NC1=C(C)C(NC(OCCO[*])=O)=CC=C1)=O,O=[Si]=O.O=[Al]O[Al]=O.O=[Si]=O.O=[Si]=O.O=[Si]=O.O,,,2.7781512503836434,10.1016_j.eurpolymj.2011.01.001_part_1.txt_¶Î1_Material1
[*]CC([*])Cl,O=[Ti]=O,,,,0.6106601630898799,10.1051_matecconf_20167801033_part_1.txt_¶Î1_Material1
O=C(C1=CC=C(C=C1)C(OCC[*])=O)O[*],[*]OCC[*],[*]OCC[*],[Na+].[Cl-],,1.6551384348113822,10.1007_s10570-018-2101-z_part_1.txt_¶Î1_Material1
O=C(C1=CC=C(C=C1)C(OCC[*])=O)O[*],[*]CC(C#N)[*],,,,1.99563519459755,10.1002_pc.23015_part_1.txt_¶Î1_Material1
[*]CCCCO[*],,,,,2.3521825181113627,10.1007_s00289-017-2088-x_part_4.txt_¶Î1_Material1
C/C(C[*])=C/C[*],[S],OC1=C2C(C3(O)C4C5C6=C7C8C(C9=CC(C(O)=O)=C(C=C(C=C%10C(O)=O)C%11%12)C(C%11=C%13C%14C%15%16C%17(O%16)C%18C%19=C%20C%21=C%22C(C(O)=C%23)=C%24C%25C%21=C%26C%19=C%27C%17=C%28C%14(O)C%12=C%10C=C%28CC%27=CC%26=CC%25=C(C(O)=O)C=C%24)C9=C7C%13(O)C5=C%15C3=C%18C%29%30C%20(O%30)C%31C%22C%23=C%32)=CC(C(O)=O)=CC8=CC6=C(C(O)=O)C4=C2)=C%29C%33=C%31C%32=C(C(O)=O)C=C%331,O=C(O)CCCCCCCCCCCCCCCCC,,2.724275869600789,10.1080_03602559.2010.496425_part_1.txt_¶Î1_Material1
O=C([*])C(C)O[*],C/C(C[*])=C/C[*],[S],OC1=C2C(C3(O)C4C5C6=C7C8C(C9=CC(C(O)=O)=C(C=C(C=C%10C(O)=O)C%11%12)C(C%11=C%13C%14C%15%16C%17(O%16)C%18C%19=C%20C%21=C%22C(C(O)=C%23)=C%24C%25C%21=C%26C%19=C%27C%17=C%28C%14(O)C%12=C%10C=C%28CC%27=CC%26=CC%25=C(C(O)=O)C=C%24)C9=C7C%13(O)C5=C%15C3=C%18C%29%30C%20(O%30)C%31C%22C%23=C%32)=CC(C(O)=O)=CC8=CC6=C(C(O)=O)C4=C2)=C%29C%33=C%31C%32=C(C(O)=O)C=C%331,O=C(O)CCCCCCCCCCCCCCCCC,1.740362689494244,10.4028_www.scientific.net_msf.885.298_part_1.txt_¶Î1_Material1
O=C([*])OC1=CC=C(C=C1)C(C)(C)C2=CC=C(C=C2)O[*],[*]C(C1=CC=C(C(OCCCCO[*])=O)C=C1)=O,OC1=C2C(C3(O)C4C5C6=C7C8C(C9=CC(C(O)=O)=C(C=C(C=C%10C(O)=O)C%11%12)C(C%11=C%13C%14C%15%16C%17(O%16)C%18C%19=C%20C%21=C%22C(C(O)=C%23)=C%24C%25C%21=C%26C%19=C%27C%17=C%28C%14(O)C%12=C%10C=C%28CC%27=CC%26=CC%25=C(C(O)=O)C=C%24)C9=C7C%13(O)C5=C%15C3=C%18C%29%30C%20(O%30)C%31C%22C%23=C%32)=CC(C(O)=O)=CC8=CC6=C(C(O)=O)C4=C2)=C%29C%33=C%31C%32=C(C(O)=O)C=C%331,,,1.4638929889859074,10.1080_02533839.2019.1613929_part_1.txt_¶Î1_Material1
[*]CC(C1=CC=CC=C1)[*],,,,,0.6901960800285137,10.1002_pen.22135_part_2.txt_¶Î1_Material1
[*]C1C(OC(C(C1O)O)OC2C(OC(C(C2O)O)O[*])CO)CO,[*]C([H])([H])C(O)([H])[*],O=[Al]O[Al]=O.O=[Si]=O.O=[Si]=O.O=[Si]=O,O=[Al]O[Al]=O.O=[Si]=O.O=[Si]=O.O=[Si]=O,OC(C(CC(O)=O)(CC(O)=O)O)=O,1,10.1016_j.compscitech.2010.05.022_part_1.txt_¶Î1_Material1
[*]CC[*],O=[Ti]=O,O=[Al]O[Al]=O,,,1.0492180226701815,10.1177_0731684413493340_part_2.txt_¶Î1_Material1
[*]C(C1=CC=C(C(OCCCCO[*])=O)C=C1)=O,O=[Al]O[Al]=O.O=[Si]=O.O=[Si]=O.O=[Si]=O,O=[Al]O[Al]=O.O=[Si]=O.O=[Si]=O.O=[Si]=O,O=[Al]O[Al]=O.O=[Si]=O.O=[Si]=O.O=[Si]=O,,2.0791812460476247,10.1002_app.32616_part_1.txt_¶Î1_Material1
O=C(C1=CC=C(C=C1)C(OCC[*])=O)O[*],N(CC)(CC)CC,O=C([CH3])[CH3],,,2,10.1002_pi.3112_part_1.txt_¶Î1_Material1
O=C(C1=CC=C(C=C1)C(OCC[*])=O)O[*],CC1(CC(CC(C)(C1)C)N=C=O)CN=C=O,N(CC)(CC)CC,CCCC[Sn](OC(CC(C)CCCCCCCC)=O)(OC(CCCCCCCCCCC)=O)CCCC,,2.1818435879447726,10.1016_j.porgcoat.2020.105545_part_1.txt_¶Î1_Material1
CC(C[*])O[*],,,,,1.2787536009528289,10.4028_www.scientific.net_msf.986.18_part_1.txt_¶Î1_Material1
NC1=CC=C(C=C1)/C2=C3C=C/C(N\3)=C(C4=N/C(C=C4)=C(C5=CC=C(N5)/C(C6=CC=CC=C6)=C7N=C2C=C\7)/C8=CC=CC=C8)\C9=CC=CC=C9,O=C1C([*])C(CC[*])C(O1)=O,[H][O-],,,1.568201724066995,10.1007_s10924-018-1296-2_part_1.txt_¶Î1_Material1
C/C(C[*])=C/C[*],OCC(O)CO,[*]OCC[*],,,2.3521825181113627,10.4028_www.scientific.net_kem.737.287_part_1.txt_¶Î1_Material1
[*]C(C)C[*],[Mg],O=[Al]O[Al]=O.O=[Si]=O.O=[Si]=O.O=[Si]=O,[*]C(C)C[*],,0.7558748556724915,10.1002_pc.24926_part_1.txt_¶Î1_Material1
[*]C(NC1=C(C)C(NC(OCCO[*])=O)=CC=C1)=O,[*]C1C(OC(C(C1O)O)OC2C(OC(C(C2O)O)O[*])CO)CO,,,,2.495835619527313,10.1002_app.41158_part_1.txt_¶Î1_Material1
[*]CC[*],O=C1C([*])C(CC[*])C(O1)=O,,,,1.0413926851582251,10.1177_0892705720962170_part_1.txt_¶Î1_Material1
O=C([*])C(C)O[*],OP(O)(O)=O,,,,0.3979400086720376,10.4028_www.scientific.net_kem.798.322_part_1.txt_¶Î1_Material1
[*]CCCC(C1C([*])C2CC1C/C2=C/C)C,[*]C/C=C/CCC(C=C)CC([*])C1=CC=CC=C1,[C],O=[Al]O[Al]=O.O=[Si]=O.O=[Si]=O.O=[Si]=O,,2.4771212547196626,10.1515_ract-2019-3112_part_1.txt_¶Î1_Material1
O=C([*])C(C)O[*],C12=C3C(C=CC4C3=C5C(CC6=CC7=C8C9=C(C(C=C%10)=CC=C9C=C7)C%11=C%10C%12)=CC4)=CC=C1C=C%12C%13=C%11C8=C6C5=C2%13,,,,1.6989700043360187,10.1002_pc.26053_part_2.txt_¶Î1_Material1
[*]NC(C(N1CCCC1C(NCC(N2CC(CC2C(NC(C(NCC([*])=O)=O)CO)=O)O)=O)=O)=O)CCCCN,OCC(C(C(C1N)O)O[*])OC1OC2C(OC(C(C2O)N)[*])CO,[H]C(=O)/C([H])=C(\[H])C1=CC=CC=C1,OCCOC1C(OCCO)C(C(OCCO)COCCOC(CCCCCCCCCCCCCCCCC)=O)OC1,,1,10.1016_j.foodhyd.2017.12.012_part_1.txt_¶Î1_Material1
[*]C/C=C/CCC(C/C=C\C[*])C=C,[*]C/C=C/CCC(C/C=C\C[*])C=C,C[N+](CCO)(CCO)[3H],CC(C(=O)O)(CO)CO,,2.0791812460476247,10.1016_j.polymer.2016.07.039_part_1.txt_¶Î1_Material1
[*]CC([*])N1CCCC1=O,[Ag+],,,,1.380211241711606,10.1021_acsami.9b11217_part_4.txt_¶Î1_Material1
C/C(C[*])=C/C[*],COC(C(C[*])([*])C)=O,[C],,,2.781755374652469,10.1177_0021998316689721_part_1.txt_¶Î1_Material1
OCC1OC(C(C(C1[*])O)O)OC2C(C(C(OC2CO)O[*])O)O,OCC1OC(C(C(C1[*])O)O)OC2C(C(C(OC2CO)O[*])O)O,CCOC(=O)C(O)(CC(=O)OCC)CC(=O)OCC,,,1.3222192947339193,10.1007_s10570-019-02881-4_part_1.txt_¶Î1_Material1
C/C(C[*])=C/C[*],[*]C(C)C[*],[Zn]=O,,,2.387389826338729,10.1016_j.proche.2012.06.021_part_1.txt_¶Î1_Material1
[*]C(C)C[*],O=C([*])OC1=CC=C(C=C1)C(C)(C)C2=CC=C(C=C2)O[*],[*]CC(CCCC(CC)CC([*])C1=CC=CC=C1)C2=CC=CC=C2,O1C(=O)C=CC1=O,,1.3010299956639813,10.1002_app.33715_part_1.txt_¶Î1_Material1
[*]CCCC(CCCCCC)[*],[*]C(C)C[*],[*]C(C)C[*],[*]C(C)C[*],,1.413299764081252,10.3144_expresspolymlett.2015.29_part_1.txt_¶Î1_Material1
OCC(C(C(C1N)O)O[*])OC1OC2C(OC(C(C2O)N)[*])CO,[*]NC(C(N1CCCC1C(NCC(N2CC(CC2C(NC(C(NCC([*])=O)=O)CO)=O)O)=O)=O)=O)CCCCN,[O-][Si]([O-])([O-])O[Si]([O-])([O-])[O-].[Ca+2],OC1=C2C(C3(O)C4C5C6=C7C8C(C9=CC(C(O)=O)=C(C=C(C=C%10C(O)=O)C%11%12)C(C%11=C%13C%14C%15%16C%17(O%16)C%18C%19=C%20C%21=C%22C(C(O)=C%23)=C%24C%25C%21=C%26C%19=C%27C%17=C%28C%14(O)C%12=C%10C=C%28CC%27=CC%26=CC%25=C(C(O)=O)C=C%24)C9=C7C%13(O)C5=C%15C3=C%18C%29%30C%20(O%30)C%31C%22C%23=C%32)=CC(C(O)=O)=CC8=CC6=C(C(O)=O)C4=C2)=C%29C%33=C%31C%32=C(C(O)=O)C=C%331,,1.3979400086720375,10.1016_j.ijbiomac.2019.04.115_part_1.txt_¶Î1_Material1
[*]CCCCO[*],CC1=CC=C(C=C1N=C=O)N=C=O,,,,2.681241237375587,10.1007_s10965-012-0057-5_part_1.txt_¶Î1_Material1
C/C(C[*])=C/C[*],[S],CC1=CC(O)=C(C=C1CCCC(C2=C(C=C(C(C(C)(C)C)=C2)O)C)C3=CC(C(C)(C)C)=C(C=C3C)O)C(C)(C)C,,,2.716003343634799,10.1080_03602559.2012.715361_part_1.txt_¶Î1_Material1
[*]C(C)C[*],OC1=C2C(C3(O)C4C5C6=C7C8C(C9=CC(C(O)=O)=C(C=C(C=C%10C(O)=O)C%11%12)C(C%11=C%13C%14C%15%16C%17(O%16)C%18C%19=C%20C%21=C%22C(C(O)=C%23)=C%24C%25C%21=C%26C%19=C%27C%17=C%28C%14(O)C%12=C%10C=C%28CC%27=CC%26=CC%25=C(C(O)=O)C=C%24)C9=C7C%13(O)C5=C%15C3=C%18C%29%30C%20(O%30)C%31C%22C%23=C%32)=CC(C(O)=O)=CC8=CC6=C(C(O)=O)C4=C2)=C%29C%33=C%31C%32=C(C(O)=O)C=C%331,,,,2.0791812460476247,10.1080_15583724.2015.1019136_part_6.txt_¶Î1_Material1
[*]CCCC([*])OC(C)=O,C[Si](C)(C[*])O[*],O=C([O-])[O-].[Ca+2],[Al],O=[Al]O[Al]=O.O=[Si]=O.O=[Si]=O.O.O,2.8512583487190755,10.1002_pc.23595_part_1.txt_¶Î1_Material1
[*]CC[*],OCC(C(C(C1N)O)O[*])OC1OC2C(OC(C(C2O)N)[*])CO,OCC(O)CO,,,2,10.1016_j.carbpol.2013.10.052_part_1.txt_¶Î1_Material1
[*]OC1C(O)C(O)C(OC2C(CO)OC([*])C(O)C2O)OC1CO,,,,,0.7993405494535817,10.1007_s10570-017-1268-z_part_3.txt_¶Î1_Material1
[*]NC(C(N1CCCC1C(NCC(N2CC(CC2C(NC(C(NCC([*])=O)=O)CO)=O)O)=O)=O)=O)CCCCN,OCC(O)CO,,,,1.7548832282521676,10.1016_j.foodhyd.2019.105201_part_2.txt_¶Î1_Material1
[*]CC([*])Cl,[*]C(NC1=C(C)C(NC(OCCO[*])=O)=CC=C1)=O,O=C(CCCCCCCCCCCCCCCCC)O[Ca]OC(CCCCCCCCCCCCCCCCC)=O,,,2.488127496247458,10.1007_s12221-020-9665-6_part_1.txt_¶Î1_Material1
[*]C1C(C(C(OC1C(O[Na])=O)OC2C(C(O[Na])=O)OC(O[*])C(O)C2O)O)O,[*]OC(C(C1O)O)OC(COC)C1OC(OC(C(C2O)OC3OC(C(C(C3OC)O)OC4OC(C(C(C4OC)O)[*])COC)CO)COC)C2OCC(OC)C,OCC(O)CO,CCO,OCCOC1C(OCCO)C(C(OCCO)COCCOC(CCCCCCCCCCCCCCCCC)=O)OC1,1,10.1002_app.48832_part_1.txt_¶Î1_Material1
[*]C1C(OC(C(C1O)O)OC2C(OC(C(C2O)O)O[*])CO)CO,[*]C1C(OC(C(C1O)O)OC2C(OC(C(C2O)O)O[*])CO)CO,OCC(O)CO,OCC1O[C@H](C(C([C@@H]1O)O)O)O,,2.17868923977559,10.4028_www.scientific.net_kem.751.290_part_1.txt_¶Î1_Material1
O=C([*])C(C)O[*],C=C([CH3])C(=O)O[CH3],C=C(C(OCC1CO1)=O)C,,,0.3979400086720376,10.1080_15440478.2021.1916672_part_1.txt_¶Î1_Material1
C(C)(C1=CC=C(OCC2CO2)C=C1)(C)C1=CC=C(OCC2CO2)C=C1,[*]C(C1=CC=CC=C1)CC2C(OC(C2[*])=O)=O,,,,1.1205739312058498,10.1002_app.31860_part_2.txt_¶Î1_Material1
[*]CCCC(C1C([*])C2CC1C/C2=C/C)C,O=[Si]=O,O=[Si]=O,[H][Si]([H])([H])[H],,2.899273187317604,10.1039_c8sm01712c_part_1.txt_¶Î1_Material1
OCC(C(C(C1N)O)O[*])OC1OC2C(OC(C(C2O)N)[*])CO,OCC(O)CO,OCCOC1C(OCCO)C(C(OCCO)COCCOC(CCCCCCCCCCCCCCCCC)=O)OC1,,,1.4402792132355882,10.1016_j.jfoodeng.2012.07.009_part_1.txt_¶Î1_Material2
[*]C(C)C[*],[*]CC(CCCC(CC)CC([*])C1=CC=CC=C1)C2=CC=CC=C2,NC1=CC=C(C=C1)/C2=C3C=C/C(N\3)=C(C4=N/C(C=C4)=C(C5=CC=C(N5)/C(C6=CC=CC=C6)=C7N=C2C=C\7)/C8=CC=CC=C8)\C9=CC=CC=C9,[H][Si]([H])([H])[H],,1.1760912590556811,10.1016_j.compositesb.2014.10.010_part_1.txt_¶Î1_Material1
[*]C(CCCCCO[*])=O,,,,,2.4896772916636984,10.1179_1432891714z.0000000001089_part_1.txt_¶Î1_Material1
[*]C/C=C/CCC(C=C)CC([*])C1=CC=CC=C1,O=[Si]=O,[*]OCC[*],,,2.4771212547196626,10.3390_polym13050788_part_3.txt_¶Î1_Material1
[*]NC(C(N1CCCC1C(NCC(N2CC(CC2C(NC(C(NCC([*])=O)=O)CO)=O)O)=O)=O)=O)CCCCN,CC1=CC=C(C=C1N=C=O)N=C=O,CC1(CC(CC(C)(C1)C)N=C=O)CN=C=O,,,1.5314789170422551,10.1557_opl.2013.839_part_1.txt_¶Î1_Material1
O=C([*])OC1=CC=C(C=C1)C(C)(C)C2=CC=C(C=C2)O[*],[*]CC(CC=CCC([*])C1=CC=CC=C1)C#N,CC(CC(C(C(O1)=O)CC1=O)[*])C[*],,,1.1846914308175989,10.1088_1757-899x_432_1_012039_part_1.txt_¶Î1_Material1
[*]C/C=C/CCC(C=C)CC([*])C1=CC=CC=C1,,,,,2.6848453616444123,10.1002_app.33165_part_2.txt_¶Î1_Material1
O=C(C(C[*])[*])N,[Al+3],[Fe+3],,,3.271841606536499,10.1021_acs.macromol.8b02269_part_1.txt_¶Î1_Material1
[*]CC([*])Cl,[*]CC(COC1=CC=C(C=C1)C(C)(C)C2=CC=C(C=C2)O[*])O,,,,1.3617278360175928,10.1070_rcr4477_part_3.txt_¶Î1_Material1
[*]C/C=C/CCC([*])C#N,[*]CCCC([*])OC(C)=O,,,,2.544068044350276,10.1002_pc.26049_part_1.txt_¶Î1_Material1
[*]NC(C)C(N1CCCC1C([*])=O)=O,[*]OCC[*],[Na+].[Cl-],,,1.1760912590556811,10.1016_j.msec.2019.110105_part_1.txt_¶Î1_Material1
O=C([*])OC1=CC=C(C=C1)C(C)(C)C2=CC=C(C=C2)O[*],C[N+](CCO)(CCO)[3H],C[N+](CCO)(CCO)[3H],,,1.9590413923210936,10.1016_j.compscitech.2011.09.003_part_1.txt_¶Î1_Material1
O=C(C(C[*])[*])N,[*]C([H])([H])C(O)([H])[*],OCC(C(C(C1N)O)O[*])OC1OC2C(OC(C(C2O)N)[*])CO,Cl[Fe](Cl)Cl,OCC(O)CO,2.7323937598229686,10.1016_j.carbpol.2020.117019_part_1.txt_¶Î1_Material1
C/C(C[*])=C/C[*],[S],,,,2.6020599913279625,10.1002_masy.201900150_part_1.txt_¶Î1_Material1
[*]CC(COC1=CC=C(C=C1)C(C)(C)C2=CC=C(C=C2)O[*])O,C=C(C)C(=O)OCC(O)COC1=CC=C(C(C2=CC=C(O)C=C2)(C)C)C=C1,O=[Si]=O,OC1=C2C(C3(O)C4C5C6=C7C8C(C9=CC(C(O)=O)=C(C=C(C=C%10C(O)=O)C%11%12)C(C%11=C%13C%14C%15%16C%17(O%16)C%18C%19=C%20C%21=C%22C(C(O)=C%23)=C%24C%25C%21=C%26C%19=C%27C%17=C%28C%14(O)C%12=C%10C=C%28CC%27=CC%26=CC%25=C(C(O)=O)C=C%24)C9=C7C%13(O)C5=C%15C3=C%18C%29%30C%20(O%30)C%31C%22C%23=C%32)=CC(C(O)=O)=CC8=CC6=C(C(O)=O)C4=C2)=C%29C%33=C%31C%32=C(C(O)=O)C=C%331,,0.6627578316815741,10.1016_j.polymertesting.2020.107008_part_1.txt_¶Î1_Material1
O=C([*])OC1=CC=C(C=C1)C(C)(C)C2=CC=C(C=C2)O[*],[*]CC(CC=CCC([*])C1=CC=CC=C1)C#N,[Al],,,1.3617278360175928,10.1016_j.polymdegradstab.2015.11.007_part_1.txt_¶Î1_Material1
[*]CC(C#N)[*],O=C(O[Na])COCC(OC(C(C1O)O)[*])C1OC(C(C(C2O[*])O)O)OC2COCC(O[Na])=O,OC1=C2C(C3(O)C4C5C6=C7C8C(C9=CC(C(O)=O)=C(C=C(C=C%10C(O)=O)C%11%12)C(C%11=C%13C%14C%15%16C%17(O%16)C%18C%19=C%20C%21=C%22C(C(O)=C%23)=C%24C%25C%21=C%26C%19=C%27C%17=C%28C%14(O)C%12=C%10C=C%28CC%27=CC%26=CC%25=C(C(O)=O)C=C%24)C9=C7C%13(O)C5=C%15C3=C%18C%29%30C%20(O%30)C%31C%22C%23=C%32)=CC(C(O)=O)=CC8=CC6=C(C(O)=O)C4=C2)=C%29C%33=C%31C%32=C(C(O)=O)C=C%331,,,1.80291048941904,10.1002_pen.25736_part_1.txt_¶Î1_Material1
C/C(C[*])=C/C[*],O[Si](O)(O[Si](O)(O)O)O.[Al].[Al].O,O=C(C1=CC=C(C=C1)C(OCC[*])=O)O[*],,,2.9834909718151663,10.4028_www.scientific.net_kem.471-472.622_part_1.txt_¶Î1_Material1
[*]C(CCCCCO[*])=O,[*]C1C(OC(C(C1O)O)OC2C(OC(C(C2O)O)O[*])CO)CO,,,,2,10.1016_j.bioactmat.2020.02.006_part_1.txt_¶Î1_Material1
[*]C(C)C[*],CC(CC(C(C(O1)=O)CC1=O)[*])C[*],O=[Al]O[Al]=O.O=[Si]=O.O=[Si]=O.O=[Si]=O,,,2.0453229787866576,10.1002_pc.22393_part_1.txt_¶Î1_Material2
O=C(C1=CC=C(C=C1)C(OCC[*])=O)O[*],[H][Si]([H])([H])[H],,,,1.5828584622244994,10.1007_s12221-019-9189-0_part_1.txt_¶Î1_Material1
O=C([*])CCCCCCCCCCC(NCCCCCCCCCCN[*])=O,O=[Al]O[Al]=O.O=[Si]=O.O=[Si]=O.O=[Si]=O,O=C([O-])[O-].[Ca+2],,,2.0752549005329,10.1007_s12221-017-1074-0_part_1.txt_¶Î1_Material1
OCC1OC(C(C(C1[*])O)O)OC2C(C(C(OC2CO)O[*])O)O,[*]CC([*])N1CCCC1=O,[*]C([H])([H])C(O)([H])[*],[Ag],,1.0413926851582251,10.1134_s1070427213040186_part_1.txt_¶Î1_Material1
[*]C(C)C[*],C=C,O=[Si]=O,,,1,10.3139_217.2411_part_3.txt_¶Î1_Material1
[*]CCCC(C1C([*])C2CC1C/C2=C/C)C,[*]CCCC(C1C([*])C2CC1C/C2=C/C)C,[Zn]=O,O=C(O)CCCCCCCCCCCCCCCCC,[S],2.544068044350276,10.1002_vnl.21369_part_1.txt_¶Î1_Material1
[*]C/C=C/CCC([*])C#N,O=[Si]=O,[H][Si]([H])([H])[H],,,2.505149978319906,10.3139_217.2522_part_1.txt_¶Î1_Material1
[*]C(C)C[*],[*]NC1=CC=C([*])C=C1,O=[Si]=O,,,0.9030899869919436,10.1016_j.synthmet.2012.06.012_part_1.txt_¶Î1_Material1
[*]C(NC1=C(C)C(NC(OCCO[*])=O)=CC=C1)=O,O=C(O)C(C[*])CC(CC(C(C(O)=O)[*])C(O)=O)C(O)=O,,,,2,10.1080_10601325.2018.1561151_part_2.txt_¶Î1_Material1
OCC1OC(C(C(C1O[*])O)NC(C)=O)OC2C(O)C(C(OC2CO)[*])NC(C)=O,[*]NCC(NC(C(ONCC(NC(C(NCC(NC(C([*])=O)C)=O)=O)C)=O)=O)CO)=O,OC1=C2C(C3(O)C4C5C6=C7C8C(C9=CC(C(O)=O)=C(C=C(C=C%10C(O)=O)C%11%12)C(C%11=C%13C%14C%15%16C%17(O%16)C%18C%19=C%20C%21=C%22C(C(O)=C%23)=C%24C%25C%21=C%26C%19=C%27C%17=C%28C%14(O)C%12=C%10C=C%28CC%27=CC%26=CC%25=C(C(O)=O)C=C%24)C9=C7C%13(O)C5=C%15C3=C%18C%29%30C%20(O%30)C%31C%22C%23=C%32)=CC(C(O)=O)=CC8=CC6=C(C(O)=O)C4=C2)=C%29C%33=C%31C%32=C(C(O)=O)C=C%331,OC(CO)CO,CCO,2.064832219738574,10.1016_j.cej.2021.130088_part_1.txt_¶Î1_Material1
[*]C(C)C[*],[*]C(C)C[*],,,,0.6989700043360189,10.1007_s00289-011-0642-5_part_2.txt_¶Î1_Material1
[*]C/C=C/CCC(C=C)CC([*])C1=CC=CC=C1,[C],OC1=C2C(C3(O)C4C5C6=C7C8C(C9=CC(C(O)=O)=C(C=C(C=C%10C(O)=O)C%11%12)C(C%11=C%13C%14C%15%16C%17(O%16)C%18C%19=C%20C%21=C%22C(C(O)=C%23)=C%24C%25C%21=C%26C%19=C%27C%17=C%28C%14(O)C%12=C%10C=C%28CC%27=CC%26=CC%25=C(C(O)=O)C=C%24)C9=C7C%13(O)C5=C%15C3=C%18C%29%30C%20(O%30)C%31C%22C%23=C%32)=CC(C(O)=O)=CC8=CC6=C(C(O)=O)C4=C2)=C%29C%33=C%31C%32=C(C(O)=O)C=C%331,O=C(O)CCCCCCCCCCCCCCCCC,CC1=CC(O)=C(C=C1CCCC(C2=C(C=C(C(C(C)(C)C)=C2)O)C)C3=CC(C(C)(C)C)=C(C=C3C)O)C(C)(C)C,2.674861140737812,10.1002_app.36710_part_1.txt_¶Î1_Material1
[*]NC(C(N1CCCC1C(NCC(N2CC(CC2C(NC(C(NCC([*])=O)=O)CO)=O)O)=O)=O)=O)CCCCN,OCC(C(C(C1N)O)O[*])OC1OC2C(OC(C(C2O)N)[*])CO,,,,1.940516484932568,10.1016_j.foodchem.2015.09.004_part_2.txt_¶Î1_Material1
[*]C(N(CN(C(OCOC(N(CN(C(OCCO[*])=O)[H])[H])=O)=O)[H])[H])=O,O1C(=O)C=CC1=O,,,,2.1179338350396413,10.1016_j.indcrop.2015.05.080_part_2.txt_¶Î1_Material1
[*]C(NC1=C(C)C(NC(OCCO[*])=O)=CC=C1)=O,[*]CC(COC1=CC=C(C=C1)C(C)(C)C2=CC=C(C=C2)O[*])O,,,,2.7075701760979363,10.1002_pat.1603_part_1.txt_¶Î1_Material1
OCC1OC(C(C(C1O)O[*])O)OC2C(C(C(OC2COS(=O)(O)=O)[*])NC(C)=O)O,[*]C([H])([H])C(O)([H])[*],OCC(O)CO,,,1.7781512503836436,10.1007_s12221-015-0537-4_part_1.txt_¶Î1_Material1
[*]NCC(NC(C(ONCC(NC(C(NCC(NC(C([*])=O)C)=O)=O)C)=O)=O)CO)=O,[*]NC(C)C(N1CCCC1C([*])=O)=O,[*]C1C(OC(C(C1O)O)OC2C(OC(C(C2O)O)O[*])CO)CO,,,0.8260748027008264,10.3390_ma13143097_part_2.txt_¶Î1_Material1
[*]OCCCCOC(CCC([*])=O)=O,[Ti](OCCCC)(OCCCC)(OCCCC)OCCCC,,,,1.8970770032094204,10.1021_ie501504b_part_1.txt_¶Î1_Material1
OCC(C(C(C1N)O)O[*])OC1OC2C(OC(C(C2O)N)[*])CO,OC1=C2C(C3(O)C4C5C6=C7C8C(C9=CC(C(O)=O)=C(C=C(C=C%10C(O)=O)C%11%12)C(C%11=C%13C%14C%15%16C%17(O%16)C%18C%19=C%20C%21=C%22C(C(O)=C%23)=C%24C%25C%21=C%26C%19=C%27C%17=C%28C%14(O)C%12=C%10C=C%28CC%27=CC%26=CC%25=C(C(O)=O)C=C%24)C9=C7C%13(O)C5=C%15C3=C%18C%29%30C%20(O%30)C%31C%22C%23=C%32)=CC(C(O)=O)=CC8=CC6=C(C(O)=O)C4=C2)=C%29C%33=C%31C%32=C(C(O)=O)C=C%331,,,,1.625312450961674,10.1002_app.47748_part_1.txt_¶Î1_Material1
[*]OCCOC(CC(C([*])=O)C(C1CCCCC1)CC(CC(O)=O)C(OCCO)=O)=O,[O-][Si]([O-])([O-])O[Si]([O-])([O-])[O-].[Ca+2],OC1=C2C(C3(O)C4C5C6=C7C8C(C9=CC(C(O)=O)=C(C=C(C=C%10C(O)=O)C%11%12)C(C%11=C%13C%14C%15%16C%17(O%16)C%18C%19=C%20C%21=C%22C(C(O)=C%23)=C%24C%25C%21=C%26C%19=C%27C%17=C%28C%14(O)C%12=C%10C=C%28CC%27=CC%26=CC%25=C(C(O)=O)C=C%24)C9=C7C%13(O)C5=C%15C3=C%18C%29%30C%20(O%30)C%31C%22C%23=C%32)=CC(C(O)=O)=CC8=CC6=C(C(O)=O)C4=C2)=C%29C%33=C%31C%32=C(C(O)=O)C=C%331,,,0.3304137733491908,10.3390_polym12102211_part_1.txt_¶Î1_Material1
[*]C/C=C/CCC(C=C)CC([*])C1=CC=CC=C1,O=[Si]=O,[O-][Si]([O-])([O-])O[Si]([O-])([O-])[O-].[Ca+2],,,2.8796692056320534,10.1002_pc.25533_part_2.txt_¶Î1_Material1
[*]C(C)C[*],[*]CC[*],,,,1.812913356642856,10.1515_polyeng.2011.102_part_1.txt_¶Î1_Material1
[*]CC[*],[*]O[Si](C)(C)[*],,,,1.1613680022349748,10.1002_pat.3710_part_1.txt_¶Î1_Material1
[*]N1C(C2=CC3=C(C=C2C1=O)C(N(C3=O)C4=CC=C(C=C4)OC5=CC=C(C=C5)[*])=O)=O,O=[Si]=O,,,,1.0413926851582251,10.1007_s10853-013-7229-5_part_2.txt_¶Î1_Material1
[*]CCCC([*])OC(C)=O,OC1=C2C(C3(O)C4C5C6=C7C8C(C9=CC(C(O)=O)=C(C=C(C=C%10C(O)=O)C%11%12)C(C%11=C%13C%14C%15%16C%17(O%16)C%18C%19=C%20C%21=C%22C(C(O)=C%23)=C%24C%25C%21=C%26C%19=C%27C%17=C%28C%14(O)C%12=C%10C=C%28CC%27=CC%26=CC%25=C(C(O)=O)C=C%24)C9=C7C%13(O)C5=C%15C3=C%18C%29%30C%20(O%30)C%31C%22C%23=C%32)=CC(C(O)=O)=CC8=CC6=C(C(O)=O)C4=C2)=C%29C%33=C%31C%32=C(C(O)=O)C=C%331,,,,2.2380461031287955,10.1016_j.compscitech.2020.108609_part_1.txt_¶Î1_Material1
C[Si](C)(C[*])O[*],O=[Si]=O,O=[Si]=O,O=[Si]=O,,2.428134794028789,10.1002_app.45544_part_2.txt_¶Î1_Material1
C/C(C[*])=C/C[*],CC1=CC(O)=C(C=C1CCCC(C2=C(C=C(C(C(C)(C)C)=C2)O)C)C3=CC(C(C)(C)C)=C(C=C3C)O)C(C)(C)C,O=C(O)CCCCCCCCCCCCCCCCC,OC1=C2C(C3(O)C4C5C6=C7C8C(C9=CC(C(O)=O)=C(C=C(C=C%10C(O)=O)C%11%12)C(C%11=C%13C%14C%15%16C%17(O%16)C%18C%19=C%20C%21=C%22C(C(O)=C%23)=C%24C%25C%21=C%26C%19=C%27C%17=C%28C%14(O)C%12=C%10C=C%28CC%27=CC%26=CC%25=C(C(O)=O)C=C%24)C9=C7C%13(O)C5=C%15C3=C%18C%29%30C%20(O%30)C%31C%22C%23=C%32)=CC(C(O)=O)=CC8=CC6=C(C(O)=O)C4=C2)=C%29C%33=C%31C%32=C(C(O)=O)C=C%331,[S],2.4771212547196626,10.1002_pc.22473_part_1.txt_¶Î1_Material1
OC1C(C(OC(C1O)OC2C(OC(C(C2O)O)OC3C(C(C(OC3C(OC)=O)OC4C(OC(C(C4O)O)[*])C(O)=O)O)O)C(OC)=O)C(O)=O)O[*],[*]C1C(C(C(OC1C(O[Na])=O)OC2C(C(O[Na])=O)OC(O[*])C(O)C2O)O)O,[*]OCC1C(C(C(CC1CO)COCC2C(C(C(CC2CO)C[*])O)COCC3C(C(C(C(O3)CO)O)O)COCC4C(C(C(C(O4)C(O)=O)COCC5C(C(C(C(O5)C(O)=O)O)O)O)O)O)O)O,OCC(O)CO,Cl[Ca]Cl,1.279210512601395,10.1016_j.ijbiomac.2021.04.111_part_1.txt_¶Î1_Material1
[*]C1C(C(C(OC1C(O[Na])=O)OC2C(C(O[Na])=O)OC(O[*])C(O)C2O)O)O,Cl[Ca]Cl,[Al],,,0.7442929831226762,10.1016_j.carbpol.2015.09.034_part_1.txt_¶Î1_Material1
[*]C([H])([H])C(O)([H])[*],OCC(C(C(C1N)O)O[*])OC1OC2C(OC(C(C2O)N)[*])CO,OCC1OC(C(C(C1[*])O)O)OC2C(C(C(OC2CO)O[*])O)O,[Ag+],,0.3222192947339193,10.2147_ijn.s60274_part_1.txt_¶Î1_Material1
[*]CC(COC1=CC=C(C=C1)C(C)(C)C2=CC=C(C=C2)O[*])O,[*]NC1=CC=C([*])C=C1,,,,0.6232492903979004,10.1080_03602559.2013.814145_part_1.txt_¶Î1_Material1
C/C(C[*])=C/C[*],[C],,,,2.690196080028514,10.3311_ppch.12122_part_1.txt_¶Î1_Material1
[*]OCC[*],,,,,2.568999154349076,10.1016_j.carbpol.2011.10.027_part_1.txt_¶Î1_Material1
[*]C(C)C[*],NC1=CC=C(C=C1)/C2=C3C=C/C(N\3)=C(C4=N/C(C=C4)=C(C5=CC=C(N5)/C(C6=CC=CC=C6)=C7N=C2C=C\7)/C8=CC=CC=C8)\C9=CC=CC=C9,C[N+](CCO)(CCO)[3H],O=[Si]=O,,0.255272505103306,10.1177_0021998312437234_part_1.txt_¶Î1_Material1
[*]C1C(OC(C(C1O)O)OC2C(OC(C(C2O)O)O[*])CO)CO,[O-]S(C1=CC=CC(O)=C1)(=O)=O.[Na+],OC1=C2C(C3(O)C4C5C6=C7C8C(C9=CC(C(O)=O)=C(C=C(C=C%10C(O)=O)C%11%12)C(C%11=C%13C%14C%15%16C%17(O%16)C%18C%19=C%20C%21=C%22C(C(O)=C%23)=C%24C%25C%21=C%26C%19=C%27C%17=C%28C%14(O)C%12=C%10C=C%28CC%27=CC%26=CC%25=C(C(O)=O)C=C%24)C9=C7C%13(O)C5=C%15C3=C%18C%29%30C%20(O%30)C%31C%22C%23=C%32)=CC(C(O)=O)=CC8=CC6=C(C(O)=O)C4=C2)=C%29C%33=C%31C%32=C(C(O)=O)C=C%331,,,1.8083460357403949,10.4028_www.scientific.net_amr.129-131.837_part_1.txt_¶Î1_Material1
C/C(C[*])=C/C[*],O=[Si]=O,O=C(C1=CC=C(C=C1)C(OCC[*])=O)O[*],,,2.9361718020591097,10.4028_www.scientific.net_kem.471-472.622_part_1.txt_¶Î1_Material2
C/C(C[*])=C/C[*],[*]C(CCCCCO[*])=O,,,,2.3138672203691533,10.1016_j.crci.2014.02.003_part_1.txt_¶Î1_Material1
O=C([*])CCCCCN[*],COC(C(C[*])([*])C)=O,COC(C(C[*])([*])C)=O,C(C)(C1=CC=C(OCC2CO2)C=C1)(C)C1=CC=C(OCC2CO2)C=C1,,1,10.1002_app.33662_part_1.txt_¶Î1_Material1
[*]NC(C(N1CCCC1C(NCC(N2CC(CC2C(NC(C(NCC([*])=O)=O)CO)=O)O)=O)=O)=O)CCCCN,O=C(O[Na])COCC(OC(C(C1O)O)[*])C1OC(C(C(C2O[*])O)O)OC2COCC(O[Na])=O,OC[C@@H]([C@H]([C@@H]([C@@H](CO)O)O)O)O,OCC(O)CO,,2.058179196100317,10.3390_foods6060041_part_1.txt_¶Î1_Material1
O=C(C1=CC=C(C=C1)C(OCC[*])=O)O[*],[*]C(NC1=C(C)C(NC(OCCO[*])=O)=CC=C1)=O,CC1=CC=C(C=C1N=C=O)N=C=O,N(CC)(CC)CC,[H]O[H],2.7790189719148706,10.4028_www.scientific.net_amm.470.53_part_1.txt_¶Î1_Material1
[*]C(C)C[*],[H][O-],,,,1.1760912590556811,10.1080_2374068x.2018.1468972_part_1.txt_¶Î1_Material1
[*]C(C)C[*],O=C([O-])[O-].[Ca+2],[H][Si]([H])([H])[H],,,0.9041743682841636,10.1007_s12221-017-7276-7_part_1.txt_¶Î1_Material3
[*]C([H])([H])C(O)([H])[*],[*]CC([*])N1CCCC1=O,OCC(O)CO,,,2.146128035678238,10.1002_bit.27743_part_2.txt_¶Î1_Material1
[*]C(C)C[*],[*]CCC(CCCC(CCCC(C[*])C)C)C,O=C(CCCCCCCCCCCCCCCCC)O[Ca]OC(CCCCCCCCCCCCCCCCC)=O,,,1.948412965778601,10.1002_pi.4778_part_1.txt_¶Î1_Material1
[*]C1C(C(C(OC1C(O[Na])=O)OC2C(C(O[Na])=O)OC(O[*])C(O)C2O)O)O,OCCOC1C(OCCO)C(C(OCCO)COCCOC(CCCCCCCCCCCCCCCCC)=O)OC1,OC(CO)CO,Cl[Ca]Cl,,1.1986570869544226,10.1016_j.ijbiomac.2019.08.215_part_1.txt_¶Î1_Material1
[*]C(C)C[*],[*]NC1=CC=C([*])C=C1,,,,1.5563025007672873,10.1002_app.38532_part_1.txt_¶Î1_Material1
[*]C(NC1=C(C)C(NC(OCCO[*])=O)=CC=C1)=O,[*]C(NC1=C(C)C(NC(OCCO[*])=O)=CC=C1)=O,,,,2.250420002308894,10.1007_s12221-011-0721-0_part_1.txt_¶Î1_Material2
[*]CC[*],O=[Si]=O.[Ca]=O,O=[Si]=O,,,0.5314789170422551,10.1016_j.cemconcomp.2021.104030_part_1.txt_¶Î1_Material1
O=C(C(C[*])[*])N,[*]C1C(C(C(OC1C(O[Na])=O)OC2C(C(O[Na])=O)OC(O[*])C(O)C2O)O)O,O=[Al]O[Al]=O.O=[Si]=O.O=[Si]=O.O=[Si]=O,[Ca+2],,3.3010299956639813,10.1016_j.carbpol.2018.05.082_part_1.txt_¶Î1_Material1
[*]NC(C(N1CCCC1C(NCC(N2CC(CC2C(NC(C(NCC([*])=O)=O)CO)=O)O)=O)=O)=O)CCCCN,[*]C(CCCCCO[*])=O,,,,1.7474118078864234,10.1039_c8bm00474a_part_2.txt_¶Î1_Material1
C[Si](C)(C[*])O[*],[Cu],,,,1.6875289612146342,10.1109_access.2018.2881463_part_1.txt_¶Î1_Material1
[*]C(N(CN(C(OCOC(N(CN(C(OCCO[*])=O)[H])[H])=O)=O)[H])[H])=O,COC(C(C[*])([*])C)=O,,,,2.782472624166286,10.1016_j.compscitech.2013.08.011_part_1.txt_¶Î1_Material1
O=C(CCCCC(N(CCCCCCN([*])[H])[H])=O)[*],[*]C(C1=CC=C(C(OCCCCO[*])=O)C=C1)=O,[*]C(C=C1)=CC=C1S[*],O=C([*])OC1=CC=C(C=C1)C(C)(C)C2=CC=C(C=C2)O[*],O=[Si]=O,1.3010299956639813,10.1111_ffe.12363_part_1.txt_¶Î1_Material1
C/C(C[*])=C/C[*],[Mg]=O,,,,2.527887565952705,10.1007_s13726-015-0319-2_part_1.txt_¶Î1_Material1
[*]C(C)C[*],[*]CC[*],NC1=CC=C(C=C1)/C2=C3C=C/C(N\3)=C(C4=N/C(C=C4)=C(C5=CC=C(N5)/C(C6=CC=CC=C6)=C7N=C2C=C\7)/C8=CC=CC=C8)\C9=CC=CC=C9,CC1=CC(O)=C(C=C1CCCC(C2=C(C=C(C(C(C)(C)C)=C2)O)C)C3=CC(C(C)(C)C)=C(C=C3C)O)C(C)(C)C,,1.187520720836463,10.1016_j.compscitech.2020.108395_part_1.txt_¶Î1_Material1
[*]NC(C(O)=O)CCC([*])=O,OCC(C(C(C1N)O)O[*])OC1OC2C(OC(C(C2O)N)[*])CO,CCN=C=NCCCN(C)C,ON1C(=O)CCC1=O,,2.1760912590556813,10.1002_app.37565_part_1.txt_¶Î1_Material1
[*]C/C=C/CCC(C=C)CC([*])C1=CC=CC=C1,[Zn]=O,[S],O=C(O)CCCCCCCCCCCCCCCCC,,2.6532125137753435,10.3390_ma13071498_part_1.txt_¶Î1_Material1
[*]C([H])([H])C(O)([H])[*],[H][O-],O=[Si]=O,[K+].[OH-],,1.426836453803508,10.1080_02670836.2018.1514096_part_3.txt_¶Î1_Material1
[*]CC(COC1=CC=C(C=C1)C(C)(C)C2=CC=C(C=C2)O[*])O,O=[Si]=O,,,,0.64777405026883,10.1155_2020_7914796_part_2.txt_¶Î1_Material1
[*]C1C(O)C(O)C(OC2C(O)C(O)C(O[*])OC2COC(C)=O)OC1COC(C)=O,CCOC(=O)C(O)(CC(=O)OCC)CC(=O)OCC,,,,1.633367445117007,10.1208_s12249-017-0825-y_part_1.txt_¶Î1_Material1
CC(COC(C(CC(C(C(C(OC(C)C)=O)C1=CC=CC=C1)C(OCC(OC(C2=CC=CC=C2C(O)=O)=O)C)=O)C3=CC=CC=C3)C(C(OC(C)C[*])=O)C4=CC=CC=C4)=O)OC(C5=CC=CC=C5C(O[*])=O)=O,[H][O-],,,,0.4885507165004443,10.1177_0731684413518828_part_1.txt_¶Î1_Material1
O=C([*])CCCCCN[*],O=[Si]=O,,,,1.9867717342662448,10.1080_00914037.2011.610053_part_2.txt_¶Î1_Material1
CC(COC(C(CC(C(C(C(OC(C)C)=O)C1=CC=CC=C1)C(OCC(OC(C2=CC=CC=C2C(O)=O)=O)C)=O)C3=CC=CC=C3)C(C(OC(C)C[*])=O)C4=CC=CC=C4)=O)OC(C5=CC=CC=C5C(O[*])=O)=O,,,,,0.0111473607757974,10.1016_j.polymer.2021.123657_part_1.txt_¶Î1_Material1
[*]NC(C(N1CCCC1C(NCC(N2CC(CC2C(NC(C(NCC([*])=O)=O)CO)=O)O)=O)=O)=O)CCCCN,O=C(O[Na])COCC(OC(C(C1O)O)[*])C1OC(C(C(C2O[*])O)O)OC2COCC(O[Na])=O,[*]OCC1C(C(C(CC1CO)COCC2C(C(C(CC2CO)C[*])O)COCC3C(C(C(C(O3)CO)O)O)COCC4C(C(C(C(O4)C(O)=O)COCC5C(C(C(C(O5)C(O)=O)O)O)O)O)O)O)O,OCC(O)CO,,1.881555829793312,10.1016_j.fpsl.2016.05.008_part_1.txt_¶Î1_Material1
O=C(O)C([*])C[*],O=C(O)C([*])C[*],,,,3.4771212547196626,10.1016_j.matchemphys.2015.09.027_part_1.txt_¶Î1_Material1
[*]C(C)C[*],NC1=CC=C(C=C1)/C2=C3C=C/C(N\3)=C(C4=N/C(C=C4)=C(C5=CC=C(N5)/C(C6=CC=CC=C6)=C7N=C2C=C\7)/C8=CC=CC=C8)\C9=CC=CC=C9,[Al],,,0.7512791039833423,10.4028_www.scientific.net_msf.1010.130_part_1.txt_¶Î1_Material1
[*]NC(C(N1CCCC1C(NCC(N2CC(CC2C(NC(C(NCC([*])=O)=O)CO)=O)O)=O)=O)=O)CCCCN,[*]C1C(OC(C(C1O)O)OC2C(OC(C(C2O)O)O[*])CO)CO,OC1=C2C(C3(O)C4C5C6=C7C8C(C9=CC(C(O)=O)=C(C=C(C=C%10C(O)=O)C%11%12)C(C%11=C%13C%14C%15%16C%17(O%16)C%18C%19=C%20C%21=C%22C(C(O)=C%23)=C%24C%25C%21=C%26C%19=C%27C%17=C%28C%14(O)C%12=C%10C=C%28CC%27=CC%26=CC%25=C(C(O)=O)C=C%24)C9=C7C%13(O)C5=C%15C3=C%18C%29%30C%20(O%30)C%31C%22C%23=C%32)=CC(C(O)=O)=CC8=CC6=C(C(O)=O)C4=C2)=C%29C%33=C%31C%32=C(C(O)=O)C=C%331,,,1.8535156967569288,10.1007_s13197-020-04904-6_part_1.txt_¶Î1_Material1
[*]C(C)C[*],[*]C(C)C[*],CCCCCCCCCCCCCCCCCCOC(CCC1=CC(C(C)(C)C)=C(C(C(C)(C)C)=C1)O)=O,,,1.481012420956573,10.1002_pen.23392_part_1.txt_¶Î1_Material1
[*]C1C(C(C(OC1C(O[Na])=O)OC2C(C(O[Na])=O)OC(O[*])C(O)C2O)O)O,OCC(O)CO,OCCOC1C(OCCO)C(C(OCCO)COCCOC(CCCCCCCCCCCCCCCCC)=O)OC1,O=C([O-])[O-].[Ca+2],,0.6608654780038692,10.4028_www.scientific.net_kem.861.378_part_1.txt_¶Î1_Material1
OCC1OC(C(C(C1[*])O)O)OC2C(C(C(OC2CO)O[*])O)O,OCC(O)CO,[*]OCC[*],OC[C@@H]([C@H]([C@@H]([C@@H](CO)O)O)O)O,OCCOC1C(OCCO)C(C(OCCO)COCCOC(CCCCCCCCCCCCCCCCC)=O)OC1,0.6839471307515121,10.1016_j.scienta.2016.01.016_part_1.txt_¶Î1_Material1
[*]CCCC(C1C([*])C2CC1C/C2=C/C)C,[C],[S],OC1=C2C(C3(O)C4C5C6=C7C8C(C9=CC(C(O)=O)=C(C=C(C=C%10C(O)=O)C%11%12)C(C%11=C%13C%14C%15%16C%17(O%16)C%18C%19=C%20C%21=C%22C(C(O)=C%23)=C%24C%25C%21=C%26C%19=C%27C%17=C%28C%14(O)C%12=C%10C=C%28CC%27=CC%26=CC%25=C(C(O)=O)C=C%24)C9=C7C%13(O)C5=C%15C3=C%18C%29%30C%20(O%30)C%31C%22C%23=C%32)=CC(C(O)=O)=CC8=CC6=C(C(O)=O)C4=C2)=C%29C%33=C%31C%32=C(C(O)=O)C=C%331,O=C(O)CCCCCCCCCCCCCCCCC,2.3010299956639813,10.1016_j.polymertesting.2015.06.015_part_1.txt_¶Î1_Material1
[*]C(C)C[*],CC(CC(C(C(O1)=O)CC1=O)[*])C[*],[*]OC1C(O)C(O)C(OC2C(CO)OC([*])C(O)C2O)OC1CO,,,0.8260748027008264,10.1080_15440478.2021.1952142_part_2.txt_¶Î1_Material1
[*]CC[*],[*]CC[*],[*]C(C)C[*],O=C1C([*])C(CC[*])C(O1)=O,,0.4771212547196624,10.1007_s12221-017-1106-9_part_1.txt_¶Î1_Material1
OC(C(C1OC2OC(C(C(C2O)O)OC3OC(C(C(C3O)O)O)COC4OC(C(C(C4O)O)OC5OC(C(C(C5O)O)OC6OC(C(C(C6O)O[*])O)C)CO)CO)CO)O[*])COC1CO,[*]C1C(C(C(OC1C(O[Na])=O)OC2C(C(O[Na])=O)OC(O[*])C(O)C2O)O)O,O=C(O[Na])COCC(OC(C(C1O)O)[*])C1OC(C(C(C2O[*])O)O)OC2COCC(O[Na])=O,OCC(O)CO,OC[C@@H]([C@H]([C@@H]([C@@H](CO)O)O)O)O,1.7678976160180906,10.1111_ijfs.12039_part_1.txt_¶Î1_Material1
OCC1OC(C(C(C1[*])O)O)OC2C(C(C(OC2CO)O[*])O)O,[H][O-],,,,1.0718820073061257,10.3390_molecules25122836_part_2.txt_¶Î1_Material1
[*]NC(C(N1CCCC1C(NCC(N2CC(CC2C(NC(C(NCC([*])=O)=O)CO)=O)O)=O)=O)=O)CCCCN,OCC1OC(C(C(C1[*])O)O)OC2C(C(C(OC2CO)O[*])O)O,,,,1.1818435879447726,10.1016_j.vacuum.2017.05.032_part_4.txt_¶Î1_Material1
[*]C(NC1=C(C)C(NC(OCCO[*])=O)=CC=C1)=O,[*]C(NC1=C(C)C(NC(OCCO[*])=O)=CC=C1)=O,O=[Si]=O,,,2.0755469613925306,10.1080_00222348.2017.1330175_part_1.txt_¶Î1_Material1
[*]C1C(C(C(OC1C(O[Na])=O)OC2C(C(O[Na])=O)OC(O[*])C(O)C2O)O)O,Cl[Ca]Cl,,,,0.4082399653118496,10.1155_2015_185841_part_1.txt_¶Î1_Material1
[*]C1C(C(C(OC1C(O[Na])=O)OC2C(C(O[Na])=O)OC(O[*])C(O)C2O)O)O,O=C(O[Na])COCC(OC(C(C1O)O)[*])C1OC(C(C(C2O[*])O)O)OC2COCC(O[Na])=O,Cl[Ca]Cl,OCC(O)CO,,2.084897858461356,10.1002_app.46941_part_1.txt_¶Î1_Material1
[*]OCCOC(CC(C([*])=O)C(C1CCCCC1)CC(CC(O)=O)C(OCCO)=O)=O,,,,,0.6232492903979004,10.1155_2020_6290480_part_1.txt_¶Î1_Material1
[*]CC(COC1=CC=C(C=C1)C(C)(C)C2=CC=C(C=C2)O[*])O,C12=C3C(C=CC4C3=C5C(CC6=CC7=C8C9=C(C(C=C%10)=CC=C9C=C7)C%11=C%10C%12)=CC4)=CC=C1C=C%12C%13=C%11C8=C6C5=C2%13,,,,0.9542425094393248,10.3390_polym10050485_part_3.txt_¶Î1_Material1
O=C([*])OC1=CC=C(C=C1)C(C)(C)C2=CC=C(C=C2)O[*],[*]C(C1=CC=C(C(OCCCCO[*])=O)C=C1)=O,O=[Si]=O,[*]CC(COC1=CC=C(C=C1)C(C)(C)C2=CC=C(C=C2)O[*])O,,1.089905111439398,10.1177_0731684415599071_part_1.txt_¶Î1_Material1
[*]CC(COC1=CC=C(C=C1)C(C)(C)C2=CC=C(C=C2)O[*])O,C[Si](C)(C[*])O[*],[H][Si]([H])([H])[H],,,0.6946051989335688,10.1557_jmr.2019.235_part_1.txt_¶Î1_Material1
OCC(C(C(C1N)O)O[*])OC1OC2C(OC(C(C2O)N)[*])CO,[*]C([H])([H])C(O)([H])[*],,,,1.0976043288744108,10.1016_j.lwt.2021.111217_part_2.txt_¶Î1_Material1
N#CC(C1=CC=CC=N1)C1=CC=CC=C1,OCC(C(C(C1N)O)O[*])OC1OC2C(OC(C(C2O)N)[*])CO,,,,0.6444385894678385,10.4028_www.scientific.net_amm.716-717.28_part_1.txt_¶Î1_Material1
[*]C(CCCCC(OCCCCO[*])=O)=O,O=C([*])C(C)O[*],,,,2.518382315545344,10.1016_j.mtcomm.2021.102407_part_1.txt_¶Î1_Material1
C=C([CH3])C(=O)O[CH3],[*]CC(C)(C(OCCO)=O)[*],,,,2.3602146132953523,10.1002_pen.24931_part_2.txt_¶Î1_Material1
C/C(C[*])=C/C[*],O=C([*])CCCCCN[*],[*]NC1=CC=C([*])C=C1,,,1.740362689494244,10.1080_03602559.2010.543225_part_2.txt_¶Î1_Material1
[*]C1C(C(C(OC1C(O[Na])=O)OC2C(C(O[Na])=O)OC(O[*])C(O)C2O)O)O,OCC1OC(C(C(C1[*])O)O)OC2C(C(C(OC2CO)O[*])O)O,[Ca+2],,,1.339650157613684,10.1002_app.45857_part_2.txt_¶Î1_Material1
[*]NC(C(N1CCCC1C(NCC(N2CC(CC2C(NC(C(NCC([*])=O)=O)CO)=O)O)=O)=O)=O)CCCCN,OC1C(C(OC(C1O)OC2C(OC(C(C2O)O)OC3C(C(C(OC3C(OC)=O)OC4C(OC(C(C4O)O)[*])C(O)=O)O)O)C(OC)=O)C(O)=O)O[*],OC[C@@H]([C@H]([C@@H]([C@@H](CO)O)O)O)O,OCCOC1C(OCCO)C(C(OCCO)COCCOC(CCCCCCCCCCCCCCCCC)=O)OC1,,1.2966651902615312,10.1111_jfpp.14480_part_1.txt_¶Î1_Material4
[*]NC(C(N1CCCC1C(NCC(N2CC(CC2C(NC(C(NCC([*])=O)=O)CO)=O)O)=O)=O)=O)CCCCN,OCCOC1C(OCCO)C(C(OCCO)COCCOC(CCCCCCCCCCCCCCCCC)=O)OC1,,,,2.02098244291842,10.1016_j.foodhyd.2015.12.005_part_1.txt_¶Î1_Material1
[*]C(NC1=C(C)C(NC(OCCO[*])=O)=CC=C1)=O,O=C(CN(CN(CC(O)=O)CC(O)=O)CC(O)=O)O,,,,2.544068044350276,10.1016_j.matchemphys.2010.06.002_part_2.txt_¶Î1_Material1
O=C([*])CCCCCN[*],O=[Al]O[Al]=O.O=[Si]=O.O=[Si]=O.O=[Si]=O,,,,1.205745540942662,10.1016_j.jallcom.2009.10.201_part_1.txt_¶Î1_Material1
OCC(C(C(C1N)O)O[*])OC1OC2C(OC(C(C2O)N)[*])CO,[*]OCC[*],,,,0.8750612633917001,10.1007_s10570-014-0231-5_part_2.txt_¶Î1_Material1
O=C([*])CCCCCN[*],[*]CC(CCCC(CC)CC([*])C1=CC=CC=C1)C2=CC=CC=C2,O=[Mg].O=[Si]=O.O=[Si]=O.O=[Si]=O.O=[Si]=O.O=[Mg].O=[Mg].O,,,2.023499381548012,10.1002_app.41381_part_2.txt_¶Î1_Material1
FC(F)([*])C([H])([*])[H],O=C(C1=CC=C(C=C1)C(OCC[*])=O)O[*],,,,1.6963563887333322,10.1002_app.41247_part_1.txt_¶Î1_Material1
[*]CC([*])Cl,[*]C/C=C/CCC([*])C#N,,,,2.505149978319906,10.1002_app.42448_part_1.txt_¶Î1_Material1
[*]OCC[*],OCCCCO,,,,2.505149978319906,10.1016_j.porgcoat.2021.106148_part_1.txt_¶Î1_Material1
O=C(O)C([*])C[*],OCC(C(C(C1N)O)O[*])OC1OC2C(OC(C(C2O)N)[*])CO,O[Si](O)(O[Si](O)(O)O)O.[Al].[Al].O,,,3.3010299956639813,10.1016_j.compositesb.2020.108046_part_1.txt_¶Î1_Material1
[*][C@H]1[C@H](O)[C@@H](O)[C@H](O[C@H]2[C@H]([C@@H](O)[C@H](O[C@H]3[C@H](O)[C@H](O)[C@H](O[C@H]4[C@H](O)[C@H](O)[C@H](O[*])O[C@@H]4CO)O[C@@H]3CO)O[C@@H]2COC(C)=O)O)O[C@@H]1CO,,,,,1.0334237554869496,10.4028_www.scientific.net_amr.510.673_part_1.txt_¶Î1_Material1
[*]OCC[*],CC1=CC=C(C=C1N=C=O)N=C=O,,,,2.6271507046257008,10.1080_03602559.2015.1132436_part_7.txt_¶Î1_Material2
[*]CC(COC1=CC=C(C=C1)C(C)(C)C2=CC=C(C=C2)O[*])O,[*]C(NC1=C(C)C(NC(OCCO[*])=O)=CC=C1)=O,,,,2.041392685158225,10.1007_s11029-018-9774-0_part_1.txt_¶Î1_Material1
O=C([*])C(C)O[*],[*]CC(C1=CC=CC=C1)[*],OCC1OC(C(C(C1[*])O)O)OC2C(C(C(OC2CO)O[*])O)O,OC1=C2C(C3(O)C4C5C6=C7C8C(C9=CC(C(O)=O)=C(C=C(C=C%10C(O)=O)C%11%12)C(C%11=C%13C%14C%15%16C%17(O%16)C%18C%19=C%20C%21=C%22C(C(O)=C%23)=C%24C%25C%21=C%26C%19=C%27C%17=C%28C%14(O)C%12=C%10C=C%28CC%27=CC%26=CC%25=C(C(O)=O)C=C%24)C9=C7C%13(O)C5=C%15C3=C%18C%29%30C%20(O%30)C%31C%22C%23=C%32)=CC(C(O)=O)=CC8=CC6=C(C(O)=O)C4=C2)=C%29C%33=C%31C%32=C(C(O)=O)C=C%331,,1.4014005407815442,10.4028_www.scientific.net_kem.773.311_part_1.txt_¶Î1_Material1
O=C([*])C(C)O[*],C/C(C[*])=C/C[*],,,,0.505149978319906,10.4028_www.scientific.net_msf.819.284_part_1.txt_¶Î1_Material1
[*]CC([*])Cl,OP(O)(O)=O,,,,1,10.1002_pc.24098_part_1.txt_¶Î1_Material1
[*]CC([*])Cl,C12=CC3=CC4=CC=CN=C4N=C3N=C1N=C5N=C6N=CC=CC6=CC5=C2,[O-][Si]([O-])([O-])O[Si]([O-])([O-])[O-].[Ca+2],,,0.6532125137753437,10.1002_pc.25754_part_1.txt_¶Î1_Material3
C[Si](C)(C[*])O[*],[Ni],,,,2.096910013008056,10.1016_j.polymer.2020.123119_part_1.txt_¶Î1_Material1
[*]NC(C(N1CCCC1C(NCC(N2CC(CC2C(NC(C(NCC([*])=O)=O)CO)=O)O)=O)=O)=O)CCCCN,CC1=CC(O)=C(C=C1CCCC(C2=C(C=C(C(C(C)(C)C)=C2)O)C)C3=CC(C(C)(C)C)=C(C=C3C)O)C(C)(C)C,,,,2.1760912590556813,10.1016_j.bcab.2021.102152_part_1.txt_¶Î1_Material1
[*]C(CCCCCO[*])=O,[Zn]=O,,,,2.2274496204698417,10.1590_0104-1428.04018_part_1.txt_¶Î1_Material1
[*]C(C)C[*],OCC1OC(OC2C(O)C(O)C(O[*])OC2CO)C(O)C(O)C1[*],NC1=CC=C(C=C1)/C2=C3C=C/C(N\3)=C(C4=N/C(C=C4)=C(C5=CC=C(N5)/C(C6=CC=CC=C6)=C7N=C2C=C\7)/C8=CC=CC=C8)\C9=CC=CC=C9,,,1.136720567156407,10.4028_www.scientific.net_amr.488-489.696_part_1.txt_¶Î1_Material1
[*]C1C(C(C(OC1C(O[Na])=O)OC2C(C(O[Na])=O)OC(O[*])C(O)C2O)O)O,OC1=C2C(C3(O)C4C5C6=C7C8C(C9=CC(C(O)=O)=C(C=C(C=C%10C(O)=O)C%11%12)C(C%11=C%13C%14C%15%16C%17(O%16)C%18C%19=C%20C%21=C%22C(C(O)=C%23)=C%24C%25C%21=C%26C%19=C%27C%17=C%28C%14(O)C%12=C%10C=C%28CC%27=CC%26=CC%25=C(C(O)=O)C=C%24)C9=C7C%13(O)C5=C%15C3=C%18C%29%30C%20(O%30)C%31C%22C%23=C%32)=CC(C(O)=O)=CC8=CC6=C(C(O)=O)C4=C2)=C%29C%33=C%31C%32=C(C(O)=O)C=C%331,OCC(O)CO,Cl[Ca]Cl,,2.049218022670181,10.1016_j.ijhydene.2018.10.098_part_1.txt_¶Î1_Material1
[*]C(CCCCCO[*])=O,[*]C(N(CN(C(OCOC(N(CN(C(OCCO[*])=O)[H])[H])=O)=O)[H])[H])=O,C[N+](CCO)(CCO)[3H],C[N+](CCO)(CCO)[3H],C[N+](CCO)(CCO)[3H],3.431363764158988,10.1002_app.38408_part_1.txt_¶Î1_Material1
[*]CC(CC=CCC([*])C1=CC=CC=C1)C#N,[*]CC(C1=CC=CC=C1)[*],,,,0.6020599913279624,10.1016_j.polymer.2017.12.038_part_4.txt_¶Î1_Material1
[*]C(C)C[*],[*]C(C)C[*],[*]C(C)C[*],,,0.8450980400142568,10.1016_j.polymer.2020.122411_part_1.txt_¶Î1_Material1
OCC1OC(C(C(C1[*])O)O)OC2C(C(C(OC2CO)O[*])O)O,O=[Al]O[Al]=O.O=[Si]=O.O=[Si]=O.O=[Si]=O,,,,1.1139433523068367,10.1007_s10570-015-0798-5_part_5.txt_¶Î1_Material1
O=C([*])OC1=CC=C(C=C1)C(C)(C)C2=CC=C(C=C2)O[*],O=[Mg].O=[Si]=O.O=[Si]=O.O=[Si]=O.O=[Si]=O.O=[Mg].O=[Mg].O,,,,1.9030899869919435,10.1016_j.polymertesting.2020.106408_part_2.txt_¶Î1_Material1
[*]C/C=C/CCC(C/C=C\C[*])C=C,[*]CC(C#N)[*],,,,2.803457115648414,10.1007_s11837-019-03417-8_part_1.txt_¶Î1_Material1
[*]C([C@H](C)OC([C@H](C)O[*])=O)=O,[*]C1C(OC(C(C1O)O)OC2C(OC(C(C2O)O)O[*])CO)CO,O=C=NC(C=C1)=CC=C1CC2=CC=C(C=C2)N=C=O,,,1.6018427897820982,10.1002_app.41095_part_1.txt_¶Î1_Material1
C=C(C)C(=O)OCC(O)COC1=CC=C(C(C2=CC=C(O)C=C2)(C)C)C=C1,[*]C1=CC=C(C=C1)C(N[*])=O,,,,0.4471580313422192,10.1002_pc.24561_part_1.txt_¶Î1_Material1
[*]C(NC1=C(C)C(NC(OCCO[*])=O)=CC=C1)=O,[*]C1C(O)C(O)C(OC2C(O)C(O)C(O[*])OC2COCCO)OC1COCCO,,,,1.9840770339028309,10.1016_j.polymer.2020.122532_part_1.txt_¶Î1_Material1
OCC1OC(C(C(C1[*])O)O)OC2C(C(C(OC2CO)O[*])O)O,O=C(N)N,,,,0.8536982117761743,10.1016_j.polymer.2021.123379_part_1.txt_¶Î1_Material1
[*]CC(C1=CC=CC=C1)[*],[*]C/C=C/CCC(C=C)CC([*])C1=CC=CC=C1,[*]CC(C1=CC=CC=C1)C/C=C/C[*],,,2.171433900943008,10.1080_00222348.2014.1000739_part_2.txt_¶Î1_Material1
OC1C(O[*])C(C(O[Ca]O2)=O)OC(OC3C(O)C(O)C(OC4C(C(O[Ca]O5)=O)OC(OC6C(O)C(O)C(OC7C(C(O[Ca]O8)=O)OC(OC9C(O)C(O)C([*])OC9C8=O)C(O)C7O)OC6C5=O)C(O)C4O)OC3C2=O)C1O,[Ca+2],,,,1.6989700043360187,10.1016_j.ijbiomac.2015.07.021_part_1.txt_¶Î1_Material1
OCC(C(C(C1N)O)O[*])OC1OC2C(OC(C(C2O)N)[*])CO,O[Si](O)(O[Si](O)(O)O)O.[Al].[Al].O,,,,1,10.1016_j.foodhyd.2018.05.048_part_2.txt_¶Î1_Material1
[*]C([H])([H])C(O)([H])[*],OCC(C(C(C1N)O)O[*])OC1OC2C(OC(C(C2O)N)[*])CO,[*]C1=CC=C([*])N1,[*]CC(C1=CC=C(C=C1)S(O)(=O)=O)[*],[C],2.450141291342469,10.3390_app11073040_part_1.txt_¶Î1_Material1
[*]O[C@H](C)CC([*])=O,O=C([*])C(C)O[*],,,,1.3222192947339193,10.3390_ma11101893_part_1.txt_¶Î1_Material1
[*]C(NC1=C(C)C(NC(OCCO[*])=O)=CC=C1)=O,N(CC)(CC)CC,O=C(CN(CN(CC(O)=O)CC(O)=O)CC(O)=O)O,,,2.353858551860327,10.26577_2218-7979-2016-9-1-68-72_OA_part_1.txt_¶Î1_Material3
[*]NC(C)C(N1CCCC1C([*])=O)=O,[*]NCC(NC(C(ONCC(NC(C(NCC(NC(C([*])=O)C)=O)=O)C)=O)=O)CO)=O,,,,1.293141483450931,10.1002_mabi.201200060_part_1.txt_¶Î1_Material1
O=C(CCCCCCCCCCC(NCCCCCCCCCCCCN[*])=O)[*],S=[Mo]=S,[*]C(F)(C(F)([*])F)F,,,0.9294189257142929,10.4028_www.scientific.net_amr.295-297.1573_part_1.txt_¶Î1_Material1
C[Si](C)(C[*])O[*],O=[Si]=O,O=[Si]=O,,,2.6422666189026733,10.1016_j.coco.2020.02.003_part_1.txt_¶Î1_Material1
O=C([*])C(C)O[*],[*]C(CCCCC(OCCCCO[*])=O)=O,O=C([*])C(C)O[*],O=C([O-])[O-].[Ca+2],,1.550839605065785,10.4028_www.scientific.net_amr.123-125.193_part_1.txt_¶Î1_Material1
O=C([*])C(C)O[*],O=C([*])OC1=CC=C(C=C1)C(C)(C)C2=CC=C(C=C2)O[*],,,,2.0100454126360985,10.11113_mjfas.v19n1.2754_OA_part_1.txt_¶Î1_Material1
O=C([*])CCCCCN[*],[*]CC(CCCC(CC)CC([*])C1=CC=CC=C1)C2=CC=CC=C2,[*]CC(CCCC(CC)CC([*])C1=CC=CC=C1)C2=CC=CC=C2,C12=C3C(C=CC4C3=C5C(CC6=CC7=C8C9=C(C(C=C%10)=CC=C9C=C7)C%11=C%10C%12)=CC4)=CC=C1C=C%12C%13=C%11C8=C6C5=C2%13,[C],2.3502480183341627,10.1155_2015_819580_part_1.txt_¶Î1_Material1
O=C(C(C[*])[*])N,[Ag+],[*]C1=C(C=CN2)C2=C([*])C(O)=C1O,,,3.0569048513364727,10.1016_j.carbpol.2021.117894_part_1.txt_¶Î1_Material1
O=C(O)C([*])C[*],C[Si](C)(C[*])O[*],CCCCCCCCCCCCOS([O-])(=O)=O.[Na+],,,2.6532125137753435,10.1016_j.porgcoat.2016.10.009_part_2.txt_¶Î1_Material1
[*]C(NC1=C(C)C(NC(OCCO[*])=O)=CC=C1)=O,O=C(O)C(C[*])CC(CC(C(C(O)=O)[*])C(O)=O)C(O)=O,N(CC)(CC)CC,,,2.089905111439398,10.1016_j.polymer.2013.07.005_part_1.txt_¶Î1_Material1
[*]C1C(OC(C(C1O)O)OC2C(OC(C(C2O)O)O[*])CO)CO,OCC(C(C(C1N)O)O[*])OC1OC2C(OC(C(C2O)N)[*])CO,C(CC=O)CC=O,OCC(O)CO,,1.7626785637274365,10.4028_www.scientific.net_amr.415-417.1626_part_1.txt_¶Î1_Material1
O=C([*])C(C)O[*],OCC1OC(C(C(C1[*])O)O)OC2C(C(C(OC2CO)O[*])O)O,O=C(O[Na])COCC(OC(C(C1O)O)[*])C1OC(C(C(C2O[*])O)O)OC2COCC(O[Na])=O,[H][Si]([H])([H])[H],,0.3424226808222063,10.1007_s10570-021-04086-0_part_2.txt_¶Î1_Material1
[*]C1C(OC(C(C1O)O)OC2C(OC(C(C2O)O)O[*])CO)CO,OC1C(C(OC(C1O)OC2C(OC(C(C2O)O)OC3C(C(C(OC3C(OC)=O)OC4C(OC(C(C4O)O)[*])C(O)=O)O)O)C(OC)=O)C(O)=O)O[*],OCC(O)CO,Cl[Ca]Cl,,0.8813846567705729,10.1016_j.ultsonch.2016.11.010_part_1.txt_¶Î1_Material1
C[Si](O[*])(C)[*],[Ti](OCCCC)(OCCCC)(OCCCC)OCCCC,OC1=C2C(C3(O)C4C5C6=C7C8C(C9=CC(C(O)=O)=C(C=C(C=C%10C(O)=O)C%11%12)C(C%11=C%13C%14C%15%16C%17(O%16)C%18C%19=C%20C%21=C%22C(C(O)=C%23)=C%24C%25C%21=C%26C%19=C%27C%17=C%28C%14(O)C%12=C%10C=C%28CC%27=CC%26=CC%25=C(C(O)=O)C=C%24)C9=C7C%13(O)C5=C%15C3=C%18C%29%30C%20(O%30)C%31C%22C%23=C%32)=CC(C(O)=O)=CC8=CC6=C(C(O)=O)C4=C2)=C%29C%33=C%31C%32=C(C(O)=O)C=C%331,,,2.5390760987927767,10.1002_pc.25984_part_1.txt_¶Î1_Material1
OCC1OC(OC2C(O)C(O)C(O[*])OC2CO)C(O)C(O)C1[*],[H]O[H],,,,1.3443922736851108,10.3390_ma13194370_part_3.txt_¶Î1_Material1
O=C(O)C([*])C[*],[Al+3],,,,3.041392685158225,10.1021_acsami.0c11152_part_3.txt_¶Î1_Material1
OC(C(C1OC2OC(C(C(C2O)O)OC3OC(C(C(C3O)O)O)COC4OC(C(C(C4O)O)OC5OC(C(C(C5O)O)OC6OC(C(C(C6O)O[*])O)C)CO)CO)CO)O[*])COC1CO,OCC(C(C(C1N)O)O[*])OC1OC2C(OC(C(C2O)N)[*])CO,O[Si](O)(O[Si](O)(O)O)O.[Al].[Al].O,,,0.5563025007672873,10.1016_j.clay.2021.106205_part_1.txt_¶Î1_Material1
O=C(CCCCC(N(CCCCCCN([*])[H])[H])=O)[*],,,,,0.9030899869919436,10.1177_1099636220924654_part_3.txt_¶Î1_Material1
[*]NC(C(N1CCCC1C(NCC(N2CC(CC2C(NC(C(NCC([*])=O)=O)CO)=O)O)=O)=O)=O)CCCCN,OC1C(C(OC(C1O)OC2C(OC(C(C2O)O)OC3C(C(C(OC3C(OC)=O)OC4C(OC(C(C4O)O)[*])C(O)=O)O)O)C(OC)=O)C(O)=O)O[*],C(CC=O)CC=O,,,0.7634279935629372,10.4028_www.scientific.net_amr.941-944.1133_part_1.txt_¶Î1_Material1
[*]C([H])([H])C(O)([H])[*],OCC(O)CO,,,,2.401400540781544,10.1016_j.fpsl.2018.10.003_part_1.txt_¶Î1_Material1
[*]OC1C(C(OC(C1O)OC2C3C(C(OC2CO3)[*])O)CO)O,O=C(C(C[*])[*])N,C12=C3C(C=CC4C3=C5C(CC6=CC7=C8C9=C(C(C=C%10)=CC=C9C=C7)C%11=C%10C%12)=CC4)=CC=C1C=C%12C%13=C%11C8=C6C5=C2%13,,,3.0791812460476247,10.1002_pol.20200567_part_1.txt_¶Î1_Material1
[*]NC(C(N1CCCC1C(NCC(N2CC(CC2C(NC(C(NCC([*])=O)=O)CO)=O)O)=O)=O)=O)CCCCN,OCC1OC(C(C(C1[*])O)O)OC2C(C(C(OC2CO)O[*])O)O,[Ag+],,,1.7077404542737713,10.1016_j.indcrop.2019.02.011_part_2.txt_¶Î1_Material1
[*]C(NC1=C(C)C(NC(OCCO[*])=O)=CC=C1)=O,[H][Si]([H])([H])[H],,,,2.1903316981702914,10.3390_polym12081772_part_1.txt_¶Î1_Material1
[*]C(C)C[*],O=C(C1=CC=C(C=C1)C(OCC[*])=O)O[*],O=C([O-])[O-].[Ca+2],,,1.3486941902655412,10.1016_j.compscitech.2012.01.001_part_1.txt_¶Î1_Material1
[*]C(C)C[*],[O-][Si]([O-])([O-])O[Si]([O-])([O-])[O-].[Ca+2],,,,0.8450980400142568,10.1016_j.compositesa.2018.05.014_part_2.txt_¶Î1_Material1
[*]CC(C#N)[*],C12=C3C(C=CC4C3=C5C(CC6=CC7=C8C9=C(C(C=C%10)=CC=C9C=C7)C%11=C%10C%12)=CC4)=CC=C1C=C%12C%13=C%11C8=C6C5=C2%13,OC1=C2C(C3(O)C4C5C6=C7C8C(C9=CC(C(O)=O)=C(C=C(C=C%10C(O)=O)C%11%12)C(C%11=C%13C%14C%15%16C%17(O%16)C%18C%19=C%20C%21=C%22C(C(O)=C%23)=C%24C%25C%21=C%26C%19=C%27C%17=C%28C%14(O)C%12=C%10C=C%28CC%27=CC%26=CC%25=C(C(O)=O)C=C%24)C9=C7C%13(O)C5=C%15C3=C%18C%29%30C%20(O%30)C%31C%22C%23=C%32)=CC(C(O)=O)=CC8=CC6=C(C(O)=O)C4=C2)=C%29C%33=C%31C%32=C(C(O)=O)C=C%331,,,0.8573324964312685,10.1080_25740881.2018.1563113_part_1.txt_¶Î1_Material1
[*]C(C)C[*],[C],[S],OC1=C2C(C3(O)C4C5C6=C7C8C(C9=CC(C(O)=O)=C(C=C(C=C%10C(O)=O)C%11%12)C(C%11=C%13C%14C%15%16C%17(O%16)C%18C%19=C%20C%21=C%22C(C(O)=C%23)=C%24C%25C%21=C%26C%19=C%27C%17=C%28C%14(O)C%12=C%10C=C%28CC%27=CC%26=CC%25=C(C(O)=O)C=C%24)C9=C7C%13(O)C5=C%15C3=C%18C%29%30C%20(O%30)C%31C%22C%23=C%32)=CC(C(O)=O)=CC8=CC6=C(C(O)=O)C4=C2)=C%29C%33=C%31C%32=C(C(O)=O)C=C%331,,2.544068044350276,10.1016_j.jiec.2012.12.024_part_1.txt_¶Î1_Material1
[*]C/C=C/CCC([*])C#N,[*]CC[*],,,,2.397940008672037,10.1088_1757-899x_1079_4_042015_part_1.txt_¶Î1_Material1
O=C([*])CCCCCN[*],[Mg+2].[OH-].[OH-],,,,0.8129133566428556,10.1007_s10973-023-12774-1_OA_part_2.txt_¶Î1_Material1
O=C(C1=CC=C(C=C1)C(OCC[*])=O)O[*],[*]OCCO[*],CC1=CC=C(C=C1N=C=O)N=C=O,,,2,10.1016_j.egypro.2016.05.024_part_2.txt_¶Î1_Material1
[*]C/C=C/CCC(C=C)CC([*])C1=CC=CC=C1,[*]C1=C(O)C(C(C)(C)C)=C(O)C(C)=C1SS[*],[*]CCCC(C1C([*])C2CC1C/C2=C/C)C,OC1=C2C(C3(O)C4C5C6=C7C8C(C9=CC(C(O)=O)=C(C=C(C=C%10C(O)=O)C%11%12)C(C%11=C%13C%14C%15%16C%17(O%16)C%18C%19=C%20C%21=C%22C(C(O)=C%23)=C%24C%25C%21=C%26C%19=C%27C%17=C%28C%14(O)C%12=C%10C=C%28CC%27=CC%26=CC%25=C(C(O)=O)C=C%24)C9=C7C%13(O)C5=C%15C3=C%18C%29%30C%20(O%30)C%31C%22C%23=C%32)=CC(C(O)=O)=CC8=CC6=C(C(O)=O)C4=C2)=C%29C%33=C%31C%32=C(C(O)=O)C=C%331,,2.854670331895336,10.1002_app.39253_part_2.txt_¶Î1_Material1
[*]C1C(OC(C(C1O)O)OC2C(OC(C(C2O)O)O[*])CO)CO,[*]C([H])([H])C(O)([H])[*],OCC(O)CO,OC(C(CC(O)=O)(CC(O)=O)O)=O,,2.1760912590556813,10.1016_j.carbpol.2011.01.030_part_1.txt_¶Î1_Material1
[*]C/C=C/CCC(C=C)CC([*])C1=CC=CC=C1,C/C(C[*])=C/C[*],C/C(C[*])=C/C[*],,,2.863322860120456,10.1016_j.polymertesting.2020.106350_part_1.txt_¶Î1_Material1
[*]C(NC1=C(C)C(NC(OCCO[*])=O)=CC=C1)=O,O=[Si]=O.O=[Al]O[Al]=O.O=[Si]=O.O=[Si]=O.O=[Si]=O.O,,,,2.4771212547196626,10.1016_j.ijbiomac.2011.09.010_part_1.txt_¶Î1_Material1
FC(F)([*])C([H])([*])[H],C[Si](C)(C[*])O[*],[*]CC(C)(C(OCCO)=O)[*],OC(C(C)(CC(C1=CC=CC=C1)[*])CC(C[*])(C(OCC2CO2)=O)C)=O,,1.3979400086720375,10.1002_app.47637_part_2.txt_¶Î1_Material1
[*]C(C)C[*],[*]C1C(OC(C(C1O)O)OC2C(OC(C(C2O)O)O[*])CO)CO,CC(CC(C(C(O1)=O)CC1=O)[*])C[*],,,0.8088858673598122,10.1155_2013_326538_part_1.txt_¶Î1_Material2
[*]CC(COC1=CC=C(C=C1)C(C)(C)C2=CC=C(C=C2)O[*])O,[*]CC[*],[*]C(C)C[*],,,0.6989700043360189,10.1016_j.eurpolymj.2015.05.006_part_3.txt_¶Î1_Material1
[*]OC(CC(OC(CC([*])=O)CC)=O)C,OCC1OC(C(C(C1[*])O)O)OC2C(C(C(OC2CO)O[*])O)O,,,,0.7781512503836436,10.3390_polym12123006_part_2.txt_¶Î1_Material2
OCC1OC(C(C(C1[*])O)O)OC2C(C(C(OC2CO)O[*])O)O,O=C(C1=CC=C(C=C1)C(OCC[*])=O)O[*],OCC1OC(C(C(C1O[*])O)O)[*],,,1,10.1007_s10570-015-0732-x_part_3.txt_¶Î1_Material1
[*]C1C(C(C(OC1C(O[Na])=O)OC2C(C(O[Na])=O)OC(O[*])C(O)C2O)O)O,O=C(O[Na])COCC(OC(C(C1O)O)[*])C1OC(C(C(C2O[*])O)O)OC2COCC(O[Na])=O,OC(CO)CO,Cl[Ca]Cl,,1.5976951859255124,10.1002_jsfa.7863_part_1.txt_¶Î1_Material1
O=C([*])CCCCCN[*],[*]NCCCCCCCCCCCC([*])=O,,,,1.3979400086720375,10.1002_pen.25171_part_2.txt_¶Î1_Material1
[*]NC(C)C(N1CCCC1C([*])=O)=O,,,,,0.9344984512435676,10.1002_chem.202003269_part_2.txt_¶Î1_Material1
C/C(C[*])=C/C[*],[*]C(C)C[*],[Zn]=O,O=C(O)CCCCCCCCCCCCCCCCC,,2.510545010206612,10.4028_www.scientific.net_amr.844.127_part_1.txt_¶Î1_Material1
COCC1OC(OC2C(CO)OC(O[*])C(OC)C2OC)C(OC)C(O)C1O[*],[*]OCC[*],,,,1.5352941200427703,10.1016_j.lwt.2020.110811_part_1.txt_¶Î1_Material1
O=C(CCCCC(N(CCCCCCN([*])[H])[H])=O)[*],O=C(C1=CC=C(C=C1)C(OCC[*])=O)O[*],,,,1.2227164711475833,10.1007_s12221-011-0252-8_part_1.txt_¶Î1_Material1
[*]NCC(NC(C(ONCC(NC(C(NCC(NC(C([*])=O)C)=O)=O)C)=O)=O)CO)=O,[Ag],COC(C(C[*])([*])C)=O,,,1.1760912590556811,10.1016_j.msec.2011.12.013_part_1.txt_¶Î1_Material1
[*]C(C)C[*],OCC1OC(C(C(C1[*])O)O)OC2C(C(C(OC2CO)O[*])O)O,NC1=CC=C(C=C1)/C2=C3C=C/C(N\3)=C(C4=N/C(C=C4)=C(C5=CC=C(N5)/C(C6=CC=CC=C6)=C7N=C2C=C\7)/C8=CC=CC=C8)\C9=CC=CC=C9,C[N+](CCO)(CCO)[3H],,1.250420002308894,10.1002_app.32985_part_1.txt_¶Î1_Material1
[*]C(C)C[*],CC(CC(C(C(O1)=O)CC1=O)[*])C[*],,,,1.812913356642856,10.1002_pc.22558_part_1.txt_¶Î1_Material1
[*]C([H])([H])C(O)([H])[*],[*]OC(C(C1O)O)OC(COC)C1OC(OC(C(C2O)OC3OC(C(C(C3OC)O)OC4OC(C(C(C4OC)O)[*])COC)CO)COC)C2OCC(OC)C,,,,0.8129133566428556,10.3390_ma12010037_part_1.txt_¶Î1_Material1
[*]C/C=C/CCC([*])C#N,[Zn]=O,[S],O=C(C1=CC=C(C=C1)OCCOC(C=C)=O)C(C)(C)O,,2.755112266395072,10.1016_j.polymertesting.2018.01.001_part_1.txt_¶Î1_Material1
[*]N1C(C2=CC3=C(C=C2C1=O)C(N(C3=O)C4=CC=C(C=C4)OC5=CC=C(C=C5)[*])=O)=O,,,,,1.3077099234048066,10.1016_j.polymer.2018.02.017_part_2.txt_¶Î1_Material1
[*]C1C(OC(C(C1O)O)OC2C(OC(C(C2O)O)O[*])CO)CO,OC1C(O)C([*])OC(COC2C(O)C(O)C(O)C(CO)O2)C1OC3C(O)C(O)C(CO[*])C(CO)O3,,,,1.5185139398778875,10.1016_j.matchemphys.2021.124714_part_2.txt_¶Î1_Material1
O=C([*])C(C)O[*],OCC1OC(C(C(C1[*])O)O)OC2C(C(C(OC2CO)O[*])O)O,,,,0.6989700043360189,10.3390_polym12123006_part_2.txt_¶Î1_Material1
[*]NCCCCCCCCCCCC([*])=O,,,,,1.6608654780038692,10.3390_polym12020308_part_3.txt_¶Î1_Material1
[*]C(C)C[*],[*]CCCC(C1C([*])C2CC1C/C2=C/C)C,,,,2.020361282647708,10.3139_217.3286_part_2.txt_¶Î1_Material1
OCC1OC(OC2C(O)C(O)C(O[*])OC2CO)C(O)C(O)C1[*],O=S([CH3])[CH3],,,,0.6989700043360189,10.1002_mame.201800029_part_1.txt_¶Î1_Material1
[*]OCCOC(CC(C([*])=O)C(C1CCCCC1)CC(CC(O)=O)C(OCCO)=O)=O,C=CC1=CC=CC=C1,O=C(C1=CC=C(C=C1)OCCOC(C=C)=O)C(C)(C)O,,,0.1398790864012364,10.1177_0731684413481863_part_2.txt_¶Î1_Material1
O=C([*])C(C)O[*],[*]O[C@H](C)CC([*])=O,[*]C(CCCCCO[*])=O,CCCCCC1OC1CC2OC2CCCCCCCC(OC(COC(CCCCCCCC3OC3CC4OC4CCCCC)=O)COC(CCCCCCCC5OC5CC6OC6CCCCC)=O)=O,,1.1846914308175989,10.3390_ma10111339_part_3.txt_¶Î1_Material1
[*]C([H])([H])C(O)([H])[*],OCC(C(C(C1N)O)O[*])OC1OC2C(OC(C(C2O)N)[*])CO,C(CC=O)CC=O,O[Si](O)(O[Si](O)(O)O)O.[Al].[Al].O,,1.1024337056813365,10.1080_00914037.2012.719133_part_1.txt_¶Î1_Material1
[*]C([H])([H])C(O)([H])[*],[*]C1C(OC(C(C1O)O)OC2C(OC(C(C2O)O)O[*])CO)CO,OCC(O)CO,C(CC=O)CC=O,,1.8557008308354368,10.3390_ma11040640_part_1.txt_¶Î1_Material1
[*]OCC[*],O=C=NCCCCCCN=C=O,,,,2.3560258571931225,10.1002_ange.201407978_part_1.txt_¶Î1_Material1
O=C=NC(C=C1)=CC=C1CC2=CC=C(C=C2)N=C=O,[*]CCCCO[*],,,,2.4771212547196626,10.1177_0307174x1203900907_part_1.txt_¶Î1_Material1
[*]CC[*],CCCCCCCCCCCCCCCCCCOC(CCC1=CC(C(C)(C)C)=C(C(C(C)(C)C)=C1)O)=O,,,,1,10.1002_pen.24670_part_1.txt_¶Î1_Material1
[*]C(C1=CC=C(C=C1)C(OCCCCOC(C2=CC=C(C=C2)C(OCCCCO[*])=O)=O)=O)=O,[*]C(C1=CC=C(C(OCCCCO[*])=O)C=C1)=O,[*]CCCCOCCCCOCCCCOCCCCO[*],,,2.5676144427308447,10.1021_acs.iecr.7b00904_part_2.txt_¶Î1_Material2
[*]NC(C)C(N1CCCC1C([*])=O)=O,C(CC=O)CC=O,OC[C@@H]([C@H]([C@@H]([C@@H](CO)O)O)O)O,OCC(O)CO,,0.4771212547196624,10.1016_j.fbio.2016.12.002_part_3.txt_¶Î1_Material1
[*]CC[*],[*]C(CCCCC([*])S(=O)(Cl)=O)Cl,[Mg]=O,,,1.845098040014257,10.1134_s1070427212120245_part_1.txt_¶Î1_Material1
O=C([*])C(C)O[*],[*]C(C)C[*],[C],C12=C3C(C=CC4C3=C5C(CC6=CC7=C8C9=C(C(C=C%10)=CC=C9C=C7)C%11=C%10C%12)=CC4)=CC=C1C=C%12C%13=C%11C8=C6C5=C2%13,,0.9294189257142929,10.1016_j.compositesb.2019.107717_part_2.txt_¶Î1_Material1
[*]C(C)C[*],O=C([*])OC1=CC=C(C=C1)C(C)(C)C2=CC=C(C=C2)O[*],[*]CC(CCCC(CC)CC([*])C1=CC=CC=C1)C2=CC=CC=C2,,,1.155336037465062,10.1177_0892705713518792_part_2.txt_¶Î1_Material1
[*]CC[*],[Fe],O=[Si]=O.[Ca]=O,,,0.3979400086720376,10.3390_polym12112624_part_2.txt_¶Î1_Material1
[*]CC[*],C[N+](CCO)(CCO)[3H],,,,1.1445742076096164,10.1177_147776061603200204_part_1.txt_¶Î1_Material1
[*]CC[*],[*]CC[*],,,,1.5932860670204574,10.1002_mame.202000252_part_1.txt_¶Î1_Material1
[*]CC[*],[*]CC[*],OC1=C2C(C3(O)C4C5C6=C7C8C(C9=CC(C(O)=O)=C(C=C(C=C%10C(O)=O)C%11%12)C(C%11=C%13C%14C%15%16C%17(O%16)C%18C%19=C%20C%21=C%22C(C(O)=C%23)=C%24C%25C%21=C%26C%19=C%27C%17=C%28C%14(O)C%12=C%10C=C%28CC%27=CC%26=CC%25=C(C(O)=O)C=C%24)C9=C7C%13(O)C5=C%15C3=C%18C%29%30C%20(O%30)C%31C%22C%23=C%32)=CC(C(O)=O)=CC8=CC6=C(C(O)=O)C4=C2)=C%29C%33=C%31C%32=C(C(O)=O)C=C%331,O=P([O-])([O-])[O-].[Ca+2].[Ca+2].[OH-],,1.7535830588929069,10.1016_j.eurpolymj.2020.109529_part_11.txt_¶Î1_Material1
[*]C1C(OC(C(C1O)O)OC2C(OC(C(C2O)O)O[*])CO)CO,OCC(O)CO,,,,1.462397997898956,10.1177_8756087915590846_part_1.txt_¶Î1_Material1
[*]C(C)C[*],[*]OCC[*],[*]OCC[*],O=[Al]O[Al]=O.O=[Si]=O.O=[Si]=O.O=[Si]=O,,1.6334684555795864,10.1016_j.clay.2013.11.033_part_1.txt_¶Î1_Material1
[*]C(C)C[*],O=C(C1=CC=C(C=C1)C(OCC[*])=O)O[*],CC(CC(C(C(O1)=O)CC1=O)[*])C[*],,,1.5871494982543437,10.1177_0040517517703600_part_1.txt_¶Î1_Material1
O=C(O[Na])COCC(OC(C(C1O)O)[*])C1OC(C(C(C2O[*])O)O)OC2COCC(O[Na])=O,[*]C([H])([H])C(O)([H])[*],,,,1.8621313793130367,10.1016_j.carbpol.2017.03.017_part_1.txt_¶Î1_Material1
[*]C(CCCCCO[*])=O,[Ag],,,,2.397940008672037,10.1007_s13204-015-0439-1_part_1.txt_¶Î1_Material1
OCC1OC(C(C(C1[*])O)O)OC2C(C(C(OC2CO)O[*])O)O,[*]OCCCCOC(CCC([*])=O)=O,,,,1.413299764081252,10.1007_s10570-014-0241-3_part_1.txt_¶Î1_Material1
[*]C1C(OC(C(C1O)O)OC2C(OC(C(C2O)O)O[*])CO)CO,[*]C1C(C(C(OC1C(O[Na])=O)OC2C(C(O[Na])=O)OC(O[*])C(O)C2O)O)O,,,,1.5265977091034522,10.1002_app.37570_part_1.txt_¶Î1_Material1
[*]C(C)C[*],[Fe],O=[Si]=O.[Ca]=O,,,0.0791812460476248,10.1002_suco.201900166_part_4.txt_¶Î1_Material1
[*]NCC(NC(C(ONCC(NC(C(NCC(NC(C([*])=O)C)=O)=O)C)=O)=O)CO)=O,O=C(O[Na])COCC(OC(C(C1O)O)[*])C1OC(C(C(C2O[*])O)O)OC2COCC(O[Na])=O,Cl[Ca]Cl,,,1.1818435879447726,10.1016_j.carbpol.2016.05.088_part_2.txt_¶Î1_Material1
[*]C(CCCCCO[*])=O,O=C=NC(C=C1)=CC=C1CC2=CC=C(C=C2)N=C=O,CC1(CC(CC(C)(C1)C)N=C=O)CN=C=O,,,2.4787107555127594,10.4028_www.scientific.net_msf.1010.142_part_1.txt_¶Î1_Material1
[*]C([H])([H])C(O)([H])[*],[Ag+],,,,1.380211241711606,10.14311_ap.2015.55.0014_part_1.txt_¶Î1_Material1
OC1C(C(OC(C1O)OC2C(OC(C(C2O)O)OC3C(C(C(OC3C(OC)=O)OC4C(OC(C(C4O)O)[*])C(O)=O)O)O)C(OC)=O)C(O)=O)O[*],[*]NC(C(N1CCCC1C(NCC(N2CC(CC2C(NC(C(NCC([*])=O)=O)CO)=O)O)=O)=O)=O)CCCCN,OCC(O)CO,,,1.724275869600789,10.1016_j.carbpol.2017.09.042_part_3.txt_¶Î1_Material1
[*]CC[*],[*]C1=C(O)C(C(C)(C)C)=C(O)C(C)=C1SS[*],[*]C(N(CN(C(OCOC(N(CN(C(OCCO[*])=O)[H])[H])=O)=O)[H])[H])=O,,,2.662757831681574,10.1007_s13233-015-3155-5_part_1.txt_¶Î1_Material3
[*]C(C)C[*],[*]CCC(CCCC(CCCC(C[*])C)C)C,,,,2.3010299956639813,10.3139_217.2411_part_4.txt_¶Î1_Material1
[*]C(N(CN(C(OCOC(N(CN(C(OCCO[*])=O)[H])[H])=O)=O)[H])[H])=O,[*]C(NC1=C(C)C(NC(OCCO[*])=O)=CC=C1)=O,C[N+](CCO)(CCO)[3H],,,2.392696953259666,10.1177_0954008314525972_part_1.txt_¶Î1_Material1
[*]OCCOC(CC(C([*])=O)C(C1CCCCC1)CC(CC(O)=O)C(OCCO)=O)=O,N(CC)(CC)CC,OC1=C2C(C3(O)C4C5C6=C7C8C(C9=CC(C(O)=O)=C(C=C(C=C%10C(O)=O)C%11%12)C(C%11=C%13C%14C%15%16C%17(O%16)C%18C%19=C%20C%21=C%22C(C(O)=C%23)=C%24C%25C%21=C%26C%19=C%27C%17=C%28C%14(O)C%12=C%10C=C%28CC%27=CC%26=CC%25=C(C(O)=O)C=C%24)C9=C7C%13(O)C5=C%15C3=C%18C%29%30C%20(O%30)C%31C%22C%23=C%32)=CC(C(O)=O)=CC8=CC6=C(C(O)=O)C4=C2)=C%29C%33=C%31C%32=C(C(O)=O)C=C%331,,,0.4479328655921802,10.1088_1757-899x_458_1_012026_part_1.txt_¶Î1_Material1
O=C(C1=CC=C(C=C1)C(OCC[*])=O)O[*],O=C([*])OC1=CC=C(C=C1)C(C)(C)C2=CC=C(C=C2)O[*],O[Si](O)(O[Si](O)(O)O)O.[Al].[Al].O,[*]CC(CCCC(CC)CC([*])C1=CC=CC=C1)C2=CC=CC=C2,,2.037426497940624,10.1002_app.42608_part_1.txt_¶Î1_Material1
[*]C(N(CN(C(OCOC(N(CN(C(OCCO[*])=O)[H])[H])=O)=O)[H])[H])=O,Cl[Fe](Cl)Cl,,,,2.6989700043360187,10.1016_j.jiec.2019.02.013_part_1.txt_¶Î1_Material1
O=C(C1=CC=C(C=C1)C(OCC[*])=O)O[*],[*]CC([*])N1CCCC1=O,,,,2.124178055474675,10.1016_j.polymertesting.2017.12.034_part_5.txt_¶Î1_Material1
OCC(C(C(C1N)O)O[*])OC1OC2C(OC(C(C2O)N)[*])CO,[*]C1C(O)C(O)C(OC2C(O)C(O)C(O[*])OC2COCCO)OC1COCCO,[Ag+],[Zn]=O,,1.3010299956639813,10.1016_j.ijbiomac.2015.02.016_part_1.txt_¶Î1_Material1
O=C([*])OC1=CC=C(C=C1)C(C)(C)C2=CC=C(C=C2)O[*],[*]OCC[*],,,,1.434568904034199,10.1155_2016_7089530_part_1.txt_¶Î1_Material2
O=C([*])C(C)O[*],C[Si](O[*])(C)[*],[H][Si]([H])([H])[H],O=C(C1=CC=C(C=C1)C(OCC[*])=O)O[*],,0.8325089127062363,10.1016_j.rinp.2017.11.030_part_1.txt_¶Î1_Material1
[*]C1C(C(C(OC1C(O[Na])=O)OC2C(C(O[Na])=O)OC(O[*])C(O)C2O)O)O,OCC(O)CO,Cl[Ca]Cl,,,0.7708520116421442,10.1016_j.jfoodeng.2012.03.006_part_1.txt_¶Î1_Material1
[*]CC[*],[*]CC[*],O=[Si]=O.[Ca]=O,O=[Si]=O,O=[Si]=O,1.1139433523068367,10.3390_polym12112624_part_1.txt_¶Î1_Material1
[*]CC[*],[*]C(C)C[*],,,,1.4393326938302626,10.1007_s44290-024-00007-9_OA_part_1.txt_¶Î1_Material1
[*]NC(C)C(N1CCCC1C([*])=O)=O,[*]OCC[*],,,,1.6989700043360187,10.1016_j.msec.2019.109760_part_3.txt_¶Î1_Material1
OCC1OC(C(C(C1[*])O)O)OC2C(C(C(OC2CO)O[*])O)O,OCC1OC(C(C(C1[*])O)O)OC2C(C(C(OC2CO)O[*])O)O,OCC1OC(C(C(C1[*])O)O)OC2C(C(C(OC2CO)O[*])O)O,,,1.3424226808222062,10.1007_s12221-021-0903-3_part_1.txt_¶Î1_Material1
[*]C([H])([H])C(O)([H])[*],[*]C1C(OC(C(C1O)O)OC2C(OC(C(C2O)O)O[*])CO)CO,OCC(O)CO,[*]OCC[*],C(CC=O)CC=O,2,10.1080_03602559.2011.566241_part_1.txt_¶Î1_Material1
OCC(C(C(C1N)O)O[*])OC1OC2C(OC(C(C2O)N)[*])CO,[*]NC(C(N1CCCC1C(NCC(N2CC(CC2C(NC(C(NCC([*])=O)=O)CO)=O)O)=O)=O)=O)CCCCN,[*]C([H])([H])C(O)([H])[*],OCC(O)CO,,1.255272505103306,10.1016_j.mtcomm.2021.102219_part_1.txt_¶Î1_Material1
O=C([*])OC1=CC=C(C=C1)C(C)(C)C2=CC=C(C=C2)O[*],[*]CCCC([*])C(OC)=O,,,,1.2041199826559248,10.1002_vnl.21763_part_1.txt_¶Î1_Material1
O=C([*])C(C)O[*],O=[Al]O[Al]=O.O=[Si]=O.O=[Si]=O.O=[Si]=O,OCC1OC(C(C(C1[*])O)O)OC2C(C(C(OC2CO)O[*])O)O,,,1.0969100130080565,10.4028_www.scientific.net_amr.1125.271_part_2.txt_¶Î1_Material1
[*]CC[*],[*]CCCC([*])OC(C)=O,O=[Si]=O,C[Si](O[*])(C)[*],,1.4468477101558088,10.4028_www.scientific.net_amr.652-654.406_part_1.txt_¶Î1_Material1
[*]CC[*],O=C([*])OC1=CC=C(C=C1)C(C)(C)C2=CC=C(C=C2)O[*],O=C1C=CC(O1)=O.C=C,,,1.9595183769729985,10.1016_j.indcrop.2021.113638_part_1.txt_¶Î1_Material1
OCC1OC(C(C(C1[*])O)O)OC2C(C(C(OC2CO)O[*])O)O,COC1=CC(/C=C/C=O)=CC(OC2=CC(C(C(OC3=CC=C(C=C3OC)C(C(CO)=O)O)CO)O)=CC=C2OC4=CC(C(C(COC5=CC=C(C=C5)C(C(CO)=O)O)=O)O)=CC=C4O)=C1,OCC1OC(C(C(C1[*])O)O)OC2C(C(C(OC2CO)O[*])O)O,,,0.6532125137753437,10.1007_s10570-015-0792-y_part_2.txt_¶Î1_Material1
[*]O[Si](C)(C)[*],[H][Si]([H])([H])[H],,,,1.845098040014257,10.4028_www.scientific.net_msf.987.64_part_1.txt_¶Î1_Material1
OC(C1C(CO[*])C(O)C(O)C(OC2C(O)C(O)C(O[*])OC2C(O)=O)O1)=O,[Ag+],,,,1.9688423769305243,10.1007_s10924-021-02137-y_part_2.txt_¶Î1_Material1
[*]CC(COC1=CC=C(C=C1)C(C)(C)C2=CC=C(C=C2)O[*])O,[H][Si]([H])([H])[H],O=[Si]=O,,,0.0293837776852096,10.1007_s13726-017-0578-1_part_1.txt_¶Î1_Material1
[*]CCCC(C1C([*])C2CC1C/C2=C/C)C,[*]CC[*],O1C(=O)C=CC1=O,,,2.4471580313422194,10.1002_vnl.21694_part_1.txt_¶Î1_Material1
[*]CC[*],[*]OCC[*],CC1=CC(O)=C(C=C1CCCC(C2=C(C=C(C(C(C)(C)C)=C2)O)C)C3=CC(C(C)(C)C)=C(C=C3C)O)C(C)(C)C,,,2.2345172835126865,10.1002_app.44118_part_1.txt_¶Î1_Material1
OCC1OC(C(C(C1O[*])O)O)[*],OCC1OC(C(C(C1[*])O)O)OC2C(C(C(OC2CO)O[*])O)O,OC1=C2C(C3(O)C4C5C6=C7C8C(C9=CC(C(O)=O)=C(C=C(C=C%10C(O)=O)C%11%12)C(C%11=C%13C%14C%15%16C%17(O%16)C%18C%19=C%20C%21=C%22C(C(O)=C%23)=C%24C%25C%21=C%26C%19=C%27C%17=C%28C%14(O)C%12=C%10C=C%28CC%27=CC%26=CC%25=C(C(O)=O)C=C%24)C9=C7C%13(O)C5=C%15C3=C%18C%29%30C%20(O%30)C%31C%22C%23=C%32)=CC(C(O)=O)=CC8=CC6=C(C(O)=O)C4=C2)=C%29C%33=C%31C%32=C(C(O)=O)C=C%331,,,0.9084850188786496,10.1007_s10570-014-0255-x_part_3.txt_¶Î1_Material1
O=C([*])CCCCCN[*],,,,,1.6020599913279625,10.1177_0892705713511480_part_2.txt_¶Î1_Material1
[*]NC(C(N1CCCC1C(NCC(N2CC(CC2C(NC(C(NCC([*])=O)=O)CO)=O)O)=O)=O)=O)CCCCN,OCC(C(C(C1N)O)O[*])OC1OC2C(OC(C(C2O)N)[*])CO,C(CC=O)CC=O,CCN=C=NCCCN(C)C,ON1C(=O)CCC1=O,1.230448921378274,10.1016_j.msec.2013.05.039_part_2.txt_¶Î1_Material1
O=C(O[Na])COCC(OC(C(C1O)O)[*])C1OC(C(C(C2O[*])O)O)OC2COCC(O[Na])=O,OCC(O)CO,,,,1.513217600067939,10.1016_j.polymertesting.2019.105989_part_1.txt_¶Î1_Material1
[*]C1C(O)C(O)C(OC2C(O)C(O)C(O[*])OC2COC(C)=O)OC1COC(C)=O,OC1=C2C(C3(O)C4C5C6=C7C8C(C9=CC(C(O)=O)=C(C=C(C=C%10C(O)=O)C%11%12)C(C%11=C%13C%14C%15%16C%17(O%16)C%18C%19=C%20C%21=C%22C(C(O)=C%23)=C%24C%25C%21=C%26C%19=C%27C%17=C%28C%14(O)C%12=C%10C=C%28CC%27=CC%26=CC%25=C(C(O)=O)C=C%24)C9=C7C%13(O)C5=C%15C3=C%18C%29%30C%20(O%30)C%31C%22C%23=C%32)=CC(C(O)=O)=CC8=CC6=C(C(O)=O)C4=C2)=C%29C%33=C%31C%32=C(C(O)=O)C=C%331,[Zn]=O,,,1.4321672694425882,10.1038_pj.2011.97_part_1.txt_¶Î1_Material1
O=C(C(C[*])[*])N,[*]NC(C(N1CCCC1C(NCC(N2CC(CC2C(NC(C(NCC([*])=O)=O)CO)=O)O)=O)=O)=O)CCCCN,O[Si](O)(O[Si](O)(O)O)O.[Al].[Al].O,,,3.0569048513364727,10.1016_j.compscitech.2020.108071_part_1.txt_¶Î1_Material1
[*]CC(C(OC)=O)(CC(C/C=C/CCC(C1=CC=CC=C1)[*])C#N)C,,,,,1.4653828514484182,10.1080_03602559.2015.1050516_part_1.txt_¶Î1_Material1
[*]C(NC1=C(C)C(NC(OCCO[*])=O)=CC=C1)=O,O=C(C1=CC=C(C=C1)C(OCC[*])=O)O[*],,,,2.8750612633917,10.1016_j.polymer.2012.12.077_part_2.txt_¶Î1_Material1
[*]C(C)C[*],COC1=CC(/C=C/C=O)=CC(OC2=CC(C(C(OC3=CC=C(C=C3OC)C(C(CO)=O)O)CO)O)=CC=C2OC4=CC(C(C(COC5=CC=C(C=C5)C(C(CO)=O)O)=O)O)=CC=C4O)=C1,,,,1.146128035678238,10.1016_j.polymdegradstab.2014.06.005_part_2.txt_¶Î1_Material1
OC(C(C1OC2OC(C(C(C2O)O)OC3OC(C(C(C3O)O)O)COC4OC(C(C(C4O)O)OC5OC(C(C(C5O)O)OC6OC(C(C(C6O)O[*])O)C)CO)CO)CO)O[*])COC1CO,OC(C1C(CO[*])C(O)C(O)C(OC2C(O)C(O)C(O[*])OC2C(O)=O)O1)=O,O=C(O[Na])COCC(OC(C(C1O)O)[*])C1OC(C(C(C2O[*])O)O)OC2COCC(O[Na])=O,OCC(O)CO,OC[C@@H]([C@H]([C@@H]([C@@H](CO)O)O)O)O,1.4771212547196624,10.1111_ijfs.12039_part_2.txt_¶Î1_Material1
[*]CC[*],[*]C(CCCCCO[*])=O,[*]C(CCCCC(OCCCCO[*])=O)=O,[*]OCCOC(CC(C([*])=O)C(C1CCCCC1)CC(CC(O)=O)C(OCCO)=O)=O,,2.681241237375587,10.1039_c8py01614c_part_2.txt_¶Î1_Material1
[*]C(C)C[*],[*]C(C)C[*],C12=CC3=CC4=CC=CN=C4N=C3N=C1N=C5N=C6N=CC=CC6=CC5=C2,,,1.130333768495006,10.1016_j.matdes.2011.03.021_part_1.txt_¶Î1_Material1
[*]OC(C(C1O)O)OC(COC)C1OC(OC(C(C2O)OC3OC(C(C(C3OC)O)OC4OC(C(C(C4OC)O)[*])COC)CO)COC)C2OCC(OC)C,[*]C([H])([H])C(O)([H])[*],OCCOC1C(OCCO)C(C(OCCO)COCCOC(CCCCCCCCCCCCCCCCC)=O)OC1,OC(C(CC(O)=O)(CC(O)=O)O)=O,,1.380211241711606,10.16966_2471-8122.107_OA_part_1.txt_¶Î1_Material1
OC(C(C1OC2OC(C(C(C2O)O)OC3OC(C(C(C3O)O)O)COC4OC(C(C(C4O)O)OC5OC(C(C(C5O)O)OC6OC(C(C(C6O)O[*])O)C)CO)CO)CO)O[*])COC1CO,OCC(O)CO,,,,1.7505083948513462,10.1016_j.compscitech.2012.06.003_part_1.txt_¶Î1_Material1
[*]CC([*])Cl,O=C(O)CCCCCCCCCCCCCCCCC,,,,1.7315887651867388,10.1002_app.32214_part_1.txt_¶Î1_Material1
[*]C(CCCCCO[*])=O,O=[Al]O[Al]=O,,,,2.1607685618611283,10.1016_j.jallcom.2019.06.013_part_4.txt_¶Î1_Material1
C/C(C[*])=C/C[*],OC1=C2C(C3(O)C4C5C6=C7C8C(C9=CC(C(O)=O)=C(C=C(C=C%10C(O)=O)C%11%12)C(C%11=C%13C%14C%15%16C%17(O%16)C%18C%19=C%20C%21=C%22C(C(O)=C%23)=C%24C%25C%21=C%26C%19=C%27C%17=C%28C%14(O)C%12=C%10C=C%28CC%27=CC%26=CC%25=C(C(O)=O)C=C%24)C9=C7C%13(O)C5=C%15C3=C%18C%29%30C%20(O%30)C%31C%22C%23=C%32)=CC(C(O)=O)=CC8=CC6=C(C(O)=O)C4=C2)=C%29C%33=C%31C%32=C(C(O)=O)C=C%331,[S],[Zn]=O,O=[Ti]=O,3.037788922801317,10.4028_www.scientific.net_ddf.382.21_part_1.txt_¶Î1_Material1
[*]CC([*])N1CCCC1=O,[Fe+3],OCC1OC(C(C(C1[*])O)O)OC2C(C(C(OC2CO)O[*])O)O,,,0.7788744720027395,10.1007_s10570-020-03487-x_part_1.txt_¶Î1_Material1
O=C(O[Na])COCC(OC(C(C1O)O)[*])C1OC(C(C(C2O[*])O)O)OC2COCC(O[Na])=O,O=C(O)C([*])C[*],,,,3.4149733479708178,10.1007_s10570-021-03800-2_part_1.txt_¶Î1_Material1
[*]C(C)C[*],O=[Si]=O,,,,0.3010299956639812,10.1016_j.compositesb.2019.02.046_part_2.txt_¶Î1_Material1
O=C(C(C[*])[*])N,OC1=C2C(C3(O)C4C5C6=C7C8C(C9=CC(C(O)=O)=C(C=C(C=C%10C(O)=O)C%11%12)C(C%11=C%13C%14C%15%16C%17(O%16)C%18C%19=C%20C%21=C%22C(C(O)=C%23)=C%24C%25C%21=C%26C%19=C%27C%17=C%28C%14(O)C%12=C%10C=C%28CC%27=CC%26=CC%25=C(C(O)=O)C=C%24)C9=C7C%13(O)C5=C%15C3=C%18C%29%30C%20(O%30)C%31C%22C%23=C%32)=CC(C(O)=O)=CC8=CC6=C(C(O)=O)C4=C2)=C%29C%33=C%31C%32=C(C(O)=O)C=C%331,[Ca+2],,,3.041392685158225,10.1002_smll.201301591_part_1.txt_¶Î1_Material1
OCC(C(C(C1N)O)O[*])OC1OC2C(OC(C(C2O)N)[*])CO,OCCOC1C(OCCO)C(C(OCCO)COCCOC(CCCCCCCCCCCCCCCCC)=O)OC1,,,,0.6232492903979004,10.1016_j.foodhyd.2015.07.036_part_2.txt_¶Î1_Material1
[*]C1C(OC(C(C1O)O)OC2C(OC(C(C2O)O)O[*])CO)CO,OCC(C(C(C1N)O)O[*])OC1OC2C(OC(C(C2O)N)[*])CO,O=[Ti]=O,OCC(O)CO,,1.9731278535996983,10.1080_00222348.2021.1889123_part_1.txt_¶Î1_Material1
[*]C([H])([H])C(O)([H])[*],OCC(O)CO,OCC1OC(C(C(C1[*])O)O)OC2C(C(C(OC2CO)O[*])O)O,,,1.807061239917239,10.1016_j.msec.2016.11.135_part_5.txt_¶Î1_Material1
O=C([*])OC1=CC=C(C=C1)C(C)(C)C2=CC=C(C=C2)O[*],[*]CC[*],,,,2.3153404766272883,10.1007_s10965-021-02656-1_part_2.txt_¶Î1_Material1
[*]NC(C)C(N1CCCC1C([*])=O)=O,OCC1O[C@H](C(C([C@@H]1O)O)O)O,,,,1,10.1016_j.actbio.2020.12.053_part_2.txt_¶Î1_Material1
[*]CC[*],O=C(C1=CC=C(C=C1)C(OCC[*])=O)O[*],C=C(C(OCC1CO1)=O)C,,,1.3463529744506386,10.1002_pc.24260_part_2.txt_¶Î1_Material1
[*]C(CCCCCO[*])=O,OCC(O)CO,,,,2.863857961883973,10.1007_s10924-017-1029-y_part_1.txt_¶Î1_Material1
O=C(C(C[*])[*])N,[Ca+2],[Ca+2],,,3.3010299956639813,10.1016_j.carbpol.2019.115596_part_1.txt_¶Î1_Material1
OCC(C(C(C1N)O)O[*])OC1OC2C(OC(C(C2O)N)[*])CO,C(CC=O)CC=O,CC(=O)O,[H][O-],CCO,0.9571281976768132,10.1016_j.reactfunctpolym.2012.08.007_part_1.txt_¶Î1_Material1
C[Si](C)(C[*])O[*],O=[Si]=O,,,,1.7678976160180906,10.1016_j.polymdegradstab.2011.12.016_part_2.txt_¶Î1_Material1
[*]OCC[*],O=C(C1=CC=C(C=C1)C(OCC[*])=O)O[*],,,,1.845098040014257,10.1038_s41467-025-59742-x_OA_part_1.txt_¶Î1_Material1
C/C(C[*])=C/C[*],C/C(C[*])=C/C[*],OCC1OC(OC2C(O)C(O)C(O[*])OC2CO)C(O)C(O)C1[*],C/C(C[*])=C/C[*],,2.812913356642856,10.1007_s10570-017-1613-2_part_2.txt_¶Î1_Material1
[*]C(C)C[*],O=[Si]=O,CC(CC(C(C(O1)=O)CC1=O)[*])C[*],,,1.2929202996000062,10.4028_www.scientific.net_msf.729.302_part_1.txt_¶Î1_Material1
[*]NC(C(N1CCCC1C(NCC(N2CC(CC2C(NC(C(NCC([*])=O)=O)CO)=O)O)=O)=O)=O)CCCCN,O=[Si]=O,OCC(O)CO,,,1.9074113607745864,10.1007_s11947-010-0461-y_part_1.txt_¶Î1_Material1
[*]CCCC(C1C([*])C2CC1C/C2=C/C)C,[*]C/C=C/CCC([*])C#N,OC1=C2C(C3(O)C4C5C6=C7C8C(C9=CC(C(O)=O)=C(C=C(C=C%10C(O)=O)C%11%12)C(C%11=C%13C%14C%15%16C%17(O%16)C%18C%19=C%20C%21=C%22C(C(O)=C%23)=C%24C%25C%21=C%26C%19=C%27C%17=C%28C%14(O)C%12=C%10C=C%28CC%27=CC%26=CC%25=C(C(O)=O)C=C%24)C9=C7C%13(O)C5=C%15C3=C%18C%29%30C%20(O%30)C%31C%22C%23=C%32)=CC(C(O)=O)=CC8=CC6=C(C(O)=O)C4=C2)=C%29C%33=C%31C%32=C(C(O)=O)C=C%331,,,2.6020599913279625,10.1016_j.polymertesting.2020.106608_part_1.txt_¶Î1_Material1
OCC1OC(C(C(C1[*])O)O)OC2C(C(C(OC2CO)O[*])O)O,O=C(O[Na])COCC(OC(C(C1O)O)[*])C1OC(C(C(C2O[*])O)O)OC2COCC(O[Na])=O,OCCOC1C(OCCO)C(C(OCCO)COCCOC(CCCCCCCCCCCCCCCCC)=O)OC1,,,1.57978359661681,10.1002_masy.201900174_part_1.txt_¶Î1_Material1
OC1C(C(OC(C1O)OC2C(OC(C(C2O)O)OC3C(C(C(OC3C(OC)=O)OC4C(OC(C(C4O)O)[*])C(O)=O)O)O)C(OC)=O)C(O)=O)O[*],[*]C1C(C(C(OC1C(O[Na])=O)OC2C(C(O[Na])=O)OC(O[*])C(O)C2O)O)O,,,,1.7481880270062005,10.1002_app.33422_part_1.txt_¶Î1_Material3
C/C(C[*])=C/C[*],C/C(C[*])=C/C[*],O=[Si]=O,[Zn]=O,O=C(O)CCCCCCCCCCCCCCCCC,2.4771212547196626,10.1016_j.polymdegradstab.2021.109665_part_1.txt_¶Î1_Material1
[*]NC(C(N1CCCC1C(NCC(N2CC(CC2C(NC(C(NCC([*])=O)=O)CO)=O)O)=O)=O)=O)CCCCN,OCC(C(C(C1N)O)O[*])OC1OC2C(OC(C(C2O)N)[*])CO,CCN=C=NCCCN(C)C,ON1C(=O)CCC1=O,,2.0791812460476247,10.2225_vol13-issue5-fulltext-15_part_1.txt_¶Î1_Material1
[*]C(C)C[*],C[N+](CCO)(CCO)[3H],,,,1.3979400086720375,10.1177_096739111001800202_part_1.txt_¶Î1_Material1
[*]C(CCCCC(OCCCCO[*])=O)=O,,,,,3.041392685158225,10.1002_app.49025_part_1.txt_¶Î1_Material1
[*]CC[*],C/C(C[*])=C/C[*],,,,2.591064607026499,10.1088_1742-6596_1129_1_012036_part_1.txt_¶Î1_Material2
C/C(C[*])=C/C[*],[*]C(C)C[*],[*]C(C)C[*],,,1.825426117767823,10.7454_mst.v17i3.2926_part_1.txt_¶Î1_Material1
[*]CC(COC1=CC=C(C=C1)C(C)(C)C2=CC=C(C=C2)O[*])O,O=C([*])OC1=CC=C(C=C1)C(C)(C)C2=CC=C(C=C2)O[*],O=[Al]O[Al]=O.O=[Si]=O.O=[Si]=O.O=[Si]=O,,,0.4996870826184038,10.1002_app.32757_part_1.txt_¶Î1_Material1
OCC(C(C(C1N)O)O[*])OC1OC2C(OC(C(C2O)N)[*])CO,O=[Al]O[Al]=O.O=[Si]=O.O=[Si]=O.O=[Si]=O,,,,1.4546924492394768,10.1016_j.polymertesting.2020.106380_part_6.txt_¶Î1_Material1
[*]C([H])([H])C(O)([H])[*],OCC1OC(C(C(C1[*])O)O)OC2C(C(C(OC2CO)O[*])O)O,O=C(N)N,OCC1O[C@H](C(C([C@@H]1O)O)O)O,,2.204119982655925,10.1021_acsami.8b21588_part_2.txt_¶Î1_Material1
[*]C(C)C[*],CC(C=C([*])C=C1C)=C1O[*],[*]CC(CCCC(CC)CC([*])C1=CC=CC=C1)C2=CC=CC=C2,,,0.7781512503836436,10.1016_j.polymdegradstab.2012.02.005_part_2.txt_¶Î1_Material1
[*]C1=C(C=CN2)C2=C([*])C(O)=C1O,,,,,1.383815365980431,10.1002_pat.5119_part_1.txt_¶Î1_Material1
[*]CCCC(C1C([*])C2CC1C/C2=C/C)C,OC1=C2C(C3(O)C4C5C6=C7C8C(C9=CC(C(O)=O)=C(C=C(C=C%10C(O)=O)C%11%12)C(C%11=C%13C%14C%15%16C%17(O%16)C%18C%19=C%20C%21=C%22C(C(O)=C%23)=C%24C%25C%21=C%26C%19=C%27C%17=C%28C%14(O)C%12=C%10C=C%28CC%27=CC%26=CC%25=C(C(O)=O)C=C%24)C9=C7C%13(O)C5=C%15C3=C%18C%29%30C%20(O%30)C%31C%22C%23=C%32)=CC(C(O)=O)=CC8=CC6=C(C(O)=O)C4=C2)=C%29C%33=C%31C%32=C(C(O)=O)C=C%331,O=C(O)CCCCCCCCCCCCCCCCC,[S],,2.6232492903979003,10.1007_s13726-018-0609-6_part_1.txt_¶Î1_Material1
[*]C1C(OC(C(C1O)O)OC2C(OC(C(C2O)O)O[*])CO)CO,[*]C(CCCCC(OCCCCO[*])=O)=O,OC(C(CC(O)=O)(CC(O)=O)O)=O,,,2.494711025205263,10.1016_j.carbpol.2012.05.009_part_1.txt_¶Î1_Material1
[*]C(C)C[*],O=C([O-])[O-].[Ca+2],NC1=CC=C(C=C1)/C2=C3C=C/C(N\3)=C(C4=N/C(C=C4)=C(C5=CC=C(N5)/C(C6=CC=CC=C6)=C7N=C2C=C\7)/C8=CC=CC=C8)\C9=CC=CC=C9,,,0.2013971243204515,10.37934_aram.122.1.5461_OA_part_1.txt_¶Î1_Material1
[*]NC(C(N1CCCC1C(NCC(N2CC(CC2C(NC(C(NCC([*])=O)=O)CO)=O)O)=O)=O)=O)CCCCN,[*]NC(C)C(N1CCCC1C([*])=O)=O,,,,1.089905111439398,10.1016_j.ijbiomac.2016.01.089_part_6.txt_¶Î1_Material1
[*]C(C)C[*],[*]CC(C1=CC=CC=C1)[*],O=[Al]O[Al]=O.O=[Si]=O.O=[Si]=O.O.O,,,1.6901960800285136,10.1002_pat.3333_part_1.txt_¶Î1_Material1
C(C)(C1=CC=C(OCC2CO2)C=C1)(C)C1=CC=C(OCC2CO2)C=C1,[*]CC(COC1=CC=C(C=C1)C(C)(C)C2=CC=C(C=C2)O[*])O,O=[Al]O[Al]=O,O=[Si]=O,O=[Mg].O=[Si]=O.O=[Si]=O.O=[Si]=O.O=[Si]=O.O=[Mg].O=[Mg].O,0.0863598306747482,10.1002_app.40017_part_1.txt_¶Î1_Material1
O=C(CCCCC(N(CCCCCCN([*])[H])[H])=O)[*],[*]C(F)(C(F)([*])F)F,,,,1.2174839442139065,10.1177_0954008312446765_part_1.txt_¶Î1_Material1
O=C(C1=CC=C(C=C1)C([*])=O)NC2=CC=C(C=C2)N[*],[*]C(C)C[*],[*]C1=C(C=CN2)C2=C([*])C(O)=C1O,,,1.6989700043360187,10.1016_j.compscitech.2015.01.001_part_2.txt_¶Î1_Material1
[*]C(NC1=C(C)C(NC(OCCO[*])=O)=CC=C1)=O,C12=C3C(C=CC4C3=C5C(CC6=CC7=C8C9=C(C(C=C%10)=CC=C9C=C7)C%11=C%10C%12)=CC4)=CC=C1C=C%12C%13=C%11C8=C6C5=C2%13,OC1=C2C(C3(O)C4C5C6=C7C8C(C9=CC(C(O)=O)=C(C=C(C=C%10C(O)=O)C%11%12)C(C%11=C%13C%14C%15%16C%17(O%16)C%18C%19=C%20C%21=C%22C(C(O)=C%23)=C%24C%25C%21=C%26C%19=C%27C%17=C%28C%14(O)C%12=C%10C=C%28CC%27=CC%26=CC%25=C(C(O)=O)C=C%24)C9=C7C%13(O)C5=C%15C3=C%18C%29%30C%20(O%30)C%31C%22C%23=C%32)=CC(C(O)=O)=CC8=CC6=C(C(O)=O)C4=C2)=C%29C%33=C%31C%32=C(C(O)=O)C=C%331,,,2.255272505103306,10.1166_jnn.2015.8353_part_1.txt_¶Î1_Material1
O=C([*])OC1=CC=C(C=C1)C(C)(C)C2=CC=C(C=C2)O[*],OC(C(C)(CC(C1=CC=CC=C1)[*])CC(C[*])(C(OCC2CO2)=O)C)=O,O=[Si]=O,,,1.9084850188786493,10.1002_pat.4277_part_2.txt_¶Î1_Material1
[*]CC[*],[Zn]=O,NCCC[Si](OCC)(OCC)OCC,,,1.2193225084193366,10.1177_0731684413509426_part_1.txt_¶Î1_Material1
[*]CC[*],C/C(C[*])=C/C[*],[S],OC1=C2C(C3(O)C4C5C6=C7C8C(C9=CC(C(O)=O)=C(C=C(C=C%10C(O)=O)C%11%12)C(C%11=C%13C%14C%15%16C%17(O%16)C%18C%19=C%20C%21=C%22C(C(O)=C%23)=C%24C%25C%21=C%26C%19=C%27C%17=C%28C%14(O)C%12=C%10C=C%28CC%27=CC%26=CC%25=C(C(O)=O)C=C%24)C9=C7C%13(O)C5=C%15C3=C%18C%29%30C%20(O%30)C%31C%22C%23=C%32)=CC(C(O)=O)=CC8=CC6=C(C(O)=O)C4=C2)=C%29C%33=C%31C%32=C(C(O)=O)C=C%331,O=C(O)CCCCCCCCCCCCCCCCC,2.544068044350276,10.4028_www.scientific.net_amm.679.184_part_1.txt_¶Î1_Material1
OCC(C(C(C1N)O)O[*])OC1OC2C(OC(C(C2O)N)[*])CO,O=C(O[Na])COCC(OC(C(C1O)O)[*])C1OC(C(C(C2O[*])O)O)OC2COCC(O[Na])=O,OCC(O)CO,O=[Al]O[Al]=O.O=[Si]=O.O=[Si]=O.O=[Si]=O,,0.9344984512435676,10.1016_j.eurpolymj.2020.110225_part_2.txt_¶Î1_Material1
OCC1OC(C(C(C1[*])O)O)OC2C(C(C(OC2CO)O[*])O)O,[*]OCC[*],O=C(N)N,[Li]Cl,,1.4608978427565478,10.1007_s10570-013-0116-z_part_2.txt_¶Î1_Material1
[*]C(C)C[*],[Ti](OCCCC)(OCCCC)(OCCCC)OCCCC,,,,0.4471580313422192,10.1080_14658011.2019.1692565_part_1.txt_¶Î1_Material1
O=C([*])C(C)O[*],[*]OCCCCOC(CCC([*])=O)=O,O=C=NCCCCCCN=C=O,,,1.6368889069837993,10.3390_ma14010197_part_2.txt_¶Î1_Material1
COCC1OC(OC2C(CO)OC(O[*])C(OC)C2OC)C(OC)C(O)C1O[*],[*]C1C(OC(C(C1O)O)OC2C(OC(C(C2O)O)O[*])CO)CO,OCC1OC(C(C(C1[*])O)O)OC2C(C(C(OC2CO)O[*])O)O,,,1.4014005407815442,10.1590_01047760201723042303_part_2.txt_¶Î1_Material1
[*]C1C(C(C(OC1C(O[Na])=O)OC2C(C(O[Na])=O)OC(O[*])C(O)C2O)O)O,[*]NC(C(N1CCCC1C(NCC(N2CC(CC2C(NC(C(NCC([*])=O)=O)CO)=O)O)=O)=O)=O)CCCCN,OCC(O)CO,,,1.130333768495006,10.3390_ma14040745_part_3.txt_¶Î1_Material1
O=C([*])C(C)O[*],[*]C(CCCCC(OCCCCO[*])=O)=O,OCC(O)CO,,,2.5118833609788744,10.3390_polym12091904_part_2.txt_¶Î1_Material1
[*]C/C=C/CCC([*])C#N,[*]CC([*])Cl,O=C([O-])[O-].[Ca+2],[S],O=C(O)CCCCCCCCCCCCCCCCC,2.6989700043360187,10.1002_vnl.21651_part_1.txt_¶Î1_Material1
[*]NCC(NC(C(ONCC(NC(C(NCC(NC(C([*])=O)C)=O)=O)C)=O)=O)CO)=O,Cl[Fe](Cl)Cl,,,,1,10.1021_am301844c_part_1.txt_¶Î1_Material1
[*]CC([*])Cl,[*]CC([*])N1CCCC1=O,,,,1.9885589568786155,10.1007_s13726-015-0340-5_part_1.txt_¶Î1_Material1
C/C(C[*])=C/C[*],O=C([*])C(C)O[*],[*]C(CCCCC(OCCCCO[*])=O)=O,CCCCCCCCCCCCCCCCCCOC(CCC1=CC(C(C)(C)C)=C(C(C(C)(C)C)=C1)O)=O,[C],1.4350476413399649,10.4028_www.scientific.net_amr.335-336.762_part_1.txt_¶Î1_Material1
O=C([*])C(C)O[*],[*]C1C(OC(C(C1O)O)OC2C(OC(C(C2O)O)O[*])CO)CO,OCC(O)CO,OC[C@@H]([C@H]([C@@H]([C@@H](CO)O)O)O)O,,0.6020599913279624,10.1002_app.33981_part_2.txt_¶Î1_Material1
[*]OC1C(O)C(O)C(OC2C(CO)OC([*])C(O)C2O)OC1CO,[Ag+],,,,0.829303772831025,10.1007_s10570-020-03518-7_part_3.txt_¶Î1_Material1
C=C([CH3])C(=O)O[CH3],C/C(C[*])=C/C[*],[S],OC1=C2C(C3(O)C4C5C6=C7C8C(C9=CC(C(O)=O)=C(C=C(C=C%10C(O)=O)C%11%12)C(C%11=C%13C%14C%15%16C%17(O%16)C%18C%19=C%20C%21=C%22C(C(O)=C%23)=C%24C%25C%21=C%26C%19=C%27C%17=C%28C%14(O)C%12=C%10C=C%28CC%27=CC%26=CC%25=C(C(O)=O)C=C%24)C9=C7C%13(O)C5=C%15C3=C%18C%29%30C%20(O%30)C%31C%22C%23=C%32)=CC(C(O)=O)=CC8=CC6=C(C(O)=O)C4=C2)=C%29C%33=C%31C%32=C(C(O)=O)C=C%331,O=C(O)CCCCCCCCCCCCCCCCC,2.835056101720116,10.1016_j.matpr.2020.01.396_part_1.txt_¶Î1_Material1
C/C(C[*])=C/C[*],[*]C/C=C/CCC(C=C)CC([*])C1=CC=CC=C1,O=[Si]=O,,,2.7364761820276966,10.1177_096739111402200402_part_1.txt_¶Î1_Material1
[*]C(NC1=C(C)C(NC(OCCO[*])=O)=CC=C1)=O,[*]C(NC1=C(C)C(NC(OCCO[*])=O)=CC=C1)=O,O=[Ti]=O,,,2.9523080096621253,10.1177_0954008317752823_part_2.txt_¶Î1_Material1
[*]C1C(C(C(OC1C(O[Na])=O)OC2C(C(O[Na])=O)OC(O[*])C(O)C2O)O)O,OCCOC1C(OCCO)C(C(OCCO)COCCOC(CCCCCCCCCCCCCCCCC)=O)OC1,,,,1.105510184769974,10.1208_s12249-014-0224-6_part_1.txt_¶Î1_Material1
[*]CC[*],FC(F)(C(F)(C(F)(C(F)(C(F)([*])F)F)C(F)(F)F)F)C[*],C/C(C[*])=C/C[*],O=C(O)CCCCCCCCCCCCCCCCC,C=CCN1C(=O)N(CC=C)C(=O)N(CC=C)C1=O,2.241421951711996,10.1002_pen.22018_part_1.txt_¶Î1_Material1
[*]NC(C(N1CCCC1C(NCC(N2CC(CC2C(NC(C(NCC([*])=O)=O)CO)=O)O)=O)=O)=O)CCCCN,OCC(C(C(C1N)O)O[*])OC1OC2C(OC(C(C2O)N)[*])CO,[Zn]=O,,,0.951823035315912,10.1016_j.meatsci.2020.108161_part_1.txt_¶Î1_Material1
OCC1OC(C(C(C1[*])O)O)OC2C(C(C(OC2CO)O[*])O)O,OCC(C(C(C1N)O)O[*])OC1OC2C(OC(C(C2O)N)[*])CO,[*]C([H])([H])C(O)([H])[*],,,0.3579348470004537,10.1016_j.carbpol.2019.03.093_part_1.txt_¶Î1_Material1
[*]C1C(OC(C(C1O)O)OC2C(OC(C(C2O)O)O[*])CO)CO,O=C([*])C(C)O[*],OCC1OC(C(C(C1[*])O)O)OC2C(C(C(OC2CO)O[*])O)O,,,0.4771212547196624,10.3390_ma8063168_part_1.txt_¶Î1_Material1
[*]CC[*],O=C(O)CCCCCCCCCCCCCCCCC,[H][Si]([H])([H])[H],,,0.9637878273455552,10.1007_s10973-018-7378-5_part_1.txt_¶Î1_Material1
[*]NC(C(N1CCCC1C(NCC(N2CC(CC2C(NC(C(NCC([*])=O)=O)CO)=O)O)=O)=O)=O)CCCCN,OCC(C(C(C1N)O)O[*])OC1OC2C(OC(C(C2O)N)[*])CO,OCC(O)CO,OC[C@@H]([C@H]([C@@H]([C@@H](CO)O)O)O)O,[*]OCC[*],1.505149978319906,10.4028_www.scientific.net_amr.295-297.1202_part_1.txt_¶Î1_Material1
O=C(C1=CC=C(C=C1)C(OCC[*])=O)O[*],[*]OC1OC(CO)C(OC2C(O)C(O)C([*])C(CO)O2)C(O)C1O,O=[Si]=O,,,0.6532125137753437,10.1016_j.matpr.2018.06.499_part_1.txt_¶Î1_Material1
[*]C1C(OC(C(C1O)O)OC2C(OC(C(C2O)O)O[*])CO)CO,[*]NC(C(N1CCCC1C(NCC(N2CC(CC2C(NC(C(NCC([*])=O)=O)CO)=O)O)=O)=O)=O)CCCCN,,,,1.146128035678238,10.1016_j.foodhyd.2016.05.008_part_2.txt_¶Î1_Material1
[*]C(C)C[*],[*]CC(COC1=CC=C(C=C1)C(C)(C)C2=CC=C(C=C2)O[*])O,,,,0.7972675408307164,10.1016_j.apcbee.2014.01.017_part_1.txt_¶Î1_Material1
OC(C1C(CO[*])C(O)C(O)C(OC2C(O)C(O)C(O[*])OC2C(O)=O)O1)=O,OCC(C(C(C1N)O)O[*])OC1OC2C(OC(C(C2O)N)[*])CO,,,,1.0791812460476249,10.1007_s12588-016-9143-6_part_3.txt_¶Î1_Material1
[*]C([H])([H])C(O)([H])[*],[*]CCN[*],OC1=C2C(C3(O)C4C5C6=C7C8C(C9=CC(C(O)=O)=C(C=C(C=C%10C(O)=O)C%11%12)C(C%11=C%13C%14C%15%16C%17(O%16)C%18C%19=C%20C%21=C%22C(C(O)=C%23)=C%24C%25C%21=C%26C%19=C%27C%17=C%28C%14(O)C%12=C%10C=C%28CC%27=CC%26=CC%25=C(C(O)=O)C=C%24)C9=C7C%13(O)C5=C%15C3=C%18C%29%30C%20(O%30)C%31C%22C%23=C%32)=CC(C(O)=O)=CC8=CC6=C(C(O)=O)C4=C2)=C%29C%33=C%31C%32=C(C(O)=O)C=C%331,,,2.168202746842631,10.1016_j.matdes.2016.03.039_part_1.txt_¶Î1_Material1
[*]OCCCCOC(CCC([*])=O)=O,,,,,2.4771212547196626,10.1002_app.44544_part_1.txt_¶Î1_Material1
[*]C(NC1=C(C)C(NC(OCCO[*])=O)=CC=C1)=O,[Ni],,,,2.7489628612561616,10.1039_c1jm10255a_part_1.txt_¶Î1_Material1
O=C([*])C(C)O[*],[*]CCCC([*])OC(C)=O,O=[Si]=O,[*]CC(CCCC(CC)CC([*])C1=CC=CC=C1)C2=CC=CC=C2,,0.8633228601204559,10.1016_j.polymertesting.2020.106735_part_2.txt_¶Î1_Material1
[*]C([H])([H])C(O)([H])[*],[*]C1C(OC(C(C1O)O)OC2C(OC(C(C2O)O)O[*])CO)CO,C12=C3C(C=CC4C3=C5C(CC6=CC7=C8C9=C(C(C=C%10)=CC=C9C=C7)C%11=C%10C%12)=CC4)=CC=C1C=C%12C%13=C%11C8=C6C5=C2%13,,,1.1903316981702914,10.1002_pc.25708_part_2.txt_¶Î1_Material1
O=C(C1=CC=C(C=C1)C(OCC[*])=O)O[*],O=C(N)N,,,,1.8849085941626071,10.1016_j.ejpe.2015.04.001_part_1.txt_¶Î1_Material1
[*]C(C)C[*],O=C(C1=CC=C(C([*])=O)C=C1)NC2=CCC(N[*])C=C2,OC1=C2C(C3(O)C4C5C6=C7C8C(C9=CC(C(O)=O)=C(C=C(C=C%10C(O)=O)C%11%12)C(C%11=C%13C%14C%15%16C%17(O%16)C%18C%19=C%20C%21=C%22C(C(O)=C%23)=C%24C%25C%21=C%26C%19=C%27C%17=C%28C%14(O)C%12=C%10C=C%28CC%27=CC%26=CC%25=C(C(O)=O)C=C%24)C9=C7C%13(O)C5=C%15C3=C%18C%29%30C%20(O%30)C%31C%22C%23=C%32)=CC(C(O)=O)=CC8=CC6=C(C(O)=O)C4=C2)=C%29C%33=C%31C%32=C(C(O)=O)C=C%331,,,0.9292656182530656,10.1177_155892501701200206_part_1.txt_¶Î1_Material1
[*]NCC(NC(C(ONCC(NC(C(NCC(NC(C([*])=O)C)=O)=O)C)=O)=O)CO)=O,CC(NC(C([*])C)=O)C(NC(C)C(NC(C)C(N[*])=O)=O)=O,,,,1.313234291694724,10.4028_www.scientific.net_amr.332-334.183_part_1.txt_¶Î1_Material1
OCC(C(C(C1N)O)O[*])OC1OC2C(OC(C(C2O)N)[*])CO,[*]C([H])([H])C(O)([H])[*],O=[Al]O[Al]=O.O=[Si]=O.O=[Si]=O.O=[Si]=O,O=[Al]O[Al]=O.O=[Si]=O.O=[Si]=O.O=[Si]=O,,1.302979936748249,10.1016_j.carbpol.2015.12.072_part_5.txt_¶Î1_Material1
[*]C(N(CN(C(OCOC(N(CN(C(OCCO[*])=O)[H])[H])=O)=O)[H])[H])=O,[*]CC(COC1=CC=C(C=C1)C(C)(C)C2=CC=C(C=C2)O[*])O,N(CC)(CC)CC,,,2.502427119984433,10.4028_www.scientific.net_amm.320.607_part_1.txt_¶Î1_Material1
C/C(C[*])=C/C[*],[*]CCCC(C1C([*])C2CC1C/C2=C/C)C,[Zn]=O,[S],O=C(O)CCCCCCCCCCCCCCCCC,2.716003343634799,10.1002_pc.24467_part_1.txt_¶Î1_Material1
[*]C(C)C[*],O=C(O)CCCCCCCCCCCCCCCCC,,,,0.7558748556724915,10.1080_00325899.2019.1701812_part_1.txt_¶Î1_Material1
OCC(C(C(C1N)O)O[*])OC1OC2C(OC(C(C2O)N)[*])CO,[*]OCC[*],O=C(O[Na])COCC(OC(C(C1O)O)[*])C1OC(C(C(C2O[*])O)O)OC2COCC(O[Na])=O,,,1.0557604646877348,10.4028_www.scientific.net_kem.840.142_part_1.txt_¶Î1_Material1
C=C([CH3])C(=O)O[CH3],COC(C(C[*])([*])C)=O,C=C([CH3])C(=O)OC([CH3])[CH3],,,0.9637878273455552,10.1177_0892705709356341_part_4.txt_¶Î1_Material1
C[Si](C)(C[*])O[*],OC1=C2C(C3(O)C4C5C6=C7C8C(C9=CC(C(O)=O)=C(C=C(C=C%10C(O)=O)C%11%12)C(C%11=C%13C%14C%15%16C%17(O%16)C%18C%19=C%20C%21=C%22C(C(O)=C%23)=C%24C%25C%21=C%26C%19=C%27C%17=C%28C%14(O)C%12=C%10C=C%28CC%27=CC%26=CC%25=C(C(O)=O)C=C%24)C9=C7C%13(O)C5=C%15C3=C%18C%29%30C%20(O%30)C%31C%22C%23=C%32)=CC(C(O)=O)=CC8=CC6=C(C(O)=O)C4=C2)=C%29C%33=C%31C%32=C(C(O)=O)C=C%331,,,,2.315970345456918,10.1080_03602559.2013.828232_part_1.txt_¶Î1_Material1
O=C(C1=CC=C(C=C1)C(OCC[*])=O)O[*],[*]OC1C(O)C(O)C(OC2C(CO)OC([*])C(O)C2O)OC1CO,[K+].[OH-],OCC(C(C(C1N)O)O[*])OC1OC2C(OC(C(C2O)N)[*])CO,,1.6720978579357175,10.1016_j.carbpol.2017.04.098_part_3.txt_¶Î1_Material1
[*]C(NC1=C(C)C(NC(OCCO[*])=O)=CC=C1)=O,C12=C3C(C=CC4C3=C5C(CC6=CC7=C8C9=C(C(C=C%10)=CC=C9C=C7)C%11=C%10C%12)=CC4)=CC=C1C=C%12C%13=C%11C8=C6C5=C2%13,,,,2.6434526764861874,10.1016_j.matlet.2014.04.075_part_1.txt_¶Î1_Material1
[*]C(NC1=C(C)C(NC(OCCO[*])=O)=CC=C1)=O,O=[Si]=O,,,,2.146128035678238,10.1016_j.porgcoat.2015.10.016_part_2.txt_¶Î1_Material1
[*]C([H])([H])C(O)([H])[*],[*]CC(C#N)[*],C(CC=O)CC=O,CC(=O)O,O=C([CH3])[CH3],2.1601082204109505,10.1039_c6ra13971j_part_1.txt_¶Î1_Material1
[*]C(C)C[*],O=[Si]=O.[Ca]=O,,,,0.0791812460476248,10.3390_app9081602_part_3.txt_¶Î1_Material1
[*]CC(CC=CCC([*])C1=CC=CC=C1)C#N,OC1=C2C(C3(O)C4C5C6=C7C8C(C9=CC(C(O)=O)=C(C=C(C=C%10C(O)=O)C%11%12)C(C%11=C%13C%14C%15%16C%17(O%16)C%18C%19=C%20C%21=C%22C(C(O)=C%23)=C%24C%25C%21=C%26C%19=C%27C%17=C%28C%14(O)C%12=C%10C=C%28CC%27=CC%26=CC%25=C(C(O)=O)C=C%24)C9=C7C%13(O)C5=C%15C3=C%18C%29%30C%20(O%30)C%31C%22C%23=C%32)=CC(C(O)=O)=CC8=CC6=C(C(O)=O)C4=C2)=C%29C%33=C%31C%32=C(C(O)=O)C=C%331,,,,1.3031960574204888,10.3390_polym13162614_part_1.txt_¶Î1_Material1
O=S(C(C=C1)=CC=C1OC(C=C2)=CC=C2C(C)(C)C(C=C3)=CC=C3O[*])(C4=CC=C([*])C=C4)=O,[*]OCC[*],[*]CC([*])N1CCCC1=O,COC1=CC(/C=C/C=O)=CC(OC2=CC(C(C(OC3=CC=C(C=C3OC)C(C(CO)=O)O)CO)O)=CC=C2OC4=CC(C(C(COC5=CC=C(C=C5)C(C(CO)=O)O)=O)O)=CC=C4O)=C1,,1.5440680443502757,10.1002_app.40616_part_1.txt_¶Î1_Material1
CC(NC1C([C@@H](C(O[C@H]1O[*])CO)O[C@@H]2OC([C@H]([C@@H](C2NC(C)=O)O)[*])CO)O)=O,[*]NC(C(N1CCCC1C(NCC(N2CC(CC2C(NC(C(NCC([*])=O)=O)CO)=O)O)=O)=O)=O)CCCCN,,,,1.3654879848908996,10.1021_acs.jafc.9b00984_part_1.txt_¶Î1_Material1
[*]C(C)C[*],[*]C(C)C[*],[*]CCC(CCCCCC)C[*],C12=C3C(C=CC4C3=C5C(CC6=CC7=C8C9=C(C(C=C%10)=CC=C9C=C7)C%11=C%10C%12)=CC4)=CC=C1C=C%12C%13=C%11C8=C6C5=C2%13,,1.944482672150169,10.3390_ma12233924_part_1.txt_¶Î1_Material1
[*]C(CCCCCO[*])=O,OC(C(CC(O)=O)(CC(O)=O)O)=O,,,,1.608526033577194,10.4028_www.scientific.net_amr.641-642.201_part_1.txt_¶Î1_Material1
[*]C(C=C1)=CC=C1S[*],O=C([*])C1=CC=C2C=C(C=CC2=C1)OC(C3=CC=C(C=C3)O[*])=O,,,,0.3729120029701065,10.1007_s10853-011-5745-8_part_2.txt_¶Î1_Material1
O=C(C1=CC=C(C=C1)C(OCC[*])=O)O[*],[C],,,,1.255272505103306,10.1061_(asce)mt.1943-5533.0002273_part_1.txt_¶Î1_Material1
O=C([*])C(C)O[*],[*]O[C@H](C)CC([*])=O,OCC1OC(C(C(C1[*])O)O)OC2C(C(C(OC2CO)O[*])O)O,,,1.6354837468149122,10.1016_j.carbpol.2015.12.059_part_1.txt_¶Î1_Material1
[*]OCCOC(CC(C([*])=O)C(C1CCCCC1)CC(CC(O)=O)C(OCCO)=O)=O,O=[Si]=O,O=[Si]=O,,,0.3979400086720376,10.1080_00222348.2018.1476440_part_1.txt_¶Î1_Material1
O=C(CCCCC(N(CCCCCCN([*])[H])[H])=O)[*],[O-][Si]([O-])([O-])O[Si]([O-])([O-])[O-].[Ca+2],,,,0.557507201905658,10.1002_pc.22293_part_1.txt_¶Î1_Material1
OCC(C(C(C1N)O)O[*])OC1OC2C(OC(C(C2O)N)[*])CO,,,,,0.490379920003179,10.1016_j.foodchem.2018.04.063_part_5.txt_¶Î1_Material1
[*]C([H])([H])C(O)([H])[*],[*]C1=CC=C([*])N1,[*]CC(C1=CC=C(C=C1)S(O)(=O)=O)[*],[C],,2.550536531600264,10.3390_app11073040_part_3.txt_¶Î1_Material2
[*]C1C(C(C(OC1C(O[Na])=O)OC2C(C(O[Na])=O)OC(O[*])C(O)C2O)O)O,OCC1OC(C(C(C1[*])O)O)OC2C(C(C(OC2CO)O[*])O)O,Cl[Ca]Cl,[H][Si]([H])([H])[H],,0.6180480967120927,10.1007_s10570-018-1801-8_part_1.txt_¶Î1_Material1
O=C(CCCCC(N(CCCCCCN([*])[H])[H])=O)[*],[C],S=[Mo]=S,,,0.6532125137753437,10.4028_www.scientific.net_amr.123-125.1043_part_1.txt_¶Î1_Material1
[*]CC(CC=CCC([*])C1=CC=CC=C1)C#N,[*]OCC[*],,,,1.260071387985075,10.1002_app.48377_part_2.txt_¶Î1_Material1
[*]C1C(OC(C(C1O)O)OC2C(OC(C(C2O)O)O[*])CO)CO,[*]C([H])([H])C(O)([H])[*],OC(C(CC(O)=O)(CC(O)=O)O)=O,C(CC=O)CC=O,,1.6989700043360187,10.1007_s13726-014-0260-9_part_1.txt_¶Î1_Material1
[*]CC(CC=CCC([*])C1=CC=CC=C1)C#N,C12=CC3=CC4=CC=CN=C4N=C3N=C1N=C5N=C6N=CC=CC6=CC5=C2,[H][O-],,,0.2455126678141498,10.4028_www.scientific.net_amr.194-196.1845_part_1.txt_¶Î1_Material1
[*]CC(COC1=CC=C(C=C1)C(C)(C)C2=CC=C(C=C2)O[*])O,OC(C(C)(CC(C1=CC=CC=C1)[*])CC(C[*])(C(OCC2CO2)=O)C)=O,O=[Ti]=O,,,0.6989700043360189,10.1007_s10570-016-1005-z_part_3.txt_¶Î1_Material1
[*]OC1OC(CO)C(OC2C(O)C(O)C([*])C(CO)O2)C(O)C1O,,,,,0.1931245983544616,10.38032_jea.2022.02.001_OA_part_1.txt_¶Î1_Material1
[*]CC[*],OS(=O)(OOS(O)(=O)=O)=O.N.N,,,,0.4771212547196624,10.1166_jbmb.2012.1235_part_2.txt_¶Î1_Material1
[*]C(N(CN(C(OCOC(N(CN(C(OCCO[*])=O)[H])[H])=O)=O)[H])[H])=O,O=C(C1=CC=C(C=C1)C(OCC[*])=O)O[*],O=C(C1=CC=C(C=C1)C([*])=O)NC2=CC=C(C=C2)N[*],O=[Ti]=O,,2.4771212547196626,10.1002_pc.24864_part_2.txt_¶Î1_Material1
OCC1OC(C(C(C1[*])O)O)OC2C(C(C(OC2CO)O[*])O)O,OCC1OC(C(C(C1[*])O)O)OC2C(C(C(OC2CO)O[*])O)O,COC1=CC(/C=C/C=O)=CC(OC2=CC(C(C(OC3=CC=C(C=C3OC)C(C(CO)=O)O)CO)O)=CC=C2OC4=CC(C(C(COC5=CC=C(C=C5)C(C(CO)=O)O)=O)O)=CC=C4O)=C1,,,0.6009728956867483,10.1080_15440478.2021.1941484_part_1.txt_¶Î1_Material1
[*]NC(C(N1CCCC1C(NCC(N2CC(CC2C(NC(C(NCC([*])=O)=O)CO)=O)O)=O)=O)=O)CCCCN,COCC1OC(OC2C(CO)OC(O[*])C(OC)C2OC)C(OC)C(O)C1O[*],OCC(O)CO,,,2.04547945311078,10.1016_j.eurpolymj.2019.06.013_part_1.txt_¶Î1_Material2
[*]C/C=C/CCC(C=C)CC([*])C1=CC=CC=C1,OCC1OC(C(C(C1[*])O)O)OC2C(C(C(OC2CO)O[*])O)O,OC1=C2C(C3(O)C4C5C6=C7C8C(C9=CC(C(O)=O)=C(C=C(C=C%10C(O)=O)C%11%12)C(C%11=C%13C%14C%15%16C%17(O%16)C%18C%19=C%20C%21=C%22C(C(O)=C%23)=C%24C%25C%21=C%26C%19=C%27C%17=C%28C%14(O)C%12=C%10C=C%28CC%27=CC%26=CC%25=C(C(O)=O)C=C%24)C9=C7C%13(O)C5=C%15C3=C%18C%29%30C%20(O%30)C%31C%22C%23=C%32)=CC(C(O)=O)=CC8=CC6=C(C(O)=O)C4=C2)=C%29C%33=C%31C%32=C(C(O)=O)C=C%331,O=C(O)CCCCCCCCCCCCCCCCC,[S],2.670245853074124,10.1002_app.33240_part_1.txt_¶Î1_Material1
O=C(CCCCC(N(CCCCCCN([*])[H])[H])=O)[*],[*]C(F)(C(F)([*])F)F,[H][Si]([H])([H])[H],,,1.0969100130080565,10.1007_s12666-017-1095-9_part_2.txt_¶Î1_Material1
[*]C(CCCCC([*])S(=O)(Cl)=O)Cl,[S],OC1=C2C(C3(O)C4C5C6=C7C8C(C9=CC(C(O)=O)=C(C=C(C=C%10C(O)=O)C%11%12)C(C%11=C%13C%14C%15%16C%17(O%16)C%18C%19=C%20C%21=C%22C(C(O)=C%23)=C%24C%25C%21=C%26C%19=C%27C%17=C%28C%14(O)C%12=C%10C=C%28CC%27=CC%26=CC%25=C(C(O)=O)C=C%24)C9=C7C%13(O)C5=C%15C3=C%18C%29%30C%20(O%30)C%31C%22C%23=C%32)=CC(C(O)=O)=CC8=CC6=C(C(O)=O)C4=C2)=C%29C%33=C%31C%32=C(C(O)=O)C=C%331,O=C(O)CCCCCCCCCCCCCCCCC,,2.4471580313422194,10.2298_ciceq110315017m_part_1.txt_¶Î1_Material2
[*]CC[*],[*]CC[*],O=[Al]O[Al]=O.O=[Si]=O.O=[Si]=O.O=[Si]=O,O=C(CCCCCCCCCCCCCCCCC)O[Ca]OC(CCCCCCCCCCCCCCCCC)=O,,1.7993405494535817,10.3390_ma13153342_part_2.txt_¶Î1_Material1
O=C([*])CCCCCN[*],[C],,,,1.1205739312058498,10.1016_j.matchemphys.2012.12.035_part_1.txt_¶Î1_Material1
OCC1OC(C(C(C1[*])O)O)OC2C(C(C(OC2CO)O[*])O)O,[*]NC(C(O)=O)CCC([*])=O,OC1=C2C(C3(O)C4C5C6=C7C8C(C9=CC(C(O)=O)=C(C=C(C=C%10C(O)=O)C%11%12)C(C%11=C%13C%14C%15%16C%17(O%16)C%18C%19=C%20C%21=C%22C(C(O)=C%23)=C%24C%25C%21=C%26C%19=C%27C%17=C%28C%14(O)C%12=C%10C=C%28CC%27=CC%26=CC%25=C(C(O)=O)C=C%24)C9=C7C%13(O)C5=C%15C3=C%18C%29%30C%20(O%30)C%31C%22C%23=C%32)=CC(C(O)=O)=CC8=CC6=C(C(O)=O)C4=C2)=C%29C%33=C%31C%32=C(C(O)=O)C=C%331,,,0.9395192526186184,10.1021_acsanm.0c02565_part_1.txt_¶Î1_Material1
O=C(C1=CC=C(C=C1)C(OCC[*])=O)O[*],[*]NC1=CC=C([*])C=C1,,,,1.7759743311293692,10.1177_0040517513515316_part_1.txt_¶Î1_Material1
[*]CC[*],OCC(C(C(C1N)O)O[*])OC1OC2C(OC(C(C2O)N)[*])CO,OC1=C2C(C3(O)C4C5C6=C7C8C(C9=CC(C(O)=O)=C(C=C(C=C%10C(O)=O)C%11%12)C(C%11=C%13C%14C%15%16C%17(O%16)C%18C%19=C%20C%21=C%22C(C(O)=C%23)=C%24C%25C%21=C%26C%19=C%27C%17=C%28C%14(O)C%12=C%10C=C%28CC%27=CC%26=CC%25=C(C(O)=O)C=C%24)C9=C7C%13(O)C5=C%15C3=C%18C%29%30C%20(O%30)C%31C%22C%23=C%32)=CC(C(O)=O)=CC8=CC6=C(C(O)=O)C4=C2)=C%29C%33=C%31C%32=C(C(O)=O)C=C%331,CCCC[Sn](CCCC)(OC(CCCCCCCCCCC)=O)OC(CCCCCCCCCCC)=O,O=C(O)CCCCCCCCCCCCCCCCC,1.1634595517699902,10.1515_polyeng-2015-0350_part_1.txt_¶Î1_Material1
[*][C@H]1[C@H](O)[C@@H](O)[C@H](O[C@H]2[C@H]([C@@H](O)[C@H](O[C@H]3[C@H](O)[C@H](O)[C@H](O[C@H]4[C@H](O)[C@H](O)[C@H](O[*])O[C@@H]4CO)O[C@@H]3CO)O[C@@H]2COC(C)=O)O)O[C@@H]1CO,OCC(O)CO,,,,2,10.1016_j.lwt.2014.05.029_part_1.txt_¶Î1_Material1
[*]C1C(OC(C(C1O)O)OC2C(OC(C(C2O)O)O[*])CO)CO,[*]C([H])([H])C(O)([H])[*],,,,2.17617810926733,10.1088_1757-899x_798_1_012002_part_1.txt_¶Î1_Material1
[*]NC(C(N1CCCC1C(NCC(N2CC(CC2C(NC(C(NCC([*])=O)=O)CO)=O)O)=O)=O)=O)CCCCN,[*]OC1C(O)C(O)C(OC2C(OC(C(CO)O)=O)C(OC3C(O)C(O)C(OC4C(O)C(O)C(O[*])OC4CO)OC3C(O)=O)OC(CO)C2O)OC1C,OCCOC1C(OCCO)C(C(OCCO)COCCOC(CCCCCCCCCCCCCCCCC)=O)OC1,,,1.8388490907372552,10.1002_app.40557_part_2.txt_¶Î1_Material1
C[Si](C)(C[*])O[*],[Ag],,,,2.1760912590556813,10.1002_adma.202003155_part_3.txt_¶Î1_Material1
O=C([*])C(C)O[*],O=C([*])C(C)O[*],C12=CC3=CC4=CC=CN=C4N=C3N=C1N=C5N=C6N=CC=CC6=CC5=C2,OC1=C2C(C3(O)C4C5C6=C7C8C(C9=CC(C(O)=O)=C(C=C(C=C%10C(O)=O)C%11%12)C(C%11=C%13C%14C%15%16C%17(O%16)C%18C%19=C%20C%21=C%22C(C(O)=C%23)=C%24C%25C%21=C%26C%19=C%27C%17=C%28C%14(O)C%12=C%10C=C%28CC%27=CC%26=CC%25=C(C(O)=O)C=C%24)C9=C7C%13(O)C5=C%15C3=C%18C%29%30C%20(O%30)C%31C%22C%23=C%32)=CC(C(O)=O)=CC8=CC6=C(C(O)=O)C4=C2)=C%29C%33=C%31C%32=C(C(O)=O)C=C%331,C=C([CH3])C(=O)OC([CH3])[CH3],1.0413926851582251,10.1177_0021998317708020_part_1.txt_¶Î1_Material1
O=C([*])C(C)O[*],OCC(C(C(C1N)O)O[*])OC1OC2C(OC(C(C2O)N)[*])CO,[Au],[Fe]12O[Fe]O[Fe](O2)O1,[Zn]=O,1.845098040014257,10.3390_polym12010159_part_3.txt_¶Î1_Material1
[*]C(C)C[*],[*]C(C)C[*],NC1=CC=C(C=C1)/C2=C3C=C/C(N\3)=C(C4=N/C(C=C4)=C(C5=CC=C(N5)/C(C6=CC=CC=C6)=C7N=C2C=C\7)/C8=CC=CC=C8)\C9=CC=CC=C9,,,0.4771212547196624,10.1080_03602559.2011.557823_part_1.txt_¶Î1_Material1
O=C([*])OC1=CC=C(C=C1)C(C)(C)C2=CC=C(C=C2)O[*],[*]CC(CC=CCC([*])C1=CC=CC=C1)C#N,C12=C3C(C=CC4C3=C5C(CC6=CC7=C8C9=C(C(C=C%10)=CC=C9C=C7)C%11=C%10C%12)=CC4)=CC=C1C=C%12C%13=C%11C8=C6C5=C2%13,,,1.6989700043360187,10.1016_j.polymdegradstab.2015.06.013_part_1.txt_¶Î1_Material1
[*]C([H])([H])C(O)([H])[*],[*]C1C(O)C(O)C(OC2C(O)C(O)C(O[*])OC2COCCO)OC1COCCO,,,,1.5211380837040362,10.1016_j.carbpol.2013.12.049_part_2.txt_¶Î1_Material1
[*]OC1C(C(O)=O)OC(OC2C(NC(C)=O)C([*])OC(CO)C2O)C(O)C1O,OC(C(C)(CC(C1=CC=CC=C1)[*])CC(C[*])(C(OCC2CO2)=O)C)=O,,,,1.1228709228644356,10.1007_s12221-020-0075-6_part_2.txt_¶Î1_Material1
[*]C(NC1=C(C)C(NC(OCCO[*])=O)=CC=C1)=O,O=CN(C)C,,,,2.2412973871099933,10.1007_s10570-022-04655-x_OA_part_1.txt_¶Î1_Material1
O=C([*])C(C)O[*],[*]CC[*],O=[Ti]=O,O=C([O-])[O-].[Ca+2],,0.6989700043360189,10.1002_pen.25124_part_1.txt_¶Î1_Material1
OCC1OC(C(C(C1[*])O)O)OC2C(C(C(OC2CO)O[*])O)O,[*]C1C(C(C(OC1C(O[Na])=O)OC2C(C(O[Na])=O)OC(O[*])C(O)C2O)O)O,O=C(C(C[*])[*])N,[*]NC1=CC=C([*])C=C1,,2.469822015978163,10.1002_mame.202100159_part_1.txt_¶Î1_Material1
O=C(C1=CC=C(C=C1)C(OCC[*])=O)O[*],[Mg],,,,1.1205739312058498,10.1007_s42154-019-00047-3_part_1.txt_¶Î1_Material1
O=C(O)C([*])C[*],OCC1OC(C(C(C1[*])O)O)OC2C(C(C(OC2CO)O[*])O)O,,,,3.0291807889075466,10.1007_s10570-021-03782-1_part_3.txt_¶Î1_Material1
[*]CC[*],[*]C1C(OC(C(C1O)O)OC2C(OC(C(C2O)O)O[*])CO)CO,O=C(N)N,OCC(O)CO,OC[C@@H]([C@H]([C@@H]([C@@H](CO)O)O)O)O,1.187520720836463,10.1088_1742-6596_1150_1_012032_part_1.txt_¶Î1_Material1
O=C([*])OC1=CC=C(C=C1)C(C)(C)C2=CC=C(C=C2)O[*],[*]C(NC1=C(C)C(NC(OCCO[*])=O)=CC=C1)=O,[H][Si]([H])([H])[H],,,2.633468455579586,10.1016_j.porgcoat.2014.03.006_part_1.txt_¶Î1_Material1
OCC1OC(C(C(C1[*])O)O)OC2C(C(C(OC2CO)O[*])O)O,OC1=C2C(C3(O)C4C5C6=C7C8C(C9=CC(C(O)=O)=C(C=C(C=C%10C(O)=O)C%11%12)C(C%11=C%13C%14C%15%16C%17(O%16)C%18C%19=C%20C%21=C%22C(C(O)=C%23)=C%24C%25C%21=C%26C%19=C%27C%17=C%28C%14(O)C%12=C%10C=C%28CC%27=CC%26=CC%25=C(C(O)=O)C=C%24)C9=C7C%13(O)C5=C%15C3=C%18C%29%30C%20(O%30)C%31C%22C%23=C%32)=CC(C(O)=O)=CC8=CC6=C(C(O)=O)C4=C2)=C%29C%33=C%31C%32=C(C(O)=O)C=C%331,,,,2.0791812460476247,10.1002_adma.202000682_part_1.txt_¶Î1_Material1
[*]C1C(OC(C(C1O)O)OC2C(OC(C(C2O)O)O[*])CO)CO,[*]C([H])([H])C(O)([H])[*],O=[Mg].O=[Si]=O.O=[Si]=O.O=[Si]=O.O=[Si]=O.O=[Mg].O=[Mg].O,OC1=C2C(C3(O)C4C5C6=C7C8C(C9=CC(C(O)=O)=C(C=C(C=C%10C(O)=O)C%11%12)C(C%11=C%13C%14C%15%16C%17(O%16)C%18C%19=C%20C%21=C%22C(C(O)=C%23)=C%24C%25C%21=C%26C%19=C%27C%17=C%28C%14(O)C%12=C%10C=C%28CC%27=CC%26=CC%25=C(C(O)=O)C=C%24)C9=C7C%13(O)C5=C%15C3=C%18C%29%30C%20(O%30)C%31C%22C%23=C%32)=CC(C(O)=O)=CC8=CC6=C(C(O)=O)C4=C2)=C%29C%33=C%31C%32=C(C(O)=O)C=C%331,,2.0563711794755286,10.4028_www.scientific.net_amm.513-517.193_part_1.txt_¶Î1_Material1
O=C([*])OC1=CC=C(C=C1)C(C)(C)C2=CC=C(C=C2)O[*],[*]CC(CC=CCC([*])C1=CC=CC=C1)C#N,O=[Al]O[Al]=O.O=[Si]=O.O=[Si]=O.O=[Si]=O,,,2.1760912590556813,10.4028_www.scientific.net_kem.674.173_part_1.txt_¶Î1_Material1
[*]C(C)C[*],OC1=C2C(C3(O)C4C5C6=C7C8C(C9=CC(C(O)=O)=C(C=C(C=C%10C(O)=O)C%11%12)C(C%11=C%13C%14C%15%16C%17(O%16)C%18C%19=C%20C%21=C%22C(C(O)=C%23)=C%24C%25C%21=C%26C%19=C%27C%17=C%28C%14(O)C%12=C%10C=C%28CC%27=CC%26=CC%25=C(C(O)=O)C=C%24)C9=C7C%13(O)C5=C%15C3=C%18C%29%30C%20(O%30)C%31C%22C%23=C%32)=CC(C(O)=O)=CC8=CC6=C(C(O)=O)C4=C2)=C%29C%33=C%31C%32=C(C(O)=O)C=C%331,CC(CC(C(C(O1)=O)CC1=O)[*])C[*],,,1.376576957056512,10.1007_s12034-020-2061-4_part_1.txt_¶Î1_Material4
O=C([*])C(C)O[*],[*]C(CCCCCO[*])=O,,,,2.246498580795801,10.1016_j.fpsl.2020.100578_part_2.txt_¶Î1_Material1
O=C([*])C(C)O[*],[*]C([H])([H])C(O)([H])[*],,,,0.785329835010767,10.3390_polym11081314_part_2.txt_¶Î1_Material1
[*]CC(CCOCC[*])C,CC1=CC=C(C=C1N=C=O)N=C=O,,,,2.11293997608408,10.4236_ojpchem.2013.34015_OA_part_1.txt_¶Î1_Material1
[*]C(C)C[*],O=C([O-])[O-].[Ca+2],,,,1.3443922736851108,10.1016_j.egypro.2014.07.157_part_1.txt_¶Î1_Material1
[*]C(CCCCCO[*])=O,[*]C(N(CN(C(OCOC(N(CN(C(OCCO[*])=O)[H])[H])=O)=O)[H])[H])=O,,,,2.536179532137225,10.1039_c4ra14601h_part_4.txt_¶Î1_Material1
C/C(C[*])=C/C[*],[*]C(C)C[*],,,,2.530199698203082,10.4028_www.scientific.net_amr.844.109_part_1.txt_¶Î1_Material1
[*]CC[*],[Fe],O=[Si]=O,O=[Si]=O,O=[Si]=O.[Ca]=O,0.3729120029701065,10.1016_j.conbuildmat.2019.03.096_part_1.txt_¶Î1_Material1
[*]C(NC1=C(C)C(NC(OCCO[*])=O)=CC=C1)=O,O=[Si]=O,CC(C(=O)O)(CO)CO,,,2.4771212547196626,10.1007_s00289-021-03814-7_part_2.txt_¶Î1_Material1
[*]C(N(CN(C(OCOC(N(CN(C(OCCO[*])=O)[H])[H])=O)=O)[H])[H])=O,[*]OCC[*],,,,2.8927066378056656,10.1016_j.eurpolymj.2021.110647_part_1.txt_¶Î1_Material1
[*]CC(C1=CC=CC=C1)[*],[*]C/C=C/CCC(C=C)CC([*])C1=CC=CC=C1,[S],[Zn]=O,O=C(O)CCCCCCCCCCCCCCCCC,1.8704039052790271,10.1002_app.32151_part_1.txt_¶Î1_Material1
[*]C(CCCCCO[*])=O,[*]OC1C(C(O)=O)OC(OC2C(NC(C)=O)C([*])OC(CO)C2O)C(O)C1O,[*]C1=C(C=CN2)C2=C([*])C(O)=C1O,,,1.6989700043360187,10.1016_j.bprint.2019.e00066_part_5.txt_¶Î1_Material1
[*]C1C(C(C(OC1C(O[Na])=O)OC2C(C(O[Na])=O)OC(O[*])C(O)C2O)O)O,O=C([O-])[O-].[Ca+2],OCCOC1C(OCCO)C(C(OCCO)COCCOC(CCCCCCCCCCCCCCCCC)=O)OC1,OCC(O)CO,,0.3424226808222063,10.1016_j.jfoodeng.2011.05.023_part_1.txt_¶Î1_Material1
[*]C1C(OC(C(C1O)O)OC2C(OC(C(C2O)O)O[*])CO)CO,O=[Al]O[Al]=O.O=[Si]=O.O=[Si]=O.O=[Si]=O,OCC(C(C(C1N)O)O[*])OC1OC2C(OC(C(C2O)N)[*])CO,OCC(O)CO,,1.724275869600789,10.1177_8756087915590189_part_1.txt_¶Î1_Material1
OCC(C(C(C1N)O)O[*])OC1OC2C(OC(C(C2O)N)[*])CO,[*]NCC(NC(C(ONCC(NC(C(NCC(NC(C([*])=O)C)=O)=O)C)=O)=O)CO)=O,[*]OCC[*],[H][O-],,2.0530784434834195,10.22159_ijap.2019v11i4.33283_part_1.txt_¶Î1_Material1
[*]C1C(C(C(OC1C(O[Na])=O)OC2C(C(O[Na])=O)OC(O[*])C(O)C2O)O)O,[Na+].[Cl-],O=S([O-])([O-])=O,,,1.0285712526925377,10.1016_j.carbpol.2018.02.013_part_1.txt_¶Î1_Material1
[*]CC[*],O[Si](O)(O[Si](O)(O)O)O.[Al].[Al].O,,,,1.833147111912785,10.4028_www.scientific.net_msf.919.144_part_1.txt_¶Î1_Material1
OCC1OC(C(C(C1[*])O)O)OC2C(C(C(OC2CO)O[*])O)O,OCC1OC(C(C(C1[*])O)O)OC2C(C(C(OC2CO)O[*])O)O,O=C([O-])[O-].[Ca+2],,,0.5910646070264992,10.1007_s10570-020-03032-w_part_3.txt_¶Î1_Material1
[*]C(C)C[*],[*]C(C)C[*],O=[Si]=O,O=[Si]=O,,1.0969100130080565,10.1002_pc.23380_part_1.txt_¶Î1_Material2
[*]C1C(C(C(OC1C(O[Na])=O)OC2C(C(O[Na])=O)OC(O[*])C(O)C2O)O)O,OC(C(CC(O)=O)(CC(O)=O)O)=O,OCC(O)CO,,,0.6020599913279624,10.1016_j.fpsl.2021.100733_part_1.txt_¶Î1_Material1
[*]CC(C1=CC=CC=C1)[*],[*]CC[*],,,,0.6989700043360189,10.1016_j.compstruct.2009.09.033_part_2.txt_¶Î1_Material1
O=C(C(C[*])[*])N,OC1=C2C(C3(O)C4C5C6=C7C8C(C9=CC(C(O)=O)=C(C=C(C=C%10C(O)=O)C%11%12)C(C%11=C%13C%14C%15%16C%17(O%16)C%18C%19=C%20C%21=C%22C(C(O)=C%23)=C%24C%25C%21=C%26C%19=C%27C%17=C%28C%14(O)C%12=C%10C=C%28CC%27=CC%26=CC%25=C(C(O)=O)C=C%24)C9=C7C%13(O)C5=C%15C3=C%18C%29%30C%20(O%30)C%31C%22C%23=C%32)=CC(C(O)=O)=CC8=CC6=C(C(O)=O)C4=C2)=C%29C%33=C%31C%32=C(C(O)=O)C=C%331,,,,3.041392685158225,10.1016_j.polymer.2020.123340_part_1.txt_¶Î1_Material1
O=C(C(C[*])[*])N,CCCCCCCCCCCCOS([O-])(=O)=O.[Na+],[Na+].[Cl-],OS(=O)(OOS(O)(=O)=O)=O.N.N,,3,10.1007_s11431-020-1682-3_part_1.txt_¶Î1_Material1
[*]C(C)C[*],[*]CCCC(CCCCCC)[*],[*]C(C)C[*],[*]CCCC(CCCCCC)[*],C[N+](CCO)(CCO)[3H],2.6884198220027105,10.1002_pat.3363_part_1.txt_¶Î1_Material1
[*]C([H])([H])C(O)([H])[*],[Cu]=O,,,,2.250420002308894,10.1016_j.jcis.2018.10.017_part_3.txt_¶Î1_Material1
[*]C(C)C[*],[*]CCCC(C1C([*])C2CC1C/C2=C/C)C,[C],,,1.919601023784111,10.1007_s13726-014-0256-5_part_2.txt_¶Î1_Material1
O=C([*])CCCCCN[*],FC(F)(C(F)(C(F)(C(F)(C(F)([*])F)F)C(F)(F)F)F)C[*],OC1=C2C(C3(O)C4C5C6=C7C8C(C9=CC(C(O)=O)=C(C=C(C=C%10C(O)=O)C%11%12)C(C%11=C%13C%14C%15%16C%17(O%16)C%18C%19=C%20C%21=C%22C(C(O)=C%23)=C%24C%25C%21=C%26C%19=C%27C%17=C%28C%14(O)C%12=C%10C=C%28CC%27=CC%26=CC%25=C(C(O)=O)C=C%24)C9=C7C%13(O)C5=C%15C3=C%18C%29%30C%20(O%30)C%31C%22C%23=C%32)=CC(C(O)=O)=CC8=CC6=C(C(O)=O)C4=C2)=C%29C%33=C%31C%32=C(C(O)=O)C=C%331,,,2.113943352306837,10.1016_j.polymer.2014.12.016_part_1.txt_¶Î1_Material1
[*]C(N(CN(C(OCOC(N(CN(C(OCCO[*])=O)[H])[H])=O)=O)[H])[H])=O,[Mg]=O,,,,2.739255803268511,10.1016_j.compositesb.2019.107218_part_1.txt_¶Î1_Material1
OCC(C(C(C1N)O)O[*])OC1OC2C(OC(C(C2O)N)[*])CO,[*]C1C(OC(C(C1O)O)OC2C(OC(C(C2O)O)O[*])CO)CO,C=C([CH3])C(=O)O[CH3],,,0.5563025007672873,10.1080_03602551003664560_part_1.txt_¶Î1_Material1
[*]CC(COC1=CC=C(C=C1)C(C)(C)C2=CC=C(C=C2)O[*])O,C12=CC3=CC4=CC=CN=C4N=C3N=C1N=C5N=C6N=CC=CC6=CC5=C2,O=[Si]=O,,,0.8549130223078556,10.4028_www.scientific.net_amm.592-594.186_part_1.txt_¶Î1_Material1
[*]C(NC1=C(C)C(NC(OCCO[*])=O)=CC=C1)=O,N(CC)(CC)CC,,,,3.004751155591001,10.1007_s13233-011-0116-5_part_1.txt_¶Î1_Material1
[*]CC[*],CCCCCCCCCCCCCCCC[N+](C)(C)C.[Br-],,,,1,10.1021_ie201077k_part_1.txt_¶Î1_Material1
[*]CC(C#N)[*],[*]OC1C(C(O)=O)OC(OC2C(NC(C)=O)C([*])OC(CO)C2O)C(O)C1O,OCC(C(C(C1N)O)O[*])OC1OC2C(OC(C(C2O)N)[*])CO,,,1.100370545117563,10.1177_0954008320944419_part_1.txt_¶Î1_Material1
O=C([*])C(C)O[*],[*]C(C)C[*],,,,1.2695129442179165,10.1007_s10924-011-0382-5_part_1.txt_¶Î1_Material1
[*]NC(C(N1CCCC1C(NCC(N2CC(CC2C(NC(C(NCC([*])=O)=O)CO)=O)O)=O)=O)=O)CCCCN,OCC(O)CO,O=[Si]=O,,,1.58849580100721,10.1016_j.fbio.2013.01.001_part_1.txt_¶Î1_Material1
[*]C([H])([H])C(O)([H])[*],[*]CCCC([*])OC(C)=O,,,,2.2335798566790164,10.1016_j.lwt.2020.110109_part_1.txt_¶Î1_Material1
[*]C(C)C[*],OCC1OC(C(C(C1[*])O)O)OC2C(C(C(OC2CO)O[*])O)O,NC1=CC=C(C=C1)/C2=C3C=C/C(N\3)=C(C4=N/C(C=C4)=C(C5=CC=C(N5)/C(C6=CC=CC=C6)=C7N=C2C=C\7)/C8=CC=CC=C8)\C9=CC=CC=C9,,,0.6127838567197355,10.1080_02773813.2018.1432655_part_2.txt_¶Î1_Material1
[*]C/C=C(C[*])\Cl,OC1=C2C(C3(O)C4C5C6=C7C8C(C9=CC(C(O)=O)=C(C=C(C=C%10C(O)=O)C%11%12)C(C%11=C%13C%14C%15%16C%17(O%16)C%18C%19=C%20C%21=C%22C(C(O)=C%23)=C%24C%25C%21=C%26C%19=C%27C%17=C%28C%14(O)C%12=C%10C=C%28CC%27=CC%26=CC%25=C(C(O)=O)C=C%24)C9=C7C%13(O)C5=C%15C3=C%18C%29%30C%20(O%30)C%31C%22C%23=C%32)=CC(C(O)=O)=CC8=CC6=C(C(O)=O)C4=C2)=C%29C%33=C%31C%32=C(C(O)=O)C=C%331,,,,3.03382569395331,10.4028_www.scientific.net_amm.80-81.400_part_1.txt_¶Î1_Material1
[*]C([C@H](C)OC([C@H](C)O[*])=O)=O,[*]CCCC([*])OC(C)=O,,,,1.3979400086720375,10.1016_j.compositesb.2016.09.082_part_1.txt_¶Î1_Material1
[*]C(CCCCCO[*])=O,O=C=NCCCCCCN=C=O,,,,2.0872133412316147,10.1166_jnn.2010.1888_part_1.txt_¶Î1_Material1
[*]C(C)C[*],O=[Al]O[Al]=O,O=[Ti]=O,,,1.3424226808222062,10.1155_2014_718765_part_1.txt_¶Î1_Material1
O=C(C1=CC=C(C=C1)C(OCC[*])=O)O[*],COC1=CC(/C=C/C=O)=CC(OC2=CC(C(C(OC3=CC=C(C=C3OC)C(C(CO)=O)O)CO)O)=CC=C2OC4=CC(C(C(COC5=CC=C(C=C5)C(C(CO)=O)O)=O)O)=CC=C4O)=C1,[*]OCC[*],OC(C(CC(O)=O)(CC(O)=O)O)=O,,2.3807537708039,10.1021_acsapm.0c00130_part_1.txt_¶Î1_Material1
OCC1OC(C(C(C1[*])O)O)OC2C(C(C(OC2CO)O[*])O)O,[*]C1=C(C=CN2)C2=C([*])C(O)=C1O,,,,0.4471580313422192,10.26599_pbm.2018.9260024_OA_part_1.txt_¶Î1_Material1
OCC1OC(C(C(C1[*])O)O)OC2C(C(C(OC2CO)O[*])O)O,OCC(C(C(C1N)O)O[*])OC1OC2C(OC(C(C2O)N)[*])CO,OCC(O)CO,OC[C@@H]([C@H]([C@@H]([C@@H](CO)O)O)O)O,,1.003029470553618,10.1016_j.carbpol.2019.115164_part_1.txt_¶Î1_Material1
[*]C(CCCCCO[*])=O,[*]NC(C(N1CCCC1C(NCC(N2CC(CC2C(NC(C(NCC([*])=O)=O)CO)=O)O)=O)=O)=O)CCCCN,C(CC=O)CC=O,,,1.7505083948513462,10.1002_app.49219_part_2.txt_¶Î1_Material1
O=C([*])CCCCCCCCCCC(NCCCCCCCCCCN[*])=O,O=[Si]=O,,,,1.841359470454855,10.1002_pc.22318_part_1.txt_¶Î1_Material1
[*]C([H])([H])C(O)([H])[*],[*]C1C(O)C(O)C(OC2C(O)C(O)C(O[*])OC2COC(C)=O)OC1COC(C)=O,[*]OCC[*],,,1.5211380837040362,10.4172_2157-7587.1000131_OA_part_1.txt_¶Î1_Material1
O=C([*])CCCCCCCCCCC(NCCCCCCCCCCN[*])=O,[*]CC(CC=CCC([*])C1=CC=CC=C1)C#N,[*]C(C)C[*],[*]C(C)C[*],C=CC1=CC=CC=C1,1.5198279937757189,10.4028_www.scientific.net_amr.239-242.3146_part_1.txt_¶Î1_Material1
O=C([*])CCCCCN[*],O=[Si]=O,O=[Si]=O,O=[Si]=O,,2.128722284338427,10.1002_app.33967_part_2.txt_¶Î1_Material1
[*]CC(CC(C=C)([*])C)C1=CC=CC=C1,C[Si](C)(C[*])O[*],,,,2.397940008672037,10.1002_aenm.201903217_part_1.txt_¶Î1_Material1
[*]C(C)C[*],O=[Mg].O=[Si]=O.O=[Si]=O.O=[Si]=O.O=[Si]=O.O=[Mg].O=[Mg].O,[*]CCC(CCCCCC)C[*],[*]C(C)C[*],,1.9294189257142929,10.1002_pc.25702_part_1.txt_¶Î1_Material1
C(C)(C1=CC=C(OCC2CO2)C=C1)(C)C1=CC=C(OCC2CO2)C=C1,[*]C1=CC(C2=NC3=CC(C4=CC=C5N=C([*])NC5=C4)=CC=C3N2)=CC=C1,[*]CC(C#N)[*],[*]CC(C#N)[*],,1.484299839346786,10.1080_00914037.2014.886220_part_2.txt_¶Î1_Material2
[*]C(C)C[*],[*]OC1OC(CO)C(OC2C(O)C(O)C([*])C(CO)O2)C(O)C1O,[*]OC1C(O)C(O)C(OC2C(CO)OC([*])C(O)C2O)OC1CO,,,1.3498600821923312,10.3390_fib6040094_part_1.txt_¶Î1_Material1
[*]CC(COC1=CC=C(C=C1)C(C)(C)C2=CC=C(C=C2)O[*])O,O=[Si]=O,O=[Si]=O,,,0.6020599913279624,10.1002_pc.23976_part_2.txt_¶Î1_Material1
[*]OC(C(C1O)O)OC(COC)C1OC(OC(C(C2O)OC3OC(C(C(C3OC)O)OC4OC(C(C(C4OC)O)[*])COC)CO)COC)C2OCC(OC)C,[*]C1C(C(C(OC1C(O[Na])=O)OC2C(C(O[Na])=O)OC(O[*])C(O)C2O)O)O,[*]NC(C(N1CCCC1C(NCC(N2CC(CC2C(NC(C(NCC([*])=O)=O)CO)=O)O)=O)=O)=O)CCCCN,,,1.2041199826559248,10.1016_j.carbpol.2016.08.053_part_1.txt_¶Î1_Material1
O=C([*])C(C)O[*],[*]OCC[*],[Zn]=O,,,0.5185139398778874,10.3390_molecules26071967_part_2.txt_¶Î1_Material4
[*]CC[*],[O-][Si]([O-])([O-])O[Si]([O-])([O-])[O-].[Ca+2],[H]O[H],,,1.7781512503836436,10.1007_s10556-011-9449-3_part_1.txt_¶Î1_Material1
[*]C(C1=CC=C(C(OCCCCO[*])=O)C=C1)=O,O=C([*])C1=CC=C2C=C(C=CC2=C1)OC(C3=CC=C(C=C3)O[*])=O,O=[Si]=O,,,2.3010299956639813,10.1016_j.matdes.2012.05.052_part_1.txt_¶Î1_Material1
[*]NC(C(N1CCCC1C(NCC(N2CC(CC2C(NC(C(NCC([*])=O)=O)CO)=O)O)=O)=O)=O)CCCCN,[*]NC(C(N1CCCC1C(NCC(N2CC(CC2C(NC(C(NCC([*])=O)=O)CO)=O)O)=O)=O)=O)CCCCN,,,,1.1961761850399732,10.1007_s11483-017-9479-2_part_1.txt_¶Î1_Material1
[*]OC1C(O)C(O)C(OC2C(CO)OC([*])C(O)C2O)OC1CO,OCC1OC(C(C(C1O[*])O)O)[*],O=C(C1=CC=C(C=C1)C(OCC[*])=O)O[*],O=C(CCCCC(N(CCCCCCN([*])[H])[H])=O)[*],,0.6821450763738317,10.1080_00405000.2017.1408245_part_1.txt_¶Î1_Material1
[*]CC([*])Cl,C/C(C[*])=C/C[*],,,,2.4771212547196626,10.1016_j.proche.2016.03.105_part_1.txt_¶Î1_Material1
[*]NC(C)C(N1CCCC1C([*])=O)=O,OCC1OC(C(C(C1[*])O)O)OC2C(C(C(OC2CO)O[*])O)O,[*]NC(C(N1CCCC1C(NCC(N2CC(CC2C(NC(C(NCC([*])=O)=O)CO)=O)O)=O)=O)=O)CCCCN,O=C(N)N,,1,10.3390_ma13020377_part_1.txt_¶Î1_Material1
[*]C(C)C[*],OCC1OC(C(C(C1O[*])O)O)[*],O=C(O)CCCCCCCCCCCCCCCCC,NC1=CC=C(C=C1)/C2=C3C=C/C(N\3)=C(C4=N/C(C=C4)=C(C5=CC=C(N5)/C(C6=CC=CC=C6)=C7N=C2C=C\7)/C8=CC=CC=C8)\C9=CC=CC=C9,,0.6532125137753437,10.1002_pat.3742_part_1.txt_¶Î1_Material1
[*]NC(C)C(N1CCCC1C([*])=O)=O,[*]OC1C(C(O)=O)OC(OC2C(NC(C)=O)C([*])OC(CO)C2O)C(O)C1O,NC(C=O)C(O)C(OC1OC(C(=O)O)=CC(O)C1OS(O)(=O)=O)C(O)CO,CCN=C=NCCCN(C)C,,1.928805370893284,10.1016_j.msec.2018.06.072_part_1.txt_¶Î1_Material1
O=C(O)C([*])C[*],[*]C([H])([H])C(O)([H])[*],[Ag],,,2.592698485848185,10.1016_j.carbpol.2013.07.065_part_3.txt_¶Î1_Material2
[*]C1C(C(C(OC1C(O[Na])=O)OC2C(C(O[Na])=O)OC(O[*])C(O)C2O)O)O,OCC(O)CO,OC[C@@H]([C@H]([C@@H]([C@@H](CO)O)O)O)O,[*]OCC[*],OCCOC1C(OCCO)C(C(OCCO)COCCOC(CCCCCCCCCCCCCCCCC)=O)OC1,0.6989700043360189,10.3390_foods7100170_part_2.txt_¶Î1_Material1
OCC1OC(OC2C(O)C(O)C(O[*])OC2CO)C(O)C(O)C1[*],OC1C(O)C([*])OC(COC2C(O)C(O)C(O)C(CO)O2)C1OC3C(O)C(O)C(CO[*])C(CO)O3,[*]C([H])([H])C(O)([H])[*],,,1.749736315569061,10.1680_jgrma.17.00029_part_1.txt_¶Î1_Material1
O=C([*])C(C)O[*],O=C(C1=CC=C(C([*])=O)C=C1)NC2=CCC(N[*])C=C2,[*]OC1OC(CO)C(OC2C(O)C(O)C([*])C(CO)O2)C(O)C1O,,,0.4313637641589873,10.1016_j.matpr.2020.02.457_part_1.txt_¶Î1_Material1
[*]C(C)C[*],[*]C(C)C[*],O=[Si]=O,,,0.4771212547196624,10.1080_03602559.2016.1211699_part_3.txt_¶Î1_Material1
[*]CC(C1=CC=CC=C1)C/C=C/C[*],[*]CC(C1=CC=CC=C1)[*],,,,2.1095785469043866,10.1039_d0sm01661f_part_2.txt_¶Î1_Material1
C=C([CH3])C(=O)O[CH3],[*]C1C(O)C(O)C(OC2C(O)C(O)C(O[*])OC2COCCO)OC1COCCO,[Ag],,,1.1319392952104246,10.1007_s00339-018-1989-3_part_1.txt_¶Î1_Material1
OCC(C(C(C1N)O)O[*])OC1OC2C(OC(C(C2O)N)[*])CO,O=C(O[Na])COCC(OC(C(C1O)O)[*])C1OC(C(C(C2O[*])O)O)OC2COCC(O[Na])=O,OCC(O)CO,,,1.1172712956557642,10.1016_j.eurpolymj.2020.110225_part_1.txt_¶Î1_Material2
[*]OC1C(C(O)=O)OC(OC2C(NC(C)=O)C([*])OC(CO)C2O)C(O)C1O,OCC(C(C(C1N)O)O[*])OC1OC2C(OC(C(C2O)N)[*])CO,[*]C(CCCCCO[*])=O,,,2.1760912590556813,10.1007_s10570-013-0099-9_part_2.txt_¶Î1_Material1
[*]C([H])([H])C(O)([H])[*],[*]C1C(OC(C(C1O)O)OC2C(OC(C(C2O)O)O[*])CO)CO,OCC1OC(C(C(C1[*])O)O)OC2C(C(C(OC2CO)O[*])O)O,,,0.6618126855372612,10.1007_s10570-017-1336-4_part_1.txt_¶Î1_Material1
O=C(O[Na])COCC(OC(C(C1O)O)[*])C1OC(C(C(C2O[*])O)O)OC2COCC(O[Na])=O,[*]C([H])([H])C(O)([H])[*],OCC(O)CO,OCCOC1C(OCCO)C(C(OCCO)COCCOC(CCCCCCCCCCCCCCCCC)=O)OC1,,1.683947130751512,10.1016_j.carbpol.2017.03.017_part_2.txt_¶Î1_Material1
OCC(C(C(C1N)O)O[*])OC1OC2C(OC(C(C2O)N)[*])CO,CC(NC(C([*])C)=O)C(NC(C)C(NC(C)C(N[*])=O)=O)=O,[*]NCC(NC(C(ONCC(NC(C(NCC(NC(C([*])=O)C)=O)=O)C)=O)=O)CO)=O,,,1.348888723071438,10.1016_j.carbpol.2019.115529_part_1.txt_¶Î1_Material1
[*]CC[*],O=C1C=CC(O1)=O.C=C,,,,0.859738566197147,10.1016_j.matdes.2014.02.018_part_1.txt_¶Î1_Material1
OCC(C(C(C1N)O)O[*])OC1OC2C(OC(C(C2O)N)[*])CO,[*]C1C(C(C(OC1C(O[Na])=O)OC2C(C(O[Na])=O)OC(O[*])C(O)C2O)O)O,[Ca+2],,,1.6989700043360187,10.1002_masy.201600141_part_2.txt_¶Î1_Material1
[*]C1C(OC(C(C1O)O)OC2C(OC(C(C2O)O)O[*])CO)CO,OCC(O)CO,OCC1OC(C(C(C1[*])O)O)OC2C(C(C(OC2CO)O[*])O)O,,,1.1439511164239635,10.1088_1742-6596_1349_1_012099_part_1.txt_¶Î1_Material1
[*]CC[*],[*]OC1OC(CO)C(OC2C(O)C(O)C([*])C(CO)O2)C(O)C1O,[H][O-],[H][Si]([H])([H])[H],O1C(=O)C=CC1=O,0.6776069527204931,10.1080_15440478.2020.1838999_part_2.txt_¶Î1_Material1
OCC(C(C(C1N)O)O[*])OC1OC2C(OC(C(C2O)N)[*])CO,OCC1OC(C(C(C1[*])O)O)OC2C(C(C(OC2CO)O[*])O)O,OC(C(CC(O)=O)(CC(O)=O)O)=O,OCC(O)CO,,1.146128035678238,10.1088_1757-899x_429_1_012042_part_1.txt_¶Î1_Material1
[*]C/C=C/CCC(C=C)CC([*])C1=CC=CC=C1,O=[Si]=O,CC1=CC(O)=C(C=C1CCCC(C2=C(C=C(C(C(C)(C)C)=C2)O)C)C3=CC(C(C)(C)C)=C(C=C3C)O)C(C)(C)C,,,2.041392685158225,10.1080_09276440.2016.1159053_part_3.txt_¶Î1_Material1
OC(C(CC(O)=O)(CC(O)=O)O)=O,[*]C(CCCCCO[*])=O,,,,2.247973266361807,10.4161_biom.1.1.17301_part_1.txt_¶Î1_Material1
COCC1OC(OC2C(CO)OC(O[*])C(OC)C2OC)C(OC)C(O)C1O[*],,,,,1.591064607026499,10.1007_s10924-018-1260-1_part_1.txt_¶Î1_Material2
[*]C(C)C[*],O=C(C1=CC=C(C=C1)C(OCC[*])=O)O[*],C[N+](CCO)(CCO)[3H],,,1.3117538610557542,10.1016_j.matdes.2012.08.051_part_1.txt_¶Î1_Material1
O=C(C(C[*])[*])N,O=[Al]O[Al]=O.O=[Si]=O.O=[Si]=O.O.O,,,,3.13956426617585,10.1016_j.msec.2020.110649_part_1.txt_¶Î1_Material1
[*]C1C(OC(C(C1O)O)OC2C(OC(C(C2O)O)O[*])CO)CO,O=C([*])C(C)O[*],,,,0.2787536009528289,10.1016_j.polymertesting.2013.11.001_part_1.txt_¶Î1_Material1
[*]C(C)C[*],OCC1OC(C(C(C1[*])O)O)OC2C(C(C(OC2CO)O[*])O)O,COC(C(C[*])([*])C)=O,,,1.739572344450092,10.1007_s10570-021-04086-0_part_2.txt_¶Î1_Material3
[*]CC(COC1=CC=C(C=C1)C(C)(C)C2=CC=C(C=C2)O[*])O,[*]C(CCCCCO[*])=O,,,,1.4771212547196624,10.1016_j.polymer.2016.03.052_part_2.txt_¶Î1_Material1
[*]CCCC(C1C([*])C2CC1C/C2=C/C)C,[C],OC1=C2C(C3(O)C4C5C6=C7C8C(C9=CC(C(O)=O)=C(C=C(C=C%10C(O)=O)C%11%12)C(C%11=C%13C%14C%15%16C%17(O%16)C%18C%19=C%20C%21=C%22C(C(O)=C%23)=C%24C%25C%21=C%26C%19=C%27C%17=C%28C%14(O)C%12=C%10C=C%28CC%27=CC%26=CC%25=C(C(O)=O)C=C%24)C9=C7C%13(O)C5=C%15C3=C%18C%29%30C%20(O%30)C%31C%22C%23=C%32)=CC(C(O)=O)=CC8=CC6=C(C(O)=O)C4=C2)=C%29C%33=C%31C%32=C(C(O)=O)C=C%331,,,2.130333768495006,10.1016_j.radphyschem.2011.12.008_part_1.txt_¶Î1_Material1
[*]OCCCCOC(CCC([*])=O)=O,[*]C(CCCCC(OCCCCOC(C1=CC=C(C(OCCCCO[*])=O)C=C1)=O)=O)=O,,,,2.1760912590556813,10.1007_s10924-013-0636-5_part_1.txt_¶Î1_Material1
O=C(C1=CC=C(C=C1)C(OCC[*])=O)O[*],CC1=CC(O)=C(C=C1CCCC(C2=C(C=C(C(C(C)(C)C)=C2)O)C)C3=CC(C(C)(C)C)=C(C=C3C)O)C(C)(C)C,,,,1.6532125137753435,10.1177_0309324719833237_part_1.txt_¶Î1_Material1
[*]C(C(OC1O[*])COC(O[Na])=O)C(O)C1N,[*]C1C(O)C(O)C(OC2C(O)C(O)C(O[*])OC2COC(C)=O)OC1COC(C)=O,C(CC=O)CC=O,,,1.370142847051102,10.1016_j.cej.2009.11.025_part_1.txt_¶Î1_Material1
[*]C(CCCCC(OCCCCO[*])=O)=O,[*]C(CCCCCO[*])=O,[*]C(N(CN(C(OCOC(N(CN(C(OCCO[*])=O)[H])[H])=O)=O)[H])[H])=O,O=C=NC(C=C1)=CC=C1CC2=CC=C(C=C2)N=C=O,,3.1598678470925665,10.4028_www.scientific.net_kem.816.187_part_1.txt_¶Î1_Material3
C/C(C[*])=C/C[*],O=[Si]=O.O=[Al]O[Al]=O.O=[Si]=O.O=[Si]=O.O=[Si]=O.O,[C],,,2.808433804051805,10.1088_1757-899x_223_1_012003_part_1.txt_¶Î1_Material1
[*]CC[*],[H][O-],,,,1.132579847659737,10.1080_16583655.2018.1451103_part_1.txt_¶Î1_Material1
O=C([*])C(C)O[*],OP(O)(O)=O,O=[Al]O[Al]=O.O=[Si]=O.O=[Si]=O.O=[Si]=O,,,0.4329692908744057,10.1007_s10118-018-2043-9_part_1.txt_¶Î1_Material1
[*]C(N(CN(C(OCOC(N(CN(C(OCCO[*])=O)[H])[H])=O)=O)[H])[H])=O,OCC(O)CO,,,,2.6532125137753435,10.1177_0954008312459546_part_2.txt_¶Î1_Material1
[*]NCC(NC(C(ONCC(NC(C(NCC(NC(C([*])=O)C)=O)=O)C)=O)=O)CO)=O,[*]C([H])([H])C(O)([H])[*],CCO,O=S([CH3])[CH3],CC(=O)O,1.3979400086720375,10.1007_s10692-017-9849-z_part_2.txt_¶Î1_Material1
[*]CC([*])Cl,CCCC[Sn](OC(CC(C)CCCCCCCC)=O)(OC(CCCCCCCCCCC)=O)CCCC,,,,1.9429995933660404,10.1002_app.32687_part_1.txt_¶Î1_Material1
O=C([*])CCCCCN[*],[*]C(C)C[*],,,,1.255272505103306,10.1002_pc.24157_part_2.txt_¶Î1_Material1
O=C([*])CCCCCN[*],[*]C(C)C[*],NC1=CC=C(C=C1)/C2=C3C=C/C(N\3)=C(C4=N/C(C=C4)=C(C5=CC=C(N5)/C(C6=CC=CC=C6)=C7N=C2C=C\7)/C8=CC=CC=C8)\C9=CC=CC=C9,,,0.6532125137753437,10.1016_j.compositesa.2019.105680_part_4.txt_¶Î1_Material1
[*]C([H])([H])C(O)([H])[*],[Ag+],C(CC=O)CC=O,,,2.352201819659416,10.1039_c5ra08721j_part_1.txt_¶Î1_Material1
[*]CC(COC1=CC=C(C=C1)C(C)(C)C2=CC=C(C=C2)O[*])O,[*]OCCOC(CC(C([*])=O)C(C1CCCCC1)CC(CC(O)=O)C(OCCO)=O)=O,C[N+](CCO)(CCO)[3H],,,0.5816083660320575,10.1002_pc.23480_part_1.txt_¶Î1_Material1
O=C([*])C(C)O[*],O=C([*])C(C)O[*],OCC(O)CO,,,0.7474118078864233,10.4028_www.scientific.net_msf.956.201_part_1.txt_¶Î1_Material1
[C],[*]CC(CCCC(CC)CC([*])C1=CC=CC=C1)C2=CC=CC=C2,,,,1.4771212547196624,10.1021_acsapm.0c00708_part_1.txt_¶Î1_Material1
OCC1OC(C(C(C1O)O[*])O)OC2C(C(C(OC2COS(=O)(O)=O)[*])NC(C)=O)O,[*]C1C(C(C(OC1C(O[Na])=O)OC2C(C(O[Na])=O)OC(O[*])C(O)C2O)O)O,Cl[Ca]Cl,,,1.3010299956639813,10.1016_j.polymertesting.2019.106286_part_2.txt_¶Î1_Material1
[*]C([H])([H])C(O)([H])[*],[*]NC(C)C(N1CCCC1C([*])=O)=O,,,,1.1568519010700111,10.3390_molecules24132363_part_1.txt_¶Î1_Material1
[*]C(C)C[*],O=C(O)CCCCCCCCCCCCCCCCC,NC1=CC=C(C=C1)/C2=C3C=C/C(N\3)=C(C4=N/C(C=C4)=C(C5=CC=C(N5)/C(C6=CC=CC=C6)=C7N=C2C=C\7)/C8=CC=CC=C8)\C9=CC=CC=C9,,,0.8129133566428556,10.1002_pat.3742_part_1.txt_¶Î1_Material3
[*]C([H])([H])C(O)([H])[*],FC(F)([*])C([H])([*])[H],[Fe]12O[Fe]O[Fe](O2)O1,,,1.675411693714863,10.1088_2053-1591_ab0e19_part_3.txt_¶Î1_Material1
O=C(O[Na])COCC(OC(C(C1O)O)[*])C1OC(C(C(C2O[*])O)O)OC2COCC(O[Na])=O,,,,,1.509148736402258,10.1016_j.porgcoat.2019.105383_part_2.txt_¶Î1_Material1
OCC1OC(C(C(C1[*])O)O)OC2C(C(C(OC2CO)O[*])O)O,O=[Ti]=O,,,,0.8692317197309762,10.1177_0040517518779251_part_3.txt_¶Î1_Material1
O=C(O)C([*])C[*],[*]OC1C(C(OC(C1O)OC2C3C(C(OC2CO3)[*])O)CO)O,[*]C([H])([H])C(O)([H])[*],[Fe+3],,2.696356388733332,10.1016_j.polymer.2017.11.076_part_1.txt_¶Î1_Material1
[*]CC(COC1=CC=C(C=C1)C(C)(C)C2=CC=C(C=C2)O[*])O,[*]CC(C#N)[*],[*]CC(C#N)[*],,,0.3463529744506387,10.1002_mame.201600551_part_2.txt_¶Î1_Material1
OCC(C(C(C1N)O)O[*])OC1OC2C(OC(C(C2O)N)[*])CO,[*]C1C(O)C(O)C(OC2C(O)C(O)C(O[*])OC2COC(C)=O)OC1COC(C)=O,O=[Ti]=O,,,1.7413092088995694,10.1002_app.42732_part_1.txt_¶Î1_Material1
[*]C([H])([H])C(O)([H])[*],O=C(O)C([*])C[*],OCC(O)CO,,,2.7781512503836434,10.1016_j.compositesa.2020.106050_part_3.txt_¶Î1_Material1
[*]C1C(OC(C(C1O)O)OC2C(OC(C(C2O)O)O[*])CO)CO,[*]C1C(OC(C(C1O)O)OC2C(OC(C(C2O)O)O[*])CO)CO,[*]C1C(OC(C(C1O)O)OC2C(OC(C(C2O)O)O[*])CO)CO,,,1.2166935991697545,10.1007_s11694-020-00581-3_part_1.txt_¶Î1_Material1
[*]C1C(C(C(OC1C(O[Na])=O)OC2C(C(O[Na])=O)OC(O[*])C(O)C2O)O)O,[*]NC(C(N1CCCC1C(NCC(N2CC(CC2C(NC(C(NCC([*])=O)=O)CO)=O)O)=O)=O)=O)CCCCN,,,,2,10.1680_jgrma.16.00020_part_1.txt_¶Î1_Material1
O=C([*])CCCCCCCCCCC(NCCCCCCCCCCN[*])=O,,,,,2.178401341533755,10.1002_pi.5919_part_1.txt_¶Î1_Material4
C[Si](C)(C[*])O[*],CC(C(=O)O)(CO)CO,O=C=NC(C=C1)=CC=C1CC2=CC=C(C=C2)N=C=O,,,2.949877704036875,10.1002_app.34816_part_1.txt_¶Î1_Material1
[*]C1C(O)C(O)C(OC2C(O)C(O)C(O[*])OC2COC(C)=O)OC1COC(C)=O,C12=C3C(C=CC4C3=C5C(CC6=CC7=C8C9=C(C(C=C%10)=CC=C9C=C7)C%11=C%10C%12)=CC4)=CC=C1C=C%12C%13=C%11C8=C6C5=C2%13,OC1=C2C(C3(O)C4C5C6=C7C8C(C9=CC(C(O)=O)=C(C=C(C=C%10C(O)=O)C%11%12)C(C%11=C%13C%14C%15%16C%17(O%16)C%18C%19=C%20C%21=C%22C(C(O)=C%23)=C%24C%25C%21=C%26C%19=C%27C%17=C%28C%14(O)C%12=C%10C=C%28CC%27=CC%26=CC%25=C(C(O)=O)C=C%24)C9=C7C%13(O)C5=C%15C3=C%18C%29%30C%20(O%30)C%31C%22C%23=C%32)=CC(C(O)=O)=CC8=CC6=C(C(O)=O)C4=C2)=C%29C%33=C%31C%32=C(C(O)=O)C=C%331,,,1.0791812460476249,10.1515_polyeng-2019-0075_part_1.txt_¶Î1_Material1
[*]C1C(OC(C(C1O)O)OC2C(OC(C(C2O)O)O[*])CO)CO,[*]C([H])([H])C(O)([H])[*],OC(C(CC(O)=O)(CC(O)=O)O)=O,,,1.950510892985997,10.1080_1023666x.2014.879426_part_1.txt_¶Î1_Material1
[*]NC(C(N1CCCC1C(NCC(N2CC(CC2C(NC(C(NCC([*])=O)=O)CO)=O)O)=O)=O)=O)CCCCN,N#CC(C1=CC=CC=N1)C1=CC=CC=C1,,,,1.2375437381428744,10.1016_j.foodchem.2014.08.012_part_1.txt_¶Î1_Material1
[*]C([H])([H])C(O)([H])[*],[*]C1C(OC(C(C1O)O)OC2C(OC(C(C2O)O)O[*])CO)CO,OC(C(C)(CC(C1=CC=CC=C1)[*])CC(C[*])(C(OCC2CO2)=O)C)=O,,,1.3010299956639813,10.1080_1023666x.2014.879426_part_2.txt_¶Î1_Material1
OCC1OC(C(C(C1[*])O)O)OC2C(C(C(OC2CO)O[*])O)O,CCO,,,,1.9084850188786493,10.1002_adfm.201601645_part_2.txt_¶Î1_Material1
[*]C(CCCCC(OCCCCO[*])=O)=O,O=C([*])C(C)O[*],[*]CCCC(CCCCCC)[*],,,2.3515064229290443,10.53848_ssstj.v9i2.230_OA_part_1.txt_¶Î1_Material1
[*]C/C=C/CCC(C/C=C\C[*])C=C,C[Si](C)(C[*])O[*],CC1(CC(CC(C)(C1)C)N=C=O)CN=C=O,,,2.482873583608754,10.1166_mex.2016.1318_part_1.txt_¶Î1_Material1
[*]C1C(OC(C(C1O)O)OC2C(OC(C(C2O)O)O[*])CO)CO,C[N+](CCO)(CCO)[3H],,,,1.1760912590556811,10.1177_8756087916682553_part_1.txt_¶Î1_Material1
[*]C([H])([H])C(O)([H])[*],[*]C1C(C(C(OC1C(O[Na])=O)OC2C(C(O[Na])=O)OC(O[*])C(O)C2O)O)O,,,,2.222716471147584,10.1016_j.carbpol.2013.09.086_part_1.txt_¶Î1_Material1
O=C([*])CCCCCN[*],[*]C(C)C[*],[*]C(C)C[*],,,1.569373909615046,10.1007_s12221-018-1009-4_part_1.txt_¶Î1_Material1
CC(COC(C(CC(C(C(C(OC(C)C)=O)C1=CC=CC=C1)C(OCC(OC(C2=CC=CC=C2C(O)=O)=O)C)=O)C3=CC=CC=C3)C(C(OC(C)C[*])=O)C4=CC=CC=C4)=O)OC(C5=CC=CC=C5C(O[*])=O)=O,[O-][Si]([O-])([O-])O[Si]([O-])([O-])[O-].[Ca+2],,,,0.5314789170422551,10.1088_1757-899x_11_1_012015_part_1.txt_¶Î1_Material1
O=C([*])C(C)O[*],[*]C(CCCCCO[*])=O,O=[Ti]=O,OC(C(C)(CC(C1=CC=CC=C1)[*])CC(C[*])(C(OCC2CO2)=O)C)=O,,1.1760912590556811,10.1016_j.matchemphys.2017.03.051_part_4.txt_¶Î1_Material1
C[Si](C)(C[*])O[*],[*]OCC[*],,,,2.4913616938342726,10.3390_polym12071520_part_2.txt_¶Î1_Material1
O=C([*])C(C)O[*],[*]CCCC([*])C(OC)=O,,,,2.0253058652647704,10.1002_app.44677_part_2.txt_¶Î1_Material1
[*]CC(C#N)[*],O=[Ti]=O,,,,0.6989700043360189,10.1177_1528083717708482_part_3.txt_¶Î1_Material1
[*]C1C(C(C(OC1C(O[Na])=O)OC2C(C(O[Na])=O)OC(O[*])C(O)C2O)O)O,O=[Ti]=O,,,,1.6073477767684134,10.1016_j.fpsl.2020.100504_part_2.txt_¶Î1_Material4
[*]C(C1=CC=C(C(OCCCCO[*])=O)C=C1)=O,C/C(C[*])=C/C[*],,,,2.255272505103306,10.4028_www.scientific.net_amr.844.135_part_1.txt_¶Î1_Material1
[*]C(NC1=C(C)C(NC(OCCO[*])=O)=CC=C1)=O,[*]C(CCCCC(OCCCCO[*])=O)=O,,,,2.4771212547196626,10.1039_c9py00261h_part_1.txt_¶Î1_Material1
[*]C(NC1=C(C)C(NC(OCCO[*])=O)=CC=C1)=O,[*]C1=C(C=CN2)C2=C([*])C(O)=C1O,,,,2.445214876056217,10.1016_j.apsusc.2021.149931_part_2.txt_¶Î1_Material1
O=C([*])CCCCCN[*],[*]C(C)C[*],O=C(C1=CC=C(C([*])=O)C=C1)NC2=CCC(N[*])C=C2,[*]C(C)C[*],,1,10.1515_polyeng-2012-0016_part_1.txt_¶Î1_Material1
O=C([*])OC1=CC=C(C=C1)C(C)(C)C2=CC=C(C=C2)O[*],[*]C(NC1=C(C)C(NC(OCCO[*])=O)=CC=C1)=O,O=[Al]O[Al]=O,[*]OCC[*],,1.5440680443502757,10.1002_pen.25764_part_1.txt_¶Î1_Material1
OCC1OC(C(C(C1[*])O)O)OC2C(C(C(OC2CO)O[*])O)O,[Na+].[Cl-],[H]O[H],,,0.7781512503836436,10.1007_s10570-019-02754-w_part_4.txt_¶Î1_Material1
OCC(C(C(C1N)O)O[*])OC1OC2C(OC(C(C2O)N)[*])CO,[*]C([H])([H])C(O)([H])[*],O=[Al]O[Al]=O.O=[Si]=O.O=[Si]=O.O=[Si]=O,,,0.8450980400142568,10.1016_j.compositesb.2019.05.042_part_1.txt_¶Î1_Material1
[*]C(N(CN(C(OCOC(N(CN(C(OCCO[*])=O)[H])[H])=O)=O)[H])[H])=O,[*]NC1=CC=C([*])C=C1,,,,2.740362689494244,10.1007_s00289-019-02796-x_part_1.txt_¶Î1_Material1
OCC1OC(C(C(C1[*])O)O)OC2C(C(C(OC2CO)O[*])O)O,[H][Si]([H])([H])[H],,,,0.3463529744506387,10.1007_s10570-015-0643-x_part_2.txt_¶Î1_Material1
[*]OC1C(C(OC(C1O)OC2C3C(C(OC2CO3)[*])O)CO)O,O=C(C(C[*])[*])N,OCC1OC(C(C(C1[*])O)O)OC2C(C(C(OC2CO)O[*])O)O,,,2.4771212547196626,10.1002_pol.20200567_part_2.txt_¶Î1_Material1
[*]C([H])([H])C(O)([H])[*],C12=C3C(C=CC4C3=C5C(CC6=CC7=C8C9=C(C(C=C%10)=CC=C9C=C7)C%11=C%10C%12)=CC4)=CC=C1C=C%12C%13=C%11C8=C6C5=C2%13,[*]C1C(C(C(OC1C(O[Na])=O)OC2C(C(O[Na])=O)OC(O[*])C(O)C2O)O)O,,,2.0253058652647704,10.1080_15685543.2014.879512_part_3.txt_¶Î1_Material1
[*]C(N(CN(C(OCOC(N(CN(C(OCCO[*])=O)[H])[H])=O)=O)[H])[H])=O,O=C(O)CCCCCCCCCCCCCCCCC,O=[Ti]=O,,,2.681241237375587,10.1002_app.49898_part_1.txt_¶Î1_Material1
[*]C(NC1=C(C)C(NC(OCCO[*])=O)=CC=C1)=O,[Ag+],,,,2.562292864456474,10.1177_0885328216687665_part_2.txt_¶Î1_Material1
[*]NC(C(N1CCCC1C(NCC(N2CC(CC2C(NC(C(NCC([*])=O)=O)CO)=O)O)=O)=O)=O)CCCCN,[*]C1C(C(C(OC1C(O[Na])=O)OC2C(C(O[Na])=O)OC(O[*])C(O)C2O)O)O,,,,1.098643725817057,10.1016_j.jfoodeng.2009.07.025_part_1.txt_¶Î1_Material1
[*]C(C)C[*],[*]OCCCOC(C1=CC=C(C([*])=O)C=C1)=O,[*]C(C)C[*],C[N+](CCO)(CCO)[3H],,0.7450747915820575,10.1080_00222348.2012.742816_part_2.txt_¶Î1_Material1
[*]C1C(C(C(OC1C(O[Na])=O)OC2C(C(O[Na])=O)OC(O[*])C(O)C2O)O)O,OCC(O)CO,OC[C@@H]([C@H]([C@@H]([C@@H](CO)O)O)O)O,,,1.3516030724191288,10.3390_ma12182923_part_3.txt_¶Î1_Material1
[*]C1C(OC(C(C1O)O)OC2C(OC(C(C2O)O)O[*])CO)CO,O=[Al]O[Al]=O.O=[Si]=O.O=[Si]=O.O.O,OCC(O)CO,,,2,10.1002_pc.22928_part_1.txt_¶Î1_Material1
O=C(C1=CC=C(C=C1)C(OCC[*])=O)O[*],O=C([*])OC1=CC=C(C=C1)C(C)(C)C2=CC=C(C=C2)O[*],,,,1.99563519459755,10.4028_www.scientific.net_amr.750-752.858_part_1.txt_¶Î1_Material1
[*]CC(O[*])CN=[N+]=[N-],[*]C(NC1=C(C)C(NC(OCCO[*])=O)=CC=C1)=O,CC1(CC(CC(C)(C1)C)N=C=O)CN=C=O,,,2.57978359661681,10.1016_j.eurpolymj.2019.109414_part_4.txt_¶Î1_Material1
[*]C/C=C/CCC([*])C#N,[*]C/C=C/CCC([*])C#N,[C],,,2.6148972160331345,10.1515_polyeng-2016-0375_part_2.txt_¶Î1_Material1
[*]C(CCCCCO[*])=O,[*]NC(C(N1CCCC1C(NCC(N2CC(CC2C(NC(C(NCC([*])=O)=O)CO)=O)O)=O)=O)=O)CCCCN,[Cu],,,1.6651117370750514,10.1016_j.matlet.2021.129787_part_1.txt_¶Î1_Material1
[*]CC(COC1=CC=C(C=C1)C(C)(C)C2=CC=C(C=C2)O[*])O,[*]C(C)C[*],,,,0.6190933306267428,10.1016_j.matpr.2020.09.669_part_1.txt_¶Î1_Material1
[*]C([H])([H])C(O)([H])[*],[Fe]12O[Fe]O[Fe](O2)O1,,,,2.115210976704168,10.1088_2053-1591_aaa25f_part_4.txt_¶Î1_Material1
[*]OC1C(C(OC(C1O)OC2C3C(C(OC2CO3)[*])O)CO)O,O=C(C(C[*])[*])N,[H]O[H],,,3.532244643626582,10.1016_j.carbpol.2018.07.070_part_1.txt_¶Î1_Material1
O=C(O)C([*])C[*],O=C(C(C[*])[*])N,O=C(C1=CC=C(C=C1)OCCOC(C=C)=O)C(C)(C)O,,,2.6364878963533656,10.1016_j.carbpol.2018.06.047_part_2.txt_¶Î1_Material1
[*]CC([*])Cl,[*]OCC[*],O=[Al]O[Al]=O.O=[Si]=O.O=[Si]=O.O=[Si]=O,,,1.403120521175818,10.1177_0892705719854495_part_1.txt_¶Î1_Material1
[*]C(C)C[*],[*]CC(CCCC(CC)CC([*])C1=CC=CC=C1)C2=CC=CC=C2,,,,1.1038037209559568,10.1177_0892705713518792_part_2.txt_¶Î1_Material2
[*]CC(C1=CC=CC=C1)[*],O=C(C(C[*])[*])N,,,,3.307496037913213,10.1177_0307174x1704400901_part_1.txt_¶Î1_Material2
[*]C(C)C[*],[*]C1C(OC(C(C1O)O)OC2C(OC(C(C2O)O)O[*])CO)CO,NC1=CC=C(C=C1)/C2=C3C=C/C(N\3)=C(C4=N/C(C=C4)=C(C5=CC=C(N5)/C(C6=CC=CC=C6)=C7N=C2C=C\7)/C8=CC=CC=C8)\C9=CC=CC=C9,,,1.3424226808222062,10.1021_ie4025243_part_1.txt_¶Î1_Material1
[*]CC[*],O=C1C=CC(O1)=O.C=C,NC1=CC=C(C=C1)/C2=C3C=C/C(N\3)=C(C4=N/C(C=C4)=C(C5=CC=C(N5)/C(C6=CC=CC=C6)=C7N=C2C=C\7)/C8=CC=CC=C8)\C9=CC=CC=C9,C=C(C(OCC1CO1)=O)C,,0.6812412373755872,10.1177_0892705711417656_part_2.txt_¶Î1_Material3
[*]C(CCCCCO[*])=O,[H][O-],[H][Si]([H])([H])[H],,,2.7273378880330803,10.1016_j.jmrt.2020.06.066_part_2.txt_¶Î1_Material1
O=C([*])C(C)O[*],O=[Si]=O,,,,0.5440680443502757,10.1179_2055033214y.0000000008_part_2.txt_¶Î1_Material1
OCC(C(C(C1N)O)O[*])OC1OC2C(OC(C(C2O)N)[*])CO,[Zn]=O,,,,1.0969100130080565,10.1016_j.polymertesting.2019.106004_part_1.txt_¶Î1_Material1
C=C([CH3])C(=O)O[CH3],C[Si](O[*])(C)[*],O=[Si]=O,,,2.3654879848909,10.1002_app.50252_part_2.txt_¶Î1_Material1
[*]CC([*])Cl,[*]CCCC([*])OC(C)=O,[C],,,1.4886916983169407,10.1007_s00289-018-2389-8_part_1.txt_¶Î1_Material1
[*]C([H])([H])C(O)([H])[*],[*]C([H])([H])C(O)([H])[*],O=[Si]=O.[Ca]=O,O=[Si]=O,[H]O[H],1.077731179652392,10.1016_j.conbuildmat.2014.12.071_part_1.txt_¶Î1_Material2
[*]C([H])([H])C(O)([H])[*],O=C([O-])[O-].[Ca+2],,,,1.944482672150169,10.1007_s00289-020-03492-x_part_4.txt_¶Î1_Material1
[*]C/C=C/CCC([*])C#N,[C],,,,2.556302500767288,10.1002_app.49936_part_2.txt_¶Î1_Material1
[*]CC[*],[Fe],,,,1.146128035678238,10.1016_j.jmrt.2019.01.001_part_3.txt_¶Î1_Material1
[*]C1C(OC(C(C1O)O)OC2C(OC(C(C2O)O)O[*])CO)CO,[*]C1C(C(C(OC1C(O[Na])=O)OC2C(C(O[Na])=O)OC(O[*])C(O)C2O)O)O,[*]NC(C(N1CCCC1C(NCC(N2CC(CC2C(NC(C(NCC([*])=O)=O)CO)=O)O)=O)=O)=O)CCCCN,,,1.462397997898956,10.1016_j.foodres.2020.110059_part_1.txt_¶Î1_Material2
O=C(C1=CC=C(C=C1)C(OCC[*])=O)O[*],[*]OCC[*],,,,1.4771212547196624,10.1134_s0965545x10060076_part_1.txt_¶Î1_Material2
[*]NC(C(N1CCCC1C(NCC(N2CC(CC2C(NC(C(NCC([*])=O)=O)CO)=O)O)=O)=O)=O)CCCCN,O=[Ti]=O,,,,1.2054750367408908,10.1016_j.foodhyd.2020.105695_part_1.txt_¶Î1_Material1
O=C([*])OC1=CC=C(C=C1)C(C)(C)C2=CC=C(C=C2)O[*],[*]CC(CC=CCC([*])C1=CC=CC=C1)C#N,O=[Si]=O,O=[Si]=O,,1.0718820073061257,10.1002_app.45777_part_2.txt_¶Î1_Material1
OCC1OC(C(C(C1O[*])O)O)[*],O=[Si]=O,,,,1.3138672203691537,10.1016_j.carbpol.2012.08.108_part_1.txt_¶Î1_Material1
[*]C([H])([H])C(O)([H])[*],[*]CC[*],C(CC=O)CC=O,,,2.102810890916915,10.1002_pc.24796_part_1.txt_¶Î1_Material1
[*]C(CCCCCO[*])=O,[H][Si]([H])([H])[H],,,,2.4771212547196626,10.3390_polym2020071_part_3.txt_¶Î1_Material1
OCC(C(C(C1N)O)O[*])OC1OC2C(OC(C(C2O)N)[*])CO,[*]OC1C(C(OC(C1O)OC2C3C(C(OC2CO3)[*])O)CO)O,C(CC=O)CC=O,,,1.1760912590556811,10.1016_j.carbpol.2018.10.002_part_5.txt_¶Î1_Material1
[*]CC(C1=CC=CC=C1)C/C=C/C[*],,,,,2.622214022966295,10.1177_0892705715614061_part_2.txt_¶Î1_Material1
O=C(C(C[*])[*])N,O=C(O)C([*])C[*],,,,2.70586371228392,10.1016_j.polymer.2016.01.025_part_1.txt_¶Î1_Material1
[*]C1C(C(C(OC1C(O[Na])=O)OC2C(C(O[Na])=O)OC(O[*])C(O)C2O)O)O,[*]C([H])([H])C(O)([H])[*],C(CC=O)CC=O,,,2.322219294733919,10.1016_j.matlet.2020.128517_part_1.txt_¶Î1_Material1
OCC(C(C(C1N)O)O[*])OC1OC2C(OC(C(C2O)N)[*])CO,[*]NC(C(N1CCCC1C(NCC(N2CC(CC2C(NC(C(NCC([*])=O)=O)CO)=O)O)=O)=O)=O)CCCCN,[Zn]=O,OCC(O)CO,,1.7352794480604568,10.11113_jt.v81.12605_part_1.txt_¶Î1_Material1
[*]C1C(OC(C(C1O)O)OC2C(OC(C(C2O)O)O[*])CO)CO,O=[Al]O[Al]=O.O=[Si]=O.O=[Si]=O.O=[Si]=O,,,,1.2624510897304295,10.1002_app.32312_part_1.txt_¶Î1_Material2
OCC(C(C(C1N)O)O[*])OC1OC2C(OC(C(C2O)N)[*])CO,[*]C1C(C(C(OC1C(O[Na])=O)OC2C(C(O[Na])=O)OC(O[*])C(O)C2O)O)O,Cl[Ca]Cl,,,1.8260748027008264,10.1002_masy.201600141_part_1.txt_¶Î1_Material1
O=C(O[Na])COCC(OC(C(C1O)O)[*])C1OC(C(C(C2O[*])O)O)OC2COCC(O[Na])=O,[Cu],,,,1.7834747875822463,10.1016_j.fpsl.2018.07.003_part_1.txt_¶Î1_Material1
O=C([*])C(C)O[*],O=C([*])C(C)O[*],,,,0.3783979009481377,10.1002_pc.25284_part_2.txt_¶Î1_Material1
OCC1OC(C(C(C1[*])O)O)OC2C(C(C(OC2CO)O[*])O)O,[H][O-],O=C(N)N,,,0.9138138523837168,10.1007_s10570-018-1649-y_part_3.txt_¶Î1_Material1
O=[Si]=O.[Ca]=O,[*]C([H])([H])C(O)([H])[*],,,,0.4771212547196624,10.1007_s11771-021-4710-1_part_2.txt_¶Î1_Material1
OCC(C(C(C1N)O)O[*])OC1OC2C(OC(C(C2O)N)[*])CO,O=[Ti]=O,,,,0.6785183790401139,10.1111_jfpp.14536_part_1.txt_¶Î1_Material1
[*]C1C(C(C(OC1C(O[Na])=O)OC2C(C(O[Na])=O)OC(O[*])C(O)C2O)O)O,O=P([O-])([O-])[O-].[Ca+2].[Ca+2].[OH-],O=[Si]=O,,,1.1705550585212086,10.1007_s12221-010-0398-9_part_1.txt_¶Î1_Material1
[*]CC[*],O=C(C1=CC=C(C=C1)C(OCC[*])=O)O[*],OCC1OC(C(C(C1[*])O)O)OC2C(C(C(OC2CO)O[*])O)O,C=C(C(OCC1CO1)=O)C,,0.7481880270062004,10.1016_j.biortech.2009.12.069_part_1.txt_¶Î1_Material1
[*]C([H])([H])C(O)([H])[*],[*]CC([*])N1CCCC1=O,,,,2.257678574869185,10.1007_s10854-017-8110-0_part_2.txt_¶Î1_Material1
C[Si](C)(C[*])O[*],NCCC[Si](OCC)(OCC)OCC,,,,2.204119982655925,10.1016_j.polymer.2018.11.043_part_2.txt_¶Î1_Material1
[*]C(C)C[*],[*]CC[*],[Cu],,,1.380211241711606,10.32737_0005-2531-2021-3-49-53_OA_part_1.txt_¶Î1_Material1
O=C(CCCCC(N(CCCCCCN([*])[H])[H])=O)[*],[*]C(C)C[*],S=[Mo]=S,C12[Si]34C15C3C425,O=[Al]O[Al]=O,1.4471580313422192,10.1007_s12666-016-0971-z_part_2.txt_¶Î1_Material1
[*]NC(C)C(N1CCCC1C([*])=O)=O,[Zn]=O,OCC(O)CO,,,1.110589710299249,10.1016_j.msec.2019.110394_part_1.txt_¶Î1_Material1
FC(F)([*])C([H])([*])[H],,,,,2.52244423350632,10.3390_ma11030347_part_3.txt_¶Î1_Material2
C/C(C[*])=C/C[*],[*]C/C=C/CCC(C=C)CC([*])C1=CC=CC=C1,[C],OC1=C2C(C3(O)C4C5C6=C7C8C(C9=CC(C(O)=O)=C(C=C(C=C%10C(O)=O)C%11%12)C(C%11=C%13C%14C%15%16C%17(O%16)C%18C%19=C%20C%21=C%22C(C(O)=C%23)=C%24C%25C%21=C%26C%19=C%27C%17=C%28C%14(O)C%12=C%10C=C%28CC%27=CC%26=CC%25=C(C(O)=O)C=C%24)C9=C7C%13(O)C5=C%15C3=C%18C%29%30C%20(O%30)C%31C%22C%23=C%32)=CC(C(O)=O)=CC8=CC6=C(C(O)=O)C4=C2)=C%29C%33=C%31C%32=C(C(O)=O)C=C%331,O=C(O)CCCCCCCCCCCCCCCCC,2.7299742856995555,10.1016_j.radphyschem.2010.08.015_part_1.txt_¶Î1_Material1
[*]C(C)C[*],[*]/C=C\CC/C=C\CC(CC([*])C1=CC=CC=C1)C2=CC=CC=C2,O=[Si]=O,[*]C(C)C[*],,1.504470862494419,10.1007_s10118-020-2399-5_part_2.txt_¶Î1_Material1
O=C([*])C(C)O[*],[H][O-],,,,0.5440680443502757,10.1007_s10570-017-1478-4_part_2.txt_¶Î1_Material1
[*]OC1C(O)C(O)C(OC2C(CO)OC([*])C(O)C2O)OC1CO,O=C(C1=CC=C(C=C1)C(OCC[*])=O)O[*],,,,1.1760912590556811,10.1007_s10570-019-02802-5_part_2.txt_¶Î1_Material1
O=C(O)C([*])C[*],[*]CC(C#N)[*],O=[Al]O[Al]=O,,,3.282463499599315,10.3390_polym10121362_part_2.txt_¶Î1_Material1
[*]C(C)C[*],[*]CCC(CCCC(CCCC(C[*])C)C)C,[*]CCC(CCCC(CCCC(C[*])C)C)C,,,1.9491947742379825,10.1002_app.38495_part_1.txt_¶Î1_Material1
[*]C([H])([H])C(O)([H])[*],[*]C1C(OC(C(C1O)O)OC2C(OC(C(C2O)O)O[*])CO)CO,,,,2.4471580313422194,10.1007_s10570-018-1691-9_part_4.txt_¶Î1_Material2
[*]OCC[*],OCC(C(C(C1N)O)O[*])OC1OC2C(OC(C(C2O)N)[*])CO,O=C(C1=CC=C(C=C1)OCCOC(C=C)=O)C(C)(C)O,OC(C(C)(CC(C1=CC=CC=C1)[*])CC(C[*])(C(OCC2CO2)=O)C)=O,,1.975109989686161,10.1002_app.42459_part_1.txt_¶Î1_Material2
[*]C([H])([H])C(O)([H])[*],OC(C(CC(O)=O)(CC(O)=O)O)=O,,,,2.00774777800074,10.1002_pts.2566_part_2.txt_¶Î1_Material1
[*]CC(COC1=CC=C(C=C1)C(C)(C)C2=CC=C(C=C2)O[*])O,O=[Si]=O,[H][Si]([H])([H])[H],[H][Si]([H])([H])[H],,0.9030899869919436,10.1016_j.compositesb.2013.10.069_part_1.txt_¶Î1_Material1
O=C(O[Na])COCC1OC(OC2C(COCC(O[Na])=O)OC([*])C(O)C2O)C(O)C(O)C1O[*],OCC(C(C(C1N)O)O[*])OC1OC2C(OC(C(C2O)N)[*])CO,OCC(O)CO,,,1.1760912590556811,10.1515_hf.2011.113_part_1.txt_¶Î1_Material1
O=C(C1=CC=C(C=C1)C(OCC[*])=O)O[*],OC1=C2C(C3(O)C4C5C6=C7C8C(C9=CC(C(O)=O)=C(C=C(C=C%10C(O)=O)C%11%12)C(C%11=C%13C%14C%15%16C%17(O%16)C%18C%19=C%20C%21=C%22C(C(O)=C%23)=C%24C%25C%21=C%26C%19=C%27C%17=C%28C%14(O)C%12=C%10C=C%28CC%27=CC%26=CC%25=C(C(O)=O)C=C%24)C9=C7C%13(O)C5=C%15C3=C%18C%29%30C%20(O%30)C%31C%22C%23=C%32)=CC(C(O)=O)=CC8=CC6=C(C(O)=O)C4=C2)=C%29C%33=C%31C%32=C(C(O)=O)C=C%331,,,,1.1778249718646818,10.14233_ajchem.2019.21790_part_1.txt_¶Î1_Material2
[*]C(C)C[*],[*]C(C)C[*],O=[Mg].O=[Si]=O.O=[Si]=O.O=[Si]=O.O=[Si]=O.O=[Mg].O=[Mg].O,,,1.089905111439398,10.1504_ijmmm.2017.082905_part_2.txt_¶Î1_Material1
OC1C(O[*])C(C(O[Ca]O2)=O)OC(OC3C(O)C(O)C(OC4C(C(O[Ca]O5)=O)OC(OC6C(O)C(O)C(OC7C(C(O[Ca]O8)=O)OC(OC9C(O)C(O)C([*])OC9C8=O)C(O)C7O)OC6C5=O)C(O)C4O)OC3C2=O)C1O,,,,,1.740362689494244,10.1039_c8gc00590g_part_6.txt_¶Î1_Material1
[*]C(C)C[*],CC1=CC(C)=C(C(C)=C1)C(P(C2=CC=CC=C2)(C3=CC=CC=C3)=O)=O,O=[Si]=O,[*]C(C)C[*],,1.2278867046136734,10.1007_s10118-020-2399-5_part_1.txt_¶Î1_Material1
OCC1OC(C(C(C1O[*])O)O)[*],O=C(CCCCC(N(CCCCCCN([*])[H])[H])=O)[*],,,,1.3577443251803756,10.1007_s12221-019-1174-0_part_1.txt_¶Î1_Material1
[*]C([H])([H])C(O)([H])[*],OCC(C(C(C1N)O)O[*])OC1OC2C(OC(C(C2O)N)[*])CO,[Ag+],,,1.6532125137753435,10.1016_j.ijbiomac.2020.02.048_part_1.txt_¶Î1_Material1
O=C([*])C(C)O[*],O=[Si]=O,OC1=C2C(C3(O)C4C5C6=C7C8C(C9=CC(C(O)=O)=C(C=C(C=C%10C(O)=O)C%11%12)C(C%11=C%13C%14C%15%16C%17(O%16)C%18C%19=C%20C%21=C%22C(C(O)=C%23)=C%24C%25C%21=C%26C%19=C%27C%17=C%28C%14(O)C%12=C%10C=C%28CC%27=CC%26=CC%25=C(C(O)=O)C=C%24)C9=C7C%13(O)C5=C%15C3=C%18C%29%30C%20(O%30)C%31C%22C%23=C%32)=CC(C(O)=O)=CC8=CC6=C(C(O)=O)C4=C2)=C%29C%33=C%31C%32=C(C(O)=O)C=C%331,OC(C(C)(CC(C1=CC=CC=C1)[*])CC(C[*])(C(OCC2CO2)=O)C)=O,,0.9912260756924948,10.1080_00222348.2014.998556_part_3.txt_¶Î1_Material1
[*]C/C=C/CCC(C=C)CC([*])C1=CC=CC=C1,[*]CCCC(C1C([*])C2CC1C/C2=C/C)C,OC1=C2C(C3(O)C4C5C6=C7C8C(C9=CC(C(O)=O)=C(C=C(C=C%10C(O)=O)C%11%12)C(C%11=C%13C%14C%15%16C%17(O%16)C%18C%19=C%20C%21=C%22C(C(O)=C%23)=C%24C%25C%21=C%26C%19=C%27C%17=C%28C%14(O)C%12=C%10C=C%28CC%27=CC%26=CC%25=C(C(O)=O)C=C%24)C9=C7C%13(O)C5=C%15C3=C%18C%29%30C%20(O%30)C%31C%22C%23=C%32)=CC(C(O)=O)=CC8=CC6=C(C(O)=O)C4=C2)=C%29C%33=C%31C%32=C(C(O)=O)C=C%331,[C],,2.551449997972876,10.1002_app.39253_part_1.txt_¶Î1_Material1
[*]C1C(O)C(O)C(OC2C(O)C(O)C(O[*])OC2COC(C)=O)OC1COC(C)=O,,,,,1.167317334748176,10.1016_j.carbpol.2017.09.098_part_1.txt_¶Î1_Material1
[*]OCCCCOC(CCC([*])=O)=O,O=C(C1=CC=C(C=C1)C(OCC[*])=O)O[*],,,,2.0569048513364727,10.1021_ie101798n_part_2.txt_¶Î1_Material1
[*]CC([*])Cl,[O-][Si]([O-])([O-])O[Si]([O-])([O-])[O-].[Ca+2],,,,0.7781512503836436,10.1016_j.mtcomm.2020.101273_part_2.txt_¶Î1_Material1
[*]C1C(C(C(OC1C(O[Na])=O)OC2C(C(O[Na])=O)OC(O[*])C(O)C2O)O)O,[*]NC(C(N1CCCC1C(NCC(N2CC(CC2C(NC(C(NCC([*])=O)=O)CO)=O)O)=O)=O)=O)CCCCN,OCC(O)CO,OCCOC1C(OCCO)C(C(OCCO)COCCOC(CCCCCCCCCCCCCCCCC)=O)OC1,,1.72916478969277,10.1088_1755-1315_101_1_012019_part_1.txt_¶Î1_Material1
OCC1OC(C(C(C1[*])O)O)OC2C(C(C(OC2CO)O[*])O)O,OCC1OC(C(C(C1[*])O)O)OC2C(C(C(OC2CO)O[*])O)O,,,,0.3979400086720376,10.1007_s10570-019-02895-y_part_5.txt_¶Î1_Material1
O=C(C1=CC=C(C=C1)C(OCC[*])=O)O[*],O=C=O,,,,2.1760912590556813,10.1007_s13367-013-0015-8_part_1.txt_¶Î1_Material1
[*]CC(C1=CC=CC=C1)[*],[*]CC(C1=CC=CC=C1)[*],,,,0.4913616938342727,10.1002_app.32638_part_1.txt_¶Î1_Material2
OCC(C(C(C1N)O)O[*])OC1OC2C(OC(C(C2O)N)[*])CO,[*]CC(C#N)[*],,,,1.230448921378274,10.1016_j.polymertesting.2018.04.031_part_1.txt_¶Î1_Material1
OCC1OC(C(C(C1[*])O)O)OC2C(C(C(OC2CO)O[*])O)O,[*]C([H])([H])C(O)([H])[*],OC1=C2C(C3(O)C4C5C6=C7C8C(C9=CC(C(O)=O)=C(C=C(C=C%10C(O)=O)C%11%12)C(C%11=C%13C%14C%15%16C%17(O%16)C%18C%19=C%20C%21=C%22C(C(O)=C%23)=C%24C%25C%21=C%26C%19=C%27C%17=C%28C%14(O)C%12=C%10C=C%28CC%27=CC%26=CC%25=C(C(O)=O)C=C%24)C9=C7C%13(O)C5=C%15C3=C%18C%29%30C%20(O%30)C%31C%22C%23=C%32)=CC(C(O)=O)=CC8=CC6=C(C(O)=O)C4=C2)=C%29C%33=C%31C%32=C(C(O)=O)C=C%331,,,1.6136075516125423,10.5402_2012_154314_part_1.txt_¶Î1_Material1
[*]CCN[*],O=C([*])OC1=CC=C(C=C1)C(C)(C)C2=CC=C(C=C2)O[*],,,,2,10.5762_kais.2014.15.2.1216_OA_part_1.txt_¶Î1_Material1
OC1=C2C(C3(O)C4C5C6=C7C8C(C9=CC(C(O)=O)=C(C=C(C=C%10C(O)=O)C%11%12)C(C%11=C%13C%14C%15%16C%17(O%16)C%18C%19=C%20C%21=C%22C(C(O)=C%23)=C%24C%25C%21=C%26C%19=C%27C%17=C%28C%14(O)C%12=C%10C=C%28CC%27=CC%26=CC%25=C(C(O)=O)C=C%24)C9=C7C%13(O)C5=C%15C3=C%18C%29%30C%20(O%30)C%31C%22C%23=C%32)=CC(C(O)=O)=CC8=CC6=C(C(O)=O)C4=C2)=C%29C%33=C%31C%32=C(C(O)=O)C=C%331,[*]C1C(C(C(OC1C(O[Na])=O)OC2C(C(O[Na])=O)OC(O[*])C(O)C2O)O)O,OCC1OC(C(C(C1[*])O)O)OC2C(C(C(OC2CO)O[*])O)O,Cl[Ca]Cl,,1.1760912590556811,10.1007_s10570-017-1541-1_part_1.txt_¶Î1_Material1
[*]NCC(NC(C(ONCC(NC(C(NCC(NC(C([*])=O)C)=O)=O)C)=O)=O)CO)=O,[*]C([H])([H])C(O)([H])[*],OCC(O)CO,,,2.1233942481055306,10.1016_j.compositesb.2018.08.136_part_1.txt_¶Î1_Material1
[*]C(C)C[*],NC1=CC=C(C=C1)/C2=C3C=C/C(N\3)=C(C4=N/C(C=C4)=C(C5=CC=C(N5)/C(C6=CC=CC=C6)=C7N=C2C=C\7)/C8=CC=CC=C8)\C9=CC=CC=C9,O=[Al]O[Al]=O,NC1=CC=C(C=C1)/C2=C3C=C/C(N\3)=C(C4=N/C(C=C4)=C(C5=CC=C(N5)/C(C6=CC=CC=C6)=C7N=C2C=C\7)/C8=CC=CC=C8)\C9=CC=CC=C9,,1.0969100130080565,10.1007_s40684-019-00135-z_part_1.txt_¶Î1_Material2
[*]C([H])([H])C(O)([H])[*],[*]C1C(C(C(OC1C(O[Na])=O)OC2C(C(O[Na])=O)OC(O[*])C(O)C2O)O)O,O=C(C(C[*])[*])N,[Ca+2],[Fe+3],2.9400181550076634,10.1002_pen.25164_part_1.txt_¶Î1_Material1
[*]C([C@H](C)OC([C@H](C)O[*])=O)=O,[*]C(CCCCCO[*])=O,,,,1.5327543789924978,10.1016_j.compscitech.2011.11.009_part_1.txt_¶Î1_Material1
[*]CC(COC1=CC=C(C=C1)C(C)(C)C2=CC=C(C=C2)O[*])O,O=C([*])OC1=CC=C(C=C1)C(C)(C)C2=CC=C(C=C2)O[*],[H][Si]([H])([H])[H],,,0.5658478186735176,10.1080_03602559.2011.566298_part_1.txt_¶Î1_Material1
[*]CC(COC1=CC=C(C=C1)C(C)(C)C2=CC=C(C=C2)O[*])O,[*]OC1OC(CO)C(OC2C(O)C(O)C([*])C(CO)O2)C(O)C1O,O=C(C1=CC=C(C=C1)C(OCC[*])=O)O[*],,,0.6989700043360189,10.3390_fib7080072_part_2.txt_¶Î1_Material3
[*]CC(COC1=CC=C(C=C1)C(C)(C)C2=CC=C(C=C2)O[*])O,[H][Si]([H])([H])[H],[H][Si]([H])([H])[H],,,-0.187086643,10.1007_s10570-013-0044-y_part_3.txt_¶Î1_Material2
[*]C(C)C[*],CC1=CC(O)=C(C=C1CCCC(C2=C(C=C(C(C(C)(C)C)=C2)O)C)C3=CC(C(C)(C)C)=C(C=C3C)O)C(C)(C)C,CC1=CC(O)=C(C=C1CCCC(C2=C(C=C(C(C(C)(C)C)=C2)O)C)C3=CC(C(C)(C)C)=C(C=C3C)O)C(C)(C)C,O=C(CCCCCCCCCCCCCCCCC)O[Ca]OC(CCCCCCCCCCCCCCCCC)=O,,0.8992731873176038,10.4028_www.scientific.net_amr.239-242.288_part_1.txt_¶Î1_Material1
O=S(C(C=C1)=CC=C1OC(C=C2)=CC=C2C(C)(C)C(C=C3)=CC=C3O[*])(C4=CC=C([*])C=C4)=O,OCC(C(C(C1N)O)O[*])OC1OC2C(OC(C(C2O)N)[*])CO,C(CC=O)CC=O,,,1.5021538928713607,10.1177_155892501400900109_part_2.txt_¶Î1_Material1
O=C([*])C(C)O[*],[*]CCCC([*])OC(C)=O,OC1=C2C(C3(O)C4C5C6=C7C8C(C9=CC(C(O)=O)=C(C=C(C=C%10C(O)=O)C%11%12)C(C%11=C%13C%14C%15%16C%17(O%16)C%18C%19=C%20C%21=C%22C(C(O)=C%23)=C%24C%25C%21=C%26C%19=C%27C%17=C%28C%14(O)C%12=C%10C=C%28CC%27=CC%26=CC%25=C(C(O)=O)C=C%24)C9=C7C%13(O)C5=C%15C3=C%18C%29%30C%20(O%30)C%31C%22C%23=C%32)=CC(C(O)=O)=CC8=CC6=C(C(O)=O)C4=C2)=C%29C%33=C%31C%32=C(C(O)=O)C=C%331,,,1.5599066250361124,10.1002_pat.5435_part_2.txt_¶Î1_Material1
[*]CC[*],[*]CC[*],[*]C(C)C[*],C=C([CH3])C(=O)OC([CH3])[CH3],,0.6812412373755872,10.1016_j.matdes.2014.04.033_part_1.txt_¶Î1_Material2
[*]C(C)C[*],[*]C(C)C[*],[*]CC(CCCC(CC)CC([*])C1=CC=CC=C1)C2=CC=CC=C2,,,0.9030899869919436,10.3390_ma8125451_part_2.txt_¶Î1_Material1
[*]CC(COC1=CC=C(C=C1)C(C)(C)C2=CC=C(C=C2)O[*])O,C12=CC3=CC4=CC=CN=C4N=C3N=C1N=C5N=C6N=CC=CC6=CC5=C2,[*]C1=CC=C(C=C1)C(N[*])=O,,,0.3979400086720376,10.1177_1369433220933461_part_1.txt_¶Î1_Material1
CC(COC(C(CC(C(C(C(OC(C)C)=O)C1=CC=CC=C1)C(OCC(OC(C2=CC=CC=C2C(O)=O)=O)C)=O)C3=CC=CC=C3)C(C(OC(C)C[*])=O)C4=CC=CC=C4)=O)OC(C5=CC=CC=C5C(O[*])=O)=O,OC1=C2C(C3(O)C4C5C6=C7C8C(C9=CC(C(O)=O)=C(C=C(C=C%10C(O)=O)C%11%12)C(C%11=C%13C%14C%15%16C%17(O%16)C%18C%19=C%20C%21=C%22C(C(O)=C%23)=C%24C%25C%21=C%26C%19=C%27C%17=C%28C%14(O)C%12=C%10C=C%28CC%27=CC%26=CC%25=C(C(O)=O)C=C%24)C9=C7C%13(O)C5=C%15C3=C%18C%29%30C%20(O%30)C%31C%22C%23=C%32)=CC(C(O)=O)=CC8=CC6=C(C(O)=O)C4=C2)=C%29C%33=C%31C%32=C(C(O)=O)C=C%331,,,,0.4771212547196624,10.1080_15440478.2019.1687069_part_1.txt_¶Î1_Material1
[*]CC(C#N)[*],[*]CC(C#N)[*],,,,1.4771212547196624,10.1038_s41467-019-09218-6_part_1.txt_¶Î1_Material1
[*]CCCC(C1C([*])C2CC1C/C2=C/C)C,OC1=C2C(C3(O)C4C5C6=C7C8C(C9=CC(C(O)=O)=C(C=C(C=C%10C(O)=O)C%11%12)C(C%11=C%13C%14C%15%16C%17(O%16)C%18C%19=C%20C%21=C%22C(C(O)=C%23)=C%24C%25C%21=C%26C%19=C%27C%17=C%28C%14(O)C%12=C%10C=C%28CC%27=CC%26=CC%25=C(C(O)=O)C=C%24)C9=C7C%13(O)C5=C%15C3=C%18C%29%30C%20(O%30)C%31C%22C%23=C%32)=CC(C(O)=O)=CC8=CC6=C(C(O)=O)C4=C2)=C%29C%33=C%31C%32=C(C(O)=O)C=C%331,OC1=C2C(C3(O)C4C5C6=C7C8C(C9=CC(C(O)=O)=C(C=C(C=C%10C(O)=O)C%11%12)C(C%11=C%13C%14C%15%16C%17(O%16)C%18C%19=C%20C%21=C%22C(C(O)=C%23)=C%24C%25C%21=C%26C%19=C%27C%17=C%28C%14(O)C%12=C%10C=C%28CC%27=CC%26=CC%25=C(C(O)=O)C=C%24)C9=C7C%13(O)C5=C%15C3=C%18C%29%30C%20(O%30)C%31C%22C%23=C%32)=CC(C(O)=O)=CC8=CC6=C(C(O)=O)C4=C2)=C%29C%33=C%31C%32=C(C(O)=O)C=C%331,,,3.221030637316038,10.1016_j.polymer.2020.122824_part_1.txt_¶Î1_Material1
[*]OCCCOC(C1=CC=C(C([*])=O)C=C1)=O,O=C([O-])[O-].[Ca+2],[Ti](OCCCC)(OCCCC)(OCCCC)OCCCC,,,1.8750612633917,10.1155_2013_890749_part_1.txt_¶Î1_Material1
[*]NCC(NC(C(ONCC(NC(C(NCC(NC(C([*])=O)C)=O)=O)C)=O)=O)CO)=O,[*]NCC(NC(C(ONCC(NC(C(NCC(NC(C([*])=O)C)=O)=O)C)=O)=O)CO)=O,,,,1.577146984827525,10.1177_0040517519837727_part_2.txt_¶Î1_Material1
[*]C(NC1=C(C)C(NC(OCCO[*])=O)=CC=C1)=O,[*]OCC[*],CC(CO[*])[*],,,2,10.3390_polym13040573_part_3.txt_¶Î1_Material1
[*]C(C)C[*],[*]CCCC(C1C([*])C2CC1C/C2=C/C)C,[*]CCCC(C1C([*])C2CC1C/C2=C/C)C,,,2.041392685158225,10.1002_pen.24320_part_1.txt_¶Î1_Material1
[*]C/C=C/CCC(C/C=C\C[*])C=C,CC1=CC=C(C=C1N=C=O)N=C=O,,,,2.4771212547196626,10.1007_s00396-016-4010-8_part_3.txt_¶Î1_Material1
[*]OCCCOC(C1=CC=C(C([*])=O)C=C1)=O,,,,,1.4640422054388107,10.3390_polym8070237_part_2.txt_¶Î1_Material1
[*]CC(COC1=CC=C(C=C1)C(C)(C)C2=CC=C(C=C2)O[*])O,O=C(O)C(C[*])CC(CC(C(C(O)=O)[*])C(O)=O)C(O)=O,O=C(C1=CC=C(C=C1)OCCOC(C=C)=O)C(C)(C)O,O=C(C1=CC=C(C=C1)OCCOC(C=C)=O)C(C)(C)O,,1.6334684555795864,10.1002_app.49881_part_1.txt_¶Î1_Material1
[*]CC([*])Cl,[*]C/C=C/CCC([*])C#N,C12[Si]34C15C3C425,,,2.3384564936046046,10.1002_app.39063_part_1.txt_¶Î1_Material1
[*]CC[*],O=[Si]=O.[Ca]=O,[H]O[H],,,0.4771212547196624,10.1016_j.cemconcomp.2022.104770_OA_part_1.txt_¶Î1_Material1
O=C([*])C(C)O[*],[*]C(CCCCC(OCCCCO[*])=O)=O,OC1=C2C(C3(O)C4C5C6=C7C8C(C9=CC(C(O)=O)=C(C=C(C=C%10C(O)=O)C%11%12)C(C%11=C%13C%14C%15%16C%17(O%16)C%18C%19=C%20C%21=C%22C(C(O)=C%23)=C%24C%25C%21=C%26C%19=C%27C%17=C%28C%14(O)C%12=C%10C=C%28CC%27=CC%26=CC%25=C(C(O)=O)C=C%24)C9=C7C%13(O)C5=C%15C3=C%18C%29%30C%20(O%30)C%31C%22C%23=C%32)=CC(C(O)=O)=CC8=CC6=C(C(O)=O)C4=C2)=C%29C%33=C%31C%32=C(C(O)=O)C=C%331,OC(C(C)(CC(C1=CC=CC=C1)[*])CC(C[*])(C(OCC2CO2)=O)C)=O,,2.6131015169669127,10.3390_polym13152489_part_3.txt_¶Î1_Material1
[*]CC([*])Cl,O=[Al]O[Al]=O.O=[Si]=O.O=[Si]=O.O=[Si]=O,,,,1.146128035678238,10.1002_app.38401_part_1.txt_¶Î1_Material1
[*]C(C)C[*],[*]C1=C(O)C(C(C)(C)C)=C(O)C(C)=C1SS[*],OC1=C2C(C3(O)C4C5C6=C7C8C(C9=CC(C(O)=O)=C(C=C(C=C%10C(O)=O)C%11%12)C(C%11=C%13C%14C%15%16C%17(O%16)C%18C%19=C%20C%21=C%22C(C(O)=C%23)=C%24C%25C%21=C%26C%19=C%27C%17=C%28C%14(O)C%12=C%10C=C%28CC%27=CC%26=CC%25=C(C(O)=O)C=C%24)C9=C7C%13(O)C5=C%15C3=C%18C%29%30C%20(O%30)C%31C%22C%23=C%32)=CC(C(O)=O)=CC8=CC6=C(C(O)=O)C4=C2)=C%29C%33=C%31C%32=C(C(O)=O)C=C%331,,,2.4871383754771865,10.1002_app.45354_part_3.txt_¶Î1_Material1
[*]NC1=CC=C([*])C=C1,[*]C([H])([H])C(O)([H])[*],O=[Ti]=O,,,1.9030899869919435,10.1016_j.matpr.2015.07.271_part_1.txt_¶Î1_Material1
[*]C(CCCCCO[*])=O,[*]NC(C(N1CCCC1C(NCC(N2CC(CC2C(NC(C(NCC([*])=O)=O)CO)=O)O)=O)=O)=O)CCCCN,,,,2.186391215695493,10.1016_j.matchemphys.2017.03.051_part_3.txt_¶Î1_Material1
[*]CC(O[*])CN=[N+]=[N-],[*]CCCCO[*],,,,3.124751949819044,10.1002_pen.24831_part_2.txt_¶Î1_Material1
[*]CC(COC1=CC=C(C=C1)C(C)(C)C2=CC=C(C=C2)O[*])O,OCC1OC(C(C(C1[*])O)O)OC2C(C(C(OC2CO)O[*])O)O,,,,0.1760912590556812,10.1007_s10570-015-0728-6_part_2.txt_¶Î1_Material1
OC1=C(C=CC=C1CC2=CC=CC([*])=C2O)CC3=CC=CC([*])=C3O,[H][O-],OS(=O)(OOS(O)(=O)=O)=O.N.N,,,1.141136090120739,10.1002_pen.23772_part_1.txt_¶Î1_Material1
[*]C1C(C(C(OC1C(O[Na])=O)OC2C(C(O[Na])=O)OC(O[*])C(O)C2O)O)O,[Ag],[Ag],,,1.1978316933289028,10.1002_adv.21450_part_2.txt_¶Î1_Material1
O=C([*])C(C)O[*],O=C(O[*])CCCCCCCCCCN[*],,,,1.8976270912904407,10.3144_expresspolymlett.2015.67_part_2.txt_¶Î1_Material1
O=C([*])C(C)O[*],C[N+](CCO)(CCO)[3H],,,,1.155336037465062,10.1002_pen.24955_part_1.txt_¶Î1_Material1
[*]OCCOC(CC(C([*])=O)C(C1CCCCC1)CC(CC(O)=O)C(OCCO)=O)=O,C=C(C)C(=O)OCC(O)COC1=CC=C(C(C2=CC=C(O)C=C2)(C)C)C=C1,[*]CC(COC1=CC=C(C=C1)C(C)(C)C2=CC=C(C=C2)O[*])O,,,1.5438198051426577,10.4028_www.scientific.net_amr.701.8_part_1.txt_¶Î1_Material1
[*]C1C(OC(C(C1O)O)OC2C(OC(C(C2O)O)O[*])CO)CO,[*]C([H])([H])C(O)([H])[*],O=[Si]=O,,,1.6989700043360187,10.1016_j.carbpol.2010.11.042_part_1.txt_¶Î1_Material1
[*]C(N(CN(C(OCOC(N(CN(C(OCCO[*])=O)[H])[H])=O)=O)[H])[H])=O,CCCCCCCCCCCCCCCCCCOC(CCC1=CC(C(C)(C)C)=C(C(C(C)(C)C)=C1)O)=O,,,,2.950364854376123,10.1016_j.jmapro.2019.09.022_part_1.txt_¶Î1_Material1
[*]C1C(OC(C(C1O)O)OC2C(OC(C(C2O)O)O[*])CO)CO,OCC(C(C(C1N)O)O[*])OC1OC2C(OC(C(C2O)N)[*])CO,OC[C@@H]([C@H]([C@@H]([C@@H](CO)O)O)O)O,[H]Cl,,1.0791812460476249,10.1088_1757-899x_180_1_012126_part_2.txt_¶Î1_Material1
O=C([*])C(C)O[*],[H][O-],CC(=O)O,,,0.3979400086720376,10.1177_0731684412441867_part_1.txt_¶Î1_Material1
[*]CC(COC1=CC=C(C=C1)C(C)(C)C2=CC=C(C=C2)O[*])O,O=[Ti]=O,OCC1OC(C(C(C1O[*])O)O)[*],,,0.6127838567197355,10.1016_j.compscitech.2021.108884_part_1.txt_¶Î1_Material1
C/C(C[*])=C/C[*],OC(C(C)(CC(C1=CC=CC=C1)[*])CC(C[*])(C(OCC2CO2)=O)C)=O,OC1=C2C(C3(O)C4C5C6=C7C8C(C9=CC(C(O)=O)=C(C=C(C=C%10C(O)=O)C%11%12)C(C%11=C%13C%14C%15%16C%17(O%16)C%18C%19=C%20C%21=C%22C(C(O)=C%23)=C%24C%25C%21=C%26C%19=C%27C%17=C%28C%14(O)C%12=C%10C=C%28CC%27=CC%26=CC%25=C(C(O)=O)C=C%24)C9=C7C%13(O)C5=C%15C3=C%18C%29%30C%20(O%30)C%31C%22C%23=C%32)=CC(C(O)=O)=CC8=CC6=C(C(O)=O)C4=C2)=C%29C%33=C%31C%32=C(C(O)=O)C=C%331,[S],,2.6232492903979003,10.1002_pc.24417_part_1.txt_¶Î1_Material1
[*]NCC(NC(C(ONCC(NC(C(NCC(NC(C([*])=O)C)=O)=O)C)=O)=O)CO)=O,OCC(C(C(C1N)O)O[*])OC1OC2C(OC(C(C2O)N)[*])CO,[*]C1=C(C=CN2)C2=C([*])C(O)=C1O,,,1.287801729930226,10.1016_j.carbpol.2020.117058_part_1.txt_¶Î1_Material1
O=C([*])C(C)O[*],C/C(C[*])=C/C[*],O=C([O-])[O-].[Ca+2],O=[Mg].O=[Si]=O.O=[Si]=O.O=[Si]=O.O=[Si]=O.O=[Mg].O=[Mg].O,,1,10.1007_s10924-010-0278-9_part_2.txt_¶Î1_Material1
[*]CC[*],O=[Al]O[Al]=O,,,,0.6989700043360189,10.1016_j.matchemphys.2021.124251_part_1.txt_¶Î1_Material1
COCC1OC(OC2C(CO)OC(O[*])C(OC)C2OC)C(OC)C(O)C1O[*],[*][C@H]1[C@H](O)[C@@H](O)[C@H](O[C@H]2[C@H]([C@@H](O)[C@H](O[C@H]3[C@H](O)[C@H](O)[C@H](O[C@H]4[C@H](O)[C@H](O)[C@H](O[*])O[C@@H]4CO)O[C@@H]3CO)O[C@@H]2COC(C)=O)O)O[C@@H]1CO,OC1C(C(OC(C1O)OC2C(OC(C(C2O)O)OC3C(C(C(OC3C(OC)=O)OC4C(OC(C(C4O)O)[*])C(O)=O)O)O)C(OC)=O)C(O)=O)O[*],[*]NC(C(N1CCCC1C(NCC(N2CC(CC2C(NC(C(NCC([*])=O)=O)CO)=O)O)=O)=O)=O)CCCCN,,1.0791812460476249,10.1007_s00217-010-1361-0_part_1.txt_¶Î1_Material1
O=C(C1=CC=C(C=C1)C(OCC[*])=O)O[*],[*]OC1C(O)C(O)C(OC2C(CO)OC([*])C(O)C2O)OC1CO,,,,1.7539658658651602,10.1007_s12221-019-9124-4_part_2.txt_¶Î1_Material1
[*]CCN[*],[*]OCC[*],,,,2,10.3390_molecules26082143_part_6.txt_¶Î1_Material1
[*]CC[*],[*]CCCC([*])OC(C)=O,OC1=C2C(C3(O)C4C5C6=C7C8C(C9=CC(C(O)=O)=C(C=C(C=C%10C(O)=O)C%11%12)C(C%11=C%13C%14C%15%16C%17(O%16)C%18C%19=C%20C%21=C%22C(C(O)=C%23)=C%24C%25C%21=C%26C%19=C%27C%17=C%28C%14(O)C%12=C%10C=C%28CC%27=CC%26=CC%25=C(C(O)=O)C=C%24)C9=C7C%13(O)C5=C%15C3=C%18C%29%30C%20(O%30)C%31C%22C%23=C%32)=CC(C(O)=O)=CC8=CC6=C(C(O)=O)C4=C2)=C%29C%33=C%31C%32=C(C(O)=O)C=C%331,,,2.3010299956639813,10.4028_www.scientific.net_amr.1133.211_part_1.txt_¶Î1_Material1
O=C([*])C(C)O[*],[Mg],O=[Si]=O,,,0.8260748027008264,10.1016_j.compositesa.2018.11.020_part_2.txt_¶Î1_Material1
O=C(C(C[*])[*])N,[*]NC(C(N1CCCC1C(NCC(N2CC(CC2C(NC(C(NCC([*])=O)=O)CO)=O)O)=O)=O)=O)CCCCN,[Ag+],,,2.7819921979693816,10.1016_j.ijbiomac.2021.06.193_part_1.txt_¶Î1_Material1
[*]C(N(CN(C(OCOC(N(CN(C(OCCO[*])=O)[H])[H])=O)=O)[H])[H])=O,[C],,,,2.3010299956639813,10.1021_am401402x_part_1.txt_¶Î1_Material1
O=C([*])C1=CC=C(C=C1)OC2=CC=C(C=C2)OC3=CC=C(C=C3)[*],,,,,1.0043213737826426,10.1177_0954008316661616_part_2.txt_¶Î1_Material1
[*]C([H])([H])C(O)([H])[*],[*]C1C(OC(C(C1O)O)OC2C(OC(C(C2O)O)O[*])CO)CO,CC1=CC(O)=C(C=C1CCCC(C2=C(C=C(C(C(C)(C)C)=C2)O)C)C3=CC(C(C)(C)C)=C(C=C3C)O)C(C)(C)C,OC(C(CC(O)=O)(CC(O)=O)O)=O,,1.1702617153949575,10.1007_s10924-020-01678-y_part_4.txt_¶Î1_Material1
[*]CC(COC1=CC=C(C=C1)C(C)(C)C2=CC=C(C=C2)O[*])O,O=C(C1=CC=C(C=C1)C(OCC[*])=O)O[*],,,,1.2787536009528289,10.1016_j.cryogenics.2012.07.008_part_1.txt_¶Î1_Material1
[*]CC(C1=CC=CC=C1)[*],[*]C(CCCCC(OCCCCO[*])=O)=O,O=C(O)C([*])C[*],,,2.6580113966571126,10.1080_03602559.2012.720333_part_1.txt_¶Î1_Material1
[*]C(CCCCCO[*])=O,C[Si](C)(C[*])O[*],CC1(CC(CC(C)(C1)C)N=C=O)CN=C=O,CC1=CC=C(C=C1N=C=O)N=C=O,,1.9185545305502736,10.1021_acsomega.8b00734_part_2.txt_¶Î1_Material1
[*]CC(COC1=CC=C(C=C1)C(C)(C)C2=CC=C(C=C2)O[*])O,O1C(=O)C=CC1=O,,,,0.4683473304121572,10.3390_fib6030059_part_2.txt_¶Î1_Material1
OCC1OC(C(C(C1[*])O)O)OC2C(C(C(OC2CO)O[*])O)O,[H]O[H],,,,0.6989700043360189,10.3183_npprj-2015-30-01-p043-057_part_2.txt_¶Î1_Material1
O=C([*])CCCCCCCCCCC(NCCCCCCCCCCN[*])=O,O=[Si]=O,[*]CCCC([*])OC(C)=O,,,2.255272505103306,10.1002_pen.23920_part_1.txt_¶Î1_Material1
[*]C1C(O)C(O)C(OC2C(O)C(O)C(O[*])OC2COCCO)OC1COCCO,C12=CC3=CC4=CC=CN=C4N=C3N=C1N=C5N=C6N=CC=CC6=CC5=C2,,,,1.0718820073061257,10.1016_j.indcrop.2018.06.039_part_1.txt_¶Î1_Material1
[*]NC(C(N1CCCC1C(NCC(N2CC(CC2C(NC(C(NCC([*])=O)=O)CO)=O)O)=O)=O)=O)CCCCN,OCC(O)CO,OCC(C(C(C1N)O)O[*])OC1OC2C(OC(C(C2O)N)[*])CO,OCC(C(C(C1N)O)O[*])OC1OC2C(OC(C(C2O)N)[*])CO,,2.0010410579860936,10.1002_app.49282_part_2.txt_¶Î1_Material1
[*]C1C(C(C(OC1C(O[Na])=O)OC2C(C(O[Na])=O)OC(O[*])C(O)C2O)O)O,[*]C1C(O)C(O)C(OC2C(O)C(O)C(O[*])OC2COCCO)OC1COCCO,,,,1.5185139398778875,10.1016_j.carbpol.2010.06.037_part_1.txt_¶Î1_Material3
OCC1OC(OC2C(O)C(O)C(O[*])OC2CO)C(O)C(O)C1[*],OCC1OC(C(C(C1[*])O)O)OC2C(C(C(OC2CO)O[*])O)O,,,,0.4771212547196624,10.1016_j.carbpol.2017.06.053_part_1.txt_¶Î1_Material1
OCC1OC(C(C(C1[*])O)O)OC2C(C(C(OC2CO)O[*])O)O,OC[C@@H]([C@H]([C@@H]([C@@H](CO)O)O)O)O,OCC(O)CO,O=C(O[Na])COCC(OC(C(C1O)O)[*])C1OC(C(C(C2O[*])O)O)OC2COCC(O[Na])=O,,1,10.3390_ma6041270_part_1.txt_¶Î1_Material1
[*]CC[*],[H][O-],[H][Si]([H])([H])[H],,,1.0791812460476249,10.1016_j.matdes.2012.01.020_part_1.txt_¶Î1_Material1
O=C([*])CCCCCN[*],C12=CC3=CC4=CC=CN=C4N=C3N=C1N=C5N=C6N=CC=CC6=CC5=C2,,,,1.155336037465062,10.1002_pc.23907_part_1.txt_¶Î1_Material1
O=C([*])C(C)O[*],[*]CC(CC=CCC([*])C1=CC=CC=C1)C#N,,,,1,10.1088_1757-899x_701_1_012055_part_1.txt_¶Î1_Material1
[*]O[C@H](C)CC([*])=O,O=[Si]=O,[*]CC(CCCC(CC)CC([*])C1=CC=CC=C1)C2=CC=CC=C2,[*]CC(CCCC(CC)CC([*])C1=CC=CC=C1)C2=CC=CC=C2,,1.2022157758011316,10.1002_pc.24188_part_3.txt_¶Î1_Material1
C=C([CH3])C(=O)O[CH3],C[Si](C)(C[*])O[*],C=C([CH3])C(=O)O[CH3],O=C(OOC(=O)C1=CC=CC=C1)C1=CC=CC=C1,,2.2624510897304293,10.1002_app.50252_part_1.txt_¶Î1_Material1
[*]CC(COC1=CC=C(C=C1)C(C)(C)C2=CC=C(C=C2)O[*])O,[*]CC(CCOCC[*])C,,,,1.0718820073061257,10.1002_pen.25620_part_2.txt_¶Î1_Material2
OCC1OC(C(C(C1O[*])O)O)[*],O=C([*])CCCCCN[*],,,,1.503790683057181,10.1080_15440478.2021.1932682_part_3.txt_¶Î1_Material1
[*]C([H])([H])C(O)([H])[*],OCC1OC(C(C(C1[*])O)O)OC2C(C(C(OC2CO)O[*])O)O,OCC(O)CO,,,2.6553305580093407,10.1016_j.msec.2016.11.135_part_4.txt_¶Î1_Material1
[*]C(NC1=C(C)C(NC(OCCO[*])=O)=CC=C1)=O,O=[Si]=O,O=[Si]=O,O=[Si]=O,,2.008600171761917,10.1016_j.colsurfa.2013.12.019_part_2.txt_¶Î1_Material1
[*]CC[*],[*]CC[*],O=C(C1=CC=C(C=C1)C(OCC[*])=O)O[*],C=C(C(OCC1CO1)=O)C,OCC1OC(C(C(C1[*])O)O)OC2C(C(C(OC2CO)O[*])O)O,1.4065401804339552,10.1007_s12221-019-1089-9_part_2.txt_¶Î1_Material1
[*]CC[*],OCC1OC(C(C(C1[*])O)O)OC2C(C(C(OC2CO)O[*])O)O,,,,1.6989700043360187,10.1002_app.48744_part_1.txt_¶Î1_Material1
[*]NC(C)C(N1CCCC1C([*])=O)=O,O=C(C1=COC(C2C(CO)=CCC12)O)OC,,,,0.9132839017604184,10.1080_09205063.2018.1485815_part_1.txt_¶Î1_Material1
[*]C(NC1=C(C)C(NC(OCCO[*])=O)=CC=C1)=O,CC1=CC=C(C=C1N=C=O)N=C=O,,,,2.1908917169221698,10.1002_adv.21404_part_1.txt_¶Î1_Material1
[*]C(C)C[*],[Mg+2].[OH-].[OH-],,,,0.6989700043360189,10.1002_adv.21504_part_1.txt_¶Î1_Material1
[*]C1C(OC(C(C1O)O)OC2C(OC(C(C2O)O)O[*])CO)CO,O=C([*])C(C)O[*],OC1=C2C(C3(O)C4C5C6=C7C8C(C9=CC(C(O)=O)=C(C=C(C=C%10C(O)=O)C%11%12)C(C%11=C%13C%14C%15%16C%17(O%16)C%18C%19=C%20C%21=C%22C(C(O)=C%23)=C%24C%25C%21=C%26C%19=C%27C%17=C%28C%14(O)C%12=C%10C=C%28CC%27=CC%26=CC%25=C(C(O)=O)C=C%24)C9=C7C%13(O)C5=C%15C3=C%18C%29%30C%20(O%30)C%31C%22C%23=C%32)=CC(C(O)=O)=CC8=CC6=C(C(O)=O)C4=C2)=C%29C%33=C%31C%32=C(C(O)=O)C=C%331,,,0.568201724066995,10.1002_masy.201800113_part_1.txt_¶Î1_Material1
[*]OC1C(C(OC(C1O)OC2C3C(C(OC2CO3)[*])O)CO)O,OCC1OC(C(C(C1[*])O)O)OC2C(C(C(OC2CO)O[*])O)O,,,,1.7137424784090824,10.1016_j.foodhyd.2014.09.037_part_8.txt_¶Î1_Material1
[*]CC(COC1=CC=C(C=C1)C(C)(C)C2=CC=C(C=C2)O[*])O,NCCC[Si](OCC)(OCC)OCC,,,,0.6972293427597176,10.1007_s00289-020-03375-1_part_2.txt_¶Î1_Material1
[*]C(N(CN(C(OCOC(N(CN(C(OCCO[*])=O)[H])[H])=O)=O)[H])[H])=O,OC1=C2C(C3(O)C4C5C6=C7C8C(C9=CC(C(O)=O)=C(C=C(C=C%10C(O)=O)C%11%12)C(C%11=C%13C%14C%15%16C%17(O%16)C%18C%19=C%20C%21=C%22C(C(O)=C%23)=C%24C%25C%21=C%26C%19=C%27C%17=C%28C%14(O)C%12=C%10C=C%28CC%27=CC%26=CC%25=C(C(O)=O)C=C%24)C9=C7C%13(O)C5=C%15C3=C%18C%29%30C%20(O%30)C%31C%22C%23=C%32)=CC(C(O)=O)=CC8=CC6=C(C(O)=O)C4=C2)=C%29C%33=C%31C%32=C(C(O)=O)C=C%331,[*]C1=C(C=CN2)C2=C([*])C(O)=C1O,,,2.740362689494244,10.1016_j.compositesb.2019.107696_part_1.txt_¶Î1_Material1
O=C([*])C(C)O[*],[*]NC(C(O)=O)CCC([*])=O,,,,1.4443571256560277,10.1177_0040517521994884_part_2.txt_¶Î1_Material1
[*]C(C)C[*],O=C([*])CCCCCN[*],[*]C(C)C[*],,,1.1038037209559568,10.1002_pen.24075_part_1.txt_¶Î1_Material1
[*]NC(C(N1CCCC1C(NCC(N2CC(CC2C(NC(C(NCC([*])=O)=O)CO)=O)O)=O)=O)=O)CCCCN,[*]C1C(OC(C(C1O)O)OC2C(OC(C(C2O)O)O[*])CO)CO,C(CC=O)CC=O,[*]OCC[*],,1.6020599913279625,10.1016_j.compositesa.2011.08.024_part_1.txt_¶Î1_Material1
[*]C(NC1=C(C)C(NC(OCCO[*])=O)=CC=C1)=O,OCC1OC(OC2C(O)C(O)C(O[*])OC2CO)C(O)C(O)C1[*],,,,2.184691430817599,10.1007_s10570-015-0685-0_part_2.txt_¶Î1_Material1
C/C(C[*])=C/C[*],OC1=C2C(C3(O)C4C5C6=C7C8C(C9=CC(C(O)=O)=C(C=C(C=C%10C(O)=O)C%11%12)C(C%11=C%13C%14C%15%16C%17(O%16)C%18C%19=C%20C%21=C%22C(C(O)=C%23)=C%24C%25C%21=C%26C%19=C%27C%17=C%28C%14(O)C%12=C%10C=C%28CC%27=CC%26=CC%25=C(C(O)=O)C=C%24)C9=C7C%13(O)C5=C%15C3=C%18C%29%30C%20(O%30)C%31C%22C%23=C%32)=CC(C(O)=O)=CC8=CC6=C(C(O)=O)C4=C2)=C%29C%33=C%31C%32=C(C(O)=O)C=C%331,,,,2.6989700043360187,10.1016_j.polymertesting.2017.09.024_part_1.txt_¶Î1_Material1
O=C(C1=CC=C(C=C1)C(OCC[*])=O)O[*],[Fe]12O[Fe]O[Fe](O2)O1,,,,1.6487502126980194,10.1039_c3tb21445a_part_2.txt_¶Î1_Material1
[*]CC[*],O=[Si]=O,CCCCCCCCCCCCCCCC[N+](C)(C)C.[Br-],,,1.812913356642856,10.4028_www.scientific.net_amr.314-316.273_part_1.txt_¶Î1_Material1
[*]CC[*],OCC1OC(C(C(C1[*])O)O)OC2C(C(C(OC2CO)O[*])O)O,[*]C1C(OC(C(C1O)O)OC2C(OC(C(C2O)O)O[*])CO)CO,,,1.6532125137753435,10.1002_app.48744_part_1.txt_¶Î1_Material2
O=C([*])C(C)O[*],[*]OC1C(C(O)=O)OC(OC2C(NC(C)=O)C([*])OC(CO)C2O)C(O)C1O,NCCC[Si](OCC)(OCC)OCC,CCCCCCCCCCCCOS([O-])(=O)=O.[Na+],[*]CC[*],0.6989700043360189,10.1002_pc.24282_part_1.txt_¶Î1_Material1
[*]C(CCCCCO[*])=O,CC1=CC(O)=C(C=C1CCCC(C2=C(C=C(C(C(C)(C)C)=C2)O)C)C3=CC(C(C)(C)C)=C(C=C3C)O)C(C)(C)C,,,,2.0791812460476247,10.1088_1755-1315_233_2_022004_part_1.txt_¶Î1_Material1
[*]C1C(OC(C(C1O)O)OC2C(OC(C(C2O)O)O[*])CO)CO,[*]C(CCCCCO[*])=O,,,,1.724275869600789,10.1016_j.carbpol.2015.03.080_part_2.txt_¶Î1_Material1
OCC(C(C(C1N)O)O[*])OC1OC2C(OC(C(C2O)N)[*])CO,OC1=C2C(C3(O)C4C5C6=C7C8C(C9=CC(C(O)=O)=C(C=C(C=C%10C(O)=O)C%11%12)C(C%11=C%13C%14C%15%16C%17(O%16)C%18C%19=C%20C%21=C%22C(C(O)=C%23)=C%24C%25C%21=C%26C%19=C%27C%17=C%28C%14(O)C%12=C%10C=C%28CC%27=CC%26=CC%25=C(C(O)=O)C=C%24)C9=C7C%13(O)C5=C%15C3=C%18C%29%30C%20(O%30)C%31C%22C%23=C%32)=CC(C(O)=O)=CC8=CC6=C(C(O)=O)C4=C2)=C%29C%33=C%31C%32=C(C(O)=O)C=C%331,OCC1OC(C(C(C1[*])O)O)OC2C(C(C(OC2CO)O[*])O)O,,,0.9036325160842376,10.1016_j.compscitech.2019.107774_part_1.txt_¶Î1_Material1
[*]OCC[*],O=C(C(C[*])[*])N,,,,2.654369090975286,10.1021_acs.macromol.5b01366_part_1.txt_¶Î1_Material1
[*]C1C(OC(C(C1O)O)OC2C(OC(C(C2O)O)O[*])CO)CO,OCC1OC(OC2C(O)C(O)C(O[*])OC2CO)C(O)C(O)C1[*],OCC(O)CO,[H]O[H],,0.8438554226231612,10.1007_s10570-017-1423-6_part_2.txt_¶Î1_Material1
[*]CCCC(C1C([*])C2CC1C/C2=C/C)C,[*]C/C=C/CCC([*])C#N,,,,2.350441856535061,10.1002_app.33476_part_2.txt_¶Î1_Material1
O=C([*])C(C)O[*],O=[Mg].O=[Si]=O.O=[Si]=O.O=[Si]=O.O=[Si]=O.O=[Mg].O=[Mg].O,[*]OCC[*],CC(CO[*])[*],,1,10.1002_adma.201305413_part_1.txt_¶Î1_Material1
[*]C(CCCCCO[*])=O,[*]OC1C(C(O)=O)OC(OC2C(NC(C)=O)C([*])OC(CO)C2O)C(O)C1O,CCCCCCCCCCCCCCCCCCOC(CCC1=CC(C(C)(C)C)=C(C(C(C)(C)C)=C1)O)=O,CCCCCCCCCCCCCCCCCCOC(CCC1=CC(C(C)(C)C)=C(C(C(C)(C)C)=C1)O)=O,,1.6273658565927327,10.3390_polym12112587_part_1.txt_¶Î1_Material2
[*]C(CCCCCO[*])=O,[*]NCC(NC(C(ONCC(NC(C(NCC(NC(C([*])=O)C)=O)=O)C)=O)=O)CO)=O,[Na+].[Cl-],,,2.1760912590556813,10.1002_bip.22016_part_1.txt_¶Î1_Material1
O=C([*])CCCCCN[*],[*]CC[*],,,,1.4379090355394983,10.1007_s00289-012-0805-z_part_3.txt_¶Î1_Material1
FC(F)([*])C([H])([*])[H],[*]CC[*],C=C(C(OCC1CO1)=O)C,,,1,10.1016_j.polymer.2018.11.042_part_2.txt_¶Î1_Material1
O=C([*])CCCCCN[*],[*]C(C)C[*],O=[Al]O[Al]=O.O=[Si]=O.O=[Si]=O.O=[Si]=O,[*]C(C)C[*],[*]CC(CCCC(CC)CC([*])C1=CC=CC=C1)C2=CC=CC=C2,1.75815462196739,10.1002_pen.21622_part_1.txt_¶Î1_Material1
O=C([*])CCCCCN[*],[H][Si]([H])([H])[H],O[Si](O)(O[Si](O)(O)O)O.[Al].[Al].O,,,1.2787536009528289,10.1002_pc.22787_part_2.txt_¶Î1_Material1
O=C([*])CCCCCN[*],O=[Si]=O.O=[Al]O[Al]=O.O=[Si]=O.O=[Si]=O.O=[Si]=O.O,O=[Mg].O=[Si]=O.O=[Si]=O.O=[Si]=O.O=[Si]=O.O=[Mg].O=[Mg].O,CCCCCCCCCCCCCCCCCCOC(CCC1=CC(C(C)(C)C)=C(C(C(C)(C)C)=C1)O)=O,,0.9542425094393248,10.1177_0307174x1003700712_part_1.txt_¶Î1_Material1
[*]NCC(NC(C(ONCC(NC(C(NCC(NC(C([*])=O)C)=O)=O)C)=O)=O)CO)=O,[*]NC(C)C(N1CCCC1C([*])=O)=O,,,,1.3637811525808652,10.1080_15440478.2021.1875372_part_2.txt_¶Î1_Material1
[*]C/C=C/CCC(C=C)CC([*])C1=CC=CC=C1,[*]CC(C1=CC=CC=C1)C/C=C/C[*],[S],[Zn]=O,C[N+](CCO)(CCO)[3H],2.690196080028514,10.1007_s10965-010-9441-1_part_1.txt_¶Î1_Material2
O=C([*])C(C)O[*],O=C([*])OC1=CC=C(C=C1)C(C)(C)C2=CC=C(C=C2)O[*],C=C(C(OCC1CO1)=O)C,,,1.7512791039833422,10.1039_c6ra21208e_part_2.txt_¶Î1_Material1
O=C([*])C(C)O[*],O=[Al]O[Al]=O.O=[Si]=O.O=[Si]=O.O=[Si]=O,OC(C(CC(O)=O)(CC(O)=O)O)=O,,,0.8692317197309762,10.1016_j.compositesb.2015.02.034_part_1.txt_¶Î1_Material1
[*]CC[*],C12=CC3=CC4=CC=CN=C4N=C3N=C1N=C5N=C6N=CC=CC6=CC5=C2,,,,1,10.1002_app.42237_part_2.txt_¶Î1_Material1
[*]CCC(CCCC(CCCC(C[*])C)C)C,,,,,1.6232492903979006,10.1016_j.polymer.2021.124015_part_1.txt_¶Î1_Material1
O=C([*])C(C)O[*],OP(O)(O)=O,O=[Mg].O=[Si]=O.O=[Si]=O.O=[Si]=O.O=[Si]=O.O=[Mg].O=[Mg].O,,,0.6989700043360189,10.1002_app.51557_part_2.txt_¶Î1_Material1
[*]CC[*],[*]CCCC([*])OC(C)=O,,,,2.7492724082984203,10.13031_aea.12434_part_1.txt_¶Î1_Material2
[*]C([H])([H])C(O)([H])[*],[*]OCC[*],OCC1OC(C(C(C1[*])O)O)OC2C(C(C(OC2CO)O[*])O)O,,,1.75495958772171,10.1007_s12034-021-02363-z_part_2.txt_¶Î1_Material1
O=C(CCCCC(N(CCCCCCN([*])[H])[H])=O)[*],C12=CC3=CC4=CC=CN=C4N=C3N=C1N=C5N=C6N=CC=CC6=CC5=C2,NC1=NC2=C(N=CN2C2O[C@H](COP(=O)(O)OP(=O)(O)O)[C@H](O)[C@@H]2O)C(=O)N1,[*]C1=NC2=CC3=C(C=C2O1)OC(C4=CC=C(C=C4)[*])=N3,,1.0791812460476249,10.1016_j.compositesb.2019.01.014_part_1.txt_¶Î1_Material1
O=C([*])C(C)O[*],[*]C(CCCCCO[*])=O,O=[Ti]=O,,,1.6532125137753435,10.1016_j.compositesa.2015.12.005_part_3.txt_¶Î1_Material1
[*]CC(COC1=CC=C(C=C1)C(C)(C)C2=CC=C(C=C2)O[*])O,O=[Si]=O,O=[Ca].[O-][Si]([O-])([O-])[O-].[Ca+2].[Ca+2],,,0.359835482339888,10.1155_2020_1349034_part_1.txt_¶Î1_Material1
[*]C1C(OC(C(C1O)O)OC2C(OC(C(C2O)O)O[*])CO)CO,[*]C(CCCCC(OCCCCO[*])=O)=O,OC(C(CC(O)=O)(CC(O)=O)O)=O,OCC(O)CO,,2.422376415224179,10.4322_polimeros.2013.014_part_1.txt_¶Î1_Material1
[*]OC1C(C(O)=O)OC(OC2C(NC(C)=O)C([*])OC(CO)C2O)C(O)C1O,[*]C1C(C(C(OC1C(O[Na])=O)OC2C(C(O[Na])=O)OC(O[*])C(O)C2O)O)O,[Ca+2],,,1.9867717342662448,10.1039_c9bm01494b_part_1.txt_¶Î1_Material1
[*]CC(C#N)[*],OC1=C2C(C3(O)C4C5C6=C7C8C(C9=CC(C(O)=O)=C(C=C(C=C%10C(O)=O)C%11%12)C(C%11=C%13C%14C%15%16C%17(O%16)C%18C%19=C%20C%21=C%22C(C(O)=C%23)=C%24C%25C%21=C%26C%19=C%27C%17=C%28C%14(O)C%12=C%10C=C%28CC%27=CC%26=CC%25=C(C(O)=O)C=C%24)C9=C7C%13(O)C5=C%15C3=C%18C%29%30C%20(O%30)C%31C%22C%23=C%32)=CC(C(O)=O)=CC8=CC6=C(C(O)=O)C4=C2)=C%29C%33=C%31C%32=C(C(O)=O)C=C%331,[*]C([H])([H])C(O)([H])[*],,,2.211867760656665,10.1021_acsami.0c21075_part_1.txt_¶Î1_Material1
[*]C(C)C[*],COC1=CC(/C=C/C=O)=CC(OC2=CC(C(C(OC3=CC=C(C=C3OC)C(C(CO)=O)O)CO)O)=CC=C2OC4=CC(C(C(COC5=CC=C(C=C5)C(C(CO)=O)O)=O)O)=CC=C4O)=C1,[*]C(C)C[*],CCCCCCCCCCCCCCCCCCOC(CCC1=CC(C(C)(C)C)=C(C(C(C)(C)C)=C1)O)=O,O=C(CCCCCCCCCCCCCCCCC)O[Ca]OC(CCCCCCCCCCCCCCCCC)=O,0.3979400086720376,10.1016_j.carbpol.2011.11.041_part_1.txt_¶Î1_Material1
[*]C(NC1=C(C)C(NC(OCCO[*])=O)=CC=C1)=O,[*]C(CCCCCO[*])=O,[*]CC(C)(C(OCCO)=O)[*],,,2.2430380486862944,10.1039_c5ra19669h_part_4.txt_¶Î1_Material1
C[Si](O[*])(C)[*],,,,,2.791690649020118,10.1002_app.50774_part_2.txt_¶Î1_Material1
C/C(C[*])=C/C[*],[*]C/C=C/CCC(C=C)CC([*])C1=CC=CC=C1,[S],[Zn]=O,C[N+](CCO)(CCO)[3H],3.0681858617461617,10.1007_s10965-010-9441-1_part_1.txt_¶Î1_Material1
[*]C([H])([H])C(O)([H])[*],C(CC=O)CC=O,,,,2.255272505103306,10.1016_j.gee.2020.06.015_part_4.txt_¶Î1_Material1
O=C(C1=CC=C(C=C1)C(OCC[*])=O)O[*],O=C(C1=CC=C(C=C1)C(OCC[*])=O)O[*],O=C(C1=CC=C(C=C1)C(OCC[*])=O)O[*],,,1.146128035678238,10.3144_expresspolymlett.2011.22_part_1.txt_¶Î1_Material1
[*]CC(C(OC)=O)(CC(C/C=C/CCC(C1=CC=CC=C1)[*])C#N)C,[*]C/C=C/CCC([*])C#N,[*]C/C=C/CCC([*])C#N,,,1.845098040014257,10.1002_vnl.21448_part_2.txt_¶Î1_Material1
[*]C(C)C[*],O=C(C1=CC=C(C=C1)C(OCC[*])=O)O[*],,,,1.1760912590556811,10.1016_j.compscitech.2017.01.013_part_1.txt_¶Î1_Material3
COC(C(C[*])([*])C)=O,COC(C(C[*])([*])C)=O,,,,1.4313637641589874,10.1088_2053-1591_aac87b_part_4.txt_¶Î1_Material1
[*]NC(C(N1CCCC1C(NCC(N2CC(CC2C(NC(C(NCC([*])=O)=O)CO)=O)O)=O)=O)=O)CCCCN,OCC(O)CO,OCC1OC(C(C(C1[*])O)O)OC2C(C(C(OC2CO)O[*])O)O,,,0.6009728956867483,10.15446_dyna.v82n191.45296_part_1.txt_¶Î1_Material1
[*]NC(C(N1CCCC1C(NCC(N2CC(CC2C(NC(C(NCC([*])=O)=O)CO)=O)O)=O)=O)=O)CCCCN,[*]C1C(C(C(OC1C(O[Na])=O)OC2C(C(O[Na])=O)OC(O[*])C(O)C2O)O)O,O=C(C(C[*])[*])N,COCC1OC(OC2C(CO)OC(O[*])C(OC)C2OC)C(OC)C(O)C1O[*],[*]C([H])([H])C(O)([H])[*],2.3010299956639813,10.1080_1539445x.2011.642091_part_3.txt_¶Î1_Material1
OCC(C(C(C1N)O)O[*])OC1OC2C(OC(C(C2O)N)[*])CO,[*]OCC[*],O=[Si]=O,,,1.3117538610557542,10.1088_1757-899x_349_1_012022_part_1.txt_¶Î1_Material1
[*]NCC(NC(C(ONCC(NC(C(NCC(NC(C([*])=O)C)=O)=O)C)=O)=O)CO)=O,OCC1OC(C(C(C1[*])O)O)OC2C(C(C(OC2CO)O[*])O)O,,,,1.0334237554869496,10.1007_s12221-011-1002-7_part_1.txt_¶Î1_Material1
[*]C(C)C[*],OCC1OC(C(C(C1[*])O)O)OC2C(C(C(OC2CO)O[*])O)O,O=C([O-])[O-].[Ca+2],,,0.6434526764861874,10.1515_hf-2014-0020_part_1.txt_¶Î1_Material1
[*]C([C@H](C)OC([C@H](C)O[*])=O)=O,[*]OCC[*],,,,1.9030899869919435,10.1002_app.33174_part_1.txt_¶Î1_Material1
[*]C([H])([H])C(O)([H])[*],OC(C1C(CO[*])C(O)C(O)C(OC2C(O)C(O)C(O[*])OC2C(O)=O)O1)=O,[O-][Si](O[Si]([O-])=O)=O,Cl[Ca]Cl,,2.6989700043360187,10.1016_j.carbpol.2017.08.070_part_2.txt_¶Î1_Material1
OCC(C(C(C1N)O)O[*])OC1OC2C(OC(C(C2O)N)[*])CO,[*]NC(C(N1CCCC1C(NCC(N2CC(CC2C(NC(C(NCC([*])=O)=O)CO)=O)O)=O)=O)=O)CCCCN,,,,1.7634279935629371,10.1016_j.carbpol.2017.03.069_part_3.txt_¶Î1_Material1
[*]C1C(OC(C(C1O)O)OC2C(OC(C(C2O)O)O[*])CO)CO,[*]C1C(O)C(O)C(OC2C(O)C(O)C(O[*])OC2COC(C)=O)OC1COC(C)=O,[Ag],,,0.5717088318086876,10.1016_j.polymertesting.2013.06.012_part_1.txt_¶Î1_Material1
[*]C([H])([H])C(O)([H])[*],[*]C1C(OC(C(C1O)O)OC2C(OC(C(C2O)O)O[*])CO)CO,[*]C1C(OC(C(C1O)O)OC2C(OC(C(C2O)O)O[*])CO)CO,,,0.7149999674120424,10.4028_www.scientific.net_amr.627.80_part_1.txt_¶Î1_Material1
[*]C(NC1=C(C)C(NC(OCCO[*])=O)=CC=C1)=O,[*]OCC[*],O=CN(C)C,,,2.9036325160842376,10.1016_j.reactfunctpolym.2019.104433_part_1.txt_¶Î1_Material1
[*]CC(C1=CC=C(C=C1)S(O)(=O)=O)[*],,,,,1,10.1021_jacsau.1c00064_part_2.txt_¶Î1_Material1
O=C([*])C(C)O[*],[*]C(CCCCC(OCCCCO[*])=O)=O,,,,2.239049093140192,10.1016_j.polymer.2018.05.037_part_4.txt_¶Î1_Material1
O=C([*])C(C)O[*],O=[Ti]=O,,,,1.110589710299249,10.3390_molecules26071967_part_2.txt_¶Î1_Material1
FC(F)([*])C([H])([*])[H],[*]C([H])([H])C(O)([H])[*],[*]NC(C)C(N1CCCC1C([*])=O)=O,O[Si](O)(O[Si](O)(O)O)O.[Al].[Al].O,,2.5000346539538856,10.15282_jmes.19.1.2025.9.0826_OA_part_1.txt_¶Î1_Material1
O=C(C1=CC=C(C=C1)C(OCC[*])=O)O[*],[*]CC[*],,,,1.230448921378274,10.1002_pen.22179_part_1.txt_¶Î1_Material1
[*]C(C)C[*],O=[Ti]=O,,,,1,10.1007_s10965-010-9509-y_part_1.txt_¶Î1_Material1
[*]NC(C(N1CCCC1C(NCC(N2CC(CC2C(NC(C(NCC([*])=O)=O)CO)=O)O)=O)=O)=O)CCCCN,OCC1OC(C(C(C1[*])O)O)OC2C(C(C(OC2CO)O[*])O)O,OC1=C2C(C3(O)C4C5C6=C7C8C(C9=CC(C(O)=O)=C(C=C(C=C%10C(O)=O)C%11%12)C(C%11=C%13C%14C%15%16C%17(O%16)C%18C%19=C%20C%21=C%22C(C(O)=C%23)=C%24C%25C%21=C%26C%19=C%27C%17=C%28C%14(O)C%12=C%10C=C%28CC%27=CC%26=CC%25=C(C(O)=O)C=C%24)C9=C7C%13(O)C5=C%15C3=C%18C%29%30C%20(O%30)C%31C%22C%23=C%32)=CC(C(O)=O)=CC8=CC6=C(C(O)=O)C4=C2)=C%29C%33=C%31C%32=C(C(O)=O)C=C%331,[Ag+],,1.1300119496719043,10.1016_j.indcrop.2019.02.011_part_1.txt_¶Î1_Material1
OCC1OC(C(C(C1[*])O)O)OC2C(C(C(OC2CO)O[*])O)O,[Cu],,,,1.3010299956639813,10.1080_1023666x.2018.1485201_part_1.txt_¶Î1_Material1
[*]C1C(C(C(OC1C(O[Na])=O)OC2C(C(O[Na])=O)OC(O[*])C(O)C2O)O)O,[*]NC(C(N1CCCC1C(NCC(N2CC(CC2C(NC(C(NCC([*])=O)=O)CO)=O)O)=O)=O)=O)CCCCN,[*]OCC1C(C(C(CC1CO)COCC2C(C(C(CC2CO)C[*])O)COCC3C(C(C(C(O3)CO)O)O)COCC4C(C(C(C(O4)C(O)=O)COCC5C(C(C(C(O5)C(O)=O)O)O)O)O)O)O)O,,,1.6241789257480224,10.3390_polym13091514_part_2.txt_¶Î1_Material1
[*]C(C)C[*],O=C(O)C([*])C[*],,,,2.1760912590556813,10.1002_app.46597_part_1.txt_¶Î1_Material1
O=C([*])C(C)O[*],[*]C1C(OC(C(C1O)O)OC2C(OC(C(C2O)O)O[*])CO)CO,O=C=NCCCCCCN=C=O,,,1.0128372247051722,10.1016_j.carbpol.2013.01.038_part_1.txt_¶Î1_Material1
O=C(CCCCC(N(CCCCCCN([*])[H])[H])=O)[*],[*]C(F)(C(F)([*])F)F,O=[Si]=O,,,1.2041199826559248,10.1007_s12666-017-1095-9_part_1.txt_¶Î1_Material2
O=C(CCCCC(N(CCCCCCN([*])[H])[H])=O)[*],[*]C(F)(C(F)([*])F)F,O=[Si]=O,C12=CC3=CC4=CC=CN=C4N=C3N=C1N=C5N=C6N=CC=CC6=CC5=C2,,1.2041199826559248,10.1007_s12666-017-1095-9_part_1.txt_¶Î1_Material1
[*]C(CCCCCO[*])=O,O=C([*])C(C)O[*],OC1=C2C(C3(O)C4C5C6=C7C8C(C9=CC(C(O)=O)=C(C=C(C=C%10C(O)=O)C%11%12)C(C%11=C%13C%14C%15%16C%17(O%16)C%18C%19=C%20C%21=C%22C(C(O)=C%23)=C%24C%25C%21=C%26C%19=C%27C%17=C%28C%14(O)C%12=C%10C=C%28CC%27=CC%26=CC%25=C(C(O)=O)C=C%24)C9=C7C%13(O)C5=C%15C3=C%18C%29%30C%20(O%30)C%31C%22C%23=C%32)=CC(C(O)=O)=CC8=CC6=C(C(O)=O)C4=C2)=C%29C%33=C%31C%32=C(C(O)=O)C=C%331,,,2.204119982655925,10.3390_polym12010228_part_2.txt_¶Î1_Material1
O=C(C1=CC=C(C=C1)C(OCC[*])=O)O[*],[*]C(F)(C(F)([*])F)F,,,,1.3979400086720375,10.1080_03602559.2016.1247281_part_6.txt_¶Î1_Material2
[*]C/C=C/CCC(C/C=C\C[*])C=C,CC1(CC(CC(C)(C1)C)N=C=O)CN=C=O,,,,1.973589623427257,10.1007_s13369-013-0874-9_part_1.txt_¶Î1_Material1
[*]C([H])([H])C(O)([H])[*],[*]C1C(OC(C(C1O)O)OC2C(OC(C(C2O)O)O[*])CO)CO,O=C(O[Na])COCC(OC(C(C1O)O)[*])C1OC(C(C(C2O[*])O)O)OC2COCC(O[Na])=O,O=[Al]O[Al]=O.O=[Si]=O.O=[Si]=O.O=[Si]=O,,0.7092699609758307,10.1186_2193-1801-2-376_part_1.txt_¶Î1_Material1
[*]OCCOC(CC(C([*])=O)C(C1CCCCC1)CC(CC(O)=O)C(OCCO)=O)=O,O=[Zr]=O,O=[Al]O[Al]=O,,,0.3979400086720376,10.1002_pc.24410_part_3.txt_¶Î1_Material1
[*]C(NC1=C(C)C(NC(OCCO[*])=O)=CC=C1)=O,[*]N1C(C2=CC3=C(C=C2C1=O)C(N(C3=O)C4=CC=C(C=C4)OC5=CC=C(C=C5)[*])=O)=O,,,,2.716003343634799,10.1021_acs.macromol.9b02359_part_1.txt_¶Î1_Material1
O=C([*])C(C)O[*],[*]C(CCCCCO[*])=O,OCC1OC(C(C(C1[*])O)O)OC2C(C(C(OC2CO)O[*])O)O,,,1.1760912590556811,10.1016_j.polymdegradstab.2018.04.012_part_2.txt_¶Î1_Material1
[*]C1C(OC(C(C1O)O)OC2C(OC(C(C2O)O)O[*])CO)CO,[*]C([H])([H])C(O)([H])[*],[Zn]=O,[*]C([H])([H])C(O)([H])[*],,1.880813592280792,10.1016_j.foodhyd.2020.106054_part_3.txt_¶Î1_Material2
[*]NCC(NC(C(ONCC(NC(C(NCC(NC(C([*])=O)C)=O)=O)C)=O)=O)CO)=O,O=[Ti]=O,OCC(C(C(C1N)O)O[*])OC1OC2C(OC(C(C2O)N)[*])CO,,,1.1760912590556811,10.2147_ijn.s172881_part_3.txt_¶Î1_Material1
[*]C/C=C/CCC([*])C#N,OCC1OC(C(C(C1[*])O)O)OC2C(C(C(OC2CO)O[*])O)O,[S],OC1=C2C(C3(O)C4C5C6=C7C8C(C9=CC(C(O)=O)=C(C=C(C=C%10C(O)=O)C%11%12)C(C%11=C%13C%14C%15%16C%17(O%16)C%18C%19=C%20C%21=C%22C(C(O)=C%23)=C%24C%25C%21=C%26C%19=C%27C%17=C%28C%14(O)C%12=C%10C=C%28CC%27=CC%26=CC%25=C(C(O)=O)C=C%24)C9=C7C%13(O)C5=C%15C3=C%18C%29%30C%20(O%30)C%31C%22C%23=C%32)=CC(C(O)=O)=CC8=CC6=C(C(O)=O)C4=C2)=C%29C%33=C%31C%32=C(C(O)=O)C=C%331,O=C(O)CCCCCCCCCCCCCCCCC,2.701567985055928,10.1002_app.36328_part_1.txt_¶Î1_Material1
[*]C([H])([H])C(O)([H])[*],[*]C1=C(C=CN2)C2=C([*])C(O)=C1O,,,,2.31492005599242,10.1016_j.cej.2020.126212_part_3.txt_¶Î1_Material1
[*]C([H])([H])C(O)([H])[*],O=P([O-])([O-])[O-].[Ca+2].[Ca+2].[OH-],,,,1.320146286111054,10.1002_pola.29263_part_1.txt_¶Î1_Material1
[*]NC(C(N1CCCC1C(NCC(N2CC(CC2C(NC(C(NCC([*])=O)=O)CO)=O)O)=O)=O)=O)CCCCN,O=C(O)CCCCCCCCCCCCCCCCC,OCC(O)CO,,,2.0350693444211045,10.1016_j.foodchem.2010.03.090_part_1.txt_¶Î1_Material1
[*]C1C(OC(C(C1O)O)OC2C(OC(C(C2O)O)O[*])CO)CO,[*]C(C(OC1O[*])COC(O[Na])=O)C(O)C1N,,,,1.1986570869544226,10.1016_j.indcrop.2018.05.047_part_1.txt_¶Î1_Material1
O=C(O)C([*])C[*],[Fe+3],OC1=C2C(C3(O)C4C5C6=C7C8C(C9=CC(C(O)=O)=C(C=C(C=C%10C(O)=O)C%11%12)C(C%11=C%13C%14C%15%16C%17(O%16)C%18C%19=C%20C%21=C%22C(C(O)=C%23)=C%24C%25C%21=C%26C%19=C%27C%17=C%28C%14(O)C%12=C%10C=C%28CC%27=CC%26=CC%25=C(C(O)=O)C=C%24)C9=C7C%13(O)C5=C%15C3=C%18C%29%30C%20(O%30)C%31C%22C%23=C%32)=CC(C(O)=O)=CC8=CC6=C(C(O)=O)C4=C2)=C%29C%33=C%31C%32=C(C(O)=O)C=C%331,,,3.474216264076256,10.1039_c5tb00075k_part_1.txt_¶Î1_Material1
[*]CC[*],O=[Si]=O,,,,0.4771212547196624,10.1038_s41598-025-90636-6_OA_part_1.txt_¶Î1_Material1
OCC1OC(C(C(C1[*])O)O)OC2C(C(C(OC2CO)O[*])O)O,O=[Si]=O.[Ca]=O,[H]O[H],,,0.3010299956639812,10.4028_www.scientific.net_msf.675-677.379_part_1.txt_¶Î1_Material1
O=C(C(C[*])[*])N,[K+].[OH-],[H][O-],,,2.921982838837776,10.1007_s40820-022-00980-9_OA_part_2.txt_¶Î1_Material1
[*]C(CCCCCO[*])=O,O=[Ti]=O,,,,2.3010299956639813,10.1038_s41467-022-33283-z_OA_part_1.txt_¶Î1_Material1
[*]C(C)C[*],O=[Si]=O,O=[Si]=O,,,0.8808135922807914,10.1002_pc.23380_part_1.txt_¶Î1_Material1
O=C([*])C(C)O[*],[*]OCC[*],O=C([*])C(C)O[*],,,1.5831987739686226,10.1002_pc.24314_part_1.txt_¶Î1_Material1
[*]C([H])([H])C(O)([H])[*],OCC1OC(C(C(C1[*])O)O)OC2C(C(C(OC2CO)O[*])O)O,,,,1.617105230502378,10.1016_j.ijbiomac.2020.04.178_part_3.txt_¶Î1_Material1
[*]CCCC(C1C([*])C2CC1C/C2=C/C)C,O=[Si]=O,,,,2.4787107555127594,10.1002_pen.24604_part_2.txt_¶Î1_Material1
C/C(C[*])=C/C[*],OCC1OC(C(C(C1[*])O)O)OC2C(C(C(OC2CO)O[*])O)O,,,,2.6580113966571126,10.1016_j.compositesa.2011.12.015_part_2.txt_¶Î1_Material1
[*]C/C=C/CCC([*])C#N,[*]C(NC1=C(C)C(NC(OCCO[*])=O)=CC=C1)=O,,,,2.4471580313422194,10.1016_j.wear.2009.08.037_part_1.txt_¶Î1_Material1
OCC(C(C(C1N)O)O[*])OC1OC2C(OC(C(C2O)N)[*])CO,[*]C1C(C(C(OC1C(O[Na])=O)OC2C(C(O[Na])=O)OC(O[*])C(O)C2O)O)O,[*]C(C(OC1O[*])COC(O[Na])=O)C(O)C1N,[Zn]=O,,1.4034637013453175,10.1016_j.foodchem.2019.01.022_part_1.txt_¶Î1_Material1
[*]C1C(OC(C(C1O)O)OC2C(OC(C(C2O)O)O[*])CO)CO,[*]C([H])([H])C(O)([H])[*],OCC(O)CO,C(CC=O)CC=O,,2.204337075628155,10.1007_s11703-011-1143-x_part_1.txt_¶Î1_Material1
[*]C(N(CN(C(OCOC(N(CN(C(OCCO[*])=O)[H])[H])=O)=O)[H])[H])=O,C[Si](C)(C[*])O[*],[*]CC([*])N1CCCC1=O,[*]CCN[*],,2.8041394323353503,10.1016_j.actbio.2021.04.055_part_3.txt_¶Î1_Material1
O=C([*])C(C)O[*],[*]OCCCCOC(CCC([*])=O)=O,,,,1.3010299956639813,10.1002_mame.201300306_part_1.txt_¶Î1_Material2
OCC(C(C(C1N)O)O[*])OC1OC2C(OC(C(C2O)N)[*])CO,O=C=O,OCC(O)CO,,,1.0293837776852095,10.1016_j.carbpol.2019.05.003_part_1.txt_¶Î1_Material1
[*]C(C(C1O)O)OCC1OC(C(C2O)OC(C)=O)OCC2OC(OCC(C3O)OC4OCC(C(C4O)OC(C)=O)OC5OCC(C(C5OC(C)=O)OC(C)=O)[*])C3OC(C(C(C6OC)O)O)OC6C([O-])=O,OCC(O)CO,OC[C@@H]([C@H]([C@@H]([C@@H](CO)O)O)O)O,[*]OCC[*],,1,10.1007_s10570-012-9764-7_part_1.txt_¶Î1_Material1
[*]C1C(OC(C(C1O)O)OC2C(OC(C(C2O)O)O[*])CO)CO,OC1C(C(OC(C1O)OC2C(OC(C(C2O)O)OC3C(C(C(OC3C(OC)=O)OC4C(OC(C(C4O)O)[*])C(O)=O)O)O)C(OC)=O)C(O)=O)O[*],OCC1OC(C(C(C1[*])O)O)OC2C(C(C(OC2CO)O[*])O)O,,,1.2278867046136734,10.1007_s10570-012-9768-3_part_1.txt_¶Î1_Material1
O=C([*])C(C)O[*],C[Si](O[*])(C)[*],O=[Mg].O=[Si]=O.O=[Si]=O.O=[Si]=O.O=[Si]=O.O=[Mg].O=[Mg].O,,,1.167317334748176,10.1016_j.rinp.2018.04.028_part_2.txt_¶Î1_Material1
[*]CC(COC1=CC=C(C=C1)C(C)(C)C2=CC=C(C=C2)O[*])O,CCCCCCCCCCCCOS([O-])(=O)=O.[Na+],CCCCCCCCCCCCCCCC[N+](C)(C)C.[Br-],,,0.1760912590556812,10.1007_s13726-011-0013-y_part_2.txt_¶Î1_Material1
O=C(C1=CC=C(C=C1)C(OCC[*])=O)O[*],[H]O[H],CCCCCCCCCCCCOS([O-])(=O)=O.[Na+],,,1.388278863459639,10.1177_0021998316645850_part_2.txt_¶Î1_Material1
O=C(C(C[*])[*])N,[*]NC(C(N1CCCC1C(NCC(N2CC(CC2C(NC(C(NCC([*])=O)=O)CO)=O)O)=O)=O)=O)CCCCN,,,,3.1920095926536702,10.1016_j.polymer.2021.123786_part_1.txt_¶Î1_Material1
[*]C(N(CN(C(OCOC(N(CN(C(OCCO[*])=O)[H])[H])=O)=O)[H])[H])=O,[*]C(C)C[*],[*]C(C)C[*],,,2,10.1002_vnl.21523_part_1.txt_¶Î1_Material2
[*]C1C(C(C(OC1C(O[Na])=O)OC2C(C(O[Na])=O)OC(O[*])C(O)C2O)O)O,OC1=C2C(C3(O)C4C5C6=C7C8C(C9=CC(C(O)=O)=C(C=C(C=C%10C(O)=O)C%11%12)C(C%11=C%13C%14C%15%16C%17(O%16)C%18C%19=C%20C%21=C%22C(C(O)=C%23)=C%24C%25C%21=C%26C%19=C%27C%17=C%28C%14(O)C%12=C%10C=C%28CC%27=CC%26=CC%25=C(C(O)=O)C=C%24)C9=C7C%13(O)C5=C%15C3=C%18C%29%30C%20(O%30)C%31C%22C%23=C%32)=CC(C(O)=O)=CC8=CC6=C(C(O)=O)C4=C2)=C%29C%33=C%31C%32=C(C(O)=O)C=C%331,,,,2.230448921378274,10.1080_15685551.2012.705503_part_1.txt_¶Î1_Material1
O=C([*])C(C)O[*],O=[Al]O[Al]=O.O=[Si]=O.O=[Si]=O.O=[Si]=O,OC(C(C)(CC(C1=CC=CC=C1)[*])CC(C[*])(C(OCC2CO2)=O)C)=O,[*]OCC[*],,0.9542425094393248,10.1016_j.ijbiomac.2015.11.028_part_3.txt_¶Î1_Material1
OCC(C(C(C1N)O)O[*])OC1OC2C(OC(C(C2O)N)[*])CO,[*]C([H])([H])C(O)([H])[*],O=C([O-])[O-].[Ca+2],,,1.4082399653118496,10.1016_j.compscitech.2014.11.003_part_2.txt_¶Î1_Material1
[*]C(NC1=C(C)C(NC(OCCO[*])=O)=CC=C1)=O,[Ag],[Cu],,,2.740362689494244,10.1007_s11029-011-9192-z_part_1.txt_¶Î1_Material1
[*]OCCOC(CC(C([*])=O)C(C1CCCCC1)CC(CC(O)=O)C(OCCO)=O)=O,C=CC1=CC=CC=C1,C=C([CH3])C(=O)O[CH3],,,0.7160033436347992,10.1002_app.49825_part_3.txt_¶Î1_Material1
O=C(C1=CC=C(C=C1)C(OCC[*])=O)O[*],[Cu],,,,1.5524248457040857,10.1177_1528083715580518_part_1.txt_¶Î1_Material1
[*]C/C=C/CCC(C=C)CC([*])C1=CC=CC=C1,[Zn]=O,,,,2.705007959333336,10.1002_adv.21791_part_2.txt_¶Î1_Material1
[*]CC[*],OCC1OC(C(C(C1[*])O)O)OC2C(C(C(OC2CO)O[*])O)O,C12=CC3=CC4=CC=CN=C4N=C3N=C1N=C5N=C6N=CC=CC6=CC5=C2,,,1.740362689494244,10.1007_s42114-019-00116-5_part_2.txt_¶Î1_Material1
[*]OCCOC(CC(C([*])=O)C(C1CCCCC1)CC(CC(O)=O)C(OCCO)=O)=O,[H][Si]([H])([H])[H],,,,0.3010299956639812,10.1177_0021998312454032_part_1.txt_¶Î1_Material1
C[Si](C)(C[*])O[*],[C],,,,1.4771212547196624,10.1115_1.4028837_part_1.txt_¶Î1_Material1
O=C([*])C(C)O[*],OP(O)(O)=O,OCC1OC(OC2C(O)C(O)C(O[*])OC2CO)C(O)C(O)C1[*],,,1.1398790864012365,10.1002_app.44895_part_1.txt_¶Î1_Material1
O=C([*])OC1=CC=C(C=C1)C(C)(C)C2=CC=C(C=C2)O[*],O=C([*])C(C)O[*],C=C(C(OCC1CO1)=O)C,,,1.845098040014257,10.1039_c6ra21208e_part_3.txt_¶Î1_Material1
[*]CC[*],[*]CC[*],OC1=C2C(C3(O)C4C5C6=C7C8C(C9=CC(C(O)=O)=C(C=C(C=C%10C(O)=O)C%11%12)C(C%11=C%13C%14C%15%16C%17(O%16)C%18C%19=C%20C%21=C%22C(C(O)=C%23)=C%24C%25C%21=C%26C%19=C%27C%17=C%28C%14(O)C%12=C%10C=C%28CC%27=CC%26=CC%25=C(C(O)=O)C=C%24)C9=C7C%13(O)C5=C%15C3=C%18C%29%30C%20(O%30)C%31C%22C%23=C%32)=CC(C(O)=O)=CC8=CC6=C(C(O)=O)C4=C2)=C%29C%33=C%31C%32=C(C(O)=O)C=C%331,,,1.6424645202421213,10.1002_app.46768_part_1.txt_¶Î1_Material1
O=C(C(C[*])[*])N,[O-][Si](O[Si]([O-])=O)=O,[*]NC(C(N1CCCC1C(NCC(N2CC(CC2C(NC(C(NCC([*])=O)=O)CO)=O)O)=O)=O)=O)CCCCN,,,2.875292825371008,10.1021_acsami.5b05287_part_2.txt_¶Î1_Material1
C[Si](C)(C[*])O[*],O=C=NCCCCCCN=C=O,[H][O-],,,1.4578818967339924,10.1002_app.48753_part_1.txt_¶Î1_Material1
[*]C1C(C(C(OC1C(O[Na])=O)OC2C(C(O[Na])=O)OC(O[*])C(O)C2O)O)O,OC1C(C(OC(C1O)OC2C(OC(C(C2O)O)OC3C(C(C(OC3C(OC)=O)OC4C(OC(C(C4O)O)[*])C(O)=O)O)O)C(OC)=O)C(O)=O)O[*],[Ag],,,1.7715874808812553,10.1007_s13197-016-2343-4_part_2.txt_¶Î1_Material1
O=C(O[Na])COCC1OC(OC2C(COCC(O[Na])=O)OC([*])C(O)C2O)C(O)C(O)C1O[*],,,,,0.785329835010767,10.1039_c3py00683b_part_1.txt_¶Î1_Material1
CCCCCCC1=C(SC([*])=C1)[*],[*]C(N(CN(C(OCOC(N(CN(C(OCCO[*])=O)[H])[H])=O)=O)[H])[H])=O,[Ag],C12=C3C(C=CC4C3=C5C(CC6=CC7=C8C9=C(C(C=C%10)=CC=C9C=C7)C%11=C%10C%12)=CC4)=CC=C1C=C%12C%13=C%11C8=C6C5=C2%13,,2.0791812460476247,10.1039_d3lp00106g_OA_part_2.txt_¶Î1_Material1
[*]C(NC1=C(C)C(NC(OCCO[*])=O)=CC=C1)=O,[Fe]12O[Fe]O[Fe](O2)O1,,,,2.792391689498254,10.1016_j.msec.2016.04.064_part_7.txt_¶Î1_Material1
[*]CC[*],[*]CC(COC1=CC=C(C=C1)C(C)(C)C2=CC=C(C=C2)O[*])O,,,,0.829303772831025,10.1177_0021998318755542_part_2.txt_¶Î1_Material1
[*]C(N(CN(C(OCOC(N(CN(C(OCCO[*])=O)[H])[H])=O)=O)[H])[H])=O,C12=C3C(C=CC4C3=C5C(CC6=CC7=C8C9=C(C(C=C%10)=CC=C9C=C7)C%11=C%10C%12)=CC4)=CC=C1C=C%12C%13=C%11C8=C6C5=C2%13,,,,2.525044807036845,10.1002_app.49364_part_1.txt_¶Î1_Material1
C[Si](C)(C[*])O[*],[Ag],CCCCCCCCCCCCOS([O-])(=O)=O.[Na+],,,2.3010299956639813,10.1038_srep16527_part_1.txt_¶Î1_Material1
[*]OCCCCOC(CCC([*])=O)=O,[*]C(C=C1)=CC=C1S[*],,,,1.3038437748886544,10.1039_c9sm01958h_part_2.txt_¶Î1_Material1
[*]C(CCCCCO[*])=O,[*]OCC[*],OCC(C(C(C1N)O)O[*])OC1OC2C(OC(C(C2O)N)[*])CO,OCC1OC(C(C(C1O)O[*])O)OC2C(C(C(OC2COS(=O)(O)=O)[*])NC(C)=O)O,,1.8260748027008264,10.1016_j.msec.2020.111696_part_2.txt_¶Î1_Material1
O=C([*])C(C)O[*],[*]OCC[*],O=C([*])C(C)O[*],OC1=C2C(C3(O)C4C5C6=C7C8C(C9=CC(C(O)=O)=C(C=C(C=C%10C(O)=O)C%11%12)C(C%11=C%13C%14C%15%16C%17(O%16)C%18C%19=C%20C%21=C%22C(C(O)=C%23)=C%24C%25C%21=C%26C%19=C%27C%17=C%28C%14(O)C%12=C%10C=C%28CC%27=CC%26=CC%25=C(C(O)=O)C=C%24)C9=C7C%13(O)C5=C%15C3=C%18C%29%30C%20(O%30)C%31C%22C%23=C%32)=CC(C(O)=O)=CC8=CC6=C(C(O)=O)C4=C2)=C%29C%33=C%31C%32=C(C(O)=O)C=C%331,,1.8750612633917,10.1002_pc.24314_part_2.txt_¶Î1_Material1
[*]C(N(CN(C(OCOC(N(CN(C(OCCO[*])=O)[H])[H])=O)=O)[H])[H])=O,C[Si](C)(C[*])O[*],[*]OC1C(C(O)=O)OC(OC2C(NC(C)=O)C([*])OC(CO)C2O)C(O)C1O,,,1.5314789170422551,10.1177_0892705715604675_part_3.txt_¶Î1_Material2
[*]C(NC1=C(C)C(NC(OCCO[*])=O)=CC=C1)=O,CCCC[Sn](OC(CC(C)CCCCCCCC)=O)(OC(CCCCCCCCCCC)=O)CCCC,,,,2.9628426812012423,10.1007_s13233-009-0137-5_part_1.txt_¶Î1_Material1
O=C(O[Na])COCC(OC(C(C1O)O)[*])C1OC(C(C(C2O[*])O)O)OC2COCC(O[Na])=O,[*]OCC[*],,,,0.5185139398778874,10.1016_j.indcrop.2019.111644_part_2.txt_¶Î1_Material1
C[Si](C)(C[*])O[*],[*]CCCC([*])OC(C)=O,O=[Si]=O,O=[Al]O[Al]=O,,2.439332693830263,10.1039_c5ra08277c_part_2.txt_¶Î1_Material1
[*]CC(C#N)[*],[*]C(NC1=C(C)C(NC(OCCO[*])=O)=CC=C1)=O,O=[Ti]=O,,,1.6232492903979006,10.1016_j.jcis.2017.08.055_part_3.txt_¶Î1_Material1
[*]CC([*])Cl,O=[Si]=O,O=[Si]=O,,,1.1760912590556811,10.1002_pen.23412_part_1.txt_¶Î1_Material1
[*]C(N(CN(C(OCOC(N(CN(C(OCCO[*])=O)[H])[H])=O)=O)[H])[H])=O,[*]C1=CC=C([*])N1,OC1=C2C(C3(O)C4C5C6=C7C8C(C9=CC(C(O)=O)=C(C=C(C=C%10C(O)=O)C%11%12)C(C%11=C%13C%14C%15%16C%17(O%16)C%18C%19=C%20C%21=C%22C(C(O)=C%23)=C%24C%25C%21=C%26C%19=C%27C%17=C%28C%14(O)C%12=C%10C=C%28CC%27=CC%26=CC%25=C(C(O)=O)C=C%24)C9=C7C%13(O)C5=C%15C3=C%18C%29%30C%20(O%30)C%31C%22C%23=C%32)=CC(C(O)=O)=CC8=CC6=C(C(O)=O)C4=C2)=C%29C%33=C%31C%32=C(C(O)=O)C=C%331,,,2.810904280668701,10.4028_www.scientific.net_kem.831.122_part_1.txt_¶Î1_Material1
[*]NC(C(N1CCCC1C(NCC(N2CC(CC2C(NC(C(NCC([*])=O)=O)CO)=O)O)=O)=O)=O)CCCCN,O=P([O-])([O-])[O-].[Ca+2].[Ca+2].[OH-],[Ag],,,1.7235377615320568,10.1166_jbns.2011.1054_part_1.txt_¶Î1_Material1
[*]NC(C(N1CCCC1C(NCC(N2CC(CC2C(NC(C(NCC([*])=O)=O)CO)=O)O)=O)=O)=O)CCCCN,OCC(C(C(C1N)O)O[*])OC1OC2C(OC(C(C2O)N)[*])CO,O=[Si]=O,,,1.5146805441249815,10.1111_jfpe.13329_part_2.txt_¶Î1_Material1
OCC1OC(C(C(C1[*])O)O)OC2C(C(C(OC2CO)O[*])O)O,OCC(C(C(C1N)O)O[*])OC1OC2C(OC(C(C2O)N)[*])CO,,,,1.1760912590556811,10.1007_s10570-014-0330-3_part_3.txt_¶Î1_Material1
O=C([*])OC1=CC=C(C=C1)C(C)(C)C2=CC=C(C=C2)O[*],[*]CC([*])N1CCCC1=O,[Na+].[Cl-],,,2.230448921378274,10.1088_0957-4484_24_27_275603_part_1.txt_¶Î1_Material1
[*]CC(C#N)[*],OC1=C2C(C3(O)C4C5C6=C7C8C(C9=CC(C(O)=O)=C(C=C(C=C%10C(O)=O)C%11%12)C(C%11=C%13C%14C%15%16C%17(O%16)C%18C%19=C%20C%21=C%22C(C(O)=C%23)=C%24C%25C%21=C%26C%19=C%27C%17=C%28C%14(O)C%12=C%10C=C%28CC%27=CC%26=CC%25=C(C(O)=O)C=C%24)C9=C7C%13(O)C5=C%15C3=C%18C%29%30C%20(O%30)C%31C%22C%23=C%32)=CC(C(O)=O)=CC8=CC6=C(C(O)=O)C4=C2)=C%29C%33=C%31C%32=C(C(O)=O)C=C%331,OC1=C2C(C3(O)C4C5C6=C7C8C(C9=CC(C(O)=O)=C(C=C(C=C%10C(O)=O)C%11%12)C(C%11=C%13C%14C%15%16C%17(O%16)C%18C%19=C%20C%21=C%22C(C(O)=C%23)=C%24C%25C%21=C%26C%19=C%27C%17=C%28C%14(O)C%12=C%10C=C%28CC%27=CC%26=CC%25=C(C(O)=O)C=C%24)C9=C7C%13(O)C5=C%15C3=C%18C%29%30C%20(O%30)C%31C%22C%23=C%32)=CC(C(O)=O)=CC8=CC6=C(C(O)=O)C4=C2)=C%29C%33=C%31C%32=C(C(O)=O)C=C%331,,,1.4771212547196624,10.1177_00405175211020516_part_1.txt_¶Î1_Material1
[*]C(C)C[*],[*]OCC[*],OCC(O)CO,,,2.085254891103877,10.1002_app.32651_part_1.txt_¶Î1_Material1
OCC1OC(C(C(C1[*])O)O)OC2C(C(C(OC2CO)O[*])O)O,O=C(O)CCCCCCCCCCCCCCCCC,,,,1.6532125137753435,10.1039_c5ra12671a_part_2.txt_¶Î1_Material1
[*]CC([*])Cl,[*]CC(C1=CC=CC=C1)[*],[*]CC(C1=CC=CC=C1)[*],[*]CC(C1=CC=C(C=C1)S(=O)([O-])=O)[*],,1.3010299956639813,10.1007_s11003-015-9853-5_part_2.txt_¶Î1_Material1
[*]C([H])([H])C(O)([H])[*],[Zn]=O,,,,1.6563857190586877,10.1515_ntrev-2015-0020_part_4.txt_¶Î1_Material1
[*]C(C)C[*],[*]CCC(CCCC(CCCC(C[*])C)C)C,[*]CC[*],,,1.1613680022349748,10.1016_j.polymer.2015.03.064_part_1.txt_¶Î1_Material1
[*]C(C)C[*],O=C([*])CCCCCN[*],O=[Al]O[Al]=O.O=[Si]=O.O=[Si]=O.O=[Si]=O,,,0.9148718175400504,10.1002_app.32328_part_1.txt_¶Î1_Material1
[*]CC(COC1=CC=C(C=C1)C(C)(C)C2=CC=C(C=C2)O[*])O,O=[Si]=O,C=C([CH3])C(=O)O[CH3],,,0.7678976160180907,10.1515_epoly.2011.11.1.710_part_1.txt_¶Î1_Material1
O=C([*])CCCCCN[*],[*]C(C)C[*],C[N+](CCO)(CCO)[3H],,,1.6989700043360187,10.1016_j.matdes.2010.05.024_part_1.txt_¶Î1_Material1
[*]CC(C#N)[*],[*]C1=CC=C(C=C1)C(N[*])=O,O=CN(C)C,,,1.404833716619938,10.1007_s12221-013-0736-9_part_1.txt_¶Î1_Material1
[*]CC[*],[*]C(CCCCCO[*])=O,O=[Al]O[Al]=O,[Na+].[Cl-],,2.8615344108590377,10.3390_molecules26113090_part_2.txt_¶Î1_Material1
OCC(C(C(C1N)O)O[*])OC1OC2C(OC(C(C2O)N)[*])CO,[Ag],[*]NC(C(N1CCCC1C(NCC(N2CC(CC2C(NC(C(NCC([*])=O)=O)CO)=O)O)=O)=O)=O)CCCCN,,,1.1760912590556811,10.1007_s13233-010-0905-2_part_1.txt_¶Î1_Material1
[*]NCC(NC(C(ONCC(NC(C(NCC(NC(C([*])=O)C)=O)=O)C)=O)=O)CO)=O,[*]OC1C(C(O)=O)OC(OC2C(NC(C)=O)C([*])OC(CO)C2O)C(O)C1O,CCN=C=NCCCN(C)C,ON1C(=O)CCC1=O,,1.82865989653532,10.1016_j.eurpolymj.2020.109842_part_3.txt_¶Î1_Material2
OCC(C(C(C1N)O)O[*])OC1OC2C(OC(C(C2O)N)[*])CO,[*]NC(C(N1CCCC1C(NCC(N2CC(CC2C(NC(C(NCC([*])=O)=O)CO)=O)O)=O)=O)=O)CCCCN,[*]C1C(OC(C(C1O)O)OC2C(OC(C(C2O)O)O[*])CO)CO,,,0.5440680443502757,10.1080_00222348.2020.1714854_part_1.txt_¶Î1_Material1
[*]C(NC1=C(C)C(NC(OCCO[*])=O)=CC=C1)=O,C=C([CH3])C(=O)O[CH3],C=CC(OCCCC)=O,[H]O[H],,2.1072099696478683,10.1002_app.44488_part_2.txt_¶Î1_Material1
O=C([*])CCCCCN[*],[H][O-],,,,2.073351702386901,10.1016_j.compositesb.2015.04.040_part_1.txt_¶Î1_Material1
[*]CC(C1=CC=CC=C1)[*],[*]CC(C1=CC=CC=C1)C/C=C/C[*],,,,2.443106456737266,10.1177_0731684414525998_part_2.txt_¶Î1_Material1
[*]CC(C)(C(OCCO)=O)[*],,,,,2.361727836017593,10.1016_j.actbio.2020.04.002_part_3.txt_¶Î1_Material1
[*]C1C(O)C(O)C(OC2C(O)C(O)C(O[*])OC2COCCO)OC1COCCO,O=C(O)C([*])C[*],O=C(C(C[*])[*])N,[Fe+3],,3.095169351431755,10.1016_j.eurpolymj.2018.05.025_part_1.txt_¶Î1_Material1
OCC1OC(C(C(C1[*])O)O)OC2C(C(C(OC2CO)O[*])O)O,O=[Si]=O.O=[Al]O[Al]=O.O=[Si]=O.O=[Si]=O.O=[Si]=O.O,O=[Si]=O.O=[Al]O[Al]=O.O=[Si]=O.O=[Si]=O.O=[Si]=O.O,,,1.3424226808222062,10.1007_s10570-019-02473-2_part_1.txt_¶Î1_Material1
O=C(O[Na])COCC(OC(C(C1O)O)[*])C1OC(C(C(C2O[*])O)O)OC2COCC(O[Na])=O,[*]C1C(C(C(OC1C(O[Na])=O)OC2C(C(O[Na])=O)OC(O[*])C(O)C2O)O)O,OCC(C(C(C1N)O)O[*])OC1OC2C(OC(C(C2O)N)[*])CO,,,1.251638220448212,10.3390_coatings8080291_part_3.txt_¶Î1_Material1
OCC(C(C(C1N)O)O[*])OC1OC2C(OC(C(C2O)N)[*])CO,[*]OCC[*],[Zn]=O,[Ag],,1.173186268412274,10.1016_j.carbpol.2012.02.058_part_1.txt_¶Î1_Material1
C(C)(C1=CC=C(OCC2CO2)C=C1)(C)C1=CC=C(OCC2CO2)C=C1,[*]N1C(C2=CC3=C(C=C2C1=O)C(N(C3=O)C4=CC=C(C=C4)OC5=CC=C(C=C5)[*])=O)=O,[*]CC(C#N)[*],,,1.5250448070368452,10.1007_s12221-014-2564-y_part_1.txt_¶Î1_Material1
[*]C1C(OC(C(C1O)O)OC2C(OC(C(C2O)O)O[*])CO)CO,[*]C1C(OC(C(C1O)O)OC2C(OC(C(C2O)O)O[*])CO)CO,O=C(C1=CC=C(C([*])=O)C=C1)NC2=CCC(N[*])C=C2,,,1,10.1016_j.compositesa.2012.11.010_part_1.txt_¶Î1_Material1
OCC1OC(C(C(C1[*])O)O)OC2C(C(C(OC2CO)O[*])O)O,O=C(O[Na])COCC(OC(C(C1O)O)[*])C1OC(C(C(C2O[*])O)O)OC2COCC(O[Na])=O,,,,0.9294189257142929,10.1021_acssuschemeng.8b00814_part_4.txt_¶Î1_Material1
[*]C1C(OC(C(C1O)O)OC2C(OC(C(C2O)O)O[*])CO)CO,[*]OCCCCOC(CCC([*])=O)=O,OCC(O)CO,CC1=CC=C(C=C1N=C=O)N=C=O,,1.668385917,10.1016_j.carbpol.2010.08.051_part_1.txt_¶Î1_Material1
[*]NC(C(N1CCCC1C(NCC(N2CC(CC2C(NC(C(NCC([*])=O)=O)CO)=O)O)=O)=O)=O)CCCCN,[*]C([H])([H])C(O)([H])[*],O=[Al]O[Al]=O.O=[Si]=O.O=[Si]=O.O.O,,,1.591064607026499,10.1007_s00289-019-02684-4_part_3.txt_¶Î1_Material1
[*]C(N(CN(C(OCOC(N(CN(C(OCCO[*])=O)[H])[H])=O)=O)[H])[H])=O,O=C(O)C([*])C[*],CC(C(=O)O)(CO)CO,,,2.6585837154070626,10.1007_s10965-016-1134-y_part_2.txt_¶Î1_Material1
OCC(C(C(C1N)O)O[*])OC1OC2C(OC(C(C2O)N)[*])CO,[*]C([H])([H])C(O)([H])[*],[Ag+],[Ag+],,1.631443769013172,10.26740_ujc.v11n1.p61-68_OA_part_1.txt_¶Î1_Material1
O=C([*])C(C)O[*],[*]C([C@H](C)OC([C@H](C)O[*])=O)=O,,,,1.8642736968043792,10.1016_j.reactfunctpolym.2021.104964_part_2.txt_¶Î1_Material1
[*]C(C=C1)=CC=C1S[*],C[Si](C)(C[*])O[*],,,,2.113943352306837,10.1177_0307174x1504200903_part_1.txt_¶Î1_Material1
[*]C/C=C/CCC([*])C#N,[Zn]=O,,,,2.361727836017593,10.1016_j.compscitech.2021.108815_part_1.txt_¶Î1_Material1
O=C(CCCCC(N(CCCCCCN([*])[H])[H])=O)[*],[*]C(C)C[*],O=[Si]=O,,,1.141136090120739,10.1007_s12666-017-1209-4_part_1.txt_¶Î1_Material2
[*]OCCO[*],C[N+](CCO)(CCO)[3H],,,,2.037426497940624,10.1002_vnl.21464_part_1.txt_¶Î1_Material1
[*]CC(COC1=CC=C(C=C1)C(C)(C)C2=CC=C(C=C2)O[*])O,[*]OCCOC(CC(C([*])=O)C(C1CCCCC1)CC(CC(O)=O)C(OCCO)=O)=O,NCCC[Si](OCC)(OCC)OCC,,,0.5378190950732742,10.1002_vnl.21491_part_2.txt_¶Î1_Material1
O=C([*])CCCCCCCCCCC(NCCCCCCCCCCN[*])=O,[*]OCCOC(CC(C([*])=O)C(C1CCCCC1)CC(CC(O)=O)C(OCCO)=O)=O,[H][O-],,,0.9030899869919436,10.3390_ma10091040_part_2.txt_¶Î1_Material1
N#CC(C1=CC=CC=N1)C1=CC=CC=C1,OCC1OC(C(C(C1[*])O)O)OC2C(C(C(OC2CO)O[*])O)O,,,,0.6532125137753437,10.1016_j.compscitech.2017.04.027_part_1.txt_¶Î1_Material1
OCC(C(C(C1N)O)O[*])OC1OC2C(OC(C(C2O)N)[*])CO,O1C(=O)C=CC1=O,O=[Al]O[Al]=O.O=[Si]=O.O=[Si]=O.O=[Si]=O,,,0.7810369386211319,10.1088_1757-899x_176_1_012001_part_1.txt_¶Î1_Material1
O=C([*])C(C)O[*],[*]C/C=C/C[*],CC1=CC=C(C=C1N=C=O)N=C=O,,,1.3180633349627615,10.1021_ma401508b_part_2.txt_¶Î1_Material1
C/C(C[*])=C/C[*],O=[Al]O[Al]=O.O=[Si]=O.O=[Si]=O.O=[Si]=O,,,,2.617000341120899,10.1002_app.32781_part_1.txt_¶Î1_Material3
OCC(C(C(C1N)O)O[*])OC1OC2C(OC(C(C2O)N)[*])CO,O=C([*])C(C)O[*],[O-][Si]([O-])([O-])O[Si]([O-])([O-])[O-].[Ca+2],,,1.812913356642856,10.5935_0100-4042.20160047_part_1.txt_¶Î1_Material2
OCC1OC(C(C(C1[*])O)O)OC2C(C(C(OC2CO)O[*])O)O,[Ag],O=[Si]=O,,,0.829303772831025,10.1007_s10570-018-1796-1_part_4.txt_¶Î1_Material1
OCC(C(C(C1N)O)O[*])OC1OC2C(OC(C(C2O)N)[*])CO,[*]OC1C(O)C(O)C(OC2C(OC(C(CO)O)=O)C(OC3C(O)C(O)C(OC4C(O)C(O)C(O[*])OC4CO)OC3C(O)=O)OC(CO)C2O)OC1C,OC(C(CC(O)=O)(CC(O)=O)O)=O,,,1.6812412373755872,10.3390_fib1030047_part_2.txt_¶Î1_Material1
[*]C/C=C/CCC([*])C#N,[*]C(C)C[*],,,,2.146128035678238,10.1177_0307174x1304000811_part_1.txt_¶Î1_Material1
[*]C([H])([H])C(O)([H])[*],O=[Al]O[Al]=O.O=[Si]=O.O=[Si]=O.O=[Si]=O,OC1=C2C(C3(O)C4C5C6=C7C8C(C9=CC(C(O)=O)=C(C=C(C=C%10C(O)=O)C%11%12)C(C%11=C%13C%14C%15%16C%17(O%16)C%18C%19=C%20C%21=C%22C(C(O)=C%23)=C%24C%25C%21=C%26C%19=C%27C%17=C%28C%14(O)C%12=C%10C=C%28CC%27=CC%26=CC%25=C(C(O)=O)C=C%24)C9=C7C%13(O)C5=C%15C3=C%18C%29%30C%20(O%30)C%31C%22C%23=C%32)=CC(C(O)=O)=CC8=CC6=C(C(O)=O)C4=C2)=C%29C%33=C%31C%32=C(C(O)=O)C=C%331,,,2.311753861055754,10.1007_s13726-021-00964-3_part_1.txt_¶Î1_Material1
[*]CC[*],[*]CC[*],O=[Al]O[Al]=O.O=[Si]=O.O=[Si]=O.O.O,,,0.4771212547196624,10.1007_s42452-020-2679-2_part_2.txt_¶Î1_Material1
O=C(C1=CC=C(C=C1)C(OCC[*])=O)O[*],[*]C(CCCCC(OCCCCO[*])=O)=O,O=C=NC(C=C1)=CC=C1CC2=CC=C(C=C2)N=C=O,,,2,10.1016_j.eurpolymj.2010.05.004_part_1.txt_¶Î1_Material1
OCC1OC(C(C(C1[*])O)O)OC2C(C(C(OC2CO)O[*])O)O,[Fe+3],,,,1.5843312243675307,10.1007_s10570-019-02822-1_part_2.txt_¶Î1_Material1
[*]C1C(O)C(O)C(OC2C(O)C(O)C(O[*])OC2COC(C)=O)OC1COC(C)=O,O=[Si]=O,,,,1.577491799837225,10.14314_polimery.2013.550_OA_part_1.txt_¶Î1_Material1
C/C(C[*])=C/C[*],[*]C(C)C[*],[S],,,2.544068044350276,10.1177_0095244311432781_part_2.txt_¶Î1_Material1
[*]C1C(OC(C(C1O)O)OC2C(OC(C(C2O)O)O[*])CO)CO,[*]C([H])([H])C(O)([H])[*],O=[Al]O[Al]=O.O=[Si]=O.O=[Si]=O.O=[Si]=O,,,1.800510876894368,10.1515_ijfe-2015-0145_part_2.txt_¶Î1_Material1
[*]NCC(NC(C(ONCC(NC(C(NCC(NC(C([*])=O)C)=O)=O)C)=O)=O)CO)=O,[*]C(NC1=C(C)C(NC(OCCO[*])=O)=CC=C1)=O,[Ag],,,2.494850021680094,10.4028_www.scientific.net_msf.848.557_part_1.txt_¶Î1_Material1
[*]C(C[*])C(N(C)C)=O,[O-][Si](O[Si]([O-])=O)=O,,,,2.6989700043360187,10.1002_polb.23912_part_2.txt_¶Î1_Material1
O=C([*])C(C)O[*],[*]OCC[*],,,,1.230448921378274,10.1016_j.ijbiomac.2016.11.003_part_1.txt_¶Î1_Material1
[*]NC(C(N1CCCC1C(NCC(N2CC(CC2C(NC(C(NCC([*])=O)=O)CO)=O)O)=O)=O)=O)CCCCN,OCC(O)CO,OCCOC1C(OCCO)C(C(OCCO)COCCOC(CCCCCCCCCCCCCCCCC)=O)OC1,,,1.2920344359947364,10.1016_j.jfoodeng.2013.03.005_part_1.txt_¶Î1_Material1
O=P([O-])([O-])[O-].[Ca+2].[Ca+2].[OH-],[*]C([H])([H])C(O)([H])[*],,,,1.9878896099977448,10.1016_j.mtcomm.2021.102025_part_1.txt_¶Î1_Material1
OCC1OC(C(C(C1[*])O)O)OC2C(C(C(OC2CO)O[*])O)O,[Ni],,,,0.2304489213782739,10.1016_j.carbpol.2021.118507_part_3.txt_¶Î1_Material1
O=C([*])CCCCCN[*],[*]C/C=C/CCC([*])C#N,CCCCCCCCCCCCCCCCCCOC(CCC1=CC(C(C)(C)C)=C(C(C(C)(C)C)=C1)O)=O,,,2.397940008672037,10.5254_rct.13.87976_part_1.txt_¶Î1_Material1
C/C(C[*])=C/C[*],[*]C([H])([H])C(O)([H])[*],,,,2.6989700043360187,10.5254_1.3673424_part_1.txt_¶Î1_Material1
[*]NCC(NC(C(ONCC(NC(C(NCC(NC(C([*])=O)C)=O)=O)C)=O)=O)CO)=O,[Ca+2],[Mg],[H]O[H],,0.785329835010767,10.1007_s12221-014-0540-1_part_2.txt_¶Î1_Material1
OP(O)(O)=O,[*]CCCC(C(O)=O)[*],[*]CCCC(C(O)=O)[*],,,2.2612628687924934,10.1002_vnl.21485_part_1.txt_¶Î1_Material1
O=C([*])OC1=CC=C(C=C1)C(C)(C)C2=CC=C(C=C2)O[*],[*]CC(CC=CCC([*])C1=CC=CC=C1)C#N,O=[Mg].O=[Si]=O.O=[Si]=O.O=[Si]=O.O=[Si]=O.O=[Mg].O=[Mg].O,,,1.24551266781415,10.1002_app.35147_part_1.txt_¶Î1_Material1
OCC(C(C(C1N)O)O[*])OC1OC2C(OC(C(C2O)N)[*])CO,[*]C1OC2COC(C2OC3C(C(C(C(C3)CO)OS(=O)([O-])=O)O[*])O)C1OS(=O)([O-])=O,,,,1.3010299956639813,10.1016_j.foodhyd.2018.07.017_part_7.txt_¶Î1_Material3
[*]OCCCOC(C1=CC=C(C([*])=O)C=C1)=O,[*]CCCCO[*],,,,1.677606952720493,10.3144_expresspolymlett.2015.49_part_3.txt_¶Î1_Material1
[*]C/C=C\CCC(C=C)[*],OCC(C(C(C1N)O)O[*])OC1OC2C(OC(C(C2O)N)[*])CO,O=[Si]=O,,,2.544068044350276,10.1016_j.ijbiomac.2016.06.078_part_1.txt_¶Î1_Material1
[*]C([H])([H])C(O)([H])[*],C=C([CH3])C(=O)O[CH3],OCC1OC(C(C(C1[*])O)O)OC2C(C(C(OC2CO)O[*])O)O,[*]C1=CC=C([*])N1,,2.281714970027296,10.1016_j.compscitech.2020.108165_part_2.txt_¶Î1_Material1
[*]C(C)C[*],[*]CC[*],O=C([O-])[O-].[Ca+2],,,1.7075701760979365,10.1088_1742-6596_1294_5_052020_part_2.txt_¶Î1_Material1
OCC1OC(C(C(C1[*])O)O)OC2C(C(C(OC2CO)O[*])O)O,OCC1OC(C(C(C1O[*])O)O)[*],,,,1.0791812460476249,10.1039_c6ta07681e_part_1.txt_¶Î1_Material1
[*]C(C)C[*],O=C(C1=CC=C(C=C1)C(OCC[*])=O)O[*],[*]C(C)C[*],,,1.4451369687133042,10.1016_j.polymertesting.2016.10.005_part_1.txt_¶Î1_Material1
O=C([*])OC1=CC=C(C=C1)C(C)(C)C2=CC=C(C=C2)O[*],[*]CC(CC=CCC([*])C1=CC=CC=C1)C#N,C12=CC3=CC4=CC=CN=C4N=C3N=C1N=C5N=C6N=CC=CC6=CC5=C2,,,1.4771212547196624,10.1002_app.39105_part_1.txt_¶Î1_Material1
OP(O)(O)=O,[*]OC1C(C(O)=O)OC(OC2C(NC(C)=O)C([*])OC(CO)C2O)C(O)C1O,,,,1.160168292958512,10.1021_acs.iecr.7b02245_part_2.txt_¶Î1_Material1
[*]NC(C(N1CCCC1C(NCC(N2CC(CC2C(NC(C(NCC([*])=O)=O)CO)=O)O)=O)=O)=O)CCCCN,OCC(C(C(C1N)O)O[*])OC1OC2C(OC(C(C2O)N)[*])CO,OCC1O[C@H](C(C([C@@H]1O)O)O)O,,,1.4082399653118496,10.2225_vol13-issue5-fulltext-15_part_2.txt_¶Î1_Material1
O=C([*])C(C)O[*],OCC1OC(C(C(C1[*])O)O)OC2C(C(C(OC2CO)O[*])O)O,[H][Si]([H])([H])[H],,,0.5751878449276611,10.1016_j.compositesb.2019.107098_part_2.txt_¶Î1_Material1
[*]C(C)C[*],[*]CC(CCCC(CC)CC([*])C1=CC=CC=C1)C2=CC=CC=C2,[H][O-],,,1.4913616938342726,10.1016_s1672-6529(14)60139-6_part_2.txt_¶Î1_Material1
OCC1OC(C(C(C1[*])O)O)OC2C(C(C(OC2CO)O[*])O)O,[H][O-],O=[Si]=O,,,0.3617278360175928,10.1007_s10570-013-9928-0_part_1.txt_¶Î1_Material1
[*]C(N(CN(C(OCOC(N(CN(C(OCCO[*])=O)[H])[H])=O)=O)[H])[H])=O,[*]CC([*])N1CCCC1=O,,,,2.4815859363676225,10.1016_j.matdes.2013.11.029_part_1.txt_¶Î1_Material1
[*]C(C)C[*],[Fe],,,,0.6989700043360189,10.1002_app.38665_part_1.txt_¶Î1_Material1
[*]C(C)C[*],[*]C(C)C[*],[*]CC(CCCC(CC)CC([*])C1=CC=CC=C1)C2=CC=CC=C2,[H][O-],[H]Cl,1.2494429614425822,10.1016_j.compositesa.2014.10.019_part_2.txt_¶Î1_Material1
[*]C(N(CN(C(OCOC(N(CN(C(OCCO[*])=O)[H])[H])=O)=O)[H])[H])=O,O=C(O)CCCCCCCCCCCCCCCCC,,,,3.219846386024361,10.1007_s40242-017-7088-8_part_1.txt_¶Î1_Material1
O=C([*])C(C)O[*],[*]C(CCCCCO[*])=O,OCC(C(C(C1N)O)O[*])OC1OC2C(OC(C(C2O)N)[*])CO,OCC(O)CO,,2.0100029741270595,10.4028_www.scientific.net_amr.900.320_part_1.txt_¶Î1_Material1
[*]NCC(NC(C(ONCC(NC(C(NCC(NC(C([*])=O)C)=O)=O)C)=O)=O)CO)=O,OCC1OC(C(C(C1O)O[*])O)OC2C(C(C(OC2COS(=O)(O)=O)[*])NC(C)=O)O,O=[Ti]=O,,,1.1760912590556811,10.1002_smll.201903948_part_8.txt_¶Î1_Material1
[*]C(CCCCCO[*])=O,OCC(C(C(C1N)O)O[*])OC1OC2C(OC(C(C2O)N)[*])CO,,,,1.1740598077250255,10.2147_ijn.s177256_part_1.txt_¶Î1_Material1
[*]C(C)C[*],O=C([*])CCCCCN[*],O=[Si]=O,[*]C(C)C[*],,1,10.1016_j.compositesb.2015.09.033_part_1.txt_¶Î1_Material1
C/C(C[*])=C/C[*],O=C(C(C[*])[*])N,C(CC=O)CC=O,,,2.845098040014257,10.14233_ajchem.2023.27592_OA_part_1.txt_¶Î1_Material1
[*]C1=C(O)C(C(C)(C)C)=C(O)C(C)=C1SS[*],[*]CCCC(C1C([*])C2CC1C/C2=C/C)C,,,,1.9912260756924949,10.1002_app.38170_part_1.txt_¶Î1_Material1
[*]C1C(OC(C(C1O)O)OC2C(OC(C(C2O)O)O[*])CO)CO,O=C([*])C(C)O[*],OCC1OC(C(C(C1[*])O)O)OC2C(C(C(OC2CO)O[*])O)O,CC1=CC(O)=C(C=C1CCCC(C2=C(C=C(C(C(C)(C)C)=C2)O)C)C3=CC(C(C)(C)C)=C(C=C3C)O)C(C)(C)C,,1.7427251313046983,10.1016_j.fpsl.2019.100423_part_1.txt_¶Î1_Material1
[*]C([H])([H])C(O)([H])[*],OC1=C2C(C3(O)C4C5C6=C7C8C(C9=CC(C(O)=O)=C(C=C(C=C%10C(O)=O)C%11%12)C(C%11=C%13C%14C%15%16C%17(O%16)C%18C%19=C%20C%21=C%22C(C(O)=C%23)=C%24C%25C%21=C%26C%19=C%27C%17=C%28C%14(O)C%12=C%10C=C%28CC%27=CC%26=CC%25=C(C(O)=O)C=C%24)C9=C7C%13(O)C5=C%15C3=C%18C%29%30C%20(O%30)C%31C%22C%23=C%32)=CC(C(O)=O)=CC8=CC6=C(C(O)=O)C4=C2)=C%29C%33=C%31C%32=C(C(O)=O)C=C%331,OCCOC1C(OCCO)C(C(OCCO)COCCOC(CCCCCCCCCCCCCCCCC)=O)OC1,OC(CO)CO,,2.3961993470957363,10.1007_s10924-019-01627-4_part_1.txt_¶Î1_Material1
O=C([*])C(C)O[*],OP(O)(O)=O,OC1=C2C(C3(O)C4C5C6=C7C8C(C9=CC(C(O)=O)=C(C=C(C=C%10C(O)=O)C%11%12)C(C%11=C%13C%14C%15%16C%17(O%16)C%18C%19=C%20C%21=C%22C(C(O)=C%23)=C%24C%25C%21=C%26C%19=C%27C%17=C%28C%14(O)C%12=C%10C=C%28CC%27=CC%26=CC%25=C(C(O)=O)C=C%24)C9=C7C%13(O)C5=C%15C3=C%18C%29%30C%20(O%30)C%31C%22C%23=C%32)=CC(C(O)=O)=CC8=CC6=C(C(O)=O)C4=C2)=C%29C%33=C%31C%32=C(C(O)=O)C=C%331,,,2.1760912590556813,10.1080_15583724.2020.1850475_part_7.txt_¶Î1_Material1
O=C(C(C[*])[*])N,CCCCCCCCCCCCOS([O-])(=O)=O.[Na+],[Na+].[Cl-],,,3.48572142648158,10.1016_j.polymer.2020.122657_part_1.txt_¶Î1_Material1
O=C(C(C[*])[*])N,[*]C1C(C(C(OC1C(O[Na])=O)OC2C(C(O[Na])=O)OC(O[*])C(O)C2O)O)O,OC1=C2C(C3(O)C4C5C6=C7C8C(C9=CC(C(O)=O)=C(C=C(C=C%10C(O)=O)C%11%12)C(C%11=C%13C%14C%15%16C%17(O%16)C%18C%19=C%20C%21=C%22C(C(O)=C%23)=C%24C%25C%21=C%26C%19=C%27C%17=C%28C%14(O)C%12=C%10C=C%28CC%27=CC%26=CC%25=C(C(O)=O)C=C%24)C9=C7C%13(O)C5=C%15C3=C%18C%29%30C%20(O%30)C%31C%22C%23=C%32)=CC(C(O)=O)=CC8=CC6=C(C(O)=O)C4=C2)=C%29C%33=C%31C%32=C(C(O)=O)C=C%331,,,2.2380461031287955,10.1016_j.eurpolymj.2018.04.019_part_1.txt_¶Î1_Material1
OCC1OC(C(C(C1O[*])O)NC(C)=O)OC2C(O)C(C(OC2CO)[*])NC(C)=O,OCC(C(C(C1N)O)O[*])OC1OC2C(OC(C(C2O)N)[*])CO,O=C([O-])[O-].[Ca+2],O=[Si]=O,,0.7234556720351858,10.3390_ijms17010061_part_1.txt_¶Î1_Material1
[*]NCC(NC(C(ONCC(NC(C(NCC(NC(C([*])=O)C)=O)=O)C)=O)=O)CO)=O,OCC(O)CO,,,,1.7781512503836436,10.4028_www.scientific.net_amr.796.126_part_1.txt_¶Î1_Material1
[*]C(OCCCO[*])=O,[*]OCC[*],,,,1.8750612633917,10.1016_j.actbio.2012.09.014_part_2.txt_¶Î1_Material1
[*]NC(C(N1CCCC1C(NCC(N2CC(CC2C(NC(C(NCC([*])=O)=O)CO)=O)O)=O)=O)=O)CCCCN,OC(CO)CO,,,,1.7877437716464668,10.1590_s1517-70762010000200040_part_1.txt_¶Î1_Material1
OCC1OC(C(C(C1[*])O)O)OC2C(C(C(OC2CO)O[*])O)O,[*]C1C(C(C(OC1C(O[Na])=O)OC2C(C(O[Na])=O)OC(O[*])C(O)C2O)O)O,[*]NC(C(N1CCCC1C(NCC(N2CC(CC2C(NC(C(NCC([*])=O)=O)CO)=O)O)=O)=O)=O)CCCCN,O=C(CC(/C=C/C1=CC=C(C(OC)=C1)O)=O)/C=C/C2=CC=C(O)C(OC)=C2,,1.1760912590556811,10.3390_molecules25173800_part_2.txt_¶Î1_Material1
OCC1OC(C(C(C1[*])O)O)OC2C(C(C(OC2CO)O[*])O)O,OCC1OC(C(C(C1[*])O)O)OC2C(C(C(OC2CO)O[*])O)O,O=C=O,[H]Cl,,0.9444826721501688,10.1021_acs.biomac.9b01559_part_2.txt_¶Î1_Material1
[*]C/C=C/CCC([*])C#N,C=C(C(OCC1CO1)=O)C,,,,2.3010299956639813,10.1177_0095244312445523_part_1.txt_¶Î1_Material1
O=C([*])C(C)O[*],C/C(C[*])=C/C[*],C/C(C[*])=C/C[*],O=C([O-])[O-].[Ca+2],,1.400365273349939,10.4028_www.scientific.net_amr.410.59_part_1.txt_¶Î1_Material2
OCC1OC(C(C(C1[*])O)O)OC2C(C(C(OC2CO)O[*])O)O,[*]C([H])([H])C(O)([H])[*],C(CC=O)CC=O,,,2.2360583667385545,10.1007_s00706-013-0968-9_part_1.txt_¶Î1_Material1
[*]CC[*],[H][Si]([H])([H])[H],,,,1.1760912590556811,10.1016_j.matpr.2021.03.684_part_1.txt_¶Î1_Material1
[*]NC(C)C(N1CCCC1C([*])=O)=O,[*]NC(C)C(N1CCCC1C([*])=O)=O,,,,1.1139433523068367,10.3390_polym13132151_part_2.txt_¶Î1_Material1
OP(O)(O)=O,[*]OCC[*],,,,2.505149978319906,10.1002_app.43302_part_2.txt_¶Î1_Material1
[*]NC(C(N1CCCC1C(NCC(N2CC(CC2C(NC(C(NCC([*])=O)=O)CO)=O)O)=O)=O)=O)CCCCN,OCC1OC(OC2C(O)C(O)C(O[*])OC2CO)C(O)C(O)C1[*],,,,1.787460474518415,10.1016_j.ijbiomac.2021.06.112_part_1.txt_¶Î1_Material1
[*]C(C)C[*],[*]C1C(OC(C(C1O)O)OC2C(OC(C(C2O)O)O[*])CO)CO,[*]CCCC([*])OC(C)=O,,,1.2960066693136725,10.1177_0095244312439491_part_1.txt_¶Î1_Material1
C(C)(C1=CC=C(OCC2CO2)C=C1)(C)C1=CC=C(OCC2CO2)C=C1,[*]CC([*])Cl,[*]OC1OC(CO)C(OC2C(O)C(O)C([*])C(CO)O2)C(O)C1O,,,0.9912260756924948,10.1002_pc.23192_part_1.txt_¶Î1_Material1
[*]OC1=C(C([*])=CC=C1C)C,[*]CC(C1=CC=CC=C1)[*],[*]CC(CCCC(CC)CC([*])C1=CC=CC=C1)C2=CC=CC=C2,,,1.869818207979328,10.1002_pen.22159_part_2.txt_¶Î1_Material1
[*]C1=C(C=CN2)C2=C([*])C(O)=C1O,C12=C3C(C=CC4C3=C5C(CC6=CC7=C8C9=C(C(C=C%10)=CC=C9C=C7)C%11=C%10C%12)=CC4)=CC=C1C=C%12C%13=C%11C8=C6C5=C2%13,,,,1.1789769472931697,10.1021_acsami.0c18373_part_1.txt_¶Î1_Material1
[*]CC[*],OCC1OC(C(C(C1[*])O)O)OC2C(C(C(OC2CO)O[*])O)O,CC1=CC=C(C=C1N=C=O)N=C=O,,,1.934498451243568,10.1177_204124791200300202_part_3.txt_¶Î1_Material1
O=[Si]=O.[Ca]=O,O=[Si]=O,[*]C([H])([H])C(O)([H])[*],,,0.6637009253896482,10.1016_j.conbuildmat.2018.03.094_part_1.txt_¶Î1_Material1
[*]C([H])([H])C(O)([H])[*],C[N+](CCO)(CCO)[3H],,,,1.7745169657285496,10.3390_polym12020264_part_3.txt_¶Î1_Material1
OC1C(O[*])C(C(O[Ca]O2)=O)OC(OC3C(O)C(O)C(OC4C(C(O[Ca]O5)=O)OC(OC6C(O)C(O)C(OC7C(C(O[Ca]O8)=O)OC(OC9C(O)C(O)C([*])OC9C8=O)C(O)C7O)OC6C5=O)C(O)C4O)OC3C2=O)C1O,OCCOC1C(OCCO)C(C(OCCO)COCCOC(CCCCCCCCCCCCCCCCC)=O)OC1,,,,1.294466226161593,10.1016_j.foodhyd.2021.106733_part_2.txt_¶Î1_Material1
O=C(O[Na])COCC(OC(C(C1O)O)[*])C1OC(C(C(C2O[*])O)O)OC2COCC(O[Na])=O,OCC(O)CO,OC[C@@H]([C@H]([C@@H]([C@@H](CO)O)O)O)O,,,1.255272505103306,10.1007_s10570-018-2091-x_part_3.txt_¶Î1_Material1
O=C([*])OC1=CC=C(C=C1)C(C)(C)C2=CC=C(C=C2)O[*],[*]CC(CC=CCC([*])C1=CC=CC=C1)C#N,NC1=NC2=C(N=CN2C2O[C@H](COP(=O)(O)OP(=O)(O)O)[C@H](O)[C@@H]2O)C(=O)N1,,,1.0791812460476249,10.1002_app.51500_part_2.txt_¶Î1_Material4
[*]C(C)C[*],[*]CC(CC[*])O,O=[Al]O[Al]=O.O=[Si]=O.O=[Si]=O.O=[Si]=O,,,1.812913356642856,10.3390_polym13050705_part_1.txt_¶Î1_Material2
O=C([*])CCCCCN[*],[*]CC(CCCC(CC)CC([*])C1=CC=CC=C1)C2=CC=CC=C2,C[N+](CCO)(CCO)[3H],,,1.880813592280792,10.1515_flret-2018-0001_part_1.txt_¶Î1_Material1
OCC(C(C(C1N)O)O[*])OC1OC2C(OC(C(C2O)N)[*])CO,[*]OCC[*],C(CC=O)CC=O,[*]CC(COC1=CC=C(C=C1)C(C)(C)C2=CC=C(C=C2)O[*])O,,1.481442628502305,10.3390_polym11111737_part_2.txt_¶Î1_Material1
C[Si](C)(C[*])O[*],C12=C3C(C=CC4C3=C5C(CC6=CC7=C8C9=C(C(C=C%10)=CC=C9C=C7)C%11=C%10C%12)=CC4)=CC=C1C=C%12C%13=C%11C8=C6C5=C2%13,,,,1.806179973983887,10.1016_j.flatc.2018.07.001_part_2.txt_¶Î1_Material1
[*]NCCCCCCCCCCCC([*])=O,O=C(CCCCC(N(CCCCCCN([*])[H])[H])=O)[*],,,,1.6330642726914992,10.1002_pc.21100_part_2.txt_¶Î1_Material1
[*]O[C@H](C)CC([*])=O,[*]C(CCCCCO[*])=O,[Fe]12O[Fe]O[Fe](O2)O1,OCC1OC(C(C(C1[*])O)O)OC2C(C(C(OC2CO)O[*])O)O,,1.783832143384441,10.1016_j.addma.2021.102146_part_2.txt_¶Î1_Material1
[*]CC[*],O=C([O-])[O-].[Ca+2],,,,0.8715729355458788,10.1016_j.indcrop.2019.111712_part_1.txt_¶Î1_Material1
O=C([*])C(C)O[*],[*]C1C(OC(C(C1O)O)OC2C(OC(C(C2O)O)O[*])CO)CO,,,,1.3324384599156054,10.1016_j.carbpol.2016.03.082_part_3.txt_¶Î1_Material1
[*]C1C(C(C(OC1C(O[Na])=O)OC2C(C(O[Na])=O)OC(O[*])C(O)C2O)O)O,[*]OC(C(C1O)O)OC(COC)C1OC(OC(C(C2O)OC3OC(C(C(C3OC)O)OC4OC(C(C(C4OC)O)[*])COC)CO)COC)C2OCC(OC)C,OCC1OC(C(C(C1[*])O)O)OC2C(C(C(OC2CO)O[*])O)O,,,1.4141373621844766,10.1007_s12221-020-1264-z_part_1.txt_¶Î1_Material2
[*]OC1C(O)C(O)C(OC2C(CO)OC([*])C(O)C2O)OC1CO,O=C(C1=CC=C(C=C1)C(OCC[*])=O)O[*],[Fe]12O[Fe]O[Fe](O2)O1,[Zn]=O,,1.3424226808222062,10.1177_1528083718823297_part_3.txt_¶Î1_Material1
[*]C(C=C1)=CC=C1S[*],O=C([*])CCCCCN[*],OC1=C2C(C3(O)C4C5C6=C7C8C(C9=CC(C(O)=O)=C(C=C(C=C%10C(O)=O)C%11%12)C(C%11=C%13C%14C%15%16C%17(O%16)C%18C%19=C%20C%21=C%22C(C(O)=C%23)=C%24C%25C%21=C%26C%19=C%27C%17=C%28C%14(O)C%12=C%10C=C%28CC%27=CC%26=CC%25=C(C(O)=O)C=C%24)C9=C7C%13(O)C5=C%15C3=C%18C%29%30C%20(O%30)C%31C%22C%23=C%32)=CC(C(O)=O)=CC8=CC6=C(C(O)=O)C4=C2)=C%29C%33=C%31C%32=C(C(O)=O)C=C%331,,,0.9493900066449128,10.1007_s13233-020-8038-8_part_1.txt_¶Î1_Material1
[*]C1C(OC(C(C1O)O)OC2C(OC(C(C2O)O)O[*])CO)CO,[*]NC(C(N1CCCC1C(NCC(N2CC(CC2C(NC(C(NCC([*])=O)=O)CO)=O)O)=O)=O)=O)CCCCN,OCC(O)CO,,,1.2329961103921538,10.1002_app.46254_part_2.txt_¶Î1_Material1
O=C([*])C(C)O[*],[*]C(CCCCC(OCCCCO[*])=O)=O,C=C(C(OCC1CO1)=O)C,OC(C(C)(CC(C1=CC=CC=C1)[*])CC(C[*])(C(OCC2CO2)=O)C)=O,,2.3010299956639813,10.1016_j.polymer.2020.122591_part_8.txt_¶Î1_Material1
C[Si](C)(C[*])O[*],[*]C(N(CN(C(OCOC(N(CN(C(OCCO[*])=O)[H])[H])=O)=O)[H])[H])=O,,,,2.550228353055094,10.1016_j.porgcoat.2020.106118_part_2.txt_¶Î1_Material1
[*]C1C(OC(C(C1O)O)OC2C(OC(C(C2O)O)O[*])CO)CO,O=C([*])C(C)O[*],[*]C([H])([H])C(O)([H])[*],,,0.5502283530550941,10.1088_1755-1315_258_1_012047_part_2.txt_¶Î1_Material1
[*]CCCCOCCCCOCCCCOCCCCO[*],,,,,3.110589710299249,10.3390_polym13040525_part_3.txt_¶Î1_Material1
[*]C([C@H](C)OC([C@H](C)O[*])=O)=O,[*]OCCCCOC(CCC([*])=O)=O,[*]C([C@H](C)OC([C@H](C)O[*])=O)=O,,,2.0681858617461617,10.1016_j.polymdegradstab.2016.11.022_part_5.txt_¶Î1_Material1
[*]C([C@H](C)OC([C@H](C)O[*])=O)=O,[*]NC(C(O)=O)CCC([*])=O,,,,1.7803173121401512,10.1097_scs.0b013e3181c50e9c_part_1.txt_¶Î1_Material1
O=C=NC(C=C1)=CC=C1CC2=CC=C(C=C2)N=C=O,[*]C(CCCCC(OCCCCO[*])=O)=O,[*]OCC[*],,,2.3010299956639813,10.1016_j.eurpolymj.2012.11.023_part_1.txt_¶Î1_Material1
[*]OCCCCOC(CCC([*])=O)=O,[*]C1OC(CCC)OC(C[*])C1,,,,1.9138138523837167,10.1016_j.polymer.2018.08.035_part_9.txt_¶Î1_Material3
[*]NC(C(O)=O)CCC([*])=O,[*]C(C(OC(CO[*])=O)C)=O,[Ag+],,,1.9239172231131056,10.1007_s12221-018-8316-7_part_2.txt_¶Î1_Material1
O=C(C1=CC=C(C=C1)C(OCC[*])=O)O[*],O=C(C1=CC=C(C([*])=O)C=C1)NC2=CCC(N[*])C=C2,,,,1.1577588860468635,10.1016_j.matpr.2020.12.555_part_1.txt_¶Î1_Material1
[*]C1C(C(C(OC1C(O[Na])=O)OC2C(C(O[Na])=O)OC(O[*])C(O)C2O)O)O,[*]NC(C)C(N1CCCC1C([*])=O)=O,Cl[Ca]Cl,,,1.2174839442139065,10.1016_j.compstruct.2016.06.031_part_1.txt_¶Î1_Material1
C[Si](C)(C[*])O[*],C=C([CH3])C(=O)O[CH3],CCCC[Sn](OC(CC(C)CCCCCCCC)=O)(OC(CCCCCCCCCCC)=O)CCCC,,,2.2095150145426308,10.4028_www.scientific.net_amr.535-537.1193_part_1.txt_¶Î1_Material1
[*]C/C=C/CCC(C/C=C\C[*])C=C,CC(CO[*])[*],CC1=CC=C(C=C1N=C=O)N=C=O,OCCCCO,,2.7781512503836434,10.1007_s00396-016-4010-8_part_1.txt_¶Î1_Material1
[*]C([H])([H])C(O)([H])[*],O=C(O)C([*])C[*],[*]C1=C2C(OCCO2)=C([*])S1,OC(CO)CO,,2.649334858712142,10.1016_j.polymer.2020.122469_part_4.txt_¶Î1_Material1
C/C(C[*])=C/C[*],[*]CCCC(C1C([*])C2CC1C/C2=C/C)C,[C],,,2.544068044350276,10.1016_j.polymertesting.2012.11.003_part_1.txt_¶Î1_Material2
[*]CC[*],C[Si](C)(C[*])O[*],O=C=NC(C=C1)=CC=C1CC2=CC=C(C=C2)N=C=O,OCCCCO,,2.4771212547196626,10.1002_app.42521_part_1.txt_¶Î1_Material1
OCC(C(C(C1N)O)O[*])OC1OC2C(OC(C(C2O)N)[*])CO,[*]NC(C(N1CCCC1C(NCC(N2CC(CC2C(NC(C(NCC([*])=O)=O)CO)=O)O)=O)=O)=O)CCCCN,OCC(O)CO,OC[C@@H]([C@H]([C@@H]([C@@H](CO)O)O)O)O,,1.833784374656479,10.1088_1757-899x_358_1_012040_part_1.txt_¶Î1_Material1
[*]CC(COC1=CC=C(C=C1)C(C)(C)C2=CC=C(C=C2)O[*])O,[*]CC[*],C[N+](CCO)(CCO)[3H],,,0.3344537511509309,10.1002_app.40751_part_1.txt_¶Î1_Material1
C[Si](C)(C[*])O[*],[*]NCCCCCCCCCCCC([*])=O,O=[Si]=O,,,1.7075701760979365,10.3144_expresspolymlett.2014.26_part_2.txt_¶Î1_Material1
[*]C(C)C[*],NC1=CC=C(C=C1)/C2=C3C=C/C(N\3)=C(C4=N/C(C=C4)=C(C5=CC=C(N5)/C(C6=CC=CC=C6)=C7N=C2C=C\7)/C8=CC=CC=C8)\C9=CC=CC=C9,C12=CC3=CC4=CC=CN=C4N=C3N=C1N=C5N=C6N=CC=CC6=CC5=C2,,,1.146128035678238,10.1016_j.compositesa.2019.05.003_part_2.txt_¶Î1_Material1
O=C([*])CCCCCN[*],O=[Mg].O=[Si]=O.O=[Si]=O.O=[Si]=O.O=[Si]=O.O=[Mg].O=[Mg].O,,,,1.6020599913279625,10.1002_pen.21724_part_2.txt_¶Î1_Material1
C[Si](C)(C[*])O[*],OC1=C2C(C3(O)C4C5C6=C7C8C(C9=CC(C(O)=O)=C(C=C(C=C%10C(O)=O)C%11%12)C(C%11=C%13C%14C%15%16C%17(O%16)C%18C%19=C%20C%21=C%22C(C(O)=C%23)=C%24C%25C%21=C%26C%19=C%27C%17=C%28C%14(O)C%12=C%10C=C%28CC%27=CC%26=CC%25=C(C(O)=O)C=C%24)C9=C7C%13(O)C5=C%15C3=C%18C%29%30C%20(O%30)C%31C%22C%23=C%32)=CC(C(O)=O)=CC8=CC6=C(C(O)=O)C4=C2)=C%29C%33=C%31C%32=C(C(O)=O)C=C%331,[O-][Si]([O-])([O-])O[Si]([O-])([O-])[O-].[Ca+2],,,2,10.1002_app.48958_part_1.txt_¶Î1_Material1
O=C(C1=CC=C(C=C1)C(OCC[*])=O)O[*],[*]OC1C(O)C(O)C(OC2C(CO)OC([*])C(O)C2O)OC1CO,O=[Ti]=O,O=[Si]=O,,1.266701966884088,10.1142_s0218625x16500360_part_2.txt_¶Î1_Material1
[*]NCCCCCCCCCCCC([*])=O,O=C([O-])[O-].[Ca+2],,,,1.4771212547196624,10.3390_pr9060937_part_4.txt_¶Î1_Material1
O=C([*])C(C)O[*],[*]CC(CC=CCC([*])C1=CC=CC=C1)C#N,OCC1OC(OC2C(O)C(O)C(O[*])OC2CO)C(O)C(O)C1[*],[H][Si]([H])([H])[H],,1,10.1088_1757-899x_701_1_012055_part_2.txt_¶Î1_Material1
[*]NC(C(O)=O)CCC([*])=O,OC1=C2C(C3(O)C4C5C6=C7C8C(C9=CC(C(O)=O)=C(C=C(C=C%10C(O)=O)C%11%12)C(C%11=C%13C%14C%15%16C%17(O%16)C%18C%19=C%20C%21=C%22C(C(O)=C%23)=C%24C%25C%21=C%26C%19=C%27C%17=C%28C%14(O)C%12=C%10C=C%28CC%27=CC%26=CC%25=C(C(O)=O)C=C%24)C9=C7C%13(O)C5=C%15C3=C%18C%29%30C%20(O%30)C%31C%22C%23=C%32)=CC(C(O)=O)=CC8=CC6=C(C(O)=O)C4=C2)=C%29C%33=C%31C%32=C(C(O)=O)C=C%331,,,,1.4828735836087537,10.31579_2578-8868_236_OA_part_1.txt_¶Î1_Material1
FC(F)([*])C([H])([*])[H],O=[Ti]=O,[*]OCC[*],,,2.1760912590556813,10.1016_j.apsusc.2015.03.193_part_1.txt_¶Î1_Material1
[*]NCC(NC(C(ONCC(NC(C(NCC(NC(C([*])=O)C)=O)=O)C)=O)=O)CO)=O,[*]NCC(NC(C(ONCC(NC(C(NCC(NC(C([*])=O)C)=O)=O)C)=O)=O)CO)=O,CC(NC(C([*])C)=O)C(NC(C)C(NC(C)C(N[*])=O)=O)=O,,,1.3021143769562011,10.1016_j.colsurfb.2020.111361_part_2.txt_¶Î1_Material1
[*]NC(C(N1CCCC1C(NCC(N2CC(CC2C(NC(C(NCC([*])=O)=O)CO)=O)O)=O)=O)=O)CCCCN,[*]C([H])([H])C(O)([H])[*],,,,1.6103407114521568,10.1177_0021998314534704_part_1.txt_¶Î1_Material1
C/C(C[*])=C/C[*],[*]C/C=C/CCC([*])C#N,O=[Si]=O,,,3.187520720836463,10.1016_j.polymer.2018.10.012_part_3.txt_¶Î1_Material1
OCC(C(C(C1N)O)O[*])OC1OC2C(OC(C(C2O)N)[*])CO,[*]NC(C)C(N1CCCC1C([*])=O)=O,,,,1.5616975326539937,10.1007_s11483-021-09678-8_part_2.txt_¶Î1_Material1
[*]CC(COC1=CC=C(C=C1)C(C)(C)C2=CC=C(C=C2)O[*])O,C=C([CH3])C(=O)O[CH3],,,,-0.086186148,10.1002_app.50550_part_3.txt_¶Î1_Material1
OCC1OC(C(C(C1[*])O)O)OC2C(C(C(OC2CO)O[*])O)O,[*]C1=C(C=CN2)C2=C([*])C(O)=C1O,[Ag+],,,1.327767489902729,10.1007_s10570-017-1343-5_part_2.txt_¶Î1_Material1
O=C(C1=CC=C(C=C1)C(OCC[*])=O)O[*],O=[Ti]=O,O=[Al]O[Al]=O,,,1.4771212547196624,10.1016_j.surfcoat.2019.125025_part_2.txt_¶Î1_Material1
CNC(CNC(CN)=O)=O,[*]C(CCCCCO[*])=O,,,,2.041392685158225,10.3390_nano10091843_part_3.txt_¶Î1_Material1
OC1=C(C=CC=C1CC2=CC=CC([*])=C2O)CC3=CC=CC([*])=C3O,OCC1OC(C(C(C1[*])O)O)OC2C(C(C(OC2CO)O[*])O)O,[H][Si]([H])([H])[H],,,0.450249108319361,10.1002_pen.23772_part_2.txt_¶Î1_Material2
O=C(C1=CC=C(C=C1)C(OCC[*])=O)O[*],[*]CC([*])Cl,O=[Si]=O,,,0.8790958795000727,10.3390_nano8110898_part_3.txt_¶Î1_Material1
[*]C1C(C(C(OC1C(O[Na])=O)OC2C(C(O[Na])=O)OC(O[*])C(O)C2O)O)O,O=[Ti]=O,[Cu],,,0.8129133566428556,10.1007_s10570-017-1541-1_part_2.txt_¶Î1_Material2
[*]C1C(C(C(OC1C(O[Na])=O)OC2C(C(O[Na])=O)OC(O[*])C(O)C2O)O)O,[*]NC(C(N1CCCC1C(NCC(N2CC(CC2C(NC(C(NCC([*])=O)=O)CO)=O)O)=O)=O)=O)CCCCN,O=P([O-])([O-])[O-].[Ca+2].[Ca+2].[OH-],,,1.9982157323709584,10.1016_j.polymdegradstab.2021.109685_part_2.txt_¶Î1_Material2
[*]C(CCCCC(OCCCCO[*])=O)=O,[*]C1C(OC(C(C1O)O)OC2C(OC(C(C2O)O)O[*])CO)CO,[Mg],,,2.6989700043360187,10.1016_j.carbpol.2015.01.058_part_1.txt_¶Î1_Material1
[*]OCCCCOC(CCC([*])=O)=O,[H][Si]([H])([H])[H],,,,1.4771212547196624,10.4028_www.scientific.net_msf.675-677.361_part_1.txt_¶Î1_Material1
[*]C1=C(C=CN2)C2=C([*])C(O)=C1O,O=[Al]O[Al]=O.O=[Si]=O.O=[Si]=O.O=[Si]=O,C[Si](C)(C[*])O[*],,,1.505149978319906,10.1177_0954008309358469_part_3.txt_¶Î1_Material1
[*]OCCOC(CC(C([*])=O)C(C1CCCCC1)CC(CC(O)=O)C(OCCO)=O)=O,[*]OC1OC(CO)C(OC2C(O)C(O)C([*])C(CO)O2)C(O)C1O,,,,0.4771212547196624,10.4028_www.scientific.net_nhc.25.22_part_1.txt_¶Î1_Material1
[*]C1OC2COC(C2OC3C(C(C(C(C3)CO)OS(=O)([O-])=O)O[*])O)C1OS(=O)([O-])=O,O=C(C(C[*])[*])N,OC1=C2C(C3(O)C4C5C6=C7C8C(C9=CC(C(O)=O)=C(C=C(C=C%10C(O)=O)C%11%12)C(C%11=C%13C%14C%15%16C%17(O%16)C%18C%19=C%20C%21=C%22C(C(O)=C%23)=C%24C%25C%21=C%26C%19=C%27C%17=C%28C%14(O)C%12=C%10C=C%28CC%27=CC%26=CC%25=C(C(O)=O)C=C%24)C9=C7C%13(O)C5=C%15C3=C%18C%29%30C%20(O%30)C%31C%22C%23=C%32)=CC(C(O)=O)=CC8=CC6=C(C(O)=O)C4=C2)=C%29C%33=C%31C%32=C(C(O)=O)C=C%331,,,3.317854489331469,10.1016_j.polymer.2019.122138_part_1.txt_¶Î1_Material1
[*]CC(COC1=CC=C(C=C1)C(C)(C)C2=CC=C(C=C2)O[*])O,[*]OC1OC(CO)C(OC2C(O)C(O)C([*])C(CO)O2)C(O)C1O,,,,0.0681858617461616,10.1002_pc.22313_part_1.txt_¶Î1_Material1
OCC(C(C(C1N)O)O[*])OC1OC2C(OC(C(C2O)N)[*])CO,[*]OCC[*],C(CC=O)CC=O,,,0.7902851640332417,10.1016_j.ijbiomac.2017.07.067_part_1.txt_¶Î1_Material1
O=C([*])OC1=CC=C(C=C1)C(C)(C)C2=CC=C(C=C2)O[*],[*]CC(CC=CCC([*])C1=CC=CC=C1)C#N,O=[Si]=O,,,2.1760912590556813,10.1002_app.45777_part_1.txt_¶Î1_Material1
[*]C1C(C(C(OC1C(O[Na])=O)OC2C(C(O[Na])=O)OC(O[*])C(O)C2O)O)O,O=C(C(C[*])[*])N,[Fe+3],,,2.845098040014257,10.1007_s10853-017-1066-x_part_1.txt_¶Î1_Material1
[*]C(C)C[*],[*]CCCC([*])OC(C)=O,O=[Al]O[Al]=O.O=[Si]=O.O=[Si]=O.O=[Si]=O,,,1.812913356642856,10.3390_polym13050705_part_1.txt_¶Î1_Material1
OCC(C(C(C1N)O)O[*])OC1OC2C(OC(C(C2O)N)[*])CO,[*]OCC[*],[Ag+],O=[Ti]=O,,1.295347148333618,10.1016_j.polymertesting.2020.107013_part_2.txt_¶Î1_Material1
O=C([*])CCCCCN[*],[*]OCC[*],,,,2.184691430817599,10.1002_pc.22840_part_1.txt_¶Î1_Material1
[*]C/C=C/CCC(C/C=C\C[*])C=C,CC1(CC(CC(C)(C1)C)N=C=O)CN=C=O,OCCCCO,,,2.382125152225321,10.1007_s13369-013-0874-9_part_1.txt_¶Î1_Material2
OCC(C(C(C1N)O)O[*])OC1OC2C(OC(C(C2O)N)[*])CO,[Fe]12O[Fe]O[Fe](O2)O1,,,,0.6989700043360189,10.1016_j.carbpol.2012.11.042_part_1.txt_¶Î1_Material1
OCC1OC(C(C(C1[*])O)O)OC2C(C(C(OC2CO)O[*])O)O,N#CC(C1=CC=CC=N1)C1=CC=CC=C1,,,,0.8162412999917831,10.1007_s10570-019-02513-x_part_2.txt_¶Î1_Material1
OCC1OC(C(C(C1O[*])O)O)[*],[*]C1C(OC(C(C1O)O)OC2C(OC(C(C2O)O)O[*])CO)CO,,,,1.462397997898956,10.1007_s10570-012-9790-5_part_1.txt_¶Î1_Material1
[*]C(C1=CC=C(C=C1)C(OCCCCOC(C2=CC=C(C=C2)C(OCCCCO[*])=O)=O)=O)=O,[*]C(C1=CC=C(C(OCCCCO[*])=O)C=C1)=O,[*]C(F)(C(F)([*])F)F,,,1.5763413502057928,10.1155_2016_8515103_part_1.txt_¶Î1_Material1
[*]C1C(OC(C(C1O)O)OC2C(OC(C(C2O)O)O[*])CO)CO,[*]C([H])([H])C(O)([H])[*],OCC(O)CO,O=[Al]O[Al]=O.O=[Si]=O.O=[Si]=O.O=[Si]=O,,2.0530784434834195,10.1002_star.201800027_part_1.txt_¶Î1_Material1
O=C([*])C(C)O[*],[*]CCC(CCCCCC)C[*],[*]CCC(CCCCCC)C[*],,,1.884228769632604,10.1177_0021955x16681450_part_4.txt_¶Î1_Material1
[*]C(N(CN(C(OCOC(N(CN(C(OCCO[*])=O)[H])[H])=O)=O)[H])[H])=O,[*]C(N(CN(C(OCOC(N(CN(C(OCCO[*])=O)[H])[H])=O)=O)[H])[H])=O,[*]C(N(CN(C(OCOC(N(CN(C(OCCO[*])=O)[H])[H])=O)=O)[H])[H])=O,,,2.4771212547196626,10.1007_s42452-019-0908-3_part_1.txt_¶Î1_Material1
O=C([*])C(C)O[*],O=P([O-])([O-])[O-].[Ca+2].[Ca+2].[OH-],[*]OCC[*],[O-][Si]([O-])([O-])O[Si]([O-])([O-])[O-].[Ca+2],,0.7781512503836436,10.1016_j.engreg.2020.08.002_part_1.txt_¶Î1_Material1
[*]C1C(C(C(OC1C(O[Na])=O)OC2C(C(O[Na])=O)OC(O[*])C(O)C2O)O)O,OCC(O)CO,OC(C(CC(O)=O)(CC(O)=O)O)=O,,,1.1838390370564211,10.1007_s11694-020-00605-y_part_1.txt_¶Î1_Material1
[*]NC(C(N1CCCC1C(NCC(N2CC(CC2C(NC(C(NCC([*])=O)=O)CO)=O)O)=O)=O)=O)CCCCN,N#CC(C1=CC=CC=N1)C1=CC=CC=C1,OCC(O)CO,,,1.0791812460476249,10.21059_buletinpeternak.v35i3.1092_OA_part_2.txt_¶Î1_Material1
[*]C([H])([H])C(O)([H])[*],[*]C1C(OC(C(C1O)O)OC2C(OC(C(C2O)O)O[*])CO)CO,OCC(O)CO,,,2.662757831681574,10.1007_s10924-012-0419-4_part_2.txt_¶Î1_Material1
[*]C(C)C[*],NC1=CC=C(C=C1)/C2=C3C=C/C(N\3)=C(C4=N/C(C=C4)=C(C5=CC=C(N5)/C(C6=CC=CC=C6)=C7N=C2C=C\7)/C8=CC=CC=C8)\C9=CC=CC=C9,O1C(=O)C=CC1=O,,,0.8680563618230416,10.1002_app.36445_part_1.txt_¶Î1_Material1
[*]C(NC1=C(C)C(NC(OCCO[*])=O)=CC=C1)=O,[*]OCC[*],,,,3.204119982655925,10.1007_s10853-016-0689-7_part_3.txt_¶Î1_Material1
[*]C(N(CN(C(OCOC(N(CN(C(OCCO[*])=O)[H])[H])=O)=O)[H])[H])=O,[*]NC(C(N1CCCC1C(NCC(N2CC(CC2C(NC(C(NCC([*])=O)=O)CO)=O)O)=O)=O)=O)CCCCN,[H][Si]([H])([H])[H],,,2.347525159998689,10.1016_j.porgcoat.2014.03.011_part_1.txt_¶Î1_Material1
[*]C1C(OC(C(C1O)O)OC2C(OC(C(C2O)O)O[*])CO)CO,[*]C([H])([H])C(O)([H])[*],Cl[Ca]Cl,OCC(O)CO,,2.100370545117563,10.1002_pc.23517_part_2.txt_¶Î1_Material1
[*]NC(C(N1CCCC1C(NCC(N2CC(CC2C(NC(C(NCC([*])=O)=O)CO)=O)O)=O)=O)=O)CCCCN,[*]CC(COC1=CC=C(C=C1)C(C)(C)C2=CC=C(C=C2)O[*])O,,,,1.3001605369513525,10.1002_app.43059_part_1.txt_¶Î1_Material1
OCC1OC(C(C(C1[*])O)O)OC2C(C(C(OC2CO)O[*])O)O,O=C([*])C(C)O[*],,,,1.1789769472931697,10.1007_s10570-018-1822-3_part_1.txt_¶Î1_Material2
[*]C1C(OC(C(C1O)O)OC2C(OC(C(C2O)O)O[*])CO)CO,OC1=C2C(C3(O)C4C5C6=C7C8C(C9=CC(C(O)=O)=C(C=C(C=C%10C(O)=O)C%11%12)C(C%11=C%13C%14C%15%16C%17(O%16)C%18C%19=C%20C%21=C%22C(C(O)=C%23)=C%24C%25C%21=C%26C%19=C%27C%17=C%28C%14(O)C%12=C%10C=C%28CC%27=CC%26=CC%25=C(C(O)=O)C=C%24)C9=C7C%13(O)C5=C%15C3=C%18C%29%30C%20(O%30)C%31C%22C%23=C%32)=CC(C(O)=O)=CC8=CC6=C(C(O)=O)C4=C2)=C%29C%33=C%31C%32=C(C(O)=O)C=C%331,,,,1.6878855248487057,10.1002_app.35686_part_1.txt_¶Î1_Material1
[*]C1C(OC(C(C1O)O)OC2C(OC(C(C2O)O)O[*])CO)CO,[*]NC(C(N1CCCC1C(NCC(N2CC(CC2C(NC(C(NCC([*])=O)=O)CO)=O)O)=O)=O)=O)CCCCN,OCC(O)CO,OC[C@@H]([C@H]([C@@H]([C@@H](CO)O)O)O)O,,0.7427251313046983,10.1016_j.foodhyd.2011.04.015_part_1.txt_¶Î1_Material1
[*]C/C=C/CCC([*])C#N,[*]CCCC([*])OC(C)=O,OC1=C2C(C3(O)C4C5C6=C7C8C(C9=CC(C(O)=O)=C(C=C(C=C%10C(O)=O)C%11%12)C(C%11=C%13C%14C%15%16C%17(O%16)C%18C%19=C%20C%21=C%22C(C(O)=C%23)=C%24C%25C%21=C%26C%19=C%27C%17=C%28C%14(O)C%12=C%10C=C%28CC%27=CC%26=CC%25=C(C(O)=O)C=C%24)C9=C7C%13(O)C5=C%15C3=C%18C%29%30C%20(O%30)C%31C%22C%23=C%32)=CC(C(O)=O)=CC8=CC6=C(C(O)=O)C4=C2)=C%29C%33=C%31C%32=C(C(O)=O)C=C%331,,,2.4727564493172123,10.1007_s10965-017-1309-1_part_1.txt_¶Î1_Material1
[*]C1C(O)C(O)C(OC2C(O)C(O)C(O[*])OC2COCCO)OC1COCCO,OCC1OC(C(C(C1[*])O)O)OC2C(C(C(OC2CO)O[*])O)O,,,,1,10.1126_sciadv.aay0929_part_2.txt_¶Î1_Material1
[*]C(C)C[*],O=C([*])C(C)O[*],,,,1.3010299956639813,10.1016_j.compositesa.2015.03.029_part_2.txt_¶Î1_Material1
O=C(CCCCC(N(CCCCCCN([*])[H])[H])=O)[*],OC1=C2C(C3(O)C4C5C6=C7C8C(C9=CC(C(O)=O)=C(C=C(C=C%10C(O)=O)C%11%12)C(C%11=C%13C%14C%15%16C%17(O%16)C%18C%19=C%20C%21=C%22C(C(O)=C%23)=C%24C%25C%21=C%26C%19=C%27C%17=C%28C%14(O)C%12=C%10C=C%28CC%27=CC%26=CC%25=C(C(O)=O)C=C%24)C9=C7C%13(O)C5=C%15C3=C%18C%29%30C%20(O%30)C%31C%22C%23=C%32)=CC(C(O)=O)=CC8=CC6=C(C(O)=O)C4=C2)=C%29C%33=C%31C%32=C(C(O)=O)C=C%331,,,,1.2041199826559248,10.1016_j.compositesb.2017.01.054_part_2.txt_¶Î1_Material1
[*]C1C(C(C(OC1C(O[Na])=O)OC2C(C(O[Na])=O)OC(O[*])C(O)C2O)O)O,OCC(C(C(C1N)O)O[*])OC1OC2C(OC(C(C2O)N)[*])CO,OCC1OC(C(C(C1[*])O)O)OC2C(C(C(OC2CO)O[*])O)O,,,1.1583624920952498,10.1016_j.carbpol.2014.02.054_part_2.txt_¶Î1_Material1
[*]C1C(C(C(OC1C(O[Na])=O)OC2C(C(O[Na])=O)OC(O[*])C(O)C2O)O)O,[*]NC(C(N1CCCC1C(NCC(N2CC(CC2C(NC(C(NCC([*])=O)=O)CO)=O)O)=O)=O)=O)CCCCN,OC1=C2C(C3(O)C4C5C6=C7C8C(C9=CC(C(O)=O)=C(C=C(C=C%10C(O)=O)C%11%12)C(C%11=C%13C%14C%15%16C%17(O%16)C%18C%19=C%20C%21=C%22C(C(O)=C%23)=C%24C%25C%21=C%26C%19=C%27C%17=C%28C%14(O)C%12=C%10C=C%28CC%27=CC%26=CC%25=C(C(O)=O)C=C%24)C9=C7C%13(O)C5=C%15C3=C%18C%29%30C%20(O%30)C%31C%22C%23=C%32)=CC(C(O)=O)=CC8=CC6=C(C(O)=O)C4=C2)=C%29C%33=C%31C%32=C(C(O)=O)C=C%331,,,1.3051363189436394,10.1016_j.ijbiomac.2020.04.057_part_1.txt_¶Î1_Material1
[*]C(CCCCCO[*])=O,OCCOC1C(OCCO)C(C(OCCO)COCCOC(CCCCCCCCCCCCCCCCC)=O)OC1,,,,1.9840770339028309,10.3390_ijms22147690_part_1.txt_¶Î1_Material1
O=C(CCCCC(N(CCCCCCN([*])[H])[H])=O)[*],[Cu],,,,1.481442628502305,10.1007_s00289-021-03751-5_part_1.txt_¶Î1_Material1
[*]C(C)C[*],[*]CCC(CCCCCC)C[*],O=[Si]=O,,,2,10.3390_ma11081321_part_1.txt_¶Î1_Material1
O=C([*])OC1=CC=C(C=C1)C(C)(C)C2=CC=C(C=C2)O[*],[*]CC(CC=CCC([*])C1=CC=CC=C1)C#N,O=[Si]=O,[*]CCCC([*])C(OC)=O,,1.0655797147284485,10.1002_pen.25011_part_1.txt_¶Î1_Material1
O=C(O)C([*])C[*],OC(C1C(CO[*])C(O)C(O)C(OC2C(O)C(O)C(O[*])OC2C(O)=O)O1)=O,,,,3.0791812460476247,10.1016_j.ijbiomac.2020.06.257_part_2.txt_¶Î1_Material1
O=C(CCCCC(NCCCCCCCCCCN[*])=O)[*],O[Si](O)(O[Si](O)(O)O)O.[Al].[Al].O,,,,1.0530784434834195,10.3390_polym12071503_part_1.txt_¶Î1_Material1
[*]C([H])([H])C(O)([H])[*],[*]C1C(O)C(O)C(OC2C(O)C(O)C(O[*])OC2COCCO)OC1COCCO,C(CC=O)CC=O,,,2.1398790864012365,10.4172_2157-7552.1000152_part_1.txt_¶Î1_Material1
[*]OC1C(C(OC(C1O)OC2C3C(C(OC2CO3)[*])O)CO)O,[*]C1C(C(C(OC1C(O[Na])=O)OC2C(C(O[Na])=O)OC(O[*])C(O)C2O)O)O,[*]C1OC2COC(C2OC3C(C(C(C(C3)CO)OS(=O)([O-])=O)O[*])O)C1OS(=O)([O-])=O,,,1.356217134219735,10.1007_s00289-021-03797-5_part_4.txt_¶Î1_Material1
[*]NC(C(N1CCCC1C(NCC(N2CC(CC2C(NC(C(NCC([*])=O)=O)CO)=O)O)=O)=O)=O)CCCCN,OCC(O)CO,C(CC=O)CC=O,,,2.1072099696478683,10.1111_jfs.12071_part_1.txt_¶Î1_Material1
[*]OC(C1=CC=C(C(OCCCCOC(CCCCC([*])=O)=O)=O)C=C1)=O,,,,,1.146128035678238,10.1088_1748-3190_aa52f8_part_2.txt_¶Î1_Material1
OCC(C(C(C1N)O)O[*])OC1OC2C(OC(C(C2O)N)[*])CO,[*]CC(C)(C(OCCO)=O)[*],,,,1.0791812460476249,10.1016_j.carbpol.2017.04.023_part_4.txt_¶Î1_Material1
[*]C(C)C[*],NC1=CC=C(C=C1)/C2=C3C=C/C(N\3)=C(C4=N/C(C=C4)=C(C5=CC=C(N5)/C(C6=CC=CC=C6)=C7N=C2C=C\7)/C8=CC=CC=C8)\C9=CC=CC=C9,COC1=CC(/C=C/C=O)=CC(OC2=CC(C(C(OC3=CC=C(C=C3OC)C(C(CO)=O)O)CO)O)=CC=C2OC4=CC(C(C(COC5=CC=C(C=C5)C(C(CO)=O)O)=O)O)=CC=C4O)=C1,,,1.146128035678238,10.1016_j.indcrop.2019.02.026_part_1.txt_¶Î1_Material1
OCC(C(C(C1N)O)O[*])OC1OC2C(OC(C(C2O)N)[*])CO,[*]NCC(NC(C(ONCC(NC(C(NCC(NC(C([*])=O)C)=O)=O)C)=O)=O)CO)=O,[*]OCC[*],,,1.845098040014257,10.1080_10717544.2020.1765432_part_1.txt_¶Î1_Material1
[*]C(CCCCC(OCCCCO[*])=O)=O,O=C([*])C(C)O[*],OC(C(C)(CC(C1=CC=CC=C1)[*])CC(C[*])(C(OCC2CO2)=O)C)=O,,,1.887617300335736,10.1021_acsomega.8b00823_part_1.txt_¶Î1_Material1
[*]NC(C)C(N1CCCC1C([*])=O)=O,[*]C(CCCCCO[*])=O,C(CC=O)CC=O,,,1.4440447959180762,10.1299_jmmp.7.463_part_1.txt_¶Î1_Material1
O=C([*])C(C)O[*],CCOC(=O)C(O)(CC(=O)OCC)CC(=O)OCC,C1OC1C[N+]([CH3])([CH3])[CH3].[Cl-],OCC(C(C(C1N)O)O[*])OC1OC2C(OC(C(C2O)N)[*])CO,,1.0791812460476249,10.1016_j.ijbiomac.2019.10.246_part_1.txt_¶Î1_Material1
[*]C(C)C[*],O=[Mg].O=[Si]=O.O=[Si]=O.O=[Si]=O.O=[Si]=O.O=[Mg].O=[Mg].O,O=[Mg].O=[Si]=O.O=[Si]=O.O=[Si]=O.O=[Si]=O.O=[Mg].O=[Mg].O,,,1.3010299956639813,10.1002_pen.23243_part_1.txt_¶Î1_Material1
[*]C(N(CN(C(OCOC(N(CN(C(OCCO[*])=O)[H])[H])=O)=O)[H])[H])=O,OCC(C(C(C1N)O)O[*])OC1OC2C(OC(C(C2O)N)[*])CO,[Zn]=O,,,2.285557309007774,10.1080_25740881.2021.1921206_part_2.txt_¶Î1_Material3
[*]OCCCOC(C1=CC=C(C([*])=O)C=C1)=O,C[N+](CCO)(CCO)[3H],C[N+](CCO)(CCO)[3H],,,2.246498580795801,10.1016_j.msea.2009.08.026_part_1.txt_¶Î1_Material1
O=C(CCCCC(N(CCCCCCN([*])[H])[H])=O)[*],O=[Si]=O,,,,1.397348966176591,10.52763_pjsir.phys.sci.64.1.2021.10.18_OA_part_2.txt_¶Î1_Material1
[*]C(C)C[*],NC1=CC=C(C=C1)/C2=C3C=C/C(N\3)=C(C4=N/C(C=C4)=C(C5=CC=C(N5)/C(C6=CC=CC=C6)=C7N=C2C=C\7)/C8=CC=CC=C8)\C9=CC=CC=C9,[O-][Si]([O-])([O-])O[Si]([O-])([O-])[O-].[Ca+2],,,0.5250448070368452,10.1080_1023666x.2018.1489454_part_2.txt_¶Î1_Material1
O=C([*])CCCCCN[*],[*]CCCC(CCCCCC)[*],O=[Al]O[Al]=O,[*]OCC[*],,1.561459171241916,10.1179_1743289815y.0000000009_part_1.txt_¶Î1_Material1
[*]C([H])([H])C(O)([H])[*],OCC(C(C(C1N)O)O[*])OC1OC2C(OC(C(C2O)N)[*])CO,OC(CO)CO,Cl[Ca]Cl,,1.6915677004380572,10.1088_1742-6596_1011_1_012052_part_1.txt_¶Î1_Material1
[*]NCCCCCCCCCCCC([*])=O,[*]C1C(OC(C(C1O)O)OC2C(OC(C(C2O)O)O[*])CO)CO,,,,1.3010299956639813,10.3139_217.2576_part_2.txt_¶Î1_Material1
[*]C(NC1=C(C)C(NC(OCCO[*])=O)=CC=C1)=O,[C],,,,2.544068044350276,10.1177_0040517521992355_part_2.txt_¶Î1_Material1
[*]C(CCCCCO[*])=O,OCC(C(C(C1N)O)O[*])OC1OC2C(OC(C(C2O)N)[*])CO,O=[Al]O[Al]=O.O=[Si]=O.O=[Si]=O.O=[Si]=O,,,1.1846914308175989,10.1177_0731684411410338_part_2.txt_¶Î1_Material2
OCC1OC(C(C(C1[*])O)O)OC2C(C(C(OC2CO)O[*])O)O,[*]C1C(C(C(OC1C(O[Na])=O)OC2C(C(O[Na])=O)OC(O[*])C(O)C2O)O)O,[*]C1OC2COC(C2OC3C(C(C(C(C3)CO)OS(=O)([O-])=O)O[*])O)C1OS(=O)([O-])=O,,,1.740362689494244,10.1039_c8gc00590g_part_1.txt_¶Î1_Material1
OP(O)(O)=O,[*]OCC[*],O=C=NC(C=C1)=CC=C1CC2=CC=C(C=C2)N=C=O,,,2.0791812460476247,10.1002_mame.201400141_part_2.txt_¶Î1_Material1
C[Si](O[*])(C)[*],C[Si](C)(C[*])O[*],,,,1.9258275746247424,10.1002_pc.25756_part_1.txt_¶Î1_Material1
O=S(C(C=C1)=CC=C1OC(C=C2)=CC=C2C(C)(C)C(C=C3)=CC=C3O[*])(C4=CC=C([*])C=C4)=O,,,,,1.1139433523068367,10.1002_pen.22158_part_2.txt_¶Î1_Material1
O=C([*])CCCCCN[*],[*]C/C=C/CCC(C/C=C\C[*])C=C,[H][O-],,,1.7993405494535817,10.1515_secm-2020-0020_part_1.txt_¶Î1_Material1
[*]NCC(NC(C(ONCC(NC(C(NCC(NC(C([*])=O)C)=O)=O)C)=O)=O)CO)=O,OC1=C2C(C3(O)C4C5C6=C7C8C(C9=CC(C(O)=O)=C(C=C(C=C%10C(O)=O)C%11%12)C(C%11=C%13C%14C%15%16C%17(O%16)C%18C%19=C%20C%21=C%22C(C(O)=C%23)=C%24C%25C%21=C%26C%19=C%27C%17=C%28C%14(O)C%12=C%10C=C%28CC%27=CC%26=CC%25=C(C(O)=O)C=C%24)C9=C7C%13(O)C5=C%15C3=C%18C%29%30C%20(O%30)C%31C%22C%23=C%32)=CC(C(O)=O)=CC8=CC6=C(C(O)=O)C4=C2)=C%29C%33=C%31C%32=C(C(O)=O)C=C%331,OC1=C2C(C3(O)C4C5C6=C7C8C(C9=CC(C(O)=O)=C(C=C(C=C%10C(O)=O)C%11%12)C(C%11=C%13C%14C%15%16C%17(O%16)C%18C%19=C%20C%21=C%22C(C(O)=C%23)=C%24C%25C%21=C%26C%19=C%27C%17=C%28C%14(O)C%12=C%10C=C%28CC%27=CC%26=CC%25=C(C(O)=O)C=C%24)C9=C7C%13(O)C5=C%15C3=C%18C%29%30C%20(O%30)C%31C%22C%23=C%32)=CC(C(O)=O)=CC8=CC6=C(C(O)=O)C4=C2)=C%29C%33=C%31C%32=C(C(O)=O)C=C%331,,,1.1958996524092338,10.4028_www.scientific.net_msf.898.2214_part_2.txt_¶Î1_Material1
O=C(C(C[*])[*])N,[*]OC1C(C(OC(C1O)OC2C3C(C(OC2CO3)[*])O)CO)O,[*]C([H])([H])C(O)([H])[*],,,2.4771212547196626,10.1002_app.46847_part_2.txt_¶Î1_Material1
[*]CC(C#N)[*],O=S([CH3])[CH3],[H]O[H],,,1.176958980586908,10.1002_pen.21654_part_1.txt_¶Î1_Material1
[*]C(CCCCCO[*])=O,OC1C(C(OC(C1O)OC2C(OC(C(C2O)O)OC3C(C(C(OC3C(OC)=O)OC4C(OC(C(C4O)O)[*])C(O)=O)O)O)C(OC)=O)C(O)=O)O[*],[*]NC1=CC=C([*])C=C1,,,1.173186268412274,10.1108_ijsi-04-2019-0033_part_1.txt_¶Î1_Material1
OCC(C(C(C1N)O)O[*])OC1OC2C(OC(C(C2O)N)[*])CO,O=[Al]O[Al]=O.O=[Si]=O.O=[Si]=O.O=[Si]=O,[Cu]=O,,,1.619719265611727,10.1016_j.polymertesting.2020.106380_part_6.txt_¶Î1_Material2
C[Si](O[*])(C)[*],[H][Si]([H])([H])[H],,,,1.6720978579357175,10.1007_s10570-017-1581-6_part_1.txt_¶Î1_Material1
[*]CC(O[*])CN=[N+]=[N-],[*]CC(C(OCC)=O)[*],CC1(CC(CC(C)(C1)C)N=C=O)CN=C=O,,,2.898725181589493,10.1007_s00289-020-03440-9_part_1.txt_¶Î1_Material1
[*]C(C)C[*],[*]CCC(CCCCCC)C[*],O=[Mg].O=[Si]=O.O=[Si]=O.O=[Si]=O.O=[Si]=O.O=[Mg].O=[Mg].O,,,2.388633969351789,10.1002_pc.22914_part_1.txt_¶Î1_Material1
[*]C([C@H](C)OC([C@H](C)O[*])=O)=O,[*]OC1C(C(O)=O)OC(OC2C(NC(C)=O)C([*])OC(CO)C2O)C(O)C1O,,,,0.9334872878487056,10.1016_j.polymer.2016.03.007_part_2.txt_¶Î1_Material1
[*]C(NC1=C(C)C(NC(OCCO[*])=O)=CC=C1)=O,OC(C(C)(CC(C1=CC=CC=C1)[*])CC(C[*])(C(OCC2CO2)=O)C)=O,O=[Ti]=O,,,2.4771212547196626,10.4028_www.scientific.net_kem.773.3_part_2.txt_¶Î1_Material1
[*]C(C)C[*],OP(O)(O)=O,[*]C(C)C[*],C[N+](CCO)(CCO)[3H],,0.5314789170422551,10.1007_s10965-017-1289-1_part_2.txt_¶Î1_Material2
OCC(C(C(C1N)O)O[*])OC1OC2C(OC(C(C2O)N)[*])CO,[*]C([H])([H])C(O)([H])[*],OC1=C2C(C3(O)C4C5C6=C7C8C(C9=CC(C(O)=O)=C(C=C(C=C%10C(O)=O)C%11%12)C(C%11=C%13C%14C%15%16C%17(O%16)C%18C%19=C%20C%21=C%22C(C(O)=C%23)=C%24C%25C%21=C%26C%19=C%27C%17=C%28C%14(O)C%12=C%10C=C%28CC%27=CC%26=CC%25=C(C(O)=O)C=C%24)C9=C7C%13(O)C5=C%15C3=C%18C%29%30C%20(O%30)C%31C%22C%23=C%32)=CC(C(O)=O)=CC8=CC6=C(C(O)=O)C4=C2)=C%29C%33=C%31C%32=C(C(O)=O)C=C%331,,,1.714329759745233,10.1515_epoly.2012.12.1.386_part_2.txt_¶Î1_Material1
C[Si](C)(C[*])O[*],[Ag],OC1=C2C(C3(O)C4C5C6=C7C8C(C9=CC(C(O)=O)=C(C=C(C=C%10C(O)=O)C%11%12)C(C%11=C%13C%14C%15%16C%17(O%16)C%18C%19=C%20C%21=C%22C(C(O)=C%23)=C%24C%25C%21=C%26C%19=C%27C%17=C%28C%14(O)C%12=C%10C=C%28CC%27=CC%26=CC%25=C(C(O)=O)C=C%24)C9=C7C%13(O)C5=C%15C3=C%18C%29%30C%20(O%30)C%31C%22C%23=C%32)=CC(C(O)=O)=CC8=CC6=C(C(O)=O)C4=C2)=C%29C%33=C%31C%32=C(C(O)=O)C=C%331,,,2,10.1016_j.progpolymsci.2018.06.001_part_8.txt_¶Î1_Material1
OCC1OC(C(C(C1[*])O)O)OC2C(C(C(OC2CO)O[*])O)O,[H][O-],[H][Si]([H])([H])[H],,,0.60422605308447,10.1007_s10570-019-02429-6_part_2.txt_¶Î1_Material1
O=C([*])CCCCCCCCCCC(NCCCCCCCCCCN[*])=O,[Zn]=O,,,,1.7075701760979365,10.1007_s10965-014-0539-8_part_2.txt_¶Î1_Material1
[*]C(CCCCCO[*])=O,NC(C=O)C(O)C(OC1OC(C(=O)O)=CC(O)C1OS(O)(=O)=O)C(O)CO,,,,2,10.1002_mabi.201800020_part_2.txt_¶Î1_Material1
[*]C1=CC=C(C=C1)C(N[*])=O,OC1=C(C=CC=C1CC2=CC=CC([*])=C2O)CC3=CC=CC([*])=C3O,,,,0.5502283530550941,10.1002_pc.24847_part_2.txt_¶Î1_Material1
O=C(O[Na])COCC(OC(C(C1O)O)[*])C1OC(C(C(C2O[*])O)O)OC2COCC(O[Na])=O,OC1=C2C(C3(O)C4C5C6=C7C8C(C9=CC(C(O)=O)=C(C=C(C=C%10C(O)=O)C%11%12)C(C%11=C%13C%14C%15%16C%17(O%16)C%18C%19=C%20C%21=C%22C(C(O)=C%23)=C%24C%25C%21=C%26C%19=C%27C%17=C%28C%14(O)C%12=C%10C=C%28CC%27=CC%26=CC%25=C(C(O)=O)C=C%24)C9=C7C%13(O)C5=C%15C3=C%18C%29%30C%20(O%30)C%31C%22C%23=C%32)=CC(C(O)=O)=CC8=CC6=C(C(O)=O)C4=C2)=C%29C%33=C%31C%32=C(C(O)=O)C=C%331,,,,1.0737183503461227,10.1016_j.compositesb.2015.08.031_part_4.txt_¶Î1_Material1
OCC(C(C(C1N)O)O[*])OC1OC2C(OC(C(C2O)N)[*])CO,[*]C([H])([H])C(O)([H])[*],OCC(O)CO,,,2.0791812460476247,10.1016_j.carbpol.2015.08.094_part_1.txt_¶Î1_Material1
O=C(C1=CC=C(C=C1)C(OCC[*])=O)O[*],[Ag+],[Ag],,,2,10.1007_s10854-024-14194-9_OA_part_1.txt_¶Î1_Material1
N#CC(C1=CC=CC=N1)C1=CC=CC=C1,[*]C([H])([H])C(O)([H])[*],,,,2.315970345456918,10.1021_ie400521a_part_1.txt_¶Î1_Material1
[*]CC(COC1=CC=C(C=C1)C(C)(C)C2=CC=C(C=C2)O[*])O,O=C([*])C1=CC=C(C=C1)OC2=CC=C(C=C2)OC3=CC=C(C=C3)[*],,,,1.414973347970818,10.1016_j.polymer.2016.08.107_part_1.txt_¶Î1_Material1
O=C(O[Na])COCC(OC(C(C1O)O)[*])C1OC(C(C(C2O[*])O)O)OC2COCC(O[Na])=O,[*]CC(C#N)[*],O=[Al]O[Al]=O.O=[Si]=O.O=[Si]=O.O=[Si]=O,,,0.9684829485539352,10.1007_s10965-018-1659-3_part_2.txt_¶Î1_Material2
[*]C(N(CN(C(OCOC(N(CN(C(OCCO[*])=O)[H])[H])=O)=O)[H])[H])=O,O=C(O)C(C[*])CC(CC(C(C(O)=O)[*])C(O)=O)C(O)=O,CC1=CC(C)=C(C(C)=C1)C(P(C2=CC=CC=C2)(C3=CC=CC=C3)=O)=O,,,2.467015818438436,10.4028_www.scientific.net_amr.1090.31_part_1.txt_¶Î1_Material1
OCC(C(C(C1N)O)O[*])OC1OC2C(OC(C(C2O)N)[*])CO,O=[Si]=O,[*]OCC[*],,,1.3031960574204888,10.4028_www.scientific.net_ddf.382.3_part_1.txt_¶Î1_Material1
[*]C1C(OC(C(C1O)O)OC2C(OC(C(C2O)O)O[*])CO)CO,OCC1OC(C(C(C1[*])O)O)OC2C(C(C(OC2CO)O[*])O)O,,,,0.9858753573083936,10.1177_1082013211427622_part_2.txt_¶Î1_Material1
[*]NC(C)C(N1CCCC1C([*])=O)=O,OCC1OC(C(C(C1O)O[*])O)OC2C(C(C(OC2COS(=O)(O)=O)[*])NC(C)=O)O,,,,1.424881636631067,10.1016_j.actbio.2010.03.014_part_1.txt_¶Î1_Material1
[*]C(C)C[*],[*]C1=C(O)C(C(C)(C)C)=C(O)C(C)=C1SS[*],,,,2.478566495593844,10.1002_app.45354_part_2.txt_¶Î1_Material1
C[Si](O[*])(C)[*],O=[Si]=O,O=[Si]=O,,,2.4771212547196626,10.1016_j.polymer.2020.122904_part_2.txt_¶Î1_Material1
O=C(C(C[*])[*])N,[*]C1C(C(C(OC1C(O[Na])=O)OC2C(C(O[Na])=O)OC(O[*])C(O)C2O)O)O,C(NC(=O)C=C)NC(=O)C=C,,,2.720159303405957,10.1016_j.eurpolymj.2018.04.019_part_2.txt_¶Î1_Material1
OP(O)(O)=O,[*]OCCCCOC(CCC([*])=O)=O,,,,2.397940008672037,10.1021_acssuschemeng.5b00646_part_1.txt_¶Î1_Material1
[*]C(C)C[*],O=C(C1=CC=C(C([*])=O)C=C1)NC2=CCC(N[*])C=C2,,,,1.0791812460476249,10.1016_j.compositesb.2013.04.065_part_1.txt_¶Î1_Material1
OCC1OC(C(C(C1[*])O)O)OC2C(C(C(OC2CO)O[*])O)O,OCC(O)CO,[Ag],,,1.4864304788544338,10.13005_ojc_340320_part_1.txt_¶Î1_Material5
O=C([*])C(C)O[*],[*]C([H])([H])C(O)([H])[*],OCC(C(C(C1N)O)O[*])OC1OC2C(OC(C(C2O)N)[*])CO,,,1.2581581933407944,10.1016_j.carbpol.2019.115589_part_2.txt_¶Î1_Material1
[*]C(C)C[*],[*]C/C=C/CCC([*])C#N,[C],O=C([O-])[O-].[Ca+2],,2.544068044350276,10.1177_096739111502300808_part_2.txt_¶Î1_Material1
O=C(C1=CC=C(C=C1)C(OCC[*])=O)O[*],[*]C(C)C[*],,,,1.4374334437979712,10.1080_00405000.2016.1186329_part_1.txt_¶Î1_Material1
[*]C1C(O)C(O)C(OC2C(O)C(O)C(O[*])OC2COC(C)=O)OC1COC(C)=O,[*]OCC[*],,,,0.8573324964312685,10.1016_j.proenv.2012.10.049_part_1.txt_¶Î1_Material1
[*]C(C)C[*],O=C([*])CCCCCN[*],CC(CC(C(C(O1)=O)CC1=O)[*])C[*],,,1.24551266781415,10.1007_s10965-011-9601-y_part_1.txt_¶Î1_Material1
[*]CC([*])Cl,OCC1OC(C(C(C1[*])O)O)OC2C(C(C(OC2CO)O[*])O)O,O=[Ti]=O,,,1.2624510897304295,10.1002_pen.21893_part_2.txt_¶Î1_Material1
[*]NC(C(N1CCCC1C(NCC(N2CC(CC2C(NC(C(NCC([*])=O)=O)CO)=O)O)=O)=O)=O)CCCCN,O=C(O[Na])COCC(OC(C(C1O)O)[*])C1OC(C(C(C2O[*])O)O)OC2COCC(O[Na])=O,OC(CO)CO,,,1.515873843711679,10.3390_ma12101628_part_2.txt_¶Î1_Material1
O=C(C1=CC=C(C([*])=O)C=C1)NC2=CCC(N[*])C=C2,,,,,0.6232492903979004,10.1002_app.32096_part_1.txt_¶Î1_Material1
[*]CC([*])N1CCCC1=O,OCC1OC(C(C(C1[*])O)O)OC2C(C(C(OC2CO)O[*])O)O,OCC1OC(C(C(C1[*])O)O)OC2C(C(C(OC2CO)O[*])O)O,,,0.8692317197309762,10.1007_s10692-019-09977-4_part_1.txt_¶Î1_Material2
[*]C1C(O)C(O)C(OC2C(O)C(O)C(O[*])OC2COC(C)=O)OC1COC(C)=O,[*]OCCCCOC(CCC([*])=O)=O,,,,1.6989700043360187,10.1002_app.45429_part_2.txt_¶Î1_Material1
[*]C1=CC=C([*])N1,[*]C(N(CN(C(OCOC(N(CN(C(OCCO[*])=O)[H])[H])=O)=O)[H])[H])=O,,,,3.161368002234975,10.1002_smll.201800394_part_1.txt_¶Î1_Material1
[*]C(NC1=C(C)C(NC(OCCO[*])=O)=CC=C1)=O,NCCC[Si](OCC)(OCC)OCC,,,,2.531478917042255,10.1007_s10965-010-9438-9_part_2.txt_¶Î1_Material1
OCC1OC(C(C(C1[*])O)O)OC2C(C(C(OC2CO)O[*])O)O,OC1=C2C(C3(O)C4C5C6=C7C8C(C9=CC(C(O)=O)=C(C=C(C=C%10C(O)=O)C%11%12)C(C%11=C%13C%14C%15%16C%17(O%16)C%18C%19=C%20C%21=C%22C(C(O)=C%23)=C%24C%25C%21=C%26C%19=C%27C%17=C%28C%14(O)C%12=C%10C=C%28CC%27=CC%26=CC%25=C(C(O)=O)C=C%24)C9=C7C%13(O)C5=C%15C3=C%18C%29%30C%20(O%30)C%31C%22C%23=C%32)=CC(C(O)=O)=CC8=CC6=C(C(O)=O)C4=C2)=C%29C%33=C%31C%32=C(C(O)=O)C=C%331,[Ca+2],,,0.7708520116421442,10.1007_s10570-017-1535-z_part_1.txt_¶Î1_Material2
[*]C1=CC=C([*])N1,[*]C([H])([H])C(O)([H])[*],,,,2.041392685158225,10.1016_j.jallcom.2019.07.144_part_1.txt_¶Î1_Material1
O=C(C1=CC=C(C=C1)C(OCC[*])=O)O[*],[*]CC[*],C=C(C(OCC1CO1)=O)C,,,1.505149978319906,10.1002_app.32050_part_2.txt_¶Î1_Material1
C/C(C[*])=C/C[*],[*]CCCC(C1C([*])C2CC1C/C2=C/C)C,[Zn]=O,,,2.7596678446896306,10.1080_1023666x.2015.1050905_part_2.txt_¶Î1_Material1
OCC(C(C(C1N)O)O[*])OC1OC2C(OC(C(C2O)N)[*])CO,[*]C(CCCCCO[*])=O,OC1=C2C(C3(O)C4C5C6=C7C8C(C9=CC(C(O)=O)=C(C=C(C=C%10C(O)=O)C%11%12)C(C%11=C%13C%14C%15%16C%17(O%16)C%18C%19=C%20C%21=C%22C(C(O)=C%23)=C%24C%25C%21=C%26C%19=C%27C%17=C%28C%14(O)C%12=C%10C=C%28CC%27=CC%26=CC%25=C(C(O)=O)C=C%24)C9=C7C%13(O)C5=C%15C3=C%18C%29%30C%20(O%30)C%31C%22C%23=C%32)=CC(C(O)=O)=CC8=CC6=C(C(O)=O)C4=C2)=C%29C%33=C%31C%32=C(C(O)=O)C=C%331,,,1.3010299956639813,10.1016_j.procbio.2021.03.025_part_1.txt_¶Î1_Material1
[*]CCCC(C1C([*])C2CC1C/C2=C/C)C,C[Si](O[*])(C)[*],O=[Al]O[Al]=O.O=[Si]=O.O=[Si]=O.O=[Si]=O,,,1.8325089127062364,10.1002_pc.22848_part_1.txt_¶Î1_Material1
[*]OCC[*],O=[Si]=O,,,,1.57978359661681,10.1016_j.actbio.2013.01.034_part_1.txt_¶Î1_Material2
[*]C(CCCCC(OCCCCO[*])=O)=O,C=C([CH3])C(=O)O[CH3],,,,1.963787827345556,10.7251_comen2101071p_OA_part_2.txt_¶Î1_Material1
[*]C(C)C[*],CCCCCCCCCCCCCCCCCCOC(CCC1=CC(C(C)(C)C)=C(C(C(C)(C)C)=C1)O)=O,,,,0.4771212547196624,10.4028_www.scientific.net_msf.913.564_part_1.txt_¶Î1_Material1
[*]NC(C(N1CCCC1C(NCC(N2CC(CC2C(NC(C(NCC([*])=O)=O)CO)=O)O)=O)=O)=O)CCCCN,[*]NCC(NC(C(ONCC(NC(C(NCC(NC(C([*])=O)C)=O)=O)C)=O)=O)CO)=O,OCC1OC(C(C(C1[*])O)O)OC2C(C(C(OC2CO)O[*])O)O,C(CC=O)CC=O,,1.3979400086720375,10.1007_s10570-020-03545-4_part_1.txt_¶Î1_Material1
[*]C(C(O[*])C)=O,[*]OCC[*],,,,1.6020599913279625,10.1166_jnn.2017.12717_part_1.txt_¶Î1_Material1
[*]C(CCCCCO[*])=O,[*]OCC[*],[*]OCC[*],NC(C=O)C(O)C(OC1OC(C(=O)O)=CC(O)C1OS(O)(=O)=O)C(O)CO,,2.294686624279444,10.1021_acsabm.0c01114_part_1.txt_¶Î1_Material1
O=C([*])CCCCCN[*],[*]CCC(CCCCCC)C[*],,,,1.0791812460476249,10.1016_j.compscitech.2010.07.023_part_2.txt_¶Î1_Material3
[*]C(CCCCC(OCCCCO[*])=O)=O,[*]OCC[*],,,,2.2430380486862944,10.1002_app.44498_part_2.txt_¶Î1_Material1
[*]C1C(O)C(O)C(OC2C(O)C(O)C(O[*])OC2COCCO)OC1COCCO,O=[Si]=O,[Ag],,,1.6180480967120927,10.1007_s10570-021-03873-z_part_2.txt_¶Î1_Material1
[*]OC1C(C(OC(C1O)OC2C3C(C(OC2CO3)[*])O)CO)O,C[N+](CCO)(CCO)[3H],,,,1.290034611362518,10.1111_j.1750-3841.2012.02988.x_part_1.txt_¶Î1_Material2
[*]C/C=C/CCC([*])C#N,O=[Si]=O,,,,2.760422483423212,10.1016_j.eurpolymj.2014.01.035_part_1.txt_¶Î1_Material1
[*]C(C)C[*],[*]CCCC(CCCCCC)[*],O=[Si]=O,[*]C(C)C[*],,2.544068044350276,10.1002_mame.201100147_part_1.txt_¶Î1_Material1
[*]CC(C)(C(OCCO)=O)[*],C[Si](O[*])(C)[*],,,,2.230448921378274,10.1039_c7py00563f_part_2.txt_¶Î1_Material1
[H][Si]([H])([H])[H],C[Si](C)(C[*])O[*],,,,1.845098040014257,10.1039_c5nj01477h_part_2.txt_¶Î1_Material1
[*]C(C)C[*],C/C(C[*])=C/C[*],,,,2.2380461031287955,10.1088_1757-899x_957_1_012020_part_1.txt_¶Î1_Material1
OCC(C(C(C1N)O)O[*])OC1OC2C(OC(C(C2O)N)[*])CO,[*]OCC[*],[Cu]=O,[Zn]=O,,1.8573324964312683,10.1016_j.msec.2018.11.029_part_5.txt_¶Î1_Material1
[*]CCCC(CCCCCC)[*],,,,,1.7781512503836436,10.1002_pen.24267_part_1.txt_¶Î1_Material1
O=C([*])C(C)O[*],C=C([CH3])C(=O)O[CH3],OCC1OC(C(C(C1[*])O)O)OC2C(C(C(OC2CO)O[*])O)O,,,1.472024697700281,10.1007_s10924-016-0775-6_part_2.txt_¶Î1_Material1
O=C([*])C(C)O[*],O=C([*])C(C)O[*],C=C(C(OCC1CO1)=O)C,,,1.0791812460476249,10.1016_j.jmst.2017.03.004_part_2.txt_¶Î1_Material1
O=C([*])C(C)O[*],[*]CCCC([*])OC(C)=O,OC1=C2C(C3(O)C4C5C6=C7C8C(C9=CC(C(O)=O)=C(C=C(C=C%10C(O)=O)C%11%12)C(C%11=C%13C%14C%15%16C%17(O%16)C%18C%19=C%20C%21=C%22C(C(O)=C%23)=C%24C%25C%21=C%26C%19=C%27C%17=C%28C%14(O)C%12=C%10C=C%28CC%27=CC%26=CC%25=C(C(O)=O)C=C%24)C9=C7C%13(O)C5=C%15C3=C%18C%29%30C%20(O%30)C%31C%22C%23=C%32)=CC(C(O)=O)=CC8=CC6=C(C(O)=O)C4=C2)=C%29C%33=C%31C%32=C(C(O)=O)C=C%331,O=[Si]=O,,2.2430380486862944,10.1002_pat.5435_part_1.txt_¶Î1_Material1
[*]CC(C#N)[*],C=C([CH3])C(=O)O[CH3],,,,0.9637878273455552,10.1021_acsanm.0c00364_part_1.txt_¶Î1_Material1
[*]C(C1=CC=C(C(OCCCCO[*])=O)C=C1)=O,[*]OCCOC(CC(C([*])=O)C(C1CCCCC1)CC(CC(O)=O)C(OCCO)=O)=O,,,,1.845098040014257,10.1016_j.compositesb.2018.04.023_part_1.txt_¶Î1_Material1
[*]C(N(CN(C(OCOC(N(CN(C(OCCO[*])=O)[H])[H])=O)=O)[H])[H])=O,[H]Cl,,,,2.071882007306125,10.1039_d0ta07832h_part_2.txt_¶Î1_Material1
[*]C([H])([H])C(O)([H])[*],OCC(O)CO,O=[Si]=O,,,2.348752559257216,10.1007_s41783-018-0043-4_part_1.txt_¶Î1_Material1
O=C([*])C(C)O[*],[C],,,,0.6989700043360189,10.1088_1742-6596_1279_1_012046_part_1.txt_¶Î1_Material1
[*]C(NC1=C(C)C(NC(OCCO[*])=O)=CC=C1)=O,O=C(O)C([*])C[*],OC(C(C)(CC(C1=CC=CC=C1)[*])CC(C[*])(C(OCC2CO2)=O)C)=O,,,2.293936813887293,10.32604_jrm.2022.023371_OA_part_2.txt_¶Î1_Material4
[*]CC(COC1=CC=C(C=C1)C(C)(C)C2=CC=C(C=C2)O[*])O,[H][Si]([H])([H])[H],,,,-0.187086643,10.1007_s10570-013-0044-y_part_3.txt_¶Î1_Material1
[*]CC(C1=CC=CC=C1)[*],[*]CC(C1=CC=CC=C1)C/C=C/C[*],[*]C/C=C/CCC(C=C)CC([*])C1=CC=CC=C1,[C],,2.345961541813141,10.3139_217.2917_part_1.txt_¶Î1_Material1
[*]NC(C(N1CCCC1C(NCC(N2CC(CC2C(NC(C(NCC([*])=O)=O)CO)=O)O)=O)=O)=O)CCCCN,O=P([O-])([O-])[O-].[Ca+2].[Ca+2].[OH-],,,,1.380211241711606,10.1039_c3ra42369g_part_2.txt_¶Î1_Material1
[*]C(C)C[*],O=C([*])OC1=CC=C(C=C1)C(C)(C)C2=CC=C(C=C2)O[*],[*]CC(OC(O[*])=O)C,[*]CCCC([*])C(OC)=O,[*]C(C)C[*],2.04296907339318,10.3390_polym11020300_part_2.txt_¶Î1_Material1
[*]CC[*],[*]CC[*],[*]C(C)C[*],[*]CC(C1=CC=CC=C1)[*],[*]CC([*])Cl,1.4771212547196624,10.1016_j.polymdegradstab.2017.11.001_part_11.txt_¶Î1_Material2
[*]CCCC([*])OC(C)=O,OCC1OC(C(C(C1[*])O)O)OC2C(C(C(OC2CO)O[*])O)O,,,,2.0346284566253203,10.1016_j.carbpol.2013.02.039_part_1.txt_¶Î1_Material1
O=C([*])C(C)O[*],C=C(C(OCC1CO1)=O)C,O=C([*])C(C)O[*],,,1.0334237554869496,10.1007_s13233-018-6027-y_part_1.txt_¶Î1_Material1
[*]C(NC1=C(C)C(NC(OCCO[*])=O)=CC=C1)=O,[*]C([H])([H])C(O)([H])[*],O=C([O-])[O-].[Ca+2],,,2.6989700043360187,10.1166_jnn.2011.3849_part_1.txt_¶Î1_Material1
O=C([*])C(C)O[*],OC1=C2C(C3(O)C4C5C6=C7C8C(C9=CC(C(O)=O)=C(C=C(C=C%10C(O)=O)C%11%12)C(C%11=C%13C%14C%15%16C%17(O%16)C%18C%19=C%20C%21=C%22C(C(O)=C%23)=C%24C%25C%21=C%26C%19=C%27C%17=C%28C%14(O)C%12=C%10C=C%28CC%27=CC%26=CC%25=C(C(O)=O)C=C%24)C9=C7C%13(O)C5=C%15C3=C%18C%29%30C%20(O%30)C%31C%22C%23=C%32)=CC(C(O)=O)=CC8=CC6=C(C(O)=O)C4=C2)=C%29C%33=C%31C%32=C(C(O)=O)C=C%331,OC1=C2C(C3(O)C4C5C6=C7C8C(C9=CC(C(O)=O)=C(C=C(C=C%10C(O)=O)C%11%12)C(C%11=C%13C%14C%15%16C%17(O%16)C%18C%19=C%20C%21=C%22C(C(O)=C%23)=C%24C%25C%21=C%26C%19=C%27C%17=C%28C%14(O)C%12=C%10C=C%28CC%27=CC%26=CC%25=C(C(O)=O)C=C%24)C9=C7C%13(O)C5=C%15C3=C%18C%29%30C%20(O%30)C%31C%22C%23=C%32)=CC(C(O)=O)=CC8=CC6=C(C(O)=O)C4=C2)=C%29C%33=C%31C%32=C(C(O)=O)C=C%331,,,1.6750447359558929,10.1007_s13726-018-0604-y_part_1.txt_¶Î1_Material1
[*]CC([*])N1CCCC1=O,[*]OC1C(O)C(O)C(OC2C(CO)OC([*])C(O)C2O)OC1CO,OC(C(C)(CC(C1=CC=CC=C1)[*])CC(C[*])(C(OCC2CO2)=O)C)=O,,,1.0969100130080565,10.1007_s12221-018-8308-7_part_1.txt_¶Î1_Material1
[*]CC(COC1=CC=C(C=C1)C(C)(C)C2=CC=C(C=C2)O[*])O,C=C(C(OCC1CO1)=O)C,,,,0.5378190950732742,10.1002_pola.27751_part_2.txt_¶Î1_Material1
O=C(CCCCC(N(CCCCCCN([*])[H])[H])=O)[*],[*]C(F)(C(F)([*])F)F,[O-][Si]([O-])([O-])O[Si]([O-])([O-])[O-].[Ca+2],,,1.2041199826559248,10.1007_s12666-016-0925-5_part_2.txt_¶Î1_Material1
FC(F)([*])C([H])([*])[H],[Mg],OC1=C2C(C3(O)C4C5C6=C7C8C(C9=CC(C(O)=O)=C(C=C(C=C%10C(O)=O)C%11%12)C(C%11=C%13C%14C%15%16C%17(O%16)C%18C%19=C%20C%21=C%22C(C(O)=C%23)=C%24C%25C%21=C%26C%19=C%27C%17=C%28C%14(O)C%12=C%10C=C%28CC%27=CC%26=CC%25=C(C(O)=O)C=C%24)C9=C7C%13(O)C5=C%15C3=C%18C%29%30C%20(O%30)C%31C%22C%23=C%32)=CC(C(O)=O)=CC8=CC6=C(C(O)=O)C4=C2)=C%29C%33=C%31C%32=C(C(O)=O)C=C%331,O=[Ti]=O,,1.591064607026499,10.1007_s10853-018-3075-9_part_3.txt_¶Î1_Material1
[*]OCCCCOC(CCC([*])=O)=O,[H]O[H],OCC(O)CO,O=C(N)N,,2.255272505103306,10.1177_096369351702600501_part_1.txt_¶Î1_Material1
N#CC(C1=CC=CC=N1)C1=CC=CC=C1,[*]OCC[*],,,,2.146128035678238,10.4028_www.scientific.net_amm.731.565_part_1.txt_¶Î1_Material1
CC(COC(C(CC(C(C(C(OC(C)C)=O)C1=CC=CC=C1)C(OCC(OC(C2=CC=CC=C2C(O)=O)=O)C)=O)C3=CC=CC=C3)C(C(OC(C)C[*])=O)C4=CC=CC=C4)=O)OC(C5=CC=CC=C5C(O[*])=O)=O,[*]OC1OC(CO)C(OC2C(O)C(O)C([*])C(CO)O2)C(O)C1O,,,,0.7218106152125465,10.1007_s10924-019-01537-5_part_2.txt_¶Î1_Material3
OCC1OC(C(C(C1[*])O)O)OC2C(C(C(OC2CO)O[*])O)O,O=S([CH3])[CH3],,,,1.5390760987927767,10.1007_s10570-021-04068-2_part_1.txt_¶Î1_Material1
[*]C(NC1=C(C)C(NC(OCCO[*])=O)=CC=C1)=O,O=[Al]O[Al]=O.O=[Si]=O.O=[Si]=O.O=[Si]=O,O=[Al]O[Al]=O,,,2.824776462475546,10.1007_s10965-020-02269-0_part_2.txt_¶Î1_Material1
[*]CC(C#N)[*],OC1=C2C(C3(O)C4C5C6=C7C8C(C9=CC(C(O)=O)=C(C=C(C=C%10C(O)=O)C%11%12)C(C%11=C%13C%14C%15%16C%17(O%16)C%18C%19=C%20C%21=C%22C(C(O)=C%23)=C%24C%25C%21=C%26C%19=C%27C%17=C%28C%14(O)C%12=C%10C=C%28CC%27=CC%26=CC%25=C(C(O)=O)C=C%24)C9=C7C%13(O)C5=C%15C3=C%18C%29%30C%20(O%30)C%31C%22C%23=C%32)=CC(C(O)=O)=CC8=CC6=C(C(O)=O)C4=C2)=C%29C%33=C%31C%32=C(C(O)=O)C=C%331,,,,1.255272505103306,10.1007_s13726-018-0649-y_part_1.txt_¶Î1_Material1
[*]CC(COC1=CC=C(C=C1)C(C)(C)C2=CC=C(C=C2)O[*])O,[*]CCC1C([*])C2CCC1C2,,,,0.6901960800285137,10.3144_expresspolymlett.2020.31_part_2.txt_¶Î1_Material1
[*]C([H])([H])C(O)([H])[*],O=C(OOC(=O)C1=CC=CC=C1)C1=CC=CC=C1,,,,2.3197304943302246,10.1080_03602559.2018.1493126_part_2.txt_¶Î1_Material1
OCC1OC(C(C(C1[*])O)O)OC2C(C(C(OC2CO)O[*])O)O,[*]CC([*])N1CCCC1=O,,,,0.5910646070264992,10.1007_s12221-020-1043-x_part_1.txt_¶Î1_Material1
O=C([*])CCCCCN[*],[C],S=[Mo]=S,,,1.1205739312058498,10.1016_j.matchemphys.2012.12.035_part_2.txt_¶Î1_Material1
O=C([*])C(C)O[*],[*]CC(CCCC(CC)CC([*])C1=CC=CC=C1)C2=CC=CC=C2,,,,0.9912260756924948,10.3390_app11136218_part_2.txt_¶Î1_Material2
OCC(C(C(C1N)O)O[*])OC1OC2C(OC(C(C2O)N)[*])CO,[*]C([H])([H])C(O)([H])[*],[H][Si]([H])([H])[H],,,1.3010299956639813,10.1515_epoly-2015-0048_part_1.txt_¶Î1_Material1
[*]C(CCCCCO[*])=O,OCC1OC(C(C(C1[*])O)O)OC2C(C(C(OC2CO)O[*])O)O,O=[Si]=O.O=[Al]O[Al]=O.O=[Si]=O.O=[Si]=O.O=[Si]=O.O,,,2.255272505103306,10.1088_1757-899x_536_1_012040_part_1.txt_¶Î1_Material1
[*]CC[*],O=C(C1=CC=C(C=C1)C(OCC[*])=O)O[*],C=C(C(OCC1CO1)=O)C,O=C1C=CC(O1)=O.C=C,,1.3010299956639813,10.1016_j.compscitech.2021.108748_part_1.txt_¶Î1_Material1
O=C([*])C(C)O[*],[*]C(N(CN(C(OCOC(N(CN(C(OCCO[*])=O)[H])[H])=O)=O)[H])[H])=O,O=[Al]O[Al]=O.O=[Si]=O.O=[Si]=O.O=[Si]=O,O=[Si]=O,,1.549003262025788,10.4028_www.scientific.net_msf.947.77_part_1.txt_¶Î1_Material1
[*]C(C(OC(CO[*])=O)C)=O,[*]NC(C(N1CCCC1C(NCC(N2CC(CC2C(NC(C(NCC([*])=O)=O)CO)=O)O)=O)=O)=O)CCCCN,OCC(C(C(C1N)O)O[*])OC1OC2C(OC(C(C2O)N)[*])CO,C12=C3C(C=CC4C3=C5C(CC6=CC7=C8C9=C(C(C=C%10)=CC=C9C=C7)C%11=C%10C%12)=CC4)=CC=C1C=C%12C%13=C%11C8=C6C5=C2%13,,1.9395192526186185,10.1002_pat.4915_part_3.txt_¶Î1_Material1
[*]C(NC1=C(C)C(NC(OCCO[*])=O)=CC=C1)=O,OCCCCO,,,,2.4771212547196626,10.1039_c9py00261h_part_1.txt_¶Î1_Material2
FC(F)(C(F)(C(F)(C(F)(C(F)([*])F)F)C(F)(F)F)F)C[*],,,,,2.507909817970281,10.1002_app.35624_part_1.txt_¶Î1_Material1
[*]C(C)C[*],[*]CCCC([*])OC(C)=O,O=[Al]O[Al]=O.O=[Si]=O.O=[Si]=O.O=[Si]=O,[*]C(C)C[*],,1.089905111439398,10.1002_app.33849_part_2.txt_¶Î1_Material1
[*]CC[*],[*]CC[*],[*]CC[*],O=[Ti]=O,,1.1760912590556811,10.1002_mren.201300135_part_1.txt_¶Î1_Material2
[*]CC(COC1=CC=C(C=C1)C(C)(C)C2=CC=C(C=C2)O[*])O,[*]CC(COC1=CC=C(C=C1)C(C)(C)C2=CC=C(C=C2)O[*])O,O=[Si]=O,,,0.6232492903979004,10.1002_pc.25443_part_2.txt_¶Î1_Material1
CC(COC(C(CC(C(C(C(OC(C)C)=O)C1=CC=CC=C1)C(OCC(OC(C2=CC=CC=C2C(O)=O)=O)C)=O)C3=CC=CC=C3)C(C(OC(C)C[*])=O)C4=CC=CC=C4)=O)OC(C5=CC=CC=C5C(O[*])=O)=O,[H][Si]([H])([H])[H],,,,0.436162647040756,10.1109_tdei.2012.6180228_part_2.txt_¶Î1_Material1
[*]C(NC1=C(C)C(NC(OCCO[*])=O)=CC=C1)=O,O=[Si]=O,OC(C(C)(CC(C1=CC=CC=C1)[*])CC(C[*])(C(OCC2CO2)=O)C)=O,O=[Ti]=O,,2.3010299956639813,10.3390_jcs3020040_part_5.txt_¶Î1_Material1
[*]CC[*],[*]C(CCCCCO[*])=O,[Zn]=O,,,2.9111576087399764,10.5562_cca2768_part_2.txt_¶Î1_Material1
[*]C(C)C[*],[*]CCCC(C1C([*])C2CC1C/C2=C/C)C,OC1=C2C(C3(O)C4C5C6=C7C8C(C9=CC(C(O)=O)=C(C=C(C=C%10C(O)=O)C%11%12)C(C%11=C%13C%14C%15%16C%17(O%16)C%18C%19=C%20C%21=C%22C(C(O)=C%23)=C%24C%25C%21=C%26C%19=C%27C%17=C%28C%14(O)C%12=C%10C=C%28CC%27=CC%26=CC%25=C(C(O)=O)C=C%24)C9=C7C%13(O)C5=C%15C3=C%18C%29%30C%20(O%30)C%31C%22C%23=C%32)=CC(C(O)=O)=CC8=CC6=C(C(O)=O)C4=C2)=C%29C%33=C%31C%32=C(C(O)=O)C=C%331,CCCC[Sn](CCCC)(OC(CCCCCCCCCCC)=O)OC(CCCCCCCCCCC)=O,,2.5705429398818973,10.1002_pen.25361_part_1.txt_¶Î1_Material1
OCC1OC(C(C(C1[*])O)O)OC2C(C(C(OC2CO)O[*])O)O,[*]OC(C(C1O)O)OC(COC)C1OC(OC(C(C2O)OC3OC(C(C(C3OC)O)OC4OC(C(C(C4OC)O)[*])COC)CO)COC)C2OCC(OC)C,,,,1.0413926851582251,10.1007_s10570-013-9931-5_part_1.txt_¶Î1_Material1
[*]C(CCCCCO[*])=O,[*]C(N(CN(C(OCOC(N(CN(C(OCCO[*])=O)[H])[H])=O)=O)[H])[H])=O,O=C=NC(C=C1)=CC=C1CC2=CC=C(C=C2)N=C=O,,,3.1598678470925665,10.4028_www.scientific.net_kem.816.187_part_1.txt_¶Î1_Material2
OCC1OC(C(C(C1[*])O)O)OC2C(C(C(OC2CO)O[*])O)O,[*]C1C(OC(C(C1O)O)OC2C(OC(C(C2O)O)O[*])CO)CO,OC(CO)CO,[*]NC(C(N1CCCC1C(NCC(N2CC(CC2C(NC(C(NCC([*])=O)=O)CO)=O)O)=O)=O)=O)CCCCN,,0.8129133566428556,10.3390_ma12101684_part_3.txt_¶Î1_Material1
O=C([*])C(C)O[*],C/C(C[*])=C/C[*],OC1=C2C(C3(O)C4C5C6=C7C8C(C9=CC(C(O)=O)=C(C=C(C=C%10C(O)=O)C%11%12)C(C%11=C%13C%14C%15%16C%17(O%16)C%18C%19=C%20C%21=C%22C(C(O)=C%23)=C%24C%25C%21=C%26C%19=C%27C%17=C%28C%14(O)C%12=C%10C=C%28CC%27=CC%26=CC%25=C(C(O)=O)C=C%24)C9=C7C%13(O)C5=C%15C3=C%18C%29%30C%20(O%30)C%31C%22C%23=C%32)=CC(C(O)=O)=CC8=CC6=C(C(O)=O)C4=C2)=C%29C%33=C%31C%32=C(C(O)=O)C=C%331,[S],,1.2041199826559248,10.1016_j.carbpol.2014.07.044_part_1.txt_¶Î1_Material1
[*]C(N(CN(C(OCOC(N(CN(C(OCCO[*])=O)[H])[H])=O)=O)[H])[H])=O,[*]C1=C2C(OCCO2)=C([*])S1,O=[Si]=O,,,2.462397997898956,10.1002_macp.202000155_part_1.txt_¶Î1_Material1
O=C([*])CCCCCN[*],[*]CC(C1=CC=CC=C1)[*],[*]C(C)C[*],[*]CC(CCCC(CC)CC([*])C1=CC=CC=C1)C2=CC=CC=C2,,1.954242509439325,10.1016_j.polymer.2017.07.024_part_4.txt_¶Î1_Material3
OCC1OC(C(C(C1O)O[*])O)OC2C(C(C(OC2COS(=O)(O)=O)[*])NC(C)=O)O,[*]NC(C(N1CCCC1C(NCC(N2CC(CC2C(NC(C(NCC([*])=O)=O)CO)=O)O)=O)=O)=O)CCCCN,[*]C1C(C(C(OC1C(O[Na])=O)OC2C(C(O[Na])=O)OC(O[*])C(O)C2O)O)O,OCC(O)CO,,1.0090257420869102,10.1080_10584587.2019.1674818_part_1.txt_¶Î1_Material3
[*]NCC(NC(C(ONCC(NC(C(NCC(NC(C([*])=O)C)=O)=O)C)=O)=O)CO)=O,O=[Si]=O,,,,1.7323937598229686,10.1007_s12221-019-9120-8_part_1.txt_¶Î1_Material1
O=C(O)C([*])C[*],[*]C(CCCCC(OCCCCO[*])=O)=O,[Fe+3],,,2.740362689494244,10.1016_j.polymer.2016.12.043_part_1.txt_¶Î1_Material1
[*]C(NC1=C(C)C(NC(OCCO[*])=O)=CC=C1)=O,[Au],,,,2.285557309007774,10.1016_j.polymer.2021.123694_part_2.txt_¶Î1_Material1
OCC(C(C(C1N)O)O[*])OC1OC2C(OC(C(C2O)N)[*])CO,[*]C(C(OC1O[*])COC(O[Na])=O)C(O)C1N,,,,2,10.1016_j.carbpol.2019.05.013_part_1.txt_¶Î1_Material1
[*]C(CCCCCO[*])=O,O=C=NC(C=C1)=CC=C1CC2=CC=C(C=C2)N=C=O,,,,3.008600171761917,10.1016_j.eurpolymj.2020.109908_part_2.txt_¶Î1_Material1
O=C(C1=CC=C(C=C1)C(OCC[*])=O)O[*],[*]CC(CCCC(CC)CC([*])C1=CC=CC=C1)C2=CC=CC=C2,,,,1.3010299956639813,10.1007_s12221-014-1531-y_part_1.txt_¶Î1_Material2
[*]OC1C(C(OC(C1O)OC2C3C(C(OC2CO3)[*])O)CO)O,O=C(C(C[*])[*])N,OC1=C2C(C3(O)C4C5C6=C7C8C(C9=CC(C(O)=O)=C(C=C(C=C%10C(O)=O)C%11%12)C(C%11=C%13C%14C%15%16C%17(O%16)C%18C%19=C%20C%21=C%22C(C(O)=C%23)=C%24C%25C%21=C%26C%19=C%27C%17=C%28C%14(O)C%12=C%10C=C%28CC%27=CC%26=CC%25=C(C(O)=O)C=C%24)C9=C7C%13(O)C5=C%15C3=C%18C%29%30C%20(O%30)C%31C%22C%23=C%32)=CC(C(O)=O)=CC8=CC6=C(C(O)=O)C4=C2)=C%29C%33=C%31C%32=C(C(O)=O)C=C%331,,,3.662757831681574,10.1002_adem.201600272_part_1.txt_¶Î1_Material1
OCC1OC(C(C(C1[*])O)O)OC2C(C(C(OC2CO)O[*])O)O,COC1=CC(/C=C/C=O)=CC(OC2=CC(C(C(OC3=CC=C(C=C3OC)C(C(CO)=O)O)CO)O)=CC=C2OC4=CC(C(C(COC5=CC=C(C=C5)C(C(CO)=O)O)=O)O)=CC=C4O)=C1,,,,1.0569048513364727,10.1039_c8ta01986j_part_2.txt_¶Î1_Material1
[*]C(C=C1)=CC=C1S[*],[*]CCC(CCCC(CCCC(C[*])C)C)C,OC(C(C)(CC(C1=CC=CC=C1)[*])CC(C[*])(C(OCC2CO2)=O)C)=O,,,0.8992731873176038,10.1002_app.39610_part_2.txt_¶Î1_Material1
O=C([*])C(C)O[*],[*]C(CCCCC(OCCCCO[*])=O)=O,OP(O)(O)=O,O=[Mg].O=[Si]=O.O=[Si]=O.O=[Si]=O.O=[Si]=O.O=[Mg].O=[Mg].O,,2.1078880251827985,10.3390_polym13050740_part_2.txt_¶Î1_Material1
O=C(O[*])CCCCCCCCCCN[*],O[Si](O)(O[Si](O)(O)O)O.[Al].[Al].O,,,,1.3996737214810382,10.1002_app.39160_part_2.txt_¶Î1_Material1
O=C([*])CCCCCN[*],O=[Al]O[Al]=O.O=[Si]=O.O=[Si]=O.O=[Si]=O,O=[Si]=O,,,1.3010299956639813,10.1016_j.polymer.2010.10.059_part_2.txt_¶Î1_Material1
[*]C(CCCCC(OCCCCO[*])=O)=O,[*]C1C(OC(C(C1O)O)OC2C(OC(C(C2O)O)O[*])CO)CO,,,,2.763727403765698,10.1002_star.201900098_part_1.txt_¶Î1_Material1
[*]C1C(OC(C(C1O)O)OC2C(OC(C(C2O)O)O[*])CO)CO,[*]C([H])([H])C(O)([H])[*],C(CC=O)CC=O,OC(CO)CO,,2.318793504793297,10.1016_j.carbpol.2013.04.011_part_1.txt_¶Î1_Material1
[*]NCC(NC(C(ONCC(NC(C(NCC(NC(C([*])=O)C)=O)=O)C)=O)=O)CO)=O,[Ag],,,,1.1958996524092338,10.1007_s11051-015-2895-7_part_1.txt_¶Î1_Material1
[*]NCC(NC(C(ONCC(NC(C(NCC(NC(C([*])=O)C)=O)=O)C)=O)=O)CO)=O,O=C(C1=CC=C(C=C1)C(OCC[*])=O)O[*],,,,1.2103185198262318,10.1007_s40034-013-0019-4_part_1.txt_¶Î1_Material1
[*]CC([*])Cl,[*]CC(CC=CCC([*])C1=CC=CC=C1)C#N,,,,1.380211241711606,10.1002_pen.22148_part_1.txt_¶Î1_Material1
O=C([*])OC1=CC=C(C=C1)C(C)(C)C2=CC=C(C=C2)O[*],O=C(C1=CC=C(C=C1)C(OCC[*])=O)O[*],O=C=NC(C=C1)=CC=C1CC2=CC=C(C=C2)N=C=O,,,1.3010299956639813,10.3390_ma12010049_part_1.txt_¶Î1_Material1
OP(O)(O)=O,[*]C1C(O)C(O)C(OC2C(O)C(O)C(O[*])OC2COC(C)=O)OC1COC(C)=O,,,,0.8102325179950841,10.1002_app.35351_part_2.txt_¶Î1_Material1
[*]C1C(C(C(OC1C(O[Na])=O)OC2C(C(O[Na])=O)OC(O[*])C(O)C2O)O)O,[*]NCC(NC(C(ONCC(NC(C(NCC(NC(C([*])=O)C)=O)=O)C)=O)=O)CO)=O,Cl[Ca]Cl,,,2.006466042249232,10.1016_j.colsurfb.2018.08.028_part_2.txt_¶Î1_Material3
[*]C(NC1=C(C)C(NC(OCCO[*])=O)=CC=C1)=O,[Mg+2].[OH-].[OH-],,,,3.1398790864012365,10.1177_0731684413488229_part_1.txt_¶Î1_Material1
[*]CC[*],O=C(C1=CC=C(C=C1)C(OCC[*])=O)O[*],[*]CC(C1=CC=CC=C1)[*],,,1.255272505103306,10.1002_pat.1567_part_1.txt_¶Î1_Material3
O=C(C1=CC=C(C=C1)C(OCC[*])=O)O[*],OCC(C(C(C1N)O)O[*])OC1OC2C(OC(C(C2O)N)[*])CO,,,,0.9822712330395684,10.1002_gch2.202000107_part_1.txt_¶Î1_Material1
[*]NC(C(N1CCCC1C(NCC(N2CC(CC2C(NC(C(NCC([*])=O)=O)CO)=O)O)=O)=O)=O)CCCCN,OCC(C(C(C1N)O)O[*])OC1OC2C(OC(C(C2O)N)[*])CO,O=C(C1=COC(C2C(CO)=CCC12)O)OC,,,0.8129133566428556,10.1016_j.materresbull.2012.05.060_part_1.txt_¶Î1_Material1
[*]O[C@H](C)CC([*])=O,[*]C(CCCCCO[*])=O,,,,2.505149978319906,10.1016_j.clay.2012.01.001_part_2.txt_¶Î1_Material1
[*]C(C)C[*],C[Si](C)(C[*])O[*],,,,1.6989700043360187,10.1177_0040517511433148_part_2.txt_¶Î1_Material4
[*]C(CCCCC(OCCCCO[*])=O)=O,[*]C(N(CN(C(OCOC(N(CN(C(OCCO[*])=O)[H])[H])=O)=O)[H])[H])=O,O=C=NC(C=C1)=CC=C1CC2=CC=C(C=C2)N=C=O,,,2.90687353472207,10.4028_www.scientific.net_kem.816.187_part_1.txt_¶Î1_Material1
OCC(C(C(C1N)O)O[*])OC1OC2C(OC(C(C2O)N)[*])CO,[*]C1C(C(C(OC1C(O[Na])=O)OC2C(C(O[Na])=O)OC(O[*])C(O)C2O)O)O,OCC(O)CO,,,1.0086001717619175,10.1021_acsapm.0c00433_part_4.txt_¶Î1_Material1
C=C([CH3])C(=O)O[CH3],[*]CC(C1=CC=CC=C1)[*],[*]CC(CCCC(CC)CC([*])C1=CC=CC=C1)C2=CC=CC=C2,,,0.6989700043360189,10.1166_jnn.2011.3071_part_2.txt_¶Î1_Material6
[*]C1C(O)C(O)C(OC2C(O)C(O)C(O[*])OC2COC(C)=O)OC1COC(C)=O,O=[Ti]=O,,,,0.5658478186735176,10.1007_s12221-021-0282-9_part_1.txt_¶Î1_Material1
[*]C1=C(O)C(C(C)(C)C)=C(O)C(C)=C1SS[*],[S],OC1=C2C(C3(O)C4C5C6=C7C8C(C9=CC(C(O)=O)=C(C=C(C=C%10C(O)=O)C%11%12)C(C%11=C%13C%14C%15%16C%17(O%16)C%18C%19=C%20C%21=C%22C(C(O)=C%23)=C%24C%25C%21=C%26C%19=C%27C%17=C%28C%14(O)C%12=C%10C=C%28CC%27=CC%26=CC%25=C(C(O)=O)C=C%24)C9=C7C%13(O)C5=C%15C3=C%18C%29%30C%20(O%30)C%31C%22C%23=C%32)=CC(C(O)=O)=CC8=CC6=C(C(O)=O)C4=C2)=C%29C%33=C%31C%32=C(C(O)=O)C=C%331,O=C(O)CCCCCCCCCCCCCCCCC,,2.250420002308894,10.1016_j.polymdegradstab.2015.12.022_part_2.txt_¶Î1_Material1
O=C([*])C(C)O[*],[*]CC[*],[*]OCC[*],,,1.146128035678238,10.1080_03602559.2014.909477_part_2.txt_¶Î1_Material2
O=C([*])C(C)O[*],OCC(C(C(C1N)O)O[*])OC1OC2C(OC(C(C2O)N)[*])CO,,,,0.9138138523837168,10.1016_j.compositesb.2016.07.016_part_3.txt_¶Î1_Material1
[*]CC(C#N)[*],[*]C(NC1=C(C)C(NC(OCCO[*])=O)=CC=C1)=O,,,,1.765668554759014,10.1016_j.jcis.2017.08.055_part_2.txt_¶Î1_Material1
[*][C@H]1[C@H](O)[C@@H](O)[C@H](O[C@H]2[C@H]([C@@H](O)[C@H](O[C@H]3[C@H](O)[C@H](O)[C@H](O[C@H]4[C@H](O)[C@H](O)[C@H](O[*])O[C@@H]4CO)O[C@@H]3CO)O[C@@H]2COC(C)=O)O)O[C@@H]1CO,O=C(C(C[*])[*])N,[H]Cl,,,3.0791812460476247,10.1016_j.polymer.2016.09.046_part_1.txt_¶Î1_Material1
C12=C3C(C=CC4C3=C5C(CC6=CC7=C8C9=C(C(C=C%10)=CC=C9C=C7)C%11=C%10C%12)=CC4)=CC=C1C=C%12C%13=C%11C8=C6C5=C2%13,C[Si](C)(C[*])O[*],,,,2.130333768495006,10.3390_nano10020218_part_1.txt_¶Î1_Material1
[*]C(CCCCCO[*])=O,[*]OCCCCOC(CCC([*])=O)=O,CC1(CC(CC(C)(C1)C)N=C=O)CN=C=O,CC1=CC=C(C=C1N=C=O)N=C=O,OCCCCO,2.8543060418010806,10.1007_s00289-016-1833-x_part_1.txt_¶Î1_Material1
O=C([*])C(C)O[*],[*]C1C(OC(C(C1O)O)OC2C(OC(C(C2O)O)O[*])CO)CO,[*]C(CCCCC(OCCCCO[*])=O)=O,OCC(O)CO,[*]C1C(OC(C(C1O)O)OC2C(OC(C(C2O)O)O[*])CO)CO,1,10.4028_www.scientific.net_msf.695.178_part_1.txt_¶Î1_Material2
[*]C(C)C[*],[*]OC(CC(OC(CC([*])=O)CC)=O)C,[*]CC(CC[*])O,,,1.1613680022349748,10.1002_app.37957_part_1.txt_¶Î1_Material1
[*]OC1C(O)C(O)C(OC2C(CO)OC([*])C(O)C2O)OC1CO,[Cu]=O,,,,1.2695129442179165,10.1007_s10570-016-0892-3_part_3.txt_¶Î1_Material1
[*]NC(C(O)=O)CCC([*])=O,CCO[Si](OCC)(OCC)OCC,CO[Si](OC)(OC)CCCOCC1CO1,,,0.5440680443502757,10.1016_j.polymer.2016.03.056_part_2.txt_¶Î1_Material1
[*]C(N(CN(C(OCOC(N(CN(C(OCCO[*])=O)[H])[H])=O)=O)[H])[H])=O,O=[Ti]=O,,,,2.690196080028514,10.1002_app.49898_part_2.txt_¶Î1_Material1
[*]C/C=C/C[*],[*]C1C(OC(C(C1O)O)OC2C(OC(C(C2O)O)O[*])CO)CO,,,,1.6562899011913597,10.1177_0021998316637130_part_3.txt_¶Î1_Material2
[*]CC[*],[*]CC[*],O=P([O-])([O-])[O-].[Ca+2].[Ca+2].[OH-],,,1.656098202012832,10.1002_app.41251_part_2.txt_¶Î1_Material1
O=C(C(C[*])[*])N,OC(C(C)(CC(C1=CC=CC=C1)[*])CC(C[*])(C(OCC2CO2)=O)C)=O,,,,3,10.1007_s13726-018-0634-5_part_2.txt_¶Î1_Material1
[*]CC[*],C=C([CH3])C(=O)OC([CH3])[CH3],,,,1.4771212547196624,10.1002_app.35145_part_1.txt_¶Î1_Material1
[*]C([H])([H])C(O)([H])[*],OCC(C(C(C1N)O)O[*])OC1OC2C(OC(C(C2O)N)[*])CO,[*]NC(C(N1CCCC1C(NCC(N2CC(CC2C(NC(C(NCC([*])=O)=O)CO)=O)O)=O)=O)=O)CCCCN,[*]NC(C(N1CCCC1C(NCC(N2CC(CC2C(NC(C(NCC([*])=O)=O)CO)=O)O)=O)=O)=O)CCCCN,,1.8325089127062364,10.4028_www.scientific.net_kem.840.441_part_1.txt_¶Î1_Material1
[*]C(C)C[*],[*]CCCC(CCCCCC)[*],[*]CCCC(CCCCCC)[*],,,2.936513742478893,10.1016_j.compscitech.2012.06.007_part_2.txt_¶Î1_Material6
[*]CCC(CCCCCC)C[*],,,,,2.406540180433955,10.1007_s10118-012-1159-6_part_1.txt_¶Î1_Material2
OCC(C(C(C1N)O)O[*])OC1OC2C(OC(C(C2O)N)[*])CO,[*]C([H])([H])C(O)([H])[*],[Zn]=O,,,1.2671717284030135,10.1016_j.colsurfa.2019.123821_part_2.txt_¶Î1_Material1
[*]C(NC1=C(C)C(NC(OCCO[*])=O)=CC=C1)=O,O=[Si]=O,[*]CC(C)(C(OCCO)=O)[*],,,2.7535830588929064,10.1007_s00289-021-03677-y_part_4.txt_¶Î1_Material1
[*]C(CCCCCO[*])=O,[*]NC(C(N1CCCC1C(NCC(N2CC(CC2C(NC(C(NCC([*])=O)=O)CO)=O)O)=O)=O)=O)CCCCN,OCC(C(C(C1N)O)O[*])OC1OC2C(OC(C(C2O)N)[*])CO,,,1.9030899869919435,10.1016_j.msec.2019.110618_part_1.txt_¶Î1_Material1
[*]C1=NC2=CC3=C(C=C2O1)OC(C4=CC=C(C=C4)[*])=N3,[*]N1C(C2=CC3=C(C=C2C1=O)C(N(C3=O)C4=CC=C(C=C4)OC5=CC=C(C=C5)[*])=O)=O,,,,1.7168377232995244,10.3390_ma11112131_part_3.txt_¶Î1_Material1
[*]C([H])([H])C(O)([H])[*],OC1=C2C(C3(O)C4C5C6=C7C8C(C9=CC(C(O)=O)=C(C=C(C=C%10C(O)=O)C%11%12)C(C%11=C%13C%14C%15%16C%17(O%16)C%18C%19=C%20C%21=C%22C(C(O)=C%23)=C%24C%25C%21=C%26C%19=C%27C%17=C%28C%14(O)C%12=C%10C=C%28CC%27=CC%26=CC%25=C(C(O)=O)C=C%24)C9=C7C%13(O)C5=C%15C3=C%18C%29%30C%20(O%30)C%31C%22C%23=C%32)=CC(C(O)=O)=CC8=CC6=C(C(O)=O)C4=C2)=C%29C%33=C%31C%32=C(C(O)=O)C=C%331,[Fe]12O[Fe]O[Fe](O2)O1,,,2.374748346010104,10.1016_j.cej.2013.10.055_part_1.txt_¶Î1_Material1
O=C(O[Na])COCC(OC(C(C1O)O)[*])C1OC(C(C(C2O[*])O)O)OC2COCC(O[Na])=O,O=[Ti]=O,,,,1.806179973983887,10.1002_pen.25736_part_2.txt_¶Î1_Material1
[*]CC(CC=CCC([*])C1=CC=CC=C1)C#N,C=C([CH3])C(=O)O[CH3],,,,1.2671717284030135,10.1080_03602550903413979_part_1.txt_¶Î1_Material1
[*]CC[*],[*]OC(CC(OC(CC([*])=O)CC)=O)C,[*]CC(CC[*])O,,,1.2278867046136734,10.1002_app.37957_part_1.txt_¶Î1_Material2
OC1=C(C=CC=C1CC2=CC=CC([*])=C2O)CC3=CC=CC([*])=C3O,,,,,0.6020599913279624,10.1007_s10570-011-9499-x_part_3.txt_¶Î1_Material4
[*]C(N(CN(C(OCOC(N(CN(C(OCCO[*])=O)[H])[H])=O)=O)[H])[H])=O,[*]CC(CC=CCC([*])C1=CC=CC=C1)C#N,,,,2.638888424705076,10.1002_vnl.21601_part_1.txt_¶Î1_Material1
[*]C(NC1=C(C)C(NC(OCCO[*])=O)=CC=C1)=O,[Ag],,,,3.230448921378274,10.1021_acsnano.9b09533_part_5.txt_¶Î1_Material1
[*]C1=C(O)C(C(C)(C)C)=C(O)C(C)=C1SS[*],[*]C(C)C[*],,,,1.5932860670204574,10.1179_1743289811y.0000000042_part_1.txt_¶Î1_Material1
[*]C([H])([H])C(O)([H])[*],OC(CO)CO,CCO,O=S(O)(O)=O,,2.997386384397313,10.1016_j.carbpol.2020.116182_part_1.txt_¶Î1_Material1
O=C([*])C(C)O[*],[Zn]=O,,,,1.110589710299249,10.3390_molecules26071967_part_2.txt_¶Î1_Material2
[*]CC(COC1=CC=C(C=C1)C(C)(C)C2=CC=C(C=C2)O[*])O,[*]C(C)C[*],O=[Si]=O,,,0.9079485216122722,10.1177_0021998316644972_part_2.txt_¶Î1_Material1
[*]C1=C(C=CN2)C2=C([*])C(O)=C1O,[*]C([H])([H])C(O)([H])[*],[*]OCC[*],Cl[Fe](Cl)Cl,OC1=C2C(C3(O)C4C5C6=C7C8C(C9=CC(C(O)=O)=C(C=C(C=C%10C(O)=O)C%11%12)C(C%11=C%13C%14C%15%16C%17(O%16)C%18C%19=C%20C%21=C%22C(C(O)=C%23)=C%24C%25C%21=C%26C%19=C%27C%17=C%28C%14(O)C%12=C%10C=C%28CC%27=CC%26=CC%25=C(C(O)=O)C=C%24)C9=C7C%13(O)C5=C%15C3=C%18C%29%30C%20(O%30)C%31C%22C%23=C%32)=CC(C(O)=O)=CC8=CC6=C(C(O)=O)C4=C2)=C%29C%33=C%31C%32=C(C(O)=O)C=C%331,2.0530784434834195,10.1002_adfm.202103391_part_1.txt_¶Î1_Material1
[*]C(C)C[*],NC1=CC=C(C=C1)/C2=C3C=C/C(N\3)=C(C4=N/C(C=C4)=C(C5=CC=C(N5)/C(C6=CC=CC=C6)=C7N=C2C=C\7)/C8=CC=CC=C8)\C9=CC=CC=C9,O=[Si]=O,,,0.4313637641589873,10.1016_j.compscitech.2010.10.012_part_1.txt_¶Î1_Material1
[*]C([H])([H])C(O)([H])[*],[*]CC(C1=CC=C(C=C1)S(O)(=O)=O)[*],,,,2.279210512601395,10.1002_admt.202000919_part_1.txt_¶Î1_Material1
[*]C(C)C[*],NC1=CC=C(C=C1)/C2=C3C=C/C(N\3)=C(C4=N/C(C=C4)=C(C5=CC=C(N5)/C(C6=CC=CC=C6)=C7N=C2C=C\7)/C8=CC=CC=C8)\C9=CC=CC=C9,NC1=CC=C(C=C1)/C2=C3C=C/C(N\3)=C(C4=N/C(C=C4)=C(C5=CC=C(N5)/C(C6=CC=CC=C6)=C7N=C2C=C\7)/C8=CC=CC=C8)\C9=CC=CC=C9,,,0.9030899869919436,10.1002_pat.5280_part_1.txt_¶Î1_Material1
[*]NC(C)C(N1CCCC1C([*])=O)=O,[*]OC1C(C(O)=O)OC(OC2C(NC(C)=O)C([*])OC(CO)C2O)C(O)C1O,,,,1.3820170425748683,10.1016_j.msec.2013.09.044_part_1.txt_¶Î1_Material1
[*]CC[*],[*]C/C=C/CCC([*])C#N,O=[Ti]=O,,,2.6232492903979003,10.1177_0892705718761557_part_3.txt_¶Î1_Material1
[*]C(C)C[*],[*]CC[*],[*]O[Si](C)(C)[*],,,1.4771212547196624,10.1002_pat.3710_part_2.txt_¶Î1_Material1
[*]C(N(CN(C(OCOC(N(CN(C(OCCO[*])=O)[H])[H])=O)=O)[H])[H])=O,[*]C1=CC=C([*])N1,O=[Si]=O,,,2.462397997898956,10.1002_macp.202000155_part_1.txt_¶Î1_Material2
O=C([*])C(C)O[*],[Cu]=O,,,,0.6794278966121189,10.1002_pc.25182_part_1.txt_¶Î1_Material2
[*]C(C)C[*],C=CC1=CC=CC=C1,,,,0.4996870826184038,10.1002_app.44750_part_1.txt_¶Î1_Material1
[*]NC(C(N1CCCC1C(NCC(N2CC(CC2C(NC(C(NCC([*])=O)=O)CO)=O)O)=O)=O)=O)CCCCN,OCC(C(C(C1N)O)O[*])OC1OC2C(OC(C(C2O)N)[*])CO,OCC(O)CO,,,1.5711262770843115,10.1038_s41598-019-44807-x_part_2.txt_¶Î1_Material1
[*]C1C(O)C(O)C(OC2C(O)C(O)C(O[*])OC2COC(C)=O)OC1COC(C)=O,O=C([*])C1=CC=C(C=C1)OC2=CC=C(C=C2)OC3=CC=C(C=C3)[*],,,,0.5211380837040362,10.1016_j.compositesb.2015.12.008_part_2.txt_¶Î1_Material1
[*]C([C@H](C)OC([C@H](C)O[*])=O)=O,[*]C(CCCCCO[*])=O,[*]OC1C(C(O)=O)OC(OC2C(NC(C)=O)C([*])OC(CO)C2O)C(O)C1O,,,1.3324384599156054,10.1080_10601325.2012.722855_part_1.txt_¶Î1_Material1
[*]C1C(OC(C(C1O)O)OC2C(OC(C(C2O)O)O[*])CO)CO,[*]C([H])([H])C(O)([H])[*],O=[Ti]=O,,,1.1972805581256194,10.1177_0021998312436998_part_1.txt_¶Î1_Material1
[*]C(NC1=C(C)C(NC(OCCO[*])=O)=CC=C1)=O,OC(C(C)(CC(C1=CC=CC=C1)[*])CC(C[*])(C(OCC2CO2)=O)C)=O,,,,2.6532125137753435,10.1021_acs.biomac.9b01255_part_8.txt_¶Î1_Material1
[*]C([H])([H])C(O)([H])[*],OC1=C2C(C3(O)C4C5C6=C7C8C(C9=CC(C(O)=O)=C(C=C(C=C%10C(O)=O)C%11%12)C(C%11=C%13C%14C%15%16C%17(O%16)C%18C%19=C%20C%21=C%22C(C(O)=C%23)=C%24C%25C%21=C%26C%19=C%27C%17=C%28C%14(O)C%12=C%10C=C%28CC%27=CC%26=CC%25=C(C(O)=O)C=C%24)C9=C7C%13(O)C5=C%15C3=C%18C%29%30C%20(O%30)C%31C%22C%23=C%32)=CC(C(O)=O)=CC8=CC6=C(C(O)=O)C4=C2)=C%29C%33=C%31C%32=C(C(O)=O)C=C%331,[K+].[OH-],,,2.903089986991944,10.1016_j.electacta.2014.03.151_part_1.txt_¶Î1_Material1
[*]CCCC(C1C([*])C2CC1C/C2=C/C)C,OC1=C2C(C3(O)C4C5C6=C7C8C(C9=CC(C(O)=O)=C(C=C(C=C%10C(O)=O)C%11%12)C(C%11=C%13C%14C%15%16C%17(O%16)C%18C%19=C%20C%21=C%22C(C(O)=C%23)=C%24C%25C%21=C%26C%19=C%27C%17=C%28C%14(O)C%12=C%10C=C%28CC%27=CC%26=CC%25=C(C(O)=O)C=C%24)C9=C7C%13(O)C5=C%15C3=C%18C%29%30C%20(O%30)C%31C%22C%23=C%32)=CC(C(O)=O)=CC8=CC6=C(C(O)=O)C4=C2)=C%29C%33=C%31C%32=C(C(O)=O)C=C%331,,,,3.221030637316038,10.1016_s0032-3861(20)30763-1_part_1.txt_¶Î1_Material1
[*]C(C)C[*],[*]C1C(OC(C(C1O)O)OC2C(OC(C(C2O)O)O[*])CO)CO,,,,1.1442627737619906,10.1007_s11029-015-9496-5_part_1.txt_¶Î1_Material1
O=C([*])CCCCCCCCCCC(NCCCCCCCCCCN[*])=O,[Ti](OCCCC)(OCCCC)(OCCCC)OCCCC,,,,1.505149978319906,10.1002_app.40064_part_1.txt_¶Î1_Material1
[*]C(CCCCCO[*])=O,[*]OCC[*],CC1(CC(CC(C)(C1)C)N=C=O)CN=C=O,CC(C(=O)O)(CO)CO,CCCC[Sn](OC(CC(C)CCCCCCCC)=O)(OC(CCCCCCCCCCC)=O)CCCC,2.925312091499649,10.1002_app.48847_part_1.txt_¶Î1_Material1
[*]C1C(O)C(O)C(OC2C(O)C(O)C(O[*])OC2COCCO)OC1COCCO,O=C(O)C([*])C[*],[Fe+3],,,3.220108088040055,10.1016_j.eurpolymj.2018.01.002_part_1.txt_¶Î1_Material1
O=C([*])C(C)O[*],C=C([CH3])C(=O)O[CH3],O=C(O)CCCCCCCCCCCCCCCCC,,,1.230448921378274,10.1002_app.42378_part_1.txt_¶Î1_Material1
OP(O)(O)=O,OCC1OC(C(C(C1[*])O)O)OC2C(C(C(OC2CO)O[*])O)O,,,,1.0718820073061257,10.1016_j.carbpol.2018.04.124_part_2.txt_¶Î1_Material1
[*]N1C(C2=CC3=C(C=C2C1=O)C(N(C3=O)C4=CC=C(C=C4)OC5=CC=C(C=C5)[*])=O)=O,C[Si](C)(C[*])O[*],,,,1.3010299956639813,10.1515_epoly-2024-0104_OA_part_2.txt_¶Î1_Material1
O=C([*])C(C)O[*],[*]C(C1=CC=C(C=C1)C(OCCCCOC(C2=CC=C(C=C2)C(OCCCCO[*])=O)=O)=O)=O,O=[Si]=O.O=[Al]O[Al]=O.O=[Si]=O.O=[Si]=O.O=[Si]=O.O,,,1.6794278966121188,10.1002_app.50443_part_1.txt_¶Î1_Material1
[*]C(C)C[*],[*]CC(C1=CC=CC=C1)[*],OCC1OC(C(C(C1[*])O)O)OC2C(C(C(OC2CO)O[*])O)O,[*]CC(CCCC(CC)CC([*])C1=CC=CC=C1)C2=CC=CC=C2,NC1=CC=C(C=C1)/C2=C3C=C/C(N\3)=C(C4=N/C(C=C4)=C(C5=CC=C(N5)/C(C6=CC=CC=C6)=C7N=C2C=C\7)/C8=CC=CC=C8)\C9=CC=CC=C9,0.814913181275074,10.1002_pc.23647_part_1.txt_¶Î1_Material1
[*]CCCC([*])C(OC)=O,OC1=C2C(C3(O)C4C5C6=C7C8C(C9=CC(C(O)=O)=C(C=C(C=C%10C(O)=O)C%11%12)C(C%11=C%13C%14C%15%16C%17(O%16)C%18C%19=C%20C%21=C%22C(C(O)=C%23)=C%24C%25C%21=C%26C%19=C%27C%17=C%28C%14(O)C%12=C%10C=C%28CC%27=CC%26=CC%25=C(C(O)=O)C=C%24)C9=C7C%13(O)C5=C%15C3=C%18C%29%30C%20(O%30)C%31C%22C%23=C%32)=CC(C(O)=O)=CC8=CC6=C(C(O)=O)C4=C2)=C%29C%33=C%31C%32=C(C(O)=O)C=C%331,[Mg]=O,CCCC[Sn](CCCC)(OC(CCCCCCCCCCC)=O)OC(CCCCCCCCCCC)=O,CCCCCCCCCCCCCCCCCCOC(CCC1=CC(C(C)(C)C)=C(C(C(C)(C)C)=C1)O)=O,1.3979400086720375,10.1021_acsomega.1c01727_part_2.txt_¶Î1_Material1
[*]C(C)C[*],[*]CCCC(CCCCCC)[*],[*]C(C)C[*],,,2.740362689494244,10.1016_j.compscitech.2012.06.007_part_2.txt_¶Î1_Material4
O=C([*])C(C)O[*],O=C(C1=CC=C(C([*])=O)C=C1)NC2=CCC(N[*])C=C2,,,,1.6020599913279625,10.3390_polym11020349_part_1.txt_¶Î1_Material1
O=C=NC(C=C1)=CC=C1CC2=CC=C(C=C2)N=C=O,[*]CCCCOCCCCOCCCCOCCCCO[*],OCCCCO,,,3.0791812460476247,10.1021_acs.biomac.9b01255_part_4.txt_¶Î1_Material4
[*]C(CCCCCO[*])=O,[*]C(C(OC(CO[*])=O)C)=O,OCC(C(C(C1N)O)O[*])OC1OC2C(OC(C(C2O)N)[*])CO,[*]NC(C(N1CCCC1C(NCC(N2CC(CC2C(NC(C(NCC([*])=O)=O)CO)=O)O)=O)=O)=O)CCCCN,,2,10.1088_1468-6996_13_3_035002_part_2.txt_¶Î1_Material2
[*]C(C)C[*],C/C(C[*])=C/C[*],[*]NCC(NC(C(ONCC(NC(C(NCC(NC(C([*])=O)C)=O)=O)C)=O)=O)CO)=O,,,1.255272505103306,10.1016_j.compositesa.2010.07.007_part_1.txt_¶Î1_Material2
OCC1OC(C(C(C1[*])O)O)OC2C(C(C(OC2CO)O[*])O)O,OCC(C(C(C1N)O)O[*])OC1OC2C(OC(C(C2O)N)[*])CO,[*]C([H])([H])C(O)([H])[*],[H]O[H],,0.3579348470004537,10.1016_j.carbpol.2019.03.093_part_7.txt_¶Î1_Material1
[*]CC(COC1=CC=C(C=C1)C(C)(C)C2=CC=C(C=C2)O[*])O,[*]C1=C(C=CN2)C2=C([*])C(O)=C1O,,,,0.9138138523837168,10.1016_j.polymdegradstab.2016.04.005_part_4.txt_¶Î1_Material1
OCC1OC(C(C(C1[*])O)O)OC2C(C(C(OC2CO)O[*])O)O,[*]C1C(C(C(OC1C(O[Na])=O)OC2C(C(O[Na])=O)OC(O[*])C(O)C2O)O)O,Cl[Ca]Cl,,,1.0293837776852095,10.1016_j.bej.2013.05.005_part_1.txt_¶Î1_Material1
[*]NCC(NC(C(ONCC(NC(C(NCC(NC(C([*])=O)C)=O)=O)C)=O)=O)CO)=O,O=C(C(C[*])[*])N,,,,3.3521825181113627,10.1016_j.matlet.2019.05.129_part_1.txt_¶Î1_Material1
OCC(C(C(C1N)O)O[*])OC1OC2C(OC(C(C2O)N)[*])CO,[*]NC(C(N1CCCC1C(NCC(N2CC(CC2C(NC(C(NCC([*])=O)=O)CO)=O)O)=O)=O)=O)CCCCN,[Fe]12O[Fe]O[Fe](O2)O1,,,2,10.3390_molecules25010222_part_3.txt_¶Î1_Material2
C[Si](C)(C[*])O[*],CCCC[Sn](OC(CC(C)CCCCCCCC)=O)(OC(CCCCCCCCCCC)=O)CCCC,,,,2.890979596989689,10.1021_acsomega.0c04460_part_1.txt_¶Î1_Material1
[*]C(CCCCCO[*])=O,CCO[Si](OCC)(OCC)OCC,[H]Cl,,,2.1760912590556813,10.1016_j.msec.2014.04.024_part_2.txt_¶Î1_Material1
O=C([*])CCCCCN[*],[*]CC[*],[*]OCC[*],,,1.155336037465062,10.1002_app.34648_part_2.txt_¶Î1_Material1
[*]C(CCCCCO[*])=O,[*]NC(C(N1CCCC1C(NCC(N2CC(CC2C(NC(C(NCC([*])=O)=O)CO)=O)O)=O)=O)=O)CCCCN,[Zn]=O,,,2,10.1016_j.ijpharm.2020.119413_part_2.txt_¶Î1_Material1
[*]CC[*],OCC1OC(C(C(C1[*])O)O)OC2C(C(C(OC2CO)O[*])O)O,C=C([CH3])C(=O)OC([CH3])[CH3],,,1.2671717284030135,10.3390_polym13152564_part_1.txt_¶Î1_Material1
O=C([*])CCCCCN[*],[*]CC[*],[*]CC(CCCC(CC)CC([*])C1=CC=CC=C1)C2=CC=CC=C2,,,1.8826383616960387,10.1002_pen.23866_part_1.txt_¶Î1_Material1
[*]NC(C)C(N1CCCC1C([*])=O)=O,[*]NCC(NC(C(ONCC(NC(C(NCC(NC(C([*])=O)C)=O)=O)C)=O)=O)CO)=O,CCN=C=NCCCN(C)C,ON1C(=O)CCC1=O,,1.581835924057648,10.1002_jbm.a.35268_part_2.txt_¶Î1_Material1
O=C([*])CCCCCN[*],[H][Si]([H])([H])[H],,,,1.6020599913279625,10.1002_pc.22787_part_1.txt_¶Î1_Material1
O=C([*])C(C)O[*],[*]OCCCCOC(CCC([*])=O)=O,[*]C1C(OC(C(C1O)O)OC2C(OC(C(C2O)O)O[*])CO)CO,O=C(O)CCCCCCCCCCCCCCCCC,,2.1760912590556813,10.1016_j.compositesb.2019.107384_part_3.txt_¶Î1_Material1
[*]NC(C(N1CCCC1C(NCC(N2CC(CC2C(NC(C(NCC([*])=O)=O)CO)=O)O)=O)=O)=O)CCCCN,[*]NC(C(N1CCCC1C(NCC(N2CC(CC2C(NC(C(NCC([*])=O)=O)CO)=O)O)=O)=O)=O)CCCCN,CCN=C=NCCCN(C)C,ON1C(=O)CCC1=O,,1.57978359661681,10.1016_j.ijbiomac.2014.06.021_part_2.txt_¶Î1_Material1
[*]C([H])([H])C(O)([H])[*],O=C(O[Na])COCC(OC(C(C1O)O)[*])C1OC(C(C(C2O[*])O)O)OC2COCC(O[Na])=O,[Zn]=O,,,2.216324278686668,10.3390_nano10091797_part_3.txt_¶Î1_Material4
O=C(C1=CC=C(C=C1)C(OCC[*])=O)O[*],O=C([*])OC1=CC=C(C=C1)C(C)(C)C2=CC=C(C=C2)O[*],[*]C/C=C/CCC([*])C#N,[*]C/C=C/CCC([*])C#N,,1.9867717342662448,10.1080_03602559.2013.763349_part_1.txt_¶Î1_Material1
C(C)(C1=CC=C(OCC2CO2)C=C1)(C)C1=CC=C(OCC2CO2)C=C1,C12=CC3=CC4=CC=CN=C4N=C3N=C1N=C5N=C6N=CC=CC6=CC5=C2,[*]C1=CC=C(C=C1)C(N[*])=O,,,0.380211241711606,10.1002_pc.24102_part_1.txt_¶Î1_Material1
[*]CC[*],[*]CCCC([*])OC(C)=O,[*]OCC[*],,,2.0090257420869104,10.11113_jt.v74.4845_part_1.txt_¶Î1_Material1
C/C(C[*])=C/C[*],C/C(C[*])=C/C[*],OC1=C2C(C3(O)C4C5C6=C7C8C(C9=CC(C(O)=O)=C(C=C(C=C%10C(O)=O)C%11%12)C(C%11=C%13C%14C%15%16C%17(O%16)C%18C%19=C%20C%21=C%22C(C(O)=C%23)=C%24C%25C%21=C%26C%19=C%27C%17=C%28C%14(O)C%12=C%10C=C%28CC%27=CC%26=CC%25=C(C(O)=O)C=C%24)C9=C7C%13(O)C5=C%15C3=C%18C%29%30C%20(O%30)C%31C%22C%23=C%32)=CC(C(O)=O)=CC8=CC6=C(C(O)=O)C4=C2)=C%29C%33=C%31C%32=C(C(O)=O)C=C%331,,,2.5258219521566625,10.1007_s10924-016-0817-0_part_1.txt_¶Î1_Material1
[*]OC1C(O)C(O)C(OC2C(CO)OC([*])C(O)C2O)OC1CO,[*]NCC(NC(C(ONCC(NC(C(NCC(NC(C([*])=O)C)=O)=O)C)=O)=O)CO)=O,,,,1.3979400086720375,10.1016_j.carbpol.2016.12.071_part_1.txt_¶Î1_Material1
[*]CC(CCCC(CC)CC([*])C1=CC=CC=C1)C2=CC=CC=C2,[*]CC(CCCC(CC)CC([*])C1=CC=CC=C1)C2=CC=CC=C2,,,,0.99563519459755,10.1002_app.48888_part_3.txt_¶Î1_Material1
[*]N1C(C2=CC3=C(C=C2C1=O)C(N(C3=O)C4=CC=C(C=C4)OC5=CC=C(C=C5)[*])=O)=O,[*]O[Si](C)(C)[*],[Ag],,,1.1442627737619906,10.1016_j.mtcomm.2020.100959_part_1.txt_¶Î1_Material1
[*]C(C)C[*],OC(C(CC(O)=O)(CC(O)=O)O)=O,,,,0.8450980400142568,10.3390_polym12040929_part_2.txt_¶Î1_Material3
[*]C([H])([H])C(O)([H])[*],[*]OCC[*],,,,2.6028735310261824,10.1109_jsen.2020.3027672_part_1.txt_¶Î1_Material1
OCC(C(C(C1N)O)O[*])OC1OC2C(OC(C(C2O)N)[*])CO,[*]C([H])([H])C(O)([H])[*],O=[Si]=O,,,1.7708520116421442,10.5935_0100-4042.20160047_part_1.txt_¶Î1_Material1
O=C([*])C(C)O[*],[Mg]=O,,,,0.5185139398778874,10.3390_molecules26071967_part_2.txt_¶Î1_Material3
[*]NCC(NC(C(ONCC(NC(C(NCC(NC(C([*])=O)C)=O)=O)C)=O)=O)CO)=O,[*]C([H])([H])C(O)([H])[*],,,,1.3424226808222062,10.1007_s12221-020-9428-4_part_1.txt_¶Î1_Material1
[*]C(C)C[*],[*]CCCC([*])OC(C)=O,[*]C1C(OC(C(C1O)O)OC2C(OC(C(C2O)O)O[*])CO)CO,,,1.2960066693136725,10.1177_0095244312439491_part_2.txt_¶Î1_Material1
[*]C([H])([H])C(O)([H])[*],[H]O[H],,,,2.5733358400660675,10.1016_j.carbpol.2010.07.062_part_1.txt_¶Î1_Material1
[*]C1C(OC(C(C1O)O)OC2C(OC(C(C2O)O)O[*])CO)CO,O=C([*])C(C)O[*],O1C(=O)C=CC1=O,,,0.9542425094393248,10.1155_2015_627268_part_1.txt_¶Î1_Material1
O=C([*])C(C)O[*],[*]C1C(OC(C(C1O)O)OC2C(OC(C(C2O)O)O[*])CO)CO,O1C(=O)C=CC1=O,,,1.4129642719966629,10.1155_2015_627268_part_2.txt_¶Î1_Material1
C/C(C[*])=C/C[*],[*]C([H])([H])C(O)([H])[*],C(CC=O)CC=O,,,2.838849090737255,10.1088_1757-899x_553_1_012046_part_2.txt_¶Î1_Material1
[*]C(CCCCCO[*])=O,[*]C(CCCCCO[*])=O,C=C([CH3])C(=O)OC([CH3])[CH3],[H][O-],,2.714664992862537,10.1002_pat.5367_part_2.txt_¶Î1_Material1
[*]C(NC1=C(C)C(NC(OCCO[*])=O)=CC=C1)=O,CCO,,,,2.6848453616444123,10.1016_j.jmbbm.2018.03.025_part_1.txt_¶Î1_Material1
[*]C(NC1=C(C)C(NC(OCCO[*])=O)=CC=C1)=O,[Li]Cl,,,,2.430880946452892,10.1007_s00289-015-1342-3_part_2.txt_¶Î1_Material1
OC1=C2C(C3(O)C4C5C6=C7C8C(C9=CC(C(O)=O)=C(C=C(C=C%10C(O)=O)C%11%12)C(C%11=C%13C%14C%15%16C%17(O%16)C%18C%19=C%20C%21=C%22C(C(O)=C%23)=C%24C%25C%21=C%26C%19=C%27C%17=C%28C%14(O)C%12=C%10C=C%28CC%27=CC%26=CC%25=C(C(O)=O)C=C%24)C9=C7C%13(O)C5=C%15C3=C%18C%29%30C%20(O%30)C%31C%22C%23=C%32)=CC(C(O)=O)=CC8=CC6=C(C(O)=O)C4=C2)=C%29C%33=C%31C%32=C(C(O)=O)C=C%331,[*]CCCC([*])OC(C)=O,O=[Si]=O,,,2.255272505103306,10.1002_pen.23920_part_2.txt_¶Î1_Material1
[*]C([H])([H])C(O)([H])[*],OCC(C(C(C1N)O)O[*])OC1OC2C(OC(C(C2O)N)[*])CO,[*]OCC[*],OCC(O)CO,,1.7160033436347992,10.1016_j.carbpol.2019.115784_part_3.txt_¶Î1_Material1
[*]CC(CC=CCC([*])C1=CC=CC=C1)C#N,O=C(C1=CC=C(C=C1)C(OCC[*])=O)O[*],,,,1.6989700043360187,10.1016_j.apsusc.2017.12.168_part_1.txt_¶Î1_Material1
[*]O[C@H](C)CC([*])=O,CCOC(=O)C(O)(CC(=O)OCC)CC(=O)OCC,,,,0.7634279935629372,10.1002_app.49990_part_2.txt_¶Î1_Material1
[*]C([H])([H])C(O)([H])[*],[*]OCC[*],OCC(C(C(C1N)O)O[*])OC1OC2C(OC(C(C2O)N)[*])CO,,,2.230448921378274,10.3390_nano9070972_part_2.txt_¶Î1_Material1
O=C([*])C(C)O[*],C/C(C[*])=C/C[*],C/C(C[*])=C/C[*],C=C([CH3])C(=O)OC([CH3])[CH3],,0.6989700043360189,10.1002_app.48297_part_1.txt_¶Î1_Material1
O=C([*])C(C)O[*],C/C(C[*])=C/C[*],C=C([CH3])C(=O)OC([CH3])[CH3],,,0.8920946026904804,10.1002_app.48297_part_2.txt_¶Î1_Material1
O=C([*])CCCCCN[*],[Zn]=O,,,,2,10.1002_app.38714_part_1.txt_¶Î1_Material1
[*]C([H])([H])C(O)([H])[*],[*]C1C(C(C(OC1C(O[Na])=O)OC2C(C(O[Na])=O)OC(O[*])C(O)C2O)O)O,Cl[Ca]Cl,,,2.628388930050312,10.1002_app.49987_part_2.txt_¶Î1_Material1
[*]C(N(CN(C(OCOC(N(CN(C(OCCO[*])=O)[H])[H])=O)=O)[H])[H])=O,C[Si](C)(C[*])O[*],,,,2.9858753573083936,10.5254_rct.15.84885_part_1.txt_¶Î1_Material1
[*]C(C)C[*],[*]C(C1=CC=C(C(OCCCCO[*])=O)C=C1)=O,[*]CC(C1=CC=CC=C1)C/C=C/C[*],[*]CC(CCCC(CC)CC([*])C1=CC=CC=C1)C2=CC=CC=C2,,1.845098040014257,10.1007_s13726-021-00963-4_part_3.txt_¶Î1_Material1
FC(F)([*])C([H])([*])[H],[*]C([H])([H])C(O)([H])[*],[*]NC(C)C(N1CCCC1C([*])=O)=O,,,2.5000346539538856,10.15282_jmes.19.1.2025.9.0826_OA_part_2.txt_¶Î1_Material3
O=C([*])C(C)O[*],C12=CC3=CC4=CC=CN=C4N=C3N=C1N=C5N=C6N=CC=CC6=CC5=C2,,,,0.5024271199844327,10.3390_ma14133618_part_1.txt_¶Î1_Material1
O=C([*])OC1=CC=C(C=C1)C(C)(C)C2=CC=C(C=C2)O[*],[H][Si]([H])([H])[H],,,,1.0791812460476249,10.1177_0731684417710107_part_1.txt_¶Î1_Material1
[*]C(C)C[*],[*]CCC(CCCCCC)C[*],O=C([O-])[O-].[Ca+2],,,2,10.1002_pc.23210_part_1.txt_¶Î1_Material1
[*]C(NC1=C(C)C(NC(OCCO[*])=O)=CC=C1)=O,[*]OCC[*],[C],,,2.544068044350276,10.1088_1361-665x_aaaba0_part_3.txt_¶Î1_Material1
CC(CO[*])[*],,,,,1.8882356732705672,10.1002_app.46707_part_1.txt_¶Î1_Material1
O=C([*])C(C)O[*],O=C([*])C(C)O[*],OCC1OC(C(C(C1[*])O)O)OC2C(C(C(OC2CO)O[*])O)O,O=C([*])C(C)O[*],,0.7395723444500919,10.1177_0892705717734600_part_2.txt_¶Î1_Material1
[*]CC(C1=CC=CC=C1)[*],[*]CCCC([*])OC(C)=O,O=[Si]=O,,,1.608526033577194,10.1177_0095244312465301_part_4.txt_¶Î1_Material1
O=C(C1=CC=C(C=C1)C(NC2=CC=C([*])C=C2)=O)NC3=CC=C([*])C=C3,,,,,1.564666064252089,10.1016_j.polymer.2017.11.064_part_1.txt_¶Î1_Material1
[*]C([H])([H])C(O)([H])[*],[*]C(CCCCCO[*])=O,O=[Ti]=O,,,2.3010299956639813,10.1016_j.compositesb.2014.12.028_part_1.txt_¶Î1_Material1
[*]C(NC1=C(C)C(NC(OCCO[*])=O)=CC=C1)=O,CCN=C=NCCCN(C)C,ON1C(=O)CCC1=O,[*]NC(C(N1CCCC1C(NCC(N2CC(CC2C(NC(C(NCC([*])=O)=O)CO)=O)O)=O)=O)=O)CCCCN,[*]OC1C(C(O)=O)OC(OC2C(NC(C)=O)C([*])OC(CO)C2O)C(O)C1O,1.9800033715837464,10.3390_polym13091527_part_2.txt_¶Î1_Material1
O=C(O)C([*])C[*],[*]C([H])([H])C(O)([H])[*],[*]OCC[*],OCC(C(C(C1N)O)O[*])OC1OC2C(OC(C(C2O)N)[*])CO,[*]OC(C(C1O)O)OC(COC)C1OC(OC(C(C2O)OC3OC(C(C(C3OC)O)OC4OC(C(C(C4OC)O)[*])COC)CO)COC)C2OCC(OC)C,2.281033367247728,10.1080_25740881.2020.1811319_part_1.txt_¶Î1_Material1
OCC(C(C(C1N)O)O[*])OC1OC2C(OC(C(C2O)N)[*])CO,OCC1OC(C(C(C1[*])O)O)OC2C(C(C(OC2CO)O[*])O)O,OCC1OC(C(C(C1[*])O)O)OC2C(C(C(OC2CO)O[*])O)O,OCC1OC(C(C(C1[*])O)O)OC2C(C(C(OC2CO)O[*])O)O,,1.4548448600085102,10.1007_s10570-019-02412-1_part_3.txt_¶Î1_Material1
[*]C([H])([H])C(O)([H])[*],[*]CC(C1=CC=CC=C1)[*],O=[Si]=O,,,1.0755469613925308,10.1166_jnn.2018.14213_part_1.txt_¶Î1_Material1
OCC1OC(C(C(C1O[*])O)O)[*],[*]C(CCCCCO[*])=O,,,,1.8388490907372552,10.4028_www.scientific.net_kem.659.19_part_1.txt_¶Î1_Material1
C=C([CH3])C(=O)O[CH3],O=C([*])OC1=CC=C(C=C1)C(C)(C)C2=CC=C(C=C2)O[*],,,,1.9371165107670536,10.1155_2012_457967_part_2.txt_¶Î1_Material2
[*]CC(COC1=CC=C(C=C1)C(C)(C)C2=CC=C(C=C2)O[*])O,[*]CC(C#N)[*],,,,1.1038037209559568,10.1002_app.45218_part_1.txt_¶Î1_Material1
OCC1OC(C(C(C1O[*])O)O)[*],[*]C(N(CN(C(OCOC(N(CN(C(OCCO[*])=O)[H])[H])=O)=O)[H])[H])=O,,,,1.7075701760979365,10.1007_s10570-011-9623-y_part_1.txt_¶Î1_Material1
[*]C/C=C/CCC([*])C#N,[*]C1=CC=C([*])N1,,,,2.096910013008056,10.1002_app.36924_part_2.txt_¶Î1_Material1
[*][C@H]1[C@H](O)[C@@H](O)[C@H](O[C@H]2[C@H]([C@@H](O)[C@H](O[C@H]3[C@H](O)[C@H](O)[C@H](O[C@H]4[C@H](O)[C@H](O)[C@H](O[*])O[C@@H]4CO)O[C@@H]3CO)O[C@@H]2COC(C)=O)O)O[C@@H]1CO,OCC1OC(C(C(C1[*])O)O)OC2C(C(C(OC2CO)O[*])O)O,,,,1.6324572921847242,10.1007_s10570-019-02302-6_part_1.txt_¶Î1_Material1
[*]C([H])([H])C(O)([H])[*],OCC(C(C(C1N)O)O[*])OC1OC2C(OC(C(C2O)N)[*])CO,C(CC=O)CC=O,,,1.414973347970818,10.1016_j.memsci.2012.06.051_part_1.txt_¶Î1_Material2
[*]CC(C#N)[*],[*]CC(COC1=CC=C(C=C1)C(C)(C)C2=CC=C(C=C2)O[*])O,C12=CC3=CC4=CC=CN=C4N=C3N=C1N=C5N=C6N=CC=CC6=CC5=C2,C=C(C(OCC1CO1)=O)C,,1.0962145853464051,10.1002_mame.201600551_part_1.txt_¶Î1_Material1
[*]CC([*])Cl,OCCOC1C(OCCO)C(C(OCCO)COCCOC(CCCCCCCCCCCCCCCCC)=O)OC1,,,,1.0955180423231508,10.1007_s12221-021-0237-1_part_2.txt_¶Î1_Material1
[*]OCCCCOC(CCC([*])=O)=O,CC1=CC(O)=C(C=C1CCCC(C2=C(C=C(C(C(C)(C)C)=C2)O)C)C3=CC(C(C)(C)C)=C(C=C3C)O)C(C)(C)C,,,,1.5717088318086876,10.1016_j.fishres.2019.01.003_part_1.txt_¶Î1_Material1
[*]C/C=C/CCC([*])C#N,C/C(C[*])=C/C[*],[Mg],[Mg],,2.724275869600789,10.1007_s42464-022-00184-1_OA_part_1.txt_¶Î1_Material2
[*]CC(C1=CC=C(C=C1)S(O)(=O)=O)[*],[*]C(NC1=C(C)C(NC(OCCO[*])=O)=CC=C1)=O,,,,2.812913356642856,10.1007_s10853-019-03519-3_part_2.txt_¶Î1_Material1
[*]C(C)C[*],[*]CC(C1=CC=CC=C1)[*],,,,1.5346605758284444,10.1016_j.polymer.2018.05.017_part_1.txt_¶Î1_Material2
OCC1OC(C(C(C1O[*])O)O)[*],,,,,1.7024305364455252,10.1007_s10570-016-0872-7_part_2.txt_¶Î1_Material1
[*]CC[*],OCC(C(C(C1N)O)O[*])OC1OC2C(OC(C(C2O)N)[*])CO,O=[Si]=O.O=[Al]O[Al]=O.O=[Si]=O.O=[Si]=O.O=[Si]=O.O,,,1.1169396465507555,10.3390_ma11020291_part_2.txt_¶Î1_Material2
[*]C1OC2COC(C2OC3C(C(C(C(C3)CO)OS(=O)([O-])=O)O[*])O)C1OS(=O)([O-])=O,[*]C([H])([H])C(O)([H])[*],C(CC=O)CC=O,OCC(O)CO,[H]Cl,1.414973347970818,10.1080_10601325.2014.882687_part_2.txt_¶Î1_Material1
[*]CC[*],[*]CC[*],[*]C1C(OC(C(C1O)O)OC2C(OC(C(C2O)O)O[*])CO)CO,,,1.0293837776852095,10.1016_j.carbpol.2015.12.057_part_3.txt_¶Î1_Material1
[*]C1C(O)C(O)C(OC2C(O)C(O)C(O[*])OC2COCCO)OC1COCCO,O=C(O)C([*])C[*],[Fe+3],OS(=O)(OOS(O)(=O)=O)=O.N.N,,3.220108088040055,10.1016_j.eurpolymj.2018.01.002_part_2.txt_¶Î1_Material1
[*]C([H])([H])C(O)([H])[*],O=C(O[Na])COCC(OC(C(C1O)O)[*])C1OC(C(C(C2O[*])O)O)OC2COCC(O[Na])=O,OC(C(CC(O)=O)(CC(O)=O)O)=O,OCC(O)CO,,1.488973524726508,10.1007_s00289-021-03762-2_part_3.txt_¶Î1_Material1
[*]C1=C(O)C(C(C)(C)C)=C(O)C(C)=C1SS[*],[*]/C=C\CC/C=C\CC(CC([*])C1=CC=CC=C1)C2=CC=CC=C2,,,,2.8055008581584,10.1002_app.38170_part_2.txt_¶Î1_Material1
O=C([*])C(C)O[*],[*]CC[*],OCC(C(C(C1N)O)O[*])OC1OC2C(OC(C(C2O)N)[*])CO,[*]CC[*],,0.7291647896927701,10.1080_00222348.2017.1280742_part_1.txt_¶Î1_Material1
[*]NCC(NC(C(ONCC(NC(C(NCC(NC(C([*])=O)C)=O)=O)C)=O)=O)CO)=O,Cl[Ca]Cl,,,,0.7693773260761385,10.3390_ijms19113309_part_2.txt_¶Î1_Material1
[*]C([H])([H])C(O)([H])[*],[*]C(C(C1O)O)OCC1OC(C(C2O)OC(C)=O)OCC2OC(OCC(C3O)OC4OCC(C(C4O)OC(C)=O)OC5OCC(C(C5OC(C)=O)OC(C)=O)[*])C3OC(C(C(C6OC)O)O)OC6C([O-])=O,OC(C(CC(O)=O)(CC(O)=O)O)=O,,,2.397070549959409,10.1016_j.carbpol.2013.12.030_part_1.txt_¶Î1_Material1
[*]O[C@H](C)CC([*])=O,CCCCCCCCCCCCCCCCCCOC(CCC1=CC(C(C)(C)C)=C(C(C(C)(C)C)=C1)O)=O,,,,0.7993405494535817,10.1002_app.49713_part_2.txt_¶Î1_Material1
O=C(O[Na])COCC1OC(OC2C(COCC(O[Na])=O)OC([*])C(O)C2O)C(O)C(O)C1O[*],[*]CC([*])N1CCCC1=O,OC(CO)CO,,,1.4958217533859055,10.5582_ddt.2016.01034_part_1.txt_¶Î1_Material1
C/C(C[*])=C/C[*],[*]C(C)C[*],O=[Si]=O,,,2.127104798364808,10.1002_pc.22331_part_2.txt_¶Î1_Material1
O=C([*])C(C)O[*],O=[Al]O[Al]=O.O=[Si]=O.O=[Si]=O.O=[Si]=O,OCC1OC(OC2C(O)C(O)C(O[*])OC2CO)C(O)C(O)C1[*],,,1,10.4028_www.scientific.net_amr.1125.271_part_1.txt_¶Î1_Material1
[*]C(CCCCCO[*])=O,[*]N1C(C2=CC3=C(C=C2C1=O)C(N(C3=O)C4=CC=C(C=C4)OC5=CC=C(C=C5)[*])=O)=O,[*]CC(COC1=CC=C(C=C1)C(C)(C)C2=CC=C(C=C2)O[*])O,,,0.7403626894942439,10.1039_c6py01933a_part_1.txt_¶Î1_Material1
[*]C(CCCCCO[*])=O,[*]CCCCO[*],CC1(CC(CC(C)(C1)C)N=C=O)CN=C=O,,,3.322219294733919,10.1007_s10965-019-1795-4_part_2.txt_¶Î1_Material1
O=C([*])C(C)O[*],[*]NC(C(N1CCCC1C(NCC(N2CC(CC2C(NC(C(NCC([*])=O)=O)CO)=O)O)=O)=O)=O)CCCCN,,,,2.0629578340845103,10.1016_j.compositesb.2020.108467_part_4.txt_¶Î1_Material1
O=C([*])CCCCCN[*],O=P([O-])([O-])[O-].[Ca+2].[Ca+2].[OH-],,,,1.14921911265538,10.1166_jnn.2011.3955_part_1.txt_¶Î1_Material1
O=C([*])OC1=CC=C(C=C1)C(C)(C)C2=CC=C(C=C2)O[*],O=C([*])C(C)O[*],,,,1.8075350280688527,10.1016_j.compositesb.2017.07.030_part_1.txt_¶Î1_Material2
O=C([*])C(C)O[*],[*]CC[*],,,,1.1846914308175989,10.4028_www.scientific.net_amm.754-755.54_part_1.txt_¶Î1_Material1
[*]C(C=C1)=CC=C1S[*],[*]OCC[*],,,,1.5538830266438743,10.1016_j.memsci.2017.02.040_part_2.txt_¶Î1_Material1
[*]CCCC(C1C([*])C2CC1C/C2=C/C)C,[*]C(C)C[*],OC1=C2C(C3(O)C4C5C6=C7C8C(C9=CC(C(O)=O)=C(C=C(C=C%10C(O)=O)C%11%12)C(C%11=C%13C%14C%15%16C%17(O%16)C%18C%19=C%20C%21=C%22C(C(O)=C%23)=C%24C%25C%21=C%26C%19=C%27C%17=C%28C%14(O)C%12=C%10C=C%28CC%27=CC%26=CC%25=C(C(O)=O)C=C%24)C9=C7C%13(O)C5=C%15C3=C%18C%29%30C%20(O%30)C%31C%22C%23=C%32)=CC(C(O)=O)=CC8=CC6=C(C(O)=O)C4=C2)=C%29C%33=C%31C%32=C(C(O)=O)C=C%331,C=CCN1C(=O)N(CC=C)C(=O)N(CC=C)C1=O,,2.662757831681574,10.3139_217.3817_part_1.txt_¶Î1_Material1
[*]C1OC2COC(C2OC3C(C(C(C(C3)CO)OS(=O)([O-])=O)O[*])O)C1OS(=O)([O-])=O,O=C(O[Na])COCC1OC(OC2C(COCC(O[Na])=O)OC([*])C(O)C2O)C(O)C(O)C1O[*],[*]C1C(OC(C(C1O)O)OC2C(OC(C(C2O)O)O[*])CO)CO,,,0.5198279937757188,10.1039_d1nj01806j_part_2.txt_¶Î1_Material1
[*]C(C)C[*],O=[Al]O[Al]=O,,,,1.2286569581089353,10.4028_www.scientific.net_msf.727-728.1729_part_1.txt_¶Î1_Material1
[*]C(NC1=C(C)C(NC(OCCO[*])=O)=CC=C1)=O,[Zn]=O,[Mg],,,2.510545010206612,10.1021_acsanm.9b01540_part_4.txt_¶Î1_Material1
[*]C(CCCCCO[*])=O,[Na+].[Cl-],O=C(OOC(=O)C1=CC=CC=C1)C1=CC=CC=C1,,,2.034508136779169,10.1007_s10965-016-1044-z_part_2.txt_¶Î1_Material1
[*]C([H])([H])C(O)([H])[*],OCC1OC(C(C(C1[*])O)O)OC2C(C(C(OC2CO)O[*])O)O,[*]OCC[*],,,2.370698092575577,10.1007_s10924-020-01881-x_part_1.txt_¶Î1_Material1
OCC1OC(C(C(C1[*])O)O)OC2C(C(C(OC2CO)O[*])O)O,OC(C(C)(CC(C1=CC=CC=C1)[*])CC(C[*])(C(OCC2CO2)=O)C)=O,,,,1,10.1007_s10570-015-0798-5_part_6.txt_¶Î1_Material1
[*]C1C(O)C(O)C(OC2C(O)C(O)C(O[*])OC2COC(C)=O)OC1COC(C)=O,OCC1OC(C(C(C1[*])O)O)OC2C(C(C(OC2CO)O[*])O)O,,,,0.5910646070264992,10.1016_j.compositesa.2013.11.010_part_1.txt_¶Î1_Material1
[*]C/C=C/CCC([*])C#N,COC1=CC(/C=C/C=O)=CC(OC2=CC(C(C(OC3=CC=C(C=C3OC)C(C(CO)=O)O)CO)O)=CC=C2OC4=CC(C(C(COC5=CC=C(C=C5)C(C(CO)=O)O)=O)O)=CC=C4O)=C1,,,,2.662757831681574,10.1002_app.42922_part_2.txt_¶Î1_Material1
OCC(C(C(C1N)O)O[*])OC1OC2C(OC(C(C2O)N)[*])CO,[H]C(=O)/C([H])=C(\[H])C1=CC=CC=C1,,,,0.9542425094393248,10.1016_j.measurement.2016.05.012_part_1.txt_¶Î1_Material1
OCC(C(C(C1N)O)O[*])OC1OC2C(OC(C(C2O)N)[*])CO,[*]C([H])([H])C(O)([H])[*],C1OC1C[N+]([CH3])([CH3])[CH3].[Cl-],,,1.1482940974347458,10.1007_s13233-018-6127-8_part_2.txt_¶Î1_Material1
[*]OC(CC(OC(CC([*])=O)CC)=O)C,[*]C(N(CN(C(OCOC(N(CN(C(OCCO[*])=O)[H])[H])=O)=O)[H])[H])=O,,,,2.204119982655925,10.3390_ijms19072102_part_2.txt_¶Î1_Material1
O=C([*])C(C)O[*],[*]NCC(NC(C(ONCC(NC(C(NCC(NC(C([*])=O)C)=O)=O)C)=O)=O)CO)=O,,,,0.6603910984024671,10.3144_expresspolymlett.2020.76_part_3.txt_¶Î1_Material1
[*]CC[*],OCC(C(C(C1N)O)O[*])OC1OC2C(OC(C(C2O)N)[*])CO,C=C([CH3])C(=O)OC([CH3])[CH3],,,1,10.1016_j.heliyon.2020.e05280_part_1.txt_¶Î1_Material1
[*]C(CCCCCO[*])=O,[*]OCC[*],,,,2.4913616938342726,10.1007_s10965-016-1028-z_part_1.txt_¶Î1_Material1
[*]CC([*])Cl,[*]C(NC1=C(C)C(NC(OCCO[*])=O)=CC=C1)=O,,,,2.3010299956639813,10.1177_0307174x1203900107_part_1.txt_¶Î1_Material1
C[Si](O[*])(C)[*],[*]CC(C#N)[*],OC1=C2C(C3(O)C4C5C6=C7C8C(C9=CC(C(O)=O)=C(C=C(C=C%10C(O)=O)C%11%12)C(C%11=C%13C%14C%15%16C%17(O%16)C%18C%19=C%20C%21=C%22C(C(O)=C%23)=C%24C%25C%21=C%26C%19=C%27C%17=C%28C%14(O)C%12=C%10C=C%28CC%27=CC%26=CC%25=C(C(O)=O)C=C%24)C9=C7C%13(O)C5=C%15C3=C%18C%29%30C%20(O%30)C%31C%22C%23=C%32)=CC(C(O)=O)=CC8=CC6=C(C(O)=O)C4=C2)=C%29C%33=C%31C%32=C(C(O)=O)C=C%331,O=[Si]=O,,1.146128035678238,10.4028_www.scientific.net_amr.399-401.403_part_1.txt_¶Î1_Material1
[*]NCC(NC(C(ONCC(NC(C(NCC(NC(C([*])=O)C)=O)=O)C)=O)=O)CO)=O,CC(NC(C([*])C)=O)C(NC(C)C(NC(C)C(N[*])=O)=O)=O,[H]O[H],,,1.4871383754771863,10.1039_c9qm00282k_part_1.txt_¶Î1_Material1
[*]C(N(CN(C(OCOC(N(CN(C(OCCO[*])=O)[H])[H])=O)=O)[H])[H])=O,[*]C(NC1=C(C)C(NC(OCCO[*])=O)=CC=C1)=O,,,,2.4424797690644486,10.1002_app.39670_part_2.txt_¶Î1_Material1
[*]C(CCCCCO[*])=O,[*]NC(C(N1CCCC1C(NCC(N2CC(CC2C(NC(C(NCC([*])=O)=O)CO)=O)O)=O)=O)=O)CCCCN,OCCOC1C(OCCO)C(C(OCCO)COCCOC(CCCCCCCCCCCCCCCCC)=O)OC1,,,1.7331972651065697,10.1002_app.48713_part_2.txt_¶Î1_Material1
O=C(C1=CC=C(C=C1)C(OCC[*])=O)O[*],[*]CC(COC1=CC=C(C=C1)C(C)(C)C2=CC=C(C=C2)O[*])O,OC(C(C)(CC(C1=CC=CC=C1)[*])CC(C[*])(C(OCC2CO2)=O)C)=O,,,0.8450980400142568,10.3390_app9234987_part_1.txt_¶Î1_Material1
[*]C(CCCCCO[*])=O,OCC(C(C(C1N)O)O[*])OC1OC2C(OC(C(C2O)N)[*])CO,[*]OC1C(C(O)=O)OC(OC2C(NC(C)=O)C([*])OC(CO)C2O)C(O)C1O,[*]C1C(C(C(OC1C(O[Na])=O)OC2C(C(O[Na])=O)OC(O[*])C(O)C2O)O)O,,1,10.1002_app.50253_part_1.txt_¶Î1_Material1
OC(C(C1OC2OC(C(C(C2O)O)OC3OC(C(C(C3O)O)O)COC4OC(C(C(C4O)O)OC5OC(C(C(C5O)O)OC6OC(C(C(C6O)O[*])O)C)CO)CO)CO)O[*])COC1CO,OCC1OC(C(C(C1[*])O)O)OC2C(C(C(OC2CO)O[*])O)O,,,,1.0969100130080565,10.1007_s10570-012-9673-9_part_2.txt_¶Î1_Material1
OCC1OC(C(C(C1[*])O)O)OC2C(C(C(OC2CO)O[*])O)O,[Mg],[Ca+2],,,0.7558748556724915,10.1007_s10570-017-1535-z_part_2.txt_¶Î1_Material1
OCC1OC(C(C(C1[*])O)O)OC2C(C(C(OC2CO)O[*])O)O,OC1=C2C(C3(O)C4C5C6=C7C8C(C9=CC(C(O)=O)=C(C=C(C=C%10C(O)=O)C%11%12)C(C%11=C%13C%14C%15%16C%17(O%16)C%18C%19=C%20C%21=C%22C(C(O)=C%23)=C%24C%25C%21=C%26C%19=C%27C%17=C%28C%14(O)C%12=C%10C=C%28CC%27=CC%26=CC%25=C(C(O)=O)C=C%24)C9=C7C%13(O)C5=C%15C3=C%18C%29%30C%20(O%30)C%31C%22C%23=C%32)=CC(C(O)=O)=CC8=CC6=C(C(O)=O)C4=C2)=C%29C%33=C%31C%32=C(C(O)=O)C=C%331,OC1=C2C(C3(O)C4C5C6=C7C8C(C9=CC(C(O)=O)=C(C=C(C=C%10C(O)=O)C%11%12)C(C%11=C%13C%14C%15%16C%17(O%16)C%18C%19=C%20C%21=C%22C(C(O)=C%23)=C%24C%25C%21=C%26C%19=C%27C%17=C%28C%14(O)C%12=C%10C=C%28CC%27=CC%26=CC%25=C(C(O)=O)C=C%24)C9=C7C%13(O)C5=C%15C3=C%18C%29%30C%20(O%30)C%31C%22C%23=C%32)=CC(C(O)=O)=CC8=CC6=C(C(O)=O)C4=C2)=C%29C%33=C%31C%32=C(C(O)=O)C=C%331,,,1.740362689494244,10.1007_s10570-014-0401-5_part_2.txt_¶Î1_Material1
[*]C([H])([H])C(O)([H])[*],[*]C([H])([H])C(O)([H])[*],OCC(O)CO,,,2.4471580313422194,10.1007_s00396-011-2556-z_part_1.txt_¶Î1_Material1
CC(NC1C([C@@H](C(O[C@H]1O[*])CO)O[C@@H]2OC([C@H]([C@@H](C2NC(C)=O)O)[*])CO)O)=O,Cl[Ca]Cl,[H]O[H],,,1.977723605288848,10.1007_s10570-015-0654-7_part_1.txt_¶Î1_Material1
O=C([*])C(C)O[*],OP(O)(O)=O,O=C([*])C(C)O[*],O=[Mg].O=[Si]=O.O=[Si]=O.O=[Si]=O.O=[Si]=O.O=[Mg].O=[Mg].O,,0.505149978319906,10.3390_polym13152531_part_3.txt_¶Î1_Material2
[*]C([H])([H])C(O)([H])[*],[*]CC([*])Cl,[*]OCC[*],,,1.7315887651867388,10.1002_pi.6224_part_3.txt_¶Î1_Material1
C=C([CH3])C(=O)O[CH3],[*]C1C(OC(C(O)C1O)OC2C(O)C(O)C(OC2C(O[Na])=O)O[*])C(O[Na])=O,,,,0.6989700043360189,10.1007_s10570-018-1725-3_part_2.txt_¶Î1_Material1
[*]CC[*],[*]C1C(OC(C(C1O)O)OC2C(OC(C(C2O)O)O[*])CO)CO,OC1=C2C(C3(O)C4C5C6=C7C8C(C9=CC(C(O)=O)=C(C=C(C=C%10C(O)=O)C%11%12)C(C%11=C%13C%14C%15%16C%17(O%16)C%18C%19=C%20C%21=C%22C(C(O)=C%23)=C%24C%25C%21=C%26C%19=C%27C%17=C%28C%14(O)C%12=C%10C=C%28CC%27=CC%26=CC%25=C(C(O)=O)C=C%24)C9=C7C%13(O)C5=C%15C3=C%18C%29%30C%20(O%30)C%31C%22C%23=C%32)=CC(C(O)=O)=CC8=CC6=C(C(O)=O)C4=C2)=C%29C%33=C%31C%32=C(C(O)=O)C=C%331,,,1.6398847419163043,10.1177_0967391120976270_part_2.txt_¶Î1_Material3
OCC1OC(C(C(C1[*])O)O)OC2C(C(C(OC2CO)O[*])O)O,[*]C(CCCCCO[*])=O,OC(C(C)(CC(C1=CC=CC=C1)[*])CC(C[*])(C(OCC2CO2)=O)C)=O,,,1.162564406523019,10.1007_s10570-021-04100-5_part_3.txt_¶Î1_Material1
[*]C1C(C(C(OC1C(O[Na])=O)OC2C(C(O[Na])=O)OC(O[*])C(O)C2O)O)O,OCC(C(C(C1N)O)O[*])OC1OC2C(OC(C(C2O)N)[*])CO,[Ag+],,,1.376576957056512,10.1039_c2ra00006g_part_2.txt_¶Î1_Material1
COC(C(C[*])([*])C)=O,[*]C(CCCCC(OCCCCO[*])=O)=O,O=C(O)C([*])C[*],,,2.6344772701607315,10.1080_03602559.2011.574665_part_1.txt_¶Î1_Material1
[*]C(C)C[*],[*]CCC(CCCC(CCCC(C[*])C)C)C,CO[Si](OC)(OC)CCCOCC1CO1,,,1.7109631189952756,10.1007_s10965-017-1291-7_part_2.txt_¶Î1_Material1
[*]C(CCCCCO[*])=O,[*]OCC[*],[H][O-],,,2.374748346010104,10.1002_pat.4016_part_2.txt_¶Î1_Material1
OP(O)(O)=O,[*]NCC(NC(C(ONCC(NC(C(NCC(NC(C([*])=O)C)=O)=O)C)=O)=O)CO)=O,OCC1OC(C(C(C1[*])O)O)OC2C(C(C(OC2CO)O[*])O)O,,,1.089905111439398,10.4188_jte.57.1_part_1.txt_¶Î1_Material1
[*]NC(C(N1CCCC1C(NCC(N2CC(CC2C(NC(C(NCC([*])=O)=O)CO)=O)O)=O)=O)=O)CCCCN,O=C(O[Na])COCC1OC(OC2C(COCC(O[Na])=O)OC([*])C(O)C2O)C(O)C(O)C1O[*],,,,1.2382970678753935,10.1016_j.ijbiomac.2018.06.121_part_3.txt_¶Î1_Material1
O=C(CCCCC(N(CCCCCCN([*])[H])[H])=O)[*],S=[Mo]=S,[C],,,1.3521825181113625,10.1002_pen.23428_part_1.txt_¶Î1_Material1
[*]C([H])([H])C(O)([H])[*],[*]C1C(C(C(OC1C(O[Na])=O)OC2C(C(O[Na])=O)OC(O[*])C(O)C2O)O)O,[Fe+3],,,2.6989700043360187,10.1002_marc.202000127_part_1.txt_¶Î1_Material1
[*]CC([*])Cl,[*]CC(C(OC)=O)(CC(C/C=C/CCC(C1=CC=CC=C1)[*])C#N)C,[*]CC(C1=CC=CC=C1)C/C=C/C[*],,,2.1398790864012365,10.1002_app.47721_part_2.txt_¶Î1_Material1
[*]C(CCCCCO[*])=O,[*]C(CCCCCO[*])=O,,,,2,10.1016_j.ijbiomac.2021.05.163_part_2.txt_¶Î1_Material1
[*]NC(C(N1CCCC1C(NCC(N2CC(CC2C(NC(C(NCC([*])=O)=O)CO)=O)O)=O)=O)=O)CCCCN,OCC(O)CO,CCCCCCCCCCCCOS([O-])(=O)=O.[Na+],,,1.414973347970818,10.1155_2015_763931_part_1.txt_¶Î1_Material1
[*]CC(C1=CC=C(C=C1)S(O)(=O)=O)[*],O=C(C(C[*])[*])N,O=S([CH3])[CH3],,,2.8195439355418688,10.1021_acsami.9b00314_part_5.txt_¶Î1_Material1
[*]C(N(CN(C(OCOC(N(CN(C(OCCO[*])=O)[H])[H])=O)=O)[H])[H])=O,C=CC(OCCCC)=O,,,,2.2196892890858044,10.1007_s00289-018-2294-1_part_3.txt_¶Î1_Material1
[*]C([H])([H])C(O)([H])[*],O=[Ti]=O,OCC(O)CO,,,2.589949601325708,10.4028_www.scientific.net_amm.320.611_part_1.txt_¶Î1_Material1
O=C([*])OC1=CC=C(C=C1)C(C)(C)C2=CC=C(C=C2)O[*],NC1=NC2=C(N=CN2C2O[C@H](COP(=O)(O)OP(=O)(O)O)[C@H](O)[C@@H]2O)C(=O)N1,,,,1.4941545940184429,10.1016_j.compscitech.2019.107862_part_2.txt_¶Î1_Material1
[*]C(C1=CC=C(C(OCCCCO[*])=O)C=C1)=O,O=[Al]O[Al]=O.O=[Si]=O.O=[Si]=O.O=[Si]=O,,,,1.714329759745233,10.1016_j.tca.2013.06.019_part_4.txt_¶Î1_Material1
[*]C([C@H](C)OC([C@H](C)O[*])=O)=O,[*]C(N(CN(C(OCOC(N(CN(C(OCCO[*])=O)[H])[H])=O)=O)[H])[H])=O,,,,1.3224260524059526,10.1002_pat.3382_part_1.txt_¶Î1_Material1
[*]C1C(C(C(OC1C(O[Na])=O)OC2C(C(O[Na])=O)OC(O[*])C(O)C2O)O)O,Cl[Ca]Cl,OCC(O)CO,,,1.323870606540509,10.1088_1757-899x_509_1_012063_part_1.txt_¶Î1_Material1
[*]C/C=C/CCC([*])C#N,[*]CC([*])Cl,,,,2.204119982655925,10.1007_s10973-019-09194-5_part_1.txt_¶Î1_Material1
[*]CC(COC1=CC=C(C=C1)C(C)(C)C2=CC=C(C=C2)O[*])O,C[Si](C)(C[*])O[*],[Zn]=O,,,0.5563025007672873,10.1002_pat.4656_part_2.txt_¶Î1_Material2
[*]C(NC1=C(C)C(NC(OCCO[*])=O)=CC=C1)=O,[*]CC(C)(C(OCCO)=O)[*],,,,1.88309335857569,10.1007_s11998-016-9906-1_part_2.txt_¶Î1_Material1
[*]CC(C1=CC=CC=C1)[*],[*]C(C)C[*],[*]C([H])([H])C(O)([H])[*],,,1.2671717284030135,10.3390_ma12182923_part_2.txt_¶Î1_Material1
[*]OCCOC(CC(C([*])=O)C(C1CCCCC1)CC(CC(O)=O)C(OCCO)=O)=O,C=C(C)C(=O)OCC(O)COC1=CC=C(C(C2=CC=C(O)C=C2)(C)C)C=C1,C=C([CH3])C(=O)O[CH3],,,1.1139433523068367,10.1016_j.polymertesting.2019.106193_part_1.txt_¶Î1_Material1
[*]C(C)C[*],[Fe],O=[Si]=O,,,0.3010299956639812,10.3390_ma13081827_part_4.txt_¶Î1_Material1
O=C([*])C(C)O[*],[*]CCC(CCCCCC)C[*],O1C(=O)C=CC1=O,,,1.9319661147281728,10.1007_s10965-019-1764-y_part_1.txt_¶Î1_Material1
[*]CC(COC1=CC=C(C=C1)C(C)(C)C2=CC=C(C=C2)O[*])O,[*]CC(CC=CCC([*])C1=CC=CC=C1)C#N,,,,0.724275869600789,10.1039_c8nj05653f_part_4.txt_¶Î1_Material1
[*]C([C@H](C)OC([C@H](C)O[*])=O)=O,[*]C(N(CN(C(OCOC(N(CN(C(OCCO[*])=O)[H])[H])=O)=O)[H])[H])=O,[*]O[C@@]([H])(C)C(O[C@](C)([H])C([*])=O)=O,,,1.1583624920952498,10.1021_acssuschemeng.5b00816_part_2.txt_¶Î1_Material1
C[Si](C)(C[*])O[*],[Ag+],,,,2.1451342263614945,10.1088_2053-1591_ab5b4b_part_1.txt_¶Î1_Material1
O=C([*])OC1=CC=C(C=C1)C(C)(C)C2=CC=C(C=C2)O[*],[Al],,,,1.841359470454855,10.1016_j.jmapro.2018.07.021_part_3.txt_¶Î1_Material1
O=C([*])C(C)O[*],[*]CCCC([*])OC(C)=O,O=[Si]=O,,,1.021189299069938,10.1016_j.polymertesting.2020.106735_part_2.txt_¶Î1_Material2
[*]C/C=C/CCC([*])C#N,[*]CC([*])N1CCCC1=O,O=[Si]=O,,,2.740362689494244,10.1016_j.coco.2017.08.002_part_1.txt_¶Î1_Material1
O=C([*])C(C)O[*],[*]CCCC([*])OC(C)=O,O=[Ti]=O,,,1,10.1007_s10924-021-02220-4_part_3.txt_¶Î1_Material1
[*]CC[*],O=C1C=CC(O1)=O.C=C,O=C1C=CC(O1)=O.C=C,,,1.4440447959180762,10.1016_j.indcrop.2018.04.075_part_1.txt_¶Î1_Material3
O=C([*])CCCCCN[*],[*]CC(C#N)[*],,,,1.1760912590556811,10.1016_j.cej.2011.08.050_part_1.txt_¶Î1_Material1
OCC1OC(C(C(C1[*])O)O)OC2C(C(C(OC2CO)O[*])O)O,[H][O-],O=C(N)N,Cl[Ca]Cl,[H]Cl,0.2810333672477275,10.4028_www.scientific.net_kem.800.138_part_1.txt_¶Î1_Material1
[*]C(C)C[*],[*]CC(C1=CC=CC=C1)C/C=C/C[*],OC1=C2C(C3(O)C4C5C6=C7C8C(C9=CC(C(O)=O)=C(C=C(C=C%10C(O)=O)C%11%12)C(C%11=C%13C%14C%15%16C%17(O%16)C%18C%19=C%20C%21=C%22C(C(O)=C%23)=C%24C%25C%21=C%26C%19=C%27C%17=C%28C%14(O)C%12=C%10C=C%28CC%27=CC%26=CC%25=C(C(O)=O)C=C%24)C9=C7C%13(O)C5=C%15C3=C%18C%29%30C%20(O%30)C%31C%22C%23=C%32)=CC(C(O)=O)=CC8=CC6=C(C(O)=O)C4=C2)=C%29C%33=C%31C%32=C(C(O)=O)C=C%331,C=CCN1C(=O)N(CC=C)C(=O)N(CC=C)C1=O,,2.7868223794991875,10.1002_app.41543_part_2.txt_¶Î1_Material1
[*]C(CCCCCO[*])=O,[*]C(NC1=C(C)C(NC(OCCO[*])=O)=CC=C1)=O,,,,2.1522883443830563,10.1088_1748-605x_aad4b5_part_4.txt_¶Î1_Material1
[*]C1C(C(C(OC1C(O[Na])=O)OC2C(C(O[Na])=O)OC(O[*])C(O)C2O)O)O,[Ag+],,,,1.083860800866573,10.1111_1750-3841.13865_part_2.txt_¶Î1_Material1
[*]C([H])([H])C(O)([H])[*],[*]OC1C(C(OC(C1O)OC2C3C(C(OC2CO3)[*])O)CO)O,O=C(O)C([*])C[*],OS(=O)(OOS(O)(=O)=O)=O.N.N,,1.869231719730976,10.1002_pen.25037_part_1.txt_¶Î1_Material1
O=C(O[Na])COCC(OC(C(C1O)O)[*])C1OC(C(C(C2O[*])O)O)OC2COCC(O[Na])=O,O=C(O)C([*])C[*],[Al+3],,,3.315130317183602,10.1016_j.carbpol.2020.116360_part_1.txt_¶Î1_Material1
[*]CC[*],[*]C/C=C/CCC([*])C#N,,,,2.645422269349092,10.1177_0892705718761557_part_2.txt_¶Î1_Material1
[*]C(CCCCCO[*])=O,[*]C1C(OC(C(C1O)O)OC2C(OC(C(C2O)O)O[*])CO)CO,OCC(O)CO,,,1.3010299956639813,10.1002_app.34444_part_3.txt_¶Î1_Material1
[*]OC(C(C1O)O)OC(COC)C1OC(OC(C(C2O)OC3OC(C(C(C3OC)O)OC4OC(C(C(C4OC)O)[*])COC)CO)COC)C2OCC(OC)C,O=S([CH3])[CH3],,,,1.2839792842384798,10.18231_j.ijpca.2019.015_OA_part_2.txt_¶Î1_Material1
[*]NC(C1=CC=C2C(C(N(C2=O)C3=CC=C(C=C3)CC4=CC=C([*])C=C4)=O)=C1)=O,O=[Si]=O,,,,1.6270584640009895,10.1016_j.jiec.2016.10.042_part_2.txt_¶Î1_Material4
[*]CC[*],[Ti](OCCCC)(OCCCC)(OCCCC)OCCCC,,,,0.9552065375419416,10.1002_app.42073_part_2.txt_¶Î1_Material1
[*]CC[*],O=C([*])C(C)O[*],O=[Ti]=O,,,1.3010299956639813,10.1016_j.compscitech.2018.11.028_part_5.txt_¶Î1_Material2
OCC(C(C(C1N)O)O[*])OC1OC2C(OC(C(C2O)N)[*])CO,[*]NCC(NC(C(ONCC(NC(C(NCC(NC(C([*])=O)C)=O)=O)C)=O)=O)CO)=O,OCC(O)CO,,,1.4183012913197457,10.1021_acssuschemeng.8b06009_part_4.txt_¶Î1_Material1
[*]C1C(C(C(OC1C(O[Na])=O)OC2C(C(O[Na])=O)OC(O[*])C(O)C2O)O)O,O=C(C(C[*])[*])N,,,,2.9993480692067216,10.1016_j.eurpolymj.2021.110306_part_2.txt_¶Î1_Material2
O=C([*])C(C)O[*],[*]C(CCCCCO[*])=O,C/C(C[*])=C/C[*],,,1.9000392354873248,10.1007_s10924-017-1121-3_part_2.txt_¶Î1_Material1
[*]CC[*],[Zn]=O,CCO[Si](OCC)(OCC)OCC,NCCC[Si](OCC)(OCC)OCC,,1.3263358609287514,10.1088_1757-899x_500_1_012003_part_1.txt_¶Î1_Material1
[*]C(CCCCCO[*])=O,[*]C(NC1=C(C)C(NC(OCCO[*])=O)=CC=C1)=O,C[N+](CCO)(CCO)[3H],,,2.3961993470957363,10.1002_pc.22191_part_1.txt_¶Î1_Material1
[*]C(C)C[*],[*]OC1C(O)C(O)C(OC2C(CO)OC([*])C(O)C2O)OC1CO,,,,1.5560611590095326,10.1002_app.49780_part_1.txt_¶Î1_Material1
FC(F)([*])C([H])([*])[H],OC1=C2C(C3(O)C4C5C6=C7C8C(C9=CC(C(O)=O)=C(C=C(C=C%10C(O)=O)C%11%12)C(C%11=C%13C%14C%15%16C%17(O%16)C%18C%19=C%20C%21=C%22C(C(O)=C%23)=C%24C%25C%21=C%26C%19=C%27C%17=C%28C%14(O)C%12=C%10C=C%28CC%27=CC%26=CC%25=C(C(O)=O)C=C%24)C9=C7C%13(O)C5=C%15C3=C%18C%29%30C%20(O%30)C%31C%22C%23=C%32)=CC(C(O)=O)=CC8=CC6=C(C(O)=O)C4=C2)=C%29C%33=C%31C%32=C(C(O)=O)C=C%331,,,,1.7853298350107671,10.3390_polym13132042_part_1.txt_¶Î1_Material2
[*]CC([*])Cl,[*]C([H])([H])C(O)([H])[*],CCO,,,1.9885589568786155,10.1007_s13726-015-0340-5_part_3.txt_¶Î1_Material1
C/C(C[*])=C/C[*],[*]C([H])([H])C(O)([H])[*],C/C(C[*])=C/C[*],,,2.8880671134074367,10.4028_www.scientific.net_amr.1073-1076.12_part_1.txt_¶Î1_Material1
[*]C/C=C/CCC(C/C=C\C[*])C=C,CC1=CC=C(C=C1N=C=O)N=C=O,CCCC[Sn](CCCC)(OC(CCCCCCCCCCC)=O)OC(CCCCCCCCCCC)=O,,,1.6989700043360187,10.1007_s10965-021-02566-2_part_1.txt_¶Î1_Material1
[*]C(C)C[*],[*]C(NC1=C(C)C(NC(OCCO[*])=O)=CC=C1)=O,,,,2.17868923977559,10.1002_app.33611_part_1.txt_¶Î1_Material1
[*]C([H])([H])C(O)([H])[*],[*]CC(CCCC(CC)CC([*])C1=CC=CC=C1)C2=CC=CC=C2,[Ag+],O=C(C1=CC=C(C=C1)C([*])=O)NC2=CC=C(C=C2)N[*],,2.1760912590556813,10.1021_acsami.9b15546_part_1.txt_¶Î1_Material1
[*]C(C)C[*],[*]CCCC(CCCCCC)[*],,,,2.576341350205793,10.1177_0095244312465298_part_2.txt_¶Î1_Material3
[*]C(C)C[*],[*]CCCC(C1C([*])C2CC1C/C2=C/C)C,O=[Si]=O,OCC1OC(C(C(C1[*])O)O)OC2C(C(C(OC2CO)O[*])O)O,,1.7853298350107671,10.4028_www.scientific.net_amm.729.67_part_1.txt_¶Î1_Material3
[*]NCC(NC(C(ONCC(NC(C(NCC(NC(C([*])=O)C)=O)=O)C)=O)=O)CO)=O,[Ca+2],[Mg],,,1.2041199826559248,10.1016_j.msec.2011.07.013_part_1.txt_¶Î1_Material1
[*]NCC(NC(C(ONCC(NC(C(NCC(NC(C([*])=O)C)=O)=O)C)=O)=O)CO)=O,CC(NC(C([*])C)=O)C(NC(C)C(NC(C)C(N[*])=O)=O)=O,[*]NCC(NC(C(ONCC(NC(C(NCC(NC(C([*])=O)C)=O)=O)C)=O)=O)CO)=O,[H]O[H],,1.3010299956639813,10.1039_c6tb03266d_part_1.txt_¶Î1_Material1
OCC(C(C(C1N)O)O[*])OC1OC2C(OC(C(C2O)N)[*])CO,[*]C1C(OC(C(C1O)O)OC2C(OC(C(C2O)O)O[*])CO)CO,[Fe]12O[Fe]O[Fe](O2)O1,,,1.6557145496187098,10.1016_j.foodhyd.2014.12.026_part_4.txt_¶Î1_Material3
[*]C(C)C[*],[*]C(C)C[*],O=C(C1=CC=C(C([*])=O)C=C1)NC2=CCC(N[*])C=C2,,,0.8633228601204559,10.1080_09276440.2015.1048099_part_2.txt_¶Î1_Material1
[*]C(C[*])C(N(C)C)=O,[O-][Si](O[Si]([O-])=O)=O,C(NC(=O)C=C)NC(=O)C=C,,,3.120244795546365,10.1002_polb.23912_part_1.txt_¶Î1_Material1
O=C(CCCCC(N(CCCCCCN([*])[H])[H])=O)[*],OC1=C2C(C3(O)C4C5C6=C7C8C(C9=CC(C(O)=O)=C(C=C(C=C%10C(O)=O)C%11%12)C(C%11=C%13C%14C%15%16C%17(O%16)C%18C%19=C%20C%21=C%22C(C(O)=C%23)=C%24C%25C%21=C%26C%19=C%27C%17=C%28C%14(O)C%12=C%10C=C%28CC%27=CC%26=CC%25=C(C(O)=O)C=C%24)C9=C7C%13(O)C5=C%15C3=C%18C%29%30C%20(O%30)C%31C%22C%23=C%32)=CC(C(O)=O)=CC8=CC6=C(C(O)=O)C4=C2)=C%29C%33=C%31C%32=C(C(O)=O)C=C%331,[*]NC(C1=CC=C2C(C(N(C2=O)C3=CC=C(C=C3)CC4=CC=C([*])C=C4)=O)=C1)=O,,,1.3010299956639813,10.1080_03602559.2018.1542712_part_1.txt_¶Î1_Material1
O=C([*])C(C)O[*],C12=CC3=CC4=CC=CN=C4N=C3N=C1N=C5N=C6N=CC=CC6=CC5=C2,[*]OCC[*],,,1.863322860120456,10.1021_acssuschemeng.9b06760_part_1.txt_¶Î1_Material1
[*]CC(COC1=CC=C(C=C1)C(C)(C)C2=CC=C(C=C2)O[*])O,[*]OCC[*],[*]OCC[*],,,0.5314789170422551,10.1021_acs.macromol.5b00243_part_1.txt_¶Î1_Material1
O=C([*])C(C)O[*],OP(O)(O)=O,O=C=NC(C=C1)=CC=C1CC2=CC=C(C=C2)N=C=O,,,2.45484486000851,10.1080_03602559.2013.798817_part_1.txt_¶Î1_Material1
O=C([*])C(C)O[*],O=C([O-])[O-].[Ca+2],O=[Ti]=O,,,0.6812412373755872,10.1002_pen.25124_part_2.txt_¶Î1_Material1
O=C(OC1=CC=CC=C1)OC1=CC=CC=C1,[*]C(CCCCCO[*])=O,C[Si](C)(C[*])O[*],O=[Si]=O,,2.498586208817517,10.1007_s11998-016-9806-4_part_2.txt_¶Î1_Material2
C12=CC3=CC4=CC=CN=C4N=C3N=C1N=C5N=C6N=CC=CC6=CC5=C2,[*]CC(COC1=CC=C(C=C1)C(C)(C)C2=CC=C(C=C2)O[*])O,[*]CC(C#N)[*],,,0.3222192947339193,10.1002_app.45027_part_1.txt_¶Î1_Material1
[*]CC(COC1=CC=C(C=C1)C(C)(C)C2=CC=C(C=C2)O[*])O,C12=CC3=CC4=CC=CN=C4N=C3N=C1N=C5N=C6N=CC=CC6=CC5=C2,[Al],,,0.3010299956639812,10.1177_0967391120965387_part_1.txt_¶Î1_Material1
[*]CC[*],[*]C1C(OC(C(C1O)O)OC2C(OC(C(C2O)O)O[*])CO)CO,C=C([CH3])C(=O)O[CH3],,,1.56062387454993,10.1002_pc.21168_part_1.txt_¶Î1_Material2
O=C([*])CCCCCN[*],[*]C([H])([H])C(O)([H])[*],OC1=C2C(C3(O)C4C5C6=C7C8C(C9=CC(C(O)=O)=C(C=C(C=C%10C(O)=O)C%11%12)C(C%11=C%13C%14C%15%16C%17(O%16)C%18C%19=C%20C%21=C%22C(C(O)=C%23)=C%24C%25C%21=C%26C%19=C%27C%17=C%28C%14(O)C%12=C%10C=C%28CC%27=CC%26=CC%25=C(C(O)=O)C=C%24)C9=C7C%13(O)C5=C%15C3=C%18C%29%30C%20(O%30)C%31C%22C%23=C%32)=CC(C(O)=O)=CC8=CC6=C(C(O)=O)C4=C2)=C%29C%33=C%31C%32=C(C(O)=O)C=C%331,,,1.1931245983544616,10.1007_s12588-019-09242-7_part_3.txt_¶Î1_Material1
OCC1OC(C(C(C1[*])O)O)OC2C(C(C(OC2CO)O[*])O)O,[*]NC(C(N1CCCC1C(NCC(N2CC(CC2C(NC(C(NCC([*])=O)=O)CO)=O)O)=O)=O)=O)CCCCN,OC1C(O)C([*])OC(COC2C(O)C(O)C(O)C(CO)O2)C1OC3C(O)C(O)C(CO[*])C(CO)O3,,,1.2227164711475833,10.1021_acssuschemeng.7b02025_part_7.txt_¶Î1_Material1
O=C(C(C[*])[*])N,O=[Si]=O.O=[Al]O[Al]=O.O=[Si]=O.O=[Si]=O.O=[Si]=O.O,,,,2.569373909615046,10.1007_s13726-015-0330-7_part_2.txt_¶Î1_Material1
[*]CC(C)(C(OCCO)=O)[*],[*]NC(C(N1CCCC1C(NCC(N2CC(CC2C(NC(C(NCC([*])=O)=O)CO)=O)O)=O)=O)=O)CCCCN,[*]NC(C(N1CCCC1C(NCC(N2CC(CC2C(NC(C(NCC([*])=O)=O)CO)=O)O)=O)=O)=O)CCCCN,[*]OCC[*],,1.3066394410242617,10.1016_j.polymertesting.2018.04.024_part_3.txt_¶Î1_Material1
[*]CC([*])Cl,C=C([CH3])C(=O)O[CH3],[Cu]=O,,,1.1760912590556811,10.1016_j.polymer.2020.122911_part_8.txt_¶Î1_Material1
[*]NCC(NC(C(ONCC(NC(C(NCC(NC(C([*])=O)C)=O)=O)C)=O)=O)CO)=O,[Ca+2],,,,1.7558748556724917,10.1007_s10118-014-1368-2_part_1.txt_¶Î1_Material1
OCC1OC(C(C(C1[*])O)O)OC2C(C(C(OC2CO)O[*])O)O,[Na+].[Cl-],,,,1.0606978403536116,10.1007_s10570-018-2133-4_part_3.txt_¶Î1_Material1
O=C([*])C(C)O[*],[*]C1=C(C(C[*])=CC=C1)O,NC1=NC2=C(N=CN2C2O[C@H](COP(=O)(O)OP(=O)(O)O)[C@H](O)[C@@H]2O)C(=O)N1,,,1.5440680443502757,10.1016_j.compscitech.2020.108008_part_3.txt_¶Î1_Material1
[*]CC[*],[*]CCCC([*])OC(C)=O,CCCCCCCCCCCCCCCCCCOC(CCC1=CC(C(C)(C)C)=C(C(C(C)(C)C)=C1)O)=O,,,2.584670384464349,10.1016_j.polymertesting.2019.106089_part_1.txt_¶Î1_Material1
[*]CC(C1=CC=C(C=C1)S(O)(=O)=O)[*],[*]C(C)C[*],,,,1.977723605288848,10.1016_j.memsci.2010.06.031_part_1.txt_¶Î1_Material1
O=C(C1=CC=C(C=C1)C(OCC[*])=O)O[*],O=C([*])OC1=CC=C(C=C1)C(C)(C)C2=CC=C(C=C2)O[*],[*]CCCC(C1C([*])C2CC1C/C2=C/C)C,O=C=NC(C=C1)=CC=C1CC2=CC=C(C=C2)N=C=O,,1.6334684555795864,10.1002_app.32532_part_1.txt_¶Î1_Material1
O=C([*])C(C)O[*],O=C(CCCCC(NCCCCCCCCCCN[*])=O)[*],[*]CC(COC1=CC=C(C=C1)C(C)(C)C2=CC=C(C=C2)O[*])O,,,0.414973347970818,10.1002_app.39473_part_2.txt_¶Î1_Material1
[*]NC(C(N1CCCC1C(NCC(N2CC(CC2C(NC(C(NCC([*])=O)=O)CO)=O)O)=O)=O)=O)CCCCN,[*]C1C(OC(C(C1O)O)OC2C(OC(C(C2O)O)O[*])CO)CO,,,,1.278296208091274,10.1016_j.fbio.2021.101250_part_2.txt_¶Î1_Material2
[*]OCCOC(CC(C([*])=O)C(C1CCCCC1)CC(CC(O)=O)C(OCCO)=O)=O,[H][O-],[OH-].[OH-].[Ca+2],[H][Si]([H])([H])[H],,0.6877964113812947,10.1002_pc.24011_part_2.txt_¶Î1_Material1
[*]CC(C#N)[*],[*]C([H])([H])C(O)([H])[*],[H]Cl,,,1.6020599913279625,10.1179_1743289815y.0000000027_part_1.txt_¶Î1_Material1
O=C([*])C(C)O[*],O=C([*])C(C)O[*],O=C([*])C(C)O[*],,,1.4746532533620629,10.1002_pat.4031_part_2.txt_¶Î1_Material1
[*]CC[*],[*]C1C(OC(C(C1O)O)OC2C(OC(C(C2O)O)O[*])CO)CO,OC(C(CC(O)=O)(CC(O)=O)O)=O,,,1.1760912590556811,10.34302_crpjfst_2020.12.5.1_OA_part_4.txt_¶Î1_Material1
[*]C(NC1=C(C)C(NC(OCCO[*])=O)=CC=C1)=O,OCC1O[C@H](C(C([C@@H]1O)O)O)O,,,,3.167317334748176,10.1007_s12221-010-0952-5_part_2.txt_¶Î1_Material1
C[Si](C)(C[*])O[*],[*]CC([*])N1CCCC1=O,C[Si](C)(C[*])O[*],,,2.4471580313422194,10.1002_pen.24240_part_2.txt_¶Î1_Material1
O=C([*])CCCCCN[*],O=C(CCCCC(N(CCCCCCN([*])[H])[H])=O)[*],,,,2.060697840353612,10.1080_01694243.2018.1539156_part_3.txt_¶Î1_Material1
OCC1OC(C(C(C1O[*])O)NC(C)=O)OC2C(O)C(C(OC2CO)[*])NC(C)=O,OCC(C(C(C1N)O)O[*])OC1OC2C(OC(C(C2O)N)[*])CO,,,,1.6232492903979006,10.3389_fchem.2014.00099_part_2.txt_¶Î1_Material1
OP(O)(O)=O,[*]C1C(OC(C(C1O)O)OC2C(OC(C(C2O)O)O[*])CO)CO,OC(CO)CO,,,1.56062387454993,10.4028_www.scientific.net_amr.557-559.1121_part_1.txt_¶Î1_Material1
OCC(C(C(C1N)O)O[*])OC1OC2C(OC(C(C2O)N)[*])CO,[*]C(CCCCCO[*])=O,,,,0.8573324964312685,10.1007_s10853-011-5836-6_part_1.txt_¶Î1_Material2
O=C([*])C(C)O[*],[*]NC(C(O)=O)CCC([*])=O,OCC(C(C(C1N)O)O[*])OC1OC2C(OC(C(C2O)N)[*])CO,[*]NC(C(N1CCCC1C(NCC(N2CC(CC2C(NC(C(NCC([*])=O)=O)CO)=O)O)=O)=O)=O)CCCCN,,1.1072099696478683,10.1177_0040517521994884_part_1.txt_¶Î1_Material1
C(C)(C1=CC=C(OCC2CO2)C=C1)(C)C1=CC=C(OCC2CO2)C=C1,[*]C1=CC(C2=NC3=CC(C4=CC=C5N=C([*])NC5=C4)=CC=C3N2)=CC=C1,,,,1.4487063199050798,10.1080_00914037.2014.886220_part_2.txt_¶Î1_Material1
OCC1OC(C(C(C1[*])O)O)OC2C(C(C(OC2CO)O[*])O)O,[*]NC(C)C(N1CCCC1C([*])=O)=O,O=C(C1=COC(C2C(CO)=CCC12)O)OC,,,1.260071387985075,10.1016_j.carbpol.2012.11.029_part_2.txt_¶Î1_Material1
[*]NC(C(N1CCCC1C(NCC(N2CC(CC2C(NC(C(NCC([*])=O)=O)CO)=O)O)=O)=O)=O)CCCCN,O=C(O[Na])COCC(OC(C(C1O)O)[*])C1OC(C(C(C2O[*])O)O)OC2COCC(O[Na])=O,OCC(O)CO,,,1.660106221723244,10.1016_j.foodhyd.2013.04.004_part_1.txt_¶Î1_Material1
O=C([*])C(C)O[*],[*]CCC(CCCCCC)C[*],,,,2.307923703611882,10.1002_pen.24171_part_2.txt_¶Î1_Material1
[*]CCCCOCCCCOCCCCOCCCCO[*],[*]CC(C(OCC)=O)[*],,,,3.0884904701823963,10.1016_j.polymer.2020.122228_part_2.txt_¶Î1_Material1
OCC(C(C(C1N)O)O[*])OC1OC2C(OC(C(C2O)N)[*])CO,[*]NC(C(N1CCCC1C(NCC(N2CC(CC2C(NC(C(NCC([*])=O)=O)CO)=O)O)=O)=O)=O)CCCCN,[Zn]=O,,,1.6091673743020198,10.1016_j.ijbiomac.2021.08.107_part_1.txt_¶Î1_Material1
O=C(C1=CC=C(C=C1)C(OCC[*])=O)O[*],O=C([*])CCCCCN[*],[*]CCC(CCCCCC)C[*],,,2.2915908256580013,10.1080_00222348.2014.946840_part_2.txt_¶Î1_Material1
[*]CC(COC1=CC=C(C=C1)C(C)(C)C2=CC=C(C=C2)O[*])O,[*]OC1C(O)C(O)C(OC2C(CO)OC([*])C(O)C2O)OC1CO,[H][Si]([H])([H])[H],,,0.6989700043360189,10.1080_10426914.2015.1059444_part_4.txt_¶Î1_Material3
[*]C(C)C[*],[*]CCCC(C1C([*])C2CC1C/C2=C/C)C,[*]CC(C1=CC=CC=C1)C/C=C/C[*],,,2.4628470358316736,10.1177_0892705713518811_part_2.txt_¶Î1_Material2
OCC(C(C(C1N)O)O[*])OC1OC2C(OC(C(C2O)N)[*])CO,O=C(C(C[*])[*])N,[Al+3],,,3.1760912590556813,10.1080_09205063.2021.1922170_part_1.txt_¶Î1_Material1
[*]CC1C(C(CO)(C[*])CCC1)=O,O=C([*])OC1=CC=C(C=C1)C(C)(C)C2=CC=C(C=C2)O[*],,,,2.428134794028789,10.1007_s13233-019-7108-2_part_1.txt_¶Î1_Material1
[*]C/C=C/CCC(C=C)CC([*])C1=CC=CC=C1,C/C(C[*])=C/C[*],O=C([O-])[O-].[Ca+2],,,2.45178643552429,10.5254_rct.18.82695_part_2.txt_¶Î1_Material2
O=S(C(C=C1)=CC=C1OC(C=C2)=CC=C2C(C)(C)C(C=C3)=CC=C3O[*])(C4=CC=C([*])C=C4)=O,[*]CC([*])N1CCCC1=O,[Ag],,,0.885361220031512,10.1007_s00289-019-02735-w_part_2.txt_¶Î1_Material1
OCC1OC(C(C(C1[*])O)O)OC2C(C(C(OC2CO)O[*])O)O,OCC(C(C(C1N)O)O[*])OC1OC2C(OC(C(C2O)N)[*])CO,O=[Si]=O,,,0.8750612633917001,10.1016_j.carbpol.2019.04.065_part_1.txt_¶Î1_Material1
[*]CC(C#N)[*],[O-][Si]([O-])([O-])O[Si]([O-])([O-])[O-].[Ca+2],[O-][Si]([O-])([O-])O[Si]([O-])([O-])[O-].[Ca+2],,,0.9542425094393248,10.1002_adv.21542_part_1.txt_¶Î1_Material1
[*]OCCCCOC(CCC([*])=O)=O,O=[Zr]=O,,,,2.161368002234975,10.3390_polym13010079_part_1.txt_¶Î1_Material1
O=C([*])C(C)O[*],[*]C(CCCCC(OCCCCO[*])=O)=O,CCCCCCCCCCCCCCCCCCOC(CCC1=CC(C(C)(C)C)=C(C(C(C)(C)C)=C1)O)=O,,,1.8044801891059927,10.4028_www.scientific.net_amr.506.126_part_1.txt_¶Î1_Material1
[*]NC(C(O)=O)CCC([*])=O,,,,,1.1335389083702174,10.1002_app.34176_part_2.txt_¶Î1_Material1
OCC1OC(C(C(C1[*])O)O)OC2C(C(C(OC2CO)O[*])O)O,OCC1OC(C(C(C1[*])O)O)OC2C(C(C(OC2CO)O[*])O)O,OC1=C2C(C3(O)C4C5C6=C7C8C(C9=CC(C(O)=O)=C(C=C(C=C%10C(O)=O)C%11%12)C(C%11=C%13C%14C%15%16C%17(O%16)C%18C%19=C%20C%21=C%22C(C(O)=C%23)=C%24C%25C%21=C%26C%19=C%27C%17=C%28C%14(O)C%12=C%10C=C%28CC%27=CC%26=CC%25=C(C(O)=O)C=C%24)C9=C7C%13(O)C5=C%15C3=C%18C%29%30C%20(O%30)C%31C%22C%23=C%32)=CC(C(O)=O)=CC8=CC6=C(C(O)=O)C4=C2)=C%29C%33=C%31C%32=C(C(O)=O)C=C%331,,,1.4771212547196624,10.1016_j.carbpol.2018.10.049_part_5.txt_¶Î1_Material3
[*]C(C)C[*],O=C(C1=CC=C(C=C1)C(OCC[*])=O)O[*],[*]C(C)C[*],C12=CC3=CC4=CC=CN=C4N=C3N=C1N=C5N=C6N=CC=CC6=CC5=C2,,0.4313637641589873,10.1002_pen.25315_part_1.txt_¶Î1_Material1
OCC(C(C(C1N)O)O[*])OC1OC2C(OC(C(C2O)N)[*])CO,CO[Si](OC)(OC)CCCOCC1CO1,,,,0.7558748556724915,10.1088_1757-899x_223_1_012018_part_2.txt_¶Î1_Material1
[*]C([H])([H])C(O)([H])[*],C(CC=O)CC=O,OC(C(CC(O)=O)(CC(O)=O)O)=O,,,2.380211241711606,10.1016_j.reactfunctpolym.2021.104873_part_1.txt_¶Î1_Material3
[*]C(N(CN(C(OCOC(N(CN(C(OCCO[*])=O)[H])[H])=O)=O)[H])[H])=O,[*]C1=C2C(OCCO2)=C([*])S1,Cl[Fe](Cl)Cl,,,1.919078092376074,10.1016_j.jiec.2019.02.013_part_2.txt_¶Î1_Material1
[*]CC[*],[*]CC([*])Cl,,,,0.7160033436347992,10.3139_217.2489_part_1.txt_¶Î1_Material1
O=C=NC(C=C1)=CC=C1CC2=CC=C(C=C2)N=C=O,[*]C(CCCCC(OCCCCO[*])=O)=O,OCCCCO,,,2.575187844927661,10.12677_ms.2016.62013_OA_part_1.txt_¶Î1_Material1
[*]C(NC1=C(C)C(NC(OCCO[*])=O)=CC=C1)=O,O=C=NC(C=C1)=CC=C1CC2=CC=C(C=C2)N=C=O,[*]OCC[*],,,2.9633155113861114,10.1039_c2jm30517h_part_2.txt_¶Î1_Material2
[*]C(C)C[*],C=C([CH3])C(=O)OC([CH3])[CH3],OC1=C2C(C3(O)C4C5C6=C7C8C(C9=CC(C(O)=O)=C(C=C(C=C%10C(O)=O)C%11%12)C(C%11=C%13C%14C%15%16C%17(O%16)C%18C%19=C%20C%21=C%22C(C(O)=C%23)=C%24C%25C%21=C%26C%19=C%27C%17=C%28C%14(O)C%12=C%10C=C%28CC%27=CC%26=CC%25=C(C(O)=O)C=C%24)C9=C7C%13(O)C5=C%15C3=C%18C%29%30C%20(O%30)C%31C%22C%23=C%32)=CC(C(O)=O)=CC8=CC6=C(C(O)=O)C4=C2)=C%29C%33=C%31C%32=C(C(O)=O)C=C%331,,,2.204119982655925,10.1007_s10973-014-3824-1_part_2.txt_¶Î1_Material1
[*]CC(C#N)[*],O=C(C1=CC=C(C=C1)C(OCC[*])=O)O[*],[*]OC1C(O)C(O)C(OC2C(CO)OC([*])C(O)C2O)OC1CO,,,1.5538830266438743,10.1177_0040517517693982_part_1.txt_¶Î1_Material1
FC(F)([*])C([H])([*])[H],[*]C([H])([H])C(O)([H])[*],,,,1.9030899869919435,10.1088_1748-605x_ab5509_part_5.txt_¶Î1_Material2
[*]O[C@H](C)CC([*])=O,[*]C(CCCCCO[*])=O,O=[Si]=O,,,1.5563025007672873,10.1016_j.colsurfb.2015.08.023_part_1.txt_¶Î1_Material1
[*]NC(C)C(N1CCCC1C([*])=O)=O,C(CC=O)CC=O,,,,1.57978359661681,10.1002_mame.201600156_part_2.txt_¶Î1_Material1
[*]C([H])([H])C(O)([H])[*],C=C([CH3])C(=O)OC([CH3])[CH3],,,,1.8744818176994664,10.1002_pc.22482_part_2.txt_¶Î1_Material5
[*]CC[*],[*]CC(C1=CC=CC=C1)[*],[*]CC(CCCC(CC)CC([*])C1=CC=CC=C1)C2=CC=CC=C2,[*]C1=C(C=CN2)C2=C([*])C(O)=C1O,,1.2787536009528289,10.1016_j.memsci.2021.119406_part_2.txt_¶Î1_Material1
[*]C([H])([H])C(O)([H])[*],OCC(C(C(C1N)O)O[*])OC1OC2C(OC(C(C2O)N)[*])CO,O=C([O-])[O-].[Ca+2],C(CC=O)CC=O,,0.9395192526186184,10.1007_s10853-016-0056-8_part_2.txt_¶Î1_Material1
O=C(O[Na])COCC(OC(C(C1O)O)[*])C1OC(C(C(C2O[*])O)O)OC2COCC(O[Na])=O,O=C(O[Na])COCC(OC(C(C1O)O)[*])C1OC(C(C(C2O[*])O)O)OC2COCC(O[Na])=O,OCC(O)CO,,,0.7803173121401513,10.1016_j.carbpol.2017.05.003_part_1.txt_¶Î1_Material1
[*]CC[*],OCC1OC(C(C(C1[*])O)O)OC2C(C(C(OC2CO)O[*])O)O,CCCCCCCCCCCCCCCCCCOC(CCC1=CC(C(C)(C)C)=C(C(C(C)(C)C)=C1)O)=O,,,1.6901960800285136,10.1007_s10973-018-7925-0_part_2.txt_¶Î1_Material1
C/C(C[*])=C/C[*],OCCOC1C(OCCO)C(C(OCCO)COCCOC(CCCCCCCCCCCCCCCCC)=O)OC1,,,,1.8819549713396004,10.1134_s1560090418050184_part_1.txt_¶Î1_Material1
[*]C1C(OC(C(C1O)O)OC2C(OC(C(C2O)O)O[*])CO)CO,[*]C([H])([H])C(O)([H])[*],OCC(O)CO,OC[C@@H]([C@H]([C@@H]([C@@H](CO)O)O)O)O,,2.152441238058955,10.1088_1742-6596_1351_1_012102_part_2.txt_¶Î1_Material1
O=C([*])CCCCCN[*],O=C([*])C1=CC=C2C=C(C=CC2=C1)OC(C3=CC=C(C=C3)O[*])=O,,,,0.8135809885681919,10.3390_polym12102323_part_3.txt_¶Î1_Material2
[*]C(C)C[*],OCC(C(C(C1N)O)O[*])OC1OC2C(OC(C(C2O)N)[*])CO,,,,0.8976270912904415,10.1007_s12221-014-0800-0_part_1.txt_¶Î1_Material1
[*]C(N(CN(C(OCOC(N(CN(C(OCCO[*])=O)[H])[H])=O)=O)[H])[H])=O,[*]C1=C(C=CN2)C2=C([*])C(O)=C1O,,,,2.973589623427257,10.1007_s10853-020-04852-8_part_1.txt_¶Î1_Material1
O=C([*])C(C)O[*],O=C([*])CCCCCN[*],,,,1.9082168530893928,10.4028_www.scientific.net_amm.590.284_part_1.txt_¶Î1_Material1
C[Si](C)(C[*])O[*],C12[Si]34C15C3C425,O=[Si]=O,,,1.8195439355418688,10.1016_j.matlet.2020.128548_part_1.txt_¶Î1_Material1
OCC1OC(C(C(C1[*])O)O)OC2C(C(C(OC2CO)O[*])O)O,[*]C(C)C[*],,,,1.200303182981585,10.4028_www.scientific.net_amr.511.24_part_1.txt_¶Î1_Material1
O=C(C(C[*])[*])N,[*]C1C(C(C(OC1C(O[Na])=O)OC2C(C(O[Na])=O)OC(O[*])C(O)C2O)O)O,[Ag],,,2.397940008672037,10.1038_s41928-021-00545-5_part_1.txt_¶Î1_Material1
[*]C(C)C[*],[*]C(C)C[*],[*]C/C=C/CCC([*])C#N,[*]C(C)C[*],,2.1072099696478683,10.1177_147776061202800404_part_2.txt_¶Î1_Material1
[*]NC(C)C(N1CCCC1C([*])=O)=O,[*]C([H])([H])C(O)([H])[*],[*]OC1C(C(O)=O)OC(OC2C(NC(C)=O)C([*])OC(CO)C2O)C(O)C1O,,,1.4683473304121573,10.1007_s12221-019-9341-x_part_2.txt_¶Î1_Material3
C12=CC3=CC4=CC=CN=C4N=C3N=C1N=C5N=C6N=CC=CC6=CC5=C2,[*]CC(COC1=CC=C(C=C1)C(C)(C)C2=CC=C(C=C2)O[*])O,,,,0.6434526764861874,10.1002_mame.201700210_part_1.txt_¶Î1_Material1
[*][C@H]1[C@H](O)[C@@H](O)[C@H](OC2C(O)C(OC(C)=O)C(O[*])OC2CO)O[C@@H]1CO,O=[Si]=O,,,,1.4471580313422192,10.14314_polimery.2013.550_OA_part_2.txt_¶Î1_Material1
OCC(C(C(C1N)O)O[*])OC1OC2C(OC(C(C2O)N)[*])CO,[*]C(CCCCCO[*])=O,[*]OC1C(C(O)=O)OC(OC2C(NC(C)=O)C([*])OC(CO)C2O)C(O)C1O,,,1.5440680443502757,10.1016_j.ijbiomac.2018.05.099_part_4.txt_¶Î1_Material1
[*]C(C)C[*],O=[Si]=O,[*]C(C)C[*],,,0.724275869600789,10.1088_2053-1591_aac67d_part_3.txt_¶Î1_Material1
[*]C([H])([H])C(O)([H])[*],NC1=NC2=C(N=CN2C2O[C@H](COP(=O)(O)OP(=O)(O)O)[C@H](O)[C@@H]2O)C(=O)N1,,,,2.161368002234975,10.1007_s00289-019-02851-7_part_3.txt_¶Î1_Material1
CCCCCCC1=C(SC([*])=C1)[*],,,,,2.113943352306837,10.3390_polym11071195_part_2.txt_¶Î1_Material1
[*]C(CCCCCO[*])=O,[*]NC(C(N1CCCC1C(NCC(N2CC(CC2C(NC(C(NCC([*])=O)=O)CO)=O)O)=O)=O)=O)CCCCN,O=[Si]=O,,,1.6397852129868202,10.1002_app.50264_part_3.txt_¶Î1_Material1
[*]C(CCCCCO[*])=O,[*]NC(C(N1CCCC1C(NCC(N2CC(CC2C(NC(C(NCC([*])=O)=O)CO)=O)O)=O)=O)=O)CCCCN,O=C(C1=COC(C2C(CO)=CCC12)O)OC,,,1.954242509439325,10.1080_09205063.2016.1160560_part_1.txt_¶Î1_Material1
[*]C(C)C[*],[H][Si]([H])([H])[H],[*]CC(CCCC(CC)CC([*])C1=CC=CC=C1)C2=CC=CC=C2,,,1.212187604403958,10.1016_j.compositesb.2018.05.020_part_4.txt_¶Î1_Material1
O=C([*])C(C)O[*],C/C(C[*])=C/C[*],[*]CC(C#N)[*],,,0.5440680443502757,10.1016_j.jmrt.2021.08.130_part_1.txt_¶Î1_Material1
[*]C(C)C[*],C=C([CH3])C(=O)OC([CH3])[CH3],C=C([CH3])C(=O)OC([CH3])[CH3],,,0.2455126678141498,10.1002_pc.24701_part_2.txt_¶Î1_Material3
[*]CC[*],[*]CC(C1=CC=CC=C1)[*],O=[Al]O[Al]=O.O=[Si]=O.O=[Si]=O.O=[Si]=O,,,1.0086001717619175,10.1177_0731684411426626_part_1.txt_¶Î1_Material1
C[Si](C)(C[*])O[*],O=[Al]O[Al]=O.O=[Si]=O.O=[Si]=O.O.O,O=[Al]O[Al]=O,,,2.049218022670181,10.1016_j.polymer.2019.03.075_part_2.txt_¶Î1_Material1
[*]CC(C1=CC=C(C=C1)S(O)(=O)=O)[*],[*]C([H])([H])C(O)([H])[*],[Ag],,,2.361727836017593,10.1557_adv.2016.459_part_1.txt_¶Î1_Material1
[*]NC(C)C(N1CCCC1C([*])=O)=O,[*]NC(C(N1CCCC1C(NCC(N2CC(CC2C(NC(C(NCC([*])=O)=O)CO)=O)O)=O)=O)=O)CCCCN,,,,1.627160952374776,10.1016_j.foodchem.2020.128802_part_1.txt_¶Î1_Material1
[*]CC(C#N)[*],OCC(C(C(C1N)O)O[*])OC1OC2C(OC(C(C2O)N)[*])CO,[Fe]12O[Fe]O[Fe](O2)O1,,,1.7160033436347992,10.1016_j.jwpe.2015.03.007_part_2.txt_¶Î1_Material1
[*]C(C(OC(CO[*])=O)C)=O,,,,,1.6020599913279625,10.1021_acsbiomaterials.0c00915_part_1.txt_¶Î1_Material1
O=[Ca].[O-][Si]([O-])([O-])[O-].[Ca+2].[Ca+2],[*]C(C)C[*],[*]NCC(NC(C(ONCC(NC(C(NCC(NC(C([*])=O)C)=O)=O)C)=O)=O)CO)=O,,,0.6424645202421213,10.25130_tjes.22.2.04_OA_part_2.txt_¶Î1_Material1
O=C([*])C(C)O[*],[*]C(CCCCC(OCCCCO[*])=O)=O,C=C(C(OCC1CO1)=O)C,,,2.6989700043360187,10.1016_j.progpolymsci.2018.07.001_part_16.txt_¶Î1_Material3
[*]NC(C(N1CCCC1C(NCC(N2CC(CC2C(NC(C(NCC([*])=O)=O)CO)=O)O)=O)=O)=O)CCCCN,CCN=C=NCCCN(C)C,ON1C(=O)CCC1=O,,,1.336259552014193,10.3390_polym11111787_part_2.txt_¶Î1_Material1
OP(O)(O)=O,[*]CC(OC(O[*])=O)C,[*]C([H])([H])C(O)([H])[*],,,2.709269960975831,10.1007_s00396-021-04869-8_part_3.txt_¶Î1_Material1
[*]C([H])([H])C(O)([H])[*],[*]NC(C)C(N1CCCC1C([*])=O)=O,CCN=C=NCCCN(C)C,ON1C(=O)CCC1=O,,2.137816015753496,10.4028_www.scientific.net_amr.710.60_part_1.txt_¶Î1_Material1
[*]CC(COC1=CC=C(C=C1)C(C)(C)C2=CC=C(C=C2)O[*])O,[S],,,,0.2355284469075489,10.1016_j.jclepro.2021.126041_part_1.txt_¶Î1_Material1
O=C([*])OC1=CC=C(C=C1)C(C)(C)C2=CC=C(C=C2)O[*],[*]C(C1=CC=C(C(OCCCCO[*])=O)C=C1)=O,[*]C(C1=CC=CC=C1)CC2C(OC(C2[*])=O)=O,,,1.8948696567452523,10.1080_02533839.2019.1613929_part_2.txt_¶Î1_Material1
OCC1OC(C(C(C1[*])O)O)OC2C(C(C(OC2CO)O[*])O)O,O=C(C(C[*])[*])N,[H]Cl,,,2.7634279935629373,10.1016_j.carbpol.2021.118207_part_1.txt_¶Î1_Material1
[*]C(NC1=C(C)C(NC(OCCO[*])=O)=CC=C1)=O,[Zn]=O,,,,2,10.1016_j.polymertesting.2020.106526_part_1.txt_¶Î1_Material1
[*]C1C(C(C(OC1C(O[Na])=O)OC2C(C(O[Na])=O)OC(O[*])C(O)C2O)O)O,[Zn]=O,,,,0.6720978579357175,10.1016_j.colsurfb.2018.04.058_part_1.txt_¶Î1_Material1
[*]C1C(C(C(OC1C(O[Na])=O)OC2C(C(O[Na])=O)OC(O[*])C(O)C2O)O)O,OCC(C(C(C1N)O)O[*])OC1OC2C(OC(C(C2O)N)[*])CO,,,,1.1293675957229856,10.1016_j.ijbiomac.2020.09.013_part_2.txt_¶Î1_Material1
O=C([*])C(C)O[*],[*]OCC[*],OC1=C2C(C3(O)C4C5C6=C7C8C(C9=CC(C(O)=O)=C(C=C(C=C%10C(O)=O)C%11%12)C(C%11=C%13C%14C%15%16C%17(O%16)C%18C%19=C%20C%21=C%22C(C(O)=C%23)=C%24C%25C%21=C%26C%19=C%27C%17=C%28C%14(O)C%12=C%10C=C%28CC%27=CC%26=CC%25=C(C(O)=O)C=C%24)C9=C7C%13(O)C5=C%15C3=C%18C%29%30C%20(O%30)C%31C%22C%23=C%32)=CC(C(O)=O)=CC8=CC6=C(C(O)=O)C4=C2)=C%29C%33=C%31C%32=C(C(O)=O)C=C%331,,,0.8129133566428556,10.1007_s13233-014-2182-y_part_1.txt_¶Î1_Material1
[*]CC(OC(O[*])=O)C,[*]C(C)C[*],,,,1.6073477767684134,10.1177_1558925019849714_part_2.txt_¶Î1_Material1
[*]C1C(OC(C(C1O)O)OC2C(OC(C(C2O)O)O[*])CO)CO,[*]C([H])([H])C(O)([H])[*],OC1=C2C(C3(O)C4C5C6=C7C8C(C9=CC(C(O)=O)=C(C=C(C=C%10C(O)=O)C%11%12)C(C%11=C%13C%14C%15%16C%17(O%16)C%18C%19=C%20C%21=C%22C(C(O)=C%23)=C%24C%25C%21=C%26C%19=C%27C%17=C%28C%14(O)C%12=C%10C=C%28CC%27=CC%26=CC%25=C(C(O)=O)C=C%24)C9=C7C%13(O)C5=C%15C3=C%18C%29%30C%20(O%30)C%31C%22C%23=C%32)=CC(C(O)=O)=CC8=CC6=C(C(O)=O)C4=C2)=C%29C%33=C%31C%32=C(C(O)=O)C=C%331,,,2.157698479275516,10.1016_j.ijbiomac.2018.11.071_part_6.txt_¶Î1_Material1
[*]CC(C#N)[*],O=C(C1=CC=C(C=C1)C(OCC[*])=O)O[*],[*]OCC[*],,,0.9867717342662448,10.1080_01932691.2018.1505528_part_1.txt_¶Î1_Material1
O=C(C1=CC=C(C=C1)C([*])=O)NC2=CC=C(C=C2)N[*],[*]C1=C(C=CN2)C2=C([*])C(O)=C1O,OC1=C2C(C3(O)C4C5C6=C7C8C(C9=CC(C(O)=O)=C(C=C(C=C%10C(O)=O)C%11%12)C(C%11=C%13C%14C%15%16C%17(O%16)C%18C%19=C%20C%21=C%22C(C(O)=C%23)=C%24C%25C%21=C%26C%19=C%27C%17=C%28C%14(O)C%12=C%10C=C%28CC%27=CC%26=CC%25=C(C(O)=O)C=C%24)C9=C7C%13(O)C5=C%15C3=C%18C%29%30C%20(O%30)C%31C%22C%23=C%32)=CC(C(O)=O)=CC8=CC6=C(C(O)=O)C4=C2)=C%29C%33=C%31C%32=C(C(O)=O)C=C%331,,,1.9569364138441965,10.1016_j.cej.2016.10.099_part_3.txt_¶Î1_Material1
COC1=CC(/C=C/C=O)=CC(OC2=CC(C(C(OC3=CC=C(C=C3OC)C(C(CO)=O)O)CO)O)=CC=C2OC4=CC(C(C(COC5=CC=C(C=C5)C(C(CO)=O)O)=O)O)=CC=C4O)=C1,[*]C/C=C\CCC(C=C)[*],,,,2.420945405921972,10.1002_marc.202000492_part_2.txt_¶Î1_Material1
FC(F)([*])C([H])([*])[H],[*]CC(C#N)[*],,,,1.434568904034199,10.1002_app.46155_part_2.txt_¶Î1_Material1
OCC1OC(C(C(C1[*])O)O)OC2C(C(C(OC2CO)O[*])O)O,[*]C1=CC=C([*])N1,,,,0.7481880270062004,10.1007_s10570-016-1060-5_part_2.txt_¶Î1_Material1
O=C(C1=CC=C(C=C1)C(OCC[*])=O)O[*],[*]CC[*],[*]CC(CC[*])O,,,1.2479732663618066,10.1016_j.jfoodeng.2020.109913_part_1.txt_¶Î1_Material3
[*]C([H])([H])C(O)([H])[*],OC1=C2C(C3(O)C4C5C6=C7C8C(C9=CC(C(O)=O)=C(C=C(C=C%10C(O)=O)C%11%12)C(C%11=C%13C%14C%15%16C%17(O%16)C%18C%19=C%20C%21=C%22C(C(O)=C%23)=C%24C%25C%21=C%26C%19=C%27C%17=C%28C%14(O)C%12=C%10C=C%28CC%27=CC%26=CC%25=C(C(O)=O)C=C%24)C9=C7C%13(O)C5=C%15C3=C%18C%29%30C%20(O%30)C%31C%22C%23=C%32)=CC(C(O)=O)=CC8=CC6=C(C(O)=O)C4=C2)=C%29C%33=C%31C%32=C(C(O)=O)C=C%331,,,,2.7296506683359203,10.1039_c6ra16026c_part_2.txt_¶Î1_Material1
[*]CC[*],O=[Si]=O,C=C([CH3])C(=O)OC([CH3])[CH3],,,1.0969100130080565,10.3390_ma14092276_part_2.txt_¶Î1_Material1
OCC1OC(C(C(C1O)O[*])O)OC2C(C(C(OC2COS(=O)(O)=O)[*])NC(C)=O)O,[*]NCC(NC(C(ONCC(NC(C(NCC(NC(C([*])=O)C)=O)=O)C)=O)=O)CO)=O,OCC(O)CO,,,2.105271683106794,10.1002_adfm.201603403_part_2.txt_¶Î1_Material1
[*]NCC(NC(C(ONCC(NC(C(NCC(NC(C([*])=O)C)=O)=O)C)=O)=O)CO)=O,O=[Ti]=O,,,,1.2227164711475833,10.1002_adfm.201603826_part_3.txt_¶Î1_Material1
[*]NC(C(N1CCCC1C(NCC(N2CC(CC2C(NC(C(NCC([*])=O)=O)CO)=O)O)=O)=O)=O)CCCCN,O=[Al]O[Al]=O.O=[Si]=O.O=[Si]=O.O=[Si]=O,[Ag+],,,1.7937205568135233,10.1016_j.compositesb.2019.04.043_part_2.txt_¶Î1_Material1
[*]OC(CC(OC(CC([*])=O)CC)=O)C,O=C([*])C(C)O[*],OP(O)(O)=O,,,1.806179973983887,10.1021_am3004522_part_1.txt_¶Î1_Material2
[*]C(NC1=C(C)C(NC(OCCO[*])=O)=CC=C1)=O,OCC(C(C(C1N)O)O[*])OC1OC2C(OC(C(C2O)N)[*])CO,,,,1.7089305358066162,10.1016_j.indcrop.2021.113747_part_1.txt_¶Î1_Material1
O=C([*])C(C)O[*],O=P([O-])([O-])[O-].[Ca+2].[Ca+2].[OH-],O=[Zr]=O,OC1=C2C(C3(O)C4C5C6=C7C8C(C9=CC(C(O)=O)=C(C=C(C=C%10C(O)=O)C%11%12)C(C%11=C%13C%14C%15%16C%17(O%16)C%18C%19=C%20C%21=C%22C(C(O)=C%23)=C%24C%25C%21=C%26C%19=C%27C%17=C%28C%14(O)C%12=C%10C=C%28CC%27=CC%26=CC%25=C(C(O)=O)C=C%24)C9=C7C%13(O)C5=C%15C3=C%18C%29%30C%20(O%30)C%31C%22C%23=C%32)=CC(C(O)=O)=CC8=CC6=C(C(O)=O)C4=C2)=C%29C%33=C%31C%32=C(C(O)=O)C=C%331,,1.8232785569516707,10.1016_j.ijpharm.2021.120517_part_2.txt_¶Î1_Material5
[*]OC1C(C(OC(C1O)OC2C3C(C(OC2CO3)[*])O)CO)O,O=C(C(C[*])[*])N,[O-][Si](O[Si]([O-])=O)=O,,,3.09968064110925,10.1021_acsmacrolett.7b00957_part_1.txt_¶Î1_Material1
O=C([*])OC1=CC=C(C=C1)C(C)(C)C2=CC=C(C=C2)O[*],OC1=C2C(C3(O)C4C5C6=C7C8C(C9=CC(C(O)=O)=C(C=C(C=C%10C(O)=O)C%11%12)C(C%11=C%13C%14C%15%16C%17(O%16)C%18C%19=C%20C%21=C%22C(C(O)=C%23)=C%24C%25C%21=C%26C%19=C%27C%17=C%28C%14(O)C%12=C%10C=C%28CC%27=CC%26=CC%25=C(C(O)=O)C=C%24)C9=C7C%13(O)C5=C%15C3=C%18C%29%30C%20(O%30)C%31C%22C%23=C%32)=CC(C(O)=O)=CC8=CC6=C(C(O)=O)C4=C2)=C%29C%33=C%31C%32=C(C(O)=O)C=C%331,O=[Al]O[Al]=O,,,2.0791812460476247,10.1016_j.apsusc.2012.12.112_part_1.txt_¶Î1_Material1
O=C(O)C([*])C[*],C[Si](C)(C[*])O[*],,,,1.975431808509263,10.1088_1674-4926_40_11_112602_part_1.txt_¶Î1_Material1
[*]CC[*],[*]CC(C1=CC=C(C=C1)S(O)(=O)=O)[*],,,,0.6608654780038692,10.1080_03602559.2013.820758_part_2.txt_¶Î1_Material1
[*]OCCCCOC(CCC([*])=O)=O,OC1=C2C(C3(O)C4C5C6=C7C8C(C9=CC(C(O)=O)=C(C=C(C=C%10C(O)=O)C%11%12)C(C%11=C%13C%14C%15%16C%17(O%16)C%18C%19=C%20C%21=C%22C(C(O)=C%23)=C%24C%25C%21=C%26C%19=C%27C%17=C%28C%14(O)C%12=C%10C=C%28CC%27=CC%26=CC%25=C(C(O)=O)C=C%24)C9=C7C%13(O)C5=C%15C3=C%18C%29%30C%20(O%30)C%31C%22C%23=C%32)=CC(C(O)=O)=CC8=CC6=C(C(O)=O)C4=C2)=C%29C%33=C%31C%32=C(C(O)=O)C=C%331,,,,1.7634279935629371,10.3390_polym13132042_part_1.txt_¶Î1_Material1
[*]OC1C(C(OC(C1O)OC2C3C(C(OC2CO3)[*])O)CO)O,[*][C@H]1[C@H](O)[C@@H](O)[C@H](O[C@H]2[C@H]([C@@H](O)[C@H](O[C@H]3[C@H](O)[C@H](O)[C@H](O[C@H]4[C@H](O)[C@H](O)[C@H](O[*])O[C@@H]4CO)O[C@@H]3CO)O[C@@H]2COC(C)=O)O)O[C@@H]1CO,,,,1.1661339703051092,10.1016_j.carbpol.2013.03.083_part_1.txt_¶Î1_Material2
O=C(C1=CC=C(C=C1)C(OCC[*])=O)O[*],OCC1O[C@H](C(C([C@@H]1O)O)O)O,,,,1.641275757231913,10.1111_php.12478_part_2.txt_¶Î1_Material1
[*]C(C)C[*],O=[Si]=O.[Ca]=O,O=[Si]=O,[H]O[H],,1.1760912590556811,10.4028_www.scientific.net_amr.1033-1034.1189_part_1.txt_¶Î1_Material1
O=C([*])C(C)O[*],COC(C(C[*])([*])C)=O,[Mg],,,1.599883072073688,10.1002_app.50124_part_2.txt_¶Î1_Material1
[*]C1C(C(C(OC1C(O[Na])=O)OC2C(C(O[Na])=O)OC(O[*])C(O)C2O)O)O,[*]NC(C(N1CCCC1C(NCC(N2CC(CC2C(NC(C(NCC([*])=O)=O)CO)=O)O)=O)=O)=O)CCCCN,Cl[Ca]Cl,,,1.9030899869919435,10.1088_1758-5090_ab331e_part_9.txt_¶Î1_Material2
[*]C(NC1=C(C)C(NC(OCCO[*])=O)=CC=C1)=O,[*]C(C(OC(CO[*])=O)C)=O,[*]NC(C)C(N1CCCC1C([*])=O)=O,OCC(C(C(C1N)O)O[*])OC1OC2C(OC(C(C2O)N)[*])CO,,2.0791812460476247,10.1016_j.jmbbm.2015.11.021_part_1.txt_¶Î1_Material1
O=C([*])C(C)O[*],OP(O)(O)=O,O=C=NC(C=C1)=CC=C1CC2=CC=C(C=C2)N=C=O,C=C([CH3])C(=O)OC([CH3])[CH3],,2.255272505103306,10.3390_ma13071660_part_2.txt_¶Î1_Material1
[*]C(C)C[*],[*]O[Si](C)(C)[*],,,,1.380211241711606,10.1002_pat.3710_part_2.txt_¶Î1_Material3
[*]CC([*])Cl,O=C([*])OC1=CC=C(C=C1)C(C)(C)C2=CC=C(C=C2)O[*],[Ag],,,1.146128035678238,10.1016_j.cherd.2018.03.019_part_5.txt_¶Î1_Material1
C[Si](O[*])(C)[*],[*]C(NC1=C(C)C(NC(OCCO[*])=O)=CC=C1)=O,,,,2.8512583487190755,10.1016_j.apsusc.2012.10.043_part_1.txt_¶Î1_Material1
[*]CC(C#N)[*],COC(C(C[*])([*])C)=O,,,,0.9242792860618816,10.1016_j.polymer.2020.123065_part_1.txt_¶Î1_Material1
OCC(C(C(C1N)O)O[*])OC1OC2C(OC(C(C2O)N)[*])CO,OCC1OC(C(C(C1[*])O)O)OC2C(C(C(OC2CO)O[*])O)O,,,,0.5998830720736879,10.1016_j.carbpol.2012.07.037_part_1.txt_¶Î1_Material1
C[Si](C)(C[*])O[*],[*]CC(C1=CC=C(C=C1)S(O)(=O)=O)[*],[Ag+],,,2.008600171761917,10.22190_fume221205002k_OA_part_2.txt_¶Î1_Material1
[*]C/C=C/CCC(C=C)CC([*])C1=CC=CC=C1,C/C(C[*])=C/C[*],,,,2.45178643552429,10.5254_rct.18.82695_part_2.txt_¶Î1_Material1
[*]C(CCCCCO[*])=O,OCC1OC(C(C(C1O)O[*])O)OC2C(C(C(OC2COS(=O)(O)=O)[*])NC(C)=O)O,[H][Si]([H])([H])[H],,,1.2787536009528289,10.4188_jte.63.1_part_1.txt_¶Î1_Material1
OCC1OC(C(C(C1[*])O)O)OC2C(C(C(OC2CO)O[*])O)O,[*]C([H])([H])C(O)([H])[*],O=C(C1=CC=C(C=C1)C(OCC[*])=O)O[*],[*]OCC[*],O=[Ti]=O,2.0791812460476247,10.1016_j.msec.2021.112127_part_2.txt_¶Î1_Material1
O=C([*])C(C)O[*],O=C(O[*])CCCCCCCCCCN[*],O=[Si]=O,,,1.6211762817750353,10.1007_s10924-017-0977-6_part_1.txt_¶Î1_Material1
[*]NCC(NC(C(ONCC(NC(C(NCC(NC(C([*])=O)C)=O)=O)C)=O)=O)CO)=O,OC(CO)CO,,,,1.2430380486862944,10.1016_j.eurpolymj.2019.06.022_part_1.txt_¶Î1_Material1
[*]C(C)C[*],OP(O)(O)=O,[*]C(C)C[*],,,0.9294189257142929,10.1007_s10965-017-1289-1_part_2.txt_¶Î1_Material1
[*]CC[*],[*]OC1OC(CO)C(OC2C(O)C(O)C([*])C(CO)O2)C(O)C1O,O1C(=O)C=CC1=O,,,0.6720978579357175,10.1080_15440478.2020.1838999_part_3.txt_¶Î1_Material1
[*]C/C=C\CCC(C=C)[*],[*]C(CCCCCO[*])=O,,,,2.6532125137753435,10.1021_ie300317b_part_1.txt_¶Î1_Material1
[*]C1C(C(C(OC1C(O[Na])=O)OC2C(C(O[Na])=O)OC(O[*])C(O)C2O)O)O,C(CC=O)CC=O,,,,1.5314789170422551,10.1002_pen.25515_part_2.txt_¶Î1_Material1
O=C([*])C(C)O[*],[*]C(CCCCC(OCCCCO[*])=O)=O,O=[Mg].O=[Si]=O.O=[Si]=O.O=[Si]=O.O=[Si]=O.O=[Mg].O=[Mg].O,,,2.2489536154957075,10.1155_2020_8040517_part_3.txt_¶Î1_Material2
O=C(O)C([*])C[*],OCC(C(C(C1N)O)O[*])OC1OC2C(OC(C(C2O)N)[*])CO,[O-][Si](O[Si]([O-])=O)=O,,,2.785329835010767,10.1002_pen.25503_part_2.txt_¶Î1_Material1
[*]C(CCCCCO[*])=O,[*]C1=C(C=CN2)C2=C([*])C(O)=C1O,,,,2.887617300335736,10.1016_j.clay.2017.09.031_part_1.txt_¶Î1_Material1
[*]OC1C(C(O)=O)OC(OC2C(NC(C)=O)C([*])OC(CO)C2O)C(O)C1O,[*]C(C[*])C(N(C)C)=O,,,,1.9030899869919435,10.1016_j.reactfunctpolym.2016.10.001_part_2.txt_¶Î1_Material1
OCC(C(C(C1N)O)O[*])OC1OC2C(OC(C(C2O)N)[*])CO,[*]C(C)C[*],,,,1.941759813814696,10.1039_c5ra25029c_part_1.txt_¶Î1_Material1
[*]C(CCCCCO[*])=O,[*]OCC[*],O=C(CC(/C=C/C1=CC=C(C(OC)=C1)O)=O)/C=C/C2=CC=C(O)C(OC)=C2,,,2.222716471147584,10.1007_s13233-014-2179-6_part_1.txt_¶Î1_Material1
[*]C(N(CN(C(OCOC(N(CN(C(OCCO[*])=O)[H])[H])=O)=O)[H])[H])=O,[Cu],,,,2.3010299956639813,10.1007_s11665-021-05912-z_part_1.txt_¶Î1_Material1
[*]CC[*],[*]CCC1C([*])C2CCC1C2,,,,1.260071387985075,10.4236_ojcm.2022.123007_OA_part_1.txt_¶Î1_Material1
O=C(O)C([*])C[*],OC(C(C)(CC(C1=CC=CC=C1)[*])CC(C[*])(C(OCC2CO2)=O)C)=O,,,,2,10.1002_app.34129_part_1.txt_¶Î1_Material1
[*]C(CCCCC(OCCCCO[*])=O)=O,CO[Si](OC)(OC)CCCOCC1CO1,C=C([CH3])C(=O)OC([CH3])[CH3],,,2.6989700043360187,10.1016_j.compositesa.2020.106154_part_1.txt_¶Î1_Material1
[*]C(C)C[*],NC1=CC=C(C=C1)/C2=C3C=C/C(N\3)=C(C4=N/C(C=C4)=C(C5=CC=C(N5)/C(C6=CC=CC=C6)=C7N=C2C=C\7)/C8=CC=CC=C8)\C9=CC=CC=C9,[H][O-],,,0.367355921026019,10.1002_pc.23127_part_1.txt_¶Î1_Material1
O=C(C1=CC=C(C=C1)C(OCC[*])=O)O[*],C12=C3C(C=CC4C3=C5C(CC6=CC7=C8C9=C(C(C=C%10)=CC=C9C=C7)C%11=C%10C%12)=CC4)=CC=C1C=C%12C%13=C%11C8=C6C5=C2%13,[Ag],,,2.097361444565494,10.1016_j.apsusc.2017.04.068_part_3.txt_¶Î1_Material3
OCC1OC(C(C(C1[*])O)O)OC2C(C(C(OC2CO)O[*])O)O,[*]NC(C(N1CCCC1C(NCC(N2CC(CC2C(NC(C(NCC([*])=O)=O)CO)=O)O)=O)=O)=O)CCCCN,C(CC=O)CC=O,,,0.5854607295085007,10.1007_s10570-014-0272-9_part_3.txt_¶Î1_Material1
[*]C(C)C[*],O[Si](O)(O[Si](O)(O)O)O.[Al].[Al].O,,,,0.6989700043360189,10.2478_v10026-011-0039-0_part_1.txt_¶Î1_Material1
O=C([*])C(C)O[*],[*]CCCC(C(O)=O)[*],,,,1.3654879848908996,10.1166_jnn.2016.12952_part_1.txt_¶Î1_Material1
[*]C1C(OC(C(C1O)O)OC2C(OC(C(C2O)O)O[*])CO)CO,[*]C(CCCCC(OCCCCO[*])=O)=O,OCC(O)CO,,,2.8672788794279223,10.1590_s0104-14282013005000017_part_1.txt_¶Î1_Material1
OC1C(C(OC(C1O)OC2C(OC(C(C2O)O)OC3C(C(C(OC3C(OC)=O)OC4C(OC(C(C4O)O)[*])C(O)=O)O)O)C(OC)=O)C(O)=O)O[*],O=C(C(C[*])[*])N,[Fe+3],,,3.113943352306837,10.1039_c7sm02005h_part_1.txt_¶Î1_Material1
C/C(C[*])=C/C[*],[*]CCCC(C1C([*])C2CC1C/C2=C/C)C,[*]CCCC(C1C([*])C2CC1C/C2=C/C)C,,,2.60672522457584,10.1002_pc.24153_part_2.txt_¶Î1_Material1
O=C([*])C(C)O[*],[*]OC1OC(CO)C(OC2C(O)C(O)C([*])C(CO)O2)C(O)C1O,,,,0.3010299956639812,10.1155_2013_738741_part_1.txt_¶Î1_Material1
[*]CCCC([*])OC(C)=O,[*]CC[*],O=C([O-])[O-].[Ca+2],,,2.931966114728173,10.1007_s10118-021-2524-0_part_1.txt_¶Î1_Material1
O=C(C(C[*])[*])N,O=C(C(C[*])[*])N,[*]OCC[*],,,3.1760912590556813,10.1021_ma300357f_part_1.txt_¶Î1_Material1
[*]C([H])([H])C(O)([H])[*],O=[Zr]=O,,,,2.0211892990699383,10.1016_j.ceramint.2018.07.167_part_2.txt_¶Î1_Material1
[*]C(CCCCCO[*])=O,[*]C(CCCCCO[*])=O,[*]C1C(OC(C(C1O)O)OC2C(OC(C(C2O)O)O[*])CO)CO,,,2.4471580313422194,10.1039_c3nj01647a_part_1.txt_¶Î1_Material1
[*]CC[*],O=C(C1=CC=C(C=C1)C(OCC[*])=O)O[*],[*]OCC[*],,,1.608526033577194,10.1080_03602550903414043_part_2.txt_¶Î1_Material4
O=C([*])C(C)O[*],OP(O)(O)=O,[*]NCC(NC(C(ONCC(NC(C(NCC(NC(C([*])=O)C)=O)=O)C)=O)=O)CO)=O,,,1.0718820073061257,10.1002_masy.201800167_part_1.txt_¶Î1_Material1
OCC1OC(C(C(C1[*])O)O)OC2C(C(C(OC2CO)O[*])O)O,[H][O-],O=C(N)N,O=S(O)(O)=O,O=S([O-])([O-])=O,0.9763499790032736,10.1007_s10570-017-1418-3_part_2.txt_¶Î1_Material1
[*]OCCCCOC(CCC([*])=O)=O,O=[Ti]=O,,,,1.621591675859218,10.1021_acsomega.8b00332_part_2.txt_¶Î1_Material1
[*]C([H])([H])C(O)([H])[*],[*]C1=CC=C([*])N1,Cl[Fe](Cl)Cl,C(CC=O)CC=O,,2.490660653356137,10.1021_acsami.0c14503_part_1.txt_¶Î1_Material1
O=C([*])C(C)O[*],[*]NC(C(N1CCCC1C(NCC(N2CC(CC2C(NC(C(NCC([*])=O)=O)CO)=O)O)=O)=O)=O)CCCCN,C(CC=O)CC=O,,,0.9623693356700213,10.1080_00914037.2020.1740987_part_2.txt_¶Î1_Material1
[*]C([H])([H])C(O)([H])[*],[*]C([H])([H])C(O)([H])[*],[Ag+],,,1.994756944587628,10.3390_polym12092112_part_3.txt_¶Î1_Material1
FC(F)([*])C([H])([*])[H],[*]CC(CC=CCC([*])C1=CC=CC=C1)C#N,C=C([CH3])C(=O)O[CH3],OC1=C2C(C3(O)C4C5C6=C7C8C(C9=CC(C(O)=O)=C(C=C(C=C%10C(O)=O)C%11%12)C(C%11=C%13C%14C%15%16C%17(O%16)C%18C%19=C%20C%21=C%22C(C(O)=C%23)=C%24C%25C%21=C%26C%19=C%27C%17=C%28C%14(O)C%12=C%10C=C%28CC%27=CC%26=CC%25=C(C(O)=O)C=C%24)C9=C7C%13(O)C5=C%15C3=C%18C%29%30C%20(O%30)C%31C%22C%23=C%32)=CC(C(O)=O)=CC8=CC6=C(C(O)=O)C4=C2)=C%29C%33=C%31C%32=C(C(O)=O)C=C%331,,1.2041199826559248,10.1039_c4cp04481a_part_4.txt_¶Î1_Material3
[*]C([H])([H])C(O)([H])[*],OCC(C(C(C1N)O)O[*])OC1OC2C(OC(C(C2O)N)[*])CO,[Zn]=O,,,1.0128372247051722,10.3390_ijms150611040_part_2.txt_¶Î1_Material1
O=C([*])C(C)O[*],CCCCCCCCCCCCCCCCCCOC(CCC1=CC(C(C)(C)C)=C(C(C(C)(C)C)=C1)O)=O,,,,0.8061799739838872,10.1002_pc.23627_part_1.txt_¶Î1_Material1
OP(O)(O)=O,O=C([*])C(C)O[*],OC(C(C)(CC(C1=CC=CC=C1)[*])CC(C[*])(C(OCC2CO2)=O)C)=O,,,0.8573324964312685,10.1088_1757-899x_87_1_012073_part_1.txt_¶Î1_Material1
[*]C([H])([H])C(O)([H])[*],O=C(C(C[*])[*])N,OS(=O)(OOS(O)(=O)=O)=O.N.N,,,2.4578818967339924,10.1177_0954411915599016_part_1.txt_¶Î1_Material4
[*]C(NC1=C(C)C(NC(OCCO[*])=O)=CC=C1)=O,CCCC[Sn](CCCC)(OC(CCCCCCCCCCC)=O)OC(CCCCCCCCCCC)=O,,,,2.3453737305590883,10.1016_j.actbio.2011.05.017_part_2.txt_¶Î1_Material1
[*]CCCC([*])OC(C)=O,O=[Mg].O=[Si]=O.O=[Si]=O.O=[Si]=O.O=[Si]=O.O=[Mg].O=[Mg].O,,,,1.8920946026904804,10.1016_j.ejpe.2017.08.002_part_1.txt_¶Î1_Material1
O=C([*])C(C)O[*],OC1C(O)C([*])OC(COC2C(O)C(O)C(O)C(CO)O2)C1OC3C(O)C(O)C(CO[*])C(CO)O3,[*]NC(C(N1CCCC1C(NCC(N2CC(CC2C(NC(C(NCC([*])=O)=O)CO)=O)O)=O)=O)=O)CCCCN,,,0.7481880270062004,10.1021_acssuschemeng.7b02025_part_2.txt_¶Î1_Material1
[*]CCC(CCCC(CCCC(C[*])C)C)C,C(C)(C1=CC=C(OCC2CO2)C=C1)(C)C1=CC=C(OCC2CO2)C=C1,,,,1.678518379040114,10.1016_j.polymer.2020.123030_part_2.txt_¶Î1_Material1
[*]CC(C1=CC=CC=C1)[*],[*]CCC(CCCC(CCCC(C[*])C)C)C,,,,1.5346605758284444,10.1016_j.polymer.2018.05.017_part_1.txt_¶Î1_Material1
[*]C([H])([H])C(O)([H])[*],O=C(O[Na])COCC(OC(C(C1O)O)[*])C1OC(C(C(C2O[*])O)O)OC2COCC(O[Na])=O,C12=C3C(C=CC4C3=C5C(CC6=CC7=C8C9=C(C(C=C%10)=CC=C9C=C7)C%11=C%10C%12)=CC4)=CC=C1C=C%12C%13=C%11C8=C6C5=C2%13,,,1.6020599913279625,10.1002_pc.23823_part_1.txt_¶Î1_Material1
[*]C(C)C[*],[*]NC(C(N1CCCC1C(NCC(N2CC(CC2C(NC(C(NCC([*])=O)=O)CO)=O)O)=O)=O)=O)CCCCN,,,,1.8536982117761744,10.1080_00222348.2015.1019601_part_3.txt_¶Î1_Material1
OCC1OC(C(C(C1[*])O)O)OC2C(C(C(OC2CO)O[*])O)O,C/C(C[*])=C/C[*],C12=C3C(C=CC4C3=C5C(CC6=CC7=C8C9=C(C(C=C%10)=CC=C9C=C7)C%11=C%10C%12)=CC4)=CC=C1C=C%12C%13=C%11C8=C6C5=C2%13,,,2.318063334962761,10.1016_j.matchemphys.2018.11.041_part_1.txt_¶Î1_Material1
CC(CC(C(C(O1)=O)CC1=O)[*])C[*],,,,,1.5871494982543437,10.1177_0040517517703600_part_1.txt_¶Î1_Material2
[*]NC(C(N1CCCC1C(NCC(N2CC(CC2C(NC(C(NCC([*])=O)=O)CO)=O)O)=O)=O)=O)CCCCN,[*]OC1C(C(O)=O)OC(OC2C(NC(C)=O)C([*])OC(CO)C2O)C(O)C1O,,,,1.977723605288848,10.1016_j.colsurfb.2021.111725_part_2.txt_¶Î1_Material1
[*]CC(CC(C#N)[*])C1=CC=CC=C1,[*]CC(C(OC)=O)(CC(C/C=C/CCC(C1=CC=CC=C1)[*])C#N)C,[*]C/C=C/CCC([*])C#N,C/C(C[*])=C/C[*],,2.0791812460476247,10.1002_app.45364_part_2.txt_¶Î1_Material1
C(C)(C1=CC=C(OCC2CO2)C=C1)(C)C1=CC=C(OCC2CO2)C=C1,[*]N1C(C2=CC3=C(C=C2C1=O)C(N(C3=O)C4=CC=C(C=C4)OC5=CC=C(C=C5)[*])=O)=O,,,,1.4668676203541096,10.1007_s12221-014-2564-y_part_1.txt_¶Î1_Material2
[*]CC[*],C/C(C[*])=C/C[*],[S],,,2.505149978319906,10.1002_app.33466_part_2.txt_¶Î1_Material1
OP(O)(O)=O,[*]OCCCCOC(CCC([*])=O)=O,O=[Si]=O,,,1.842609239610562,10.1051_matecconf_20153001013_part_1.txt_¶Î1_Material1
[*]C(N(CN(C(OCOC(N(CN(C(OCCO[*])=O)[H])[H])=O)=O)[H])[H])=O,[*]C(C)C[*],,,,2.925312091499649,10.1016_j.eurpolymj.2013.09.001_part_2.txt_¶Î1_Material1
OCC1OC(C(C(C1[*])O)O)OC2C(C(C(OC2CO)O[*])O)O,[*]NCC(NC(C(ONCC(NC(C(NCC(NC(C([*])=O)C)=O)=O)C)=O)=O)CO)=O,,,,0.5440680443502757,10.1007_s12221-013-0266-5_part_1.txt_¶Î1_Material3
O=C([*])C(C)O[*],O=C([O-])[O-].[Ca+2],,,,0.8048206787211624,10.3144_expresspolymlett.2020.70_part_1.txt_¶Î1_Material2
O=C([*])OC1=CC=C(C=C1)C(C)(C)C2=CC=C(C=C2)O[*],[*]C(F)(C(F)([*])F)F,,,,1.1903316981702914,10.1016_j.polymdegradstab.2011.09.019_part_2.txt_¶Î1_Material1
N#CC(C1=CC=CC=N1)C1=CC=CC=C1,[*]OC1C(C(OC(C1O)OC2C3C(C(OC2CO3)[*])O)CO)O,OCC(O)CO,,,1.1760912590556811,10.1016_j.jfoodeng.2011.06.008_part_1.txt_¶Î1_Material1
[*]CC[*],O=C([*])C1=CC=C2C=C(C=CC2=C1)OC(C3=CC=C(C=C3)O[*])=O,,,,1.1818435879447726,10.1016_j.matdes.2009.09.036_part_2.txt_¶Î1_Material2
[*]OC1C(O)C(O)C(OC2C(CO)OC([*])C(O)C2O)OC1CO,CC(=O)O,,,,1.0191162904470727,10.1108_rjta-17-04-2013-b008_part_1.txt_¶Î1_Material1
[*]C([H])([H])C(O)([H])[*],[*]OC1C(C(OC(C1O)OC2C3C(C(OC2CO3)[*])O)CO)O,,,,2,10.1007_s10126-010-9341-8_part_1.txt_¶Î1_Material1
C=C([CH3])C(=O)O[CH3],[*]CCCC([*])OC(C)=O,O=[Si]=O,,,0.9138138523837168,10.1002_masy.201600031_part_1.txt_¶Î1_Material1
[*]C(N(CN(C(OCOC(N(CN(C(OCCO[*])=O)[H])[H])=O)=O)[H])[H])=O,NC1=NC2=C(N=CN2C2O[C@H](COP(=O)(O)OP(=O)(O)O)[C@H](O)[C@@H]2O)C(=O)N1,,,,2.732634967539196,10.1007_s10853-020-05137-w_part_2.txt_¶Î1_Material3
[*]NC(C(O)=O)CCC([*])=O,[H]O[H],,,,1.5165353738957996,10.1016_j.polymertesting.2020.106338_part_2.txt_¶Î1_Material1
O=C([*])CCCCCN[*],[*]CC(CC(C#N)[*])C1=CC=CC=C1,[*]CC(CCCC(CC)CC([*])C1=CC=CC=C1)C2=CC=CC=C2,,,1.6637009253896482,10.1002_app.41969_part_2.txt_¶Î1_Material1
[*]C([H])([H])C(O)([H])[*],[*]NC1=CC=C([*])C=C1,,,,2.2534591643398376,10.1515_secm-2016-0329_part_2.txt_¶Î1_Material1
O=C([*])CCCCCN[*],[*]CC(CCCC(CC)CC([*])C1=CC=CC=C1)C2=CC=CC=C2,,,,2.190611797813605,10.4028_www.scientific.net_amr.275.229_part_1.txt_¶Î1_Material1
[*]CC[*],[*]CC[*],[*]OCC[*],,,1,10.1515_polyeng-2012-0142_part_1.txt_¶Î1_Material2
[*]C(NC1=C(C)C(NC(OCCO[*])=O)=CC=C1)=O,CC(C(=O)O)(CO)CO,,,,2.9380190974762104,10.1002_app.33007_part_2.txt_¶Î1_Material1
[*]C(CCCCCO[*])=O,[Ag+],,,,3.0755469613925306,10.1016_j.carbon.2011.02.004_part_1.txt_¶Î1_Material3
[*]C(C)C[*],[*]C(C)C[*],CCCCCCCCCCCCOS([O-])(=O)=O.[Na+],,,1.0170333392987805,10.1002_polb.23695_part_3.txt_¶Î1_Material1
[*]C1C(OC(C(C1O)O)OC2C(OC(C(C2O)O)O[*])CO)CO,O=C(O[Na])COCC(OC(C(C1O)O)[*])C1OC(C(C(C2O[*])O)O)OC2COCC(O[Na])=O,OCC(O)CO,,,1.3263358609287514,10.1016_j.carbpol.2020.116521_part_1.txt_¶Î1_Material4
[*]C([H])([H])C(O)([H])[*],[*]OCC[*],OC1=C2C(C3(O)C4C5C6=C7C8C(C9=CC(C(O)=O)=C(C=C(C=C%10C(O)=O)C%11%12)C(C%11=C%13C%14C%15%16C%17(O%16)C%18C%19=C%20C%21=C%22C(C(O)=C%23)=C%24C%25C%21=C%26C%19=C%27C%17=C%28C%14(O)C%12=C%10C=C%28CC%27=CC%26=CC%25=C(C(O)=O)C=C%24)C9=C7C%13(O)C5=C%15C3=C%18C%29%30C%20(O%30)C%31C%22C%23=C%32)=CC(C(O)=O)=CC8=CC6=C(C(O)=O)C4=C2)=C%29C%33=C%31C%32=C(C(O)=O)C=C%331,[*]OCC[*],,1.6020599913279625,10.1021_acs.jpcc.7b12465_part_1.txt_¶Î1_Material1
O=C([*])OC1=CC=C(C=C1)C(C)(C)C2=CC=C(C=C2)O[*],O=[Al]O[Al]=O,,,,1.9912260756924949,10.1016_j.jmapro.2020.03.020_part_1.txt_¶Î1_Material1
[*]C/C=C\CCC(C=C)[*],,,,,3.247973266361807,10.1002_pola.27983_part_2.txt_¶Î1_Material1
[*]C(NC1=C(C)C(NC(OCCO[*])=O)=CC=C1)=O,O=[Ti]=O,,,,1.9867717342662448,10.1016_j.polymer.2020.122226_part_5.txt_¶Î1_Material1
[*]C(CCCCCO[*])=O,[*]C(CCCCCO[*])=O,OCC1OC(C(C(C1[*])O)O)OC2C(C(C(OC2CO)O[*])O)O,,,2.3010299956639813,10.1002_app.43445_part_1.txt_¶Î1_Material1
OCC1OC(C(C(C1[*])O)O)OC2C(C(C(OC2CO)O[*])O)O,C=C([CH3])C(=O)O[CH3],,,,1.5390760987927767,10.1007_s10570-011-9580-5_part_3.txt_¶Î1_Material2
[*]CC[*],[*]C1=C(O)C(C(C)(C)C)=C(O)C(C)=C1SS[*],[S],OC1=C2C(C3(O)C4C5C6=C7C8C(C9=CC(C(O)=O)=C(C=C(C=C%10C(O)=O)C%11%12)C(C%11=C%13C%14C%15%16C%17(O%16)C%18C%19=C%20C%21=C%22C(C(O)=C%23)=C%24C%25C%21=C%26C%19=C%27C%17=C%28C%14(O)C%12=C%10C=C%28CC%27=CC%26=CC%25=C(C(O)=O)C=C%24)C9=C7C%13(O)C5=C%15C3=C%18C%29%30C%20(O%30)C%31C%22C%23=C%32)=CC(C(O)=O)=CC8=CC6=C(C(O)=O)C4=C2)=C%29C%33=C%31C%32=C(C(O)=O)C=C%331,,2.184123354239671,10.1002_app.34293_part_2.txt_¶Î1_Material1
[*]OCCCCOC(CCC([*])=O)=O,[*]CC(C1=CC=CC=C1)[*],O=[Ti]=O,,,1.7781512503836436,10.1016_j.eurpolymj.2013.11.002_part_2.txt_¶Î1_Material1
[*]C(C)C[*],C=C,CCCCCCCCCCCCCCCCCCOC(CCC1=CC(C(C)(C)C)=C(C(C(C)(C)C)=C1)O)=O,,,1,10.1002_pi.3135_part_1.txt_¶Î1_Material1
O=C(C1=CC=C(C=C1)C(OCC[*])=O)O[*],OCC1OC(C(C(C1[*])O)O)OC2C(C(C(OC2CO)O[*])O)O,COC1=CC(/C=C/C=O)=CC(OC2=CC(C(C(OC3=CC=C(C=C3OC)C(C(CO)=O)O)CO)O)=CC=C2OC4=CC(C(C(COC5=CC=C(C=C5)C(C(CO)=O)O)=O)O)=CC=C4O)=C1,,,1.146128035678238,10.1007_s10570-018-02234-7_part_3.txt_¶Î1_Material1
[*]CC[*],[*]CCCC(C1C([*])C2CC1C/C2=C/C)C,OC1=C2C(C3(O)C4C5C6=C7C8C(C9=CC(C(O)=O)=C(C=C(C=C%10C(O)=O)C%11%12)C(C%11=C%13C%14C%15%16C%17(O%16)C%18C%19=C%20C%21=C%22C(C(O)=C%23)=C%24C%25C%21=C%26C%19=C%27C%17=C%28C%14(O)C%12=C%10C=C%28CC%27=CC%26=CC%25=C(C(O)=O)C=C%24)C9=C7C%13(O)C5=C%15C3=C%18C%29%30C%20(O%30)C%31C%22C%23=C%32)=CC(C(O)=O)=CC8=CC6=C(C(O)=O)C4=C2)=C%29C%33=C%31C%32=C(C(O)=O)C=C%331,,,2.147985320683805,10.1177_0095244310379175_part_3.txt_¶Î1_Material4
[*]CCCC([*])OC(C)=O,[*]CC(C#N)[*],,,,2.450249108319361,10.1166_asl.2012.4642_part_1.txt_¶Î1_Material1
OCC1OC(C(C(C1O)O[*])O)OC2C(C(C(OC2COS(=O)(O)=O)[*])NC(C)=O)O,[*]C1C(C(C(OC1C(O[Na])=O)OC2C(C(O[Na])=O)OC(O[*])C(O)C2O)O)O,OC[C@@H]([C@H]([C@@H]([C@@H](CO)O)O)O)O,,,1.4471580313422192,10.1002_app.44680_part_1.txt_¶Î1_Material1
C[Si](C)(C[*])O[*],OC1=C2C(C3(O)C4C5C6=C7C8C(C9=CC(C(O)=O)=C(C=C(C=C%10C(O)=O)C%11%12)C(C%11=C%13C%14C%15%16C%17(O%16)C%18C%19=C%20C%21=C%22C(C(O)=C%23)=C%24C%25C%21=C%26C%19=C%27C%17=C%28C%14(O)C%12=C%10C=C%28CC%27=CC%26=CC%25=C(C(O)=O)C=C%24)C9=C7C%13(O)C5=C%15C3=C%18C%29%30C%20(O%30)C%31C%22C%23=C%32)=CC(C(O)=O)=CC8=CC6=C(C(O)=O)C4=C2)=C%29C%33=C%31C%32=C(C(O)=O)C=C%331,OCC1OC(C(C(C1[*])O)O)OC2C(C(C(OC2CO)O[*])O)O,,,1.8195439355418688,10.1016_j.sna.2018.06.002_part_3.txt_¶Î1_Material1
[*]OC1C(C(OC(C1O)OC2C3C(C(OC2CO3)[*])O)CO)O,O=C(C(C[*])[*])N,[Na+].[Cl-],,,3.2833012287035497,10.1016_j.carbpol.2019.01.094_part_1.txt_¶Î1_Material1
[*]CC[*],[*]C(C)C[*],NC1=CC=C(C=C1)/C2=C3C=C/C(N\3)=C(C4=N/C(C=C4)=C(C5=CC=C(N5)/C(C6=CC=CC=C6)=C7N=C2C=C\7)/C8=CC=CC=C8)\C9=CC=CC=C9,,,1.3010299956639813,10.4028_www.scientific.net_kem.594-595.837_part_1.txt_¶Î1_Material2
[*]CCCC(C(O)=O)[*],OCC1OC(C(C(C1[*])O)O)OC2C(C(C(OC2CO)O[*])O)O,,,,2.6989700043360187,10.1007_s10570-018-1875-3_part_2.txt_¶Î1_Material1
O=C([*])C(C)O[*],[*]O[C@H](C)CC([*])=O,,,,0.6020599913279624,10.1016_j.carbpol.2014.12.056_part_2.txt_¶Î1_Material3
OP(O)(O)=O,O=C(O[*])CCCCCCCCCCN[*],,,,1.6849350826408895,10.4186_ej.2021.25.2.295_OA_part_2.txt_¶Î1_Material1
[*]C(C)C[*],[*]CC(CCCC(CC)CC([*])C1=CC=CC=C1)C2=CC=CC=C2,[*]CC(CCCC(CC)CC([*])C1=CC=CC=C1)C2=CC=CC=C2,,,1.845098040014257,10.1002_pc.20953_part_1.txt_¶Î1_Material1
[*]NC(C(N1CCCC1C(NCC(N2CC(CC2C(NC(C(NCC([*])=O)=O)CO)=O)O)=O)=O)=O)CCCCN,[Ag+],,,,1.1613680022349748,10.1016_j.foodhyd.2013.08.011_part_4.txt_¶Î1_Material1
[*]C([H])([H])C(O)([H])[*],OCC(C(C(C1N)O)O[*])OC1OC2C(OC(C(C2O)N)[*])CO,[Mg],,,1.3673559210260189,10.3390_polym11122093_part_3.txt_¶Î1_Material1
[*]C(N(CN(C(OCOC(N(CN(C(OCCO[*])=O)[H])[H])=O)=O)[H])[H])=O,[*]C(N(CN(C(OCOC(N(CN(C(OCCO[*])=O)[H])[H])=O)=O)[H])[H])=O,,,,2.982316469692065,10.1177_096739111502300304_part_2.txt_¶Î1_Material1
CC(NC1C([C@@H](C(O[C@H]1O[*])CO)O[C@@H]2OC([C@H]([C@@H](C2NC(C)=O)O)[*])CO)O)=O,[*]C1C(C(C(OC1C(O[Na])=O)OC2C(C(O[Na])=O)OC(O[*])C(O)C2O)O)O,,,,1.3979400086720375,10.1021_acssuschemeng.9b06099_part_2.txt_¶Î1_Material1
OCC1OC(C(C(C1[*])O)O)OC2C(C(C(OC2CO)O[*])O)O,COC1=CC(/C=C/C=O)=CC(OC2=CC(C(C(OC3=CC=C(C=C3OC)C(C(CO)=O)O)CO)O)=CC=C2OC4=CC(C(C(COC5=CC=C(C=C5)C(C(CO)=O)O)=O)O)=CC=C4O)=C1,OCC1OC(C(C(C1[*])O)O)OC2C(C(C(OC2CO)O[*])O)O,[H]O[H],,0.3010299956639812,10.1007_s10570-012-9788-z_part_3.txt_¶Î1_Material1
[*]C(C)C[*],O=[Al]O[Al]=O.O=[Si]=O.O=[Si]=O.O=[Si]=O,CO[Si](OC)(OC)CCCOCC1CO1,,,0.725094521081469,10.1016_j.ejpe.2016.02.003_part_1.txt_¶Î1_Material2
[*]C1C(C(C(OC1C(O[Na])=O)OC2C(C(O[Na])=O)OC(O[*])C(O)C2O)O)O,[*]CC([*])N1CCCC1=O,,,,1.2041199826559248,10.1007_s00289-014-1163-9_part_1.txt_¶Î1_Material1
[*]C(N(CN(C(OCOC(N(CN(C(OCCO[*])=O)[H])[H])=O)=O)[H])[H])=O,[C],O=[Al]O[Al]=O.O=[Si]=O.O=[Si]=O.O=[Si]=O,,,2.1015752462559334,10.1080_25740881.2020.1869779_part_2.txt_¶Î1_Material1
[*]C(C)C[*],[*]CCCC(C1C([*])C2CC1C/C2=C/C)C,O=[Si]=O,,,1.5888317255942073,10.1177_0021998320948125_part_1.txt_¶Î1_Material1
OCC1OC(C(C(C1O[*])O)O)[*],OCC1OC(C(C(C1[*])O)O)OC2C(C(C(OC2CO)O[*])O)O,,,,1.4313637641589874,10.1007_s10570-020-03521-y_part_2.txt_¶Î1_Material1
[*]OCC[*],[*]C(CCCCCO[*])=O,[Na+].[Cl-],OP(O)(O)=O,OCC1O[C@H](C(C([C@@H]1O)O)O)O,1.7781512503836436,10.1016_j.jiec.2021.05.051_part_8.txt_¶Î1_Material1
N#CC(C1=CC=CC=N1)C1=CC=CC=C1,[*]NC(C(N1CCCC1C(NCC(N2CC(CC2C(NC(C(NCC([*])=O)=O)CO)=O)O)=O)=O)=O)CCCCN,CCN=C=NCCCN(C)C,,,2,10.1002_jbm.b.33459_part_2.txt_¶Î1_Material1
[*]C([C@H](C)OC([C@H](C)O[*])=O)=O,[*]OCCCCOC(CCC([*])=O)=O,O=[Mg].O=[Si]=O.O=[Si]=O.O=[Si]=O.O=[Si]=O.O=[Mg].O=[Mg].O,,,2.123851640967086,10.1002_app.44777_part_2.txt_¶Î1_Material1
[*]O[C@H](C)CC([*])=O,OCC(C(C(C1N)O)O[*])OC1OC2C(OC(C(C2O)N)[*])CO,[*]NCC(NC(C(ONCC(NC(C(NCC(NC(C([*])=O)C)=O)=O)C)=O)=O)CO)=O,,,1.521007252408604,10.1016_j.ijbiomac.2019.03.227_part_2.txt_¶Î1_Material2
[*]NC(C)C(N1CCCC1C([*])=O)=O,OCC(C(C(C1N)O)O[*])OC1OC2C(OC(C(C2O)N)[*])CO,,,,0.900913067737669,10.1111_jfbc.12214_part_1.txt_¶Î1_Material4
O=C(C1=CC=C(C=C1)C(OCC[*])=O)O[*],OP(O)(O)=O,O=[Ti]=O,[Zn]=O,,1.1760912590556811,10.1016_j.egypro.2014.07.137_part_1.txt_¶Î1_Material1
O=C(O[*])CCCCCCCCCCN[*],[*]OC1=C(C([*])=CC=C1C)C,O=[Si]=O,,,2.060697840353612,10.14314_polimery.2021.7.3_OA_part_1.txt_¶Î1_Material1
[*]C(C)C[*],[*]OCCCOC(C1=CC=C(C([*])=O)C=C1)=O,[*]C(C)C[*],,,1.6532125137753435,10.1080_00222348.2020.1858568_part_2.txt_¶Î1_Material1
[*]NC1=CC=C([*])C=C1,O=C(O)C([*])C[*],,,,2.7481880270062,10.1002_adfm.201705551_part_1.txt_¶Î1_Material1
[*]C(C)C[*],[*]CC(C#N)[*],,,,0.8450980400142568,10.1002_app.32936_part_2.txt_¶Î1_Material1
CNC(CNC(CN)=O)=O,OCC(C(C(C1N)O)O[*])OC1OC2C(OC(C(C2O)N)[*])CO,[*]C1C(C(C(OC1C(O[Na])=O)OC2C(C(O[Na])=O)OC(O[*])C(O)C2O)O)O,[*]OCC[*],,0.6434526764861874,10.1007_s12034-012-0404-5_part_1.txt_¶Î1_Material1
O=C(C1=CC=C(C=C1)C([*])=O)NC2=CC=C(C=C2)N[*],O=C(C1=CC=C(C([*])=O)C=C1)NC2=CCC(N[*])C=C2,O=C(C1=CC=C(C=C1)C(OCC[*])=O)O[*],,,0.4771212547196624,10.1177_15280837211019901_part_3.txt_¶Î1_Material1
O=C([*])OC1=CC=C(C=C1)C(C)(C)C2=CC=C(C=C2)O[*],C[Si](C)(C[*])O[*],,,,2.037426497940624,10.1299_transjsme.2014smm0149_part_1.txt_¶Î1_Material1
[*]CC([*])Cl,O=C(C(C[*])[*])N,,,,2.225309281725863,10.1080_25740881.2020.1811314_part_2.txt_¶Î1_Material1
O=C([*])OC1=CC=C(C=C1)C(C)(C)C2=CC=C(C=C2)O[*],[*]CC(CC=CCC([*])C1=CC=CC=C1)C#N,CC1=CC(O)=C(C=C1CCCC(C2=C(C=C(C(C(C)(C)C)=C2)O)C)C3=CC(C(C)(C)C)=C(C=C3C)O)C(C)(C)C,,,1.880813592280792,10.1088_1742-6596_1605_1_012154_part_1.txt_¶Î1_Material1
[*]C(CCCCCO[*])=O,O=C(CCCCC(N(CCCCCCN([*])[H])[H])=O)[*],,,,2.92272545799326,10.1002_pc.25539_part_4.txt_¶Î1_Material2
[*]C([H])([H])C(O)([H])[*],O=[Al]O[Al]=O.O=[Si]=O.O=[Si]=O.O=[Si]=O,,,,1.0346284566253203,10.3390_nano9020298_part_2.txt_¶Î1_Material1
[*]CC(C1=CC=CC=C1)C/C=C/C[*],[*]CC(C1=CC=CC=C1)C/C=C/C[*],OC1=C2C(C3(O)C4C5C6=C7C8C(C9=CC(C(O)=O)=C(C=C(C=C%10C(O)=O)C%11%12)C(C%11=C%13C%14C%15%16C%17(O%16)C%18C%19=C%20C%21=C%22C(C(O)=C%23)=C%24C%25C%21=C%26C%19=C%27C%17=C%28C%14(O)C%12=C%10C=C%28CC%27=CC%26=CC%25=C(C(O)=O)C=C%24)C9=C7C%13(O)C5=C%15C3=C%18C%29%30C%20(O%30)C%31C%22C%23=C%32)=CC(C(O)=O)=CC8=CC6=C(C(O)=O)C4=C2)=C%29C%33=C%31C%32=C(C(O)=O)C=C%331,,,2.629409599102719,10.1002_app.46568_part_2.txt_¶Î1_Material1
[*]NC(C(N1CCCC1C(NCC(N2CC(CC2C(NC(C(NCC([*])=O)=O)CO)=O)O)=O)=O)=O)CCCCN,[*]OC1C(C(OC(C1O)OC2C3C(C(OC2CO3)[*])O)CO)O,OCC(O)CO,CCO,,1.320146286111054,10.4028_www.scientific.net_amm.364.804_part_1.txt_¶Î1_Material1
[*]C(C)C[*],[*]CC(COC1=CC=C(C=C1)C(C)(C)C2=CC=C(C=C2)O[*])O,O=[Si]=O,,,0.7419390777291989,10.1002_pc.20967_part_1.txt_¶Î1_Material1
[*]C(CCCCCO[*])=O,[Mg],,,,2.611298362296429,10.1016_j.spmi.2014.07.011_part_3.txt_¶Î1_Material1
OCC(C(C(C1N)O)O[*])OC1OC2C(OC(C(C2O)N)[*])CO,C[Si](C)(C[*])O[*],,,,1.255272505103306,10.1007_s12551-019-00591-6_part_2.txt_¶Î1_Material1
[*]C(CCCCC(OCCCCO[*])=O)=O,CC1(CC(CC(C)(C1)C)N=C=O)CN=C=O,,,,2.9822712330395684,10.1002_app.51453_part_1.txt_¶Î1_Material1
[*]OC1=C(C([*])=CC=C1C)C,O=C([*])CCCCCN[*],[*]CC(CCCC(CC)CC([*])C1=CC=CC=C1)C2=CC=CC=C2,[*]C(C1=CC=CC=C1)CC2C(OC(C2[*])=O)=O,,1.9360107957152093,10.1179_174328910x12777566997414_part_1.txt_¶Î1_Material1
[*]OCC[*],[*]CC(C#N)[*],C12=C3C(C=CC4C3=C5C(CC6=CC7=C8C9=C(C(C=C%10)=CC=C9C=C7)C%11=C%10C%12)=CC4)=CC=C1C=C%12C%13=C%11C8=C6C5=C2%13,CCCCCCCCCCCCOS([O-])(=O)=O.[Na+],,1.373463721632369,10.1002_vnl.21576_part_2.txt_¶Î1_Material3
[*]CC[*],[*]CCCC(C(O)=O)[*],,,,1.9030899869919435,10.1016_j.polymdegradstab.2011.09.010_part_1.txt_¶Î1_Material1
O=C([*])C(C)O[*],[*]OC(CC(OC(CC([*])=O)CC)=O)C,OP(O)(O)=O,,,1.3617278360175928,10.1021_am3004522_part_1.txt_¶Î1_Material1
C[Si](C)(C[*])O[*],[*]NC(C)C(N1CCCC1C([*])=O)=O,,,,1.645422269349092,10.1016_j.apsusc.2015.05.063_part_2.txt_¶Î1_Material1
[*]CC[*],[*]CC[*],[*]C(CCCCCO[*])=O,,,0.99563519459755,10.1002_app.50374_part_3.txt_¶Î1_Material1
[*]O[C@H](C)CC([*])=O,[*]C(CCCCCO[*])=O,[Mg],,,2.4771212547196626,10.1155_2014_572726_part_1.txt_¶Î1_Material1
[*]CC[*],[*]CCCC([*])OC(C)=O,OCC(O)CO,CC(=O)O,,1.9395192526186185,10.1007_s10853-014-8255-7_part_3.txt_¶Î1_Material1
[*]OC1=C(C([*])=CC=C1C)C,O=C(O[*])CCCCCCCCCCN[*],,,,2.222716471147584,10.7569_jrm.2018.634114_part_2.txt_¶Î1_Material3
[*]C(N(CN(C(OCOC(N(CN(C(OCCO[*])=O)[H])[H])=O)=O)[H])[H])=O,CC1=CC(O)=C(C=C1CCCC(C2=C(C=C(C(C(C)(C)C)=C2)O)C)C3=CC(C(C)(C)C)=C(C=C3C)O)C(C)(C)C,,,,2.9180303367848803,10.1002_vnl.21311_part_1.txt_¶Î1_Material1
[*]C(CCCCCO[*])=O,O=[Si]=O,,,,2.1760912590556813,10.1016_j.msec.2014.04.024_part_1.txt_¶Î1_Material1
O=C([*])C(C)O[*],[*]C1C(OC(C(C1O)O)OC2C(OC(C(C2O)O)O[*])CO)CO,[Mg],,,1.110589710299249,10.1016_j.reactfunctpolym.2019.05.013_part_2.txt_¶Î1_Material2
[*]C([H])([H])C(O)([H])[*],O=C(C(C[*])[*])N,OCC1OC(C(C(C1[*])O)O)OC2C(C(C(OC2CO)O[*])O)O,,,2.4771212547196626,10.1039_c8nj02132e_part_1.txt_¶Î1_Material1
[*]C(NC1=C(C)C(NC(OCCO[*])=O)=CC=C1)=O,O=[Al]O[Al]=O,O=[Al]O[Al]=O,,,1.880813592280792,10.3390_ma13071772_part_3.txt_¶Î1_Material1
[*]C([H])([H])C(O)([H])[*],O=C(C(C[*])[*])N,[*]NC(C(N1CCCC1C(NCC(N2CC(CC2C(NC(C(NCC([*])=O)=O)CO)=O)O)=O)=O)=O)CCCCN,,,2.0277572046905536,10.1080_10601325.2010.483395_part_2.txt_¶Î1_Material1
[*]C([H])([H])C(O)([H])[*],OCC1OC(C(C(C1[*])O)O)OC2C(C(C(OC2CO)O[*])O)O,OC[C@@H]([C@H]([C@@H]([C@@H](CO)O)O)O)O,,,1.6901960800285136,10.3390_coatings11020219_part_1.txt_¶Î1_Material1
[*]C(C)C[*],[*]C(NC1=C(C)C(NC(OCCO[*])=O)=CC=C1)=O,[*]CCCCOCCCCOCCCCOCCCCO[*],,,2.6989700043360187,10.1021_acs.macromol.0c00159_part_2.txt_¶Î1_Material1
[*]CC(OC(O[*])=O)C,[*]C([H])([H])C(O)([H])[*],[*]C(N(CN(C(OCOC(N(CN(C(OCCO[*])=O)[H])[H])=O)=O)[H])[H])=O,,,2.6848453616444123,10.1007_s10965-016-0970-0_part_1.txt_¶Î1_Material1
[*]OCCCCOC(CCC([*])=O)=O,[*]C(CCCCCO[*])=O,,,,2.439332693830263,10.1007_s00289-016-1833-x_part_2.txt_¶Î1_Material1
[*]CC([*])Cl,C=C([CH3])C(=O)O[CH3],[*]CC(C1=CC=C(C=C1)S(=O)([O-])=O)[*],,,0.884228769632604,10.1007_s00289-024-05487-4_OA_part_5.txt_¶Î1_Material1
O=C([*])CCCCCN[*],[*]CC(CC=CCC([*])C1=CC=CC=C1)C#N,,,,0.7307822756663892,10.1016_j.matdes.2011.08.028_part_2.txt_¶Î1_Material2
[*]CC[*],[*]C1=CC(C2=NC3=CC(C4=CC=C5N=C([*])NC5=C4)=CC=C3N2)=CC=C1,,,,1.2140486794119414,10.1002_pc.23148_part_1.txt_¶Î1_Material1
[*]CC(C#N)[*],[*]CC(C#N)[*],O=[Ti]=O,,,1.483587296968894,10.1177_0021998316687028_part_2.txt_¶Î1_Material1
O=C([*])C(C)O[*],[Mg],,,,0.4313637641589873,10.1016_j.compstruct.2020.112322_part_2.txt_¶Î1_Material1
O=C([*])CCCCCN[*],[*]CC[*],[*]CCC(CCCCCC)C[*],,,1.3010299956639813,10.1007_s10853-018-2416-z_part_1.txt_¶Î1_Material1
O=C([*])C(C)O[*],[*]C1C(OC(C(C1O)O)OC2C(OC(C(C2O)O)O[*])CO)CO,C[N+](CCO)(CCO)[3H],,,1.0755469613925308,10.1007_s10973-012-2776-6_part_1.txt_¶Î1_Material1
[*]C1C(C(C(OC1C(O[Na])=O)OC2C(C(O[Na])=O)OC(O[*])C(O)C2O)O)O,[*]NC(C(N1CCCC1C(NCC(N2CC(CC2C(NC(C(NCC([*])=O)=O)CO)=O)O)=O)=O)=O)CCCCN,[Ca+2],O=C(CC(/C=C/C1=CC=C(C(OC)=C1)O)=O)/C=C/C2=CC=C(O)C(OC)=C2,,1.6841269256130753,10.1007_s13205-020-02453-5_part_2.txt_¶Î1_Material1
O=C(C(C[*])[*])N,[*]C1C(OC(C(C1O)O)OC2C(OC(C(C2O)O)O[*])CO)CO,O=[Si]=O,,,2.7481880270062,10.1016_j.eurpolymj.2017.01.038_part_4.txt_¶Î1_Material1
[*]C1C(OC(C(C1O)O)OC2C(OC(C(C2O)O)O[*])CO)CO,[*]C(CCCCCO[*])=O,[*]C(CCCCCO[*])=O,,,2.243286146083446,10.1002_star.201900239_part_1.txt_¶Î1_Material1
[*]C([H])([H])C(O)([H])[*],OCC(C(C(C1N)O)O[*])OC1OC2C(OC(C(C2O)N)[*])CO,OCC(O)CO,[*]OCC[*],,1.7160033436347992,10.1016_j.carbpol.2019.115784_part_4.txt_¶Î1_Material1
[*]CCCC(C(O)=O)[*],[*]CC[*],,,,2.8825245379548803,10.1002_pen.25186_part_2.txt_¶Î1_Material1
[*]C(C)C[*],[*]OCCCOC(C1=CC=C(C([*])=O)C=C1)=O,C[N+](CCO)(CCO)[3H],,,0.99563519459755,10.1080_00222348.2012.742816_part_2.txt_¶Î1_Material2
O=C([*])C(C)O[*],[*]CCCC([*])OC(C)=O,,,,1.734799829588847,10.1016_j.polymertesting.2016.11.003_part_2.txt_¶Î1_Material1
OCC(C(C(C1N)O)O[*])OC1OC2C(OC(C(C2O)N)[*])CO,[*]NCC(NC(C(ONCC(NC(C(NCC(NC(C([*])=O)C)=O)=O)C)=O)=O)CO)=O,,,,0.5797835966168101,10.3390_ijms11093529_part_1.txt_¶Î1_Material1
O=C(C1=CC=C(C=C1)C([*])=O)NC2=CC=C(C=C2)N[*],[*]C(C)C[*],,,,1.292256071356476,10.1016_j.compositesa.2016.08.031_part_2.txt_¶Î1_Material3
CC(COC(C(CC(C(C(C(OC(C)C)=O)C1=CC=CC=C1)C(OCC(OC(C2=CC=CC=C2C(O)=O)=O)C)=O)C3=CC=CC=C3)C(C(OC(C)C[*])=O)C4=CC=CC=C4)=O)OC(C5=CC=CC=C5C(O[*])=O)=O,O=[Si]=O,O=C(C1=CC=C(C([*])=O)C=C1)NC2=CCC(N[*])C=C2,,,0.5118833609788743,10.1155_2016_1235048_part_1.txt_¶Î1_Material2
[*]C1C(OC(C(C1O)O)OC2C(OC(C(C2O)O)O[*])CO)CO,O=C([*])C(C)O[*],[*]OCCCCOC(CCC([*])=O)=O,,,2.380211241711606,10.3390_jcs5020048_part_2.txt_¶Î1_Material2
[*]CC(C#N)[*],[H][O-],,,,1.230448921378274,10.4028_www.scientific.net_amr.1120-1121.576_part_1.txt_¶Î1_Material1
[*]C(C)C[*],C12=CC3=CC4=CC=CN=C4N=C3N=C1N=C5N=C6N=CC=CC6=CC5=C2,[*]C(C)C[*],,,1.230448921378274,10.1177_0021998317710319_part_1.txt_¶Î1_Material1
C[Si](C)(C[*])O[*],[H]O[H],,,,2.41161970596323,10.1002_app.50688_part_2.txt_¶Î1_Material1
[*]CC(O)COC(CCCCCCCCC(O[*])=O)=O,[*]CC(O)COC(CCCCCCCCC(O[*])=O)=O,[*]NC(C(N1CCCC1C(NCC(N2CC(CC2C(NC(C(NCC([*])=O)=O)CO)=O)O)=O)=O)=O)CCCCN,,,1.6989700043360187,10.1039_c7tb01078h_part_3.txt_¶Î1_Material1
O=C(C1=CC=C(C=C1)C(OCC[*])=O)O[*],[*]OC1C(O)C(O)C(OC2C(CO)OC([*])C(O)C2O)OC1CO,OCC(C(C(C1N)O)O[*])OC1OC2C(OC(C(C2O)N)[*])CO,,,1.0759117614827776,10.1016_j.carbpol.2010.04.077_part_2.txt_¶Î1_Material2
O=C([*])C1=CC=C(C=C1)OC2=CC=C(C=C2)OC3=CC=C(C=C3)[*],C12=CC3=CC4=CC=CN=C4N=C3N=C1N=C5N=C6N=CC=CC6=CC5=C2,,,,0.3010299956639812,10.1016_j.polymertesting.2020.106925_part_11.txt_¶Î1_Material2
OC1C(O[*])C(C(O[Ca]O2)=O)OC(OC3C(O)C(O)C(OC4C(C(O[Ca]O5)=O)OC(OC6C(O)C(O)C(OC7C(C(O[Ca]O8)=O)OC(OC9C(O)C(O)C([*])OC9C8=O)C(O)C7O)OC6C5=O)C(O)C4O)OC3C2=O)C1O,[*]C(F)(C(F)([*])F)F,,,,1.6434526764861874,10.1016_j.desal.2016.03.019_part_1.txt_¶Î1_Material1
[*]C([H])([H])C(O)([H])[*],O=C(O)C([*])C[*],[K+].[OH-],OCC1OC(OC2C(O)C(O)C(O[*])OC2CO)C(O)C(O)C1[*],,2.307496037913213,10.1007_s00339-021-04487-9_part_2.txt_¶Î1_Material1
[*]C([H])([H])C(O)([H])[*],OCC(C(C(C1N)O)O[*])OC1OC2C(OC(C(C2O)N)[*])CO,OCC1OC(C(C(C1[*])O)O)OC2C(C(C(OC2CO)O[*])O)O,[Zn]=O,,0.7781512503836436,10.2147_ijn.s60274_part_2.txt_¶Î1_Material1
[*]OCC[*],[*]OC1C(O)C(O)C(OC2C(CO)OC([*])C(O)C2O)OC1CO,,,,1.2041199826559248,10.1007_s10570-017-1611-4_part_2.txt_¶Î1_Material1
[*]C1=NC2=CC3=C(C=C2O1)OC(C4=CC=C(C=C4)[*])=N3,,,,,1.948412965778601,10.1002_app.46870_part_1.txt_¶Î1_Material1
O=C(C(C[*])[*])N,O=C(O)C([*])C[*],OC1=C2C(C3(O)C4C5C6=C7C8C(C9=CC(C(O)=O)=C(C=C(C=C%10C(O)=O)C%11%12)C(C%11=C%13C%14C%15%16C%17(O%16)C%18C%19=C%20C%21=C%22C(C(O)=C%23)=C%24C%25C%21=C%26C%19=C%27C%17=C%28C%14(O)C%12=C%10C=C%28CC%27=CC%26=CC%25=C(C(O)=O)C=C%24)C9=C7C%13(O)C5=C%15C3=C%18C%29%30C%20(O%30)C%31C%22C%23=C%32)=CC(C(O)=O)=CC8=CC6=C(C(O)=O)C4=C2)=C%29C%33=C%31C%32=C(C(O)=O)C=C%331,,,2.523746466811565,10.1002_adv.21563_part_2.txt_¶Î1_Material1
[*]C([H])([H])C(O)([H])[*],O=[Zr]=O,OCC1OC(C(C(C1[*])O)O)OC2C(C(C(OC2CO)O[*])O)O,,,1.0791812460476249,10.1007_s10924-017-1170-7_part_2.txt_¶Î1_Material1
[*]CC(C1=CC=C(C=C1)S(O)(=O)=O)[*],C[Si](C)(C[*])O[*],,,,1.9138138523837167,10.1016_j.orgel.2019.105451_part_1.txt_¶Î1_Material1
[*]OCC[*],[*]OCC[*],,,,2.4771212547196626,10.1021_jp105816s_part_1.txt_¶Î1_Material1
[*]CCC(CCCC(CCCC(C[*])C)C)C,[*]C1=C(C=CN2)C2=C([*])C(O)=C1O,,,,1.424881636631067,10.1016_j.reactfunctpolym.2021.104965_part_2.txt_¶Î1_Material1
[*]NC(C)C(N1CCCC1C([*])=O)=O,OCC1OC(C(C(C1[*])O)O)OC2C(C(C(OC2CO)O[*])O)O,,,,0.7708520116421442,10.1007_s10570-011-9624-x_part_2.txt_¶Î1_Material1
[*]CC[*],O=C(C1=CC=C(C([*])=O)C=C1)NC2=CCC(N[*])C=C2,,,,0.9294189257142929,10.1007_s10965-014-0439-y_part_2.txt_¶Î1_Material1
COC(C(C[*])([*])C)=O,,,,,1.2041199826559248,10.4028_www.scientific.net_kem.462-463.36_part_1.txt_¶Î1_Material1
[*]C/C=C/CCC(C=C)CC([*])C1=CC=CC=C1,[*]C/C=C/CCC([*])C#N,,,,2.531478917042255,10.1007_s00289-021-03576-2_part_3.txt_¶Î1_Material1
[*]C(CCCCCO[*])=O,[Na+].[Cl-],,,,2.0791812460476247,10.1002_app.36922_part_1.txt_¶Î1_Material1
[*]C([C@H](C)OC([C@H](C)O[*])=O)=O,[*]C(CCCCCO[*])=O,O=C([O-])[O-].[Ca+2],,,1.7781512503836436,10.1016_j.polymertesting.2013.02.008_part_1.txt_¶Î1_Material1
O=C(C(C[*])[*])N,OS(=O)(OOS(O)(=O)=O)=O.N.N,,,,3.4471580313422194,10.1007_s10965-019-1761-1_part_1.txt_¶Î1_Material1
OP(O)(O)=O,[*]C(CCCCCO[*])=O,,,,2.850033257689769,10.3144_expresspolymlett.2018.43_part_4.txt_¶Î1_Material2
[*]OC1C(C(OC(C1O)OC2C3C(C(OC2CO3)[*])O)CO)O,OCC(C(C(C1N)O)O[*])OC1OC2C(OC(C(C2O)N)[*])CO,O[Si](O)(O[Si](O)(O)O)O.[Al].[Al].O,,,1.3544926005894364,10.1016_j.foodhyd.2019.105471_part_1.txt_¶Î1_Material1
C/C(C[*])=C/C[*],O=[Si]=O,,,,2.806858029518817,10.1002_app.47560_part_2.txt_¶Î1_Material1
[*]OCCOC(CC(C([*])=O)C(C1CCCCC1)CC(CC(O)=O)C(OCCO)=O)=O,CCCCCC1OC1CC2OC2CCCCCCCC(OC(COC(CCCCCCCC3OC3CC4OC4CCCCC)=O)COC(CCCCCCCC5OC5CC6OC6CCCCC)=O)=O,,,,0.4771212547196624,10.1515_hf-2018-0160_part_1.txt_¶Î1_Material1
[*]OC(CC(OC(CC([*])=O)CC)=O)C,O=C([*])C(C)O[*],,,,1.0791812460476249,10.1002_mame.201100053_part_1.txt_¶Î1_Material1
[*]NCC(NC(C(ONCC(NC(C(NCC(NC(C([*])=O)C)=O)=O)C)=O)=O)CO)=O,[*]C(CCCCCO[*])=O,,,,2.1760912590556813,10.1177_155892501701200303_part_3.txt_¶Î1_Material2
[*]OCC[*],[*]OCC[*],[*]OCC[*],,,1.792391689498254,10.1002_mabi.201600479_part_1.txt_¶Î1_Material1
O=C(O)C([*])C[*],O=C(O[Na])COCC(OC(C(C1O)O)[*])C1OC(C(C(C2O[*])O)O)OC2COCC(O[Na])=O,[Fe+3],[Na+].[Cl-],,2.8750612633917,10.1007_s10570-019-02797-z_part_1.txt_¶Î1_Material1
[*]CC(COC1=CC=C(C=C1)C(C)(C)C2=CC=C(C=C2)O[*])O,[Na+].[Cl-],,,,0.1760912590556812,10.1016_j.compositesb.2019.106910_part_2.txt_¶Î1_Material1
[*]C(CCCCCO[*])=O,[*]C(CCCCCO[*])=O,C=C([CH3])C(=O)OC([CH3])[CH3],,,2.3634239329171765,10.1002_pat.5367_part_2.txt_¶Î1_Material2
O=C([*])C1=CC=C(C=C1)OC2=CC=C(C=C2)OC3=CC=C(C=C3)[*],O=[Al]O[Al]=O,,,,0.9030899869919436,10.1016_j.compstruct.2018.03.062_part_1.txt_¶Î1_Material2
[*]C(C)C[*],[*]C/C=C\CCC(C=C)[*],CCCCCCCCCCCCCCCCCCOC(CCC1=CC(C(C)(C)C)=C(C(C(C)(C)C)=C1)O)=O,,,2.3010299956639813,10.4028_www.scientific.net_amr.581-582.627_part_1.txt_¶Î1_Material1
[*]CC[*],[*]CC(COC1=CC=C(C=C1)C(C)(C)C2=CC=C(C=C2)O[*])O,O=[Si]=O,,,0.5563025007672873,10.3390_ma13245628_part_4.txt_¶Î1_Material1
O=C([*])C(C)O[*],[*]C(NC1=C(C)C(NC(OCCO[*])=O)=CC=C1)=O,CCCC[Sn](OC(CC(C)CCCCCCCC)=O)(OC(CCCCCCCCCCC)=O)CCCC,,,2.7130282817603546,10.1021_ie503092w_part_1.txt_¶Î1_Material1
O=C([*])C(C)O[*],[*]C(CCCCC(OCCCCO[*])=O)=O,O=C([*])C(C)O[*],,,1.6924062348336306,10.1134_s0965545x1703018x_part_2.txt_¶Î1_Material2
[*]CC[*],C=C([CH3])C(=O)O[CH3],COC(C(C[*])([*])C)=O,,,1.9822712330395684,10.1021_ma302187b_part_1.txt_¶Î1_Material1
O=C([*])CCCCCN[*],[*]C1OC(CCC)OC(C[*])C1,,,,0.9444826721501688,10.4028_www.scientific.net_msf.798-799.743_part_1.txt_¶Î1_Material1
[*]C(CCCCCO[*])=O,[*]CC(O)COC(CCCCCCCCC(O[*])=O)=O,NC(C=O)C(O)C(OC1OC(C(=O)O)=CC(O)C1OS(O)(=O)=O)C(O)CO,,,2.462397997898956,10.1021_acsomega.7b00460_part_1.txt_¶Î1_Material1
[*]CCCC([*])OC(C)=O,[*]C(CCCCC(OCCCCO[*])=O)=O,,,,2.903089986991944,10.1088_1757-899x_965_1_012032_part_1.txt_¶Î1_Material1
[*]C/C=C/CCC([*])C#N,O=C([*])C(C)O[*],,,,2.428134794028789,10.1080_09276440.2016.1170518_part_2.txt_¶Î1_Material1
[*]C([H])([H])C(O)([H])[*],[*]OCC1C(C(C(CC1CO)COCC2C(C(C(CC2CO)C[*])O)COCC3C(C(C(C(O3)CO)O)O)COCC4C(C(C(C(O4)C(O)=O)COCC5C(C(C(C(O5)C(O)=O)O)O)O)O)O)O)O,[*]OCC1C(C(C(CC1CO)COCC2C(C(C(CC2CO)C[*])O)COCC3C(C(C(C(O3)CO)O)O)COCC4C(C(C(C(O4)C(O)=O)COCC5C(C(C(C(O5)C(O)=O)O)O)O)O)O)O)O,,,2.4885507165004443,10.1016_j.carbpol.2013.02.043_part_1.txt_¶Î1_Material1
[*]C1C(OC(C(C1O)O)OC2C(OC(C(C2O)O)O[*])CO)CO,[*]CC[*],,,,1.110589710299249,10.4028_www.scientific.net_kem.800.210_part_1.txt_¶Î1_Material1
CC1(CC(CC(C)(C1)C)N=C=O)CN=C=O,O=C(C1=CC=C(C=C1)C(OCC[*])=O)O[*],,,,1.3372595397502758,10.1007_s11998-016-9847-8_part_1.txt_¶Î1_Material1
O=C([*])CCCCCN[*],FC(F)([*])C([H])([*])[H],,,,1.3180633349627615,10.3390_polym12071572_part_1.txt_¶Î1_Material1
O=C([*])C(C)O[*],[*]C(CCCCCO[*])=O,[Ag],,,2.0354297381845483,10.23880_fsnt-16000131_OA_part_1.txt_¶Î1_Material1
[*]CCCC([*])OC(C)=O,[*]CCCC([*])OC(C)=O,,,,1.2041199826559248,10.1016_j.mtcomm.2021.102634_part_1.txt_¶Î1_Material1
[*]C([H])([H])C(O)([H])[*],[*]CC(C#N)[*],OS(=O)(OOS(O)(=O)=O)=O.N.N,,,2.3010299956639813,10.1016_j.electacta.2016.06.098_part_1.txt_¶Î1_Material1
[*]C([H])([H])C(O)([H])[*],O=C([*])C(C)O[*],OCC1OC(C(C(C1[*])O)O)OC2C(C(C(OC2CO)O[*])O)O,OCC(O)CO,,1.1760912590556811,10.1016_j.reactfunctpolym.2021.105013_part_2.txt_¶Î1_Material1
O=C([*])CCCCCN[*],[*]C(C)C[*],C12=CC3=CC4=CC=CN=C4N=C3N=C1N=C5N=C6N=CC=CC6=CC5=C2,,,0.4313637641589873,10.3390_ma11030429_part_2.txt_¶Î1_Material1
O=C(C(C[*])[*])N,O=C(O[Na])COCC(OC(C(C1O)O)[*])C1OC(C(C(C2O[*])O)O)OC2COCC(O[Na])=O,[Fe+3],,,2.9912260756924947,10.1016_j.carbpol.2017.09.030_part_4.txt_¶Î1_Material1
O=C([*])C(C)O[*],O=C([CH3])[CH3],,,,0.9912260756924948,10.1016_j.colsurfa.2019.123591_part_2.txt_¶Î1_Material1
O=C(C(C[*])[*])N,O=C(O)C([*])C[*],O=[Si]=O.O=[Al]O[Al]=O.O=[Si]=O.O=[Si]=O.O=[Si]=O.O,,,2.7781512503836434,10.1007_s00289-015-1362-z_part_1.txt_¶Î1_Material1
[*]C(NC1=C(C)C(NC(OCCO[*])=O)=CC=C1)=O,C/C(C[*])=C/C[*],O=[Ti]=O,,,2.4771212547196626,10.3390_polym13010143_part_4.txt_¶Î1_Material1
O=C(C1=CC=C(C=C1)C(OCC[*])=O)O[*],O=C([*])C(C)O[*],,,,0.6989700043360189,10.1051_matecconf_201925302005_part_1.txt_¶Î1_Material1
O=C([*])C(C)O[*],[*]C(NC1=C(C)C(NC(OCCO[*])=O)=CC=C1)=O,OCC1OC(C(C(C1[*])O)O)OC2C(C(C(OC2CO)O[*])O)O,,,2.0542299098633974,10.1007_s10570-019-02775-5_part_3.txt_¶Î1_Material1
[*]CC(COC1=CC=C(C=C1)C(C)(C)C2=CC=C(C=C2)O[*])O,O=C([*])C(C)O[*],,,,0.3010299956639812,10.1016_j.polymertesting.2020.106923_part_1.txt_¶Î1_Material1
OP(O)(O)=O,[*]C(NC1=C(C)C(NC(OCCO[*])=O)=CC=C1)=O,,,,2.417803722639881,10.4028_www.scientific.net_amr.1015.381_part_1.txt_¶Î1_Material1
CC(C[*])O[*],[*]C(NC1=C(C)C(NC(OCCO[*])=O)=CC=C1)=O,OCC(O)CO,,,2.3654879848909,10.12925_jkocs.2015.32.1.100_OA_part_1.txt_¶Î1_Material1
OCC1OC(C(C(C1[*])O)O)OC2C(C(C(OC2CO)O[*])O)O,[*]OCC[*],[Zn]=O,,,1.2597133053907308,10.1038_pj.2011.97_part_2.txt_¶Î1_Material2
[*]C1C(OC(C(C1O)O)OC2C(OC(C(C2O)O)O[*])CO)CO,[*]C1C(C(C(OC1C(O[Na])=O)OC2C(C(O[Na])=O)OC(O[*])C(O)C2O)O)O,[*]C([H])([H])C(O)([H])[*],,,1.3492775274679554,10.1002_star.201400119_part_1.txt_¶Î1_Material1
[*]C([H])([H])C(O)([H])[*],CCCCCCCCCCCCCCCC[N+](C)(C)C.[Br-],,,,1.7846172926328754,10.1177_0731684418761224_part_2.txt_¶Î1_Material1
[*]C1C(C(C(OC1C(O[Na])=O)OC2C(C(O[Na])=O)OC(O[*])C(O)C2O)O)O,OCC(C(C(C1N)O)O[*])OC1OC2C(OC(C(C2O)N)[*])CO,[Ca+2],,,1.1335389083702174,10.1016_j.carbpol.2013.10.053_part_2.txt_¶Î1_Material1
O=C(C1=CC=C(C=C1)C(OCC[*])=O)O[*],[*]CC[*],O=[Al]O[Al]=O.O=[Si]=O.O=[Si]=O.O=[Si]=O,,,1.1335389083702174,10.1515_polyeng-2013-0107_part_2.txt_¶Î1_Material1
[*]C1C(C(C(OC1C(O[Na])=O)OC2C(C(O[Na])=O)OC(O[*])C(O)C2O)O)O,[*]OCC[*],C=C([CH3])C(=O)OC([CH3])[CH3],,,1.4771212547196624,10.1007_s42452-020-2936-4_part_2.txt_¶Î1_Material1
C[Si](C)(C[*])O[*],FC(F)([*])C([H])([*])[H],,,,1.792391689498254,10.1039_c9se01120j_part_1.txt_¶Î1_Material1
[*]C(NC1=C(C)C(NC(OCCO[*])=O)=CC=C1)=O,CNC(CNC(CN)=O)=O,,,,1.7234556720351857,10.3390_polym12040836_part_2.txt_¶Î1_Material1
[*]C1C(OC(C(C1O)O)OC2C(OC(C(C2O)O)O[*])CO)CO,[*]NC(C(N1CCCC1C(NCC(N2CC(CC2C(NC(C(NCC([*])=O)=O)CO)=O)O)=O)=O)=O)CCCCN,C(CC=O)CC=O,,,0.5352941200427705,10.1016_j.ijbiomac.2017.11.083_part_3.txt_¶Î1_Material1
O=C([*])C(C)O[*],[*]C(CCCCCO[*])=O,O1C(=O)C=CC1=O,,,1.1760912590556811,10.1016_j.compstruct.2017.01.071_part_3.txt_¶Î1_Material1
O=C(C(C[*])[*])N,OC1C(C(OC(C1O)OC2C(OC(C(C2O)O)OC3C(C(C(OC3C(OC)=O)OC4C(OC(C(C4O)O)[*])C(O)=O)O)O)C(OC)=O)C(O)=O)O[*],,,,3.113943352306837,10.1039_c7sm02005h_part_2.txt_¶Î1_Material1
[*]CCCC([*])OC(C)=O,[*]C(N(CN(C(OCOC(N(CN(C(OCCO[*])=O)[H])[H])=O)=O)[H])[H])=O,,,,2.948412965778601,10.1080_03602559.2016.1227843_part_5.txt_¶Î1_Material1
[*]NCC(NC(C(ONCC(NC(C(NCC(NC(C([*])=O)C)=O)=O)C)=O)=O)CO)=O,OC1=C2C(C3(O)C4C5C6=C7C8C(C9=CC(C(O)=O)=C(C=C(C=C%10C(O)=O)C%11%12)C(C%11=C%13C%14C%15%16C%17(O%16)C%18C%19=C%20C%21=C%22C(C(O)=C%23)=C%24C%25C%21=C%26C%19=C%27C%17=C%28C%14(O)C%12=C%10C=C%28CC%27=CC%26=CC%25=C(C(O)=O)C=C%24)C9=C7C%13(O)C5=C%15C3=C%18C%29%30C%20(O%30)C%31C%22C%23=C%32)=CC(C(O)=O)=CC8=CC6=C(C(O)=O)C4=C2)=C%29C%33=C%31C%32=C(C(O)=O)C=C%331,[Au],,,1.6020599913279625,10.1039_c5ra24225h_part_1.txt_¶Î1_Material1
O=C([*])C(C)O[*],[*]C1C(OC(C(C1O)O)OC2C(OC(C(C2O)O)O[*])CO)CO,OC(C(CC(O)=O)(CC(O)=O)O)=O,OCC(O)CO,,1.930949031167523,10.4028_www.scientific.net_ssp.264.156_part_1.txt_¶Î1_Material1
[*]CC[*],[*]CCC(CCCCCC)C[*],,,,2.6848453616444123,10.1016_j.polymertesting.2021.107094_part_2.txt_¶Î1_Material1
[*]C([H])([H])C(O)([H])[*],O=P([O-])([O-])[O-].[Ca+2].[Ca+2].[OH-],O=[Si]=O,,,1.5314789170422551,10.1002_app.33233_part_2.txt_¶Î1_Material1
O=C([*])OC1=CC=C(C=C1)C(C)(C)C2=CC=C(C=C2)O[*],[*]CC(CCCC(CC)CC([*])C1=CC=CC=C1)C2=CC=CC=C2,,,,2.153814864344529,10.1080_03602559.2018.1466167_part_1.txt_¶Î1_Material1
O=C([*])C(C)O[*],[*]C(CCCCC(OCCCCO[*])=O)=O,[*]C(CCCCC(OCCCCO[*])=O)=O,,,2.0791812460476247,10.1016_j.polymer.2015.03.055_part_1.txt_¶Î1_Material1
O=C(C1=CC=C(C=C1)C(OCC[*])=O)O[*],[*]CC(COC1=CC=C(C=C1)C(C)(C)C2=CC=C(C=C2)O[*])O,[*]NC1=CC=C([*])C=C1,,,1.6506959797606109,10.1016_j.compositesa.2011.04.005_part_1.txt_¶Î1_Material1
[*]CC[*],FC(F)([*])C([H])([*])[H],,,,1.608526033577194,10.1016_j.jpowsour.2020.229155_part_1.txt_¶Î1_Material1
[*]C1C(C(C(OC1C(O[Na])=O)OC2C(C(O[Na])=O)OC(O[*])C(O)C2O)O)O,[*]C([H])([H])C(O)([H])[*],,,,1.957607287060096,10.1016_j.ijbiomac.2017.10.162_part_1.txt_¶Î1_Material1
[*]C(CCCCCO[*])=O,OCC1OC(C(C(C1[*])O)O)OC2C(C(C(OC2CO)O[*])O)O,,,,1.230448921378274,10.1166_jctn.2015.3806_part_1.txt_¶Î1_Material3
O=C(CCCCC(N(CCCCCCN([*])[H])[H])=O)[*],O=C([*])CCCCCN[*],[*]C(F)(C(F)([*])F)F,S=[Mo]=S,,1.362105319293773,10.1016_j.matpr.2021.08.296_part_1.txt_¶Î1_Material3
[*]CCCCO[*],O=C=NC(C=C1)=CC=C1CC2=CC=C(C=C2)N=C=O,CCCC[Sn](CCCC)(OC(CCCCCCCCCCC)=O)OC(CCCCCCCCCCC)=O,,,3.0791812460476247,10.2478_pjct-2013-0070_part_1.txt_¶Î1_Material2
O=C([*])C1=CC=C(C=C1)OC2=CC=C(C=C2)OC3=CC=C(C=C3)[*],O=[Zr]=O,,,,0.7708520116421442,10.1016_j.compstruct.2018.03.062_part_1.txt_¶Î1_Material3
[*]C(F)(C(F)([*])F)F,[*]CC[*],,,,1.0606978403536116,10.1016_j.polymer.2021.123506_part_2.txt_¶Î1_Material1
OC1C(O[*])C(C(O[Ca]O2)=O)OC(OC3C(O)C(O)C(OC4C(C(O[Ca]O5)=O)OC(OC6C(O)C(O)C(OC7C(C(O[Ca]O8)=O)OC(OC9C(O)C(O)C([*])OC9C8=O)C(O)C7O)OC6C5=O)C(O)C4O)OC3C2=O)C1O,[*]C([H])([H])C(O)([H])[*],,,,1.8608767964032973,10.1007_s13233-018-6040-0_part_2.txt_¶Î1_Material1
CCCCCCC1=C(SC([*])=C1)[*],[*]C(NC1=C(C)C(NC(OCCO[*])=O)=CC=C1)=O,,,,2.342422680822206,10.3390_polym11071195_part_2.txt_¶Î1_Material2
O=C(C(C[*])[*])N,OCC1OC(C(C(C1[*])O)O)OC2C(C(C(OC2CO)O[*])O)O,[Fe+3],,,2.7634279935629373,10.1016_j.carbpol.2018.03.086_part_2.txt_¶Î1_Material1
[*]C(C)C[*],[*]C1=CC=C([*])N1,OC1=C2C(C3(O)C4C5C6=C7C8C(C9=CC(C(O)=O)=C(C=C(C=C%10C(O)=O)C%11%12)C(C%11=C%13C%14C%15%16C%17(O%16)C%18C%19=C%20C%21=C%22C(C(O)=C%23)=C%24C%25C%21=C%26C%19=C%27C%17=C%28C%14(O)C%12=C%10C=C%28CC%27=CC%26=CC%25=C(C(O)=O)C=C%24)C9=C7C%13(O)C5=C%15C3=C%18C%29%30C%20(O%30)C%31C%22C%23=C%32)=CC(C(O)=O)=CC8=CC6=C(C(O)=O)C4=C2)=C%29C%33=C%31C%32=C(C(O)=O)C=C%331,[*]C(C)C[*],,1.0770043267933502,10.1080_03602559.2014.909472_part_2.txt_¶Î1_Material2
[*]C(N(CN(C(OCOC(N(CN(C(OCCO[*])=O)[H])[H])=O)=O)[H])[H])=O,OCC1OC(C(C(C1[*])O)O)OC2C(C(C(OC2CO)O[*])O)O,,,,3.041392685158225,10.1021_acsami.9b00136_part_2.txt_¶Î1_Material1
CC1(CC(CC(C)(C1)C)N=C=O)CN=C=O,C[Si](C)(C[*])O[*],[*]C(CCCCCO[*])=O,,,2.0576661039098294,10.1016_j.polymertesting.2020.106485_part_1.txt_¶Î1_Material2
[*]C(C)C[*],[*]C(C)C[*],CCCCCCCCCCCCCCCCCCOC(CCC1=CC(C(C)(C)C)=C(C(C(C)(C)C)=C1)O)=O,NC1=CC=C(C=C1)/C2=C3C=C/C(N\3)=C(C4=N/C(C=C4)=C(C5=CC=C(N5)/C(C6=CC=CC=C6)=C7N=C2C=C\7)/C8=CC=CC=C8)\C9=CC=CC=C9,,1.1846914308175989,10.1007_s12221-015-5347-1_part_1.txt_¶Î1_Material1
[*]OC1C(C(OC(C1O)OC2C3C(C(OC2CO3)[*])O)CO)O,[*]NC(C(N1CCCC1C(NCC(N2CC(CC2C(NC(C(NCC([*])=O)=O)CO)=O)O)=O)=O)=O)CCCCN,OC(C(CC(O)=O)(CC(O)=O)O)=O,,,1.354108439147401,10.3390_polym12020291_part_2.txt_¶Î1_Material1
[*]CC(COC1=CC=C(C=C1)C(C)(C)C2=CC=C(C=C2)O[*])O,[*]OC1C(O)C(O)C(OC2C(CO)OC([*])C(O)C2O)OC1CO,,,,0.3979400086720376,10.1177_1528083720901864_part_3.txt_¶Î1_Material2
[*]CC[*],O=C([*])C(C)O[*],,,,1.1643528557844371,10.1134_s0965545x16010077_part_1.txt_¶Î1_Material1
O=C([*])CCCCCN[*],O=C([*])OC1=CC=C(C=C1)C(C)(C)C2=CC=C(C=C2)O[*],[*]CCC(CCCC(CCCC(C[*])C)C)C,,,2.13956426617585,10.1080_00222348.2011.565273_part_2.txt_¶Î1_Material1
OCC(C(C(C1N)O)O[*])OC1OC2C(OC(C(C2O)N)[*])CO,OCC1OC(C(C(C1[*])O)O)OC2C(C(C(OC2CO)O[*])O)O,OC1=C2C(C3(O)C4C5C6=C7C8C(C9=CC(C(O)=O)=C(C=C(C=C%10C(O)=O)C%11%12)C(C%11=C%13C%14C%15%16C%17(O%16)C%18C%19=C%20C%21=C%22C(C(O)=C%23)=C%24C%25C%21=C%26C%19=C%27C%17=C%28C%14(O)C%12=C%10C=C%28CC%27=CC%26=CC%25=C(C(O)=O)C=C%24)C9=C7C%13(O)C5=C%15C3=C%18C%29%30C%20(O%30)C%31C%22C%23=C%32)=CC(C(O)=O)=CC8=CC6=C(C(O)=O)C4=C2)=C%29C%33=C%31C%32=C(C(O)=O)C=C%331,,,0.9777236052888476,10.1016_j.compositesa.2016.03.011_part_2.txt_¶Î1_Material1
O=C([*])C(C)O[*],O=C(C1=CC=C(C=C1)C(OCC[*])=O)O[*],,,,1.4578818967339924,10.1016_j.matdes.2014.03.016_part_2.txt_¶Î1_Material1
[*]NCCCCCCCCCCCC([*])=O,C/C(C[*])=C/C[*],,,,1.845098040014257,10.1007_s10965-016-0985-6_part_2.txt_¶Î1_Material1
O=C([*])OC1=CC=C(C=C1)C(C)(C)C2=CC=C(C=C2)O[*],OCC1OC(C(C(C1[*])O)O)OC2C(C(C(OC2CO)O[*])O)O,,,,1.843232778098009,10.1007_s11051-013-1562-0_part_1.txt_¶Î1_Material1
OCC(C(C(C1N)O)O[*])OC1OC2C(OC(C(C2O)N)[*])CO,C(CC=O)CC=O,,,,1.0413926851582251,10.3390_polym10020117_part_4.txt_¶Î1_Material1
OCC(C(C(C1N)O)O[*])OC1OC2C(OC(C(C2O)N)[*])CO,OCC1OC(C(C(C1[*])O)O)OC2C(C(C(OC2CO)O[*])O)O,OCC(O)CO,,,1.8115750058705933,10.3390_polym11030491_part_1.txt_¶Î1_Material1
O=C(C1=CC=C(C=C1)C(NC2=CC=C([*])C=C2)=O)NC3=CC=C([*])C=C3,FC(F)([*])C([H])([*])[H],[*]OCC[*],,,1.3220124385824004,10.1177_1528083719858759_part_5.txt_¶Î1_Material1
[*]NC(C1=CC=C2C(C(N(C2=O)C3=CC=C(C=C3)CC4=CC=C([*])C=C4)=O)=C1)=O,[*]C(N(CN(C(OCOC(N(CN(C(OCCO[*])=O)[H])[H])=O)=O)[H])[H])=O,OC1=C2C(C3(O)C4C5C6=C7C8C(C9=CC(C(O)=O)=C(C=C(C=C%10C(O)=O)C%11%12)C(C%11=C%13C%14C%15%16C%17(O%16)C%18C%19=C%20C%21=C%22C(C(O)=C%23)=C%24C%25C%21=C%26C%19=C%27C%17=C%28C%14(O)C%12=C%10C=C%28CC%27=CC%26=CC%25=C(C(O)=O)C=C%24)C9=C7C%13(O)C5=C%15C3=C%18C%29%30C%20(O%30)C%31C%22C%23=C%32)=CC(C(O)=O)=CC8=CC6=C(C(O)=O)C4=C2)=C%29C%33=C%31C%32=C(C(O)=O)C=C%331,,,2.406540180433955,10.1080_25740881.2020.1793197_part_1.txt_¶Î1_Material1
C/C(C[*])=C/C[*],[*]C/C=C/CCC(C=C)CC([*])C1=CC=CC=C1,CCO,,,2.222716471147584,10.1016_j.radphyschem.2010.08.015_part_2.txt_¶Î1_Material1
[*]C1=C(C(C[*])=CC=C1)O,,,,,1.6821450763738317,10.1016_j.polymer.2019.122053_part_2.txt_¶Î1_Material1
O=C([*])CCCCCN[*],O=[Ti]=O,,,,1.839854984601885,10.1002_pc.22292_part_2.txt_¶Î1_Material1
[*]C1C(O)C(O)C(OC2C(O)C(O)C(O[*])OC2COCCO)OC1COCCO,[*]C([H])([H])C(O)([H])[*],,,,1.4468477101558088,10.1021_acsabm.9b00589_part_2.txt_¶Î1_Material1
[*]C([H])([H])C(O)([H])[*],FC(F)([*])C([H])([*])[H],O=[Ti]=O,,,2.1172712956557644,10.1007_s11581-016-1925-5_part_1.txt_¶Î1_Material3
O=C(C1=CC=C(C=C1)C(OCC[*])=O)O[*],C12=CC3=CC4=CC=CN=C4N=C3N=C1N=C5N=C6N=CC=CC6=CC5=C2,,,,1,10.1177_0021998316672091_part_1.txt_¶Î1_Material1
[*]CC([*])Cl,[*]CC(C(OC)=O)(CC(C/C=C/CCC(C1=CC=CC=C1)[*])C#N)C,,,,2.037426497940624,10.1002_app.46839_part_2.txt_¶Î1_Material1
[*]CC(OC(O[*])=O)C,[*]C(N(CN(C(OCOC(N(CN(C(OCCO[*])=O)[H])[H])=O)=O)[H])[H])=O,O=C(O)CCCCCCCCCCCCCCCCC,CC1=CC(O)=C(C=C1CCCC(C2=C(C=C(C(C(C)(C)C)=C2)O)C)C3=CC(C(C)(C)C)=C(C=C3C)O)C(C)(C)C,,2.8750612633917,10.1002_app.45974_part_2.txt_¶Î1_Material1
[*]C(N(CN(C(OCOC(N(CN(C(OCCO[*])=O)[H])[H])=O)=O)[H])[H])=O,C[Si](C)(C[*])O[*],O=P([O-])([O-])[O-].[Ca+2].[Ca+2].[OH-],,,2.724275869600789,10.1016_j.mtcomm.2018.06.013_part_2.txt_¶Î1_Material1
[*]C(N(CN(C(OCOC(N(CN(C(OCCO[*])=O)[H])[H])=O)=O)[H])[H])=O,[Ag],,,,2.7781512503836434,10.26599_nr.2025.94907615_OA_part_1.txt_¶Î1_Material1
[*]NC(C(N1CCCC1C(NCC(N2CC(CC2C(NC(C(NCC([*])=O)=O)CO)=O)O)=O)=O)=O)CCCCN,[*]C([H])([H])C(O)([H])[*],OCC(O)CO,,,1.0856472882968566,10.1080_1023666x.2016.1176638_part_1.txt_¶Î1_Material1
C/C(C[*])=C/C[*],[*]C/C=C/CCC([*])C#N,,,,2.7466341989375787,10.1016_j.polymer.2016.06.063_part_6.txt_¶Î1_Material1
O=C([*])C(C)O[*],OC(C(C)(CC(C1=CC=CC=C1)[*])CC(C[*])(C(OCC2CO2)=O)C)=O,,,,0.7403626894942439,10.1002_pat.4649_part_3.txt_¶Î1_Material1
[*]C(CCCCCO[*])=O,CCO[Si](OCC)(OCC)OCC,,,,2.204119982655925,10.1016_j.msec.2014.04.024_part_2.txt_¶Î1_Material2
[*]C(N(CN(C(OCOC(N(CN(C(OCCO[*])=O)[H])[H])=O)=O)[H])[H])=O,O=C(O)C([*])C[*],,,,1.9731278535996983,10.1016_j.polymer.2013.07.005_part_2.txt_¶Î1_Material1
[*]OCC[*],OC(C(C)(CC(C1=CC=CC=C1)[*])CC(C[*])(C(OCC2CO2)=O)C)=O,,,,1.3222192947339193,10.1016_j.actbio.2010.06.018_part_2.txt_¶Î1_Material1
[*]N1C(C2=CC3=C(C=C2C1=O)C(N(C3=O)C4=CC=C(C=C4)OC5=CC=C(C=C5)[*])=O)=O,[*]CC(C#N)[*],,,,1.2911467617318857,10.1016_j.polymer.2016.02.056_part_2.txt_¶Î1_Material1
O=C([*])C(C)O[*],[*]OCC[*],[*]OCC[*],OCC1OC(C(C(C1[*])O)O)OC2C(C(C(OC2CO)O[*])O)O,,0.6020599913279624,10.1007_s10570-017-1327-5_part_3.txt_¶Î1_Material1
[*]C([H])([H])C(O)([H])[*],C[Si](C)(C[*])O[*],O=C(O)CCCCCCCCCCCCCCCCC,,,2.7634279935629373,10.1038_s41598-018-34440-5_part_1.txt_¶Î1_Material1
OCC(C(C(C1N)O)O[*])OC1OC2C(OC(C(C2O)N)[*])CO,OC(C(CC(O)=O)(CC(O)=O)O)=O,OC(CO)CO,,,1.6532125137753435,10.1021_acsomega.9b03206_part_2.txt_¶Î1_Material1
[*]C(C)C[*],[*]C1C(OC(C(C1O)O)OC2C(OC(C(C2O)O)O[*])CO)CO,[*]C(C)C[*],,,1.146128035678238,10.1002_app.45740_part_1.txt_¶Î1_Material2
[*]CCC(CCCC(CCCC(C[*])C)C)C,S=[Mo]=S,,,,2.103803720955957,10.1002_pc.25110_part_2.txt_¶Î1_Material1
[*]C1C(OC(C(C1O)O)OC2C(OC(C(C2O)O)O[*])CO)CO,[*]C(NC1=C(C)C(NC(OCCO[*])=O)=CC=C1)=O,,,,2.735519058815171,10.1002_star.201900098_part_4.txt_¶Î1_Material1
[*]C(NC1=C(C)C(NC(OCCO[*])=O)=CC=C1)=O,CCO[Si](OCC)(OCC)OCC,,,,2.6469327921405266,10.4028_www.scientific.net_amr.239-242.855_part_1.txt_¶Î1_Material1
[*]C(NC1=C(C)C(NC(OCCO[*])=O)=CC=C1)=O,[*]C1=CC=C([*])N1,C[Si](C)(C[*])O[*],,,2.013553430541676,10.1088_1361-665x_aac0b2_part_2.txt_¶Î1_Material1
[*]C(C)C[*],CCCCCCCCCCCCCCCCCCOC(CCC1=CC(C(C)(C)C)=C(C(C(C)(C)C)=C1)O)=O,OCC(O)CO,,,0.7403626894942439,10.3144_expresspolymlett.2015.28_part_1.txt_¶Î1_Material1
O=C(C(C[*])[*])N,OCC(C(C(C1N)O)O[*])OC1OC2C(OC(C(C2O)N)[*])CO,,,,3.3029799367482493,10.1016_j.matdes.2018.11.045_part_3.txt_¶Î1_Material1
[*]NC(C)C(N1CCCC1C([*])=O)=O,CCN=C=NCCCN(C)C,ON1C(=O)CCC1=O,,,1.6020599913279625,10.1163_092050610x510542_part_3.txt_¶Î1_Material1
[*]NCC(NC(C(ONCC(NC(C(NCC(NC(C([*])=O)C)=O)=O)C)=O)=O)CO)=O,O=C(C1=CC=C(C=C1)C(OCC[*])=O)O[*],[*]NC(C)C(N1CCCC1C([*])=O)=O,,,1.5440680443502757,10.1016_j.eurpolymj.2019.03.035_part_2.txt_¶Î1_Material3
[*]CCCC([*])OC(C)=O,O=P([O-])([O-])[O-].[Ca+2].[Ca+2].[OH-],,,,1.1760912590556811,10.1002_app.32812_part_2.txt_¶Î1_Material1
[*]C(CCCCCO[*])=O,O=C=NC(C=C1)=CC=C1CC2=CC=C(C=C2)N=C=O,O=C=NC(C=C1)=CC=C1CC2=CC=C(C=C2)N=C=O,,,2.7168377232995247,10.1016_j.msec.2019.04.073_part_2.txt_¶Î1_Material1
[*]C1C(OC(C(C1O)O)OC2C(OC(C(C2O)O)O[*])CO)CO,O=C([*])C(C)O[*],O=C(O[Na])COCC(OC(C(C1O)O)[*])C1OC(C(C(C2O[*])O)O)OC2COCC(O[Na])=O,OCC(O)CO,,1.668385917,10.1080_02670844.2019.1664086_part_1.txt_¶Î1_Material1
[*]N1C(C2=CC3=C(C=C2C1=O)C(N(C3=O)C4=CC=C(C=C4)OC5=CC=C(C=C5)[*])=O)=O,[*]C1=NC2=CC3=C(C=C2O1)OC(C4=CC=C(C=C4)[*])=N3,,,,0.8450980400142568,10.1080_03602559.2012.663042_part_1.txt_¶Î1_Material1
C(C)(C1=CC=C(OCC2CO2)C=C1)(C)C1=CC=C(OCC2CO2)C=C1,OC(C(C)(CC(C1=CC=CC=C1)[*])CC(C[*])(C(OCC2CO2)=O)C)=O,,,,0.7781512503836436,10.1016_j.engfracmech.2018.06.044_part_1.txt_¶Î1_Material2
[*]NC(C(N1CCCC1C(NCC(N2CC(CC2C(NC(C(NCC([*])=O)=O)CO)=O)O)=O)=O)=O)CCCCN,[*]NC(C(N1CCCC1C(NCC(N2CC(CC2C(NC(C(NCC([*])=O)=O)CO)=O)O)=O)=O)=O)CCCCN,[*]NC(C(N1CCCC1C(NCC(N2CC(CC2C(NC(C(NCC([*])=O)=O)CO)=O)O)=O)=O)=O)CCCCN,,,1.6901960800285136,10.1016_j.colsurfa.2020.124817_part_1.txt_¶Î1_Material1
[*]C1C(OC(C(C1O)O)OC2C(OC(C(C2O)O)O[*])CO)CO,OCC(C(C(C1N)O)O[*])OC1OC2C(OC(C(C2O)N)[*])CO,[*]C([H])([H])C(O)([H])[*],,,0.146128035678238,10.1002_masy.200900157_part_1.txt_¶Î1_Material1
[*]C(N(CN(C(OCOC(N(CN(C(OCCO[*])=O)[H])[H])=O)=O)[H])[H])=O,[*]C/C=C/CCC([*])C#N,[*]C/C=C/CCC([*])C#N,C/C(C[*])=C/C[*],,2.576341350205793,10.3390_polym11101663_part_2.txt_¶Î1_Material1
[*]C(CCCCCO[*])=O,CC1=CC=C(C=C1N=C=O)N=C=O,,,,2.6020599913279625,10.1007_s10965-012-9994-2_part_1.txt_¶Î1_Material3
[*]CC(C(OCC)=O)[*],CC1=CC=C(C=C1N=C=O)N=C=O,,,,2.544068044350276,10.1007_s10965-012-9994-2_part_1.txt_¶Î1_Material2
O=C=NC(C=C1)=CC=C1CC2=CC=C(C=C2)N=C=O,[*]C(CCCCCO[*])=O,,,,2.663323933628212,10.1016_j.wear.2018.10.009_part_1.txt_¶Î1_Material2
[*]O[C@@]([H])(C)C(O[C@](C)([H])C([*])=O)=O,[*]C([C@H](C)OC([C@H](C)O[*])=O)=O,,,,1.99563519459755,10.1002_app.42857_part_1.txt_¶Î1_Material1
O=C([*])C(C)O[*],[*]C(NC1=C(C)C(NC(OCCO[*])=O)=CC=C1)=O,O=[Ti]=O,,,2.4856504575326674,10.1016_j.polymdegradstab.2017.07.002_part_1.txt_¶Î1_Material1
[*]CC(C#N)[*],O=C(C(C[*])[*])N,[*]OCC[*],,,2.049218022670181,10.1021_acsami.7b11572_part_4.txt_¶Î1_Material1
O=C([*])C(C)O[*],[*]OCCCCOC(CCC([*])=O)=O,C[N+](CCO)(CCO)[3H],,,1.8750612633917,10.3390_polym13152489_part_4.txt_¶Î1_Material2
[*]C/C=C/CCC(C=C)CC([*])C1=CC=CC=C1,C/C(C[*])=C/C[*],[*]C/C=C/CCC(C=C)CC([*])C1=CC=CC=C1,,,2.7626035495668035,10.1007_s00289-015-1385-5_part_2.txt_¶Î1_Material2
O=C(O)C(C[*])CC(CC(C(C(O)=O)[*])C(O)=O)C(O)=O,O=[Al]O[Al]=O.O=[Si]=O.O=[Si]=O.O.O,,,,0.8518696007297664,10.1007_s10570-018-1865-5_part_2.txt_¶Î1_Material1
O=C([*])CCCCCN[*],OC(C(C)(CC(C1=CC=CC=C1)[*])CC(C[*])(C(OCC2CO2)=O)C)=O,,,,0.6989700043360189,10.1016_j.compositesb.2018.08.106_part_1.txt_¶Î1_Material1
[*]CC(COC1=CC=C(C=C1)C(C)(C)C2=CC=C(C=C2)O[*])O,[*]OCCOC(CC(C([*])=O)C(C1CCCCC1)CC(CC(O)=O)C(OCCO)=O)=O,,,,1.0791812460476249,10.1016_j.polymer.2016.09.084_part_1.txt_¶Î1_Material2
[*]C(N(CN(C(OCOC(N(CN(C(OCCO[*])=O)[H])[H])=O)=O)[H])[H])=O,[*]C1C(OC(C(C1O)O)OC2C(OC(C(C2O)O)O[*])CO)CO,,,,2.244524511570084,10.1016_j.carbpol.2011.09.098_part_1.txt_¶Î1_Material1
[*]C(NC1=C(C)C(NC(OCCO[*])=O)=CC=C1)=O,[*]CC(C#N)[*],,,,2.6989700043360187,10.1016_j.polymer.2020.122855_part_5.txt_¶Î1_Material1
[*]CCCC(C1C([*])C2CC1C/C2=C/C)C,[C],,,,2.397940008672037,10.1016_j.polymer.2020.122392_part_7.txt_¶Î1_Material3
[*]C(C)C[*],O=C([*])CCCCCN[*],CCCCCCCCCCCCCCCCCCOC(CCC1=CC(C(C)(C)C)=C(C(C(C)(C)C)=C1)O)=O,NC1=CC=C(C=C1)/C2=C3C=C/C(N\3)=C(C4=N/C(C=C4)=C(C5=CC=C(N5)/C(C6=CC=CC=C6)=C7N=C2C=C\7)/C8=CC=CC=C8)\C9=CC=CC=C9,,0.5797835966168101,10.1007_s12221-015-5347-1_part_1.txt_¶Î1_Material3
[*]C(N(CN(C(OCOC(N(CN(C(OCCO[*])=O)[H])[H])=O)=O)[H])[H])=O,[*]C(C1=CC=CC=C1)CC2C(OC(C2[*])=O)=O,,,,2.294466226161593,10.1177_096369351502400603_part_1.txt_¶Î1_Material1
[*]C1C(OC(C(C1O)O)OC2C(OC(C(C2O)O)O[*])CO)CO,[Zn]=O,,,,1.2263420871636308,10.1080_25740881.2020.1738466_part_2.txt_¶Î1_Material1
[*]C(CCCCC(OCCCCO[*])=O)=O,[*]C1C(OC(C(C1O)O)OC2C(OC(C(C2O)O)O[*])CO)CO,OCC1OC(C(C(C1[*])O)O)OC2C(C(C(OC2CO)O[*])O)O,,,2.39093510710338,10.1016_j.ijbiomac.2021.04.102_part_1.txt_¶Î1_Material1
C[Si](C)(C[*])O[*],[Au],,,,2.220631019448092,10.3390_en13071625_part_2.txt_¶Î1_Material1
[*]NC(C(N1CCCC1C(NCC(N2CC(CC2C(NC(C(NCC([*])=O)=O)CO)=O)O)=O)=O)=O)CCCCN,[*]C([C@H](C)OC([C@H](C)O[*])=O)=O,,,,1.0253058652647702,10.1016_j.ijbiomac.2010.06.002_part_2.txt_¶Î1_Material1
[*]C(N(CN(C(OCOC(N(CN(C(OCCO[*])=O)[H])[H])=O)=O)[H])[H])=O,COC1=CC(/C=C/C=O)=CC(OC2=CC(C(C(OC3=CC=C(C=C3OC)C(C(CO)=O)O)CO)O)=CC=C2OC4=CC(C(C(COC5=CC=C(C=C5)C(C(CO)=O)O)=O)O)=CC=C4O)=C1,,,,3.0553706852780818,10.1016_j.indcrop.2021.113739_part_2.txt_¶Î1_Material1
C/C(C[*])=C/C[*],[*]CCCC(C(O)=O)[*],[*]C(CCCCCO[*])=O,,,2.2137832993353044,10.1016_j.eurpolymj.2021.110488_part_1.txt_¶Î1_Material2
[*]CCCC([*])OC(C)=O,O=[Al]O[Al]=O.O=[Si]=O.O=[Si]=O.O=[Si]=O,,,,1.6020599913279625,10.4028_www.scientific.net_kem.559.43_part_1.txt_¶Î1_Material1
C[Si](C)(C[*])O[*],FC(F)([*])C([H])([*])[H],O=[Si]=O,,,1.803252211430457,10.1016_j.desal.2017.12.004_part_2.txt_¶Î1_Material1
C/C(C[*])=C/C[*],C/C(C[*])=C/C[*],[*]C/C=C/CCC(C=C)CC([*])C1=CC=CC=C1,[C],,2.6532125137753435,10.1016_j.compositesb.2016.04.060_part_3.txt_¶Î1_Material1
O=C([*])C(C)O[*],C12=CC3=CC4=CC=CN=C4N=C3N=C1N=C5N=C6N=CC=CC6=CC5=C2,O=C([*])C(C)O[*],,,1.0253058652647702,10.1177_0021998317708020_part_2.txt_¶Î1_Material1
C[Si](C)(C[*])O[*],C12=CC3=CC4=CC=CN=C4N=C3N=C1N=C5N=C6N=CC=CC6=CC5=C2,,,,2.4771212547196626,10.1016_j.compositesb.2019.01.090_part_6.txt_¶Î1_Material2
[*]C(C)C[*],C=C([CH3])C(=O)OC([CH3])[CH3],,,,0.6127838567197355,10.1177_0021998315573288_part_2.txt_¶Î1_Material1
[*]C(C=C1)=CC=C1S[*],[*]C1=C(C=CN2)C2=C([*])C(O)=C1O,[*]C1=C(C=CN2)C2=C([*])C(O)=C1O,,,1.3710678622717365,10.1007_s00289-016-1735-y_part_1.txt_¶Î1_Material1
[*]C(CCCCC(OCCCCOC(C1=CC=C(C(OCCCCO[*])=O)C=C1)=O)=O)=O,OCC(O)CO,,,,2,10.1007_s10924-021-02223-1_part_1.txt_¶Î1_Material1
[*]C([C@H](C)OC([C@H](C)O[*])=O)=O,OP(O)(O)=O,[*]C([C@H](C)OC([C@H](C)O[*])=O)=O,,,2.290034611362518,10.3390_polym11071193_part_2.txt_¶Î1_Material2
[*]C/C=C/CCC([*])C#N,[*]C/C=C/CCC([*])C#N,,,,2.6532125137753435,10.1515_polyeng-2016-0375_part_1.txt_¶Î1_Material1
[*]C([H])([H])C(O)([H])[*],OCC(O)CO,[H]O[H],,,2.812913356642856,10.1016_j.polymer.2017.01.051_part_4.txt_¶Î1_Material1
O=C(C1=CC=C(C=C1)C(OCC[*])=O)O[*],[*]C1C(C(C(OC1C(O[Na])=O)OC2C(C(O[Na])=O)OC(O[*])C(O)C2O)O)O,Cl[Ca]Cl,,,0.7781512503836436,10.4028_www.scientific.net_amr.627.835_part_1.txt_¶Î1_Material1
OCC(C(C(C1N)O)O[*])OC1OC2C(OC(C(C2O)N)[*])CO,[*]C([H])([H])C(O)([H])[*],OC(C(CC(O)=O)(CC(O)=O)O)=O,,,1.4771212547196624,10.1016_j.carbpol.2015.11.039_part_1.txt_¶Î1_Material2
[*]OCC[*],C=C([CH3])C(=O)O[CH3],CCCCCCCCCCCCCCCCCCOC(CCC1=CC(C(C)(C)C)=C(C(C(C)(C)C)=C1)O)=O,,,1.724275869600789,10.1002_pi.4167_part_1.txt_¶Î1_Material1
O=C(O[Na])COCC(OC(C(C1O)O)[*])C1OC(C(C(C2O[*])O)O)OC2COCC(O[Na])=O,[*]NC(C(N1CCCC1C(NCC(N2CC(CC2C(NC(C(NCC([*])=O)=O)CO)=O)O)=O)=O)=O)CCCCN,OCC(O)CO,,,1.1760912590556811,10.1016_j.carbpol.2019.03.094_part_1.txt_¶Î1_Material1
[*]C/C=C/CCC(C=C)CC([*])C1=CC=CC=C1,[*]OCC[*],,,,2.714329759745233,10.1002_app.34120_part_3.txt_¶Î1_Material1
[*]C([H])([H])C(O)([H])[*],CNC(CNC(CN)=O)=O,,,,2.3263973133471127,10.1088_1361-6528_ab9786_part_4.txt_¶Î1_Material1
O=C([*])CCCCCO[*],[*]NC(C(N1CCCC1C(NCC(N2CC(CC2C(NC(C(NCC([*])=O)=O)CO)=O)O)=O)=O)=O)CCCCN,,,,2.380211241711606,10.1177_0885328213502100_part_1.txt_¶Î1_Material1
[*]C(C=C1)=CC=C1S[*],,,,,0.6211762817750351,10.1002_pc.22222_part_2.txt_¶Î1_Material1
OCC1OC(C(C(C1[*])O)O)OC2C(C(C(OC2CO)O[*])O)O,[Al+3],,,,0.3010299956639812,10.1016_j.carbpol.2021.118507_part_1.txt_¶Î1_Material1
O=C(C(C[*])[*])N,[*]C1C(O)C(O)C(OC2C(O)C(O)C(O[*])OC2COCCO)OC1COCCO,[Ag+],,,2.8477761869823928,10.1016_j.carbpol.2021.117665_part_2.txt_¶Î1_Material1
[*]CC(C#N)[*],OCC1OC(C(C(C1O[*])O)O)[*],,,,0.6424645202421213,10.1515_epoly-2024-0062_OA_part_2.txt_¶Î1_Material1
[*]C(C)C[*],OCC1OC(C(C(C1[*])O)O)OC2C(C(C(OC2CO)O[*])O)O,C=C([CH3])C(=O)OC([CH3])[CH3],,,0.6464037262230695,10.1108_rpj-10-2018-0260_part_2.txt_¶Î1_Material1
[*]CCCC([*])OC(C)=O,[*]C/C=C/CCC(C=C)CC([*])C1=CC=CC=C1,,,,2.671172842715084,10.1179_1743289810y.0000000029_part_1.txt_¶Î1_Material1
C[Si](O[*])(C)[*],[O-][Si]([O-])([O-])O[Si]([O-])([O-])[O-].[Ca+2],,,,2.0791812460476247,10.1002_adfm.201907414_part_1.txt_¶Î1_Material1
[*]C(C(OC(CO[*])=O)C)=O,[*]NC(C)C(N1CCCC1C([*])=O)=O,[*]C(NC1=C(C)C(NC(OCCO[*])=O)=CC=C1)=O,,,1.8004421213362567,10.1002_jbm.b.33153_part_1.txt_¶Î1_Material2
O=C([*])OC1=CC=C(C=C1)C(C)(C)C2=CC=C(C=C2)O[*],C=C([CH3])C(=O)O[CH3],[*]C1C(C(C(OC1C(O[Na])=O)OC2C(C(O[Na])=O)OC(O[*])C(O)C2O)O)O,,,1.495405563146193,10.1002_pc.26226_part_2.txt_¶Î1_Material1
[*]C1=CC=C(C=C1)C(N[*])=O,O=C(CCCCC(N(CCCCCCN([*])[H])[H])=O)[*],,,,0.5797835966168101,10.5254_rct.12.88970_part_1.txt_¶Î1_Material1
[*]C(NC1=C(C)C(NC(OCCO[*])=O)=CC=C1)=O,[*]C1C(C(C(OC1C(O[Na])=O)OC2C(C(O[Na])=O)OC(O[*])C(O)C2O)O)O,,,,3,10.1016_j.carbpol.2013.03.039_part_1.txt_¶Î1_Material1
[*][C@H]1[C@H](O)[C@@H](O)[C@H](O[C@H]2[C@H]([C@@H](O)[C@H](O[C@H]3[C@H](O)[C@H](O)[C@H](O[C@H]4[C@H](O)[C@H](O)[C@H](O[*])O[C@@H]4CO)O[C@@H]3CO)O[C@@H]2COC(C)=O)O)O[C@@H]1CO,[*]C1OC2COC(C2OC3C(C(C(C(C3)CO)OS(=O)([O-])=O)O[*])O)C1OS(=O)([O-])=O,OC(CO)CO,,,1.3979400086720375,10.4028_www.scientific.net_amr.641-642.521_part_1.txt_¶Î1_Material1
[*]OC(CC(OC(CC([*])=O)CC)=O)C,[*]C(CCCCCO[*])=O,,,,2.342422680822206,10.1088_2053-1591_ab0eaa_part_4.txt_¶Î1_Material2
O=C([*])CCCCCN[*],OCC(C(C(C1N)O)O[*])OC1OC2C(OC(C(C2O)N)[*])CO,,,,1.14921911265538,10.1186_s12951-020-00602-9_part_2.txt_¶Î1_Material3
O=C(O[Na])COCC(OC(C(C1O)O)[*])C1OC(C(C(C2O[*])O)O)OC2COCC(O[Na])=O,O=[Al]O[Al]=O.O=[Si]=O.O=[Si]=O.O=[Si]=O,[Zn]=O,,,1.3554515201265174,10.1016_j.ijbiomac.2017.10.185_part_2.txt_¶Î1_Material1
[*]NC(C(N1CCCC1C(NCC(N2CC(CC2C(NC(C(NCC([*])=O)=O)CO)=O)O)=O)=O)=O)CCCCN,O=C(C1=CC=C(C=C1)OCCOC(C=C)=O)C(C)(C)O,,,,0.8692317197309762,10.1080_01694243.2012.707450_part_1.txt_¶Î1_Material2
[*]CC(C#N)[*],[*]NC1=CC=C([*])C=C1,,,,1.3681008517093514,10.1134_s0965545x1503013x_part_1.txt_¶Î1_Material1
OCC(C(C(C1N)O)O[*])OC1OC2C(OC(C(C2O)N)[*])CO,[*]OCC1C(C(C(CC1CO)COCC2C(C(C(CC2CO)C[*])O)COCC3C(C(C(C(O3)CO)O)O)COCC4C(C(C(C(O4)C(O)=O)COCC5C(C(C(C(O5)C(O)=O)O)O)O)O)O)O)O,OC1=C2C(C3(O)C4C5C6=C7C8C(C9=CC(C(O)=O)=C(C=C(C=C%10C(O)=O)C%11%12)C(C%11=C%13C%14C%15%16C%17(O%16)C%18C%19=C%20C%21=C%22C(C(O)=C%23)=C%24C%25C%21=C%26C%19=C%27C%17=C%28C%14(O)C%12=C%10C=C%28CC%27=CC%26=CC%25=C(C(O)=O)C=C%24)C9=C7C%13(O)C5=C%15C3=C%18C%29%30C%20(O%30)C%31C%22C%23=C%32)=CC(C(O)=O)=CC8=CC6=C(C(O)=O)C4=C2)=C%29C%33=C%31C%32=C(C(O)=O)C=C%331,,,2.049218022670181,10.1080_15421406.2020.1743440_part_1.txt_¶Î1_Material1
C/C(C[*])=C/C[*],C/C(C[*])=C/C[*],[*]C/C=C/CCC(C=C)CC([*])C1=CC=CC=C1,,,2.738384123512156,10.1007_s00289-015-1385-5_part_2.txt_¶Î1_Material1
O=C(O[*])CCCCCCCCCCN[*],[*]NCCCCCCCCCCCC([*])=O,,,,1.2966651902615312,10.1515_polyeng-2014-0161_part_1.txt_¶Î1_Material2
[*]NC(C(O)=O)CCC([*])=O,O=[Si]=O,CO[Si](OC)(OC)CCCOCC1CO1,,,0.5440680443502757,10.1016_j.polymer.2016.03.056_part_3.txt_¶Î1_Material1
[*]CC(C#N)[*],[Ag],[*]CC([*])N1CCCC1=O,,,1.2995072987004876,10.1007_s10853-014-8748-4_part_2.txt_¶Î1_Material1
C[Si](C)(C[*])O[*],[*]CC([*])N1CCCC1=O,,,,2.6232492903979003,10.1002_pen.24240_part_1.txt_¶Î1_Material4
[*]OCC1C(C(C(CC1CO)COCC2C(C(C(CC2CO)C[*])O)COCC3C(C(C(C(O3)CO)O)O)COCC4C(C(C(C(O4)C(O)=O)COCC5C(C(C(C(O5)C(O)=O)O)O)O)O)O)O)O,[*]NCC(NC(C(ONCC(NC(C(NCC(NC(C([*])=O)C)=O)=O)C)=O)=O)CO)=O,,,,1.413299764081252,10.1016_j.ijbiomac.2019.12.132_part_2.txt_¶Î1_Material1
[*]CC(COC1=CC=C(C=C1)C(C)(C)C2=CC=C(C=C2)O[*])O,O=[Ca].[O-][Si]([O-])([O-])[O-].[Ca+2].[Ca+2],,,,0.359835482339888,10.1155_2020_7573848_part_1.txt_¶Î1_Material1
[*]C(C)C[*],[Ag],,,,1.1760912590556811,10.1002_masy.201700026_part_1.txt_¶Î1_Material1
[*]CC(CC=CCC([*])C1=CC=CC=C1)C#N,O=C([*])CCCCCN[*],,,,1.3010299956639813,10.1007_s10965-010-9540-z_part_2.txt_¶Î1_Material1
C/C(C[*])=C/C[*],[*]C/C=C/CCC(C=C)CC([*])C1=CC=CC=C1,[C],,,2.534026106056135,10.1007_s13726-021-00971-4_part_2.txt_¶Î1_Material4
O=C=NC(C=C1)=CC=C1CC2=CC=C(C=C2)N=C=O,C[Si](C)(C[*])O[*],,,,2.532499586094662,10.1002_app.42521_part_3.txt_¶Î1_Material3
[*]NCC(NC(C(ONCC(NC(C(NCC(NC(C([*])=O)C)=O)=O)C)=O)=O)CO)=O,OCC(C(C(C1N)O)O[*])OC1OC2C(OC(C(C2O)N)[*])CO,[*]OCC[*],,,1.5563025007672873,10.4028_www.scientific.net_amr.634-638.1120_part_1.txt_¶Î1_Material1
OCC(O)CO,O=C(C1=CC=C(C=C1)C(OCC[*])=O)O[*],,,,1.6263403673750425,10.1007_s10973-012-2856-7_part_1.txt_¶Î1_Material1
[*]C(C)C[*],[Mg]=O,COC1=CC(/C=C/C=O)=CC(OC2=CC(C(C(OC3=CC=C(C=C3OC)C(C(CO)=O)O)CO)O)=CC=C2OC4=CC(C(C(COC5=CC=C(C=C5)C(C(CO)=O)O)=O)O)=CC=C4O)=C1,,,1.1760912590556811,10.3390_molecules25040864_part_2.txt_¶Î1_Material1
[*]C1C(OC(C(C1O)O)OC2C(OC(C(C2O)O)O[*])CO)CO,[*]C([H])([H])C(O)([H])[*],OCC1OC(OC2C(O)C(O)C(O[*])OC2CO)C(O)C(O)C1[*],,,0.724275869600789,10.4028_www.scientific.net_amr.583.32_part_1.txt_¶Î1_Material1
[*]/C=C\CC/C=C\CC(CC([*])C1=CC=CC=C1)C2=CC=CC=C2,[*]CC[*],[C],,,2.2671717284030137,10.1002_app.45512_part_2.txt_¶Î1_Material2
C/C(C[*])=C/C[*],[*]CC([*])Cl,[*]C/C=C/CCC([*])C#N,[*]C/C=C(C[*])\Cl,[C],2.6020599913279625,10.1088_1757-899x_509_1_012146_part_2.txt_¶Î1_Material1
[*]CC(COC1=CC=C(C=C1)C(C)(C)C2=CC=C(C=C2)O[*])O,[*]C(C)C[*],O=[Mg].O=[Si]=O.O=[Si]=O.O=[Si]=O.O=[Si]=O.O=[Mg].O=[Mg].O,,,0.6020599913279624,10.1177_0021998317704896_part_4.txt_¶Î1_Material1
[*]C1C(C(C(OC1C(O[Na])=O)OC2C(C(O[Na])=O)OC(O[*])C(O)C2O)O)O,OC1C(O[*])C(C(O[Ca]O2)=O)OC(OC3C(O)C(O)C(OC4C(C(O[Ca]O5)=O)OC(OC6C(O)C(O)C(OC7C(C(O[Ca]O8)=O)OC(OC9C(O)C(O)C([*])OC9C8=O)C(O)C7O)OC6C5=O)C(O)C4O)OC3C2=O)C1O,Cl[Ca]Cl,[Na+].[Cl-],,1.9420080530223127,10.1016_j.lwt.2016.07.054_part_5.txt_¶Î1_Material1
O=C([*])C(C)O[*],[*]C(CCCCCO[*])=O,CC1(CC(CC(C)(C1)C)N=C=O)CN=C=O,,,2.384532615494249,10.1016_j.polymertesting.2018.07.023_part_4.txt_¶Î1_Material1
O=C(O[Na])COCC(OC(C(C1O)O)[*])C1OC(C(C(C2O[*])O)O)OC2COCC(O[Na])=O,OCC(C(C(C1N)O)O[*])OC1OC2C(OC(C(C2O)N)[*])CO,,,,0.5440680443502757,10.1039_c6ra02604d_part_2.txt_¶Î1_Material1
C[Si](C)(C[*])O[*],O=[Si]=O,O=C=NC(C=C1)=CC=C1CC2=CC=C(C=C2)N=C=O,,,2.69196510276736,10.1021_ma301447f_part_2.txt_¶Î1_Material1
[*]C(C)C[*],[*]CC(CC=CCC([*])C1=CC=CC=C1)C#N,[*]C(C)C[*],,,1.110589710299249,10.1007_s00289-015-1434-0_part_3.txt_¶Î1_Material2
[*]OCC[*],[*]CC([*])N1CCCC1=O,OCC1OC(C(C(C1[*])O)O)OC2C(C(C(OC2CO)O[*])O)O,OCC1OC(C(C(C1[*])O)O)OC2C(C(C(OC2CO)O[*])O)O,,1.0755469613925308,10.1007_s10692-019-09977-4_part_1.txt_¶Î1_Material3
[*]CC(COC1=CC=C(C=C1)C(C)(C)C2=CC=C(C=C2)O[*])O,[*]OCC[*],,,,0.7825442840100101,10.1002_pen.23733_part_1.txt_¶Î1_Material1
[*]C1=C(C=CN2)C2=C([*])C(O)=C1O,[Cu]=O,,,,1.3144992279731516,10.3390_ma13051158_part_2.txt_¶Î1_Material1
OCC1OC(C(C(C1[*])O)O)OC2C(C(C(OC2CO)O[*])O)O,OCC(C(C(C1N)O)O[*])OC1OC2C(OC(C(C2O)N)[*])CO,OC[C@@H]([C@H]([C@@H]([C@@H](CO)O)O)O)O,,,0.6766936096248666,10.1088_1742-6596_1341_3_032019_part_1.txt_¶Î1_Material3
[*]OCCCCOC(CCC([*])=O)=O,COC1=CC(/C=C/C=O)=CC(OC2=CC(C(C(OC3=CC=C(C=C3OC)C(C(CO)=O)O)CO)O)=CC=C2OC4=CC(C(C(COC5=CC=C(C=C5)C(C(CO)=O)O)=O)O)=CC=C4O)=C1,CCOC(=O)C(O)(CC(=O)OCC)CC(=O)OCC,,,2.318063334962761,10.1016_j.eurpolymj.2019.04.003_part_1.txt_¶Î1_Material1
C/C(C[*])=C/C[*],O=C(CCCCC(N(CCCCCCN([*])[H])[H])=O)[*],,,,2.756027212973441,10.1080_00218464.2019.1707674_part_2.txt_¶Î1_Material1
[*]C([H])([H])C(O)([H])[*],[*]CC(C1=CC=C(C=C1)S(O)(=O)=O)[*],O=S([CH3])[CH3],,,1.230448921378274,10.1007_s12221-015-5616-z_part_1.txt_¶Î1_Material1
[*]CC([*])Cl,CC1=CC=C(C=C1N=C=O)N=C=O,,,,1.146128035678238,10.1002_vnl.21706_part_2.txt_¶Î1_Material1
O=C(C(C[*])[*])N,[*]CC(C1=CC=C(C=C1)S(O)(=O)=O)[*],[*]CC(C1=CC=C(C=C1)S(O)(=O)=O)[*],,,2.110589710299249,10.1016_j.colsurfa.2021.126897_part_2.txt_¶Î1_Material1
[*]C(C)C[*],C/C(C[*])=C/C[*],[*]C(C)C[*],,,1.423245873936808,10.1088_1757-899x_957_1_012019_part_2.txt_¶Î1_Material1
O=C([*])C(C)O[*],C=C([CH3])C(=O)O[CH3],O=C([O-])[O-].[Ca+2],,,0.3979400086720376,10.1002_app.46927_part_2.txt_¶Î1_Material3
N#CC(C1=CC=CC=N1)C1=CC=CC=C1,O=C(O[Na])COCC(OC(C(C1O)O)[*])C1OC(C(C(C2O[*])O)O)OC2COCC(O[Na])=O,OCC(O)CO,,,0.6127838567197355,10.1002_pen.23928_part_2.txt_¶Î1_Material2
[*]NC(C(N1CCCC1C(NCC(N2CC(CC2C(NC(C(NCC([*])=O)=O)CO)=O)O)=O)=O)=O)CCCCN,C[N+](CCO)(CCO)[3H],,,,0.8756399370041684,10.1007_s11947-014-1319-5_part_1.txt_¶Î1_Material1
[*]C1C(O)C(O)C(OC2C(O)C(O)C(O[*])OC2COCCO)OC1COCCO,O=C(O)C([*])C[*],,,,3.037426497940624,10.1016_j.eurpolymj.2018.01.002_part_3.txt_¶Î1_Material1
C[Si](C)(C[*])O[*],OCC1OC(C(C(C1[*])O)O)OC2C(C(C(OC2CO)O[*])O)O,,,,0.8750612633917001,10.3390_polym10091000_part_1.txt_¶Î1_Material1
[*]OCCCCOC(CCC([*])=O)=O,O=C(O)C([*])C[*],,,,2.868996902487136,10.1016_j.polymdegradstab.2011.10.012_part_1.txt_¶Î1_Material1
OCC1OC(C(C(C1[*])O)O)OC2C(C(C(OC2CO)O[*])O)O,[*]OCC[*],,,,0.3979400086720376,10.1007_s10570-014-0493-y_part_2.txt_¶Î1_Material1
O=C(C1=CC=C(C=C1)C(OCC[*])=O)O[*],[Ag+],OCC(C(C(C1N)O)O[*])OC1OC2C(OC(C(C2O)N)[*])CO,,,1.9912260756924949,10.1007_s41783-017-0017-y_part_2.txt_¶Î1_Material1
OC1=C2C(C3(O)C4C5C6=C7C8C(C9=CC(C(O)=O)=C(C=C(C=C%10C(O)=O)C%11%12)C(C%11=C%13C%14C%15%16C%17(O%16)C%18C%19=C%20C%21=C%22C(C(O)=C%23)=C%24C%25C%21=C%26C%19=C%27C%17=C%28C%14(O)C%12=C%10C=C%28CC%27=CC%26=CC%25=C(C(O)=O)C=C%24)C9=C7C%13(O)C5=C%15C3=C%18C%29%30C%20(O%30)C%31C%22C%23=C%32)=CC(C(O)=O)=CC8=CC6=C(C(O)=O)C4=C2)=C%29C%33=C%31C%32=C(C(O)=O)C=C%331,[*]C1C(C(C(OC1C(O[Na])=O)OC2C(C(O[Na])=O)OC(O[*])C(O)C2O)O)O,,,,1.6989700043360187,10.1039_c6ra12469k_part_4.txt_¶Î1_Material1
COCC1OC(OC2C(CO)OC(O[*])C(OC)C2OC)C(OC)C(O)C1O[*],OCC(O)CO,,,,1.212187604403958,10.1504_ijbt.2010.036594_part_2.txt_¶Î1_Material2
O=C([*])C(C)O[*],[*]OC1C(C(O)=O)OC(OC2C(NC(C)=O)C([*])OC(CO)C2O)C(O)C1O,,,,0.450249108319361,10.1002_app.49286_part_1.txt_¶Î1_Material4
[*]C(C1=CC=C(C(OCCCCO[*])=O)C=C1)=O,[C],,,,2.201397124320452,10.1080_00405000.2015.1077022_part_2.txt_¶Î1_Material1
O=C([*])CCCCCN[*],[*]CC(CC=CCC([*])C1=CC=CC=C1)C#N,[*]C(C1=CC=CC=C1)CC2C(OC(C2[*])=O)=O,,,0.8920946026904804,10.1080_00222348.2018.1543793_part_3.txt_¶Î1_Material2
[*]C(CCCCCO[*])=O,[*]NC(C(O)=O)CCC([*])=O,,,,1.7431960814487013,10.1177_0040517518775923_part_2.txt_¶Î1_Material2
[*]CC([*])Cl,O=[Si]=O,,,,1.920123326290724,10.4028_www.scientific.net_amr.488-489.633_part_1.txt_¶Î1_Material1
[*]C1C(O)C(O)C(OC2C(O)C(O)C(O[*])OC2COC(C)=O)OC1COC(C)=O,O=S(C(C=C1)=CC=C1OC(C=C2)=CC=C2C(C)(C)C(C=C3)=CC=C3O[*])(C4=CC=C([*])C=C4)=O,[*]CC([*])N1CCCC1=O,,,1.1072099696478683,10.2166_wst.2017.122_part_3.txt_¶Î1_Material1
O=C([*])C(C)O[*],O=C([*])C(C)O[*],O1C(=O)C=CC1=O,,,1.6222140229662954,10.1080_09276440.2015.1054743_part_2.txt_¶Î1_Material2
O=C(O)C([*])C[*],[*]C(CCCCC(OCCCCO[*])=O)=O,[*]CC(C1=CC=CC=C1)[*],,,3.041392685158225,10.1016_j.polymer.2016.12.043_part_1.txt_¶Î1_Material2
[*]C(NC1=C(C)C(NC(OCCO[*])=O)=CC=C1)=O,OCC1OC(C(C(C1[*])O)O)OC2C(C(C(OC2CO)O[*])O)O,CO[Si](OC)(OC)CCCOCC1CO1,,,2.746244871720198,10.1002_app.51496_part_2.txt_¶Î1_Material1
[*]CC[*],[*]CC[*],[Al],,,1.4471580313422192,10.32737_2221-8688-2020-1-33-39_OA_part_1.txt_¶Î1_Material4
[*]OCC[*],[*]C1C(C(C(OC1C(O[Na])=O)OC2C(C(O[Na])=O)OC(O[*])C(O)C2O)O)O,,,,0.4771212547196624,10.1002_pen.23431_part_1.txt_¶Î1_Material1
OCC1OC(C(C(C1[*])O)O)OC2C(C(C(OC2CO)O[*])O)O,OCC(O)CO,,,,1.5763413502057928,10.1016_j.proche.2012.06.037_part_2.txt_¶Î1_Material1
[*]C(NC1=C(C)C(NC(OCCO[*])=O)=CC=C1)=O,[*]CCCCO[*],,,,2.788875115775417,10.4236_ojopm.2016.61005_OA_part_2.txt_¶Î1_Material1
O=C([*])C(C)O[*],O=C(O)C([*])C[*],,,,2.3010299956639813,10.7569_jrm.2016.634126_part_1.txt_¶Î1_Material1
OP(O)(O)=O,[*]NCC(NC(C(ONCC(NC(C(NCC(NC(C([*])=O)C)=O)=O)C)=O)=O)CO)=O,,,,1.2405492482825995,10.3390_ma12050685_part_1.txt_¶Î1_Material1
[*]NCC(NC(C(ONCC(NC(C(NCC(NC(C([*])=O)C)=O)=O)C)=O)=O)CO)=O,[*]NC(C(N1CCCC1C(NCC(N2CC(CC2C(NC(C(NCC([*])=O)=O)CO)=O)O)=O)=O)=O)CCCCN,C(CC=O)CC=O,,,1.3010299956639813,10.3389_fmats.2019.00091_part_2.txt_¶Î1_Material1
OP(O)(O)=O,O=C([*])C(C)O[*],,,,1.4471580313422192,10.1177_0021998317752227_part_2.txt_¶Î1_Material1
[*]C1C(C(C(OC1C(O[Na])=O)OC2C(C(O[Na])=O)OC(O[*])C(O)C2O)O)O,[*]NC1=CC=C([*])C=C1,,,,1.4548448600085102,10.1016_j.seppur.2016.06.027_part_2.txt_¶Î1_Material1
[*]CC(COC1=CC=C(C=C1)C(C)(C)C2=CC=C(C=C2)O[*])O,[*]CC(C#N)[*],OC1=C2C(C3(O)C4C5C6=C7C8C(C9=CC(C(O)=O)=C(C=C(C=C%10C(O)=O)C%11%12)C(C%11=C%13C%14C%15%16C%17(O%16)C%18C%19=C%20C%21=C%22C(C(O)=C%23)=C%24C%25C%21=C%26C%19=C%27C%17=C%28C%14(O)C%12=C%10C=C%28CC%27=CC%26=CC%25=C(C(O)=O)C=C%24)C9=C7C%13(O)C5=C%15C3=C%18C%29%30C%20(O%30)C%31C%22C%23=C%32)=CC(C(O)=O)=CC8=CC6=C(C(O)=O)C4=C2)=C%29C%33=C%31C%32=C(C(O)=O)C=C%331,,,0.5563025007672873,10.1002_pc.25592_part_2.txt_¶Î1_Material1
C[Si](C)(C[*])O[*],[*]C([H])([H])C(O)([H])[*],[Al],,,1.9030899869919435,10.1002_admi.201600946_part_1.txt_¶Î1_Material1
[*]C(C)C[*],[*]CC(CCCC(CC)CC([*])C1=CC=CC=C1)C2=CC=CC=C2,O=[Al]O[Al]=O.O=[Si]=O.O=[Si]=O.O=[Si]=O,[*]C(C)C[*],,1.792391689498254,10.1016_j.polymertesting.2018.10.041_part_3.txt_¶Î1_Material1
OCC1OC(C(C(C1[*])O)O)OC2C(C(C(OC2CO)O[*])O)O,[*]NC(C(N1CCCC1C(NCC(N2CC(CC2C(NC(C(NCC([*])=O)=O)CO)=O)O)=O)=O)=O)CCCCN,,,,1.4212747912103465,10.1016_j.foodchem.2019.125599_part_1.txt_¶Î1_Material1
O=C([*])CCCCCN[*],O=C([*])CCCCCN[*],,,,2.1760912590556813,10.1007_s10853-013-7546-8_part_1.txt_¶Î1_Material1
[*]C([H])([H])C(O)([H])[*],[*]CC[*],,,,2.439332693830263,10.1007_s11814-016-0279-z_part_1.txt_¶Î1_Material1
OCC(C(C(C1N)O)O[*])OC1OC2C(OC(C(C2O)N)[*])CO,O=C(C1=COC(C2C(CO)=CCC12)O)OC,,,,0.6989700043360189,10.4028_www.scientific.net_amr.430-432.247_part_1.txt_¶Î1_Material1
OCC(C(C(C1N)O)O[*])OC1OC2C(OC(C(C2O)N)[*])CO,[*]C(C(OC1O[*])COC(O[Na])=O)C(O)C1N,OCC(O)CO,,,1.4313637641589874,10.1007_s10924-014-0672-9_part_1.txt_¶Î1_Material1
[*]CC[*],[*]C(NC1=C(C)C(NC(OCCO[*])=O)=CC=C1)=O,,,,2.6989700043360187,10.5267_j.esm.2018.3.005_part_1.txt_¶Î1_Material1
NC1=CC=C(C=C1)/C2=C3C=C/C(N\3)=C(C4=N/C(C=C4)=C(C5=CC=C(N5)/C(C6=CC=CC=C6)=C7N=C2C=C\7)/C8=CC=CC=C8)\C9=CC=CC=C9,[*]CCCC([*])OC(C)=O,,,,1.1430148002540952,10.1002_app.31630_part_2.txt_¶Î1_Material2
[*]CC(C(OC)=O)(CC(C/C=C/CCC(C1=CC=CC=C1)[*])C#N)C,O=[Si]=O,,,,1.954242509439325,10.1016_j.cej.2015.09.066_part_1.txt_¶Î1_Material1
[*]C([H])([H])C(O)([H])[*],OCC(C(C(C1N)O)O[*])OC1OC2C(OC(C(C2O)N)[*])CO,O=[Al]O[Al]=O.O=[Si]=O.O=[Si]=O.O.O,,,1.2787536009528289,10.1002_vnl.20331_part_1.txt_¶Î1_Material2
[*]C([H])([H])C(O)([H])[*],OC1=C2C(C3(O)C4C5C6=C7C8C(C9=CC(C(O)=O)=C(C=C(C=C%10C(O)=O)C%11%12)C(C%11=C%13C%14C%15%16C%17(O%16)C%18C%19=C%20C%21=C%22C(C(O)=C%23)=C%24C%25C%21=C%26C%19=C%27C%17=C%28C%14(O)C%12=C%10C=C%28CC%27=CC%26=CC%25=C(C(O)=O)C=C%24)C9=C7C%13(O)C5=C%15C3=C%18C%29%30C%20(O%30)C%31C%22C%23=C%32)=CC(C(O)=O)=CC8=CC6=C(C(O)=O)C4=C2)=C%29C%33=C%31C%32=C(C(O)=O)C=C%331,[Zn]=O,,,2.488325050357719,10.1016_j.ultsonch.2019.104731_part_1.txt_¶Î1_Material1
OCC1OC(C(C(C1[*])O)O)OC2C(C(C(OC2CO)O[*])O)O,[Ag],,,,1.2968844755385471,10.13005_ojc_340320_part_1.txt_¶Î1_Material4
O=C1C=CC(O1)=O.C=C,[*]C1=C(O)C(C(C)(C)C)=C(O)C(C)=C1SS[*],,,,1.414973347970818,10.1016_j.compositesb.2013.03.032_part_1.txt_¶Î1_Material2
OCC1OC(C(C(C1[*])O)O)OC2C(C(C(OC2CO)O[*])O)O,[*]C1C(OC(C(C1O)O)OC2C(OC(C(C2O)O)O[*])CO)CO,,,,1.3979400086720375,10.1016_j.foodhyd.2018.07.017_part_7.txt_¶Î1_Material2
[*]C(NC1=C(C)C(NC(OCCO[*])=O)=CC=C1)=O,O=[Mg].O=[Si]=O.O=[Si]=O.O=[Si]=O.O=[Si]=O.O=[Mg].O=[Mg].O,,,,2.3010299956639813,10.1016_j.apsusc.2011.11.113_part_2.txt_¶Î1_Material1
[*]C(N(CN(C(OCOC(N(CN(C(OCCO[*])=O)[H])[H])=O)=O)[H])[H])=O,[*]C(C)C[*],[*]C(C)C[*],OC1=C2C(C3(O)C4C5C6=C7C8C(C9=CC(C(O)=O)=C(C=C(C=C%10C(O)=O)C%11%12)C(C%11=C%13C%14C%15%16C%17(O%16)C%18C%19=C%20C%21=C%22C(C(O)=C%23)=C%24C%25C%21=C%26C%19=C%27C%17=C%28C%14(O)C%12=C%10C=C%28CC%27=CC%26=CC%25=C(C(O)=O)C=C%24)C9=C7C%13(O)C5=C%15C3=C%18C%29%30C%20(O%30)C%31C%22C%23=C%32)=CC(C(O)=O)=CC8=CC6=C(C(O)=O)C4=C2)=C%29C%33=C%31C%32=C(C(O)=O)C=C%331,,2.4771212547196626,10.3139_217.2299_part_1.txt_¶Î1_Material1
[*]CC(COC1=CC=C(C=C1)C(C)(C)C2=CC=C(C=C2)O[*])O,O=C(C1=CC=C(C=C1)C(OCC[*])=O)O[*],O=C(C1=CC=C(C([*])=O)C=C1)NC2=CCC(N[*])C=C2,,,1.403120521175818,10.46754_umtjur.v2i2.110_OA_part_1.txt_¶Î1_Material1
[*]N1C(C2=CC3=C(C=C2C1=O)C(N(C3=O)C4=CC=C(C=C4)OC5=CC=C(C=C5)[*])=O)=O,C12=CC3=CC4=CC=CN=C4N=C3N=C1N=C5N=C6N=CC=CC6=CC5=C2,,,,1.1335389083702174,10.1002_pc.24290_part_1.txt_¶Î1_Material1
[*]CC(COC1=CC=C(C=C1)C(C)(C)C2=CC=C(C=C2)O[*])O,CC(=O)O,,,,0.3617278360175928,10.1016_j.matpr.2019.06.027_part_1.txt_¶Î1_Material1
[*]C([C@H](C)OC([C@H](C)O[*])=O)=O,[*]CC(OC(O[*])=O)C,,,,1.1818435879447726,10.1016_j.apsusc.2017.10.114_part_2.txt_¶Î1_Material1
[*]C(CCCCCO[*])=O,[*]C(CCCCC(OCCCCO[*])=O)=O,O=C(OC1=CC=CC=C1)OC1=CC=CC=C1,,,2.096910013008056,10.1007_s10965-015-0748-9_part_2.txt_¶Î1_Material1
[*]C1OC(CCC)OC(C[*])C1,[Ag+],,,,1.3673559210260189,10.1016_j.apsusc.2017.07.286_part_1.txt_¶Î1_Material1
[*]CC[*],O=C1C=CC(O1)=O.C=C,OCC1OC(C(C(C1[*])O)O)OC2C(C(C(OC2CO)O[*])O)O,,,1.0791812460476249,10.3390_ma6062483_part_1.txt_¶Î1_Material1
[*]C1C(OC(C(C1O)O)OC2C(OC(C(C2O)O)O[*])CO)CO,OC(CO)CO,CCO,,,2.093421685162235,10.1016_j.jclepro.2016.12.147_part_1.txt_¶Î1_Material1
[*]C1C(OC(C(C1O)O)OC2C(OC(C(C2O)O)O[*])CO)CO,[*]C(CCCCC(OCCCCO[*])=O)=O,[Zn]=O,,,2.7338470163943454,10.3390_pr8030329_part_3.txt_¶Î1_Material2
[*]C([C@H](C)OC([C@H](C)O[*])=O)=O,[*]OCCCCOC(CCC([*])=O)=O,[*]OCC[*],,,1.0141003215196205,10.1002_pat.1672_part_1.txt_¶Î1_Material1
[*]CC(CC=CCC([*])C1=CC=CC=C1)C#N,O=C(C1=CC=C(C=C1)C(OCC[*])=O)O[*],O=[Al]O[Al]=O.O=[Si]=O.O=[Si]=O.O=[Si]=O,,,1.5440680443502757,10.1515_polyeng-2011-0125_part_2.txt_¶Î1_Material1
O=C(C(C[*])[*])N,[*]C1C(OC(C(O)C1O)OC2C(O)C(O)C(OC2C(O[Na])=O)O[*])C(O[Na])=O,[Fe+3],,,2.397940008672037,10.1007_s10570-020-03606-8_part_2.txt_¶Î1_Material1
O=C([*])C(C)O[*],[*]CCC1C([*])C2CCC1C2,[*]C1C(C(C(OC1C(O[Na])=O)OC2C(C(O[Na])=O)OC(O[*])C(O)C2O)O)O,,,1.1501421618485586,10.3390_polym12081669_part_1.txt_¶Î1_Material1
[*]C(C)C[*],[*]C([H])([H])C(O)([H])[*],,,,1.3443922736851108,10.1016_j.jobe.2019.101097_part_5.txt_¶Î1_Material1
[*]C1C(OC(C(C1O)O)OC2C(OC(C(C2O)O)O[*])CO)CO,[Zn]=O,OCC(O)CO,OC[C@@H]([C@H]([C@@H]([C@@H](CO)O)O)O)O,,1.6989700043360187,10.1016_j.foodhyd.2020.106054_part_3.txt_¶Î1_Material1
[*]C1C(C(C(OC1C(O[Na])=O)OC2C(C(O[Na])=O)OC(O[*])C(O)C2O)O)O,O=[Si]=O,,,,1.200303182981585,10.1007_s12221-010-0398-9_part_1.txt_¶Î1_Material2
[*]CC([*])Cl,OCC(C(C(C1N)O)O[*])OC1OC2C(OC(C(C2O)N)[*])CO,,,,1.9842121667614336,10.4028_www.scientific.net_jbbbe.37.94_part_2.txt_¶Î1_Material1
C/C(C[*])=C/C[*],[*]C1C(C(C(OC1C(O[Na])=O)OC2C(C(O[Na])=O)OC(O[*])C(O)C2O)O)O,,,,2.8750612633917,10.1016_j.carbpol.2013.08.001_part_1.txt_¶Î1_Material1
OC1C(C(OC(C1O)OC2C(OC(C(C2O)O)OC3C(C(C(OC3C(OC)=O)OC4C(OC(C(C4O)O)[*])C(O)=O)O)O)C(OC)=O)C(O)=O)O[*],OC(CO)CO,,,,1.6475785542124552,10.4028_www.scientific.net_kem.819.3_part_1.txt_¶Î1_Material4
OCC1OC(C(C(C1[*])O)O)OC2C(C(C(OC2CO)O[*])O)O,[*]C1C(C(C(OC1C(O[Na])=O)OC2C(C(O[Na])=O)OC(O[*])C(O)C2O)O)O,[Ca+2],,,1.6989700043360187,10.1039_c8gc00590g_part_4.txt_¶Î1_Material1
O=C([*])C(C)O[*],[*]OCCCCOC(CCC([*])=O)=O,OC(C(C)(CC(C1=CC=CC=C1)[*])CC(C[*])(C(OCC2CO2)=O)C)=O,,,2.250420002308894,10.1016_j.polymer.2015.10.038_part_3.txt_¶Î1_Material1
[*]C([H])([H])C(O)([H])[*],[Ca+2],,,,1.6989700043360187,10.1088_1748-605x_aa8541_part_3.txt_¶Î1_Material1
[*]NC(C)C(N1CCCC1C([*])=O)=O,OC1=C2C(C3(O)C4C5C6=C7C8C(C9=CC(C(O)=O)=C(C=C(C=C%10C(O)=O)C%11%12)C(C%11=C%13C%14C%15%16C%17(O%16)C%18C%19=C%20C%21=C%22C(C(O)=C%23)=C%24C%25C%21=C%26C%19=C%27C%17=C%28C%14(O)C%12=C%10C=C%28CC%27=CC%26=CC%25=C(C(O)=O)C=C%24)C9=C7C%13(O)C5=C%15C3=C%18C%29%30C%20(O%30)C%31C%22C%23=C%32)=CC(C(O)=O)=CC8=CC6=C(C(O)=O)C4=C2)=C%29C%33=C%31C%32=C(C(O)=O)C=C%331,,,,1.6665179805548809,10.1080_09276440.2021.1949101_part_3.txt_¶Î1_Material1
O=C([*])CCCCCN[*],[*]CCCC(C1C([*])C2CC1C/C2=C/C)C,[*]CC[*],,,1.3117538610557542,10.1016_j.polymer.2014.11.027_part_2.txt_¶Î1_Material2
C/C(C[*])=C/C[*],COC(C(C[*])([*])C)=O,,,,2.9190780923760737,10.1002_app.34991_part_1.txt_¶Î1_Material1
[*]C([C@H](C)OC([C@H](C)O[*])=O)=O,[*]OCCCCOC(CCC([*])=O)=O,,,,2.369215857410143,10.1016_j.polymdegradstab.2016.11.022_part_6.txt_¶Î1_Material1
[*]CC(COC1=CC=C(C=C1)C(C)(C)C2=CC=C(C=C2)O[*])O,[*]CC[*],,,,0.9185545305502736,10.1177_0731684413498520_part_2.txt_¶Î1_Material1
[*]NC(C(N1CCCC1C(NCC(N2CC(CC2C(NC(C(NCC([*])=O)=O)CO)=O)O)=O)=O)=O)CCCCN,[*]OCC[*],,,,1.6803355134145632,10.3390_ma11081345_part_2.txt_¶Î1_Material1
[*]CCCCO[*],O=C=NC(C=C1)=CC=C1CC2=CC=C(C=C2)N=C=O,[S],,,2.7781512503836434,10.1007_s00289-017-2088-x_part_5.txt_¶Î1_Material5
[*]CC(CC=CCC([*])C1=CC=CC=C1)C#N,O=C(C1=CC=C(C=C1)C(OCC[*])=O)O[*],[*]CC(CC=CCC([*])C1=CC=CC=C1)C#N,,,0.7075701760979364,10.1080_03602559.2014.1003225_part_2.txt_¶Î1_Material1
[*]C1C(OC(C(C1O)O)OC2C(OC(C(C2O)O)O[*])CO)CO,[*]C(CCCCCO[*])=O,OCC1OC(C(C(C1[*])O)O)OC2C(C(C(OC2CO)O[*])O)O,,,2.1398790864012365,10.1002_app.42220_part_3.txt_¶Î1_Material1
CC(NC(C([*])C)=O)C(NC(C)C(NC(C)C(N[*])=O)=O)=O,,,,,1.1760912590556811,10.1007_s11356-019-07280-7_part_2.txt_¶Î1_Material1
OCC(C(C(C1N)O)O[*])OC1OC2C(OC(C(C2O)N)[*])CO,[Ag],OCC(O)CO,,,1.0969100130080565,10.1088_1757-899x_107_1_012041_part_1.txt_¶Î1_Material1
[*]C1C(C(C(OC1C(O[Na])=O)OC2C(C(O[Na])=O)OC(O[*])C(O)C2O)O)O,[*]C(CCCCCO[*])=O,Cl[Ca]Cl,[*]OCC[*],,1.9030899869919435,10.1088_1758-5090_ab331e_part_9.txt_¶Î1_Material1
NC1=CC=C(C=C1)/C2=C3C=C/C(N\3)=C(C4=N/C(C=C4)=C(C5=CC=C(N5)/C(C6=CC=CC=C6)=C7N=C2C=C\7)/C8=CC=CC=C8)\C9=CC=CC=C9,[*]CC[*],,,,0.5797835966168101,10.3144_expresspolymlett.2010.88_part_2.txt_¶Î1_Material4
O=C([*])CCCCCCCCCCC(NCCCCCCN[*])=O,[*]CCC(CCCCCC)C[*],,,,1.4082399653118496,10.1016_j.matdes.2014.05.043_part_7.txt_¶Î1_Material1
O=C(C1=CC=C(C=C1)C(OCC[*])=O)O[*],[*]C(C1=CC=C(C(OCCCCO[*])=O)C=C1)=O,,,,1.7041505168397992,10.1177_0040517517750643_part_1.txt_¶Î1_Material1
[*]CC(OC(O[*])=O)C,[*]C([C@H](C)OC([C@H](C)O[*])=O)=O,,,,2.1189257528257768,10.1007_s10853-021-05830-4_part_2.txt_¶Î1_Material3
O=C([*])C(C)O[*],[*]C(CCCCC(OCCCCO[*])=O)=O,OC(C(C)(CC(C1=CC=CC=C1)[*])CC(C[*])(C(OCC2CO2)=O)C)=O,,,1.8750612633917,10.3390_polym13152489_part_4.txt_¶Î1_Material1
[*]CC(C1=CC=CC=C1)C/C=C/C[*],[*]CC(C1=CC=CC=C1)[*],OC1=C2C(C3(O)C4C5C6=C7C8C(C9=CC(C(O)=O)=C(C=C(C=C%10C(O)=O)C%11%12)C(C%11=C%13C%14C%15%16C%17(O%16)C%18C%19=C%20C%21=C%22C(C(O)=C%23)=C%24C%25C%21=C%26C%19=C%27C%17=C%28C%14(O)C%12=C%10C=C%28CC%27=CC%26=CC%25=C(C(O)=O)C=C%24)C9=C7C%13(O)C5=C%15C3=C%18C%29%30C%20(O%30)C%31C%22C%23=C%32)=CC(C(O)=O)=CC8=CC6=C(C(O)=O)C4=C2)=C%29C%33=C%31C%32=C(C(O)=O)C=C%331,,,1.8864907251724816,10.1039_d0sm01661f_part_1.txt_¶Î1_Material1
[*]NC(C1=CC=C2C(C(N(C2=O)C3=CC=C(C=C3)CC4=CC=C([*])C=C4)=O)=C1)=O,,,,,0.6334684555795865,10.1007_s10853-019-03326-w_part_2.txt_¶Î1_Material1
O=C([*])C(C)O[*],[*]C(C1=CC=C(C=C1)C(OCCCCOC(C2=CC=C(C=C2)C(OCCCCO[*])=O)=O)=O)=O,,,,1.1613680022349748,10.1002_app.50443_part_2.txt_¶Î1_Material1
O=C([*])CCCCCN[*],[*]CCCC(C1C([*])C2CC1C/C2=C/C)C,[*]CCCC(C1C([*])C2CC1C/C2=C/C)C,,,1.7512791039833422,10.1002_app.33975_part_1.txt_¶Î1_Material1
COCC1OC(OC2C(CO)OC(O[*])C(OC)C2OC)C(OC)C(O)C1O[*],O=C(C1=CC=C(C=C1)C(OCC[*])=O)O[*],,,,1.900913067737669,10.1155_2020_7323521_part_1.txt_¶Î1_Material1
[*]CC[*],[*]C(CCCCCO[*])=O,OCCOC1C(OCCO)C(C(OCCO)COCCOC(CCCCCCCCCCCCCCCCC)=O)OC1,,,2.4771212547196626,10.1021_acssuschemeng.5b00858_part_1.txt_¶Î1_Material1
FC(F)([*])C([H])([*])[H],OCC1OC(C(C(C1[*])O)O)OC2C(C(C(OC2CO)O[*])O)O,,,,1.0681858617461617,10.3390_polym11071091_part_4.txt_¶Î1_Material2
[*]CC(COC1=CC=C(C=C1)C(C)(C)C2=CC=C(C=C2)O[*])O,[*]CC(OC(O[*])=O)C,,,,1.5314789170422551,10.1016_j.compscitech.2016.02.004_part_2.txt_¶Î1_Material1
OCC(C(C(C1N)O)O[*])OC1OC2C(OC(C(C2O)N)[*])CO,[H][O-],,,,1.7589118923979734,10.1002_app.47130_part_2.txt_¶Î1_Material1
O=C([*])C(C)O[*],[*]C(N(CN(C(OCOC(N(CN(C(OCCO[*])=O)[H])[H])=O)=O)[H])[H])=O,,,,1.869231719730976,10.1007_s10570-018-2061-3_part_4.txt_¶Î1_Material1
[*]C(C1=CC=C(C(OCCCCO[*])=O)C=C1)=O,O=C([*])OC1=CC=C(C=C1)C(C)(C)C2=CC=C(C=C2)O[*],,,,1.968482948553935,10.1515_polyeng-2014-0200_part_2.txt_¶Î1_Material1
O=C([*])C(C)O[*],[*]C(CCCCCO[*])=O,[*]NCC(NC(C(ONCC(NC(C(NCC(NC(C([*])=O)C)=O)=O)C)=O)=O)CO)=O,,,1.1139433523068367,10.1021_acs.biomac.8b01254_part_5.txt_¶Î1_Material1
[*]CC(C)(C(OCCO)=O)[*],O=C(C(C[*])[*])N,,,,3.4471580313422194,10.1038_s41427-019-0123-0_part_1.txt_¶Î1_Material1
O=C(C1=CC=C(C=C1)C(OCC[*])=O)O[*],[*]CC[*],[*]CC[*],,,1.0599418880619549,10.22158_asir.v6n2p55_OA_part_2.txt_¶Î1_Material1
[*]OCCCOC(C1=CC=C(C([*])=O)C=C1)=O,C/C(C[*])=C/C[*],OC1=C2C(C3(O)C4C5C6=C7C8C(C9=CC(C(O)=O)=C(C=C(C=C%10C(O)=O)C%11%12)C(C%11=C%13C%14C%15%16C%17(O%16)C%18C%19=C%20C%21=C%22C(C(O)=C%23)=C%24C%25C%21=C%26C%19=C%27C%17=C%28C%14(O)C%12=C%10C=C%28CC%27=CC%26=CC%25=C(C(O)=O)C=C%24)C9=C7C%13(O)C5=C%15C3=C%18C%29%30C%20(O%30)C%31C%22C%23=C%32)=CC(C(O)=O)=CC8=CC6=C(C(O)=O)C4=C2)=C%29C%33=C%31C%32=C(C(O)=O)C=C%331,,,1.6989700043360187,10.1021_acsomega.8b00490_part_1.txt_¶Î1_Material1
O=C(O[Na])COCC(OC(C(C1O)O)[*])C1OC(C(C(C2O[*])O)O)OC2COCC(O[Na])=O,O=C(C1=CC=C(C=C1)C(OCC[*])=O)O[*],,,,1.024895960107485,10.1007_s11694-021-00880-3_part_1.txt_¶Î1_Material1
O=C([*])C(C)O[*],[*]C(CCCCCO[*])=O,C=C(C(OCC1CO1)=O)C,,,2.515476441382376,10.1155_2013_976373_part_1.txt_¶Î1_Material1
OCC1OC(C(C(C1O[*])O)O)[*],C=C([CH3])C(=O)O[CH3],,,,1.414973347970818,10.3390_polym12112618_part_2.txt_¶Î1_Material2
OCC1OC(C(C(C1[*])O)O)OC2C(C(C(OC2CO)O[*])O)O,[H][O-],O=C(N)N,[Zn]=O,,1.1760912590556811,10.1007_s10570-015-0779-8_part_6.txt_¶Î1_Material1
[*]C(C)C[*],O=C([*])C(C)O[*],NC1=CC=C(C=C1)/C2=C3C=C/C(N\3)=C(C4=N/C(C=C4)=C(C5=CC=C(N5)/C(C6=CC=CC=C6)=C7N=C2C=C\7)/C8=CC=CC=C8)\C9=CC=CC=C9,,,1.1818435879447726,10.1002_pen.25043_part_2.txt_¶Î1_Material1
O=C(O)C([*])C[*],OCC1OC(C(C(C1[*])O)O)OC2C(C(C(OC2CO)O[*])O)O,[Al+3],,,3.1760912590556813,10.1007_s10570-020-03543-6_part_4.txt_¶Î1_Material3
OCC1OC(C(C(C1[*])O)O)OC2C(C(C(OC2CO)O[*])O)O,[Ag+],,,,0.7543483357110189,10.1007_s10570-021-03821-x_part_2.txt_¶Î1_Material1
[*]C(CCCCCO[*])=O,[*]NCC(NC(C(ONCC(NC(C(NCC(NC(C([*])=O)C)=O)=O)C)=O)=O)CO)=O,[*]NCC(NC(C(ONCC(NC(C(NCC(NC(C([*])=O)C)=O)=O)C)=O)=O)CO)=O,,,1.0043213737826426,10.1016_j.eurpolymj.2015.08.025_part_9.txt_¶Î1_Material4
C[Si](C)(C[*])O[*],O=[Al]O[Al]=O.O=[Si]=O.O=[Si]=O.O=[Si]=O,,,,2.387389826338729,10.1002_pc.25513_part_1.txt_¶Î1_Material1
[*]C([H])([H])C(O)([H])[*],[*]C1=CC=C([*])N1,[*]NC(C(N1CCCC1C(NCC(N2CC(CC2C(NC(C(NCC([*])=O)=O)CO)=O)O)=O)=O)=O)CCCCN,Cl[Fe](Cl)Cl,,2.490660653356137,10.1021_acsami.0c14503_part_2.txt_¶Î1_Material1
O=C([*])CCCCCN[*],C12=C3C(C=CC4C3=C5C(CC6=CC7=C8C9=C(C(C=C%10)=CC=C9C=C7)C%11=C%10C%12)=CC4)=CC=C1C=C%12C%13=C%11C8=C6C5=C2%13,,,,1.380211241711606,10.1002_pi.4601_part_2.txt_¶Î1_Material1
[*]C(NC1=C(C)C(NC(OCCO[*])=O)=CC=C1)=O,O=C(OC1=CC=CC=C1)OC1=CC=CC=C1,,,,2.599883072073688,10.4236_ojopm.2016.61005_OA_part_2.txt_¶Î1_Material3
[*]CC(COC1=CC=C(C=C1)C(C)(C)C2=CC=C(C=C2)O[*])O,O=C(C1=CC=C(C([*])=O)C=C1)NC2=CCC(N[*])C=C2,,,,0.4771212547196624,10.46754_umtjur.v2i2.110_OA_part_2.txt_¶Î1_Material1
[*]C(C(OC(CO[*])=O)C)=O,[*]NC(C)C(N1CCCC1C([*])=O)=O,,,,1.4502491083193612,10.1016_j.jcis.2014.10.028_part_1.txt_¶Î1_Material1
[*]CCN[*],,,,,1.3617278360175928,10.1016_j.polymertesting.2020.106964_part_2.txt_¶Î1_Material2
[*]CC(C#N)[*],OCC1OC(C(C(C1[*])O)O)OC2C(C(C(OC2CO)O[*])O)O,O=[Ti]=O,O=[Si]=O,,1.3010299956639813,10.1016_j.matdes.2017.07.050_part_1.txt_¶Î1_Material1
[*]C(NC1=C(C)C(NC(OCCO[*])=O)=CC=C1)=O,[*]CC(C1=CC=CC=C1)C/C=C/C[*],,,,2.09968064110925,10.3390_app9214694_part_3.txt_¶Î1_Material1
[*]C(C)C[*],[*]C1OC(CCC)OC(C[*])C1,,,,2.0600553648248447,10.1007_s12221-020-1079-y_part_1.txt_¶Î1_Material1
[*]C/C=C/CCC(C=C)CC([*])C1=CC=CC=C1,[*]C/C=C/CCC(C=C)CC([*])C1=CC=CC=C1,O=[Si]=O,,,2.705007959333336,10.3390_polym11061000_part_2.txt_¶Î1_Material1
O=C([*])C(C)O[*],[*]C1C(OC(C(C1O)O)OC2C(OC(C(C2O)O)O[*])CO)CO,O=C([*])C(C)O[*],,,1.2988530764097066,10.1007_s10924-018-1206-7_part_2.txt_¶Î1_Material1
[*]CC(C1=CC=CC=C1)C/C=C/C[*],[*]C(N(CN(C(OCOC(N(CN(C(OCCO[*])=O)[H])[H])=O)=O)[H])[H])=O,[*]C(N(CN(C(OCOC(N(CN(C(OCCO[*])=O)[H])[H])=O)=O)[H])[H])=O,,,2.6794278966121188,10.1016_j.compscitech.2010.03.014_part_1.txt_¶Î1_Material1
[*]C(C=C1)=CC=C1S[*],O=C(C1=CC=C(C=C1)C(OCC[*])=O)O[*],C12=CC3=CC4=CC=CN=C4N=C3N=C1N=C5N=C6N=CC=CC6=CC5=C2,,,0.9030899869919436,10.1002_pc.25234_part_1.txt_¶Î1_Material1
FC(F)([*])C([H])([*])[H],[*]C/C=C/CCC([*])C#N,,,,3.204119982655925,10.1021_acs.iecr.9b05526_part_2.txt_¶Î1_Material1
[*]NC(C)C(N1CCCC1C([*])=O)=O,OCC(C(C(C1N)O)O[*])OC1OC2C(OC(C(C2O)N)[*])CO,[*]C1C(C(C(OC1C(O[Na])=O)OC2C(C(O[Na])=O)OC(O[*])C(O)C2O)O)O,,,1.5361795321372254,10.1016_j.scp.2020.100218_part_2.txt_¶Î1_Material1
COC1=CC(/C=C/C=O)=CC(OC2=CC(C(C(OC3=CC=C(C=C3OC)C(C(CO)=O)O)CO)O)=CC=C2OC4=CC(C(C(COC5=CC=C(C=C5)C(C(CO)=O)O)=O)O)=CC=C4O)=C1,[*]C1C(C(C(OC1C(O[Na])=O)OC2C(C(O[Na])=O)OC(O[*])C(O)C2O)O)O,,,,0.9268567089496924,10.1007_s13726-016-0449-1_part_2.txt_¶Î1_Material3
[*]CCCCO[*],[*]OCC[*],,,,3.0446965171101943,10.1016_j.polymer.2018.04.010_part_4.txt_¶Î1_Material1
O=C([*])OC1=CC=C(C=C1)C(C)(C)C2=CC=C(C=C2)O[*],[*]C1OC(CCC)OC(C[*])C1,,,,1.6646419755561257,10.1007_s40430-015-0380-y_part_1.txt_¶Î1_Material1
O=C(C1=CC=C(C=C1)C(OCC[*])=O)O[*],[*]CC([*])Cl,,,,1.250420002308894,10.1177_0731684413502858_part_1.txt_¶Î1_Material1
[*]C(C)C[*],[Mg],,,,0.1492191126553798,10.1007_s13726-017-0593-2_part_2.txt_¶Î1_Material1
[*]CC(C#N)[*],[*]CC[*],C[Si](C)(C[*])O[*],,,1.376576957056512,10.1016_j.ces.2013.11.043_part_1.txt_¶Î1_Material1
[*]CC[*],CCCCCCCCCCCCOS([O-])(=O)=O.[Na+],,,,1.6989700043360187,10.1016_j.desal.2018.02.007_part_2.txt_¶Î1_Material1
O=C(O)C(C[*])CC(CC(C(C(O)=O)[*])C(O)=O)C(O)=O,O=[Si]=O.O=[Al]O[Al]=O.O=[Si]=O.O=[Si]=O.O=[Si]=O.O,,,,1.6989700043360187,10.1002_app.32706_part_2.txt_¶Î1_Material2
[*]C(C)C[*],O=C(O[Na])COCC(OC(C(C1O)O)[*])C1OC(C(C(C2O[*])O)O)OC2COCC(O[Na])=O,,,,1.7267272090265722,10.1007_s10853-021-06383-2_part_3.txt_¶Î1_Material1
[*]C/C=C/CCC([*])C#N,[C],[Zn]=O,[*]C1C(C(C(OC1C(O[Na])=O)OC2C(C(O[Na])=O)OC(O[*])C(O)C2O)O)O,,2.7466341989375787,10.1002_pc.24699_part_1.txt_¶Î1_Material1
CC(NC(C([*])C)=O)C(NC(C)C(NC(C)C(N[*])=O)=O)=O,[*]NCC(NC(C(ONCC(NC(C(NCC(NC(C([*])=O)C)=O)=O)C)=O)=O)CO)=O,,,,1.2172206556445186,10.1016_j.matdes.2019.108077_part_1.txt_¶Î1_Material1
O=C([*])OC1=CC=C(C=C1)C(C)(C)C2=CC=C(C=C2)O[*],NCCC[Si](OCC)(OCC)OCC,,,,1.1702617153949575,10.1002_pc.23370_part_2.txt_¶Î1_Material2
[*]CC([*])N1CCCC1=O,[*]CC(C)(C(OCCO)=O)[*],,,,1.724275869600789,10.1007_s10965-020-02335-7_part_2.txt_¶Î1_Material1
O=C([*])OC1=CC=C(C=C1)C(C)(C)C2=CC=C(C=C2)O[*],[*]C(C1=CC=C(C(OCCCCO[*])=O)C=C1)=O,C=C(C(OCC1CO1)=O)C,,,2,10.1088_2053-1591_aaa25c_part_3.txt_¶Î1_Material1
[*]C1C(OC(C(C1O)O)OC2C(OC(C(C2O)O)O[*])CO)CO,OCC(O)CO,OC(C(CC(O)=O)(CC(O)=O)O)=O,,,1.3979400086720375,10.1002_vnl.20230_part_1.txt_¶Î1_Material1
[*]C(N(CN(C(OCOC(N(CN(C(OCCO[*])=O)[H])[H])=O)=O)[H])[H])=O,[*]C1=CC=C([*])N1,,,,2.7122286696195355,10.1016_j.synthmet.2020.116414_part_2.txt_¶Î1_Material2
[*]C(C)C[*],[*]CC(C#N)[*],OC1=C2C(C3(O)C4C5C6=C7C8C(C9=CC(C(O)=O)=C(C=C(C=C%10C(O)=O)C%11%12)C(C%11=C%13C%14C%15%16C%17(O%16)C%18C%19=C%20C%21=C%22C(C(O)=C%23)=C%24C%25C%21=C%26C%19=C%27C%17=C%28C%14(O)C%12=C%10C=C%28CC%27=CC%26=CC%25=C(C(O)=O)C=C%24)C9=C7C%13(O)C5=C%15C3=C%18C%29%30C%20(O%30)C%31C%22C%23=C%32)=CC(C(O)=O)=CC8=CC6=C(C(O)=O)C4=C2)=C%29C%33=C%31C%32=C(C(O)=O)C=C%331,,,1.7160033436347992,10.1051_matecconf_20152601008_part_1.txt_¶Î1_Material1
[*]OCCCCOC(CCC([*])=O)=O,[*]C1C(OC(C(C1O)O)OC2C(OC(C(C2O)O)O[*])CO)CO,,,,2.361727836017593,10.1016_j.carbpol.2016.08.048_part_2.txt_¶Î1_Material2
OCC(C(C(C1N)O)O[*])OC1OC2C(OC(C(C2O)N)[*])CO,[*]C1C(OC(C(C1O)O)OC2C(OC(C(C2O)O)O[*])CO)CO,C12=C3C(C=CC4C3=C5C(CC6=CC7=C8C9=C(C(C=C%10)=CC=C9C=C7)C%11=C%10C%12)=CC4)=CC=C1C=C%12C%13=C%11C8=C6C5=C2%13,,,1.6020599913279625,10.1080_03602559.2013.866246_part_1.txt_¶Î1_Material1
[*]C([H])([H])C(O)([H])[*],[Na+].[Cl-],,,,1.9445122821281515,10.1002_app.45981_part_2.txt_¶Î1_Material1
[*]C1C(OC(C(C1O)O)OC2C(OC(C(C2O)O)O[*])CO)CO,[*]C([H])([H])C(O)([H])[*],COC1=CC(/C=C/C=O)=CC(OC2=CC(C(C(OC3=CC=C(C=C3OC)C(C(CO)=O)O)CO)O)=CC=C2OC4=CC(C(C(COC5=CC=C(C=C5)C(C(CO)=O)O)=O)O)=CC=C4O)=C1,OCC(O)CO,,2.1354506993455136,10.1088_1742-6596_1295_1_012058_part_1.txt_¶Î1_Material1
O=C([*])C(C)O[*],[*]C1C(OC(C(C1O)O)OC2C(OC(C(C2O)O)O[*])CO)CO,[*]NC(C(N1CCCC1C(NCC(N2CC(CC2C(NC(C(NCC([*])=O)=O)CO)=O)O)=O)=O)=O)CCCCN,,,1.5705429398818975,10.1590_0104-1428.2181_part_2.txt_¶Î1_Material1
[*]CC([*])Cl,[*]OCC[*],,,,2.278753600952829,10.1007_s11696-021-01629-4_part_1.txt_¶Î1_Material1
[*]CC(C1=CC=CC=C1)C/C=C/C[*],[*]CC[*],C[N+](CCO)(CCO)[3H],,,2.311753861055754,10.1080_14658011.2018.1515286_part_2.txt_¶Î1_Material1
[*]CC[*],C12=C3C(C=CC4C3=C5C(CC6=CC7=C8C9=C(C(C=C%10)=CC=C9C=C7)C%11=C%10C%12)=CC4)=CC=C1C=C%12C%13=C%11C8=C6C5=C2%13,,,,1.7387805584843692,10.1016_j.compscitech.2021.108732_part_1.txt_¶Î1_Material1
[*]OC1=C(C([*])=CC=C1C)C,[*]C(C)C[*],,,,1.9138138523837167,10.1016_j.polymer.2018.05.075_part_2.txt_¶Î1_Material1
[*]CCC1C([*])C2CCC1C2,O=[Si]=O,,,,1.136720567156407,10.1016_j.compscitech.2014.03.013_part_2.txt_¶Î1_Material1
O=C([*])CCCCCN[*],O=[Al]O[Al]=O,,,,0.8375884382355113,10.1016_j.compositesb.2016.08.039_part_1.txt_¶Î1_Material1
OCC1OC(C(C(C1[*])O)O)OC2C(C(C(OC2CO)O[*])O)O,[Fe]12O[Fe]O[Fe](O2)O1,[Fe]12O[Fe]O[Fe](O2)O1,,,0.8450980400142568,10.1002_adma.202000682_part_4.txt_¶Î1_Material8
[*]NC(C1=CC=C2C(C(N(C2=O)C3=CC=C(C=C3)CC4=CC=C([*])C=C4)=O)=C1)=O,[*]C(N(CN(C(OCOC(N(CN(C(OCCO[*])=O)[H])[H])=O)=O)[H])[H])=O,,,,2.507855871695831,10.1080_25740881.2020.1793197_part_2.txt_¶Î1_Material1
O=C([*])C(C)O[*],[*]C(OCCCO[*])=O,,,,1.243781916093795,10.4028_www.scientific.net_amr.884-885.481_part_1.txt_¶Î1_Material1
[*]OC1OC(CO)C(OC2C(O)C(O)C([*])C(CO)O2)C(O)C1O,[*]C(C)C[*],,,,1,10.1007_s12221-012-1300-8_part_2.txt_¶Î1_Material1
[*]NCC(NC(C(ONCC(NC(C(NCC(NC(C([*])=O)C)=O)=O)C)=O)=O)CO)=O,OCC(C(C(C1N)O)O[*])OC1OC2C(OC(C(C2O)N)[*])CO,OC1=C2C(C3(O)C4C5C6=C7C8C(C9=CC(C(O)=O)=C(C=C(C=C%10C(O)=O)C%11%12)C(C%11=C%13C%14C%15%16C%17(O%16)C%18C%19=C%20C%21=C%22C(C(O)=C%23)=C%24C%25C%21=C%26C%19=C%27C%17=C%28C%14(O)C%12=C%10C=C%28CC%27=CC%26=CC%25=C(C(O)=O)C=C%24)C9=C7C%13(O)C5=C%15C3=C%18C%29%30C%20(O%30)C%31C%22C%23=C%32)=CC(C(O)=O)=CC8=CC6=C(C(O)=O)C4=C2)=C%29C%33=C%31C%32=C(C(O)=O)C=C%331,,,1,10.1080_09205063.2019.1666235_part_7.txt_¶Î1_Material1
[*]CC([*])Cl,[*]OC1C(O)C(O)C(OC2C(CO)OC([*])C(O)C2O)OC1CO,,,,0.8976270912904415,10.3390_ma13030753_part_1.txt_¶Î1_Material2
C[Si](C)(C[*])O[*],CC1=CC(C)=C(C(C)=C1)C(P(C2=CC=CC=C2)(C3=CC=CC=C3)=O)=O,,,,1.5403294747908738,10.1108_rpj-10-2019-0255_part_1.txt_¶Î1_Material1
[*]C(CCCCC(OCCCCO[*])=O)=O,O=[Si]=O,,,,2.7781512503836434,10.1002_pc.25276_part_2.txt_¶Î1_Material1
O=C(C1=CC=C(C=C1)C(OCC[*])=O)O[*],O=C=NC(C=C1)=CC=C1CC2=CC=C(C=C2)N=C=O,,,,1.6334684555795864,10.1002_pi.4771_part_1.txt_¶Î1_Material2
O=C([*])C(C)O[*],OP(O)(O)=O,[*]C(CCCCC(OCCCCO[*])=O)=O,,,2.1931245983544616,10.1016_j.polymdegradstab.2019.109066_part_3.txt_¶Î1_Material1
O=C(O[Na])COCC(OC(C(C1O)O)[*])C1OC(C(C(C2O[*])O)O)OC2COCC(O[Na])=O,O=C(C1=CC=C(C=C1)C(OCC[*])=O)O[*],[Zn]=O,,,1.684665864025861,10.1007_s11694-021-00880-3_part_2.txt_¶Î1_Material1
[*]CCCCOCCCCOCCCCOCCCCO[*],O=C=NCCCCCCN=C=O,,,,3.229169702539101,10.1016_j.polymer.2020.122299_part_1.txt_¶Î1_Material1
O=C([*])OC1=CC=C(C=C1)C(C)(C)C2=CC=C(C=C2)O[*],[*]C(C=C1)=CC=C1S[*],,,,2.0453229787866576,10.1002_app.35428_part_1.txt_¶Î1_Material1
O=C(C1=CC=C(C=C1)C(OCC[*])=O)O[*],[*]C(C)C[*],[*]C(C)C[*],,,0.9493900066449128,10.4028_www.scientific.net_amm.295-298.1806_part_1.txt_¶Î1_Material1
[*]CCCC(C1C([*])C2CC1C/C2=C/C)C,[H][Si]([H])([H])[H],,,,2.899273187317604,10.1039_c8sm01712c_part_2.txt_¶Î1_Material1
[*]NC(C(N1CCCC1C(NCC(N2CC(CC2C(NC(C(NCC([*])=O)=O)CO)=O)O)=O)=O)=O)CCCCN,OC1C(O)C([*])OC(COC2C(O)C(O)C(O)C(CO)O2)C1OC3C(O)C(O)C(CO[*])C(CO)O3,O=C([*])C(C)O[*],,,1.4771212547196624,10.1021_acssuschemeng.7b02025_part_1.txt_¶Î1_Material1
O=C([*])C(C)O[*],O=[Zr]=O,,,,1.4313637641589874,10.1088_1742-6596_1019_1_012066_part_1.txt_¶Î1_Material1
[*]CCCCOCCCCOCCCCOCCCCO[*],CC1=CC=C(C=C1N=C=O)N=C=O,,,,2.6020599913279625,10.4028_www.scientific.net_amr.159.584_part_1.txt_¶Î1_Material1
OCC(C(C(C1N)O)O[*])OC1OC2C(OC(C(C2O)N)[*])CO,[*]OC1C(O)C(O)C(OC2C(OC(C(CO)O)=O)C(OC3C(O)C(O)C(OC4C(O)C(O)C(O[*])OC4CO)OC3C(O)=O)OC(CO)C2O)OC1C,,,,1.6989700043360187,10.3390_fib1030047_part_1.txt_¶Î1_Material1
[*]C(NC1=C(C)C(NC(OCCO[*])=O)=CC=C1)=O,[*]OCC[*],O=[Ti]=O,,,2.3010299956639813,10.33263_briac111.81798189_OA_part_2.txt_¶Î1_Material2
[*]CC[*],O1C(=O)C=CC1=O,,,,0.5563025007672873,10.1016_j.compositesb.2011.01.010_part_1.txt_¶Î1_Material1
O=C(C1=CC=C(C=C1)C(OCC[*])=O)O[*],[*]CC[*],[*]CC(CCCC(CC)CC([*])C1=CC=CC=C1)C2=CC=CC=C2,CCCCCCCCCCCCCCCCCCOC(CCC1=CC(C(C)(C)C)=C(C(C(C)(C)C)=C1)O)=O,,1.1749315935284426,10.1177_0095244317698738_part_1.txt_¶Î1_Material2
[*]CC[*],[*]OC1C(O)C(O)C(OC2C(CO)OC([*])C(O)C2O)OC1CO,,,,1.3010299956639813,10.1080_10426914.2015.1059444_part_4.txt_¶Î1_Material2
[*]C(NC1=C(C)C(NC(OCCO[*])=O)=CC=C1)=O,O=C=NCCCCCCN=C=O,O=C=NC(C=C1)=CC=C1CC2=CC=C(C=C2)N=C=O,,,2.880813592280792,10.1177_0954008314533359_part_2.txt_¶Î1_Material1
[*]C([H])([H])C(O)([H])[*],[*]C1C(OC(C(C1O)O)OC2C(OC(C(C2O)O)O[*])CO)CO,OC(CO)CO,,,1.6020599913279625,10.1007_s10924-012-0419-4_part_1.txt_¶Î1_Material1
[*]CC(C1=CC=C(C=C1)S(O)(=O)=O)[*],[*]C([H])([H])C(O)([H])[*],[Ag+],,,1.64738297011462,10.1080_00405000.2021.1918430_part_1.txt_¶Î1_Material1
[*]CC([*])Cl,[*]CC(C(OC)=O)(CC(C/C=C/CCC(C1=CC=CC=C1)[*])C#N)C,[*]C/C=C/CCC([*])C#N,,,2.113943352306837,10.1515_polyeng-2019-0192_part_2.txt_¶Î1_Material1
[*]CC(C)(C(OCCO)=O)[*],[*]CC([*])N1CCCC1=O,,,,1.919078092376074,10.1080_15421406.2020.1859695_part_2.txt_¶Î1_Material1
O=C([*])C(C)O[*],C/C(C[*])=C/C[*],[*]C/C=C/CCC([*])C#N,[*]CCCC([*])OC(C)=O,,1.2041199826559248,10.4028_www.scientific.net_amr.486.406_part_2.txt_¶Î1_Material1
[*]C1C(C(C(OC1C(O[Na])=O)OC2C(C(O[Na])=O)OC(O[*])C(O)C2O)O)O,[*]C1C(OC(C(O)C1O)OC2C(O)C(O)C(OC2C(O[Na])=O)O[*])C(O[Na])=O,[Ca+2],,,0.4065401804339551,10.1016_j.lwt.2021.112197_part_1.txt_¶Î1_Material1
[*]C([H])([H])C(O)([H])[*],[*]CC(C1=CC=C(C=C1)S(O)(=O)=O)[*],[Ag+],,,1.4668676203541096,10.1007_s40843-020-1557-3_part_1.txt_¶Î1_Material1
OCC1OC(C(C(C1[*])O)O)OC2C(C(C(OC2CO)O[*])O)O,COC1=CC(/C=C/C=O)=CC(OC2=CC(C(C(OC3=CC=C(C=C3OC)C(C(CO)=O)O)CO)O)=CC=C2OC4=CC(C(C(COC5=CC=C(C=C5)C(C(CO)=O)O)=O)O)=CC=C4O)=C1,COC1=CC(/C=C/C=O)=CC(OC2=CC(C(C(OC3=CC=C(C=C3OC)C(C(CO)=O)O)CO)O)=CC=C2OC4=CC(C(C(COC5=CC=C(C=C5)C(C(CO)=O)O)=O)O)=CC=C4O)=C1,,,0.5877109650189114,10.1007_s10570-018-1764-9_part_3.txt_¶Î1_Material3
[*]CC(COC1=CC=C(C=C1)C(C)(C)C2=CC=C(C=C2)O[*])O,[*]OCC[*],O=[Ti]=O,,,0.6748611407378116,10.1007_s10924-021-02115-4_part_1.txt_¶Î1_Material1
[*]NC(C(N1CCCC1C(NCC(N2CC(CC2C(NC(C(NCC([*])=O)=O)CO)=O)O)=O)=O)=O)CCCCN,C12=C3C(C=CC4C3=C5C(CC6=CC7=C8C9=C(C(C=C%10)=CC=C9C=C7)C%11=C%10C%12)=CC4)=CC=C1C=C%12C%13=C%11C8=C6C5=C2%13,,,,1.4913616938342726,10.1039_c4nr05268d_part_1.txt_¶Î1_Material1
O=C([*])C(C)O[*],[*]OCC[*],CCCCCCCCCCCCCCCCCCOC(CCC1=CC(C(C)(C)C)=C(C(C(C)(C)C)=C1)O)=O,,,0.6989700043360189,10.1002_app.40394_part_1.txt_¶Î1_Material1
OCC1OC(C(C(C1O[*])O)O)[*],[*]C1C(O)C(O)C(OC2C(O)C(O)C(O[*])OC2COC(C)=O)OC1COC(C)=O,,,,1.3222192947339193,10.1007_s10570-019-02882-3_part_2.txt_¶Î1_Material1
C/C(C[*])=C/C[*],[*]CC(C1=CC=C(C=C1)S(O)(=O)=O)[*],,,,2.845098040014257,10.1063_5.0017936_part_1.txt_¶Î1_Material1
OCC(C(C(C1N)O)O[*])OC1OC2C(OC(C(C2O)N)[*])CO,OC(C(C1OC2OC(C(C(C2O)O)OC3OC(C(C(C3O)O)O)COC4OC(C(C(C4O)O)OC5OC(C(C(C5O)O)OC6OC(C(C(C6O)O[*])O)C)CO)CO)CO)O[*])COC1CO,,,,0.4517864355242902,10.1016_j.carbpol.2020.116734_part_4.txt_¶Î1_Material2
[*]NCC(NC(C(ONCC(NC(C(NCC(NC(C([*])=O)C)=O)=O)C)=O)=O)CO)=O,[*]C1C(C(C(OC1C(O[Na])=O)OC2C(C(O[Na])=O)OC(O[*])C(O)C2O)O)O,O=C(C1=COC(C2C(CO)=CCC12)O)OC,,,2,10.1016_j.actbio.2012.04.035_part_3.txt_¶Î1_Material1
[*]C(CCCCCO[*])=O,C[Si](O[*])(C)[*],,,,2.667452952889954,10.1016_j.matlet.2014.05.184_part_1.txt_¶Î1_Material1
CC(CO[*])[*],O=C=NC(C=C1)=CC=C1CC2=CC=C(C=C2)N=C=O,,,,1.3961993470957363,10.1016_j.ijtst.2020.07.003_part_1.txt_¶Î1_Material1
[*]CC[*],O=[Si]=O.[Ca]=O,,,,0.8721562727482929,10.1016_j.cemconcomp.2022.104770_OA_part_6.txt_¶Î1_Material1
OCC1OC(C(C(C1O[*])O)O)[*],[*]NCC(NC(C(ONCC(NC(C(NCC(NC(C([*])=O)C)=O)=O)C)=O)=O)CO)=O,,,,0.6608654780038692,10.4028_www.scientific.net_amr.175-176.176_part_1.txt_¶Î1_Material1
O=C([*])C(C)O[*],[*]C1C(OC(C(C1O)O)OC2C(OC(C(C2O)O)O[*])CO)CO,O=C([*])C(C)O[*],OCC(O)CO,,1.3010299956639813,10.1016_j.progpolymsci.2018.07.001_part_5.txt_¶Î1_Material3
C=C([CH3])C(=O)OC([CH3])[CH3],C=C([CH3])C(=O)O[CH3],[*]C/C=C/CCC([*])C#N,,,2.2876226024861923,10.1002_app.48642_part_1.txt_¶Î1_Material1
[*]C1=CC=C([*])N1,O=C(O[Na])COCC(OC(C(C1O)O)[*])C1OC(C(C(C2O[*])O)O)OC2COCC(O[Na])=O,,,,0.9030899869919436,10.1002_mame.201000148_part_2.txt_¶Î1_Material2
[*]CCCCOCCCCOCCCCOCCCCO[*],[*]C(CCCCCO[*])=O,,,,2.6989700043360187,10.1016_j.polymer.2015.08.047_part_1.txt_¶Î1_Material1
O=C(CCCCCCCCCCC(NCCCCCCCCCCCCN[*])=O)[*],[*]CCN[*],,,,1.1760912590556811,10.1002_app.41424_part_1.txt_¶Î1_Material1
[*]CCCC([*])OC(C)=O,[*]CCCC([*])OC(C)=O,OC1=C2C(C3(O)C4C5C6=C7C8C(C9=CC(C(O)=O)=C(C=C(C=C%10C(O)=O)C%11%12)C(C%11=C%13C%14C%15%16C%17(O%16)C%18C%19=C%20C%21=C%22C(C(O)=C%23)=C%24C%25C%21=C%26C%19=C%27C%17=C%28C%14(O)C%12=C%10C=C%28CC%27=CC%26=CC%25=C(C(O)=O)C=C%24)C9=C7C%13(O)C5=C%15C3=C%18C%29%30C%20(O%30)C%31C%22C%23=C%32)=CC(C(O)=O)=CC8=CC6=C(C(O)=O)C4=C2)=C%29C%33=C%31C%32=C(C(O)=O)C=C%331,,,1.7477224620355083,10.1002_app.44708_part_1.txt_¶Î1_Material2
[*]NCC(NC(C(ONCC(NC(C(NCC(NC(C([*])=O)C)=O)=O)C)=O)=O)CO)=O,O=C([*])C(C)O[*],,,,1.6532125137753435,10.1016_j.msec.2019.109890_part_1.txt_¶Î1_Material1
[*]C([H])([H])C(O)([H])[*],[*]C(NC1=C(C)C(NC(OCCO[*])=O)=CC=C1)=O,,,,2.5634810853944106,10.1016_j.compositesb.2014.10.013_part_1.txt_¶Î1_Material1
OCC1OC(C(C(C1[*])O)O)OC2C(C(C(OC2CO)O[*])O)O,[*]OCC[*],OCC(O)CO,,,1.3263358609287514,10.1016_j.carbpol.2017.01.096_part_3.txt_¶Î1_Material1
[*]CC([*])Cl,O=C([*])OC1=CC=C(C=C1)C(C)(C)C2=CC=C(C=C2)O[*],[*]OCC[*],,,1,10.1016_j.memsci.2017.04.011_part_1.txt_¶Î1_Material1
[*]NC(C(N1CCCC1C(NCC(N2CC(CC2C(NC(C(NCC([*])=O)=O)CO)=O)O)=O)=O)=O)CCCCN,O=C(N)N,,,,0.9777236052888476,10.1007_s10924-010-0172-5_part_1.txt_¶Î1_Material1
[*]CC[*],O=C([*])C(C)O[*],C=C(C(OCC1CO1)=O)C,,,1.167317334748176,10.1007_s13726-013-0126-6_part_2.txt_¶Î1_Material2
[*]C(C)C[*],OCC1OC(OC2C(O)C(O)C(O[*])OC2CO)C(O)C(O)C1[*],OS(=O)(OOS(O)(=O)=O)=O.N.N,NC1=CC=C(C=C1)/C2=C3C=C/C(N\3)=C(C4=N/C(C=C4)=C(C5=CC=C(N5)/C(C6=CC=CC=C6)=C7N=C2C=C\7)/C8=CC=CC=C8)\C9=CC=CC=C9,,1.1760912590556811,10.1080_15685543.2013.812767_part_2.txt_¶Î1_Material1
[*]CC(C#N)[*],O=[Si]=O,,,,1.5440680443502757,10.1016_j.compositesb.2019.107037_part_1.txt_¶Î1_Material1
O=C([*])C1=CC=C(C=C1)OC2=CC=C(C=C2)OC3=CC=C(C=C3)[*],[C],C12=CC3=CC4=CC=CN=C4N=C3N=C1N=C5N=C6N=CC=CC6=CC5=C2,,,0.1105897102992489,10.1002_pc.24250_part_2.txt_¶Î1_Material4
[*]NC(C)C(N1CCCC1C([*])=O)=O,[*]NC(C)C(N1CCCC1C([*])=O)=O,O=C(C1=COC(C2C(CO)=CCC12)O)OC,,,0.8488047010518037,10.1002_term.1522_part_1.txt_¶Î1_Material2
OCC(C(C(C1N)O)O[*])OC1OC2C(OC(C(C2O)N)[*])CO,[*]OC(C(C1O)O)OC(COC)C1OC(OC(C(C2O)OC3OC(C(C(C3OC)O)OC4OC(C(C(C4OC)O)[*])COC)CO)COC)C2OCC(OC)C,OC[C@@H]([C@H]([C@@H]([C@@H](CO)O)O)O)O,,,0.6618126855372612,10.1590_s0101-20612011000200026_part_1.txt_¶Î1_Material2
[*]C(C=C1)=CC=C1S[*],[*]C([H])([H])C(O)([H])[*],,,,1.869231719730976,10.3390_polym12061354_part_2.txt_¶Î1_Material1
[*]NCC(NC(C(ONCC(NC(C(NCC(NC(C([*])=O)C)=O)=O)C)=O)=O)CO)=O,[*]C(NC1=C(C)C(NC(OCCO[*])=O)=CC=C1)=O,,,,2.5873741720730656,10.1002_pen.21697_part_1.txt_¶Î1_Material1
O=C(C1=CC=C(C=C1)C(OCC[*])=O)O[*],O=C([*])CCCCCN[*],O=C(CCCCC(N(CCCCCCN([*])[H])[H])=O)[*],,,1.3364597338485296,10.1177_1558925019868807_part_1.txt_¶Î1_Material1
O=C(C(C[*])[*])N,[*]OCC[*],CC1=CC(O)=C(C=C1CCCC(C2=C(C=C(C(C(C)(C)C)=C2)O)C)C3=CC(C(C)(C)C)=C(C=C3C)O)C(C)(C)C,,,2.674034000431255,10.1016_j.polymertesting.2017.09.012_part_1.txt_¶Î1_Material1
[*]C1C(OC(C(C1O)O)OC2C(OC(C(C2O)O)O[*])CO)CO,[*]CCCC([*])OC(C)=O,,,,1.403120521175818,10.1080_15440478.2018.1534192_part_4.txt_¶Î1_Material3
O=C(O)C([*])C[*],[*]C1C(C(C(OC1C(O[Na])=O)OC2C(C(O[Na])=O)OC(O[*])C(O)C2O)O)O,,,,2.588831725594208,10.1002_app.40968_part_2.txt_¶Î1_Material1
[*]C1C(C(C(OC1C(O[Na])=O)OC2C(C(O[Na])=O)OC(O[*])C(O)C2O)O)O,N#CC(C1=CC=CC=N1)C1=CC=CC=C1,,,,0.4771212547196624,10.1016_j.tifs.2020.10.002_part_2.txt_¶Î1_Material2
OCC1OC(C(C(C1[*])O)O)OC2C(C(C(OC2CO)O[*])O)O,O=C([*])CCCCCN[*],,,,1.1760912590556811,10.1007_s10570-020-03233-3_part_2.txt_¶Î1_Material1
[*]C([H])([H])C(O)([H])[*],[*]C1=C2C(OCCO2)=C([*])S1,,,,2.0791812460476247,10.1007_s10570-021-03818-6_part_2.txt_¶Î1_Material1
[*]C(C)C[*],[*]C(NC1=C(C)C(NC(OCCO[*])=O)=CC=C1)=O,O=[Ti]=O,,,1.6068111469189634,10.1016_j.coco.2020.100529_part_5.txt_¶Î1_Material1
[*]CC(OC(O[*])=O)C,[*]C(NC1=C(C)C(NC(OCCO[*])=O)=CC=C1)=O,CC(C(=O)O)(CO)CO,O=C=O,,2.8362228107186778,10.1007_s10965-021-02616-9_part_2.txt_¶Î1_Material1
[*]C([H])([H])C(O)([H])[*],[*]NC(C)C(N1CCCC1C([*])=O)=O,OCC(O)CO,,,1.1146109842321732,10.3390_molecules24132363_part_2.txt_¶Î1_Material1
[*]C(C)C[*],[*]CC[*],O=[Al]O[Al]=O,,,1,10.1016_j.memsci.2020.118481_part_1.txt_¶Î1_Material1
[*]C1C(C(C(OC1C(O[Na])=O)OC2C(C(O[Na])=O)OC(O[*])C(O)C2O)O)O,COCC1OC(OC2C(CO)OC(O[*])C(OC)C2OC)C(OC)C(O)C1O[*],,,,1.3031960574204888,10.1504_ijbt.2010.036594_part_2.txt_¶Î1_Material3
[*]C(C(C1O)O)OCC1OC(C(C2O)OC(C)=O)OCC2OC(OCC(C3O)OC4OCC(C(C4O)OC(C)=O)OC5OCC(C(C5OC(C)=O)OC(C)=O)[*])C3OC(C(C(C6OC)O)O)OC6C([O-])=O,[*]C1C(C(C(OC1C(O[Na])=O)OC2C(C(O[Na])=O)OC(O[*])C(O)C2O)O)O,,,,1.6045500325712614,10.3390_polym12102279_part_3.txt_¶Î1_Material1
O=C([*])C(C)O[*],[*]C(C(O[*])C)=O,,,,1.3979400086720375,10.1002_mame.202000805_part_2.txt_¶Î1_Material1
O=C(CCCCC(N(CCCCCCN([*])[H])[H])=O)[*],O=[Al]O[Al]=O,,,,0.8260748027008264,10.1177_0731684417706107_part_1.txt_¶Î1_Material1
[*]C1C(C(C(OC1C(O[Na])=O)OC2C(C(O[Na])=O)OC(O[*])C(O)C2O)O)O,OCC(O)CO,[H]O[H],,,1.3424226808222062,10.1016_j.foodhyd.2016.09.023_part_3.txt_¶Î1_Material1
O=C([*])CCCCCN[*],[*]CC(CC=CCC([*])C1=CC=CC=C1)C#N,[Al],,,1.0433622780211296,10.1108_rpj-05-2017-0094_part_3.txt_¶Î1_Material1
OCC(C(C(C1N)O)O[*])OC1OC2C(OC(C(C2O)N)[*])CO,[*]C(CCCCCO[*])=O,[*]NC(C(N1CCCC1C(NCC(N2CC(CC2C(NC(C(NCC([*])=O)=O)CO)=O)O)=O)=O)=O)CCCCN,C1OC1C[N+]([CH3])([CH3])[CH3].[Cl-],[*]OCC[*],2.041392685158225,10.1016_j.ijbiomac.2017.05.004_part_3.txt_¶Î1_Material4
[*]C(NC1=C(C)C(NC(OCCO[*])=O)=CC=C1)=O,[*]C(C)C[*],,,,1.6989700043360187,10.1002_pssb.201451715_part_1.txt_¶Î1_Material1
[*]NC(C(N1CCCC1C(NCC(N2CC(CC2C(NC(C(NCC([*])=O)=O)CO)=O)O)=O)=O)=O)CCCCN,[*]NCC(NC(C(ONCC(NC(C(NCC(NC(C([*])=O)C)=O)=O)C)=O)=O)CO)=O,,,,0.9138138523837168,10.1016_j.matlet.2010.09.059_part_1.txt_¶Î1_Material1
[*]CC(CC=CCC([*])C1=CC=CC=C1)C#N,O=[Si]=O.O=[Al]O[Al]=O.O=[Si]=O.O=[Si]=O.O=[Si]=O.O,,,,0.8549130223078556,10.1108_rpj-12-2019-0321_part_1.txt_¶Î1_Material1
OCC1OC(C(C(C1[*])O)O)OC2C(C(C(OC2CO)O[*])O)O,O=S(O)(O)=O,,,,1.6434526764861874,10.1007_s10570-015-0632-0_part_4.txt_¶Î1_Material1
O=C(O)C([*])C[*],[Fe+3],,,,3.244277120801843,10.1021_acssuschemeng.9b07467_part_3.txt_¶Î1_Material1
OC1=C2C(C3(O)C4C5C6=C7C8C(C9=CC(C(O)=O)=C(C=C(C=C%10C(O)=O)C%11%12)C(C%11=C%13C%14C%15%16C%17(O%16)C%18C%19=C%20C%21=C%22C(C(O)=C%23)=C%24C%25C%21=C%26C%19=C%27C%17=C%28C%14(O)C%12=C%10C=C%28CC%27=CC%26=CC%25=C(C(O)=O)C=C%24)C9=C7C%13(O)C5=C%15C3=C%18C%29%30C%20(O%30)C%31C%22C%23=C%32)=CC(C(O)=O)=CC8=CC6=C(C(O)=O)C4=C2)=C%29C%33=C%31C%32=C(C(O)=O)C=C%331,[*]C([H])([H])C(O)([H])[*],,,,1.9242792860618816,10.1016_j.cej.2021.129518_part_2.txt_¶Î1_Material1
O=C([*])C(C)O[*],COC1=CC(/C=C/C=O)=CC(OC2=CC(C(C(OC3=CC=C(C=C3OC)C(C(CO)=O)O)CO)O)=CC=C2OC4=CC(C(C(COC5=CC=C(C=C5)C(C(CO)=O)O)=O)O)=CC=C4O)=C1,,,,0.5943925503754267,10.3390_polym12010074_part_2.txt_¶Î1_Material3
O=C(C1=CC=C(C=C1)C(OCC[*])=O)O[*],[*]C([H])([H])C(O)([H])[*],,,,2.3201462861110542,10.1016_j.colsurfa.2013.07.014_part_2.txt_¶Î1_Material4
OP(O)(O)=O,[*]O[C@H](C)CC([*])=O,,,,0.6232492903979004,10.4028_www.scientific.net_kem.737.313_part_1.txt_¶Î1_Material1
[*]C([H])([H])C(O)([H])[*],OC(C(CC(O)=O)(CC(O)=O)O)=O,OCC(O)CO,,,2.712649701627212,10.1177_0967391120972881_part_2.txt_¶Î1_Material1
C[Si](C)(C[*])O[*],O=[Al]O[Al]=O,,,,1.9717395908877784,10.4028_www.scientific.net_amr.812.198_part_1.txt_¶Î1_Material1
[*]O[Si](C)(C)[*],O=C([*])OC1=CC=C(C=C1)C(C)(C)C2=CC=C(C=C2)O[*],,,,1.2636360685881085,10.3390_polym11081302_part_2.txt_¶Î1_Material1
[*]OCC[*],O=P([O-])([O-])[O-].[Ca+2].[Ca+2].[OH-],,,,1.84397984447816,10.1007_s10965-018-1511-9_part_2.txt_¶Î1_Material1
[*]CC([*])N1CCCC1=O,[*]OC1C(O)C(O)C(OC2C(CO)OC([*])C(O)C2O)OC1CO,,,,1.2013971243204515,10.1007_s12221-018-8308-7_part_2.txt_¶Î1_Material1
O=C([*])C(C)O[*],C[Si](O[*])(C)[*],,,,1.9634572601167075,10.1016_j.rinp.2017.11.030_part_2.txt_¶Î1_Material1
[*]C(NC1=C(C)C(NC(OCCO[*])=O)=CC=C1)=O,[Fe+3],,,,2.727134423760489,10.1016_j.porgcoat.2021.106153_part_1.txt_¶Î1_Material3
[*]C(CCCCC(OCCCCO[*])=O)=O,O=C([*])C(C)O[*],OC1=C2C(C3(O)C4C5C6=C7C8C(C9=CC(C(O)=O)=C(C=C(C=C%10C(O)=O)C%11%12)C(C%11=C%13C%14C%15%16C%17(O%16)C%18C%19=C%20C%21=C%22C(C(O)=C%23)=C%24C%25C%21=C%26C%19=C%27C%17=C%28C%14(O)C%12=C%10C=C%28CC%27=CC%26=CC%25=C(C(O)=O)C=C%24)C9=C7C%13(O)C5=C%15C3=C%18C%29%30C%20(O%30)C%31C%22C%23=C%32)=CC(C(O)=O)=CC8=CC6=C(C(O)=O)C4=C2)=C%29C%33=C%31C%32=C(C(O)=O)C=C%331,,,2.4227047173767926,10.1002_app.35604_part_2.txt_¶Î1_Material1
[*]OC(CC(OC(CC([*])=O)CC)=O)C,[*]C([H])([H])C(O)([H])[*],C=C([CH3])C(=O)OC([CH3])[CH3],,,1.1199154102579911,10.3390_polym10080827_part_3.txt_¶Î1_Material1
O=C([*])CCCCCN[*],[*]C/C=C/CCC([*])C#N,,,,2.3010299956639813,10.1002_vnl.21451_part_1.txt_¶Î1_Material1
[*]CC([*])Cl,[*]CCCC([*])OC(C)=O,,,,2,10.1007_s00289-018-2389-8_part_2.txt_¶Î1_Material1
[*]C(C=C1)=CC=C1S[*],O=C=NCCCCCCN=C=O,,,,1.568201724066995,10.1021_ie301994z_part_2.txt_¶Î1_Material1
O=C([*])C(C)O[*],[*]C(N(CN(C(OCOC(N(CN(C(OCCO[*])=O)[H])[H])=O)=O)[H])[H])=O,O=C([*])C(C)O[*],,,2.30941722577814,10.4028_www.scientific.net_msf.789.117_part_1.txt_¶Î1_Material1
[*]C([H])([H])C(O)([H])[*],OCC1OC(C(C(C1O)O[*])O)OC2C(C(C(OC2COS(=O)(O)=O)[*])NC(C)=O)O,[Ag+],,,2.084576277934331,10.3389_fbioe.2021.733980_OA_part_2.txt_¶Î1_Material1
[*]C(C[*])C(N(C)C)=O,O=C(C(C[*])[*])N,,,,2.7781512503836434,10.1007_s40843-022-2145-3_OA_part_1.txt_¶Î1_Material1
O=C(O)C([*])C[*],O=C(O[Na])COCC(OC(C(C1O)O)[*])C1OC(C(C(C2O[*])O)O)OC2COCC(O[Na])=O,,,,2.6989700043360187,10.1007_s10570-019-02797-z_part_2.txt_¶Î1_Material1
OC1C(C(OC(C1O)OC2C(OC(C(C2O)O)OC3C(C(C(OC3C(OC)=O)OC4C(OC(C(C4O)O)[*])C(O)=O)O)O)C(OC)=O)C(O)=O)O[*],OCC(C(C(C1N)O)O[*])OC1OC2C(OC(C(C2O)N)[*])CO,O=C(CC(/C=C/C1=CC=C(C(OC)=C1)O)=O)/C=C/C2=CC=C(O)C(OC)=C2,,,1,10.3390_molecules26082152_part_1.txt_¶Î1_Material1
O=C([*])CCCCCN[*],[*]CC1C(C(CO)(C[*])CCC1)=O,OC1=C2C(C3(O)C4C5C6=C7C8C(C9=CC(C(O)=O)=C(C=C(C=C%10C(O)=O)C%11%12)C(C%11=C%13C%14C%15%16C%17(O%16)C%18C%19=C%20C%21=C%22C(C(O)=C%23)=C%24C%25C%21=C%26C%19=C%27C%17=C%28C%14(O)C%12=C%10C=C%28CC%27=CC%26=CC%25=C(C(O)=O)C=C%24)C9=C7C%13(O)C5=C%15C3=C%18C%29%30C%20(O%30)C%31C%22C%23=C%32)=CC(C(O)=O)=CC8=CC6=C(C(O)=O)C4=C2)=C%29C%33=C%31C%32=C(C(O)=O)C=C%331,,,2.002166061756508,10.1002_app.50501_part_2.txt_¶Î1_Material1
[*]C(C)C[*],[*]CCCC(C1C([*])C2CC1C/C2=C/C)C,O=[Mg].O=[Si]=O.O=[Si]=O.O=[Si]=O.O=[Si]=O.O=[Mg].O=[Mg].O,,,2.1760912590556813,10.1177_0307174x1604300103_part_1.txt_¶Î1_Material1
O=C([*])CCCCCN[*],C12=CC3=CC4=CC=CN=C4N=C3N=C1N=C5N=C6N=CC=CC6=CC5=C2,OC(C(C)(CC(C1=CC=CC=C1)[*])CC(C[*])(C(OCC2CO2)=O)C)=O,,,1,10.1080_20550340.2019.1703334_part_3.txt_¶Î1_Material1
[*]C(C(OC(CO[*])=O)C)=O,[*]NC(C(N1CCCC1C(NCC(N2CC(CC2C(NC(C(NCC([*])=O)=O)CO)=O)O)=O)=O)=O)CCCCN,,,,2.0791812460476247,10.1002_jbm.a.35355_part_2.txt_¶Î1_Material3
OCC(C(C(C1N)O)O[*])OC1OC2C(OC(C(C2O)N)[*])CO,O=C([O-])[O-].[Ca+2],,,,0.6222140229662954,10.1088_1757-899x_578_1_012073_part_2.txt_¶Î1_Material3
O=C([*])CCCCCCCCCCC(NCCCCCCCCCCN[*])=O,OCC1OC(C(C(C1[*])O)O)OC2C(C(C(OC2CO)O[*])O)O,,,,1.0413926851582251,10.3139_217.3142_part_1.txt_¶Î1_Material2
[*]C(C1=CC=C(C(OCCCCO[*])=O)C=C1)=O,[*]CCC(CCCCCC)C[*],[*]C(C)C[*],,,1.884228769632604,10.1002_app.48872_part_2.txt_¶Î1_Material2
O=C([*])OC1=CC=C(C=C1)C(C)(C)C2=CC=C(C=C2)O[*],COC(C(C[*])([*])C)=O,,,,2,10.1080_15440478.2010.481096_part_2.txt_¶Î1_Material1
[*]C1C(C(C(OC1C(O[Na])=O)OC2C(C(O[Na])=O)OC(O[*])C(O)C2O)O)O,[*]C1C(C(C(OC1C(O[Na])=O)OC2C(C(O[Na])=O)OC(O[*])C(O)C2O)O)O,[*]C1C(C(C(OC1C(O[Na])=O)OC2C(C(O[Na])=O)OC(O[*])C(O)C2O)O)O,,,1,10.1021_bm301194f_part_2.txt_¶Î1_Material1
[*]C([H])([H])C(O)([H])[*],[*]C1C(C(C(OC1C(O[Na])=O)OC2C(C(O[Na])=O)OC(O[*])C(O)C2O)O)O,[Ag+],,,1.7481880270062005,10.1016_j.ijbiomac.2015.06.042_part_1.txt_¶Î1_Material1
[*]CC(C#N)[*],CNC(CNC(CN)=O)=O,,,,1.5440680443502757,10.22190_fume170913031r_OA_part_2.txt_¶Î1_Material1
[*]C1C(OC(C(C1O)O)OC2C(OC(C(C2O)O)O[*])CO)CO,OP(O)(O)=O,[*]OCCCCOC(CCC([*])=O)=O,OCC(O)CO,,1.3010299956639813,10.1179_1743289815y.0000000031_part_1.txt_¶Î1_Material1
[*]C(NC1=C(C)C(NC(OCCO[*])=O)=CC=C1)=O,[*]C(CCCCCO[*])=O,O=[Ti]=O,,,2.1760912590556813,10.33263_briac111.81798189_OA_part_2.txt_¶Î1_Material1
[*]C(N(CN(C(OCOC(N(CN(C(OCCO[*])=O)[H])[H])=O)=O)[H])[H])=O,[H][Si]([H])([H])[H],,,,2.9694159123539814,10.1016_j.diamond.2019.107481_part_1.txt_¶Î1_Material1
[*]OCCOC(CC(C([*])=O)C(C1CCCCC1)CC(CC(O)=O)C(OCCO)=O)=O,[*]C(CCCCCO[*])=O,C[N+](CCO)(CCO)[3H],,,1.3617278360175928,10.1002_pc.22726_part_3.txt_¶Î1_Material1
OCC1OC(C(C(C1O[*])O)O)[*],O=[Al]O[Al]=O.O=[Si]=O.O=[Si]=O.O.O,,,,1.1818435879447726,10.1007_s10570-018-1865-5_part_1.txt_¶Î1_Material1
[*]C(CCCCCO[*])=O,O=C(O)C([*])C[*],,,,2.1367205671564067,10.1016_j.ijbiomac.2019.09.101_part_5.txt_¶Î1_Material1
[*]CC[*],[*]CC(CC[*])O,,,,2.5815173094258106,10.1016_j.polymdegradstab.2017.07.019_part_3.txt_¶Î1_Material1
[*]C(NC1=C(C)C(NC(OCCO[*])=O)=CC=C1)=O,[*]CCC(CCCC(CCCC(C[*])C)C)C,CNC(CNC(CN)=O)=O,,,2.4409090820652177,10.1016_j.compositesa.2016.07.017_part_2.txt_¶Î1_Material1
[*]C([H])([H])C(O)([H])[*],[*]OCCOC(CC(C([*])=O)C(C1CCCCC1)CC(CC(O)=O)C(OCCO)=O)=O,[*]OCC[*],,,1.9459607035775688,10.1039_c9py01406c_part_2.txt_¶Î1_Material1
O=C(C1=CC=C(C=C1)C(OCC[*])=O)O[*],O=C([*])C1=CC=C(C=C1)OC2=CC=C(C=C2)OC3=CC=C(C=C3)[*],,,,1.1760912590556811,10.1177_0954008316661616_part_3.txt_¶Î1_Material1
O=C([*])CCCCCN[*],OCC(C(C(C1N)O)O[*])OC1OC2C(OC(C(C2O)N)[*])CO,[*]OC1C(C(O)=O)OC(OC2C(NC(C)=O)C([*])OC(CO)C2O)C(O)C1O,,,1.9430491110084067,10.1016_j.carbpol.2021.117769_part_2.txt_¶Î1_Material1
[*]CC(CC)([*])C(OCC1=CC=CC=C1)=O,[*]C(N(CN(C(OCOC(N(CN(C(OCCO[*])=O)[H])[H])=O)=O)[H])[H])=O,,,,2.231214647962601,10.1002_app.47397_part_1.txt_¶Î1_Material1
[*]CC([*])Cl,C=C([CH3])C(=O)O[CH3],,,,1.0791812460476249,10.1016_j.polymer.2020.122911_part_8.txt_¶Î1_Material2
[*]C(C1=CC=C(C(OCCCCO[*])=O)C=C1)=O,O=C([*])C1=CC=C2C=C(C=CC2=C1)OC(C3=CC=C(C=C3)O[*])=O,,,,2.071882007306125,10.1016_j.matdes.2012.05.052_part_2.txt_¶Î1_Material3
O=C(O)C([*])C[*],[*]C1=CC=C([*])N1,,,,2.8750612633917,10.1002_mame.202000479_part_1.txt_¶Î1_Material1
[*]C(F)(C(F)([*])F)F,O=[Si]=O,,,,1.9523080096621253,10.1007_s10118-013-1225-8_part_2.txt_¶Î1_Material2
[*]C(CCCCCO[*])=O,C/C(C[*])=C/C[*],,,,1.6232492903979006,10.1007_s10924-012-0567-6_part_1.txt_¶Î1_Material1
[*]C(C)C[*],[*]CC[*],[*]CC(C(CCC)=O)([*])C,,,1.2174839442139065,10.1002_masy.201550309_part_1.txt_¶Î1_Material1
O=C([*])C(C)O[*],O=P([O-])([O-])[O-].[Ca+2].[Ca+2].[OH-],OC1=C2C(C3(O)C4C5C6=C7C8C(C9=CC(C(O)=O)=C(C=C(C=C%10C(O)=O)C%11%12)C(C%11=C%13C%14C%15%16C%17(O%16)C%18C%19=C%20C%21=C%22C(C(O)=C%23)=C%24C%25C%21=C%26C%19=C%27C%17=C%28C%14(O)C%12=C%10C=C%28CC%27=CC%26=CC%25=C(C(O)=O)C=C%24)C9=C7C%13(O)C5=C%15C3=C%18C%29%30C%20(O%30)C%31C%22C%23=C%32)=CC(C(O)=O)=CC8=CC6=C(C(O)=O)C4=C2)=C%29C%33=C%31C%32=C(C(O)=O)C=C%331,,,1.8033205235787544,10.1016_j.ijbiomac.2021.07.073_part_2.txt_¶Î1_Material5
C=C([CH3])C(=O)O[CH3],[*]OC1C(C(O)=O)OC(OC2C(NC(C)=O)C([*])OC(CO)C2O)C(O)C1O,[Ti](OCCCC)(OCCCC)(OCCCC)OCCCC,,,1.6232492903979006,10.1177_0021998311401085_part_2.txt_¶Î1_Material1
[*]OC1C(O)C(O)C(OC2C(CO)OC([*])C(O)C2O)OC1CO,[*]NC(C)C(N1CCCC1C([*])=O)=O,,,,0.9177155165594932,10.4028_www.scientific.net_amr.236-238.1415_part_1.txt_¶Î1_Material1
OC1C(C(OC(C1O)OC2C(OC(C(C2O)O)OC3C(C(C(OC3C(OC)=O)OC4C(OC(C(C4O)O)[*])C(O)=O)O)O)C(OC)=O)C(O)=O)O[*],[*]OCC[*],,,,0.8920946026904804,10.1016_j.polymdegradstab.2013.09.012_part_1.txt_¶Î1_Material2
[*]O[C@H](C)CC([*])=O,OCC1OC(C(C(C1O[*])O)O)[*],,,,0.4828735836087537,10.1007_s10570-019-02460-7_part_2.txt_¶Î1_Material1
[*]C([H])([H])C(O)([H])[*],[*]OCC[*],[H]O[H],,,1.8407332346118068,10.1002_pi.5741_part_4.txt_¶Î1_Material1
[*]C(C)C[*],[Mg]=O,,,,0.4727564493172124,10.1016_j.mtcomm.2019.100880_part_2.txt_¶Î1_Material5
O=C([*])CCCCCN[*],[*]C(C1=CC=C(C(OCCCCO[*])=O)C=C1)=O,,,,2.591064607026499,10.1016_j.eurpolymj.2018.11.013_part_1.txt_¶Î1_Material1
[*]OC1OC(CO)C(OC2C(O)C(O)C([*])C(CO)O2)C(O)C1O,[*]NC(C(N1CCCC1C(NCC(N2CC(CC2C(NC(C(NCC([*])=O)=O)CO)=O)O)=O)=O)=O)CCCCN,,,,0.6020599913279624,10.1080_03602551003652698_part_1.txt_¶Î1_Material1
[*]C([H])([H])C(O)([H])[*],[*]OC1C(C(O)=O)OC(OC2C(NC(C)=O)C([*])OC(CO)C2O)C(O)C1O,O=C(O)C([*])C[*],,,2.5809249756756194,10.1016_j.msec.2018.05.080_part_3.txt_¶Î1_Material3
[*]NCC(NC(C(ONCC(NC(C(NCC(NC(C([*])=O)C)=O)=O)C)=O)=O)CO)=O,O=C(C(C[*])[*])N,CCCCCCCCCCCCOS([O-])(=O)=O.[Na+],,,2.903089986991944,10.1039_d2ma00568a_OA_part_5.txt_¶Î1_Material1
[*]C(N(CN(C(OCOC(N(CN(C(OCCO[*])=O)[H])[H])=O)=O)[H])[H])=O,CCCC[Sn](CCCC)(OC(CCCCCCCCCCC)=O)OC(CCCCCCCCCCC)=O,O=CN(C)C,,,2.812913356642856,10.1021_acs.macromol.1c00596_part_1.txt_¶Î1_Material4
[*]CC[*],[*]CC[*],[*]CC[*],C=C([CH3])C(=O)OC([CH3])[CH3],,0.9590413923210936,10.1002_pc.23524_part_3.txt_¶Î1_Material2
OC(C(C1OC2OC(C(C(C2O)O)OC3OC(C(C(C3O)O)O)COC4OC(C(C(C4O)O)OC5OC(C(C(C5O)O)OC6OC(C(C(C6O)O[*])O)C)CO)CO)CO)O[*])COC1CO,,,,,1.666049738480516,10.1515_ijfe-2019-0030_part_2.txt_¶Î1_Material6
[*]CC(OC(O[*])=O)C,O=C([*])C(C)O[*],,,,1.4771212547196624,10.4028_www.scientific.net_amr.741.28_part_1.txt_¶Î1_Material1
[*]C1=C(C=CN2)C2=C([*])C(O)=C1O,[*]C1=C(C=CN2)C2=C([*])C(O)=C1O,,,,1.130333768495006,10.1016_j.polymer.2015.08.053_part_4.txt_¶Î1_Material1
OCC1OC(C(C(C1O[*])O)NC(C)=O)OC2C(O)C(C(OC2CO)[*])NC(C)=O,,,,,1.255272505103306,10.1016_j.biteb.2020.100610_part_2.txt_¶Î1_Material1
[*]NC(C(N1CCCC1C(NCC(N2CC(CC2C(NC(C(NCC([*])=O)=O)CO)=O)O)=O)=O)=O)CCCCN,[*]C(CCCCCO[*])=O,[Ca+2],,,1.414973347970818,10.1039_c8bm00474a_part_3.txt_¶Î1_Material1
OCC1OC(C(C(C1O[*])O)O)[*],[H][O-],,,,1.6020599913279625,10.1016_j.carbpol.2016.04.053_part_4.txt_¶Î1_Material1
NC1=CC=C(C=C1)/C2=C3C=C/C(N\3)=C(C4=N/C(C=C4)=C(C5=CC=C(N5)/C(C6=CC=CC=C6)=C7N=C2C=C\7)/C8=CC=CC=C8)\C9=CC=CC=C9,[*]CC[*],OCC1OC(C(C(C1[*])O)O)OC2C(C(C(OC2CO)O[*])O)O,,,1.4771212547196624,10.1016_j.tca.2017.05.002_part_1.txt_¶Î1_Material2
[*]C([C@H](C)OC([C@H](C)O[*])=O)=O,[*]C([H])([H])C(O)([H])[*],,,,1.6989700043360187,10.1016_j.coco.2020.100564_part_1.txt_¶Î1_Material1
[*]C1=C(C(C[*])=CC=C1)O,[*]C([H])([H])C(O)([H])[*],O=[Si]=O,,,0.7466341989375788,10.1002_app.32741_part_2.txt_¶Î1_Material1
[*]C(C)C[*],O=[Al]O[Al]=O.O=[Si]=O.O=[Si]=O.O=[Si]=O,[*]C(C)C[*],,,1.1760912590556811,10.1021_acsnano.5b05120_part_5.txt_¶Î1_Material1
[*]C(C(OC(CO[*])=O)C)=O,OCC(C(C(C1N)O)O[*])OC1OC2C(OC(C(C2O)N)[*])CO,O=[Ti]=O,,,1.1760912590556811,10.1016_j.biomaterials.2015.08.037_part_7.txt_¶Î1_Material1
[*]CC(C#N)[*],[*]OCC[*],OCC1OC(C(C(C1[*])O)O)OC2C(C(C(OC2CO)O[*])O)O,,,0.9444826721501688,10.1039_c6nr06295d_part_7.txt_¶Î1_Material1
O=C(CCCCC(NCCCCCCCCCCN[*])=O)[*],OCC1OC(C(C(C1[*])O)O)OC2C(C(C(OC2CO)O[*])O)O,,,,1.0413926851582251,10.3139_217.3142_part_1.txt_¶Î1_Material1
[*]C(C)C[*],[*]C(C)C[*],O=[Al]O[Al]=O.O=[Si]=O.O=[Si]=O.O=[Si]=O,,,0.9283958522567138,10.1088_1757-899x_523_1_012023_part_2.txt_¶Î1_Material1
[*]CC(C)(C(OCCO)=O)[*],[*]NC(C(N1CCCC1C(NCC(N2CC(CC2C(NC(C(NCC([*])=O)=O)CO)=O)O)=O)=O)=O)CCCCN,,,,1.0863598306747482,10.1002_pen.24884_part_2.txt_¶Î1_Material2
[*]C1C(O)C(O)C(OC2C(O)C(O)C(O[*])OC2COC(C)=O)OC1COC(C)=O,OCC(O)CO,,,,1.380211241711606,10.1007_s10570-020-03393-2_part_1.txt_¶Î1_Material1
OCC(C(C(C1N)O)O[*])OC1OC2C(OC(C(C2O)N)[*])CO,OC(CO)CO,,,,0.8061799739838872,10.1016_j.desal.2017.05.031_part_1.txt_¶Î1_Material2
O=C([*])CCCCCN[*],FC(F)(C(F)(C(F)(C(F)(C(F)([*])F)F)C(F)(F)F)F)C[*],,,,2,10.1016_j.polymer.2014.12.016_part_2.txt_¶Î1_Material1
[*]NC(C(O)=O)CCC([*])=O,OCC(C(C(C1N)O)O[*])OC1OC2C(OC(C(C2O)N)[*])CO,,,,1.472317546316842,10.1007_s12221-020-1364-9_part_1.txt_¶Î1_Material1
OCC(C(C(C1N)O)O[*])OC1OC2C(OC(C(C2O)N)[*])CO,[*]NC(C(N1CCCC1C(NCC(N2CC(CC2C(NC(C(NCC([*])=O)=O)CO)=O)O)=O)=O)=O)CCCCN,[*]NC(C(N1CCCC1C(NCC(N2CC(CC2C(NC(C(NCC([*])=O)=O)CO)=O)O)=O)=O)=O)CCCCN,,,1.0704073217401198,10.1016_j.ijbiomac.2018.04.149_part_3.txt_¶Î1_Material4
[*]C(NC1=C(C)C(NC(OCCO[*])=O)=CC=C1)=O,[*]OCC[*],CC(C(=O)O)(CO)CO,,,2.812913356642856,10.1016_j.polymertesting.2018.05.024_part_2.txt_¶Î1_Material1
O=C(O[Na])COCC(OC(C(C1O)O)[*])C1OC(C(C(C2O[*])O)O)OC2COCC(O[Na])=O,OC(C(C)(CC(C1=CC=CC=C1)[*])CC(C[*])(C(OCC2CO2)=O)C)=O,,,,1,10.1007_s10570-016-0923-0_part_3.txt_¶Î1_Material1
C/C(C[*])=C/C[*],[*]CCCC(C1C([*])C2CC1C/C2=C/C)C,,,,2.745074791582057,10.1080_1023666x.2015.1050905_part_6.txt_¶Î1_Material1
[*]NCC(NC(C(ONCC(NC(C(NCC(NC(C([*])=O)C)=O)=O)C)=O)=O)CO)=O,OCC(C(C(C1N)O)O[*])OC1OC2C(OC(C(C2O)N)[*])CO,,,,0.4548448600085102,10.1088_2053-1591_ab5533_part_6.txt_¶Î1_Material1
[*]C(C)C[*],[*]C(N(CN(C(OCOC(N(CN(C(OCCO[*])=O)[H])[H])=O)=O)[H])[H])=O,,,,2.6532125137753435,10.1021_acs.macromol.0c00159_part_2.txt_¶Î1_Material2
[*]C([H])([H])C(O)([H])[*],NCCC[Si](OCC)(OCC)OCC,,,,2.397940008672037,10.1016_j.matlet.2021.129505_part_1.txt_¶Î1_Material1
OCC1OC(C(C(C1[*])O)O)OC2C(C(C(OC2CO)O[*])O)O,OC1=C2C(C3(O)C4C5C6=C7C8C(C9=CC(C(O)=O)=C(C=C(C=C%10C(O)=O)C%11%12)C(C%11=C%13C%14C%15%16C%17(O%16)C%18C%19=C%20C%21=C%22C(C(O)=C%23)=C%24C%25C%21=C%26C%19=C%27C%17=C%28C%14(O)C%12=C%10C=C%28CC%27=CC%26=CC%25=C(C(O)=O)C=C%24)C9=C7C%13(O)C5=C%15C3=C%18C%29%30C%20(O%30)C%31C%22C%23=C%32)=CC(C(O)=O)=CC8=CC6=C(C(O)=O)C4=C2)=C%29C%33=C%31C%32=C(C(O)=O)C=C%331,[Cu],,,1.7993405494535817,10.1007_s10570-020-03150-5_part_1.txt_¶Î1_Material1
O=C(C1=CC=C(C=C1)C(OCC[*])=O)O[*],FC(F)([*])C([H])([*])[H],,,,1.1316507380895413,10.1155_2016_9856474_part_1.txt_¶Î1_Material1
O=C([*])C(C)O[*],C=CCOC(C1=CC=CC=C1C(OCC=C)=O)=O,,,,0.8195439355418687,10.1016_j.ijbiomac.2021.04.108_part_2.txt_¶Î1_Material1
FC(F)([*])C([H])([*])[H],[*]C([H])([H])C(O)([H])[*],C(CC=O)CC=O,,,2.2805556080062743,10.1016_j.desal.2017.10.042_part_1.txt_¶Î1_Material1
[*]C(C)C[*],O=C([*])CCCCCN[*],O=[Si]=O,[C],,0.7781512503836436,10.1515_polyeng-2019-0024_part_2.txt_¶Î1_Material1
O=C([*])C(C)O[*],[*]C(NC1=C(C)C(NC(OCCO[*])=O)=CC=C1)=O,O=[Si]=O,,,2.4797336253430498,10.1016_j.polymer.2014.01.057_part_2.txt_¶Î1_Material1
OCC1OC(C(C(C1[*])O)O)OC2C(C(C(OC2CO)O[*])O)O,OC[C@@H]([C@H]([C@@H]([C@@H](CO)O)O)O)O,OC(C(CC(O)=O)(CC(O)=O)O)=O,,,0.568201724066995,10.1007_s10570-017-1405-8_part_2.txt_¶Î1_Material3
[*]CC(OC(O[*])=O)C,OCC1OC(C(C(C1[*])O)O)OC2C(C(C(OC2CO)O[*])O)O,[*]C([H])([H])C(O)([H])[*],,,1.0791812460476249,10.1016_j.carbpol.2018.02.070_part_4.txt_¶Î1_Material1
[*]C([H])([H])C(O)([H])[*],O=C(O[Na])COCC(OC(C(C1O)O)[*])C1OC(C(C(C2O[*])O)O)OC2COCC(O[Na])=O,,,,1.8190171986890595,10.1016_j.carbpol.2018.06.123_part_3.txt_¶Î1_Material1
[*]CC[*],[*]CC[*],C/C(C[*])=C/C[*],,,0.705007959333336,10.1007_s13726-015-0329-0_part_2.txt_¶Î1_Material4
[*]C(C(OC(CO[*])=O)C)=O,[*]NC(C)C(N1CCCC1C([*])=O)=O,O=P([O-])([O-])[O-].[Ca+2].[Ca+2].[OH-],,,2,10.1016_j.actbio.2014.11.044_part_2.txt_¶Î1_Material1
[*]OCCOC(CC(C([*])=O)C(C1CCCCC1)CC(CC(O)=O)C(OCCO)=O)=O,[*]CC(C1=CC=CC=C1)[*],,,,0.4771212547196624,10.1515_eng-2021-0092_OA_part_2.txt_¶Î1_Material1
[*]C(C(C1O)O)OCC1OC(C(C2O)OC(C)=O)OCC2OC(OCC(C3O)OC4OCC(C(C4O)OC(C)=O)OC5OCC(C(C5OC(C)=O)OC(C)=O)[*])C3OC(C(C(C6OC)O)O)OC6C([O-])=O,OCC(C(C(C1N)O)O[*])OC1OC2C(OC(C(C2O)N)[*])CO,,,,0.8260748027008264,10.1016_j.carbpol.2021.118602_part_2.txt_¶Î1_Material1
[*]C(N(CN(C(OCOC(N(CN(C(OCCO[*])=O)[H])[H])=O)=O)[H])[H])=O,C=C(C)C(=O)OCCCC,,,,2.998651595998373,10.1002_mame.202000527_part_1.txt_¶Î1_Material1
O=C(C1=CC=C(C=C1)C(OCC[*])=O)O[*],CCCCCCCCCCCCOS([O-])(=O)=O.[Na+],,,,1.7664128471123994,10.1016_j.memsci.2014.05.047_part_1.txt_¶Î1_Material1
CC(NC(C([*])C)=O)C(NC(C)C(NC(C)C(N[*])=O)=O)=O,[*]OC1C(O)C(O)C(OC2C(CO)OC([*])C(O)C2O)OC1CO,[*]C1=CC=C([*])N1,,,1.1238516409670858,10.1007_s10570-018-2126-3_part_2.txt_¶Î1_Material1
[*]C1C(C(C(OC1C(O[Na])=O)OC2C(C(O[Na])=O)OC(O[*])C(O)C2O)O)O,[*]OC(C(C1O)O)OC(COC)C1OC(OC(C(C2O)OC3OC(C(C(C3OC)O)OC4OC(C(C(C4OC)O)[*])COC)CO)COC)C2OCC(OC)C,,,,1.319938439980309,10.1007_s12221-020-1264-z_part_1.txt_¶Î1_Material1
O=[Si]=O,OCC(C(C(C1N)O)O[*])OC1OC2C(OC(C(C2O)N)[*])CO,,,,1.688419822002711,10.1016_j.jcis.2020.01.016_part_2.txt_¶Î1_Material1
[*]C([C@H](C)OC([C@H](C)O[*])=O)=O,O=C([*])C(C)O[*],,,,1.792391689498254,10.1038_pj.2011.3_part_1.txt_¶Î1_Material1
[*]C1C(OC(C(C1O)O)OC2C(OC(C(C2O)O)O[*])CO)CO,O=P([O-])([O-])[O-].[Ca+2].[Ca+2].[OH-],,,,1.3324384599156054,10.1002_app.48913_part_1.txt_¶Î1_Material1
C[Si](C)(C[*])O[*],CCO[Si](OCC)(OCC)OCC,,,,2.1383026981662816,10.1016_j.polymdegradstab.2014.10.026_part_2.txt_¶Î1_Material1
C/C(C[*])=C/C[*],COC(C(C[*])([*])C)=O,O=[Al]O[Al]=O.O=[Si]=O.O=[Si]=O.O=[Si]=O,,,3.030599721965951,10.1002_app.43961_part_2.txt_¶Î1_Material1
[*]C(CCCCC(OCCCCO[*])=O)=O,[*]C(CCCCC(OCCCCOC(C1=CC=C(C(OCCCCO[*])=O)C=C1)=O)=O)=O,[*]C1C(OC(C(C1O)O)OC2C(OC(C(C2O)O)O[*])CO)CO,,,2.6989700043360187,10.1016_j.carbpol.2015.01.058_part_1.txt_¶Î1_Material2
[*]C([H])([H])C(O)([H])[*],C=C(C(OCC1CO1)=O)C,[*]OC1C(C(O)=O)OC(OC2C(NC(C)=O)C([*])OC(CO)C2O)C(O)C1O,,,2.633468455579586,10.1088_1748-605x_ab3010_part_2.txt_¶Î1_Material2
O=C([*])C(C)O[*],[*]C(CCCCC(OCCCCO[*])=O)=O,[*]CC(OC(O[*])=O)C,,,1.0569048513364727,10.1007_s00289-019-02942-5_part_2.txt_¶Î1_Material1
O=C([*])CCCCCN[*],[*]CC[*],[*]CC[*],[*]C(C)C[*],,1.3979400086720375,10.1016_j.polymdegradstab.2017.11.001_part_8.txt_¶Î1_Material1
[*]OC1C(C(O)=O)OC(OC2C(NC(C)=O)C([*])OC(CO)C2O)C(O)C1O,C12=CC3=CC4=CC=CN=C4N=C3N=C1N=C5N=C6N=CC=CC6=CC5=C2,,,,0.7403626894942439,10.1016_j.jmbbm.2014.11.027_part_1.txt_¶Î1_Material1
OP(O)(O)=O,O=C([*])C(C)O[*],[*]C(CCCCC(OCCCCO[*])=O)=O,,,2.754317750515619,10.1002_aic.14495_part_2.txt_¶Î1_Material6
O=C([*])CCCCCN[*],[*]NC1=CC=C([*])C=C1,,,,1.6020599913279625,10.1515_polyeng-2016-0170_part_1.txt_¶Î1_Material1
[*]OCC[*],C=C([CH3])C(=O)O[CH3],,,,1.845098040014257,10.1002_pi.4167_part_3.txt_¶Î1_Material1
C=C([CH3])C(=O)O[CH3],[*]CC(C1=CC=CC=C1)[*],,,,0.6020599913279624,10.1166_jnn.2011.3071_part_2.txt_¶Î1_Material2
OC(C(C1OC2OC(C(C(C2O)O)OC3OC(C(C(C3O)O)O)COC4OC(C(C(C4O)O)OC5OC(C(C(C5O)O)OC6OC(C(C(C6O)O[*])O)C)CO)CO)CO)O[*])COC1CO,OCC(C(C(C1N)O)O[*])OC1OC2C(OC(C(C2O)N)[*])CO,OCC(O)CO,,,1.666049738480516,10.1515_ijfe-2019-0030_part_2.txt_¶Î1_Material1
[*]C(C)C[*],[*]C/C=C/CCC(C=C)CC([*])C1=CC=CC=C1,,,,2.756940236046724,10.1177_0892705719843965_part_1.txt_¶Î1_Material1
[*]C1C(C(C(OC1C(O[Na])=O)OC2C(C(O[Na])=O)OC(O[*])C(O)C2O)O)O,COCC1OC(OC2C(CO)OC(O[*])C(OC)C2OC)C(OC)C(O)C1O[*],OCC(O)CO,,,1.3053513694466237,10.1504_ijbt.2010.036594_part_2.txt_¶Î1_Material4
OCC1OC(C(C(C1[*])O)O)OC2C(C(C(OC2CO)O[*])O)O,OS(=O)(OOS(O)(=O)=O)=O.N.N,,,,1.0934216851622351,10.1016_j.ijbiomac.2014.12.029_part_1.txt_¶Î1_Material1
[*]CC([*])Cl,C12=C3C(C=CC4C3=C5C(CC6=CC7=C8C9=C(C(C=C%10)=CC=C9C=C7)C%11=C%10C%12)=CC4)=CC=C1C=C%12C%13=C%11C8=C6C5=C2%13,,,,1.1139433523068367,10.1002_pc.23328_part_1.txt_¶Î1_Material1
OCC1OC(C(C(C1[*])O)O)OC2C(C(C(OC2CO)O[*])O)O,[*]CC(C#N)[*],[*]CC(C#N)[*],,,0.8450980400142568,10.1002_adma.202000682_part_4.txt_¶Î1_Material4
OCC1OC(C(C(C1[*])O)O)OC2C(C(C(OC2CO)O[*])O)O,OCC(C(C(C1N)O)O[*])OC1OC2C(OC(C(C2O)N)[*])CO,OCC(C(C(C1N)O)O[*])OC1OC2C(OC(C(C2O)N)[*])CO,,,0.8450980400142568,10.1002_adma.202000682_part_4.txt_¶Î1_Material5
[*]CC(OC(O[*])=O)C,[*]C([H])([H])C(O)([H])[*],,,,2.2430380486862944,10.1002_pi.6235_part_2.txt_¶Î1_Material4
[*]NC(C)C(N1CCCC1C([*])=O)=O,[*]NC(C(N1CCCC1C(NCC(N2CC(CC2C(NC(C(NCC([*])=O)=O)CO)=O)O)=O)=O)=O)CCCCN,[*]OC1C(C(O)=O)OC(OC2C(NC(C)=O)C([*])OC(CO)C2O)C(O)C1O,,,1.525563058270067,10.1016_j.msec.2012.08.030_part_1.txt_¶Î1_Material1
[*]C([H])([H])C(O)([H])[*],OC[C@@H]([C@H]([C@@H]([C@@H](CO)O)O)O)O,[H]O[H],,,2.561816664318957,10.1111_1750-3841.13950_part_1.txt_¶Î1_Material1
O=C([*])C(C)O[*],[*]C([C@H](C)OC([C@H](C)O[*])=O)=O,[*]C([C@H](C)OC([C@H](C)O[*])=O)=O,,,1.909823369650912,10.1007_s00289-019-02862-4_part_3.txt_¶Î1_Material2
[*]C(N(CN(C(OCOC(N(CN(C(OCCO[*])=O)[H])[H])=O)=O)[H])[H])=O,[Ag+],,,,2.404833716619938,10.1016_j.compscitech.2020.108011_part_1.txt_¶Î1_Material1
[*]C(C)C[*],[*]CC(OC(O[*])=O)C,,,,2.0791812460476247,10.1002_app.45266_part_2.txt_¶Î1_Material1
OCC(C(C(C1N)O)O[*])OC1OC2C(OC(C(C2O)N)[*])CO,OCC(O)CO,OC[C@@H]([C@H]([C@@H]([C@@H](CO)O)O)O)O,,,1.4517864355242902,10.1002_masy.201100128_part_1.txt_¶Î1_Material1
O=C(C1=CC=C(C=C1)C(OCC[*])=O)O[*],[H][O-],[OH-].[OH-].[Ca+2],[K+].[OH-],,1.4313637641589874,10.1016_j.conbuildmat.2020.117998_part_2.txt_¶Î1_Material1
[*]C1OC(CCC)OC(C[*])C1,O=C(C1=CC=C(C=C1)C(OCC[*])=O)O[*],O=[Ti]=O,,,1.7354392032514814,10.1557_jmr.2015.234_part_3.txt_¶Î1_Material1
O=C([*])CCCCCCCCCCC(NCCCCCCCCCCN[*])=O,NC1=NC2=C(N=CN2C2O[C@H](COP(=O)(O)OP(=O)(O)O)[C@H](O)[C@@H]2O)C(=O)N1,,,,1,10.1515_adms-2017-0013_part_3.txt_¶Î1_Material1
OCC1OC(C(C(C1[*])O)O)OC2C(C(C(OC2CO)O[*])O)O,OC1C(O)C([*])OC(COC2C(O)C(O)C(O)C(CO)O2)C1OC3C(O)C(O)C(CO[*])C(CO)O3,,,,1.2013971243204515,10.1021_acssuschemeng.7b02025_part_4.txt_¶Î1_Material2
[*]C(CCCCCO[*])=O,[*]CC(O)COC(CCCCCCCCC(O[*])=O)=O,,,,2.759214431234244,10.1039_c7qm00600d_part_4.txt_¶Î1_Material1
[*]CC[*],O=C(O)C([*])C[*],,,,2.7781512503836434,10.1088_1757-899x_11_1_012001_part_1.txt_¶Î1_Material1
[*]C(NC1=C(C)C(NC(OCCO[*])=O)=CC=C1)=O,[Cu]=O,,,,2.6020599913279625,10.9726_kspse.2014.18.5.106_OA_part_1.txt_¶Î1_Material1
[*]C(NC1=C(C)C(NC(OCCO[*])=O)=CC=C1)=O,[Mg],,,,3.0726174765452368,10.1007_s13204-019-01035-z_part_1.txt_¶Î1_Material1
[*]CC([*])N1CCCC1=O,[*]C(NC1=C(C)C(NC(OCCO[*])=O)=CC=C1)=O,[Ag+],,,2.7420964023032446,10.1021_acsami.1c05319_part_2.txt_¶Î1_Material1
[*]CCCCO[*],CC1(CC(CC(C)(C1)C)N=C=O)CN=C=O,,,,2.526339277389844,10.1016_j.jclepro.2020.123496_part_3.txt_¶Î1_Material1
[*]CC(C)(C(OCCO)=O)[*],[*]CC([*])N1CCCC1=O,[Ni],,,1.230448921378274,10.1007_s11003-016-9938-9_part_2.txt_¶Î1_Material2
Cl[Ca]Cl,OC(C(C)(CC(C1=CC=CC=C1)[*])CC(C[*])(C(OCC2CO2)=O)C)=O,,,,0.8864907251724818,10.1007_s10118-020-2445-3_part_2.txt_¶Î1_Material2
O=C([*])C(C)O[*],[*]CCCC([*])OC(C)=O,[*]CCCC([*])OC(C)=O,,,1.670338641127442,10.4028_www.scientific.net_amr.486.406_part_1.txt_¶Î1_Material4
O=C(C1=CC=C(C=C1)C(OCC[*])=O)O[*],[*]OC1C(O)C(O)C(OC2C(CO)OC([*])C(O)C2O)OC1CO,[*]NCC(NC(C(ONCC(NC(C(NCC(NC(C([*])=O)C)=O)=O)C)=O)=O)CO)=O,,,1.2190603324488614,10.4028_www.scientific.net_amr.175-176.524_part_1.txt_¶Î1_Material1
[*]C(C)C[*],C[Si](C)(C[*])O[*],[*]N1C(C2=CC3=C(C=C2C1=O)C(N(C3=O)C4=CC=C(C=C4)OC5=CC=C(C=C5)[*])=O)=O,,,1.3010299956639813,10.1063_1.3552917_part_2.txt_¶Î1_Material1
O=C([*])C(C)O[*],[*]CC(C#N)[*],,,,0.6532125137753437,10.1002_pat.5190_part_2.txt_¶Î1_Material3
[*]C(NC1=C(C)C(NC(OCCO[*])=O)=CC=C1)=O,[*]CCCCOCCCCOCCCCOCCCCO[*],,,,2.716086853774832,10.1016_j.porgcoat.2020.105545_part_2.txt_¶Î1_Material1
[*]C(CCCCCO[*])=O,C[Si](C)(C[*])O[*],,,,2.281033367247728,10.1088_1748-6041_11_1_015007_part_2.txt_¶Î1_Material1
[*]CCC(CCCCCC)C[*],[*]C(C)C[*],,,,2.4771212547196626,10.1021_acsapm.9b00289_part_3.txt_¶Î1_Material1
O=C(C1=CC=C(C=C1)C(OCC[*])=O)O[*],[*]CC[*],O=C1C=CC(O1)=O.C=C,CCCCCCCCCCCCCCCCCCOC(CCC1=CC(C(C)(C)C)=C(C(C(C)(C)C)=C1)O)=O,,1.307496037913213,10.1177_0095244317698738_part_1.txt_¶Î1_Material1
[*]C([H])([H])C(O)([H])[*],OC[C@@H]([C@H]([C@@H]([C@@H](CO)O)O)O)O,,,,2.3370597263205246,10.1016_j.polymdegradstab.2019.03.011_part_3.txt_¶Î1_Material1
OC1C(O)C([*])OC(COC2C(O)C(O)C(O)C(CO)O2)C1OC3C(O)C(O)C(CO[*])C(CO)O3,Cl[Ca]Cl,,,,1.57287160220048,10.1016_j.carbpol.2019.115809_part_1.txt_¶Î1_Material2
[*]C(C)C[*],[*]CC[*],OCC1OC(C(C(C1[*])O)O)OC2C(C(C(OC2CO)O[*])O)O,,,1.4771212547196624,10.1016_j.tca.2017.05.002_part_1.txt_¶Î1_Material1
[*]C(C)C[*],NC1=CC=C(C=C1)/C2=C3C=C/C(N\3)=C(C4=N/C(C=C4)=C(C5=CC=C(N5)/C(C6=CC=CC=C6)=C7N=C2C=C\7)/C8=CC=CC=C8)\C9=CC=CC=C9,OCC1OC(C(C(C1[*])O)O)OC2C(C(C(OC2CO)O[*])O)O,,,0.9637878273455552,10.1002_pc.23235_part_2.txt_¶Î1_Material1
O=C([*])C(C)O[*],OP(O)(O)=O,O=[Ti]=O,,,1.110589710299249,10.3390_polym13071076_part_2.txt_¶Î1_Material1
[*]C(C(OC(CO[*])=O)C)=O,O=P([O-])([O-])[O-].[Ca+2].[Ca+2].[OH-],,,,2.1760912590556813,10.1155_2016_6869154_part_1.txt_¶Î1_Material2
O=C(C1=CC=C(C=C1)C(OCC[*])=O)O[*],FC(F)([*])C([H])([*])[H],OCC(C(C(C1N)O)O[*])OC1OC2C(OC(C(C2O)N)[*])CO,,,2.0211892990699383,10.1016_j.colsurfa.2019.05.090_part_1.txt_¶Î1_Material1
O=C([*])C(C)O[*],[*]C(CCCCCO[*])=O,[*]NC(C(O)=O)CCC([*])=O,,,1.414973347970818,10.3390_polym12020288_part_2.txt_¶Î1_Material1
O=C([*])CCCCCN[*],O=C([*])OC1=CC=C(C=C1)C(C)(C)C2=CC=C(C=C2)O[*],[*]C(C)C[*],,,2.1332194567324945,10.1016_j.polymertesting.2020.106930_part_3.txt_¶Î1_Material2
O=C(C(C[*])[*])N,[*]C([H])([H])C(O)([H])[*],,,,2.6794278966121188,10.1002_mame.201900450_part_1.txt_¶Î1_Material1
[*]C([H])([H])C(O)([H])[*],[*]C1=NC2=CC3=C(C=C2O1)OC(C4=CC=C(C=C4)[*])=N3,,,,1.2079035303860517,10.1002_adv.21616_part_2.txt_¶Î1_Material1
O=C([*])C1=CC=C(C=C1)OC2=CC=C(C=C2)OC3=CC=C(C=C3)[*],[*]CC[*],,,,1,10.3139_217.3655_part_2.txt_¶Î1_Material1
[*]C(N(CN(C(OCOC(N(CN(C(OCCO[*])=O)[H])[H])=O)=O)[H])[H])=O,NCCC[Si](OCC)(OCC)OCC,,,,2.0791812460476247,10.1080_1023666x.2015.1015931_part_3.txt_¶Î1_Material1
[*]CC(OC(O[*])=O)C,O=C([*])C(C)O[*],[*]C([H])([H])C(O)([H])[*],,,1.812913356642856,10.3144_expresspolymlett.2012.92_part_1.txt_¶Î1_Material1
[*]C1C(O)C(O)C(OC2C(O)C(O)C(O[*])OC2COC(C)=O)OC1COC(C)=O,CCCCCCCCCCCCOS([O-])(=O)=O.[Na+],CCCCCCCCCCCCCCCC[N+](C)(C)C.[Br-],,,0.9590413923210936,10.1007_s10570-015-0572-8_part_2.txt_¶Î1_Material1
O=C([*])C(C)O[*],[*]C(CCCCCO[*])=O,[*]C1C(OC(C(C1O)O)OC2C(OC(C(C2O)O)O[*])CO)CO,,,1.526339277389844,10.3390_ma11112138_part_2.txt_¶Î1_Material1
[*]C1=CC(C2=NC3=CC(C4=CC=C5N=C([*])NC5=C4)=CC=C3N2)=CC=C1,[H]Cl,,,,1.4638929889859074,10.1002_app.42482_part_2.txt_¶Î1_Material1
[*]NCC(NC(C(ONCC(NC(C(NCC(NC(C([*])=O)C)=O)=O)C)=O)=O)CO)=O,[*]OCC[*],O=C(C1=COC(C2C(CO)=CCC12)O)OC,,,1.1760912590556811,10.3390_jfb6020345_part_2.txt_¶Î1_Material1
O=C([*])C(C)O[*],O=[Mg].O=[Si]=O.O=[Si]=O.O=[Si]=O.O=[Si]=O.O=[Mg].O=[Mg].O,C/C(C[*])=C/C[*],,,0.6020599913279624,10.1177_0021998313477461_part_1.txt_¶Î1_Material1
[*]C([H])([H])C(O)([H])[*],[*]NC(C(N1CCCC1C(NCC(N2CC(CC2C(NC(C(NCC([*])=O)=O)CO)=O)O)=O)=O)=O)CCCCN,OCC1OC(C(C(C1[*])O)O)OC2C(C(C(OC2CO)O[*])O)O,,,1.907088745074296,10.1016_j.jobab.2021.02.009_part_3.txt_¶Î1_Material1
O=C([*])C(C)O[*],[*]OCC[*],[*]CC(CC=CCC([*])C1=CC=CC=C1)C#N,,,1.2579184503140584,10.1007_s00396-016-3940-5_part_2.txt_¶Î1_Material3
O=C(O)C([*])C[*],OCC(C(C(C1N)O)O[*])OC1OC2C(OC(C(C2O)N)[*])CO,,,,3.082066934285113,10.1016_j.polymer.2021.124006_part_2.txt_¶Î1_Material1
[*]NC(C)C(N1CCCC1C([*])=O)=O,C=C([CH3])C(=O)O[CH3],,,,1.0633333589517495,10.1016_j.msec.2019.110378_part_6.txt_¶Î1_Material1
[*]C(CCCCC(OCCCCO[*])=O)=O,[*]CC([*])Cl,,,,2.548020694905531,10.1007_s00289-014-1137-y_part_4.txt_¶Î1_Material2
[*]NC(C)C(N1CCCC1C([*])=O)=O,[*]C(NC1=C(C)C(NC(OCCO[*])=O)=CC=C1)=O,,,,1.740362689494244,10.1016_j.actbio.2017.11.017_part_4.txt_¶Î1_Material1
[*]CC(C1=CC=CC=C1)C/C=C/C[*],[*]CC(C1=CC=CC=C1)[*],C[N+](CCO)(CCO)[3H],,,1.7558748556724917,10.1080_14658011.2018.1515286_part_2.txt_¶Î1_Material2
O=C([*])C(C)O[*],[*]OCC[*],NC1=NC2=C(N=CN2C2O[C@H](COP(=O)(O)OP(=O)(O)O)[C@H](O)[C@@H]2O)C(=O)N1,,,1.3010299956639813,10.1002_pc.26023_part_1.txt_¶Î1_Material1
[*]CC([*])Cl,[*]C1C(OC(C(C1O)O)OC2C(OC(C(C2O)O)O[*])CO)CO,,,,0.9395192526186184,10.1002_pen.25761_part_2.txt_¶Î1_Material1
[*]C(C)C[*],[*]C/C=C(C[*])\Cl,[C],O=C(O)CCCCCCCCCCCCCCCCC,,2.662757831681574,10.4028_www.scientific.net_amm.754-755.192_part_2.txt_¶Î1_Material1
[*]C([H])([H])C(O)([H])[*],[*]C(CCCCC(OCCCCO[*])=O)=O,O=[Ti]=O,,,2.0791812460476247,10.1007_s10853-021-05854-w_part_3.txt_¶Î1_Material1
[*]C([C@H](C)OC([C@H](C)O[*])=O)=O,[*]C(NC1=C(C)C(NC(OCCO[*])=O)=CC=C1)=O,O=[Ti]=O,,,2.3717511073402866,10.3144_expresspolymlett.2013.24_part_2.txt_¶Î1_Material1
[*]C1OC2COC(C2OC3C(C(C(C(C3)CO)OS(=O)([O-])=O)O[*])O)C1OS(=O)([O-])=O,[*]C([H])([H])C(O)([H])[*],,,,1.5622928644564746,10.1016_j.carbpol.2013.06.047_part_1.txt_¶Î1_Material1
[*]OC(C(C1O)O)OC(COC)C1OC(OC(C(C2O)OC3OC(C(C(C3OC)O)OC4OC(C(C(C4OC)O)[*])COC)CO)COC)C2OCC(OC)C,CC1=CC(C)=C(C(C)=C1)C(P(C2=CC=CC=C2)(C3=CC=CC=C3)=O)=O,,,,1.541579243946581,10.1016_j.ijpharm.2021.120674_part_2.txt_¶Î1_Material2
C[Si](C)(C[*])O[*],[*]C1=CC=C([*])N1,,,,2.469822015978163,10.1002_mame.201500447_part_1.txt_¶Î1_Material1
[*]NC(C(N1CCCC1C(NCC(N2CC(CC2C(NC(C(NCC([*])=O)=O)CO)=O)O)=O)=O)=O)CCCCN,[Zn]=O,,,,1.0606978403536116,10.1016_j.foodhyd.2014.12.001_part_4.txt_¶Î1_Material1
[*]C(CCCCCO[*])=O,[H][O-],,,,2.3944516808262164,10.1002_pat.5367_part_2.txt_¶Î1_Material3
[*]CC(C1=CC=CC=C1)[*],O=C=O,,,,0.4329692908744057,10.1007_s00289-015-1528-8_part_3.txt_¶Î1_Material1
O=C([*])C(C)O[*],COC(C(C[*])([*])C)=O,,,,1.3820170425748683,10.1002_pat.4283_part_2.txt_¶Î1_Material2
O=C([*])C(C)O[*],[*]OCC[*],OCC(C(C(C1N)O)O[*])OC1OC2C(OC(C(C2O)N)[*])CO,,,1.7160033436347992,10.3390_polym11060941_part_3.txt_¶Î1_Material6
[*]C(CCCCCO[*])=O,CCCCCCCCCCCCOS([O-])(=O)=O.[Na+],,,,2.203128116591214,10.1080_09205063.2014.982241_part_4.txt_¶Î1_Material1
[*]C(N(CN(C(OCOC(N(CN(C(OCCO[*])=O)[H])[H])=O)=O)[H])[H])=O,[*]CC(C1=CC=C(C=C1)S(O)(=O)=O)[*],,,,2.0791812460476247,10.1088_1361-665x_ab20a2_part_2.txt_¶Î1_Material1
[*]CC([*])Cl,[Zn]=O,,,,0.967547976218862,10.1007_s10924-016-0894-0_part_2.txt_¶Î1_Material1
[*]C(N(CN(C(OCOC(N(CN(C(OCCO[*])=O)[H])[H])=O)=O)[H])[H])=O,O=C([*])C(C)O[*],,,,2.544068044350276,10.1088_1361-665x_aab417_part_2.txt_¶Î1_Material1
C[Si](C)(C[*])O[*],CCCCCCCCCCCCCCCC[N+](C)(C)C.[Br-],,,,2.3654879848909,10.1016_j.carbpol.2014.01.052_part_1.txt_¶Î1_Material1
[*]C/C=C/CCC([*])C#N,C/C(C[*])=C/C[*],,,,2.6655809910179533,10.1155_2013_798232_part_2.txt_¶Î1_Material1
[*]C([H])([H])C(O)([H])[*],[*]C(C(C1O)O)OCC1OC(C(C2O)OC(C)=O)OCC2OC(OCC(C3O)OC4OCC(C(C4O)OC(C)=O)OC5OCC(C(C5OC(C)=O)OC(C)=O)[*])C3OC(C(C(C6OC)O)O)OC6C([O-])=O,OCC(O)CO,O=C(N)N,,2.662757831681574,10.1007_s10570-013-0091-4_part_1.txt_¶Î1_Material1
O=C([*])C(C)O[*],[*]C(CCCCCO[*])=O,OCC1OC(OC2C(O)C(O)C(O[*])OC2CO)C(O)C(O)C1[*],,,1.354108439147401,10.32604_jrm.2022.021473_OA_part_3.txt_¶Î1_Material5
O=C([*])CCCCCCCCCCC(NCCCCCCCCCCN[*])=O,C12=C3C(C=CC4C3=C5C(CC6=CC7=C8C9=C(C(C=C%10)=CC=C9C=C7)C%11=C%10C%12)=CC4)=CC=C1C=C%12C%13=C%11C8=C6C5=C2%13,,,,1,10.1080_09276440.2017.1340020_part_3.txt_¶Î1_Material2
OCC1OC(C(C(C1O[*])O)O)[*],OC1=C2C(C3(O)C4C5C6=C7C8C(C9=CC(C(O)=O)=C(C=C(C=C%10C(O)=O)C%11%12)C(C%11=C%13C%14C%15%16C%17(O%16)C%18C%19=C%20C%21=C%22C(C(O)=C%23)=C%24C%25C%21=C%26C%19=C%27C%17=C%28C%14(O)C%12=C%10C=C%28CC%27=CC%26=CC%25=C(C(O)=O)C=C%24)C9=C7C%13(O)C5=C%15C3=C%18C%29%30C%20(O%30)C%31C%22C%23=C%32)=CC(C(O)=O)=CC8=CC6=C(C(O)=O)C4=C2)=C%29C%33=C%31C%32=C(C(O)=O)C=C%331,,,,0.9731278535996988,10.1007_s10570-018-1913-1_part_2.txt_¶Î1_Material1
OCC1OC(C(C(C1[*])O)O)OC2C(C(C(OC2CO)O[*])O)O,[*]C([H])([H])C(O)([H])[*],O=[Al]O[Al]=O.O=[Si]=O.O=[Si]=O.O=[Si]=O,,,1.1139433523068367,10.1007_s10570-015-0798-5_part_5.txt_¶Î1_Material2
O=C([*])C(C)O[*],O=P([O-])([O-])[O-].[Ca+2].[Ca+2].[OH-],O=[Zr]=O,,,1.3434085938038574,10.1016_j.ijpharm.2021.120517_part_2.txt_¶Î1_Material3
[*]C1C(O)C(O)C(OC2C(O)C(O)C(O[*])OC2COCCO)OC1COCCO,O=[Si]=O.O=[Al]O[Al]=O.O=[Si]=O.O=[Si]=O.O=[Si]=O.O,,,,0.8976270912904415,10.1007_s10570-017-1212-2_part_2.txt_¶Î1_Material1
O=C([*])CCCCCN[*],[*]CC(C1=CC=CC=C1)[*],[*]C(C1=CC=CC=C1)CC2C(OC(C2[*])=O)=O,,,1.576226137449605,10.1002_pen.25357_part_2.txt_¶Î1_Material2
[*]C([H])([H])C(O)([H])[*],[*]CCCC([*])C(OC)=O,,,,2.348577428742616,10.1016_j.ijbiomac.2018.11.134_part_1.txt_¶Î1_Material2
[*]C([C@H](C)OC([C@H](C)O[*])=O)=O,C[Si](C)(C[*])O[*],,,,2.12057393120585,10.1002_app.40211_part_1.txt_¶Î1_Material1
[*]CC[*],[*]C1C(OC(C(C1O)O)OC2C(OC(C(C2O)O)O[*])CO)CO,O[Si](O)(O[Si](O)(O)O)O.[Al].[Al].O,,,1.845098040014257,10.1007_s10965-020-02185-3_part_1.txt_¶Î1_Material1
OC1=C(C=CC=C1CC2=CC=CC([*])=C2O)CC3=CC=CC([*])=C3O,O=[Si]=O,,,,1.0236639181977936,10.4028_www.scientific.net_amm.567.387_part_1.txt_¶Î1_Material3
[*]C([H])([H])C(O)([H])[*],[*]C1C(C(C(OC1C(O[Na])=O)OC2C(C(O[Na])=O)OC(O[*])C(O)C2O)O)O,[Na+].[Cl-],,,2.6020599913279625,10.1016_j.carbpol.2018.01.061_part_1.txt_¶Î1_Material1
C=C([CH3])C(=O)OC([CH3])[CH3],C=C([CH3])C(=O)O[CH3],[*]OCC[*],,,2.204119982655925,10.1016_j.actbio.2010.09.001_part_1.txt_¶Î1_Material1
O=C(O[Na])COCC(OC(C(C1O)O)[*])C1OC(C(C(C2O[*])O)O)OC2COCC(O[Na])=O,O=C(C(C[*])[*])N,[Fe+3],,,2.8000293592441343,10.1007_s10570-020-03463-5_part_2.txt_¶Î1_Material1
[*]C([H])([H])C(O)([H])[*],[*]CC(C#N)[*],O=S(O)(O)=O,,,1.8750612633917,10.1108_prt-11-2016-0101_part_2.txt_¶Î1_Material1
[*]CC([*])Cl,[*]C(N(CN(C(OCOC(N(CN(C(OCCO[*])=O)[H])[H])=O)=O)[H])[H])=O,,,,2.230448921378274,10.1016_j.matdes.2014.01.047_part_2.txt_¶Î1_Material1
[*]C(CCCCCO[*])=O,[*]C1C(OC(C(C1O)O)OC2C(OC(C(C2O)O)O[*])CO)CO,O=C=NC(C=C1)=CC=C1CC2=CC=C(C=C2)N=C=O,,,1.840294331611436,10.5897_ajb11.2510_part_1.txt_¶Î1_Material1
O=C([*])C(C)O[*],[*]CC(C1=CC=CC=C1)C/C=C/C[*],,,,1.792391689498254,10.1016_j.eurpolymj.2016.10.019_part_3.txt_¶Î1_Material6
O=C(C1=CC=C(C=C1)C(OCC[*])=O)O[*],[Ag],,,,0.9344984512435676,10.4028_www.scientific.net_amr.332-334.860_part_1.txt_¶Î1_Material1
O=C([*])OC1=CC=C(C=C1)C(C)(C)C2=CC=C(C=C2)O[*],[*]C([C@H](C)OC([C@H](C)O[*])=O)=O,,,,2.077731179652392,10.1002_app.37766_part_1.txt_¶Î1_Material1
O=C([*])CCCCCN[*],[*]C/C=C/CCC(C=C)CC([*])C1=CC=CC=C1,[*]OCC[*],,,1.5092025223311027,10.4028_www.scientific.net_msf.775-776.659_part_1.txt_¶Î1_Material2
[*]C([H])([H])C(O)([H])[*],[*]C1=C2C(OCCO2)=C([*])S1,O=C(O)C([*])C[*],OC(CO)CO,,2.531478917042255,10.1016_j.polymer.2020.122469_part_3.txt_¶Î1_Material1
[*]CC(C1=CC=CC=C1)C/C=C/C[*],[Li]Cl,,,,2.911583700981076,10.1002_mame.202000370_part_3.txt_¶Î1_Material1
[*]CC[*],O=[Si]=O,[C],,,1.7781512503836436,10.1016_j.polymer.2014.05.006_part_4.txt_¶Î1_Material1
[*]C([C@H](C)OC([C@H](C)O[*])=O)=O,[*]CCC(CCCCCC)C[*],[*]O[C@@]([H])(C)C(O[C@](C)([H])C([*])=O)=O,,,1.6483600109809315,10.1080_03602559.2013.812219_part_1.txt_¶Î1_Material1
[*]C([H])([H])C(O)([H])[*],[*]NCC(NC(C(ONCC(NC(C(NCC(NC(C([*])=O)C)=O)=O)C)=O)=O)CO)=O,,,,2.322467392131071,10.1016_j.actbio.2016.10.019_part_2.txt_¶Î1_Material2
O=C([*])C(C)O[*],OCC1OC(C(C(C1[*])O)O)OC2C(C(C(OC2CO)O[*])O)O,O=[Si]=O,,,0.3560258571931227,10.1002_app.49649_part_2.txt_¶Î1_Material1
O=C([*])C(C)O[*],O=[Al]O[Al]=O.O=[Si]=O.O=[Si]=O.O.O,,,,0.3483048630481606,10.1080_10601325.2017.1317580_part_2.txt_¶Î1_Material1
[*]CC(CCCC(CC)CC([*])C1=CC=CC=C1)C2=CC=CC=C2,[*]C(N(CN(C(OCOC(N(CN(C(OCCO[*])=O)[H])[H])=O)=O)[H])[H])=O,,,,1.6989700043360187,10.1002_app.49598_part_1.txt_¶Î1_Material2
[*]C([H])([H])C(O)([H])[*],[*]NC(C(N1CCCC1C(NCC(N2CC(CC2C(NC(C(NCC([*])=O)=O)CO)=O)O)=O)=O)=O)CCCCN,[*]NC(C)C(N1CCCC1C([*])=O)=O,O=C(O[Na])COCC1OC(OC2C(COCC(O[Na])=O)OC([*])C(O)C2O)C(O)C(O)C1O[*],,2,10.1177_0307174x1604301009_part_1.txt_¶Î1_Material1
O=C([*])C(C)O[*],[*]CCCC([*])C(OC)=O,[*]CC(CC)([*])C(OCC1=CC=CC=C1)=O,,,1.861534410859038,10.1021_am502337u_part_1.txt_¶Î1_Material1
O=C1C=CC(O1)=O.C=C,[*]CC[*],,,,1.6434526764861874,10.1179_1743289812y.0000000042_part_1.txt_¶Î1_Material1
[*]CC(C#N)[*],[*]CC[*],,,,1.2833012287035497,10.1021_acs.iecr.5b01236_part_2.txt_¶Î1_Material5
[*]C([C@H](C)OC([C@H](C)O[*])=O)=O,[*]CC(O)COC(CCCCCCCCC(O[*])=O)=O,,,,1.371990911464915,10.1016_j.actbio.2015.03.004_part_2.txt_¶Î1_Material1
[*]OC(CC(OC(CC([*])=O)CC)=O)C,O=C([*])OC1=CC=C(C=C1)C(C)(C)C2=CC=C(C=C2)O[*],,,,1.8597385661971468,10.1016_j.compositesb.2020.108542_part_2.txt_¶Î1_Material5
[*]C(NC1=C(C)C(NC(OCCO[*])=O)=CC=C1)=O,[*]CC(C)(C(OCCO)=O)[*],OCC1OC(C(C(C1[*])O)O)OC2C(C(C(OC2CO)O[*])O)O,,,2.6503075231319366,10.1016_j.mtcomm.2021.102421_part_2.txt_¶Î1_Material1
[*]CC(C#N)[*],OCC(C(C(C1N)O)O[*])OC1OC2C(OC(C(C2O)N)[*])CO,,,,1.0413926851582251,10.1177_0954008320944419_part_2.txt_¶Î1_Material1
[*]C(NC1=C(C)C(NC(OCCO[*])=O)=CC=C1)=O,[*]CC([*])N1CCCC1=O,,,,2.4871383754771865,10.1002_adv.20254_part_2.txt_¶Î1_Material1
[*]C(C)C[*],[*]C1C(OC(C(C1O)O)OC2C(OC(C(C2O)O)O[*])CO)CO,OCC(O)CO,,,1.1760912590556811,10.1007_s00289-011-0611-z_part_1.txt_¶Î1_Material1
O=C([*])C(C)O[*],[*]O[C@H](C)CC([*])=O,O=[Mg].O=[Si]=O.O=[Si]=O.O=[Si]=O.O=[Si]=O.O=[Mg].O=[Mg].O,,,0.724275869600789,10.1080_25740881.2019.1625396_part_2.txt_¶Î1_Material2
[*]CC[*],[*]CC(C(CCC)=O)([*])C,,,,1.845098040014257,10.1016_j.clay.2017.06.035_part_2.txt_¶Î1_Material1
C=C([CH3])C(=O)O[CH3],[*]NC(C(N1CCCC1C(NCC(N2CC(CC2C(NC(C(NCC([*])=O)=O)CO)=O)O)=O)=O)=O)CCCCN,,,,0.4471580313422192,10.1007_s12221-012-0994-y_part_1.txt_¶Î1_Material1
[*]C([H])([H])C(O)([H])[*],[*]C(C(C1O)O)OCC1OC(C(C2O)OC(C)=O)OCC2OC(OCC(C3O)OC4OCC(C(C4O)OC(C)=O)OC5OCC(C(C5OC(C)=O)OC(C)=O)[*])C3OC(C(C(C6OC)O)O)OC6C([O-])=O,O=[Ti]=O,,,2.2853547410303703,10.1007_s10570-014-0482-1_part_1.txt_¶Î1_Material1
OCC1OC(C(C(C1[*])O)O)OC2C(C(C(OC2CO)O[*])O)O,C/C(C[*])=C/C[*],,,,1.8721562727482928,10.1177_0095244319849699_part_2.txt_¶Î1_Material1
[*]C(C)C[*],[*]CC([*])N1CCCC1=O,,,,2.089905111439398,10.1007_s11003-020-00338-9_part_2.txt_¶Î1_Material1
OCC1OC(C(C(C1O)O[*])O)OC2C(C(C(OC2COS(=O)(O)=O)[*])NC(C)=O)O,CC(NC(C([*])C)=O)C(NC(C)C(NC(C)C(N[*])=O)=O)=O,OCC(O)CO,,,2.128011332575975,10.1007_s00289-021-03620-1_part_3.txt_¶Î1_Material1
O=C([*])C(C)O[*],[*]C([H])([H])C(O)([H])[*],OCC1OC(C(C(C1[*])O)O)OC2C(C(C(OC2CO)O[*])O)O,,,0.456366033129043,10.1016_j.polymer.2014.06.071_part_2.txt_¶Î1_Material2
OCC(C(C(C1N)O)O[*])OC1OC2C(OC(C(C2O)N)[*])CO,[*]C1C(OC(C(C1O)O)OC2C(OC(C(C2O)O)O[*])CO)CO,,,,1.3142886609474975,10.1016_j.foodhyd.2014.12.026_part_4.txt_¶Î1_Material2
[*]CC(OC(O[*])=O)C,[*]C([H])([H])C(O)([H])[*],[*]CC(CC[*])O,,,2.544068044350276,10.1007_s10965-010-9467-4_part_1.txt_¶Î1_Material1
[*]C([H])([H])C(O)([H])[*],[*]C1=C(C=CN2)C2=C([*])C(O)=C1O,OCC1OC(C(C(C1[*])O)O)OC2C(C(C(OC2CO)O[*])O)O,,,1.8796692056320528,10.1007_s10570-019-02749-7_part_1.txt_¶Î1_Material1
O=C(C(C[*])[*])N,[*]CC(C#N)[*],,,,3.28668096935493,10.1021_acsami.9b05464_part_1.txt_¶Î1_Material1
[*]C(NC1=C(C)C(NC(OCCO[*])=O)=CC=C1)=O,O=[Al]O[Al]=O,,,,1.880813592280792,10.3390_ma13071772_part_2.txt_¶Î1_Material2
O=C(C1=CC=C(C=C1)C(OCC[*])=O)O[*],OCC1OC(C(C(C1O[*])O)O)[*],,,,1.230448921378274,10.1108_rjta-15-03-2011-b011_part_1.txt_¶Î1_Material2
OCC(C(C(C1N)O)O[*])OC1OC2C(OC(C(C2O)N)[*])CO,OCC(O)CO,CC(=O)O,,,1.6497241859295224,10.4028_www.scientific.net_amm.815.89_part_1.txt_¶Î1_Material1
O=C([*])CCCCCN[*],NC1=NC2=C(N=CN2C2O[C@H](COP(=O)(O)OP(=O)(O)O)[C@H](O)[C@@H]2O)C(=O)N1,,,,0.7075701760979364,10.1177_0731684416665176_part_1.txt_¶Î1_Material1
O=C([*])CCCCCN[*],[Ag],,,,1.6989700043360187,10.1002_pen.23769_part_2.txt_¶Î1_Material1
[*]C1C(C(C(OC1C(O[Na])=O)OC2C(C(O[Na])=O)OC(O[*])C(O)C2O)O)O,OCC(C(C(C1N)O)O[*])OC1OC2C(OC(C(C2O)N)[*])CO,O=C(O[Na])COCC(OC(C(C1O)O)[*])C1OC(C(C(C2O[*])O)O)OC2COCC(O[Na])=O,Cl[Ca]Cl,,0.9804578922761,10.3390_coatings8080291_part_2.txt_¶Î1_Material1
O=C([*])OC1=CC=C(C=C1)C(C)(C)C2=CC=C(C=C2)O[*],[*]C(F)(C(F)([*])F)F,CC1=CC(O)=C(C=C1CCCC(C2=C(C=C(C(C(C)(C)C)=C2)O)C)C3=CC(C(C)(C)C)=C(C=C3C)O)C(C)(C)C,,,1.9768083373380665,10.1016_j.polymdegradstab.2015.03.023_part_1.txt_¶Î1_Material1
[*]CC(C#N)[*],[*]OCC[*],,,,1.287801729930226,10.1039_c6ra10322g_part_2.txt_¶Î1_Material3
OCC1OC(C(C(C1[*])O)O)OC2C(C(C(OC2CO)O[*])O)O,[*]OC1C(C(O)=O)OC(OC2C(NC(C)=O)C([*])OC(CO)C2O)C(O)C1O,[*]OC1C(C(O)=O)OC(OC2C(NC(C)=O)C([*])OC(CO)C2O)C(O)C1O,,,1.0453229787866574,10.1007_s10570-018-02240-9_part_3.txt_¶Î1_Material2
C/C(C[*])=C/C[*],C12=CC3=CC4=CC=CN=C4N=C3N=C1N=C5N=C6N=CC=CC6=CC5=C2,O=C(O[Na])COCC(OC(C(C1O)O)[*])C1OC(C(C(C2O[*])O)O)OC2COCC(O[Na])=O,,,2.445759836488631,10.1007_s10570-021-04082-4_part_2.txt_¶Î1_Material1
O=C([*])C(C)O[*],[*]C/C=C/CCC([*])C#N,[*]C/C=C/CCC([*])C#N,,,1.79733680077535,10.4028_www.scientific.net_amr.486.406_part_1.txt_¶Î1_Material3
O=C([*])C(C)O[*],[*]OC(CC(OC(CC([*])=O)CC)=O)C,[Na+].[Cl-],,,1.4771212547196624,10.1002_polb.23522_part_1.txt_¶Î1_Material2
[*]C(C)C[*],[*]CC[*],[Al],,,0.8247764624755457,10.1088_1757-899x_180_1_012006_part_1.txt_¶Î1_Material1
O=C([*])C(C)O[*],[*]CC(C1=CC=CC=C1)[*],,,,1.2699796766453235,10.1007_s13726-019-00777-5_part_2.txt_¶Î1_Material1
[*]CC[*],O=C([*])C(C)O[*],O=[Al]O[Al]=O.O=[Si]=O.O=[Si]=O.O=[Si]=O,,,1.4608978427565478,10.1002_pat.5392_part_2.txt_¶Î1_Material2
FC(F)([*])C([H])([*])[H],O=C(C1=CC=C(C=C1)C(OCC[*])=O)O[*],O=[Ti]=O,,,1.1489726345092048,10.1155_2016_9856474_part_2.txt_¶Î1_Material2
[*]OCC[*],C[Si](C)(C[*])O[*],O=C=NC(C=C1)=CC=C1CC2=CC=C(C=C2)N=C=O,CC(C(=O)O)(CO)CO,,2.2095150145426308,10.1002_pat.3084_part_2.txt_¶Î1_Material2
[*]C([H])([H])C(O)([H])[*],O=C(O)C([*])C[*],[*]OC1C(C(O)=O)OC(OC2C(NC(C)=O)C([*])OC(CO)C2O)C(O)C1O,,,2.845098040014257,10.1016_j.msec.2018.05.080_part_6.txt_¶Î1_Material2
[*]CCCC(CCCCCC)[*],C[Si](C)(C[*])O[*],,,,2.6074550232146687,10.1080_03602559.2016.1227841_part_9.txt_¶Î1_Material1
[*]NC(C(N1CCCC1C(NCC(N2CC(CC2C(NC(C(NCC([*])=O)=O)CO)=O)O)=O)=O)=O)CCCCN,[*]OC1C(C(OC(C1O)OC2C3C(C(OC2CO3)[*])O)CO)O,,,,1.573683693093798,10.1016_j.lwt.2016.03.011_part_1.txt_¶Î1_Material1
[*]C(NC1=C(C)C(NC(OCCO[*])=O)=CC=C1)=O,[*]NC(C(N1CCCC1C(NCC(N2CC(CC2C(NC(C(NCC([*])=O)=O)CO)=O)O)=O)=O)=O)CCCCN,Cl[Ca]Cl,,,1.973589623427257,10.1021_acsami.9b10784_part_1.txt_¶Î1_Material1
[*]OCC[*],[*]CC(C#N)[*],C12=C3C(C=CC4C3=C5C(CC6=CC7=C8C9=C(C(C=C%10)=CC=C9C=C7)C%11=C%10C%12)=CC4)=CC=C1C=C%12C%13=C%11C8=C6C5=C2%13,,,1.539452491549461,10.1002_vnl.21576_part_2.txt_¶Î1_Material2
OCC1OC(C(C(C1[*])O)O)OC2C(C(C(OC2CO)O[*])O)O,[*]C(N(CN(C(OCOC(N(CN(C(OCCO[*])=O)[H])[H])=O)=O)[H])[H])=O,,,,2.4771212547196626,10.1088_2058-8585_aae5d9_part_4.txt_¶Î1_Material1
[*]CCC1C([*])C2CCC1C2,,,,,2.041392685158225,10.1016_j.compositesb.2014.05.010_part_2.txt_¶Î1_Material4
O=C([*])C(C)O[*],[*]OC1C(C(O)=O)OC(OC2C(NC(C)=O)C([*])OC(CO)C2O)C(O)C1O,[*]OC1C(C(O)=O)OC(OC2C(NC(C)=O)C([*])OC(CO)C2O)C(O)C1O,,,0.3424226808222063,10.3390_nano11010249_part_2.txt_¶Î1_Material2
[*]C1C(OC(C(C1O)O)OC2C(OC(C(C2O)O)O[*])CO)CO,[*]C(C)C[*],[*]C([H])([H])C(O)([H])[*],,,1.089905111439398,10.1680_jemmr.18.00028_part_3.txt_¶Î1_Material1
[*]C1C(C(C(OC1C(O[Na])=O)OC2C(C(O[Na])=O)OC(O[*])C(O)C2O)O)O,[*]OCC[*],[Zn]=O,,,1.0937717814987298,10.1088_1757-899x_833_1_012030_part_2.txt_¶Î1_Material1
[*]C(NC1=C(C)C(NC(OCCO[*])=O)=CC=C1)=O,FC(F)(C(F)(C(F)(C(F)(C(F)([*])F)F)C(F)(F)F)F)C[*],,,,2.51067903103221,10.1177_147776061202800202_part_2.txt_¶Î1_Material2
OCC(C(C(C1N)O)O[*])OC1OC2C(OC(C(C2O)N)[*])CO,[*]CCC1C([*])C2CCC1C2,,,,0.7993405494535817,10.1007_s10965-021-02685-w_part_2.txt_¶Î1_Material8
[*]C([C@H](C)OC([C@H](C)O[*])=O)=O,[*]C([C@H](C)OC([C@H](C)O[*])=O)=O,[*]C([C@H](C)OC([C@H](C)O[*])=O)=O,,,2.369215857410143,10.1016_j.polymdegradstab.2016.11.022_part_1.txt_¶Î1_Material1
OCC(C(C(C1N)O)O[*])OC1OC2C(OC(C(C2O)N)[*])CO,O=[Si]=O,,,,1.2402995820027125,10.1016_j.carbpol.2019.02.079_part_2.txt_¶Î1_Material1
O=C([*])C(C)O[*],[*]C(CCCCCO[*])=O,[*]OC1C(C(O)=O)OC(OC2C(NC(C)=O)C([*])OC(CO)C2O)C(O)C1O,,,1.0195316845312554,10.3390_ma13071564_part_2.txt_¶Î1_Material2
[*]C1C(C(C(OC1C(O[Na])=O)OC2C(C(O[Na])=O)OC(O[*])C(O)C2O)O)O,[*]C(CCCCCO[*])=O,O=[Ti]=O,,,2.544068044350276,10.1021_acs.biomac.7b01331_part_11.txt_¶Î1_Material1
[*]C(NC1=C(C)C(NC(OCCO[*])=O)=CC=C1)=O,[Ag+],[*]CC([*])N1CCCC1=O,,,2.4771212547196626,10.26599_nr.2025.94907615_OA_part_2.txt_¶Î1_Material1
O=C([*])C(C)O[*],[*]C1=C(C(C[*])=CC=C1)O,O=[Ti]=O,,,1.1818435879447726,10.3390_ma9050393_part_3.txt_¶Î1_Material1
O=C(C(C[*])[*])N,O=C(C(C[*])[*])N,[*]C([H])([H])C(O)([H])[*],[*]C(C[*])C(N(C)C)=O,,2.7781512503836434,10.1007_s13367-013-0020-y_part_2.txt_¶Î1_Material1
O=C([*])C(C)O[*],[*]CCC(CCCCCC)C[*],C=C(C(OCC1CO1)=O)C,,,1.424881636631067,10.1515_polyeng.2011.091_part_2.txt_¶Î1_Material1
[*]C1C(C(C(OC1C(O[Na])=O)OC2C(C(O[Na])=O)OC(O[*])C(O)C2O)O)O,O=S(O)(O)=O,,,,1.0086001717619175,10.1002_app.44485_part_2.txt_¶Î1_Material1
[*]NCC(NC(C(ONCC(NC(C(NCC(NC(C([*])=O)C)=O)=O)C)=O)=O)CO)=O,[*]C(C(OC(CO[*])=O)C)=O,,,,2,10.1155_2019_8050413_part_2.txt_¶Î1_Material4
[*]C(NC1=C(C)C(NC(OCCO[*])=O)=CC=C1)=O,O=C([*])OC1=CC=C(C=C1)C(C)(C)C2=CC=C(C=C2)O[*],,,,2.7781512503836434,10.1016_j.cej.2018.09.118_part_8.txt_¶Î1_Material1
O=C([*])C(C)O[*],[*]OC1C(C(O)=O)OC(OC2C(NC(C)=O)C([*])OC(CO)C2O)C(O)C1O,[Na+].[Cl-],,,1.5440680443502757,10.1002_polb.23522_part_1.txt_¶Î1_Material1
[*]O[C@@]([H])(C)C(O[C@](C)([H])C([*])=O)=O,,,,,1.8195439355418688,10.3390_nano11061472_part_3.txt_¶Î1_Material1
[*]C([H])([H])C(O)([H])[*],O=C([*])CCCCCN[*],,,,1.0927206446840991,10.4028_www.scientific.net_nhc.14.25_part_2.txt_¶Î1_Material1
[*]C([H])([H])C(O)([H])[*],OCC(C(C(C1N)O)O[*])OC1OC2C(OC(C(C2O)N)[*])CO,[*]NC(C(N1CCCC1C(NCC(N2CC(CC2C(NC(C(NCC([*])=O)=O)CO)=O)O)=O)=O)=O)CCCCN,,,1.3010299956639813,10.1016_j.jfoodeng.2013.05.026_part_4.txt_¶Î1_Material2
O=C(O[Na])COCC(OC(C(C1O)O)[*])C1OC(C(C(C2O[*])O)O)OC2COCC(O[Na])=O,[*]C1=C(C=CN2)C2=C([*])C(O)=C1O,,,,1.3483048630481609,10.1016_j.clay.2019.105314_part_1.txt_¶Î1_Material1
[*]CC([*])N1CCCC1=O,C[Si](C)(C[*])O[*],,,,2.278753600952829,10.1002_app.42985_part_2.txt_¶Î1_Material1
[*]C([H])([H])C(O)([H])[*],[*]NC(C(N1CCCC1C(NCC(N2CC(CC2C(NC(C(NCC([*])=O)=O)CO)=O)O)=O)=O)=O)CCCCN,[*]OCC[*],,,2.204119982655925,10.1116_6.0000381_part_2.txt_¶Î1_Material1
CC(NC(C([*])C)=O)C(NC(C)C(NC(C)C(N[*])=O)=O)=O,[*]C([H])([H])C(O)([H])[*],OC(CO)CO,,,1.6949560022498182,10.1097_01.asw.0000467304.77196.b9_part_1.txt_¶Î1_Material1
[*]C(CCCCCO[*])=O,[*]OC1C(C(O)=O)OC(OC2C(NC(C)=O)C([*])OC(CO)C2O)C(O)C1O,[*]NC(C(N1CCCC1C(NCC(N2CC(CC2C(NC(C(NCC([*])=O)=O)CO)=O)O)=O)=O)=O)CCCCN,,,1.4046627008737222,10.1007_s12221-020-1147-3_part_1.txt_¶Î1_Material4
OCC(C(C(C1N)O)O[*])OC1OC2C(OC(C(C2O)N)[*])CO,CCO[Si](OCC)(OCC)OCC,,,,1.8750612633917,10.1007_s10853-017-1051-4_part_2.txt_¶Î1_Material1
[*]C1C(C(C(OC1C(O[Na])=O)OC2C(C(O[Na])=O)OC(O[*])C(O)C2O)O)O,OC1C(O)C([*])OC(COC2C(O)C(O)C(O)C(CO)O2)C1OC3C(O)C(O)C(CO[*])C(CO)O3,Cl[Ca]Cl,,,1.8756399370041683,10.1016_j.carbpol.2019.115809_part_1.txt_¶Î1_Material1
[*]C1C(C(C(OC1C(O[Na])=O)OC2C(C(O[Na])=O)OC(O[*])C(O)C2O)O)O,[*][C@H]1[C@H](O)[C@@H](O)[C@H](O[C@H]2[C@H]([C@@H](O)[C@H](O[C@H]3[C@H](O)[C@H](O)[C@H](O[C@H]4[C@H](O)[C@H](O)[C@H](O[*])O[C@@H]4CO)O[C@@H]3CO)O[C@@H]2COC(C)=O)O)O[C@@H]1CO,,,,1.4641913706409997,10.1007_s11859-017-1235-4_part_1.txt_¶Î1_Material1
[*]C1C(C(C(OC1C(O[Na])=O)OC2C(C(O[Na])=O)OC(O[*])C(O)C2O)O)O,[*]OC1C(C(OC(C1O)OC2C3C(C(OC2CO3)[*])O)CO)O,,,,1.9030899869919435,10.3390_coatings9060360_part_2.txt_¶Î1_Material1
[*]C([H])([H])C(O)([H])[*],[*]CC(C)(C(OCCO)=O)[*],,,,2.4771212547196626,10.1002_app.35298_part_2.txt_¶Î1_Material1
[*]C(NC1=C(C)C(NC(OCCO[*])=O)=CC=C1)=O,[*]OCC[*],[*]CCCCO[*],,,2.103803720955957,10.1016_j.apsusc.2018.05.159_part_2.txt_¶Î1_Material1
[*]CC(OC(O[*])=O)C,OCC(C(C(C1N)O)O[*])OC1OC2C(OC(C(C2O)N)[*])CO,,,,0.9084850188786496,10.1016_j.carbpol.2010.11.045_part_1.txt_¶Î1_Material1
O=C([*])CCCCCN[*],[*]CC(CC=CCC([*])C1=CC=CC=C1)C#N,O=[Si]=O,[*]CC(CC=CCC([*])C1=CC=CC=C1)C#N,,1.5440680443502757,10.1002_pen.25447_part_7.txt_¶Î1_Material1
[*]C(CCCCCO[*])=O,C12=C3C(C=CC4C3=C5C(CC6=CC7=C8C9=C(C(C=C%10)=CC=C9C=C7)C%11=C%10C%12)=CC4)=CC=C1C=C%12C%13=C%11C8=C6C5=C2%13,,,,3.1122697684172707,10.4028_www.scientific.net_msf.773-774.496_part_1.txt_¶Î1_Material1
[*]CC(C(OCC)=O)[*],,,,,3.1652443261253107,10.1177_0954008317737822_part_2.txt_¶Î1_Material1
[*]C(C)C[*],O=C([*])CCCCCN[*],[*]CCCC(C1C([*])C2CC1C/C2=C/C)C,,,2.060697840353612,10.1007_s00289-019-02870-4_part_1.txt_¶Î1_Material1
[*]C(C)C[*],[*]CC(CC(C#N)[*])C1=CC=CC=C1,,,,1.75815462196739,10.1080_03602559.2014.974190_part_2.txt_¶Î1_Material3
[*]NC(C(N1CCCC1C(NCC(N2CC(CC2C(NC(C(NCC([*])=O)=O)CO)=O)O)=O)=O)=O)CCCCN,OC(CO)CO,[*]C1C(OC(C(C1O)O)OC2C(OC(C(C2O)O)O[*])CO)CO,,,1.1958996524092338,10.3390_polym13040592_part_2.txt_¶Î1_Material2
[*]C([C@H](C)OC([C@H](C)O[*])=O)=O,[*]NC(C(O)=O)CCC([*])=O,[*]C(CCCCCO[*])=O,,,1.954242509439325,10.1039_d0gc01394c_part_7.txt_¶Î1_Material2
[*]C/C=C/CCC([*])C#N,O=C=O,C=CCOC(C1=CC=CC=C1C(OCC=C)=O)=O,,,3.1571544399062814,10.3144_expresspolymlett.2020.71_part_2.txt_¶Î1_Material1
C=C([CH3])C(=O)O[CH3],O=C(C1=CC=C(C=C1)C(OCC[*])=O)O[*],[Mg],,,1.911690158753861,10.1590_0104-1428.1924_part_1.txt_¶Î1_Material2
O=C(C1=CC=C(C=C1)C(OCC[*])=O)O[*],O=C(CCCCC(N(CCCCCCN([*])[H])[H])=O)[*],,,,1.260071387985075,10.1016_j.polymertesting.2018.10.027_part_1.txt_¶Î1_Material3
[*]C/C=C/CCC([*])C#N,[Ni],C=CCOC(C1=CC=CC=C1C(OCC=C)=O)=O,,,3.161368002234975,10.3144_expresspolymlett.2020.71_part_2.txt_¶Î1_Material2
[*]C/C=C/CCC([*])C#N,C=CCOC(C1=CC=CC=C1C(OCC=C)=O)=O,,,,3.1931245983544616,10.3144_expresspolymlett.2020.71_part_2.txt_¶Î1_Material3
[*]OC1C(C(OC(C1O)OC2C3C(C(OC2CO3)[*])O)CO)O,[*]OCC[*],[*]C(CCCCCO[*])=O,,,1.4771212547196624,10.1021_acsami.5b10675_part_2.txt_¶Î1_Material2
[*]CC(CCCC(CC)CC([*])C1=CC=CC=C1)C2=CC=CC=C2,O=C(C1=CC=C(C=C1)C([*])=O)NC2=CC=C(C=C2)N[*],[*]C([H])([H])C(O)([H])[*],,,2,10.1021_acsami.9b15546_part_2.txt_¶Î1_Material1
[*]CCCC(C1C([*])C2CC1C/C2=C/C)C,O=[Si]=O.O=[Al]O[Al]=O.O=[Si]=O.O=[Si]=O.O=[Si]=O.O,,,,2.3473300153169503,10.1080_03602559.2011.584244_part_1.txt_¶Î1_Material1
O=C([*])C1=CC=C(C=C1)OC2=CC=C(C=C2)OC3=CC=C(C=C3)[*],O=C(C1=CC=C(C=C1)C(OCC[*])=O)O[*],,,,1.3010299956639813,10.1002_app.41728_part_1.txt_¶Î1_Material1
OCC1OC(OC2C(O)C(O)C(O[*])OC2CO)C(O)C(O)C1[*],[*]C([H])([H])C(O)([H])[*],,,,1.8743658357300488,10.1680_jgrma.17.00029_part_2.txt_¶Î1_Material1
[*]NCCCCCCCCCCCC([*])=O,NC1=NC2=C(N=CN2C2O[C@H](COP(=O)(O)OP(=O)(O)O)[C@H](O)[C@@H]2O)C(=O)N1,,,,1.1760912590556811,10.1016_j.carbon.2013.07.043_part_1.txt_¶Î1_Material1
[*]C(C)C[*],[*]CC(C1=CC=CC=C1)[*],[*]CC(C1=CC=CC=C1)C/C=C/C[*],,,1.5100085129402347,10.1002_app.33096_part_1.txt_¶Î1_Material2
[*]NCC(NC(C(ONCC(NC(C(NCC(NC(C([*])=O)C)=O)=O)C)=O)=O)CO)=O,OCC1OC(C(C(C1[*])O)O)OC2C(C(C(OC2CO)O[*])O)O,OCC(O)CO,,,1.9030899869919435,10.1088_1742-6596_1790_1_012067_part_1.txt_¶Î1_Material1
[*]CC(C)(C(OCCO)=O)[*],C=C([CH3])C(=O)O[CH3],,,,2.2105860249051563,10.1002_pen.24931_part_1.txt_¶Î1_Material1
[*]CCCC([*])C(OC)=O,[*]CCC(CCCCCC)C[*],OC1=C2C(C3(O)C4C5C6=C7C8C(C9=CC(C(O)=O)=C(C=C(C=C%10C(O)=O)C%11%12)C(C%11=C%13C%14C%15%16C%17(O%16)C%18C%19=C%20C%21=C%22C(C(O)=C%23)=C%24C%25C%21=C%26C%19=C%27C%17=C%28C%14(O)C%12=C%10C=C%28CC%27=CC%26=CC%25=C(C(O)=O)C=C%24)C9=C7C%13(O)C5=C%15C3=C%18C%29%30C%20(O%30)C%31C%22C%23=C%32)=CC(C(O)=O)=CC8=CC6=C(C(O)=O)C4=C2)=C%29C%33=C%31C%32=C(C(O)=O)C=C%331,,,2,10.1177_096739111502300203_part_1.txt_¶Î1_Material2
[*]C1C(OC(C(C1O)O)OC2C(OC(C(C2O)O)O[*])CO)CO,[H]O[H],,,,0.5910646070264992,10.1021_ie102068v_part_1.txt_¶Î1_Material3
[*]CC(C#N)[*],O=C(C1=CC=C(C=C1)C(OCC[*])=O)O[*],[H][O-],,,1.8785217955012063,10.1016_j.mtcomm.2020.101042_part_2.txt_¶Î1_Material1
[*]O[C@H](C)CC([*])=O,OP(O)(O)=O,[*]OCCCCOC(CCC([*])=O)=O,,,1.3424226808222062,10.1002_vnl.21828_part_3.txt_¶Î1_Material1
C[Si](C)(C[*])O[*],C=C([CH3])C(=O)O[CH3],,,,1.7781512503836436,10.1016_j.memsci.2019.117624_part_1.txt_¶Î1_Material1
[*]C([C@H](C)OC([C@H](C)O[*])=O)=O,[*]C(C(O[*])C)=O,,,,1.1482940974347458,10.1007_s00289-015-1595-x_part_3.txt_¶Î1_Material1
O=C([*])OC1=CC=C(C=C1)C(C)(C)C2=CC=C(C=C2)O[*],[*]CC(CC(C#N)[*])C1=CC=CC=C1,,,,1.0413926851582251,10.1002_app.49762_part_2.txt_¶Î1_Material3
OP(O)(O)=O,[*]C(CCCCC(OCCCCO[*])=O)=O,,,,2.387389826338729,10.4028_www.scientific.net_kem.798.285_part_1.txt_¶Î1_Material1
[*]CCC1C([*])C2CCC1C2,[C],,,,2.1760912590556813,10.1016_j.compositesb.2014.05.010_part_2.txt_¶Î1_Material1
[*]OCCOC(CC(C([*])=O)C(C1CCCCC1)CC(CC(O)=O)C(OCCO)=O)=O,C=CC1=CC=CC=C1,,,,0.4471580313422192,10.1515_hf-2018-0160_part_1.txt_¶Î1_Material2
[*]C(C)C[*],[*]C(CCCCCO[*])=O,,,,1.6354837468149122,10.1002_adfm.201500105_part_1.txt_¶Î1_Material1
O=C([*])C(C)O[*],[*]C(N(CN(C(OCOC(N(CN(C(OCCO[*])=O)[H])[H])=O)=O)[H])[H])=O,O=[Si]=O,,,1.740362689494244,10.1177_0892705718772867_part_1.txt_¶Î1_Material4
[*]C(CCCCCO[*])=O,OCC(C(C(C1N)O)O[*])OC1OC2C(OC(C(C2O)N)[*])CO,[*]C1=CC=C([*])N1,,,2.1690863574870227,10.1016_j.compositesa.2010.06.014_part_2.txt_¶Î1_Material4
[*]OC1C(C(O)=O)OC(OC2C(NC(C)=O)C([*])OC(CO)C2O)C(O)C1O,[*]OCC[*],,,,1.8388490907372552,10.1016_j.carbpol.2017.04.028_part_4.txt_¶Î1_Material1
[*]O[C@H](C)CC([*])=O,[Zn]=O,,,,1.3010299956639813,10.3390_ijms150610950_part_3.txt_¶Î1_Material1
[*]NCC(NC(C(ONCC(NC(C(NCC(NC(C([*])=O)C)=O)=O)C)=O)=O)CO)=O,[*]CC([*])Cl,,,,1.4471580313422192,10.1039_c6tb01055e_part_2.txt_¶Î1_Material1
[*]CC(COC1=CC=C(C=C1)C(C)(C)C2=CC=C(C=C2)O[*])O,O=[Mg].O=[Si]=O.O=[Si]=O.O=[Si]=O.O=[Si]=O.O=[Mg].O=[Mg].O,,,,0.2148438480476978,10.1002_pc.24513_part_1.txt_¶Î1_Material1
[*]OCCOC(CC(C([*])=O)C(C1CCCCC1)CC(CC(O)=O)C(OCCO)=O)=O,[*]CC(COC1=CC=C(C=C1)C(C)(C)C2=CC=C(C=C2)O[*])O,,,,0.6989700043360189,10.1007_s10443-017-9635-3_part_2.txt_¶Î1_Material1
O=C(C1=CC=C(C=C1)C(OCC[*])=O)O[*],[*]C(C)C[*],NC1=NC2=C(N=CN2C2O[C@H](COP(=O)(O)OP(=O)(O)O)[C@H](O)[C@@H]2O)C(=O)N1,,,1.1760912590556811,10.1002_app.40582_part_2.txt_¶Î1_Material1
[*]CC(COC1=CC=C(C=C1)C(C)(C)C2=CC=C(C=C2)O[*])O,O=C([*])OC1=CC=C(C=C1)C(C)(C)C2=CC=C(C=C2)O[*],,,,0.2787536009528289,10.1002_adem.202000934_part_1.txt_¶Î1_Material1
[*]C([H])([H])C(O)([H])[*],[*]C(C)C[*],,,,2.255272505103306,10.1016_j.polymertesting.2020.106539_part_2.txt_¶Î1_Material1
[*]C([C@H](C)OC([C@H](C)O[*])=O)=O,[*]CCCCO[*],,,,2.398460849608224,10.1007_s00289-018-2452-5_part_2.txt_¶Î1_Material1
[*]O[C@H](C)CC([*])=O,C12=C3C(C=CC4C3=C5C(CC6=CC7=C8C9=C(C(C=C%10)=CC=C9C=C7)C%11=C%10C%12)=CC4)=CC=C1C=C%12C%13=C%11C8=C6C5=C2%13,,,,1.8341026557127933,10.1016_j.ijbiomac.2021.05.099_part_2.txt_¶Î1_Material4
[*]CC(C1=CC=CC=C1)[*],[*]CC(C1=CC=CC=C1)[*],CCCCCCCCCCCCCCCC[N+](C)(C)C.[Br-],CCCCCCCCCCCCOS([O-])(=O)=O.[Na+],,1.172894697752176,10.1002_app.50917_part_1.txt_¶Î1_Material1
O=C([*])C(C)O[*],[*]C(CCCCCO[*])=O,O=[Al]O[Al]=O.O=[Si]=O.O=[Si]=O.O=[Si]=O,,,2,10.1002_app.43815_part_2.txt_¶Î1_Material1
[*]C(CCCCCO[*])=O,[*]C1C(C(C(OC1C(O[Na])=O)OC2C(C(O[Na])=O)OC(O[*])C(O)C2O)O)O,O=C(C(C[*])[*])N,,,2.052693941924968,10.1049_mnl.2018.5806_part_1.txt_¶Î1_Material1
[*]CC([*])Cl,[*]C/C=C/CCC([*])C#N,NC1=NC2=C(N=CN2C2O[C@H](COP(=O)(O)OP(=O)(O)O)[C@H](O)[C@@H]2O)C(=O)N1,,,2.3010299956639813,10.3139_217.3515_part_2.txt_¶Î1_Material1
[*]C(CCCCCO[*])=O,[*]NC(C(O)=O)CCC([*])=O,O=[Ti]=O,,,2.3010299956639813,10.1039_d0gc01394c_part_7.txt_¶Î1_Material1
[*]CC[*],[*]CC(C#N)[*],,,,0.9912260756924948,10.1002_app.32971_part_1.txt_¶Î1_Material1
C=C([CH3])C(=O)O[CH3],COC(C(C[*])([*])C)=O,COC1=CC(/C=C/C=O)=CC(OC2=CC(C(C(OC3=CC=C(C=C3OC)C(C(CO)=O)O)CO)O)=CC=C2OC4=CC(C(C(COC5=CC=C(C=C5)C(C(CO)=O)O)=O)O)=CC=C4O)=C1,,,1.437750562820388,10.1039_d1gc00249j_part_1.txt_¶Î1_Material1
[*]C(C(O[*])C)=O,,,,,1.3424226808222062,10.3390_ma12203435_part_2.txt_¶Î1_Material8
O=C([*])C(C)O[*],[*]C(CCCCCO[*])=O,O=C=O,,,2.3010299956639813,10.1016_j.eurpolymj.2016.12.013_part_3.txt_¶Î1_Material1
O=C([*])C(C)O[*],[*]CCCC([*])OC(C)=O,[*]CC(CC[*])O,,,0.9444826721501688,10.1039_c6ra13366e_part_3.txt_¶Î1_Material2
OP(O)(O)=O,[*]OCCCCOC(CCC([*])=O)=O,[C],,,2.4771212547196626,10.1002_pat.3431_part_1.txt_¶Î1_Material1
O=C([*])C(C)O[*],OCC(C(C(C1N)O)O[*])OC1OC2C(OC(C(C2O)N)[*])CO,O=[Ti]=O,,,1.1760912590556811,10.1016_j.jfoodeng.2013.05.026_part_4.txt_¶Î1_Material1
[*]C(NC1=C(C)C(NC(OCCO[*])=O)=CC=C1)=O,[*]C1C(C(C(OC1C(O[Na])=O)OC2C(C(O[Na])=O)OC(O[*])C(O)C2O)O)O,Cl[Ca]Cl,,,2.4082399653118496,10.1016_j.carbpol.2018.12.090_part_2.txt_¶Î1_Material1
OCC(C(C(C1N)O)O[*])OC1OC2C(OC(C(C2O)N)[*])CO,CC(=O)O,CCO,,,1.8573324964312683,10.1007_s10692-011-9286-3_part_1.txt_¶Î1_Material2
[*]C(N(CN(C(OCOC(N(CN(C(OCCO[*])=O)[H])[H])=O)=O)[H])[H])=O,[*]C(CCCCCO[*])=O,,,,3.300812794118117,10.1177_0095244314568691_part_3.txt_¶Î1_Material3
O=C([*])C(C)O[*],[*]CCCC([*])OC(C)=O,C=C([CH3])C(=O)O[CH3],,,0.787460474518415,10.1007_s10924-023-03019-1_OA_part_3.txt_¶Î1_Material1
O=C([*])C(C)O[*],O=P([O-])([O-])[O-].[Ca+2].[Ca+2].[OH-],NC1=NC2=C(N=CN2C2O[C@H](COP(=O)(O)OP(=O)(O)O)[C@H](O)[C@@H]2O)C(=O)N1,,,0.7923916894982539,10.4028_www.scientific.net_kem.735.230_part_1.txt_¶Î1_Material2
[*]C(CCCCCO[*])=O,[*]NC(C(N1CCCC1C(NCC(N2CC(CC2C(NC(C(NCC([*])=O)=O)CO)=O)O)=O)=O)=O)CCCCN,[*]OC1C(C(O)=O)OC(OC2C(NC(C)=O)C([*])OC(CO)C2O)C(O)C1O,,,0.8976270912904415,10.3390_ma13112661_part_2.txt_¶Î1_Material2
O=C([*])CCCCCN[*],O=[Ti]=O,[*]CC(CC=CCC([*])C1=CC=CC=C1)C#N,,,1.5991185650553628,10.3390_ma12233955_part_2.txt_¶Î1_Material1
[*]CC[*],C/C(C[*])=C/C[*],[*]C1C(OC(C(C1O)O)OC2C(OC(C(C2O)O)O[*])CO)CO,[*]OCC[*],,1,10.1002_vnl.20289_part_2.txt_¶Î1_Material1
[*]C(N(CN(C(OCOC(N(CN(C(OCCO[*])=O)[H])[H])=O)=O)[H])[H])=O,[*]C(C)C[*],O=[Mg].O=[Si]=O.O=[Si]=O.O=[Si]=O.O=[Si]=O.O=[Mg].O=[Mg].O,,,2.260357641636152,10.1177_0095244312458602_part_4.txt_¶Î1_Material1
[*]OC(CC(OC(CC([*])=O)CC)=O)C,[*]C(CCCCC(OCCCCO[*])=O)=O,O=C([*])C(C)O[*],,,1.5658478186735176,10.1002_app.46153_part_1.txt_¶Î1_Material4
OCC(C(C(C1N)O)O[*])OC1OC2C(OC(C(C2O)N)[*])CO,[*]C1C(OC(C(C1O)O)OC2C(OC(C(C2O)O)O[*])CO)CO,OCC(O)CO,,,1.3222192947339193,10.1088_1755-1315_679_1_012005_part_2.txt_¶Î1_Material1
[*]NCCCCCCCCCCCC([*])=O,O=[Al]O[Al]=O.O=[Si]=O.O=[Si]=O.O=[Si]=O,,,,1.2479732663618066,10.1108_13552541111098608_part_2.txt_¶Î1_Material2
C[Si](C)(C[*])O[*],CC1(CC(CC(C)(C1)C)N=C=O)CN=C=O,,,,2.846955325019824,10.1007_s11431-020-1674-7_part_1.txt_¶Î1_Material1
O=C(CCCCC(N(CCCCCCN([*])[H])[H])=O)[*],[*]CC(COC1=CC=C(C=C1)C(C)(C)C2=CC=C(C=C2)O[*])O,,,,0.4065401804339551,10.1088_2053-1591_ab3021_part_4.txt_¶Î1_Material2
[*]NCCCCCCCCCCCC([*])=O,[*]C([H])([H])C(O)([H])[*],NC1=NC2=C(N=CN2C2O[C@H](COP(=O)(O)OP(=O)(O)O)[C@H](O)[C@@H]2O)C(=O)N1,,,1.3010299956639813,10.1016_j.addma.2020.101363_part_2.txt_¶Î1_Material1
[*]OCCOC(CC(C([*])=O)C(C1CCCCC1)CC(CC(O)=O)C(OCCO)=O)=O,C=C(C)C(=O)OCC(O)COC1=CC=C(C(C2=CC=C(O)C=C2)(C)C)C=C1,,,,1.1139433523068367,10.1088_1757-899x_202_1_012088_part_2.txt_¶Î1_Material1
[*]NC(C(N1CCCC1C(NCC(N2CC(CC2C(NC(C(NCC([*])=O)=O)CO)=O)O)=O)=O)=O)CCCCN,OC(CO)CO,[*]C([H])([H])C(O)([H])[*],,,2.1408221801093106,10.3390_polym13040592_part_2.txt_¶Î1_Material4
O=C([*])C(C)O[*],[*]OCC[*],C12=CC3=CC4=CC=CN=C4N=C3N=C1N=C5N=C6N=CC=CC6=CC5=C2,,,1.845098040014257,10.1021_acssuschemeng.9b06760_part_2.txt_¶Î1_Material2
O=C(CCCCC(N(CCCCCCN([*])[H])[H])=O)[*],[Zn]=O,,,,1.6532125137753435,10.1515_polyeng-2019-0099_part_2.txt_¶Î1_Material1
[*]C1C(OC(C(C1O)O)OC2C(OC(C(C2O)O)O[*])CO)CO,O=C(C1=CC=C(C=C1)C(OCC[*])=O)O[*],OCC(O)CO,,,1.9556877503135053,10.1016_j.carres.2021.108401_part_2.txt_¶Î1_Material1
[*]C(NC1=C(C)C(NC(OCCO[*])=O)=CC=C1)=O,[*]NC(C(N1CCCC1C(NCC(N2CC(CC2C(NC(C(NCC([*])=O)=O)CO)=O)O)=O)=O)=O)CCCCN,,,,1.5378190950732742,10.1016_j.foodhyd.2020.105837_part_1.txt_¶Î1_Material1
[*]C([C@H](C)OC([C@H](C)O[*])=O)=O,[*]O[C@@]([H])(C)C(O[C@](C)([H])C([*])=O)=O,[*]CCC(CCCCCC)C[*],,,1.9790929006383264,10.1007_s12221-017-1175-9_part_2.txt_¶Î1_Material1
[*]C([H])([H])C(O)([H])[*],[*]C1C(C(C(OC1C(O[Na])=O)OC2C(C(O[Na])=O)OC(O[*])C(O)C2O)O)O,C12=C3C(C=CC4C3=C5C(CC6=CC7=C8C9=C(C(C=C%10)=CC=C9C=C7)C%11=C%10C%12)=CC4)=CC=C1C=C%12C%13=C%11C8=C6C5=C2%13,,,2.170261715394957,10.1016_j.carbon.2016.10.042_part_7.txt_¶Î1_Material1
[*]CC(C1=CC=CC=C1)[*],[*]CC(C#N)[*],,,,1.6020599913279625,10.1016_j.jcis.2010.03.026_part_1.txt_¶Î1_Material1
OCC(C(C(C1N)O)O[*])OC1OC2C(OC(C(C2O)N)[*])CO,O=[Al]O[Al]=O.O=[Si]=O.O=[Si]=O.O=[Si]=O,OCC1OC(C(C(C1[*])O)O)OC2C(C(C(OC2CO)O[*])O)O,,,1.6020599913279625,10.1007_s10570-018-2211-7_part_1.txt_¶Î1_Material1
[*]C/C=C/C[*],C=C,,,,2.3010299956639813,10.1016_j.polymer.2021.123408_part_2.txt_¶Î1_Material2
O=C([*])CCCCCN[*],[*]N1C(C2=CC3=C(C=C2C1=O)C(N(C3=O)C4=CC=C(C=C4)OC5=CC=C(C=C5)[*])=O)=O,[*]N1C(C2=CC3=C(C=C2C1=O)C(N(C3=O)C4=CC=C(C=C4)OC5=CC=C(C=C5)[*])=O)=O,,,1.255272505103306,10.4028_www.scientific.net_amr.1052.242_part_1.txt_¶Î1_Material1
O=C(O[Na])COCC(OC(C(C1O)O)[*])C1OC(C(C(C2O[*])O)O)OC2COCC(O[Na])=O,[Fe+3],,,,0.7481880270062004,10.1021_am507726t_part_2.txt_¶Î1_Material1
[*]O[C@H](C)CC([*])=O,[*]CC(C#N)[*],,,,1.5314789170422551,10.3390_polym8030097_part_2.txt_¶Î1_Material2
[*]CCCC([*])OC(C)=O,[*]CC[*],,,,2.146128035678238,10.1016_j.polymertesting.2017.08.028_part_3.txt_¶Î1_Material1
[*]C(CCCCCO[*])=O,[*]O[C@H](C)CC([*])=O,,,,2.444044795918076,10.1016_j.polymertesting.2018.03.014_part_4.txt_¶Î1_Material1
O=C([*])C(C)O[*],[*]C(NC1=C(C)C(NC(OCCO[*])=O)=CC=C1)=O,,,,2.3010299956639813,10.1016_j.polymertesting.2017.03.009_part_4.txt_¶Î1_Material1
OCC1OC(C(C(C1[*])O)O)OC2C(C(C(OC2CO)O[*])O)O,[*]NC(C)C(N1CCCC1C([*])=O)=O,,,,0.9206450014067876,10.4028_www.scientific.net_jbbbe.33.80_part_1.txt_¶Î1_Material1
O=C([*])OC1=CC=C(C=C1)C(C)(C)C2=CC=C(C=C2)O[*],O=C(C1=CC=C(C=C1)C(OCC[*])=O)O[*],OC(C(C)(CC(C1=CC=CC=C1)[*])CC(C[*])(C(OCC2CO2)=O)C)=O,,,1.996117476137288,10.1002_pi.5628_part_3.txt_¶Î1_Material1
[*]CC([*])N1CCCC1=O,[*]OCC[*],O=C(OOC(=O)C1=CC=CC=C1)C1=CC=CC=C1,,,1.3637999454791092,10.1007_s13233-018-6031-2_part_1.txt_¶Î1_Material3
[*]C(C(OC(CO[*])=O)C)=O,[*]OC1C(C(O)=O)OC(OC2C(NC(C)=O)C([*])OC(CO)C2O)C(O)C1O,,,,0.8000293592441343,10.1002_btpr.3195_part_2.txt_¶Î1_Material2
C/C(C[*])=C/C[*],C=C([CH3])C(=O)O[CH3],[C],,,2.3483048630481607,10.4028_www.scientific.net_amr.501.3_part_1.txt_¶Î1_Material1
OCC1OC(C(C(C1[*])O)O)OC2C(C(C(OC2CO)O[*])O)O,O=C(C1=CC=C(C=C1)C(OCC[*])=O)O[*],,,,0.8692317197309762,10.1007_s10570-018-2044-4_part_2.txt_¶Î1_Material1
[*]C(N(CN(C(OCOC(N(CN(C(OCCO[*])=O)[H])[H])=O)=O)[H])[H])=O,OCC(C(C(C1N)O)O[*])OC1OC2C(OC(C(C2O)N)[*])CO,,,,2.2671717284030137,10.1080_25740881.2021.1921206_part_2.txt_¶Î1_Material2
FC(F)([*])C([H])([*])[H],[*]CC(CC=CCC([*])C1=CC=CC=C1)C#N,,,,1,10.1016_j.polymer.2017.09.019_part_4.txt_¶Î1_Material3
[*]OCC[*],OCC(C(C(C1N)O)O[*])OC1OC2C(OC(C(C2O)N)[*])CO,,,,1.2695129442179165,10.1088_1757-899x_864_1_012169_part_1.txt_¶Î1_Material1
O=C([*])CCCCCO[*],,,,,2.399673721481038,10.1007_s13233-011-0815-y_part_1.txt_¶Î1_Material1
[*]C1C(OC(C(O)C1O)OC2C(O)C(O)C(OC2C(O[Na])=O)O[*])C(O[Na])=O,[Zn]=O,,,,1,10.1007_s10570-017-1480-x_part_1.txt_¶Î1_Material1
O=C(CCCCC(N(CCCCCCN([*])[H])[H])=O)[*],O=[Ti]=O,,,,1.3424226808222062,10.1002_pat.4201_part_1.txt_¶Î1_Material1
[*]CC[*],C/C(C[*])=C/C[*],[*]C1C(OC(C(C1O)O)OC2C(OC(C(C2O)O)O[*])CO)CO,,,0.6989700043360189,10.1002_vnl.20289_part_1.txt_¶Î1_Material1
[*]CC(O)COC(CCCCCCCCC(O[*])=O)=O,O=C([*])C(C)O[*],OP(O)(O)=O,,,1.915927211697116,10.1016_j.polymertesting.2017.12.018_part_2.txt_¶Î1_Material1
OCC(C(C(C1N)O)O[*])OC1OC2C(OC(C(C2O)N)[*])CO,OC[C@@H]([C@H]([C@@H]([C@@H](CO)O)O)O)O,,,,1.0718820073061257,10.1016_j.carbpol.2016.06.022_part_3.txt_¶Î1_Material1
[*]CC[*],O=C(C(C[*])[*])N,,,,2.7686381012476144,10.1016_j.polymer.2019.121703_part_1.txt_¶Î1_Material3
C/C(C[*])=C/C[*],[*]CCCC([*])OC(C)=O,,,,2.7481880270062,10.1002_masy.201900136_part_1.txt_¶Î1_Material1
O=C([*])C(C)O[*],[*]CC(OC(O[*])=O)C,O=[Si]=O,,,2.0051805125037805,10.1021_acs.iecr.7b03444_part_7.txt_¶Î1_Material2
[*]NC(C)C(N1CCCC1C([*])=O)=O,C1OC1C[N+]([CH3])([CH3])[CH3].[Cl-],,,,1.845098040014257,10.3390_polym13050755_part_3.txt_¶Î1_Material1
[*]C1=CC(C2=NC3=CC(C4=CC=C5N=C([*])NC5=C4)=CC=C3N2)=CC=C1,,,,,1.0791812460476249,10.1177_0954008313507589_part_2.txt_¶Î1_Material2
[*]C1C(OC(C(C1O)O)OC2C(OC(C(C2O)O)O[*])CO)CO,O=C([*])C(C)O[*],OP(O)(O)=O,,,0.2600713879850748,10.1177_204124791100200201_part_2.txt_¶Î1_Material1
[*]NC(C(O)=O)CCC([*])=O,[*]NC(C)C(N1CCCC1C([*])=O)=O,,,,1.3483048630481609,10.1002_pat.4648_part_2.txt_¶Î1_Material3
[*]C(CCCCCO[*])=O,[*]OCC[*],[*]NC(C(N1CCCC1C(NCC(N2CC(CC2C(NC(C(NCC([*])=O)=O)CO)=O)O)=O)=O)=O)CCCCN,,,1.6989700043360187,10.2147_ijn.s175619_part_1.txt_¶Î1_Material1
[*]C/C=C/CCC(C=C)CC([*])C1=CC=CC=C1,[Fe+3],,,,2.3541084391474008,10.1021_acssuschemeng.1c02581_part_1.txt_¶Î1_Material1
[*]C(CCCCC(OCCCCO[*])=O)=O,OCC1OC(C(C(C1[*])O)O)OC2C(C(C(OC2CO)O[*])O)O,,,,2.3010299956639813,10.1002_app.43678_part_2.txt_¶Î1_Material1
C=C([CH3])C(=O)O[CH3],O=[Ti]=O,O=C([*])OC1=CC=C(C=C1)C(C)(C)C2=CC=C(C=C2)O[*],[*]CC(C1=CC=CC=C1)[*],,1,10.3221_igf-esis.53.06_OA_part_3.txt_¶Î1_Material1
O=C(C1=CC=C(C=C1)C(OCC[*])=O)O[*],[*]CCCCO[*],,,,2.0827853703164503,10.1002_macp.201900206_part_1.txt_¶Î1_Material1
[*]C/C=C/CCC(C/C=C\C[*])C=C,CC1=CC=C(C=C1N=C=O)N=C=O,CC1(CC(CC(C)(C1)C)N=C=O)CN=C=O,,,1.919078092376074,10.1016_j.jiec.2014.09.025_part_2.txt_¶Î1_Material1
[*]CC(COC1=CC=C(C=C1)C(C)(C)C2=CC=C(C=C2)O[*])O,[C],,,,0.6989700043360189,10.1002_pc.22326_part_1.txt_¶Î1_Material4
OCC1OC(C(C(C1[*])O)O)OC2C(C(C(OC2CO)O[*])O)O,[*]C([H])([H])C(O)([H])[*],[*]NC(C)C(N1CCCC1C([*])=O)=O,,,1.2695129442179165,10.1007_s12221-021-2344-4_part_2.txt_¶Î1_Material2
[*]CC([*])Cl,[*]C(N(CN(C(OCOC(N(CN(C(OCCO[*])=O)[H])[H])=O)=O)[H])[H])=O,O=C(C1=CC=C(C([*])=O)C=C1)NC2=CCC(N[*])C=C2,,,1.6020599913279625,10.1016_j.matdes.2014.01.047_part_3.txt_¶Î1_Material1
[*]C(CCCCCO[*])=O,[*]NC(C(N1CCCC1C(NCC(N2CC(CC2C(NC(C(NCC([*])=O)=O)CO)=O)O)=O)=O)=O)CCCCN,OCC1OC(C(C(C1[*])O)O)OC2C(C(C(OC2CO)O[*])O)O,,,1.7885925559203597,10.1007_s00289-019-02756-5_part_3.txt_¶Î1_Material1
[*]C(C[*])C(N(C)C)=O,O=C(C1=CC=C(C=C1)OCCOC(C=C)=O)C(C)(C)O,,,,2.6434526764861874,10.1016_j.eurpolymj.2016.05.019_part_1.txt_¶Î1_Material1
O=C([*])CCCCCCCCCCC(NCCCCCCN[*])=O,,,,,1.824125833916549,10.1007_s10904-016-0466-8_part_5.txt_¶Î1_Material1
O=C([*])CCCCCN[*],[*]CC(C#N)[*],OC1=C2C(C3(O)C4C5C6=C7C8C(C9=CC(C(O)=O)=C(C=C(C=C%10C(O)=O)C%11%12)C(C%11=C%13C%14C%15%16C%17(O%16)C%18C%19=C%20C%21=C%22C(C(O)=C%23)=C%24C%25C%21=C%26C%19=C%27C%17=C%28C%14(O)C%12=C%10C=C%28CC%27=CC%26=CC%25=C(C(O)=O)C=C%24)C9=C7C%13(O)C5=C%15C3=C%18C%29%30C%20(O%30)C%31C%22C%23=C%32)=CC(C(O)=O)=CC8=CC6=C(C(O)=O)C4=C2)=C%29C%33=C%31C%32=C(C(O)=O)C=C%331,,,1.354108439147401,10.1007_s00289-021-03769-9_part_3.txt_¶Î1_Material2
[*]NC(C(N1CCCC1C(NCC(N2CC(CC2C(NC(C(NCC([*])=O)=O)CO)=O)O)=O)=O)=O)CCCCN,C=C([CH3])C(=O)O[CH3],,,,0.8549130223078556,10.1080_1023666x.2016.1176638_part_2.txt_¶Î1_Material3
[*]C(C)C[*],O=C([*])C1=CC=C2C=C(C=CC2=C1)OC(C3=CC=C(C=C3)O[*])=O,,,,0.7781512503836436,10.1007_s10965-012-9843-3_part_2.txt_¶Î1_Material3
[*]NC(C)C(N1CCCC1C([*])=O)=O,CC[C@H](C)[C@H](NC(=O)[C@H](CC(C)C)NC(C)=O)C(=O)NCC(=O)N[C@H](C(=O)N1CCC[C@H]1C(=O)NC)C(C)C,,,,0.7075701760979364,10.1016_j.actbio.2020.06.002_part_3.txt_¶Î1_Material1
[*]CC[*],[*]CC[*],[*]CC[*],,,0.6989700043360189,10.1002_pc.23524_part_3.txt_¶Î1_Material3
[*]CC(C#N)[*],O=C(C1=CC=C(C=C1)C(OCC[*])=O)O[*],,,,1.1760912590556811,10.1080_01932691.2018.1505528_part_2.txt_¶Î1_Material5
[*]CC(C#N)[*],O=CN(C)C,,,,0.8808135922807914,10.1016_j.polymer.2013.05.051_part_1.txt_¶Î1_Material4
O=C(O[Na])COCC(OC(C(C1O)O)[*])C1OC(C(C(C2O[*])O)O)OC2COCC(O[Na])=O,[*]CC(C#N)[*],,,,1.4983105537896004,10.1007_s10965-018-1659-3_part_2.txt_¶Î1_Material1
[*]CC[*],[*]C(C)C[*],[*]CC(C1=CC=CC=C1)[*],,,1,10.1016_j.polymdegradstab.2017.11.001_part_5.txt_¶Î1_Material1
[*]C(C)C[*],[*]NCCCCCCCCCCCC([*])=O,O=[Al]O[Al]=O.O=[Si]=O.O=[Si]=O.O=[Si]=O,,,1.57978359661681,10.1002_pen.24631_part_2.txt_¶Î1_Material2
OCC1OC(OC2C(O)C(O)C(O[*])OC2CO)C(O)C(O)C1[*],OCC(O)CO,,,,1.4771212547196624,10.3390_polym12112554_part_3.txt_¶Î1_Material1
[*]C(C(OC(CO[*])=O)C)=O,O=C([*])C(C)O[*],,,,1.783903579272735,10.1002_app.36757_part_2.txt_¶Î1_Material1
OP(O)(O)=O,[*]NC(C(N1CCCC1C(NCC(N2CC(CC2C(NC(C(NCC([*])=O)=O)CO)=O)O)=O)=O)=O)CCCCN,,,,1.2253092817258628,10.1002_app.48881_part_2.txt_¶Î1_Material1
OCC(C(C(C1N)O)O[*])OC1OC2C(OC(C(C2O)N)[*])CO,CC(=O)O,OCC(O)CO,,,0.9731278535996988,10.3390_polym13050767_part_2.txt_¶Î1_Material2
OCC1OC(C(C(C1O)O[*])O)OC2C(C(C(OC2COS(=O)(O)=O)[*])NC(C)=O)O,O=C(O[Na])COCC(OC(C(C1O)O)[*])C1OC(C(C(C2O[*])O)O)OC2COCC(O[Na])=O,,,,1.021189299069938,10.4028_www.scientific.net_amr.647.190_part_1.txt_¶Î1_Material1
OCC1OC(C(C(C1[*])O)O)OC2C(C(C(OC2CO)O[*])O)O,[H][O-],CCO,,,1.2624510897304295,10.1002_adma.202000682_part_2.txt_¶Î1_Material1
O=C([*])C(C)O[*],O=C=NC(C=C1)=CC=C1CC2=CC=C(C=C2)N=C=O,,,,2.322219294733919,10.1016_j.polymertesting.2017.03.009_part_2.txt_¶Î1_Material1
O=C(O[*])CCCCCCCCCCN[*],O=C(CCCCC(NCCCCCCCCCCN[*])=O)[*],,,,2.123851640967086,10.1016_j.polymer.2013.10.013_part_2.txt_¶Î1_Material1
[*]C([H])([H])C(O)([H])[*],[Mg],,,,2.655618583541222,10.1007_s11581-017-1988-y_part_2.txt_¶Î1_Material1
O=C([*])CCCCCN[*],O=C([*])OC1=CC=C(C=C1)C(C)(C)C2=CC=C(C=C2)O[*],,,,1.944482672150169,10.1016_j.polymdegradstab.2014.12.021_part_1.txt_¶Î1_Material3
[*]C([H])([H])C(O)([H])[*],[*]C1=CC(C2=NC3=CC(C4=CC=C5N=C([*])NC5=C4)=CC=C3N2)=CC=C1,[*]NC(C(N1CCCC1C(NCC(N2CC(CC2C(NC(C(NCC([*])=O)=O)CO)=O)O)=O)=O)=O)CCCCN,,,1.255272505103306,10.1016_j.memsci.2017.04.021_part_2.txt_¶Î1_Material1
[*]C(CCCCCO[*])=O,COC1=CC(/C=C/C=O)=CC(OC2=CC(C(C(OC3=CC=C(C=C3OC)C(C(CO)=O)O)CO)O)=CC=C2OC4=CC(C(C(COC5=CC=C(C=C5)C(C(CO)=O)O)=O)O)=CC=C4O)=C1,,,,1.8584168777234884,10.1021_acssuschemeng.7b00288_part_3.txt_¶Î1_Material1
[*]CC([*])Cl,[*]C([H])([H])C(O)([H])[*],[*]C([H])([H])C(O)([H])[*],,,2.4396484295634737,10.4028_www.scientific.net_amm.411-414.2993_part_1.txt_¶Î1_Material1
[*]CC[*],[*]C([C@H](C)OC([C@H](C)O[*])=O)=O,[*]OCC[*],,,2.167317334748176,10.1515_polyeng-2013-0174_part_1.txt_¶Î1_Material1
[*]C(NC1=C(C)C(NC(OCCO[*])=O)=CC=C1)=O,[*]C1=C(C=CN2)C2=C([*])C(O)=C1O,O=P([O-])([O-])[O-].[Ca+2].[Ca+2].[OH-],,,2.376576957056512,10.1515_polyeng-2019-0219_part_2.txt_¶Î1_Material1
[*]C(N(CN(C(OCOC(N(CN(C(OCCO[*])=O)[H])[H])=O)=O)[H])[H])=O,C[Si](C)(C[*])O[*],[*]CCCC([*])C(OC)=O,,,2.7993405494535817,10.1002_app.45164_part_1.txt_¶Î1_Material1
[*]CC(C#N)[*],C12=C3C(C=CC4C3=C5C(CC6=CC7=C8C9=C(C(C=C%10)=CC=C9C=C7)C%11=C%10C%12)=CC4)=CC=C1C=C%12C%13=C%11C8=C6C5=C2%13,,,,1.4219328132785083,10.1166_jnn.2018.15194_part_1.txt_¶Î1_Material1
O=C([*])C(C)O[*],[*]OCC[*],O=[Mg].O=[Si]=O.O=[Si]=O.O=[Si]=O.O=[Si]=O.O=[Mg].O=[Mg].O,,,0.9731278535996988,10.1007_s10973-015-4997-y_part_2.txt_¶Î1_Material1
[*]CC(OC(O[*])=O)C,[*]C1C(C(C(OC1C(O[Na])=O)OC2C(C(O[Na])=O)OC(O[*])C(O)C2O)O)O,[*]C1C(C(C(OC1C(O[Na])=O)OC2C(C(O[Na])=O)OC(O[*])C(O)C2O)O)O,,,2.0791812460476247,10.1016_j.carbpol.2011.06.023_part_1.txt_¶Î1_Material1
[*]CC1C(C(CO)(C[*])CCC1)=O,[*]CC(CC[*])O,,,,2.4771212547196626,10.1002_app.49537_part_1.txt_¶Î1_Material1
[*]C(C)C[*],[*]C1=CC=C([*])N1,[*]C(C)C[*],,,1.0770043267933502,10.1080_03602559.2014.909472_part_2.txt_¶Î1_Material1
[*]CC(C#N)[*],[Fe]12O[Fe]O[Fe](O2)O1,,,,0.8450980400142568,10.1016_j.polymer.2014.06.028_part_1.txt_¶Î1_Material1
OCC(C(C(C1N)O)O[*])OC1OC2C(OC(C(C2O)N)[*])CO,[*]C([H])([H])C(O)([H])[*],OC[C@@H]([C@H]([C@@H]([C@@H](CO)O)O)O)O,,,1.3979400086720375,10.1163_156855411x610232_part_6.txt_¶Î1_Material1
[*]NC(C(N1CCCC1C(NCC(N2CC(CC2C(NC(C(NCC([*])=O)=O)CO)=O)O)=O)=O)=O)CCCCN,OC1C(C(OC(C1O)OC2C(OC(C(C2O)O)OC3C(C(C(OC3C(OC)=O)OC4C(OC(C(C4O)O)[*])C(O)=O)O)O)C(OC)=O)C(O)=O)O[*],OC[C@@H]([C@H]([C@@H]([C@@H](CO)O)O)O)O,,,1.2966651902615312,10.1111_jfpp.14480_part_2.txt_¶Î1_Material1
FC(F)([*])C([H])([*])[H],C=C([CH3])C(=O)O[CH3],O=[Ti]=O,,,2.3010299956639813,10.1002_app.40454_part_1.txt_¶Î1_Material1
C[Si](C)(C[*])O[*],O=[Ti]=O,,,,1.57978359661681,10.1016_j.matchemphys.2018.11.011_part_4.txt_¶Î1_Material1
OP(O)(O)=O,[*]OC(CC(OC(CC([*])=O)CC)=O)C,,,,1.3096301674258988,10.1002_app.42815_part_2.txt_¶Î1_Material1
[*]OC1C(C(O)=O)OC(OC2C(NC(C)=O)C([*])OC(CO)C2O)C(O)C1O,[*]OCC[*],O=[Ti]=O,,,1.167317334748176,10.1002_pen.24884_part_2.txt_¶Î1_Material1
C/C(C[*])=C/C[*],[Ti](OCCCC)(OCCCC)(OCCCC)OCCCC,,,,2.630427875025024,10.1504_ijmpt.2013.058934_part_2.txt_¶Î1_Material1
FC(F)([*])C([H])([*])[H],[*]C(CCCCCO[*])=O,,,,1.99312748510571,10.1016_j.nanoen.2019.104411_part_7.txt_¶Î1_Material1
[*]C([C@H](C)OC([C@H](C)O[*])=O)=O,[*]C(C=C1)=CC=C1S[*],,,,2.0791812460476247,10.1002_pol.20190192_part_2.txt_¶Î1_Material1
[*]C([H])([H])C(O)([H])[*],OCC1OC(C(C(C1O[*])O)O)[*],,,,1.4771212547196624,10.1080_15685543.2014.966023_part_3.txt_¶Î1_Material1
[*]C(CCCCCO[*])=O,[*]C([H])([H])C(O)([H])[*],[Ag+],,,1.944482672150169,10.1007_s12221-016-6813-0_part_1.txt_¶Î1_Material1
[*]CC(CC=CCC([*])C1=CC=CC=C1)C#N,O=[Si]=O,,,,0.9493900066449128,10.1007_s13726-021-00962-5_part_2.txt_¶Î1_Material1
O=C([*])C(C)O[*],O=C([*])C(C)O[*],OC(C(C)(CC(C1=CC=CC=C1)[*])CC(C[*])(C(OCC2CO2)=O)C)=O,,,1.0863598306747482,10.1002_app.49720_part_1.txt_¶Î1_Material1
O=C(C(C[*])[*])N,[Fe+3],,,,2.8000293592441343,10.1007_s10570-020-03463-5_part_3.txt_¶Î1_Material1
[*]CC(C1=CC=CC=C1)C/C=C/C[*],[*]C(C)C[*],,,,2.8369567370595505,10.1002_app.46580_part_2.txt_¶Î1_Material1
O=C([*])C(C)O[*],[*]C(C)C[*],[*]C(C)C[*],,,1.3010299956639813,10.1016_j.progpolymsci.2018.07.001_part_5.txt_¶Î1_Material1
OC(C(C1OC2OC(C(C(C2O)O)OC3OC(C(C(C3O)O)O)COC4OC(C(C(C4O)O)OC5OC(C(C(C5O)O)OC6OC(C(C(C6O)O[*])O)C)CO)CO)CO)O[*])COC1CO,O=[Al]O[Al]=O.O=[Si]=O.O=[Si]=O.O=[Si]=O,,,,1.666049738480516,10.1515_ijfe-2019-0030_part_2.txt_¶Î1_Material4
[*]CCC1C([*])C2CCC1C2,C12=CC3=CC4=CC=CN=C4N=C3N=C1N=C5N=C6N=CC=CC6=CC5=C2,,,,2,10.1016_j.compositesb.2014.05.010_part_2.txt_¶Î1_Material2
FC(F)([*])C([H])([*])[H],[*]C1OC(CCC)OC(C[*])C1,,,,1.809559714635268,10.1002_mame.201600272_part_2.txt_¶Î1_Material1
[*]C([C@H](C)OC([C@H](C)O[*])=O)=O,[*]C(CCCCCO[*])=O,[*]C(CCCCCO[*])=O,,,1.4323277922616042,10.1007_s10965-020-02206-1_part_1.txt_¶Î1_Material1
[*]C(CCCCCO[*])=O,OCC1OC(C(C(C1O[*])O)NC(C)=O)OC2C(O)C(C(OC2CO)[*])NC(C)=O,,,,2.085290578230065,10.1155_2012_635212_part_2.txt_¶Î1_Material1
O=C([*])CCCCCN[*],[*]C(C)C[*],O=[Si]=O,,,0.6901960800285137,10.1016_j.matpr.2020.05.643_part_1.txt_¶Î1_Material5
[*]C/C=C/CCC(C=C)CC([*])C1=CC=CC=C1,C/C(C[*])=C/C[*],O=[Si]=O,,,2.406540180433955,10.1016_j.compscitech.2018.02.025_part_4.txt_¶Î1_Material2
O=C([*])C(C)O[*],[*]OC1C(O)C(O)C(OC2C(CO)OC([*])C(O)C2O)OC1CO,,,,0.6454222693490919,10.1142_s0217979218400842_part_1.txt_¶Î1_Material3
O=C([*])CCCCCO[*],O=[Ti]=O,,,,2.647969458362972,10.3390_polym13122017_part_3.txt_¶Î1_Material5
O=C([*])C(C)O[*],O1C(=O)C=CC1=O,,,,1.307496037913213,10.4028_www.scientific.net_amr.345.70_part_1.txt_¶Î1_Material1
[*]CCCC([*])OC(C)=O,O=[Ti]=O,,,,1.0086001717619175,10.1002_vnl.21735_part_2.txt_¶Î1_Material1
OCC(C(C(C1N)O)O[*])OC1OC2C(OC(C(C2O)N)[*])CO,[*]C([H])([H])C(O)([H])[*],CC(=O)O,OCC(O)CO,,1.6273658565927327,10.3390_polym13050767_part_2.txt_¶Î1_Material1
[*]CC([*])Cl,[*]C(CCCCCO[*])=O,O=[Ti]=O,,,2.4771212547196626,10.1021_acs.macromol.8b02146_part_2.txt_¶Î1_Material2
[*]CC([*])Cl,[*]C(CCCCCO[*])=O,,,,2.505149978319906,10.1021_acs.macromol.8b02146_part_2.txt_¶Î1_Material1
O=C(CCCCC(N(CCCCCCN([*])[H])[H])=O)[*],[*]CC[*],,,,1.0240749873074262,10.1016_j.matpr.2020.04.463_part_2.txt_¶Î1_Material1
[*]C(C(OC(CO[*])=O)C)=O,[*]C(OCCCO[*])=O,,,,1.6927588181547242,10.1007_s00396-019-04595-2_part_2.txt_¶Î1_Material1
O=C([*])OC1=CC=C(C=C1)C(C)(C)C2=CC=C(C=C2)O[*],O=[Al]O[Al]=O.O=[Si]=O.O=[Si]=O.O=[Si]=O,,,,1.9294189257142929,10.1002_pat.3502_part_2.txt_¶Î1_Material1
[*]C(F)(C(F)([*])F)F,[*]C(C)C[*],,,,1.505149978319906,10.3390_coatings11070830_part_2.txt_¶Î1_Material1
OCC(C(C(C1N)O)O[*])OC1OC2C(OC(C(C2O)N)[*])CO,[*]OC(C(C1O)O)OC(COC)C1OC(OC(C(C2O)OC3OC(C(C(C3OC)O)OC4OC(C(C(C4OC)O)[*])COC)CO)COC)C2OCC(OC)C,,,,1.2617385473525378,10.1007_s10570-015-0603-5_part_3.txt_¶Î1_Material1
[*]CCCC[*],[*]CCCCO[*],,,,2.714329759745233,10.1002_polb.24243_part_2.txt_¶Î1_Material1
[*]CC[*],O=[Mg].O=[Si]=O.O=[Si]=O.O=[Si]=O.O=[Si]=O.O=[Mg].O=[Mg].O,[C],,,1.155336037465062,10.1002_app.38945_part_1.txt_¶Î1_Material1
[*]CC[*],[*]CCCC(C1C([*])C2CC1C/C2=C/C)C,,,,2,10.1134_s1995421219020084_part_1.txt_¶Î1_Material1
O=C([*])CCCCCN[*],OCC1OC(OC2C(O)C(O)C(O[*])OC2CO)C(O)C(O)C1[*],,,,0.6812412373755872,10.1007_s10924-014-0676-5_part_2.txt_¶Î1_Material1
[*]C(N(CN(C(OCOC(N(CN(C(OCCO[*])=O)[H])[H])=O)=O)[H])[H])=O,[*]O[C@@]([H])(C)C(O[C@](C)([H])C([*])=O)=O,[*]C([C@H](C)OC([C@H](C)O[*])=O)=O,,,1.2452658394574612,10.1002_app.51014_part_2.txt_¶Î1_Material3
[*]OCC[*],[*]C1C(OC(C(C1O)O)OC2C(OC(C(C2O)O)O[*])CO)CO,,,,0.380211241711606,10.1002_app.48928_part_1.txt_¶Î1_Material1
[*]C1=C2C(OCCO2)=C([*])S1,[*]CC(C1=CC=C(C=C1)S(=O)([O-])=O)[*],,,,1.5563025007672873,10.1016_j.polymer.2019.06.002_part_3.txt_¶Î1_Material1
O=C([*])CCCCCN[*],O=C(OOC(=O)C1=CC=CC=C1)C1=CC=CC=C1,,,,1.505149978319906,10.1007_s12221-013-1595-0_part_1.txt_¶Î1_Material3
[*]CC(C#N)[*],O=C([*])CCCCCN[*],,,,1.6532125137753435,10.1021_acsami.6b10094_part_5.txt_¶Î1_Material1
[*]C1C(OC(C(C1O)O)OC2C(OC(C(C2O)O)O[*])CO)CO,[*]C(CCCCC(OCCCCOC(C1=CC=C(C(OCCCCO[*])=O)C=C1)=O)=O)=O,,,,2.7634279935629373,10.1002_star.201900098_part_3.txt_¶Î1_Material1
[*]OCC[*],O=C(O)C([*])C[*],,,,3.012837224705172,10.1021_acs.iecr.0c00989_part_2.txt_¶Î1_Material1
FC(F)([*])C([H])([*])[H],FC(F)([*])C([H])([*])[H],,,,2.431363764158988,10.4028_www.scientific.net_amr.518-523.768_part_1.txt_¶Î1_Material1
OCC(C(C(C1N)O)O[*])OC1OC2C(OC(C(C2O)N)[*])CO,O=P([O-])([O-])[O-].[Ca+2].[Ca+2].[OH-],,,,1.2787536009528289,10.1002_jbm.a.35451_part_2.txt_¶Î1_Material2
[*]CC(COC1=CC=C(C=C1)C(C)(C)C2=CC=C(C=C2)O[*])O,O=C([CH3])[CH3],,,,0.6532125137753437,10.1016_j.polymertesting.2020.106492_part_1.txt_¶Î1_Material1
[*]OCCOC(CC(C([*])=O)C(C1CCCCC1)CC(CC(O)=O)C(OCCO)=O)=O,OCC1OC(C(C(C1[*])O)O)OC2C(C(C(OC2CO)O[*])O)O,,,,0.6334684555795865,10.1016_j.compscitech.2015.07.004_part_4.txt_¶Î1_Material1
[*]C(CCCCCO[*])=O,[*]NC(C(N1CCCC1C(NCC(N2CC(CC2C(NC(C(NCC([*])=O)=O)CO)=O)O)=O)=O)=O)CCCCN,C1OC1C[N+]([CH3])([CH3])[CH3].[Cl-],[*]OCC[*],,1.954242509439325,10.1016_j.ijbiomac.2017.05.004_part_3.txt_¶Î1_Material3
[*]C(CCCCCO[*])=O,[*]C(C(OC(CO[*])=O)C)=O,,,,1.6989700043360187,10.1007_s10856-011-4402-8_part_2.txt_¶Î1_Material1
[*]CC(COC1=CC=C(C=C1)C(C)(C)C2=CC=C(C=C2)O[*])O,COC(C(C[*])([*])C)=O,,,,1.0681858617461617,10.1002_pen.24558_part_1.txt_¶Î1_Material1
[*]CC[*],OCC1OC(OC2C(O)C(O)C(O[*])OC2CO)C(O)C(O)C1[*],,,,0.7781512503836436,10.1177_0892705717753056_part_2.txt_¶Î1_Material1
[*]C(C)C[*],O=C(C1=CC=C(C=C1)C(OCC[*])=O)O[*],[*]CC(CCCC(CC)CC([*])C1=CC=CC=C1)C2=CC=CC=C2,,,1.0681858617461617,10.1016_j.polymdegradstab.2019.05.012_part_1.txt_¶Î1_Material2
C[Si](C)(C[*])O[*],[O-][Si]([O-])([O-])O[Si]([O-])([O-])[O-].[Ca+2],,,,1.8530895298518653,10.3390_mi11060617_part_1.txt_¶Î1_Material1
[*]C(N(CN(C(OCOC(N(CN(C(OCCO[*])=O)[H])[H])=O)=O)[H])[H])=O,O=C(CC(/C=C/C1=CC=C(C(OC)=C1)O)=O)/C=C/C2=CC=C(O)C(OC)=C2,,,,2.60388020836629,10.1016_j.reactfunctpolym.2018.05.005_part_1.txt_¶Î1_Material3
[*]NCC(NC(C(ONCC(NC(C(NCC(NC(C([*])=O)C)=O)=O)C)=O)=O)CO)=O,[*]NC1=CC=C([*])C=C1,,,,1.084576277934331,10.1016_j.synthmet.2017.12.002_part_2.txt_¶Î1_Material2
O=C([*])C(C)O[*],OCC1OC(C(C(C1O[*])O)O)[*],,,,0.4471580313422192,10.1177_0892705711425846_part_2.txt_¶Î1_Material2
[*]NC(C)C(N1CCCC1C([*])=O)=O,[O-][Si]([O-])([O-])O[Si]([O-])([O-])[O-].[Ca+2],,,,1.0086001717619175,10.1002_jbm.a.36102_part_2.txt_¶Î1_Material2
OS(=O)(OOS(O)(=O)=O)=O.N.N,[*]OCC[*],,,,1.968482948553935,10.1016_j.eurpolymj.2015.09.013_part_1.txt_¶Î1_Material1
[*]CC([*])Cl,[*]C(C)C[*],,,,0.9982593384236988,10.1080_00914037.2010.531822_part_2.txt_¶Î1_Material1
[*]C([H])([H])C(O)([H])[*],FC(F)([*])C([H])([*])[H],,,,1.9912260756924949,10.1007_s11581-016-1925-5_part_1.txt_¶Î1_Material2
C/C(C[*])=C/C[*],OP(O)(O)=O,,,,2.311753861055754,10.1002_app.46541_part_1.txt_¶Î1_Material1
[*]CC([*])N1CCCC1=O,OC1=C2C(C3(O)C4C5C6=C7C8C(C9=CC(C(O)=O)=C(C=C(C=C%10C(O)=O)C%11%12)C(C%11=C%13C%14C%15%16C%17(O%16)C%18C%19=C%20C%21=C%22C(C(O)=C%23)=C%24C%25C%21=C%26C%19=C%27C%17=C%28C%14(O)C%12=C%10C=C%28CC%27=CC%26=CC%25=C(C(O)=O)C=C%24)C9=C7C%13(O)C5=C%15C3=C%18C%29%30C%20(O%30)C%31C%22C%23=C%32)=CC(C(O)=O)=CC8=CC6=C(C(O)=O)C4=C2)=C%29C%33=C%31C%32=C(C(O)=O)C=C%331,,,,1.6354837468149122,10.3390_polym13060913_part_2.txt_¶Î1_Material1
[*]C([C@H](C)OC([C@H](C)O[*])=O)=O,[*]CC(C(OCC)=O)[*],,,,2.023252459633712,10.1016_j.eurpolymj.2014.11.007_part_2.txt_¶Î1_Material1
[*]C(C1=CC=C(C(OCCCCO[*])=O)C=C1)=O,[*]CC(CC=CCC([*])C1=CC=CC=C1)C#N,[Mg],,,2,10.1002_app.35205_part_3.txt_¶Î1_Material1
O=C([*])CCCCCN[*],[*]CC([*])N1CCCC1=O,O=[Al]O[Al]=O.O=[Si]=O.O=[Si]=O.O=[Si]=O,,,1.3010299956639813,10.4028_www.scientific.net_kem.756.3_part_1.txt_¶Î1_Material1
[*]C(C1=CC=C(C(OCCCCO[*])=O)C=C1)=O,O=C(C1=CC=C(C=C1)C(OCC[*])=O)O[*],[C],,,2.225309281725863,10.1080_00405000.2015.1077022_part_2.txt_¶Î1_Material2
[*]NCC(NC(C(ONCC(NC(C(NCC(NC(C([*])=O)C)=O)=O)C)=O)=O)CO)=O,O=C([*])CCCCCO[*],,,,1.9960736544852755,10.1002_pat.3408_part_2.txt_¶Î1_Material1
[*]CC[*],[*]OC1C(C(O)=O)OC(OC2C(NC(C)=O)C([*])OC(CO)C2O)C(O)C1O,,,,1.989182751255548,10.1177_0021998315595711_part_3.txt_¶Î1_Material1
OCC(C(C(C1N)O)O[*])OC1OC2C(OC(C(C2O)N)[*])CO,[*]C(CCCCCO[*])=O,C1OC1C[N+]([CH3])([CH3])[CH3].[Cl-],[*]OCC[*],,2.0791812460476247,10.1016_j.ijbiomac.2017.05.004_part_3.txt_¶Î1_Material1
O=C(CCCCC(N(CCCCCCN([*])[H])[H])=O)[*],O=C([*])CCCCCN[*],[*]C(F)(C(F)([*])F)F,,,1.4324882557705063,10.1016_j.matpr.2021.08.296_part_1.txt_¶Î1_Material2
OC1C(C(OC(C1O)OC2C(OC(C(C2O)O)OC3C(C(C(OC3C(OC)=O)OC4C(OC(C(C4O)O)[*])C(O)=O)O)O)C(OC)=O)C(O)=O)O[*],OC(C(C1OC2OC(C(C(C2O)O)OC3OC(C(C(C3O)O)O)COC4OC(C(C(C4O)O)OC5OC(C(C(C5O)O)OC6OC(C(C(C6O)O[*])O)C)CO)CO)CO)O[*])COC1CO,,,,1.7678976160180906,10.1016_j.foodchem.2021.129022_part_1.txt_¶Î1_Material1
OCC1OC(C(C(C1O[*])O)NC(C)=O)OC2C(O)C(C(OC2CO)[*])NC(C)=O,[*]C1C(C(C(OC1C(O[Na])=O)OC2C(C(O[Na])=O)OC(O[*])C(O)C2O)O)O,,,,1.4313637641589874,10.1016_j.ijbiomac.2012.08.030_part_1.txt_¶Î1_Material1
[*]CC([*])Cl,[*]CC[*],,,,1.934498451243568,10.1002_vnl.21687_part_1.txt_¶Î1_Material1
[*]C(CCCCCO[*])=O,[*]NC(C)C(N1CCCC1C([*])=O)=O,OCC(C(C(C1N)O)O[*])OC1OC2C(OC(C(C2O)N)[*])CO,,,2.0253058652647704,10.1016_j.carbpol.2020.117438_part_1.txt_¶Î1_Material1
C=C([CH3])C(=O)O[CH3],[*]CC[*],,,,0.6127838567197355,10.1021_ie4043196_part_1.txt_¶Î1_Material1
[*]C1C(OC(C(C1O)O)OC2C(OC(C(C2O)O)O[*])CO)CO,[*]OCCCCOC(CCC([*])=O)=O,O=C([*])C(C)O[*],,,2.6794278966121188,10.3390_jcs5020048_part_1.txt_¶Î1_Material1
[*]C([H])([H])C(O)([H])[*],O=S([CH3])[CH3],,,,2.4913616938342726,10.1016_j.msec.2017.02.045_part_1.txt_¶Î1_Material1
FC(F)([*])C([H])([*])[H],[*]CC(CC=CCC([*])C1=CC=CC=C1)C#N,C=C([CH3])C(=O)O[CH3],,,1.255272505103306,10.1039_c4cp04481a_part_4.txt_¶Î1_Material2
O=C([*])CCCCCN[*],[*]OCC[*],O=C(CCCCC(N(CCCCCCN([*])[H])[H])=O)[*],,,1.7944880466591695,10.1002_app.36676_part_2.txt_¶Î1_Material1
O=C([*])C(C)O[*],[*]C1C(O)C(O)C(OC2C(O)C(O)C(O[*])OC2COC(C)=O)OC1COC(C)=O,,,,0.5910646070264992,10.1007_s10924-016-0785-4_part_1.txt_¶Î1_Material2
[*]NC(C(N1CCCC1C(NCC(N2CC(CC2C(NC(C(NCC([*])=O)=O)CO)=O)O)=O)=O)=O)CCCCN,[*]NC(C)C(N1CCCC1C([*])=O)=O,[*]C(CCCCCO[*])=O,,,1.0293837776852095,10.7717_peerj.6358_part_2.txt_¶Î1_Material1
[*]CCCC([*])OC(C)=O,C[Si](O[*])(C)[*],,,,2.449169732165201,10.1007_s13233-018-6134-9_part_1.txt_¶Î1_Material2
[*]C(C)C[*],O=[Ca].[O-][Si]([O-])([O-])[O-].[Ca+2].[Ca+2],,,,0.7895807121644255,10.1007_s42107-019-00120-6_part_2.txt_¶Î1_Material3
[*]OC(CC(OC(CC([*])=O)CC)=O)C,[Zn]=O,,,,2.0056094453602804,10.1515_pac-2016-0811_part_2.txt_¶Î1_Material4
[*]CC(C#N)[*],[*]OC1C(O)C(O)C(OC2C(CO)OC([*])C(O)C2O)OC1CO,,,,1.5538830266438743,10.1177_0040517517693982_part_1.txt_¶Î1_Material2
OCC1OC(C(C(C1[*])O)O)OC2C(C(C(OC2CO)O[*])O)O,OCC1OC(C(C(C1O[*])O)NC(C)=O)OC2C(O)C(C(OC2CO)[*])NC(C)=O,,,,0.7160033436347992,10.1016_j.carbpol.2015.05.065_part_1.txt_¶Î1_Material1
[*]C(N(CN(C(OCOC(N(CN(C(OCCO[*])=O)[H])[H])=O)=O)[H])[H])=O,[*]C(OCCCO[*])=O,,,,2.830588668685144,10.1021_bm2007218_part_2.txt_¶Î1_Material2
[*]OC(CC(OC(CC([*])=O)CC)=O)C,[*]C(C)C[*],[*]C(C)C[*],,,0.7993405494535817,10.1179_1432891714z.000000000805_part_1.txt_¶Î1_Material1
[*]C([H])([H])C(O)([H])[*],O=C(O)C([*])C[*],[Fe+3],,,3.1367205671564067,10.1016_j.polymer.2020.123039_part_2.txt_¶Î1_Material1
[*][C@H]1[C@H](O)[C@@H](O)[C@H](OC2C(O)C(OC(C)=O)C(O[*])OC2CO)O[C@@H]1CO,[*]C(CCCCCO[*])=O,,,,1.907948521612272,10.1177_0885328214542488_part_2.txt_¶Î1_Material1
[*]CC(CC=CCC([*])C1=CC=CC=C1)C#N,O=[Al]O[Al]=O.O=[Si]=O.O=[Si]=O.O=[Si]=O,,,,1.3424226808222062,10.1021_acsomega.0c02803_part_2.txt_¶Î1_Material1
[*]CC([*])Cl,[*]CC(C#N)[*],[H][O-],,,1.717670503002262,10.1007_s13726-017-0568-3_part_3.txt_¶Î1_Material4
[*]CC(COC1=CC=C(C=C1)C(C)(C)C2=CC=C(C=C2)O[*])O,NC1=NC2=C(N=CN2C2O[C@H](COP(=O)(O)OP(=O)(O)O)[C@H](O)[C@@H]2O)C(=O)N1,[*]C(C1=CC=CC=C1)CC2C(OC(C2[*])=O)=O,,,1.0969100130080565,10.1002_pc.25896_part_2.txt_¶Î1_Material1
OCC(C(C(C1N)O)O[*])OC1OC2C(OC(C(C2O)N)[*])CO,[Ag+],,,,1.3010299956639813,10.1016_j.ijbiomac.2018.07.060_part_2.txt_¶Î1_Material2
[*]NCC(NC(C(ONCC(NC(C(NCC(NC(C([*])=O)C)=O)=O)C)=O)=O)CO)=O,[*]C1=C2C(OCCO2)=C([*])S1,,,,1.812913356642856,10.1515_epoly-2022-0004_OA_part_2.txt_¶Î1_Material1
[*]C(C)C[*],[*]OC(CC(OC(CC([*])=O)CC)=O)C,,,,1.9242792860618816,10.1002_app.37957_part_2.txt_¶Î1_Material1
[*]CC[*],[*]OC(CC(OC(CC([*])=O)CC)=O)C,,,,1.9242792860618816,10.1002_app.37957_part_2.txt_¶Î1_Material2
[*]CCCCO[*],[*]CCCC[*],,,,2.941014243705569,10.1002_polb.24243_part_2.txt_¶Î1_Material2
[*]CC[*],[*]C1OC(CCC)OC(C[*])C1,,,,2.1760912590556813,10.1016_j.memsci.2015.09.034_part_1.txt_¶Î1_Material1
[*]CC(C#N)[*],[Ni],,,,1.4913616938342726,10.1039_c5py01344e_part_6.txt_¶Î1_Material1
C[Si](C)(C[*])O[*],O=[Al]O[Al]=O.O=[Si]=O.O=[Si]=O.O.O,,,,2.096910013008056,10.1016_j.polymer.2019.03.075_part_1.txt_¶Î1_Material2
O=C([*])C(C)O[*],[*]C1C(OC(C(C1O)O)OC2C(OC(C(C2O)O)O[*])CO)CO,OCC(O)CO,,,1.7323937598229686,10.3144_expresspolymlett.2020.63_part_1.txt_¶Î1_Material1
[*]OCCCOC(C1=CC=C(C([*])=O)C=C1)=O,[*]CC[*],,,,1.7781512503836436,10.1002_masy.201800104_part_2.txt_¶Î1_Material1
[*]C([H])([H])C(O)([H])[*],[*]C1=CC=C([*])N1,O=S(O)(O)=O,,,2.041392685158225,10.1016_j.jallcom.2019.07.144_part_3.txt_¶Î1_Material1
O=C([*])C(C)O[*],[Cu],,,,1,10.3389_fmats.2019.00280_part_1.txt_¶Î1_Material2
[Ag],O=C(C(C[*])[*])N,,,,3.532244643626582,10.1016_j.carbpol.2018.07.070_part_2.txt_¶Î1_Material1
O=C([*])C(C)O[*],[*]C(CCCCCO[*])=O,OC1=C2C(C3(O)C4C5C6=C7C8C(C9=CC(C(O)=O)=C(C=C(C=C%10C(O)=O)C%11%12)C(C%11=C%13C%14C%15%16C%17(O%16)C%18C%19=C%20C%21=C%22C(C(O)=C%23)=C%24C%25C%21=C%26C%19=C%27C%17=C%28C%14(O)C%12=C%10C=C%28CC%27=CC%26=CC%25=C(C(O)=O)C=C%24)C9=C7C%13(O)C5=C%15C3=C%18C%29%30C%20(O%30)C%31C%22C%23=C%32)=CC(C(O)=O)=CC8=CC6=C(C(O)=O)C4=C2)=C%29C%33=C%31C%32=C(C(O)=O)C=C%331,,,1.840921200198772,10.1002_app.45373_part_3.txt_¶Î1_Material3
O=C([*])CCCCCN[*],[*]CCN[*],,,,1.2430380486862944,10.1016_j.polymer.2019.03.013_part_1.txt_¶Î1_Material1
O=C(C1=CC=C(C=C1)C(OCC[*])=O)O[*],[*]OCCCOC(C1=CC=C(C([*])=O)C=C1)=O,,,,2.335858911319818,10.4028_www.scientific.net_amr.332-334.239_part_1.txt_¶Î1_Material1
[*]C(CCCCC(OCCCCO[*])=O)=O,[*]C1C(OC(C(C1O)O)OC2C(OC(C(C2O)O)O[*])CO)CO,C=C([CH3])C(=O)OC([CH3])[CH3],,,2.7466341989375787,10.1007_s12221-016-6379-x_part_2.txt_¶Î1_Material1
[*]NC(C)C(N1CCCC1C([*])=O)=O,[*]C([H])([H])C(O)([H])[*],,,,1.9030899869919435,10.1016_j.actbio.2017.11.017_part_3.txt_¶Î1_Material1
O=C([*])C(C)O[*],[*]CC[*],OCC1OC(OC2C(O)C(O)C(O[*])OC2CO)C(O)C(O)C1[*],,,0.8129133566428556,10.1016_j.compscitech.2018.11.028_part_2.txt_¶Î1_Material1
[*]O[C@H](C)CC([*])=O,[*]OC1OC(CO)C(OC2C(O)C(O)C([*])C(CO)O2)C(O)C1O,,,,0.5440680443502757,10.1016_j.polymertesting.2013.10.011_part_1.txt_¶Î1_Material2
[*]C(C)C[*],[*]CC[*],O=C(O)CCCCCCCCCCCCCCCCC,,,2.106530853822381,10.3390_polym13030421_part_2.txt_¶Î1_Material2
FC(F)([*])C([H])([*])[H],[*]CC[*],[*]OCC[*],,,1.2594744195310754,10.1016_j.eurpolymj.2018.09.035_part_3.txt_¶Î1_Material1
O=C(C1=CC=C2C=C(C=CC2=C1)C([*])=O)OCCO[*],[*]CC(COC1=CC=C(C=C1)C(C)(C)C2=CC=C(C=C2)O[*])O,,,,0.6989700043360189,10.1002_app.36442_part_2.txt_¶Î1_Material1
[*]CC(OC(O[*])=O)C,[*]C1C(OC(C(C1O)O)OC2C(OC(C(C2O)O)O[*])CO)CO,,,,1.3502480183341627,10.1007_s00289-019-02762-7_part_1.txt_¶Î1_Material1
[*]C1C(O)C(O)C(OC2C(O)C(O)C(O[*])OC2COC(C)=O)OC1COC(C)=O,[*]C(CCCCCO[*])=O,,,,1.4927603890268375,10.1016_j.mtchem.2020.100358_part_2.txt_¶Î1_Material3
O=C(C(C[*])[*])N,[*]C1C(O)C(O)C(OC2C(O)C(O)C(O[*])OC2COCCO)OC1COCCO,,,,2.7781512503836434,10.1002_pen.24624_part_2.txt_¶Î1_Material2
[*]C(N(CN(C(OCOC(N(CN(C(OCCO[*])=O)[H])[H])=O)=O)[H])[H])=O,[Fe+3],,,,1.963315511386112,10.1016_j.porgcoat.2021.106153_part_2.txt_¶Î1_Material1
[*]C1C(C(C(OC1C(O[Na])=O)OC2C(C(O[Na])=O)OC(O[*])C(O)C2O)O)O,O=C(O[Na])COCC(OC(C(C1O)O)[*])C1OC(C(C(C2O[*])O)O)OC2COCC(O[Na])=O,,,,1.5976951859255124,10.1002_jsfa.7863_part_3.txt_¶Î1_Material1
O=C([*])CCCCCN[*],O=C1C([*])C(CC[*])C(O1)=O,,,,1.0791812460476249,10.1080_03602559.2016.1276593_part_8.txt_¶Î1_Material5
[*]C([H])([H])C(O)([H])[*],OC1C(O[*])C(C(O[Ca]O2)=O)OC(OC3C(O)C(O)C(OC4C(C(O[Ca]O5)=O)OC(OC6C(O)C(O)C(OC7C(C(O[Ca]O8)=O)OC(OC9C(O)C(O)C([*])OC9C8=O)C(O)C7O)OC6C5=O)C(O)C4O)OC3C2=O)C1O,O=C(C(C[*])[*])N,,,2.7781512503836434,10.1002_pen.25164_part_2.txt_¶Î1_Material1
CC(NC1C([C@@H](C(O[C@H]1O[*])CO)O[C@@H]2OC([C@H]([C@@H](C2NC(C)=O)O)[*])CO)O)=O,,,,,1.3010299956639813,10.3390_md17100575_part_2.txt_¶Î1_Material1
[*]CC(C1=CC=C(C=C1)S(O)(=O)=O)[*],[*]OCC[*],OCC(O)CO,,,2.1760912590556813,10.1002_adfm.202002853_part_2.txt_¶Î1_Material1
OCC(C(C(C1N)O)O[*])OC1OC2C(OC(C(C2O)N)[*])CO,[*]OCC1C(C(C(CC1CO)COCC2C(C(C(CC2CO)C[*])O)COCC3C(C(C(C(O3)CO)O)O)COCC4C(C(C(C(O4)C(O)=O)COCC5C(C(C(C(O5)C(O)=O)O)O)O)O)O)O)O,,,,1.370698092575577,10.1111_1750-3841.13653_part_2.txt_¶Î1_Material1
[*]C(NC1=C(C)C(NC(OCCO[*])=O)=CC=C1)=O,CCCCCC1OC1CC2OC2CCCCCCCC(OC(COC(CCCCCCCC3OC3CC4OC4CCCCC)=O)COC(CCCCCCCC5OC5CC6OC6CCCCC)=O)=O,,,,2.0791812460476247,10.1002_pen.24410_part_1.txt_¶Î1_Material3
[*]C(C1=CC=C(C(OCCCCO[*])=O)C=C1)=O,C=C(C(OCC1CO1)=O)C,,,,2,10.1007_s40242-015-5161-8_part_1.txt_¶Î1_Material1
[*]C(C)C[*],[*]CC(CC(C=C)([*])C)C1=CC=CC=C1,,,,2.2949069106051923,10.1007_s11223-021-00258-2_part_1.txt_¶Î1_Material1
[*]NC(C(N1CCCC1C(NCC(N2CC(CC2C(NC(C(NCC([*])=O)=O)CO)=O)O)=O)=O)=O)CCCCN,[*]C(CCCCCO[*])=O,[*]OCC[*],,,1.3010299956639813,10.1016_j.engreg.2021.03.002_part_1.txt_¶Î1_Material2
C=C([CH3])C(=O)O[CH3],C/C(C[*])=C/C[*],C/C(C[*])=C/C[*],,,1.9590413923210936,10.1007_s00289-018-2547-z_part_1.txt_¶Î1_Material1
[*]C1OC(CCC)OC(C[*])C1,[*]C(N(CN(C(OCOC(N(CN(C(OCCO[*])=O)[H])[H])=O)=O)[H])[H])=O,,,,2.60536970055632,10.3390_polym13142336_part_2.txt_¶Î1_Material3
O=C([*])C(C)O[*],[*][C@H]1[C@H](O)[C@@H](O)[C@H](OC2C(O)C(OC(C)=O)C(O[*])OC2CO)O[C@@H]1CO,O=[Mg].O=[Si]=O.O=[Si]=O.O=[Si]=O.O=[Si]=O.O=[Mg].O=[Mg].O,,,0.9444826721501688,10.1016_j.eurpolymj.2019.109286_part_5.txt_¶Î1_Material1
[*]CC[*],[*]C1=NC2=CC3=C(C=C2O1)OC(C4=CC=C(C=C4)[*])=N3,,,,1.2425414282983842,10.1002_app.47812_part_2.txt_¶Î1_Material1
[*]C(CCCCCO[*])=O,O=C=NCCCCCCN=C=O,[*]OCC[*],,,2.558708570533166,10.1155_2018_3240571_part_3.txt_¶Î1_Material3
[*]NC(C)C(N1CCCC1C([*])=O)=O,OC[C@@H]([C@H]([C@@H]([C@@H](CO)O)O)O)O,,,,1.255272505103306,10.1016_j.fbio.2016.12.002_part_1.txt_¶Î1_Material2
[*]C(C)C[*],CCCCCCCCCCCCOS([O-])(=O)=O.[Na+],,,,1.1945143418824673,10.1177_0892705711430430_part_3.txt_¶Î1_Material2
O=C([*])OC1=CC=C(C=C1)C(C)(C)C2=CC=C(C=C2)O[*],O=C([*])CCCCCN[*],,,,1.5563025007672873,10.1002_app.33449_part_1.txt_¶Î1_Material1
OP(O)(O)=O,[*]OCCCCOC(CCC([*])=O)=O,O=C=NCCCCCCN=C=O,,,1.7134905430939424,10.1016_j.polymer.2020.123248_part_2.txt_¶Î1_Material2
OC1C(C(OC(C1O)OC2C(OC(C(C2O)O)OC3C(C(C(OC3C(OC)=O)OC4C(OC(C(C4O)O)[*])C(O)=O)O)O)C(OC)=O)C(O)=O)O[*],[*]CC([*])N1CCCC1=O,OCC(O)CO,,,0.9513375187959175,10.1016_j.compositesb.2016.11.016_part_1.txt_¶Î1_Material3
O=S(C(C=C1)=CC=C1OC(C=C2)=CC=C2C(C)(C)C(C=C3)=CC=C3O[*])(C4=CC=C([*])C=C4)=O,O=CN(C)C,,,,1.2041199826559248,10.1007_s10965-013-0179-4_part_3.txt_¶Î1_Material1
O=C([*])CCCCCN[*],[*]CC[*],C=C([CH3])C(=O)OC([CH3])[CH3],,,1.414973347970818,10.1080_03602559.2016.1233280_part_3.txt_¶Î1_Material3
[*]NC(C1=CC=C2C(C(N(C2=O)C3=CC=C(C=C3)CC4=CC=C([*])C=C4)=O)=C1)=O,O=C([*])C1=CC=C(C=C1)OC2=CC=C(C=C2)OC3=CC=C(C=C3)[*],,,,1.6170003411208989,10.1016_j.polymertesting.2020.106733_part_2.txt_¶Î1_Material1
O=C(O[Na])COCC(OC(C(C1O)O)[*])C1OC(C(C(C2O[*])O)O)OC2COCC(O[Na])=O,O=[Al]O[Al]=O,,,,1.08278537031645,10.1016_j.progpolymsci.2018.07.006_part_18.txt_¶Î1_Material10
[*]OC1C(O)C(O)C(OC2C(CO)OC([*])C(O)C2O)OC1CO,OCC(C(C(C1N)O)O[*])OC1OC2C(OC(C(C2O)N)[*])CO,,,,1.1309766916056172,10.1108_rjta-17-04-2013-b008_part_2.txt_¶Î1_Material1
[*]C1C(C(C(OC1C(O[Na])=O)OC2C(C(O[Na])=O)OC(O[*])C(O)C2O)O)O,O=[Al]O[Al]=O.O=[Si]=O.O=[Si]=O.O=[Si]=O,,,,0.9758911364017928,10.1016_j.jfoodeng.2013.01.042_part_2.txt_¶Î1_Material1
C/C(C[*])=C/C[*],C=C([CH3])C(=O)O[CH3],,,,2.578639209968072,10.1155_2020_9037827_part_2.txt_¶Î1_Material1
[*]OC(CC(OC(CC([*])=O)CC)=O)C,[*]C([H])([H])C(O)([H])[*],,,,1.6364878963533651,10.1080_25740881.2021.1918162_part_3.txt_¶Î1_Material1
C=C([CH3])C(=O)O[CH3],[*]CC(CC=CCC([*])C1=CC=CC=C1)C#N,,,,0.9464522650130732,10.4236_jmmce.2012.114027_OA_part_2.txt_¶Î1_Material2
O=C([*])C(C)O[*],O=P([O-])([O-])[O-].[Ca+2].[Ca+2].[OH-],,,,1.4440447959180762,10.1016_j.ijbiomac.2021.07.073_part_2.txt_¶Î1_Material3
[*]CC(C#N)[*],N#CC(C1=CC=CC=N1)C1=CC=CC=C1,,,,1.4617985575251091,10.4028_www.scientific.net_amr.204-210.1295_part_1.txt_¶Î1_Material1
[*]OCCCOC(C1=CC=C(C([*])=O)C=C1)=O,C/C(C[*])=C/C[*],,,,1.6989700043360187,10.1021_acsomega.8b00490_part_2.txt_¶Î1_Material4
[*]CC(C#N)[*],[*]CC(C1=CC=C(C=C1)S(O)(=O)=O)[*],,,,1.5650209283452938,10.1002_app.39174_part_1.txt_¶Î1_Material1
[*]C(CCCCCO[*])=O,O=[Al]O[Al]=O.O=[Si]=O.O=[Si]=O.O=[Si]=O,,,,2.680380844501907,10.1002_vnl.21860_part_2.txt_¶Î1_Material2
[*]C(NC1=C(C)C(NC(OCCO[*])=O)=CC=C1)=O,O=C([*])CCCCCN[*],,,,1.9372670722114127,10.1002_app.50614_part_1.txt_¶Î1_Material1
[*]C(CCCCCO[*])=O,[*]NC(C)C(N1CCCC1C([*])=O)=O,,,,1.4563660331290431,10.1007_s12247-021-09568-z_part_2.txt_¶Î1_Material2
[*]C(CCCCC(OCCCCO[*])=O)=O,[*]CC(CC(C#N)[*])C1=CC=CC=C1,,,,1.944482672150169,10.1016_j.matlet.2015.03.089_part_1.txt_¶Î1_Material1
[*]C1C(OC(C(O)C1O)OC2C(O)C(O)C(OC2C(O[Na])=O)O[*])C(O[Na])=O,,,,,0.6127838567197355,10.1007_s10570-011-9648-2_part_2.txt_¶Î1_Material1
[*]C/C=C(C[*])\Cl,[*]CC([*])Cl,,,,2.727541257028556,10.1002_app.42448_part_2.txt_¶Î1_Material1
C[Si](C)(C[*])O[*],[*]CC(C1=CC=CC=C1)[*],OC1=C2C(C3(O)C4C5C6=C7C8C(C9=CC(C(O)=O)=C(C=C(C=C%10C(O)=O)C%11%12)C(C%11=C%13C%14C%15%16C%17(O%16)C%18C%19=C%20C%21=C%22C(C(O)=C%23)=C%24C%25C%21=C%26C%19=C%27C%17=C%28C%14(O)C%12=C%10C=C%28CC%27=CC%26=CC%25=C(C(O)=O)C=C%24)C9=C7C%13(O)C5=C%15C3=C%18C%29%30C%20(O%30)C%31C%22C%23=C%32)=CC(C(O)=O)=CC8=CC6=C(C(O)=O)C4=C2)=C%29C%33=C%31C%32=C(C(O)=O)C=C%331,,,2.0569048513364727,10.1080_01496395.2011.626828_part_2.txt_¶Î1_Material1
[*]NCCCCCCCCCCCC([*])=O,[C],,,,1.1846914308175989,10.1016_j.compositesb.2019.107214_part_1.txt_¶Î1_Material1
O=C(C1=CC=C(C=C1)C(OCC[*])=O)O[*],[*]C(NC1=C(C)C(NC(OCCO[*])=O)=CC=C1)=O,[*]C(CCCCCO[*])=O,,,2.146128035678238,10.1088_1748-605x_ab8743_part_4.txt_¶Î1_Material6
O=C(C1=CC=C(C=C1)C(OCC[*])=O)O[*],[*]NCC(NC(C(ONCC(NC(C(NCC(NC(C([*])=O)C)=O)=O)C)=O)=O)CO)=O,,,,1.8122446968003687,10.3390_polym13152499_part_3.txt_¶Î1_Material1
[*]C(N(CN(C(OCOC(N(CN(C(OCCO[*])=O)[H])[H])=O)=O)[H])[H])=O,[*]C(CCCCC(OCCCCO[*])=O)=O,,,,2.7972675408307164,10.1016_j.polymer.2018.01.058_part_3.txt_¶Î1_Material3
[*]C1=CC=C([*])N1,[*]NC(C(N1CCCC1C(NCC(N2CC(CC2C(NC(C(NCC([*])=O)=O)CO)=O)O)=O)=O)=O)CCCCN,,,,1.6720978579357175,10.1016_j.polymer.2020.122491_part_1.txt_¶Î1_Material1
[*]CC([*])Cl,[C],,,,1.1760912590556811,10.3390_c4010015_part_2.txt_¶Î1_Material1
[*]O[C@H](C)CC([*])=O,[*]C([C@H](C)OC([C@H](C)O[*])=O)=O,,,,1.57978359661681,10.1016_j.polymdegradstab.2016.09.017_part_7.txt_¶Î1_Material2
OCC1OC(C(C(C1O[*])O)NC(C)=O)OC2C(O)C(C(OC2CO)[*])NC(C)=O,O=C([*])C(C)O[*],O=[Ti]=O,,,0.6020599913279624,10.1039_c8gc01120f_part_2.txt_¶Î1_Material1
OCC1OC(C(C(C1O[*])O)O)[*],FC(F)([*])C([H])([*])[H],,,,1.5314789170422551,10.1016_j.carbpol.2012.02.047_part_1.txt_¶Î1_Material1
[*]OCCCOC(C1=CC=C(C([*])=O)C=C1)=O,[*]C(C1=CC=C(C=C1)C(OCCCCOC(C2=CC=C(C=C2)C(OCCCCO[*])=O)=O)=O)=O,,,,2.361727836017593,10.1080_00222348.2014.939525_part_3.txt_¶Î1_Material1
[*]C(C(OC(CO[*])=O)C)=O,[*]OCC[*],,,,1.8750612633917,10.1080_03602559.2013.798821_part_1.txt_¶Î1_Material1
O=C([*])C1=CC=C(C=C1)OC2=CC=C(C=C2)OC3=CC=C(C=C3)[*],[*]C([H])([H])C(O)([H])[*],C(CC=O)CC=O,,,1.4374334437979712,10.4028_www.scientific.net_kem.671.173_part_1.txt_¶Î1_Material1
[*]C1C(C(C(OC1C(O[Na])=O)OC2C(C(O[Na])=O)OC(O[*])C(O)C2O)O)O,OCC1OC(C(C(C1[*])O)O)OC2C(C(C(OC2CO)O[*])O)O,[Ag],,,1.167317334748176,10.3390_nano9111523_part_3.txt_¶Î1_Material4
[*]CCCCO[*],O=C=NCCCCCCN=C=O,,,,2.7671558660821804,10.1038_s41598-023-32908-7_OA_part_2.txt_¶Î1_Material1
[*]N1C(C2=CC3=C(C=C2C1=O)C(N(C3=O)C4=CC=C(C=C4)OC5=CC=C(C=C5)[*])=O)=O,[*]CC([*])N1CCCC1=O,,,,0.8195439355418687,10.1088_0957-4484_24_8_085701_part_1.txt_¶Î1_Material1
[*]C(CCCCCO[*])=O,O[Si](O)(O[Si](O)(O)O)O.[Al].[Al].O,,,,2.582063362911709,10.1177_0967391119877040_part_2.txt_¶Î1_Material3
[*]CC(C#N)[*],[*]C1=CC=C([*])N1,[H]Cl,,,1.521530341278711,10.1002_app.36552_part_1.txt_¶Î1_Material1
[*]CC(C1=CC=CC=C1)[*],O=C([*])C(C)O[*],,,,1.9030899869919435,10.1021_acsmacrolett.8b00453_part_1.txt_¶Î1_Material1
[*]CC(CC=CCC([*])C1=CC=CC=C1)C#N,C=C([CH3])C(=O)O[CH3],[*]CCCC([*])C(OC)=O,,,1.4530123911214552,10.4028_www.scientific.net_amm.496-500.327_part_1.txt_¶Î1_Material1
[*]C/C=C/CCC([*])C#N,OCC1OC(C(C(C1O)O[*])O)OC2C(C(C(OC2COS(=O)(O)=O)[*])NC(C)=O)O,,,,2.492760389026837,10.1155_2013_787269_part_1.txt_¶Î1_Material1
O=C([*])CCCCCN[*],[*]CCCCO[*],,,,2.6580113966571126,10.1002_pi.3140_part_2.txt_¶Î1_Material3
OCC1OC(C(C(C1[*])O)O)OC2C(C(C(OC2CO)O[*])O)O,CCOC(=O)C(O)(CC(=O)OCC)CC(=O)OCC,,,,1.1139433523068367,10.1007_s10570-012-9846-6_part_3.txt_¶Î1_Material1
OCC(C(C(C1N)O)O[*])OC1OC2C(OC(C(C2O)N)[*])CO,[*]NC(C(N1CCCC1C(NCC(N2CC(CC2C(NC(C(NCC([*])=O)=O)CO)=O)O)=O)=O)=O)CCCCN,C1OC1C[N+]([CH3])([CH3])[CH3].[Cl-],[*]OCC[*],,2,10.1016_j.ijbiomac.2017.05.004_part_3.txt_¶Î1_Material2
[*]CCCC(CCCCCC)[*],[*]C(C)C[*],,,,2.133443097549098,10.1016_j.matlet.2012.09.106_part_1.txt_¶Î1_Material1
O=C(C1=CC=C(C=C1)C(OCC[*])=O)O[*],O=C(C1=CC=C2C=C(C=CC2=C1)C([*])=O)OCCO[*],,,,1.3979400086720375,10.4028_www.scientific.net_amr.912-914.445_part_3.txt_¶Î1_Material2
[*]C(CCCCCO[*])=O,[*]CC(C1=CC=CC=C1)C/C=C/C[*],,,,2.4653828514484184,10.1007_s10924-019-01522-y_part_2.txt_¶Î1_Material2
[*]C(NC1=C(C)C(NC(OCCO[*])=O)=CC=C1)=O,O=C=NC(C=C1)=CC=C1CC2=CC=C(C=C2)N=C=O,[*]C(CCCCCO[*])=O,,,3.0150662140111493,10.1016_j.matdes.2015.07.101_part_3.txt_¶Î1_Material1
O=C([*])C(C)O[*],[*]CC[*],[*]CC(CC=CCC([*])C1=CC=CC=C1)C#N,,,0.5563025007672873,10.1002_apj.1802_part_1.txt_¶Î1_Material1
OCC1OC(C(C(C1[*])O)O)OC2C(C(C(OC2CO)O[*])O)O,OC1C(C(OC(C1O)OC2C(OC(C(C2O)O)OC3C(C(C(OC3C(OC)=O)OC4C(OC(C(C4O)O)[*])C(O)=O)O)O)C(OC)=O)C(O)=O)O[*],,,,1.146128035678238,10.1007_s10570-017-1337-3_part_2.txt_¶Î1_Material1
[*]C([H])([H])C(O)([H])[*],O=C(C(C[*])[*])N,,,,2.810904280668701,10.1007_s10965-017-1284-6_part_1.txt_¶Î1_Material1
[*]C([H])([H])C(O)([H])[*],OC1C(C(OC(C1O)OC2C(OC(C(C2O)O)OC3C(C(C(OC3C(OC)=O)OC4C(OC(C(C4O)O)[*])C(O)=O)O)O)C(OC)=O)C(O)=O)O[*],Cl[Ca]Cl,,,2.6020599913279625,10.1002_app.50360_part_1.txt_¶Î1_Material1
[*]C(CCCCCO[*])=O,[*]C(CCCCCO[*])=O,CC1=CC(C)=C(C(C)=C1)C(P(C2=CC=CC=C2)(C3=CC=CC=C3)=O)=O,,,1.57978359661681,10.1016_j.eurpolymj.2018.02.023_part_1.txt_¶Î1_Material1
[*]CC(C1=CC=CC=C1)[*],C[Si](C)(C[*])O[*],,,,2.6020599913279625,10.1002_app.45122_part_2.txt_¶Î1_Material1
O=C1C([*])C(CC[*])C(O1)=O,,,,,1.255272505103306,10.1002_pat.3461_part_1.txt_¶Î1_Material2
[*]C(N(CN(C(OCOC(N(CN(C(OCCO[*])=O)[H])[H])=O)=O)[H])[H])=O,[*]OC1OC(CO)C(OC2C(O)C(O)C([*])C(CO)O2)C(O)C1O,,,,2.230448921378274,10.3390_polym10121338_part_2.txt_¶Î1_Material1
[*]OC(CC(OC(CC([*])=O)CC)=O)C,[*]NCC(NC(C(ONCC(NC(C(NCC(NC(C([*])=O)C)=O)=O)C)=O)=O)CO)=O,,,,0.7075701760979364,10.1002_pen.23958_part_2.txt_¶Î1_Material1
O=C([*])CCCCCN[*],[*]C([H])([H])C(O)([H])[*],,,,1.1958996524092338,10.1039_c7tc01123g_part_2.txt_¶Î1_Material1
[*]NC(C)C(N1CCCC1C([*])=O)=O,CCN=C=NCCCN(C)C,,,,0.6222140229662954,10.1016_j.msec.2012.05.022_part_2.txt_¶Î1_Material1
[*]CC[*],[*]C1=C(O)C(C(C)(C)C)=C(O)C(C)=C1SS[*],,,,2.267875419318897,10.1002_app.34293_part_1.txt_¶Î1_Material1
[*]CCC(CCCC(CCCC(C[*])C)C)C,C12=CC3=CC4=CC=CN=C4N=C3N=C1N=C5N=C6N=CC=CC6=CC5=C2,[*]CCC1C([*])C2CCC1C2,,,1.4593924877592308,10.3390_ma13092165_part_2.txt_¶Î1_Material3
O=C(O[*])CCCCCCCCCCN[*],COC1=CC(/C=C/C=O)=CC(OC2=CC(C(C(OC3=CC=C(C=C3OC)C(C(CO)=O)O)CO)O)=CC=C2OC4=CC(C(C(COC5=CC=C(C=C5)C(C(CO)=O)O)=O)O)=CC=C4O)=C1,,,,1.740362689494244,10.1007_s10924-018-1311-7_part_1.txt_¶Î1_Material1
O=C(C1=CC=C(C=C1)C(OCC[*])=O)O[*],[*]C1=C(C=CN2)C2=C([*])C(O)=C1O,,,,1.874249822778403,10.1007_s13233-016-4140-3_part_1.txt_¶Î1_Material1
OCC1OC(C(C(C1O[*])O)NC(C)=O)OC2C(O)C(C(OC2CO)[*])NC(C)=O,[*]C([H])([H])C(O)([H])[*],,,,1.8195439355418688,10.1016_j.ijbiomac.2019.07.038_part_3.txt_¶Î1_Material2
[*]C([C@H](C)OC([C@H](C)O[*])=O)=O,O=C(C1=CC=C(C=C1)C(OCC[*])=O)O[*],,,,1.260071387985075,10.1080_00222341003652260_part_2.txt_¶Î1_Material1
OP(O)(O)=O,O=C([*])CCCCCN[*],,,,1.2671717284030135,10.1002_masy.201400114_part_1.txt_¶Î1_Material1
FC(F)([*])C([H])([*])[H],[*]OCC[*],,,,2.3404441148401185,10.1016_j.desal.2013.04.001_part_2.txt_¶Î1_Material1
O=C([*])OC1=CC=C(C=C1)C(C)(C)C2=CC=C(C=C2)O[*],O=[Ti]=O,,,,1.732876041362707,10.1007_s10924-017-1106-2_part_2.txt_¶Î1_Material1
[*]CC[*],[*]CC[*],[*]C(C)C[*],,,0.8129133566428556,10.1016_j.polymertesting.2017.05.006_part_4.txt_¶Î1_Material3
[*]O[C@H](C)CC([*])=O,[*]OCCCCOC(CCC([*])=O)=O,,,,1.3010299956639813,10.1002_pi.6282_part_3.txt_¶Î1_Material2
OC1C(C(OC(C1O)OC2C(OC(C(C2O)O)OC3C(C(C(OC3C(OC)=O)OC4C(OC(C(C4O)O)[*])C(O)=O)O)O)C(OC)=O)C(O)=O)O[*],OC[C@@H]([C@H]([C@@H]([C@@H](CO)O)O)O)O,,,,1.2966651902615312,10.1111_jfpp.14480_part_1.txt_¶Î1_Material2
[*]C([H])([H])C(O)([H])[*],[*]C1=CC(C2=NC3=CC(C4=CC=C5N=C([*])NC5=C4)=CC=C3N2)=CC=C1,,,,1.4771212547196624,10.1016_j.memsci.2017.04.021_part_5.txt_¶Î1_Material4
COC1=CC(/C=C/C=O)=CC(OC2=CC(C(C(OC3=CC=C(C=C3OC)C(C(CO)=O)O)CO)O)=CC=C2OC4=CC(C(C(COC5=CC=C(C=C5)C(C(CO)=O)O)=O)O)=CC=C4O)=C1,[*]CC(C#N)[*],,,,0.6989700043360189,10.1007_s12221-017-7363-9_part_3.txt_¶Î1_Material1
[*]NC(C)C(N1CCCC1C([*])=O)=O,OCC(O)CO,,,,1,10.1016_j.foodhyd.2018.08.016_part_1.txt_¶Î1_Material1
[*]NC(C(O)=O)CCC([*])=O,[*]C1C(C(C(OC1C(O[Na])=O)OC2C(C(O[Na])=O)OC(O[*])C(O)C2O)O)O,[Ca+2],,,1.0195316845312554,10.1021_acsbiomaterials.8b00682_part_4.txt_¶Î1_Material2
[*]CC(C#N)[*],[*]NCC(NC(C(ONCC(NC(C(NCC(NC(C([*])=O)C)=O)=O)C)=O)=O)CO)=O,,,,1,10.3390_polym12092102_part_2.txt_¶Î1_Material1
[*]C1C(OC(C(C1O)O)OC2C(OC(C(C2O)O)O[*])CO)CO,[*]C(CCCCCO[*])=O,O=C(N)N,,,2.385606273598312,10.1016_j.carbpol.2017.03.051_part_3.txt_¶Î1_Material3
O=C(O)C([*])C[*],O=C([*])C1=CC=C(C=C1)OC2=CC=C(C=C2)OC3=CC=C(C=C3)[*],,,,2.9334872878487053,10.1002_pi.6182_part_1.txt_¶Î1_Material1
[*]C1=CC(C2=NC3=CC(C4=CC=C5N=C([*])NC5=C4)=CC=C3N2)=CC=C1,[*]C1=C(C=CN2)C2=C([*])C(O)=C1O,,,,1.359835482339888,10.1002_app.39324_part_1.txt_¶Î1_Material1
OCC1OC(C(C(C1[*])O)O)OC2C(C(C(OC2CO)O[*])O)O,[*]CC(COC1=CC=C(C=C1)C(C)(C)C2=CC=C(C=C2)O[*])O,,,,0,10.1007_s10570-020-03107-8_part_2.txt_¶Î1_Material1
[*]C(NC1=C(C)C(NC(OCCO[*])=O)=CC=C1)=O,[*]CCC(CCCC(CCCC(C[*])C)C)C,OC1=C2C(C3(O)C4C5C6=C7C8C(C9=CC(C(O)=O)=C(C=C(C=C%10C(O)=O)C%11%12)C(C%11=C%13C%14C%15%16C%17(O%16)C%18C%19=C%20C%21=C%22C(C(O)=C%23)=C%24C%25C%21=C%26C%19=C%27C%17=C%28C%14(O)C%12=C%10C=C%28CC%27=CC%26=CC%25=C(C(O)=O)C=C%24)C9=C7C%13(O)C5=C%15C3=C%18C%29%30C%20(O%30)C%31C%22C%23=C%32)=CC(C(O)=O)=CC8=CC6=C(C(O)=O)C4=C2)=C%29C%33=C%31C%32=C(C(O)=O)C=C%331,,,2.1598678470925665,10.1016_j.matdes.2012.12.077_part_1.txt_¶Î1_Material1
[*]CC([*])Cl,[*]C(N(CN(C(OCOC(N(CN(C(OCCO[*])=O)[H])[H])=O)=O)[H])[H])=O,C12=C3C(C=CC4C3=C5C(CC6=CC7=C8C9=C(C(C=C%10)=CC=C9C=C7)C%11=C%10C%12)=CC4)=CC=C1C=C%12C%13=C%11C8=C6C5=C2%13,,,2.4800069429571505,10.1002_pi.5339_part_2.txt_¶Î1_Material1
[*]CC(C(OC)=O)(CC(C/C=C/CCC(C1=CC=CC=C1)[*])C#N)C,[*]CC(CC(C#N)[*])C1=CC=CC=C1,,,,1.8325089127062364,10.1177_0892705711423953_part_2.txt_¶Î1_Material1
[*]CC(O[*])CN=[N+]=[N-],[*]C(CCCCCO[*])=O,,,,2.714329759745233,10.1007_s13233-010-1104-x_part_2.txt_¶Î1_Material1
[*]C1C(C(C(OC1C(O[Na])=O)OC2C(C(O[Na])=O)OC(O[*])C(O)C2O)O)O,[*]OC1C(C(O)=O)OC(OC2C(NC(C)=O)C([*])OC(CO)C2O)C(O)C1O,,,,1.5148132949992854,10.1016_j.ijbiomac.2018.05.104_part_3.txt_¶Î1_Material1
OCC(C(C(C1N)O)O[*])OC1OC2C(OC(C(C2O)N)[*])CO,COC1=CC(/C=C/C=O)=CC(OC2=CC(C(C(OC3=CC=C(C=C3OC)C(C(CO)=O)O)CO)O)=CC=C2OC4=CC(C(C(COC5=CC=C(C=C5)C(C(CO)=O)O)=O)O)=CC=C4O)=C1,,,,0.6989700043360189,10.1016_j.ijbiomac.2020.03.162_part_2.txt_¶Î1_Material1
[*]OCCOC(CC(C([*])=O)C(C1CCCCC1)CC(CC(O)=O)C(OCCO)=O)=O,O=[Al]O[Al]=O,,,,0.3979400086720376,10.1016_j.jestch.2016.10.016_part_3.txt_¶Î1_Material2
[*]CCC(CCCC(CCCC(C[*])C)C)C,[*]CCC1C([*])C2CCC1C2,C12=CC3=CC4=CC=CN=C4N=C3N=C1N=C5N=C6N=CC=CC6=CC5=C2,,,1.513217600067939,10.3390_ma13092165_part_2.txt_¶Î1_Material1
[*]C(C)C[*],CC1=CC(C)=C(C(C)=C1)C(P(C2=CC=CC=C2)(C3=CC=CC=C3)=O)=O,,,,0.9030899869919436,10.1016_j.icheatmasstransfer.2010.12.030_part_2.txt_¶Î1_Material2
OCC(C(C(C1N)O)O[*])OC1OC2C(OC(C(C2O)N)[*])CO,[*]C([H])([H])C(O)([H])[*],C(CC=O)CC=O,,,1.4409090820652175,10.3390_ijms21020632_part_6.txt_¶Î1_Material1
[*]OCC[*],C=C(C)C(=O)OCCCC,,,,2.3560258571931225,10.1007_s10118-017-1913-x_part_1.txt_¶Î1_Material1
[*]OCCCOC(C1=CC=C(C([*])=O)C=C1)=O,[*]OCCCOC(C1=CC=C(C([*])=O)C=C1)=O,,,,1.260071387985075,10.1016_j.polymer.2019.04.024_part_3.txt_¶Î1_Material4
[*]NC(C)C(N1CCCC1C([*])=O)=O,[*]C(NC1=C(C)C(NC(OCCO[*])=O)=CC=C1)=O,[*]NCC(NC(C(ONCC(NC(C(NCC(NC(C([*])=O)C)=O)=O)C)=O)=O)CO)=O,,,1.740362689494244,10.1177_0954411917697751_part_2.txt_¶Î1_Material2
[*]C(CCCCCO[*])=O,C[N+](CCO)(CCO)[3H],,,,2.903089986991944,10.1016_j.eurpolymj.2011.09.005_part_1.txt_¶Î1_Material1
O=C(C1=CC=C(C=C1)C(OCC[*])=O)O[*],CC(C=C([*])C=C1C)=C1O[*],,,,1.1760912590556811,10.1007_s13233-020-8075-3_part_2.txt_¶Î1_Material2
[*]C(NC1=C(C)C(NC(OCCO[*])=O)=CC=C1)=O,[H]O[H],,,,2.8729134416203954,10.3390_bioengineering6030069_part_2.txt_¶Î1_Material2
OP(O)(O)=O,[*]C1C(OC(C(C1O)O)OC2C(OC(C(C2O)O)O[*])CO)CO,OC1=C2C(C3(O)C4C5C6=C7C8C(C9=CC(C(O)=O)=C(C=C(C=C%10C(O)=O)C%11%12)C(C%11=C%13C%14C%15%16C%17(O%16)C%18C%19=C%20C%21=C%22C(C(O)=C%23)=C%24C%25C%21=C%26C%19=C%27C%17=C%28C%14(O)C%12=C%10C=C%28CC%27=CC%26=CC%25=C(C(O)=O)C=C%24)C9=C7C%13(O)C5=C%15C3=C%18C%29%30C%20(O%30)C%31C%22C%23=C%32)=CC(C(O)=O)=CC8=CC6=C(C(O)=O)C4=C2)=C%29C%33=C%31C%32=C(C(O)=O)C=C%331,,,1.4771212547196624,10.1007_s40684-016-0037-z_part_2.txt_¶Î1_Material1
[*]NC(C)C(N1CCCC1C([*])=O)=O,[*]OC(C(C1O)O)OC(COC)C1OC(OC(C(C2O)OC3OC(C(C(C3OC)O)OC4OC(C(C(C4OC)O)[*])COC)CO)COC)C2OCC(OC)C,[*]OCC[*],,,1.376576957056512,10.1016_j.carbpol.2014.11.057_part_2.txt_¶Î1_Material2
O=C([*])C1=CC=C(C=C1)OC2=CC=C(C=C2)OC3=CC=C(C=C3)[*],FC(F)([*])C([H])([*])[H],,,,1.585686278452497,10.1088_1757-899x_736_5_052003_part_3.txt_¶Î1_Material1
O=C(O[*])CCCCCCCCCCN[*],OC1=C2C(C3(O)C4C5C6=C7C8C(C9=CC(C(O)=O)=C(C=C(C=C%10C(O)=O)C%11%12)C(C%11=C%13C%14C%15%16C%17(O%16)C%18C%19=C%20C%21=C%22C(C(O)=C%23)=C%24C%25C%21=C%26C%19=C%27C%17=C%28C%14(O)C%12=C%10C=C%28CC%27=CC%26=CC%25=C(C(O)=O)C=C%24)C9=C7C%13(O)C5=C%15C3=C%18C%29%30C%20(O%30)C%31C%22C%23=C%32)=CC(C(O)=O)=CC8=CC6=C(C(O)=O)C4=C2)=C%29C%33=C%31C%32=C(C(O)=O)C=C%331,,,,1.884795363948981,10.1016_j.compositesb.2013.05.055_part_2.txt_¶Î1_Material1
[*]O[C@H](C)CC([*])=O,OP(O)(O)=O,,,,1.1760912590556811,10.1002_pi.6282_part_3.txt_¶Î1_Material1
[*]C(CCCCCO[*])=O,[*]C([H])([H])C(O)([H])[*],OCC1OC(C(C(C1[*])O)O)OC2C(C(C(OC2CO)O[*])O)O,,,1.812913356642856,10.1016_j.carbpol.2020.115873_part_2.txt_¶Î1_Material2
[*]CCCCO[*],CC1(CC(CC(C)(C1)C)N=C=O)CN=C=O,[Ag+],,,3.113943352306837,10.1039_d0nj02671a_part_1.txt_¶Î1_Material1
OCC1OC(C(C(C1[*])O)O)OC2C(C(C(OC2CO)O[*])O)O,[*]C1=C(C(C[*])=CC=C1)O,[H]O[H],,,1.167317334748176,10.1007_s10570-012-9815-0_part_2.txt_¶Î1_Material1
OP(O)(O)=O,[*]CC(O)COC(CCCCCCCCC(O[*])=O)=O,,,,2.34143452457814,10.1007_s10924-017-1015-4_part_2.txt_¶Î1_Material1
O=C([*])CCCCCN[*],C/C(C[*])=C/C[*],,,,1.9712758487381048,10.1002_app.39750_part_2.txt_¶Î1_Material2
[*]C([H])([H])C(O)([H])[*],OCC(C(C(C1N)O)O[*])OC1OC2C(OC(C(C2O)N)[*])CO,O=[Ti]=O,,,1.5563025007672873,10.3390_polym12081691_part_3.txt_¶Î1_Material1
O=C([*])C(C)O[*],[*]CC(CC)([*])C(OCC1=CC=CC=C1)=O,,,,0.8426092396105621,10.4028_www.scientific.net_kem.783.51_part_1.txt_¶Î1_Material1
O=C(C1=CC=C(C=C1)C(OCC[*])=O)O[*],Cl[Fe](Cl)Cl,,,,1.8573324964312683,10.1002_pat.1932_part_1.txt_¶Î1_Material1
C[Si](C)(C[*])O[*],[*]C1=C(C=CN2)C2=C([*])C(O)=C1O,[*]C/C=C/C[*],,,1.822429623779357,10.1016_j.apsusc.2021.148990_part_2.txt_¶Î1_Material1
O=C([*])C(C)O[*],[*]C(C)C[*],[*]CC(CC=CCC([*])C1=CC=CC=C1)C#N,,,0.724275869600789,10.1002_pen.25230_part_1.txt_¶Î1_Material1
[*]OCC[*],O=C=NC(C=C1)=CC=C1CC2=CC=C(C=C2)N=C=O,CC(C(=O)O)(CO)CO,,,2.8561244442423,10.1002_pat.3084_part_2.txt_¶Î1_Material1
[*]C(CCCCCO[*])=O,[*]CC(C#N)[*],,,,2.2095150145426308,10.1177_0040517521997187_part_2.txt_¶Î1_Material1
[*]CC(O)COC(CCCCCCCCC(O[*])=O)=O,OCC1OC(C(C(C1[*])O)O)OC2C(C(C(OC2CO)O[*])O)O,,,,1.4116197059632305,10.1007_s10570-021-04053-9_part_2.txt_¶Î1_Material1
[*]C1C(C(C(OC1C(O[Na])=O)OC2C(C(O[Na])=O)OC(O[*])C(O)C2O)O)O,[*]CCC1C([*])C2CCC1C2,,,,1.1501421618485586,10.3390_polym12081669_part_2.txt_¶Î1_Material1
[*]CC(C#N)[*],[*]NC(C)C(N1CCCC1C([*])=O)=O,,,,1.3579348470004535,10.4028_www.scientific.net_amr.821-822.321_part_1.txt_¶Î1_Material1
[*]C(C=C1)=CC=C1S[*],C=C([CH3])C(=O)OC([CH3])[CH3],O=C([*])C(C)O[*],,,1.0060379549973173,10.1016_j.eurpolymj.2020.109588_part_1.txt_¶Î1_Material2
OCC1OC(C(C(C1[*])O)O)OC2C(C(C(OC2CO)O[*])O)O,[H][O-],O=S(O)(O)=O,,,0.3979400086720376,10.1007_s10570-019-02764-8_part_3.txt_¶Î1_Material1
[*]C/C=C/CCC([*])C#N,O=C=NC(C=C1)=CC=C1CC2=CC=C(C=C2)N=C=O,,,,2.531274495065356,10.1002_app.45200_part_1.txt_¶Î1_Material1
[*]CC(C#N)[*],[*]CCN[*],,,,1.1789769472931697,10.1016_j.msec.2013.04.043_part_2.txt_¶Î1_Material6
[*]OCCCOC(C1=CC=C(C([*])=O)C=C1)=O,O=C(C1=CC=C(C=C1)C(OCC[*])=O)O[*],,,,2,10.1002_adv.21443_part_1.txt_¶Î1_Material1
OP(O)(O)=O,[*]C1=C(C(C[*])=CC=C1)O,,,,1.0969100130080565,10.1007_s00289-013-1032-y_part_2.txt_¶Î1_Material1
[*]OC(C(C1O)O)OC(COC)C1OC(OC(C(C2O)OC3OC(C(C(C3OC)O)OC4OC(C(C(C4OC)O)[*])COC)CO)COC)C2OCC(OC)C,OCC1OC(OC2C(O)C(O)C(O[*])OC2CO)C(O)C(O)C1[*],,,,1.230448921378274,10.1021_acssuschemeng.8b01855_part_1.txt_¶Î1_Material1
[*]C(CCCCCO[*])=O,OCC(C(C(C1N)O)O[*])OC1OC2C(OC(C(C2O)N)[*])CO,[*]OC1C(C(O)=O)OC(OC2C(NC(C)=O)C([*])OC(CO)C2O)C(O)C1O,,,2.290034611362518,10.1016_j.carbpol.2014.10.071_part_4.txt_¶Î1_Material1
[*]C([C@H](C)OC([C@H](C)O[*])=O)=O,[*]OC(CC(OC(CC([*])=O)CC)=O)C,,,,1.1702617153949575,10.1016_j.polymer.2015.12.025_part_1.txt_¶Î1_Material1
OC(C(C1OC2OC(C(C(C2O)O)OC3OC(C(C(C3O)O)O)COC4OC(C(C(C4O)O)OC5OC(C(C(C5O)O)OC6OC(C(C(C6O)O[*])O)C)CO)CO)CO)O[*])COC1CO,OCC(C(C(C1N)O)O[*])OC1OC2C(OC(C(C2O)N)[*])CO,,,,0.557507201905658,10.1016_j.foodhyd.2012.04.002_part_6.txt_¶Î1_Material4
[*]C(C(O[*])C)=O,OCC1OC(C(C(C1[*])O)O)OC2C(C(C(OC2CO)O[*])O)O,,,,1.255272505103306,10.3390_ma12203435_part_2.txt_¶Î1_Material4
O=C(C(C[*])[*])N,O=C(C(C[*])[*])N,CCCCCCCCCCCCOS([O-])(=O)=O.[Na+],,,2.845098040014257,10.1016_j.polymer.2016.01.069_part_2.txt_¶Î1_Material2
C/C(C[*])=C/C[*],[*]NCCCCCCCCCCCC([*])=O,,,,2.184691430817599,10.1002_pat.4007_part_2.txt_¶Î1_Material1
[*]NC(C(N1CCCC1C(NCC(N2CC(CC2C(NC(C(NCC([*])=O)=O)CO)=O)O)=O)=O)=O)CCCCN,[*][C@H](O[C@@H]1CO)[C@@H](O)[C@@H](O)[C@@H]1O[C@@H]2O[C@@H]([C@@H](O[*])[C@H](O)[C@@H]2O)CO[C@H]3O[C@H](CO)[C@H](O)[C@H](O)[C@H]3O,,,,1.694868327982456,10.3390_foods10081761_part_3.txt_¶Î1_Material3
[*]CC(C1=CC=CC=C1)[*],[*]C(C)C[*],[*]CC(CCCC(CC)CC([*])C1=CC=CC=C1)C2=CC=CC=C2,,,2.089905111439398,10.3390_su12135272_part_1.txt_¶Î1_Material1
[*]C1C(OC(C(C1O)O)OC2C(OC(C(C2O)O)O[*])CO)CO,[*]C([H])([H])C(O)([H])[*],[*]C1C(C(C(OC1C(O[Na])=O)OC2C(C(O[Na])=O)OC(O[*])C(O)C2O)O)O,,,1.290034611362518,10.1002_star.201400119_part_2.txt_¶Î1_Material1
O=C([*])C1=CC=C2C=C(C=CC2=C1)OC(C3=CC=C(C=C3)O[*])=O,[*]C(C=C1)=CC=C1S[*],,,,0.4800069429571506,10.1016_j.compscitech.2018.10.001_part_4.txt_¶Î1_Material2
[*]CCC(CCCC(CCCC(C[*])C)C)C,[*]O[C@H](C)CC([*])=O,,,,1.6989700043360187,10.1177_0307174x1704400502_part_1.txt_¶Î1_Material1
[*]C(C1=CC=C(C(OCCCCO[*])=O)C=C1)=O,[*]CCC(CCCCCC)C[*],,,,1.884228769632604,10.1002_app.48872_part_2.txt_¶Î1_Material1
OCC(C(C(C1N)O)O[*])OC1OC2C(OC(C(C2O)N)[*])CO,[*]OC1C(O)C(O)C(OC2C(CO)OC([*])C(O)C2O)OC1CO,,,,0.7788744720027395,10.1177_0040517516629141_part_2.txt_¶Î1_Material1
O=C(CCCCC(N(CCCCCCN([*])[H])[H])=O)[*],C[N+](CCO)(CCO)[3H],,,,1.6989700043360187,10.1002_adv.20270_part_2.txt_¶Î1_Material2
[*]CC(CCCC(CC)CC([*])C1=CC=CC=C1)C2=CC=CC=C2,[*]OC1=C(C([*])=CC=C1C)C,,,,1.2787536009528289,10.1002_app.46123_part_2.txt_¶Î1_Material1
[*]C(CCCCCO[*])=O,[*]CC(C#N)[*],[*]CC(C#N)[*],,,1.9813655090785445,10.3390_bioengineering8020024_part_2.txt_¶Î1_Material1
[*]CC([*])N1CCCC1=O,[*]CC(O)COC(CCCCCCCCC(O[*])=O)=O,,,,1.1613680022349748,10.1016_j.medengphy.2019.06.009_part_2.txt_¶Î1_Material1
[*]C([C@H](C)OC([C@H](C)O[*])=O)=O,[*]NC(C(N1CCCC1C(NCC(N2CC(CC2C(NC(C(NCC([*])=O)=O)CO)=O)O)=O)=O)=O)CCCCN,,,,1.7610252517113727,10.1002_app.30973_part_1.txt_¶Î1_Material1
O=C([*])C1=CC=C(C=C1)OC2=CC=C(C=C2)OC3=CC=C(C=C3)[*],[*]C(CCCCCO[*])=O,,,,1.7077404542737713,10.1007_s10853-019-03728-w_part_2.txt_¶Î1_Material2
[*]C(C)C[*],O=C(O[Na])COCC(OC(C(C1O)O)[*])C1OC(C(C(C2O[*])O)O)OC2COCC(O[Na])=O,NC1=CC=C(C=C1)/C2=C3C=C/C(N\3)=C(C4=N/C(C=C4)=C(C5=CC=C(N5)/C(C6=CC=CC=C6)=C7N=C2C=C\7)/C8=CC=CC=C8)\C9=CC=CC=C9,,,0.7403626894942439,10.24271_garmian.175_OA_part_2.txt_¶Î1_Material1
[*]CC(C1=CC=CC=C1)[*],COC1=CC(/C=C/C=O)=CC(OC2=CC(C(C(OC3=CC=C(C=C3OC)C(C(CO)=O)O)CO)O)=CC=C2OC4=CC(C(C(COC5=CC=C(C=C5)C(C(CO)=O)O)=O)O)=CC=C4O)=C1,,,,0.424881636631067,10.1002_pc.22154_part_2.txt_¶Î1_Material1
OCC1OC(C(C(C1O)O[*])O)OC2C(C(C(OC2COS(=O)(O)=O)[*])NC(C)=O)O,OCC(C(C(C1N)O)O[*])OC1OC2C(OC(C(C2O)N)[*])CO,,,,1.6720978579357175,10.1002_pen.23928_part_1.txt_¶Î1_Material2
[*]C([H])([H])C(O)([H])[*],[*]O[C@H](C)CC([*])=O,,,,1,10.1515_polyeng-2014-0202_part_1.txt_¶Î1_Material1
[*]C(C1=CC=C(C(OCCCCO[*])=O)C=C1)=O,[*]/C=C\CC/C=C\CC(CC([*])C1=CC=CC=C1)C2=CC=CC=C2,,,,2.3010299956639813,10.4325_seikeikakou.22.35_part_2.txt_¶Î1_Material1
[*]C(C)C[*],CC(CO[*])[*],,,,2.2076343673889616,10.1016_j.clay.2011.02.021_part_1.txt_¶Î1_Material4
[*]CC(C1=CC=C(C=C1)S(O)(=O)=O)[*],C12=C3C(C=CC4C3=C5C(CC6=CC7=C8C9=C(C(C=C%10)=CC=C9C=C7)C%11=C%10C%12)=CC4)=CC=C1C=C%12C%13=C%11C8=C6C5=C2%13,,,,1.0043213737826426,10.1021_acsaem.0c00001_part_1.txt_¶Î1_Material1
OCC(C(C(C1N)O)O[*])OC1OC2C(OC(C(C2O)N)[*])CO,O=C(CC(/C=C/C1=CC=C(C(OC)=C1)O)=O)/C=C/C2=CC=C(O)C(OC)=C2,,,,1.595606434865603,10.1016_j.foodhyd.2015.08.005_part_2.txt_¶Î1_Material2
[*]C([H])([H])C(O)([H])[*],O=C(N)N,,,,1.8150461760646304,10.1016_j.reactfunctpolym.2016.02.012_part_2.txt_¶Î1_Material1
[*]CCC(CCCCCC)C[*],C=C([CH3])C(=O)OC([CH3])[CH3],,,,2.27948442902921,10.3390_polym10030291_part_3.txt_¶Î1_Material2
O=C([*])C1=CC=C(C=C1)OC2=CC=C(C=C2)OC3=CC=C(C=C3)[*],NC1=NC2=C(N=CN2C2O[C@H](COP(=O)(O)OP(=O)(O)O)[C@H](O)[C@@H]2O)C(=O)N1,,,,0.3304137733491908,10.1002_pc.24250_part_2.txt_¶Î1_Material1
[*]OCCOC(CC(C([*])=O)C(C1CCCCC1)CC(CC(O)=O)C(OCCO)=O)=O,O=[Zr]=O,,,,0.4771212547196624,10.1016_j.jestch.2016.10.016_part_3.txt_¶Î1_Material1
O=C(O)C([*])C[*],O=C(O[Na])COCC(OC(C(C1O)O)[*])C1OC(C(C(C2O[*])O)O)OC2COCC(O[Na])=O,[Al+3],,,3.315130317183602,10.1016_j.carbpol.2020.116360_part_2.txt_¶Î1_Material1
[*]NC(C)C(N1CCCC1C([*])=O)=O,[*]C1C(C(C(OC1C(O[Na])=O)OC2C(C(O[Na])=O)OC(O[*])C(O)C2O)O)O,,,,1.3010299956639813,10.1016_j.ijbiomac.2018.11.143_part_5.txt_¶Î1_Material2
[*]O[Si](C)(C)[*],,,,,2.2062860444124324,10.1002_pen.23688_part_1.txt_¶Î1_Material1
[*]C/C=C/CCC(C=C)CC([*])C1=CC=CC=C1,C=C(C(OCC1CO1)=O)C,,,,2.792391689498254,10.1002_pen.25379_part_2.txt_¶Î1_Material1
O=C([*])CCCCCN[*],[*]CC(CC=CCC([*])C1=CC=CC=C1)C#N,O=[Ti]=O,,,1.6020599913279625,10.3390_ma12233955_part_3.txt_¶Î1_Material1
[*]C([H])([H])C(O)([H])[*],C/C(C[*])=C/C[*],,,,2.681241237375587,10.1007_s10924-019-01474-3_part_3.txt_¶Î1_Material2
[*]NCC(NC(C(ONCC(NC(C(NCC(NC(C([*])=O)C)=O)=O)C)=O)=O)CO)=O,[*]OC1C(O)C(O)C(OC2C(CO)OC([*])C(O)C2O)OC1CO,,,,1.1723109685219542,10.4028_www.scientific.net_amr.175-176.524_part_1.txt_¶Î1_Material2
[*]NCC(NC(C(ONCC(NC(C(NCC(NC(C([*])=O)C)=O)=O)C)=O)=O)CO)=O,NC(C=O)C(O)C(OC1OC(C(=O)O)=CC(O)C1OS(O)(=O)=O)C(O)CO,,,,1.0576661039098292,10.1007_s11706-013-0206-8_part_1.txt_¶Î1_Material2
[*]C(C1=CC=C(C(OCCCCO[*])=O)C=C1)=O,[*]CC(C#N)[*],,,,1.3010299956639813,10.3144_expresspolymlett.2012.49_part_2.txt_¶Î1_Material2
OCC(C(C(C1N)O)O[*])OC1OC2C(OC(C(C2O)N)[*])CO,O=[Al]O[Al]=O.O=[Si]=O.O=[Si]=O.O.O,,,,1.1760912590556811,10.1016_j.clay.2018.11.029_part_2.txt_¶Î1_Material4
[*]CC[*],[*]CCCC([*])C(OC)=O,,,,2.342422680822206,10.1007_s12588-013-9045-9_part_2.txt_¶Î1_Material3
[*]NCC(NC(C(ONCC(NC(C(NCC(NC(C([*])=O)C)=O)=O)C)=O)=O)CO)=O,[*]C([H])([H])C(O)([H])[*],[Ag+],,,1.8864907251724816,10.3390_ma10060667_part_2.txt_¶Î1_Material1
O=S(C(C=C1)=CC=C1OC(C=C2)=CC=C2C(C)(C)C(C=C3)=CC=C3O[*])(C4=CC=C([*])C=C4)=O,[*]CC([*])N1CCCC1=O,,,,1.510545010206612,10.1002_app.40616_part_2.txt_¶Î1_Material6
[*]CC(C)(C(OCCO)=O)[*],[*]CC(C)(C(OCCO)=O)[*],,,,2.453318340047037,10.1016_j.eurpolymj.2018.02.035_part_4.txt_¶Î1_Material2
[*]C(C(O[*])C)=O,[*]C(C(OC(CO[*])=O)C)=O,,,,2.198657086954422,10.1080_03602551003681846_part_1.txt_¶Î1_Material3
[*]C1C(C(C(OC1C(O[Na])=O)OC2C(C(O[Na])=O)OC(O[*])C(O)C2O)O)O,OC[C@@H]([C@H]([C@@H]([C@@H](CO)O)O)O)O,,,,0.8450980400142568,10.1007_s10570-019-02308-0_part_2.txt_¶Î1_Material1
[*]NCCCCCCCCCCCC([*])=O,O=[Si]=O,,,,0.9542425094393248,10.1038_s41529-022-00278-6_OA_part_1.txt_¶Î1_Material1
[*]CC[*],[*]C(CCCCC(OCCCCO[*])=O)=O,,,,2.92272545799326,10.1088_1757-899x_965_1_012020_part_1.txt_¶Î1_Material2
[*]NCCCCCCCCCCCC([*])=O,C[Si](C)(C[*])O[*],,,,2.204119982655925,10.1002_polb.24613_part_2.txt_¶Î1_Material1
O=C([*])C1=CC=C(C=C1)OC2=CC=C(C=C2)OC3=CC=C(C=C3)[*],[C],,,,0.4281347940287888,10.1002_pc.24250_part_2.txt_¶Î1_Material3
[*]C(NC1=C(C)C(NC(OCCO[*])=O)=CC=C1)=O,COC1=CC(/C=C/C=O)=CC(OC2=CC(C(C(OC3=CC=C(C=C3OC)C(C(CO)=O)O)CO)O)=CC=C2OC4=CC(C(C(COC5=CC=C(C=C5)C(C(CO)=O)O)=O)O)=CC=C4O)=C1,,,,2.531478917042255,10.1515_psr-2020-0075_part_5.txt_¶Î1_Material1
[*]O[C@H](C)CC([*])=O,[*]OC(CC(OC(CC([*])=O)CC)=O)C,,,,0.9030899869919436,10.1016_j.compositesa.2019.05.005_part_2.txt_¶Î1_Material2
[*]C([C@H](C)OC([C@H](C)O[*])=O)=O,[*]C(CCCCC(OCCCCOC(C1=CC=C(C(OCCCCO[*])=O)C=C1)=O)=O)=O,,,,2.204119982655925,10.1016_j.eurpolymj.2018.01.037_part_1.txt_¶Î1_Material1
[*]C([H])([H])C(O)([H])[*],[*]CC(C#N)[*],CCCCCCCCCCCCOS([O-])(=O)=O.[Na+],,,1.5179872030250785,10.1016_j.compositesb.2013.09.010_part_1.txt_¶Î1_Material4
O=C([*])C(C)O[*],[*]C1C(OC(C(C1O)O)OC2C(OC(C(C2O)O)O[*])CO)CO,[*]O[C@H](C)CC([*])=O,,,1.845098040014257,10.1515_chempap-2016-0075_part_1.txt_¶Î1_Material1
O=C(CCCCC(N(CCCCCCN([*])[H])[H])=O)[*],FC(F)([*])C([H])([*])[H],,,,1.3010299956639813,10.3390_polym8010002_part_2.txt_¶Î1_Material2
O=S(C(C=C1)=CC=C1OC(C=C2)=CC=C2C(C)(C)C(C=C3)=CC=C3O[*])(C4=CC=C([*])C=C4)=O,[*]OCC[*],O=CN(C)C,,,1.9030899869919435,10.1007_s10965-013-0179-4_part_2.txt_¶Î1_Material1
O=C([*])CCCCCN[*],OCC1OC(C(C(C1O[*])O)O)[*],,,,1.0413926851582251,10.1007_s12221-011-0686-z_part_1.txt_¶Î1_Material1
C[Si](C)(C[*])O[*],C[N+](CCO)(CCO)[3H],,,,2.3010299956639813,10.1016_j.polymdegradstab.2017.08.026_part_2.txt_¶Î1_Material2
OCC1OC(C(C(C1[*])O)O)OC2C(C(C(OC2CO)O[*])O)O,[*]OC1C(O)C(O)C(OC2C(CO)OC([*])C(O)C2O)OC1CO,,,,0.6655809910179531,10.1080_15440478.2016.1193087_part_2.txt_¶Î1_Material1
[*]C(C1=CC=C(C(OCCCCO[*])=O)C=C1)=O,[*]CCCCO[*],,,,2.4771212547196626,10.1002_pen.24792_part_1.txt_¶Î1_Material1
[*]CC(CC=CCC([*])C1=CC=CC=C1)C#N,O=C([*])OC1=CC=C(C=C1)C(C)(C)C2=CC=C(C=C2)O[*],,,,1.6989700043360187,10.1002_app.51250_part_2.txt_¶Î1_Material2
[*]C(C)C[*],OCC1OC(OC2C(O)C(O)C(O[*])OC2CO)C(O)C(O)C1[*],,,,0.8750612633917001,10.1007_s10570-020-03448-4_part_2.txt_¶Î1_Material1
[*]OC1C(O)C(O)C(OC2C(CO)OC([*])C(O)C2O)OC1CO,O=C(CCCCC(N(CCCCCCN([*])[H])[H])=O)[*],,,,1.3384564936046048,10.1155_2013_262635_part_1.txt_¶Î1_Material1
O=C(C1=CC=C(C=C1)C(NC2=CC=C([*])C=C2)=O)NC3=CC=C([*])C=C3,FC(F)([*])C([H])([*])[H],,,,1.3220124385824004,10.1177_1528083719858759_part_6.txt_¶Î1_Material1
[*]CC(C)(C(OCCO)=O)[*],C=C(C(OCC1CO1)=O)C,,,,2.419955748489758,10.1016_j.eurpolymj.2018.02.035_part_4.txt_¶Î1_Material1
[*]CC([*])Cl,[*]CCCC(C1C([*])C2CC1C/C2=C/C)C,[*]CCCC([*])OC(C)=O,,,1.7781512503836436,10.1134_s107042721605013x_part_1.txt_¶Î1_Material3
O=C([*])CCCCCN[*],[*]C(F)(C(F)([*])F)F,,,,1,10.1177_1350650113495530_part_1.txt_¶Î1_Material3
OC(C(C1OC2OC(C(C(C2O)O)OC3OC(C(C(C3O)O)O)COC4OC(C(C(C4O)O)OC5OC(C(C(C5O)O)OC6OC(C(C(C6O)O[*])O)C)CO)CO)CO)O[*])COC1CO,OC1C(C(OC(C1O)OC2C(OC(C(C2O)O)OC3C(C(C(OC3C(OC)=O)OC4C(OC(C(C4O)O)[*])C(O)=O)O)O)C(OC)=O)C(O)=O)O[*],,,,1.8756399370041683,10.1016_j.carbpol.2019.115159_part_3.txt_¶Î1_Material5
[*]CC([*])Cl,FC(F)([*])C([H])([*])[H],,,,1.55303301620244,10.1016_j.memsci.2014.08.050_part_2.txt_¶Î1_Material3
FC(F)([*])C([H])([*])[H],O=C([*])OC1=CC=C(C=C1)C(C)(C)C2=CC=C(C=C2)O[*],,,,1.3304137733491908,10.1021_acsomega.0c04656_part_1.txt_¶Î1_Material1
[*]CCCC[*],[*]C(CCCCCO[*])=O,,,,2.57978359661681,10.1002_pi.5250_part_4.txt_¶Î1_Material2
CNC(CNC(CN)=O)=O,O=C([*])C(C)O[*],,,,1.4291060083326963,10.1016_j.foodhyd.2017.10.001_part_7.txt_¶Î1_Material3
[*]C/C=C/CCC(C=C)CC([*])C1=CC=CC=C1,OCC(C(C(C1N)O)O[*])OC1OC2C(OC(C(C2O)N)[*])CO,,,,2.996949248495381,10.1007_s10924-018-1322-4_part_2.txt_¶Î1_Material1
[*]O[C@H](C)CC([*])=O,O=[Al]O[Al]=O.O=[Si]=O.O=[Si]=O.O=[Si]=O,,,,1.2380461031287957,10.1007_s10570-021-03735-8_part_2.txt_¶Î1_Material2
[*]CC([*])N1CCCC1=O,OCC1OC(C(C(C1[*])O)O)OC2C(C(C(OC2CO)O[*])O)O,,,,1.29754166781816,10.1088_2053-1591_ab0b11_part_2.txt_¶Î1_Material1
O=C(CCCCC(N(CCCCCCN([*])[H])[H])=O)[*],[*]CC(C#N)[*],,,,0.9030899869919436,10.3390_polym13121984_part_2.txt_¶Î1_Material1
OCC(C(C(C1N)O)O[*])OC1OC2C(OC(C(C2O)N)[*])CO,[*]C([H])([H])C(O)([H])[*],[*]C1C(C(C(OC1C(O[Na])=O)OC2C(C(O[Na])=O)OC(O[*])C(O)C2O)O)O,,,1.6334684555795864,10.1016_j.carbpol.2015.11.039_part_2.txt_¶Î1_Material1
[*]C/C=C(C[*])\Cl,,,,,2.8709888137605755,10.1016_j.polymer.2020.123325_part_2.txt_¶Î1_Material1
O=C(O[*])CCCCCCCCCCN[*],FC(F)([*])C([H])([*])[H],,,,1.3010299956639813,10.3390_polym6082146_part_2.txt_¶Î1_Material1
OCC(C(C(C1N)O)O[*])OC1OC2C(OC(C(C2O)N)[*])CO,[*]C([H])([H])C(O)([H])[*],C=CC(OCCCC)=O,,,1.3010299956639813,10.1016_j.carbpol.2015.11.039_part_2.txt_¶Î1_Material3
[*]C(N(CN(C(OCOC(N(CN(C(OCCO[*])=O)[H])[H])=O)=O)[H])[H])=O,CCCCCCCCCCCCCCCC[N+](C)(C)C.[Br-],,,,3.0791812460476247,10.1002_pat.4366_part_2.txt_¶Î1_Material1
C[Si](C)(C[*])O[*],[*]NC(C(N1CCCC1C(NCC(N2CC(CC2C(NC(C(NCC([*])=O)=O)CO)=O)O)=O)=O)=O)CCCCN,,,,2.210853365314893,10.1007_s11998-016-9846-9_part_2.txt_¶Î1_Material1
O=C([*])CCCCCN[*],[*]C(CCCCCO[*])=O,,,,2.0791812460476247,10.1088_1748-605x_aa6306_part_2.txt_¶Î1_Material1
[*]CC(C(OCC)=O)[*],[*]CC[*],,,,2.6541765418779604,10.1002_app.33957_part_2.txt_¶Î1_Material1
[*]C(NC1=C(C)C(NC(OCCO[*])=O)=CC=C1)=O,[Ca+2],,,,2.544068044350276,10.1002_pi.5798_part_1.txt_¶Î1_Material3
[*]CC(O)COC(CCCCCCCCC(O[*])=O)=O,[*]NCC(NC(C(ONCC(NC(C(NCC(NC(C([*])=O)C)=O)=O)C)=O)=O)CO)=O,,,,2.127104798364808,10.1016_j.smaim.2021.01.001_part_2.txt_¶Î1_Material1
OCC(C(C(C1N)O)O[*])OC1OC2C(OC(C(C2O)N)[*])CO,[*]OC1C(C(O)=O)OC(OC2C(NC(C)=O)C([*])OC(CO)C2O)C(O)C1O,,,,1.1335389083702174,10.1002_pc.23989_part_2.txt_¶Î1_Material1
[*]CC[*],O=C(O[Na])COCC(OC(C(C1O)O)[*])C1OC(C(C(C2O[*])O)O)OC2COCC(O[Na])=O,,,,1.1818435879447726,10.1007_s10924-016-0880-6_part_2.txt_¶Î1_Material2
[*]NC(C(O)=O)CCC([*])=O,[*]C(CCCCCO[*])=O,O=[Ti]=O,,,1.968482948553935,10.1039_d0gc01394c_part_6.txt_¶Î1_Material1
O=C(O[Na])COCC(OC(C(C1O)O)[*])C1OC(C(C(C2O[*])O)O)OC2COCC(O[Na])=O,C=CC1=CC=CC=C1,,,,1.2789821168654432,10.1016_j.carbpol.2015.04.051_part_7.txt_¶Î1_Material1
OCC1OC(C(C(C1[*])O)O)OC2C(C(C(OC2CO)O[*])O)O,NCCC[Si](OCC)(OCC)OCC,,,,1.7737864449811935,10.1016_j.carbpol.2021.117813_part_2.txt_¶Î1_Material1
[*]CCCC([*])OC(C)=O,[*]CCCC(C1C([*])C2CC1C/C2=C/C)C,,,,2.4771212547196626,10.1016_j.polymdegradstab.2018.04.005_part_6.txt_¶Î1_Material2
[*]CC(O[*])CN=[N+]=[N-],[*]CC(C(OCC)=O)[*],,,,2.250420002308894,10.1007_s00289-020-03440-9_part_3.txt_¶Î1_Material1
[*]C/C=C/C[*],OCC1OC(C(C(C1[*])O)O)OC2C(C(C(OC2CO)O[*])O)O,,,,1.99563519459755,10.1007_s00289-013-1024-y_part_2.txt_¶Î1_Material1
[*]C([C@H](C)OC([C@H](C)O[*])=O)=O,CC(CO[*])[*],,,,2.4471580313422194,10.1002_app.45299_part_2.txt_¶Î1_Material1
[*]CC(CC=CCC([*])C1=CC=CC=C1)C#N,[*]C(C)C[*],,,,0.973589623427257,10.14419_ijet.v7i3.34.19334_part_1.txt_¶Î1_Material1
[*]CC([*])N1CCCC1=O,OCC1OC(C(C(C1O)O[*])O)OC2C(C(C(OC2COS(=O)(O)=O)[*])NC(C)=O)O,,,,1.6127838567197357,10.1016_j.msec.2020.111151_part_5.txt_¶Î1_Material1
[*]OC(CC(OC(CC([*])=O)CC)=O)C,[*]C(C(OC(CO[*])=O)C)=O,,,,2.220343485097047,10.1088_2053-1591_ab0eaa_part_5.txt_¶Î1_Material2
[*]C(C=C1)=CC=C1S[*],O=C(C1=CC=C(C=C1)C(OCC[*])=O)O[*],,,,1,10.1002_pc.25234_part_2.txt_¶Î1_Material1
[*]C(C(OC(CO[*])=O)C)=O,[*]C(CCCCCO[*])=O,,,,1.7611758131557314,10.1016_j.apsusc.2018.04.059_part_1.txt_¶Î1_Material1
OCC(C(C(C1N)O)O[*])OC1OC2C(OC(C(C2O)N)[*])CO,[*]N1C(C2=CC3=C(C=C2C1=O)C(N(C3=O)C4=CC=C(C=C4)OC5=CC=C(C=C5)[*])=O)=O,,,,1.3979400086720375,10.1016_j.progpolymsci.2018.07.006_part_5.txt_¶Î1_Material1
[*]NC(C)C(N1CCCC1C([*])=O)=O,[Na+].[Cl-],,,,0.9845273133437926,10.1016_j.matlet.2012.07.091_part_1.txt_¶Î1_Material1
[*]C(C)C[*],[*]CC(C1=CC=C(C=C1)S(O)(=O)=O)[*],,,,1.1205739312058498,10.1016_j.eurpolymj.2009.07.019_part_1.txt_¶Î1_Material3
C/C(C[*])=C/C[*],[*]C(NC1=C(C)C(NC(OCCO[*])=O)=CC=C1)=O,[S],,,3.2657609167176105,10.1002_app.48002_part_2.txt_¶Î1_Material1
[*]CCCC(C(O)=O)[*],,,,,2.6989700043360187,10.1007_s10570-018-1875-3_part_2.txt_¶Î1_Material2
[*]CC([*])Cl,C=C(C(OCC1CO1)=O)C,,,,1.4487063199050798,10.3844_ajassp.2011.675.680_part_1.txt_¶Î1_Material1
[*]CCCC(C1C([*])C2CC1C/C2=C/C)C,[*]C(N(CN(C(OCOC(N(CN(C(OCCO[*])=O)[H])[H])=O)=O)[H])[H])=O,,,,2.187520720836463,10.3390_ma11112175_part_2.txt_¶Î1_Material5
CC(CO[*])[*],[*]C/C=C/CCC(C/C=C\C[*])C=C,,,,2.146128035678238,10.1002_app.49414_part_2.txt_¶Î1_Material3
OP(O)(O)=O,OCC1OC(OC2C(O)C(O)C(O[*])OC2CO)C(O)C(O)C1[*],,,,1.0043213737826426,10.4028_www.scientific.net_amr.356-360.430_part_1.txt_¶Î1_Material1
C=C(C)C(=O)OCCCC,O=C(C1=CC=C(C=C1)C(OCC[*])=O)O[*],,,,1.6020599913279625,10.1016_j.porgcoat.2017.11.004_part_2.txt_¶Î1_Material1
[*]OC(C(C1O)O)OC(COC)C1OC(OC(C(C2O)OC3OC(C(C(C3OC)O)OC4OC(C(C(C4OC)O)[*])COC)CO)COC)C2OCC(OC)C,[*]C([H])([H])C(O)([H])[*],,,,1.2671717284030135,10.1007_s10570-015-0624-0_part_3.txt_¶Î1_Material1
O=C([*])CCCCCN[*],O=C(CCCCC(N(CCCCCCN([*])[H])[H])=O)[*],[*]CC([*])N1CCCC1=O,,,1.462397997898956,10.1007_s11003-017-0087-6_part_1.txt_¶Î1_Material1
O=C(CCCCCCCCCCC(NCCCCCCCCCCN[*])=O)[*],O=C([*])CCCCCCCCCCC(NCCCCCCN[*])=O,,,,2.096910013008056,10.1016_j.polymer.2017.04.038_part_1.txt_¶Î1_Material1
[*]NCC(NC(C(ONCC(NC(C(NCC(NC(C([*])=O)C)=O)=O)C)=O)=O)CO)=O,O=C(O[Na])COCC(OC(C(C1O)O)[*])C1OC(C(C(C2O[*])O)O)OC2COCC(O[Na])=O,,,,1.2641091563058084,10.1016_j.carbpol.2016.05.088_part_4.txt_¶Î1_Material1
[*]C(CCCCCO[*])=O,[*]CC(CC(C#N)[*])C1=CC=CC=C1,,,,2.2174839442139063,10.1016_j.polymer.2019.121984_part_1.txt_¶Î1_Material2
[*]C(NC1=C(C)C(NC(OCCO[*])=O)=CC=C1)=O,[*]O[Si](C)(C)[*],,,,2.8274338954007794,10.1007_s13233-020-8138-5_part_2.txt_¶Î1_Material1
[*]CC([*])Cl,[*]CCCC(C1C([*])C2CC1C/C2=C/C)C,,,,1.812913356642856,10.1134_s107042721605013x_part_1.txt_¶Î1_Material2
[*]N1C(C2=CC3=C(C=C2C1=O)C(N(C3=O)C4=CC=C(C=C4)OC5=CC=C(C=C5)[*])=O)=O,[*]O[Si](C)(C)[*],,,,0.9030899869919436,10.1515_epoly-2024-0104_OA_part_3.txt_¶Î1_Material1
[*]CC(C#N)[*],[*]C(N(CN(C(OCOC(N(CN(C(OCCO[*])=O)[H])[H])=O)=O)[H])[H])=O,[*]CC(C1=CC=CC=C1)[*],,,2.06126394230025,10.1007_s11581-019-02940-7_part_1.txt_¶Î1_Material1
C[Si](O[*])(C)[*],[*]OC1C(C(O)=O)OC(OC2C(NC(C)=O)C([*])OC(CO)C2O)C(O)C1O,,,,1.6434526764861874,10.1002_pc.24445_part_1.txt_¶Î1_Material1
[*]CCCC([*])C(OC)=O,[C],,,,2.3012036787224464,10.1002_vnl.21818_part_3.txt_¶Î1_Material3
O=C(C1=CC=C(C=C1)C(OCC[*])=O)O[*],C=C([CH3])C(=O)O[CH3],,,,2.0569048513364727,10.1038_pj.2012.63_part_1.txt_¶Î1_Material1
[*]C/C=C/CCC([*])C#N,[*]C(N(CN(C(OCOC(N(CN(C(OCCO[*])=O)[H])[H])=O)=O)[H])[H])=O,,,,2.571708831808688,10.3390_ma11112175_part_2.txt_¶Î1_Material2
[*]CC(CC=CCC([*])C1=CC=CC=C1)C#N,[*]CC(C1=CC=CC=C1)C/C=C/C[*],,,,1.758381941774675,10.1002_app.47075_part_1.txt_¶Î1_Material1
OCC1OC(C(C(C1[*])O)O)OC2C(C(C(OC2CO)O[*])O)O,[*]CC(C#N)[*],,,,0.6020599913279624,10.1007_s10570-015-0779-8_part_8.txt_¶Î1_Material3
[*]CCC(CCCCCC)C[*],OC(C(C)(CC(C1=CC=CC=C1)[*])CC(C[*])(C(OCC2CO2)=O)C)=O,,,,2.279598509904568,10.3390_polym10030291_part_2.txt_¶Î1_Material3
C=C([CH3])C(=O)O[CH3],C[Si](O[*])(C)[*],,,,2.6232492903979003,10.4172_2169-0022.1000158_part_1.txt_¶Î1_Material1
O=S(C(C=C1)=CC=C1OC(C=C2)=CC=C2C(C)(C)C(C=C3)=CC=C3O[*])(C4=CC=C([*])C=C4)=O,[*]CCCCOCCCCOCCCCOCCCCO[*],,,,1.9822712330395684,10.1177_0954008315613423_part_2.txt_¶Î1_Material2
[*]C(C)C[*],[*]CC(CC[*])O,,,,2.397940008672037,10.3390_polym13050705_part_3.txt_¶Î1_Material3
[*]CC[*],[*]C(CCCCC([*])S(=O)(Cl)=O)Cl,,,,2.3541084391474008,10.1134_s1070427212120245_part_2.txt_¶Î1_Material1
O=C(C1=CC=C(C=C1)C(OCC[*])=O)O[*],[*]CCCCOCCCCOCCCCOCCCCO[*],,,,1.9731278535996983,10.1177_0954008315613423_part_2.txt_¶Î1_Material1
O=C([*])CCCCCN[*],C[Si](C)(C[*])O[*],,,,1.343802333161655,10.4028_www.scientific.net_msf.1003.219_part_1.txt_¶Î1_Material1
[*]CC(O)COC(CCCCCCCCC(O[*])=O)=O,[*]C([H])([H])C(O)([H])[*],,,,1.9912260756924949,10.1016_j.eurpolymj.2014.12.008_part_5.txt_¶Î1_Material1
[*]C/C=C/CCC(C=C)CC([*])C1=CC=CC=C1,[*]C(N(CN(C(OCOC(N(CN(C(OCCO[*])=O)[H])[H])=O)=O)[H])[H])=O,,,,2.628388930050312,10.3390_ma11112175_part_2.txt_¶Î1_Material4
O=C([*])C1=CC=C(C=C1)OC2=CC=C(C=C2)OC3=CC=C(C=C3)[*],[*]C1=CC(C2=NC3=CC(C4=CC=C5N=C([*])NC5=C4)=CC=C3N2)=CC=C1,,,,1.1532049000842843,10.1016_j.memsci.2018.02.039_part_3.txt_¶Î1_Material1
C[Si](C)(C[*])O[*],[*]CCC(CCCCCC)C[*],,,,2.1956229435869368,10.1080_09205063.2020.1856300_part_3.txt_¶Î1_Material2
O=C(O[Na])COCC(OC(C(C1O)O)[*])C1OC(C(C(C2O[*])O)O)OC2COCC(O[Na])=O,O=C(O[Na])COCC(OC(C(C1O)O)[*])C1OC(C(C(C2O[*])O)O)OC2COCC(O[Na])=O,,,,1.5258219521566627,10.1016_j.ijbiomac.2020.05.080_part_3.txt_¶Î1_Material1
O=C(O[*])CCCCCCCCCCN[*],[O-][Si]([O-])([O-])O[Si]([O-])([O-])[O-].[Ca+2],,,,1.255272505103306,10.1016_j.eurpolymj.2017.12.012_part_4.txt_¶Î1_Material1
[*]OCCCOC(C1=CC=C(C([*])=O)C=C1)=O,[*][C@H]1[C@H](O)[C@@H](O)[C@H](OC2C(O)C(OC(C)=O)C(O[*])OC2CO)O[C@@H]1CO,[*]C(CCCCCO[*])=O,,,2.287801729930226,10.1002_app.32903_part_2.txt_¶Î1_Material1
[*]C(N(CN(C(OCOC(N(CN(C(OCCO[*])=O)[H])[H])=O)=O)[H])[H])=O,[*]CCCC(C1C([*])C2CC1C/C2=C/C)C,,,,2.7075701760979363,10.1007_s13233-014-2077-y_part_1.txt_¶Î1_Material1
OCC(C(C(C1N)O)O[*])OC1OC2C(OC(C(C2O)N)[*])CO,[*]C(CCCCCO[*])=O,[*]NC(C(N1CCCC1C(NCC(N2CC(CC2C(NC(C(NCC([*])=O)=O)CO)=O)O)=O)=O)=O)CCCCN,,,1.255272505103306,10.1016_j.ijbiomac.2017.05.004_part_8.txt_¶Î1_Material4
O=C(C(C[*])[*])N,[*]C1=C(C=CN2)C2=C([*])C(O)=C1O,,,,3.041392685158225,10.1016_j.carbpol.2021.117894_part_2.txt_¶Î1_Material1
[*]NC(C(O)=O)CCC([*])=O,[Ca+2],,,,0.7528164311882715,10.1021_acsbiomaterials.8b00682_part_4.txt_¶Î1_Material1
[*]C/C=C(C[*])\Cl,[*]C(N(CN(C(OCOC(N(CN(C(OCCO[*])=O)[H])[H])=O)=O)[H])[H])=O,,,,2.672097857935717,10.3390_ma11112175_part_2.txt_¶Î1_Material3
OCC(C(C(C1N)O)O[*])OC1OC2C(OC(C(C2O)N)[*])CO,[*]C1=CC=C([*])N1,,,,1.2695129442179165,10.1016_j.compositesa.2010.06.014_part_2.txt_¶Î1_Material2
CNC(CNC(CN)=O)=O,[*]NC(C(N1CCCC1C(NCC(N2CC(CC2C(NC(C(NCC([*])=O)=O)CO)=O)O)=O)=O)=O)CCCCN,,,,1,10.3390_polym10111258_part_2.txt_¶Î1_Material1
[*]C([H])([H])C(O)([H])[*],[*]OC1C(C(O)=O)OC(OC2C(NC(C)=O)C([*])OC(CO)C2O)C(O)C1O,[*]OCC[*],,,2.57978359661681,10.3390_polym9120655_part_2.txt_¶Î1_Material3
[*]C(N(CN(C(OCOC(N(CN(C(OCCO[*])=O)[H])[H])=O)=O)[H])[H])=O,[Li]Cl,,,,2.346352974450639,10.1016_j.polymer.2010.04.022_part_2.txt_¶Î1_Material1
[*]CC(C1=CC=CC=C1)[*],[*]CC(CC(C=C)([*])C)C1=CC=CC=C1,,,,1.9030899869919435,10.1080_00222340903355693_part_2.txt_¶Î1_Material1
O=C(C1=CC=C(C=C1)C(OCC[*])=O)O[*],[*]O[C@H](C)CC([*])=O,,,,1.9030899869919435,10.1007_s10924-021-02073-x_part_2.txt_¶Î1_Material2
C/C(C[*])=C/C[*],[*]C(N(CN(C(OCOC(N(CN(C(OCCO[*])=O)[H])[H])=O)=O)[H])[H])=O,,,,2.7745169657285498,10.3390_ma11112175_part_2.txt_¶Î1_Material1
O=C([*])C(C)O[*],[*]O[C@H](C)CC([*])=O,C12=CC3=CC4=CC=CN=C4N=C3N=C1N=C5N=C6N=CC=CC6=CC5=C2,,,0.6232492903979004,10.1007_s10973-019-08218-4_part_1.txt_¶Î1_Material2
OCC1OC(C(C(C1[*])O)O)OC2C(C(C(OC2CO)O[*])O)O,[*]O[C@H](C)CC([*])=O,,,,0.8573324964312685,10.1016_j.carbpol.2011.08.038_part_1.txt_¶Î1_Material1
[*]CC([*])N1CCCC1=O,[*]C([H])([H])C(O)([H])[*],,,,2.1212314551496214,10.1016_j.ijleo.2020.166008_part_2.txt_¶Î1_Material1
[*]OC1C(C(OC(C1O)OC2C3C(C(OC2CO3)[*])O)CO)O,[*]C(CCCCCO[*])=O,,,,1.4771212547196624,10.1021_acsami.5b10675_part_2.txt_¶Î1_Material1
[*]C1OC(CCC)OC(C[*])C1,[*]CC([*])N1CCCC1=O,,,,1.575187844927661,10.1016_j.cej.2013.03.061_part_2.txt_¶Î1_Material1
[*]CCC(CCCC(CCCC(C[*])C)C)C,[*]C(CCCCCO[*])=O,,,,2.0791812460476247,10.3390_ma6104489_part_2.txt_¶Î1_Material2
O=C([*])CCCCCN[*],[*]CCCC(CCCCCC)[*],,,,1.944482672150169,10.1179_1743289815y.0000000009_part_2.txt_¶Î1_Material1
[*]CC(O)COC1=CC=C(C(C)(C2=CC=C(O[*])C=C2)C)C=C1,,,,,0.6334684555795865,10.1016_j.matdes.2013.06.018_part_1.txt_¶Î1_Material1
FC(F)([*])C([H])([*])[H],O=C([*])OC1=CC=C(C=C1)C(C)(C)C2=CC=C(C=C2)O[*],C=C([CH3])C(=O)O[CH3],,,1.3483048630481609,10.1002_app.33964_part_2.txt_¶Î1_Material2
[*]OC(C(C1O)O)OC(COC)C1OC(OC(C(C2O)OC3OC(C(C(C3OC)O)OC4OC(C(C(C4OC)O)[*])COC)CO)COC)C2OCC(OC)C,OC[C@@H]([C@H]([C@@H]([C@@H](CO)O)O)O)O,,,,0.7109631189952758,10.1590_s0101-20612011000200026_part_1.txt_¶Î1_Material5
[*]O[C@H](C)CC([*])=O,OC1=C2C(C3(O)C4C5C6=C7C8C(C9=CC(C(O)=O)=C(C=C(C=C%10C(O)=O)C%11%12)C(C%11=C%13C%14C%15%16C%17(O%16)C%18C%19=C%20C%21=C%22C(C(O)=C%23)=C%24C%25C%21=C%26C%19=C%27C%17=C%28C%14(O)C%12=C%10C=C%28CC%27=CC%26=CC%25=C(C(O)=O)C=C%24)C9=C7C%13(O)C5=C%15C3=C%18C%29%30C%20(O%30)C%31C%22C%23=C%32)=CC(C(O)=O)=CC8=CC6=C(C(O)=O)C4=C2)=C%29C%33=C%31C%32=C(C(O)=O)C=C%331,,,,0.8450980400142568,10.1016_j.polymertesting.2019.106181_part_3.txt_¶Î1_Material2
OCC1OC(C(C(C1[*])O)O)OC2C(C(C(OC2CO)O[*])O)O,[*]C1=CC=C(C=C1)C(N[*])=O,,,,0.6020599913279624,10.1016_j.polymertesting.2020.106358_part_2.txt_¶Î1_Material1
[*]C/C=C/CCC(C/C=C\C[*])C=C,[*]CCC(CCCC(CCCC(C[*])C)C)C,,,,2.0681858617461617,10.1002_pen.25445_part_2.txt_¶Î1_Material1
[*]C(N(CN(C(OCOC(N(CN(C(OCCO[*])=O)[H])[H])=O)=O)[H])[H])=O,[*]C/C=C/CCC([*])C#N,,,,2.672097857935717,10.1007_s13233-014-2077-y_part_1.txt_¶Î1_Material3
[*]C([H])([H])C(O)([H])[*],[*]OCC[*],[*]OCC[*],,,2.6020599913279625,10.3390_polym9120655_part_2.txt_¶Î1_Material1
[*]CC(C1=CC=CC=C1)[*],[*]C(C)C[*],,,,2.089905111439398,10.3390_su12135272_part_3.txt_¶Î1_Material4
OP(O)(O)=O,[*]C(N(CN(C(OCOC(N(CN(C(OCCO[*])=O)[H])[H])=O)=O)[H])[H])=O,,,,2.959041392321093,10.1016_j.proche.2016.03.034_part_1.txt_¶Î1_Material1
[*]OCC[*],[*]NC(C(N1CCCC1C(NCC(N2CC(CC2C(NC(C(NCC([*])=O)=O)CO)=O)O)=O)=O)=O)CCCCN,,,,1.7634279935629371,10.1088_1748-605x_aaf31b_part_2.txt_¶Î1_Material1
FC(F)(C(F)(C(F)(C(F)(C(F)([*])F)F)C(F)(F)F)F)C[*],[*]C(NC1=C(C)C(NC(OCCO[*])=O)=CC=C1)=O,,,,2.699143687394484,10.1177_147776061202800202_part_4.txt_¶Î1_Material1
[*]C(CCCCCO[*])=O,O=C([*])CCCCCO[*],,,,1.8195439355418688,10.1002_app.34728_part_1.txt_¶Î1_Material1
OCC(C(C(C1N)O)O[*])OC1OC2C(OC(C(C2O)N)[*])CO,[*]OC1C(C(OC(C1O)OC2C3C(C(OC2CO3)[*])O)CO)O,,,,1.38524868240322,10.1155_2012_285318_part_1.txt_¶Î1_Material1
[*]CC(C#N)[*],[*]C1=CC=C(C=C1)C(N[*])=O,,,,1.1760912590556811,10.1021_ie400636z_part_1.txt_¶Î1_Material1
[*]OC1C(C(O)=O)OC(OC2C(NC(C)=O)C([*])OC(CO)C2O)C(O)C1O,[*]NC(C(N1CCCC1C(NCC(N2CC(CC2C(NC(C(NCC([*])=O)=O)CO)=O)O)=O)=O)=O)CCCCN,,,,1.0655797147284485,10.1002_app.32095_part_2.txt_¶Î1_Material4
[*]C([C@H](C)OC([C@H](C)O[*])=O)=O,[*]C(C1=CC=C(C(OCCCCO[*])=O)C=C1)=O,,,,2.204119982655925,10.1016_j.eurpolymj.2013.06.038_part_2.txt_¶Î1_Material1
O=C(C(C[*])[*])N,O=C(O[Na])COCC(OC(C(C1O)O)[*])C1OC(C(C(C2O[*])O)O)OC2COCC(O[Na])=O,,,,3.035829825252828,10.1016_j.carbpol.2019.115051_part_5.txt_¶Î1_Material1
[*]C(CCCCCO[*])=O,[*]CC(CC(C=C)([*])C)C1=CC=CC=C1,,,,2.2192176570229067,10.1177_1740349912450828_part_2.txt_¶Î1_Material4
[*]CC(CCCC(CC)CC([*])C1=CC=CC=C1)C2=CC=CC=C2,[*]C(NC1=C(C)C(NC(OCCO[*])=O)=CC=C1)=O,,,,2.9041743682841634,10.1016_j.polymer.2019.03.035_part_2.txt_¶Î1_Material1
O=C([*])C(C)O[*],[*]CC(C(OCC)=O)[*],,,,2,10.1002_app.36842_part_1.txt_¶Î1_Material3
[*]CC([*])Cl,O=C([*])C(C)O[*],,,,0.7041505168397991,10.1002_pen.21867_part_1.txt_¶Î1_Material3
[*]CCCC[*],[*]OCC[*],,,,2.14921911265538,10.1002_pi.4795_part_2.txt_¶Î1_Material1
[*]C(N(CN(C(OCOC(N(CN(C(OCCO[*])=O)[H])[H])=O)=O)[H])[H])=O,O=C(CCCCCCCCCCC(NCCCCCCCCCCCCN[*])=O)[*],,,,2.716003343634799,10.1002_app.34483_part_2.txt_¶Î1_Material1
[*]CC(O)COC(CCCCCCCCC(O[*])=O)=O,[*]C([C@H](C)OC([C@H](C)O[*])=O)=O,,,,1.3979400086720375,10.1016_j.actbio.2015.03.004_part_1.txt_¶Î1_Material1
[*]N1C(C2=CC3=C(C=C2C1=O)C(N(C3=O)C4=CC=C(C=C4)OC5=CC=C(C=C5)[*])=O)=O,[C],,,,0.7993405494535817,10.1002_pc.22886_part_1.txt_¶Î1_Material1
O=C([*])C(C)O[*],OC1C(O)C([*])OC(COC2C(O)C(O)C(O)C(CO)O2)C1OC3C(O)C(O)C(CO[*])C(CO)O3,,,,1.2612628687924936,10.1016_j.colsurfa.2021.126659_part_1.txt_¶Î1_Material1
[*]C([H])([H])C(O)([H])[*],[*]OCC[*],O=S([CH3])[CH3],,,2.6989700043360187,10.1002_app.34678_part_2.txt_¶Î1_Material1
O=C(CCCCC(N(CCCCCCN([*])[H])[H])=O)[*],C[Si](C)(C[*])O[*],,,,1.2695129442179165,10.3390_polym11111735_part_1.txt_¶Î1_Material1
[*]C/C=C/C[*],[*]CC[*],OCC1OC(C(C(C1[*])O)O)OC2C(C(C(OC2CO)O[*])O)O,,,1.57978359661681,10.1007_s00289-013-1024-y_part_2.txt_¶Î1_Material2
[*]CC(C1=CC=CC=C1)[*],[*]CC(CC=CCC([*])C1=CC=CC=C1)C#N,,,,0.9637878273455552,10.1002_polb.22202_part_2.txt_¶Î1_Material2
[*]NC(C(N1CCCC1C(NCC(N2CC(CC2C(NC(C(NCC([*])=O)=O)CO)=O)O)=O)=O)=O)CCCCN,OCC1O[C@H](C(C([C@@H]1O)O)O)O,,,,1.7781512503836436,10.1080_03602559.2010.496422_part_1.txt_¶Î1_Material2
[*]C(NC1=C(C)C(NC(OCCO[*])=O)=CC=C1)=O,CC[C@H](C)[C@H](NC(=O)[C@H](CC(C)C)NC(C)=O)C(=O)NCC(=O)N[C@H](C(=O)N1CCC[C@H]1C(=O)NC)C(C)C,,,,2,10.1021_acs.biomac.5b01681_part_2.txt_¶Î1_Material1
[*]NC(C(O)=O)CCC([*])=O,[*]NC(C(N1CCCC1C(NCC(N2CC(CC2C(NC(C(NCC([*])=O)=O)CO)=O)O)=O)=O)=O)CCCCN,,,,1.505149978319906,10.2147_ijn.s24312_part_1.txt_¶Î1_Material2
O=C([*])CCCCCN[*],O=C(C(C[*])[*])N,,,,2.380211241711606,10.3390_ma14040751_part_2.txt_¶Î1_Material5
[*]CCCC([*])OC(C)=O,[*]C(C)C[*],,,,2.5060989599284405,10.1002_app.47557_part_2.txt_¶Î1_Material1
[*]CC([*])Cl,OCC1OC(C(C(C1[*])O)O)OC2C(C(C(OC2CO)O[*])O)O,[*]CC([*])N1CCCC1=O,,,1.0413926851582251,10.1002_app.50312_part_2.txt_¶Î1_Material1
FC(F)(C(F)(C(F)(C(F)(C(F)([*])F)F)C(F)(F)F)F)C[*],OC1=C2C(C3(O)C4C5C6=C7C8C(C9=CC(C(O)=O)=C(C=C(C=C%10C(O)=O)C%11%12)C(C%11=C%13C%14C%15%16C%17(O%16)C%18C%19=C%20C%21=C%22C(C(O)=C%23)=C%24C%25C%21=C%26C%19=C%27C%17=C%28C%14(O)C%12=C%10C=C%28CC%27=CC%26=CC%25=C(C(O)=O)C=C%24)C9=C7C%13(O)C5=C%15C3=C%18C%29%30C%20(O%30)C%31C%22C%23=C%32)=CC(C(O)=O)=CC8=CC6=C(C(O)=O)C4=C2)=C%29C%33=C%31C%32=C(C(O)=O)C=C%331,,,,2.678518379040114,10.1002_pc.25061_part_2.txt_¶Î1_Material1
O=C([*])OC1=CC=C(C=C1)C(C)(C)C2=CC=C(C=C2)O[*],O=C(C1=CC=C(C=C1)C(OCC[*])=O)O[*],,,,1.2576785748691846,10.29235_1561-8323-2019-63-1-121-128_OA_part_2.txt_¶Î1_Material1
[*]C(C(OC(CO[*])=O)C)=O,[*]C(NC1=C(C)C(NC(OCCO[*])=O)=CC=C1)=O,,,,2.3010299956639813,10.2478_s11696-013-0438-1_part_1.txt_¶Î1_Material1
[*]NCC(NC(C(ONCC(NC(C(NCC(NC(C([*])=O)C)=O)=O)C)=O)=O)CO)=O,[*]C(C)C[*],,,,1,10.4028_www.scientific.net_amr.796.126_part_2.txt_¶Î1_Material1
[*]C(C(OC(CO[*])=O)C)=O,[Cu],,,,2.361727836017593,10.1088_1757-899x_1093_1_012004_part_1.txt_¶Î1_Material1
[*]C(CCCCCO[*])=O,OCC1OC(OC2C(O)C(O)C(O[*])OC2CO)C(O)C(O)C1[*],,,,1.6794278966121188,10.3390_ma13173853_part_3.txt_¶Î1_Material1
[*]CC(C1=CC=CC=C1)[*],[C],,,,0.3222192947339193,10.1016_j.polymertesting.2021.107132_part_1.txt_¶Î1_Material3
[*]CC(CCCC(CC)CC([*])C1=CC=CC=C1)C2=CC=CC=C2,O=C([*])C(C)O[*],,,,0.8808135922807914,10.1002_app.33412_part_2.txt_¶Î1_Material1
[*]C1C(OC(C(C1O)O)OC2C(OC(C(C2O)O)O[*])CO)CO,[*]OCC[*],,,,1.0195316845312554,10.32802_asmscj.2021.571_OA_part_2.txt_¶Î1_Material1
[*]CC(CC(C#N)[*])C1=CC=CC=C1,[*]C(C)C[*],,,,1.1038037209559568,10.1186_s13065-018-0447-9_part_2.txt_¶Î1_Material1
[*]CC(C#N)[*],[Ag],,,,1.5014700721004122,10.1007_s00289-022-04311-1_OA_part_3.txt_¶Î1_Material1
[*]CC(C(CCC)=O)([*])C,,,,,1.2787536009528289,10.1016_j.polymer.2017.09.010_part_2.txt_¶Î1_Material5
[*]C(CCCCC(OCCCCO[*])=O)=O,[*]C(N(CN(C(OCOC(N(CN(C(OCCO[*])=O)[H])[H])=O)=O)[H])[H])=O,,,,2.6893088591236203,10.1016_j.polymer.2018.01.058_part_1.txt_¶Î1_Material1
O=C([*])CCCCCN[*],Cl[Ca]Cl,,,,1.7007037171450194,10.1002_app.33763_part_2.txt_¶Î1_Material1
[*]CC(O)COC(CCCCCCCCC(O[*])=O)=O,[*]CC(O)COC(CCCCCCCCC(O[*])=O)=O,,,,1.6989700043360187,10.1039_c7tb01078h_part_4.txt_¶Î1_Material1
[*]CC(C#N)[*],C12[Si]34C15C3C425,,,,1.0659529803138696,10.1016_j.polymdegradstab.2018.10.020_part_2.txt_¶Î1_Material2
[*]C([H])([H])C(O)([H])[*],[*]C1C(OC(C(O)C1O)OC2C(O)C(O)C(OC2C(O[Na])=O)O[*])C(O[Na])=O,,,,1.6812412373755872,10.1007_s10570-013-0124-z_part_2.txt_¶Î1_Material2
[*][C@H]1[C@H](O)[C@@H](O)[C@H](OC2C(O)C(OC(C)=O)C(O[*])OC2CO)O[C@@H]1CO,,,,,1.5010592622177514,10.1002_app.30984_part_2.txt_¶Î1_Material1
O=C([*])C(C)O[*],O=C(CCCCCCCCCCC(NCCCCCCCCCCN[*])=O)[*],,,,1.812913356642856,10.1002_app.48440_part_2.txt_¶Î1_Material2
C=CC1=CC=CC=C1,[*]C([H])([H])C(O)([H])[*],,,,1.5449357658815026,10.1016_j.carbpol.2021.118448_part_2.txt_¶Î1_Material5
O=C([*])C(C)O[*],[*]CC(O)COC1=CC=C(C(C)(C2=CC=C(O[*])C=C2)C)C=C1,,,,0.5865873046717549,10.3390_polym13091369_part_5.txt_¶Î1_Material2
[*]C(CCCCCO[*])=O,[*]CC(C1=CC=C(C=C1)S(=O)([O-])=O)[*],,,,2.6020599913279625,10.1002_mame.201700463_part_1.txt_¶Î1_Material1
[*]C(NC1=C(C)C(NC(OCCO[*])=O)=CC=C1)=O,C=C(C)C(=O)OCCCC,,,,2.397244581010386,10.1002_app.34149_part_2.txt_¶Î1_Material1
[*]C(C=C1)=CC=C1S[*],C12=CC3=CC4=CC=CN=C4N=C3N=C1N=C5N=C6N=CC=CC6=CC5=C2,,,,0.6989700043360189,10.1080_20550340.2019.1703334_part_3.txt_¶Î1_Material2
[*]C(CCCCCO[*])=O,OP(O)(O)=O,,,,2.3847117429382823,10.1002_app.50332_part_2.txt_¶Î1_Material1
[*]CC(C#N)[*],C[Si](C)(C[*])O[*],,,,1.8802417758954804,10.1021_acsami.6b09392_part_2.txt_¶Î1_Material1
[*]OCC[*],[*]CC(C#N)[*],,,,1.4867137759824856,10.1002_vnl.21576_part_2.txt_¶Î1_Material1
O=C(C1=CC=C(C=C1)C(OCC[*])=O)O[*],[*]C1=CC(C2=NC3=CC(C4=CC=C5N=C([*])NC5=C4)=CC=C3N2)=CC=C1,,,,1.4941545940184429,10.1016_j.jiec.2015.03.022_part_1.txt_¶Î1_Material1
OCC1OC(C(C(C1O)O[*])O)OC2C(C(C(OC2COS(=O)(O)=O)[*])NC(C)=O)O,[*]C(CCCCCO[*])=O,,,,1.6720978579357175,10.1002_pen.23928_part_1.txt_¶Î1_Material1
[*]C([H])([H])C(O)([H])[*],[*]C1OC2COC(C2OC3C(C(C(C(C3)CO)OS(=O)([O-])=O)O[*])O)C1OS(=O)([O-])=O,,,,1.2405492482825995,10.1016_j.foodhyd.2017.04.017_part_1.txt_¶Î1_Material5
C=C([CH3])C(=O)O[CH3],O=C(C1=CC=C(C=C1)C(OCC[*])=O)O[*],,,,2.017867718963505,10.1590_0104-1428.1924_part_1.txt_¶Î1_Material1
OCC1OC(C(C(C1[*])O)O)OC2C(C(C(OC2CO)O[*])O)O,O=S(C(C=C1)=CC=C1OC(C=C2)=CC=C2C(C)(C)C(C=C3)=CC=C3O[*])(C4=CC=C([*])C=C4)=O,[*]CC([*])N1CCCC1=O,,,1.1072099696478683,10.2166_wst.2017.122_part_2.txt_¶Î1_Material1
[*]CC(OC(O[*])=O)C,[*][C@H]1[C@H](O)[C@@H](O)[C@H](OC2C(O)C(OC(C)=O)C(O[*])OC2CO)O[C@@H]1CO,,,,2.0681858617461617,10.1016_j.carbpol.2012.11.058_part_2.txt_¶Î1_Material1
[*]C(NC1=C(C)C(NC(OCCO[*])=O)=CC=C1)=O,[*]C(CCCCCO[*])=O,C[Si](C)(C[*])O[*],,,2.3729120029701067,10.1002_app.46360_part_2.txt_¶Î1_Material1
OP(O)(O)=O,O=C([*])C1=CC=C2C=C(C=CC2=C1)OC(C3=CC=C(C=C3)O[*])=O,,,,0.8363241157067517,10.1002_app.39952_part_2.txt_¶Î1_Material4
[*]CC(C#N)[*],[*]C1=CC=C([*])N1,,,,1.4653828514484182,10.1002_app.36552_part_2.txt_¶Î1_Material1
O=C(C1=CC=C(C=C1)C([*])=O)NC2=CC=C(C=C2)N[*],,,,,1.235528446907549,10.1002_pc.24346_part_2.txt_¶Î1_Material2
[*]C(CCCCCO[*])=O,[Cu],,,,2.9138138523837167,10.1088_1757-899x_1093_1_012004_part_1.txt_¶Î1_Material2
[*]C([H])([H])C(O)([H])[*],CCO[Si](OCC)(OCC)OCC,,,,2,10.1016_j.seppur.2011.07.020_part_2.txt_¶Î1_Material4
OC1C(C(OC(C1O)OC2C(OC(C(C2O)O)OC3C(C(C(OC3C(OC)=O)OC4C(OC(C(C4O)O)[*])C(O)=O)O)O)C(OC)=O)C(O)=O)O[*],OCC(O)CO,,,,1.4771212547196624,10.1111_ijfs.13183_part_1.txt_¶Î1_Material2
[*]C1C(C(C(OC1C(O[Na])=O)OC2C(C(O[Na])=O)OC(O[*])C(O)C2O)O)O,[Ag],,,,1.1205739312058498,10.3390_nano9111523_part_3.txt_¶Î1_Material2
[*]CCCCOCCCCOCCCCOCCCCO[*],C[Si](C)(C[*])O[*],,,,2.201397124320452,10.1002_pc.22212_part_1.txt_¶Î1_Material2
OCC(C(C(C1N)O)O[*])OC1OC2C(OC(C(C2O)N)[*])CO,[*]C1=C(C=CN2)C2=C([*])C(O)=C1O,,,,1.591064607026499,10.1016_j.carbpol.2020.116524_part_4.txt_¶Î1_Material1
[*]CC(C#N)[*],[Li]Cl,,,,1.9161906599805376,10.1002_pen.21989_part_1.txt_¶Î1_Material1
[*]CC(C#N)[*],[Na+].[Cl-],,,,0.7481880270062004,10.1002_app.50756_part_2.txt_¶Î1_Material1
C[Si](C)(C[*])O[*],C(C)(C1=CC=C(OCC2CO2)C=C1)(C)C1=CC=C(OCC2CO2)C=C1,,,,2.4679039465228003,10.1016_j.reactfunctpolym.2020.104537_part_4.txt_¶Î1_Material1
[*]CC(CC=CCC([*])C1=CC=CC=C1)C#N,OCC1OC(C(C(C1[*])O)O)OC2C(C(C(OC2CO)O[*])O)O,,,,1.3010299956639813,10.1016_j.compositesb.2019.107291_part_3.txt_¶Î1_Material1
[*]NC(C)C(N1CCCC1C([*])=O)=O,[*]OC(C(C1O)O)OC(COC)C1OC(OC(C(C2O)OC3OC(C(C(C3OC)O)OC4OC(C(C(C4OC)O)[*])COC)CO)COC)C2OCC(OC)C,,,,1.1931245983544616,10.1016_j.carbpol.2014.11.057_part_2.txt_¶Î1_Material1
[*]CC(C1=CC=CC=C1)[*],[*]C([H])([H])C(O)([H])[*],,,,1.6020599913279625,10.1016_j.jfoodeng.2015.06.003_part_1.txt_¶Î1_Material3
O=C([*])CCCCCO[*],[*]NCC(NC(C(ONCC(NC(C(NCC(NC(C([*])=O)C)=O)=O)C)=O)=O)CO)=O,,,,1.6748611407378116,10.3233_bme-151293_part_1.txt_¶Î1_Material1
[*]CC(C1=CC=CC=C1)[*],[*]CC(CC)([*])C(OCC1=CC=CC=C1)=O,,,,1,10.1016_j.compscitech.2012.03.006_part_1.txt_¶Î1_Material1
OCC1OC(C(C(C1[*])O)O)OC2C(C(C(OC2CO)O[*])O)O,[*]C1=C(C(C[*])=CC=C1)O,,,,1.167317334748176,10.1007_s10570-012-9815-0_part_2.txt_¶Î1_Material2
O=C([*])OC1=CC=C(C=C1)C(C)(C)C2=CC=C(C=C2)O[*],O=C([*])C1=CC=C(C=C1)OC2=CC=C(C=C2)OC3=CC=C(C=C3)[*],,,,2.463892988985908,10.1007_s00170-009-2507-8_part_2.txt_¶Î1_Material4
[*]C(NC1=C(C)C(NC(OCCO[*])=O)=CC=C1)=O,CC(CO[*])[*],,,,2.322260654143684,10.1002_app.47429_part_1.txt_¶Î1_Material2
OC1=C2C(C3(O)C4C5C6=C7C8C(C9=CC(C(O)=O)=C(C=C(C=C%10C(O)=O)C%11%12)C(C%11=C%13C%14C%15%16C%17(O%16)C%18C%19=C%20C%21=C%22C(C(O)=C%23)=C%24C%25C%21=C%26C%19=C%27C%17=C%28C%14(O)C%12=C%10C=C%28CC%27=CC%26=CC%25=C(C(O)=O)C=C%24)C9=C7C%13(O)C5=C%15C3=C%18C%29%30C%20(O%30)C%31C%22C%23=C%32)=CC(C(O)=O)=CC8=CC6=C(C(O)=O)C4=C2)=C%29C%33=C%31C%32=C(C(O)=O)C=C%331,[*]CC(C#N)[*],,,,0.7355988996981799,10.1021_ma400681v_part_2.txt_¶Î1_Material1
[*]CCN[*],OC1=C2C(C3(O)C4C5C6=C7C8C(C9=CC(C(O)=O)=C(C=C(C=C%10C(O)=O)C%11%12)C(C%11=C%13C%14C%15%16C%17(O%16)C%18C%19=C%20C%21=C%22C(C(O)=C%23)=C%24C%25C%21=C%26C%19=C%27C%17=C%28C%14(O)C%12=C%10C=C%28CC%27=CC%26=CC%25=C(C(O)=O)C=C%24)C9=C7C%13(O)C5=C%15C3=C%18C%29%30C%20(O%30)C%31C%22C%23=C%32)=CC(C(O)=O)=CC8=CC6=C(C(O)=O)C4=C2)=C%29C%33=C%31C%32=C(C(O)=O)C=C%331,,,,1.7481880270062005,10.1016_j.compositesb.2016.09.048_part_4.txt_¶Î1_Material1
C/C(C[*])=C/C[*],[*]CC[*],,,,2.7781512503836434,10.1007_s10118-016-1794-4_part_1.txt_¶Î1_Material1
[*]C1C(O)C(O)C(OC2C(O)C(O)C(O[*])OC2COCCO)OC1COCCO,[*]OCC[*],,,,1.5314789170422551,10.1080_10942912.2016.1219369_part_4.txt_¶Î1_Material4
[*]OC(C(C1O)O)OC(COC)C1OC(OC(C(C2O)OC3OC(C(C(C3OC)O)OC4OC(C(C(C4OC)O)[*])COC)CO)COC)C2OCC(OC)C,[*]OCC[*],,,,0.9030899869919436,10.1080_10942912.2016.1219369_part_4.txt_¶Î1_Material1
[*]OC1C(C(OC(C1O)OC2C3C(C(OC2CO3)[*])O)CO)O,[*]OC1C(O)C(O)C(OC2C(OC(C(CO)O)=O)C(OC3C(O)C(O)C(OC4C(O)C(O)C(O[*])OC4CO)OC3C(O)=O)OC(CO)C2O)OC1C,,,,1.4313637641589874,10.1007_s10570-015-0712-1_part_1.txt_¶Î1_Material1
OCC1OC(C(C(C1[*])O)O)OC2C(C(C(OC2CO)O[*])O)O,[*]CC(C1=CC=CC=C1)[*],,,,1.1495270137543478,10.1007_s10570-014-0220-8_part_2.txt_¶Î1_Material3
[*]C1=C(O)C(C(C)(C)C)=C(O)C(C)=C1SS[*],[*]CCCC([*])OC(C)=O,,,,2.096910013008056,10.3390_ma13204669_part_3.txt_¶Î1_Material1
[*]C(CCCCCO[*])=O,[*]CC(OC(O[*])=O)C,,,,1.921686475483602,10.3390_membranes11010026_part_2.txt_¶Î1_Material2
O=C(O[*])CCCCCCCCCCN[*],[*]CC([*])Cl,,,,1.6989700043360187,10.1016_j.polymer.2019.121667_part_2.txt_¶Î1_Material2
[*]C(CCCCCO[*])=O,[*]CC([*])Cl,,,,2.716003343634799,10.1016_j.polymer.2016.09.079_part_3.txt_¶Î1_Material1
C[Si](C)(C[*])O[*],[K+].[OH-],,,,1.6532125137753435,10.31031_rdms.2020.13.000820_OA_part_1.txt_¶Î1_Material1
OCC(C(C(C1N)O)O[*])OC1OC2C(OC(C(C2O)N)[*])CO,FC(F)([*])C([H])([*])[H],,,,1.4409090820652175,10.3390_ijms21020632_part_6.txt_¶Î1_Material2
C[Si](C)(C[*])O[*],[*]CC(C1=CC=CC=C1)[*],,,,2.582063362911709,10.1002_app.34319_part_2.txt_¶Î1_Material1
O=C([*])C1=CC=C(C=C1)OC2=CC=C(C=C2)OC3=CC=C(C=C3)[*],O=C([*])OC1=CC=C(C=C1)C(C)(C)C2=CC=C(C=C2)O[*],,,,2.3010299956639813,10.1007_s00170-009-2507-8_part_2.txt_¶Î1_Material3
C[Si](C)(C[*])O[*],[*]CC(C)(C(OCCO)=O)[*],,,,2.3010299956639813,10.31031_rdms.2020.13.000820_OA_part_2.txt_¶Î1_Material2
[*]CC([*])Cl,[*]CC(C1=CC=CC=C1)[*],,,,2.0791812460476247,10.1016_j.cej.2016.03.060_part_2.txt_¶Î1_Material3
OCC1OC(C(C(C1O[*])O)O)[*],O=C(C1=CC=C(C=C1)C(OCC[*])=O)O[*],,,,1.4548448600085102,10.1108_rjta-17-01-2013-b013_part_1.txt_¶Î1_Material1
[*]C(C=C1)=CC=C1S[*],OC1=C2C(C3(O)C4C5C6=C7C8C(C9=CC(C(O)=O)=C(C=C(C=C%10C(O)=O)C%11%12)C(C%11=C%13C%14C%15%16C%17(O%16)C%18C%19=C%20C%21=C%22C(C(O)=C%23)=C%24C%25C%21=C%26C%19=C%27C%17=C%28C%14(O)C%12=C%10C=C%28CC%27=CC%26=CC%25=C(C(O)=O)C=C%24)C9=C7C%13(O)C5=C%15C3=C%18C%29%30C%20(O%30)C%31C%22C%23=C%32)=CC(C(O)=O)=CC8=CC6=C(C(O)=O)C4=C2)=C%29C%33=C%31C%32=C(C(O)=O)C=C%331,,,,1.4771212547196624,10.1007_s13233-020-8038-8_part_2.txt_¶Î1_Material1
OC1C(C(OC(C1O)OC2C(OC(C(C2O)O)OC3C(C(C(OC3C(OC)=O)OC4C(OC(C(C4O)O)[*])C(O)=O)O)O)C(OC)=O)C(O)=O)O[*],[Li]Cl,,,,1.4771212547196624,10.1016_j.vacuum.2018.10.043_part_2.txt_¶Î1_Material1
[*]C(C)C[*],[*]NCCCCCCCCCCCC([*])=O,,,,1.6720978579357175,10.1002_pen.24631_part_2.txt_¶Î1_Material1
O=C(C(C[*])[*])N,CCCCCCCCCCCCOS([O-])(=O)=O.[Na+],,,,2.845098040014257,10.1016_j.polymer.2016.01.069_part_2.txt_¶Î1_Material1
C[Si](C)(C[*])O[*],[*]OC(C1=CC=C(C(OCCCCOC(CCCCC([*])=O)=O)=O)C=C1)=O,,,,1.6989700043360187,10.1016_j.bios.2018.08.037_part_4.txt_¶Î1_Material1
[*]C(C=C1)=CC=C1S[*],O=C([*])C(C)O[*],,,,1.0060379549973173,10.1016_j.eurpolymj.2020.109588_part_2.txt_¶Î1_Material2
[*]CC([*])N1CCCC1=O,[Ag],,,,1.2041199826559248,10.1007_s00289-014-1163-9_part_2.txt_¶Î1_Material1
[*]CC(C1=CC=CC=C1)[*],[*]C(NC1=C(C)C(NC(OCCO[*])=O)=CC=C1)=O,,,,2.1760912590556813,10.1016_j.polymer.2020.123129_part_8.txt_¶Î1_Material1
O=C(O[*])CCCCCCCCCCN[*],[*]CC(C1=CC=CC=C1)[*],,,,1.6989700043360187,10.1016_j.polymer.2019.121667_part_2.txt_¶Î1_Material3
[*]C(C=C1)=CC=C1S[*],C=C([CH3])C(=O)OC([CH3])[CH3],,,,0.9703468762300932,10.1016_j.eurpolymj.2020.109588_part_1.txt_¶Î1_Material1
OCC(C(C(C1N)O)O[*])OC1OC2C(OC(C(C2O)N)[*])CO,O=C([*])C(C)O[*],,,,1.3979400086720375,10.1163_156855411x610232_part_6.txt_¶Î1_Material6
[*]CC([*])Cl,O=C([*])OC1=CC=C(C=C1)C(C)(C)C2=CC=C(C=C2)O[*],,,,1.6232492903979006,10.1016_j.memsci.2017.04.011_part_2.txt_¶Î1_Material1
[*]C(N(CN(C(OCOC(N(CN(C(OCCO[*])=O)[H])[H])=O)=O)[H])[H])=O,[*]CC(C1=CC=CC=C1)[*],,,,1.978910577175572,10.1007_s11581-019-02940-7_part_2.txt_¶Î1_Material2
[*]CC(C#N)[*],[*]CC(C1=CC=CC=C1)[*],,,,1.6339731557896735,10.1007_s11581-019-02940-7_part_2.txt_¶Î1_Material1
CC(NC(C([*])C)=O)C(NC(C)C(NC(C)C(N[*])=O)=O)=O,[*]OC1C(O)C(O)C(OC2C(CO)OC([*])C(O)C2O)OC1CO,,,,0.9867717342662448,10.1007_s10570-018-2126-3_part_2.txt_¶Î1_Material2
OCC(C(C(C1N)O)O[*])OC1OC2C(OC(C(C2O)N)[*])CO,O=C([*])OC1=CC=C(C=C1)C(C)(C)C2=CC=C(C=C2)O[*],,,,0.8518696007297664,10.1007_s00289-021-03667-0_part_3.txt_¶Î1_Material2
C[Si](C)(C[*])O[*],O=C=NC(C=C1)=CC=C1CC2=CC=C(C=C2)N=C=O,,,,2.845098040014257,10.1016_j.eurpolymj.2018.02.029_part_6.txt_¶Î1_Material1
[*][C@H]1[C@H](O)[C@@H](O)[C@H](OC2C(O)C(OC(C)=O)C(O[*])OC2CO)O[C@@H]1CO,OP(O)(O)=O,,,,1.9493900066449128,10.1007_s10965-016-1165-4_part_2.txt_¶Î1_Material1
CC(C=C([*])C=C1C)=C1O[*],,,,,2,10.1039_c3py00005b_part_1.txt_¶Î1_Material9
OCC1OC(C(C(C1[*])O)O)OC2C(C(C(OC2CO)O[*])O)O,[*]OC1C(C(O)=O)OC(OC2C(NC(C)=O)C([*])OC(CO)C2O)C(O)C1O,,,,0.7708520116421442,10.1007_s10570-019-02924-w_part_2.txt_¶Î1_Material1
FC(F)([*])C([H])([*])[H],[*]CCCC([*])OC(C)=O,,,,2.6910814921229687,10.1179_1743289813y.0000000055_part_2.txt_¶Î1_Material1
[*]CC([*])N1CCCC1=O,O=C(C1=CC=C(C=C1)C(OCC[*])=O)O[*],,,,1.688419822002711,10.1016_j.jcis.2019.06.020_part_4.txt_¶Î1_Material1
[*]C(OCCCO[*])=O,,,,,2.361727836017593,10.1039_c8cs00161h_part_1.txt_¶Î1_Material10
O=C([*])C(C)O[*],COC(C(C[*])([*])C)=O,[*]C(CCCCC(OCCCCO[*])=O)=O,,,1.5211380837040362,10.1002_adv.21632_part_2.txt_¶Î1_Material1
O=C([*])C(C)O[*],[*]CC[*],O=C(C1=CC=C(C=C1)C(OCC[*])=O)O[*],,,0.7403626894942439,10.1002_app.50784_part_1.txt_¶Î1_Material1
O=C([*])C(C)O[*],O=C(N)N,CCCCCCCCCCCCOS([O-])(=O)=O.[Na+],,,0.380211241711606,10.1002_mame.201200460_part_2.txt_¶Î1_Material1
O=C([*])C(C)O[*],C=C(C(OCC1CO1)=O)C,[*]CCCC([*])C(OC)=O,,,1.2227164711475833,10.1002_masy.201500158_part_1.txt_¶Î1_Material1
O=C([*])C(C)O[*],OCC1OC(C(C(C1[*])O)O)OC2C(C(C(OC2CO)O[*])O)O,[*]C(C)C[*],OCC(C(C(C1N)O)O[*])OC1OC2C(OC(C(C2O)N)[*])CO,,1.2787536009528289,10.1002_pat.3506_part_1.txt_¶Î1_Material2
O=C([*])C(C)O[*],[*]C(CCCCC(OCCCCO[*])=O)=O,OCC(C(C(C1N)O)O[*])OC1OC2C(OC(C(C2O)N)[*])CO,,,2,10.1002_pat.4274_part_3.txt_¶Î1_Material1
O=C([*])C(C)O[*],[H][O-],OCC1OC(C(C(C1[*])O)O)OC2C(C(C(OC2CO)O[*])O)O,[*]CC(C1=CC=CC=C1)[*],,0.4608978427565479,10.1002_pc.21165_part_1.txt_¶Î1_Material1
O=C([*])C(C)O[*],[*]C1C(OC(C(C1O)O)OC2C(OC(C(C2O)O)O[*])CO)CO,[*]C1C(OC(C(C1O)O)OC2C(OC(C(C2O)O)O[*])CO)CO,[*]C1C(OC(C(C1O)O)OC2C(OC(C(C2O)O)O[*])CO)CO,,1.3408405498123317,10.1002_pc.21241_part_1.txt_¶Î1_Material1
O=C([*])C(C)O[*],C[N+](CCO)(CCO)[3H],OCC1OC(C(C(C1[*])O)O)OC2C(C(C(OC2CO)O[*])O)O,,,0.4712917110589386,10.1002_pc.22660_part_1.txt_¶Î1_Material1
O=C([*])C(C)O[*],[H][O-],[H]OO[H],,,1.6127838567197357,10.1002_pc.24041_part_1.txt_¶Î1_Material1
O=C([*])C(C)O[*],OCC1OC(C(C(C1[*])O)O)OC2C(C(C(OC2CO)O[*])O)O,[*]OCCOC(CC(C([*])=O)C(C1CCCCC1)CC(CC(O)=O)C(OCCO)=O)=O,,,1.0934216851622351,10.1002_pc.25144_part_1.txt_¶Î1_Material1
O=C([*])C(C)O[*],[*]C(F)(C(F)([*])F)F,,,,1.8573324964312683,10.1002_pen.24454_part_2.txt_¶Î1_Material1
O=C([*])C(C)O[*],OC1=C2C(C3(O)C4C5C6=C7C8C(C9=CC(C(O)=O)=C(C=C(C=C%10C(O)=O)C%11%12)C(C%11=C%13C%14C%15%16C%17(O%16)C%18C%19=C%20C%21=C%22C(C(O)=C%23)=C%24C%25C%21=C%26C%19=C%27C%17=C%28C%14(O)C%12=C%10C=C%28CC%27=CC%26=CC%25=C(C(O)=O)C=C%24)C9=C7C%13(O)C5=C%15C3=C%18C%29%30C%20(O%30)C%31C%22C%23=C%32)=CC(C(O)=O)=CC8=CC6=C(C(O)=O)C4=C2)=C%29C%33=C%31C%32=C(C(O)=O)C=C%331,[*]OC1C(C(O)=O)OC(OC2C(NC(C)=O)C([*])OC(CO)C2O)C(O)C1O,,,2,10.1002_pen.24711_part_1.txt_¶Î1_Material1
O=C([*])C(C)O[*],O=C([*])C(C)O[*],C1OC1C[N+]([CH3])([CH3])[CH3].[Cl-],,,1.7267272090265722,10.1002_pen.25560_part_3.txt_¶Î1_Material1
O=C([*])C(C)O[*],[*]CC(C#N)[*],[*]C1C(C(C(OC1C(O[Na])=O)OC2C(C(O[Na])=O)OC(O[*])C(O)C2O)O)O,,,0.4913616938342727,10.1002_polb.21956_part_2.txt_¶Î1_Material1
O=C([*])C(C)O[*],[*]C(CCCCCO[*])=O,O=C([*])OC1=CC=C(C=C1)C(C)(C)C2=CC=C(C=C2)O[*],,,1.334453751150931,10.1002_polb.23237_part_1.txt_¶Î1_Material1
O=C([*])C(C)O[*],[*]C1C(OC(C(C1O)O)OC2C(OC(C(C2O)O)O[*])CO)CO,[*]OCC[*],,,1,10.1002_star.201700268_part_4.txt_¶Î1_Material1
O=C([*])C(C)O[*],[*]CCC(CCCC(CCCC(C[*])C)C)C,[*]C(C)C[*],OCC1OC(C(C(C1[*])O)O)OC2C(C(C(OC2CO)O[*])O)O,,1.2227164711475833,10.1007_s00170-018-1953-6_part_1.txt_¶Î1_Material1
O=C([*])C(C)O[*],[O-][Si]([O-])([O-])O[Si]([O-])([O-])[O-].[Ca+2],,,,1,10.1007_s10706-016-0079-6_part_1.txt_¶Î1_Material3
O=C([*])C(C)O[*],[*]C1C(C(C(OC1C(O[Na])=O)OC2C(C(O[Na])=O)OC(O[*])C(O)C2O)O)O,,,,0.437750562820388,10.1007_s10924-020-01677-z_part_2.txt_¶Î1_Material2
O=C([*])C(C)O[*],[*]OCC[*],[*]NC(C(N1CCCC1C(NCC(N2CC(CC2C(NC(C(NCC([*])=O)=O)CO)=O)O)=O)=O)=O)CCCCN,O=C([*])C(C)O[*],,1.3010299956639813,10.1007_s10965-018-1600-9_part_1.txt_¶Î1_Material1
O=C([*])C(C)O[*],[*]C1C(OC(C(C1O)O)OC2C(OC(C(C2O)O)O[*])CO)CO,[*]CCC(CCCC(CCCC(C[*])C)C)C,,,1,10.1007_s11367-012-0479-7_part_4.txt_¶Î1_Material1
O=C([*])C(C)O[*],[*]CC[*],[*]OC1C(C(O)=O)OC(OC2C(NC(C)=O)C([*])OC(CO)C2O)C(O)C1O,OCC(C(C(C1N)O)O[*])OC1OC2C(OC(C(C2O)N)[*])CO,,0.795184589682424,10.1007_s11771-021-4721-y_part_1.txt_¶Î1_Material1
O=C([*])C(C)O[*],[*]C(CCCCCO[*])=O,[*]OCC[*],OCC(O)CO,,0.6989700043360189,10.1007_s12206-011-0722-3_part_3.txt_¶Î1_Material1
O=C([*])C(C)O[*],O=[Si]=O,[*]CC(COC1=CC=C(C=C1)C(C)(C)C2=CC=C(C=C2)O[*])O,,,0.2304489213782739,10.1007_s12221-017-7123-x_part_1.txt_¶Î1_Material2
O=C([*])C(C)O[*],[*]CC(COC1=CC=C(C=C1)C(C)(C)C2=CC=C(C=C2)O[*])O,OCC1OC(C(C(C1[*])O)O)OC2C(C(C(OC2CO)O[*])O)O,,,0.6812412373755872,10.1007_s12221-017-7123-x_part_2.txt_¶Î1_Material1
O=C([*])C(C)O[*],[*]CC([*])Cl,[Fe]12O[Fe]O[Fe](O2)O1,,,1,10.1007_s40430-020-2251-4_part_1.txt_¶Î1_Material1
O=C([*])C(C)O[*],[*]CCCC([*])OC(C)=O,OCC1OC(C(C(C1[*])O)O)OC2C(C(C(OC2CO)O[*])O)O,,,1.3996737214810382,10.1007_s41783-018-0037-2_part_1.txt_¶Î1_Material1
O=C([*])C(C)O[*],O=[Mg].O=[Si]=O.O=[Si]=O.O=[Si]=O.O=[Si]=O.O=[Mg].O=[Mg].O,[*]C1=CC=C(C=C1)C(N[*])=O,[*]OCC[*],[*]C1=NC2=CC3=C(C=C2O1)OC(C4=CC=C(C=C4)[*])=N3,1.3979400086720375,10.1016_j.addr.2016.06.012_part_4.txt_¶Î1_Material1
O=C([*])C(C)O[*],[*]C1=C(C=CN2)C2=C([*])C(O)=C1O,,,,1.0969100130080565,10.1016_j.apsusc.2018.01.257_part_2.txt_¶Î1_Material1
O=C([*])C(C)O[*],C=C(C(OCC1CO1)=O)C,C[N+](CCO)(CCO)[3H],,,0.8129133566428556,10.1016_j.biortech.2010.05.075_part_1.txt_¶Î1_Material1
O=C([*])C(C)O[*],CC(NC(C([*])C)=O)C(NC(C)C(NC(C)C(N[*])=O)=O)=O,OCC(C(C(C1N)O)O[*])OC1OC2C(OC(C(C2O)N)[*])CO,CC(NC(C([*])C)=O)C(NC(C)C(NC(C)C(N[*])=O)=O)=O,OCC1OC(C(C(C1[*])O)O)OC2C(C(C(OC2CO)O[*])O)O,1.6989700043360187,10.1016_j.compositesa.2015.03.001_part_1.txt_¶Î1_Material1
O=C([*])C(C)O[*],[*]OCC[*],[*]C(CCCCCO[*])=O,[O-][Si]([O-])([O-])O[Si]([O-])([O-])[O-].[Ca+2],OCC1OC(C(C(C1[*])O)O)OC2C(C(C(OC2CO)O[*])O)O,0.7781512503836436,10.1016_j.compositesb.2018.09.103_part_6.txt_¶Î1_Material1
[*]CC(COC1=CC=C(C=C1)C(C)(C)C2=CC=C(C=C2)O[*])O,O=C([*])OC1=CC=C(C=C1)C(C)(C)C2=CC=C(C=C2)O[*],[Fe],OCC1OC(C(C(C1[*])O)O)OC2C(C(C(OC2CO)O[*])O)O,O=C([*])C(C)O[*],0.3010299956639812,10.1016_j.compositesb.2019.107442_part_1.txt_¶Î1_Material1
O=C([*])C(C)O[*],OCC1OC(C(C(C1[*])O)O)OC2C(C(C(OC2CO)O[*])O)O,OCC1OC(C(C(C1[*])O)O)OC2C(C(C(OC2CO)O[*])O)O,,,1.155336037465062,10.1016_j.compscitech.2010.01.018_part_1.txt_¶Î1_Material1
O=C([*])C(C)O[*],[*]OC(C1=CC=C(C(OCCCCOC(CCCCC([*])=O)=O)=O)C=C1)=O,OCC1OC(C(C(C1[*])O)O)OC2C(C(C(OC2CO)O[*])O)O,[O-][Si]([O-])([O-])O[Si]([O-])([O-])[O-].[Ca+2],,1.3010299956639813,10.1016_j.compscitech.2010.06.005_part_2.txt_¶Î1_Material1
O=C([*])C(C)O[*],O=C(C(C[*])[*])N,,,,2,10.1016_j.compscitech.2013.01.013_part_1.txt_¶Î1_Material1
O=C([*])C(C)O[*],OCC1OC(C(C(C1[*])O)O)OC2C(C(C(OC2CO)O[*])O)O,OCC(O)CO,,,0.6989700043360189,10.1016_j.compscitech.2018.12.021_part_6.txt_¶Î1_Material1
O=C([*])C(C)O[*],OC1=C2C(C3(O)C4C5C6=C7C8C(C9=CC(C(O)=O)=C(C=C(C=C%10C(O)=O)C%11%12)C(C%11=C%13C%14C%15%16C%17(O%16)C%18C%19=C%20C%21=C%22C(C(O)=C%23)=C%24C%25C%21=C%26C%19=C%27C%17=C%28C%14(O)C%12=C%10C=C%28CC%27=CC%26=CC%25=C(C(O)=O)C=C%24)C9=C7C%13(O)C5=C%15C3=C%18C%29%30C%20(O%30)C%31C%22C%23=C%32)=CC(C(O)=O)=CC8=CC6=C(C(O)=O)C4=C2)=C%29C%33=C%31C%32=C(C(O)=O)C=C%331,[O-][Si]([O-])([O-])O[Si]([O-])([O-])[O-].[Ca+2],,,1.6434526764861874,10.1016_j.compscitech.2019.107801_part_1.txt_¶Î1_Material1
O=C([*])C(C)O[*],FC(F)([*])C([H])([*])[H],,,,0.6384892569546373,10.1016_j.compstruct.2021.114063_part_2.txt_¶Î1_Material1
O=C([*])C(C)O[*],[*]C(CCCCCO[*])=O,[O-][Si]([O-])([O-])O[Si]([O-])([O-])[O-].[Ca+2],[*]OCC[*],OCC(O)CO,1,10.1016_j.dental.2010.08.180_part_1.txt_¶Î1_Material1
O=C([*])C(C)O[*],[*]C(CCCCCO[*])=O,[*]OCC[*],O=[Ti]=O,,0.9493900066449128,10.1016_j.engfracmech.2013.11.010_part_2.txt_¶Î1_Material1
O=C([*])C(C)O[*],OCC1OC(C(C(C1[*])O)O)OC2C(C(C(OC2CO)O[*])O)O,[*]CC(COC1=CC=C(C=C1)C(C)(C)C2=CC=C(C=C2)O[*])O,,,0.290034611362518,10.1016_j.ijfatigue.2013.07.005_part_1.txt_¶Î1_Material1
O=C([*])C(C)O[*],[*]C(CCCCCO[*])=O,[*]OCC[*],O=[Ti]=O,OCC(O)CO,0.6989700043360189,10.1016_j.ijmecsci.2013.05.008_part_3.txt_¶Î1_Material1
O=C([*])C(C)O[*],[*]OCC[*],O=[Ti]=O,,,0.6989700043360189,10.1016_j.ijmecsci.2016.04.021_part_2.txt_¶Î1_Material1
O=C([*])C(C)O[*],O=[Ti]=O,[*]OCC[*],OCC(O)CO,,0.6989700043360189,10.1016_j.ijmecsci.2017.09.004_part_11.txt_¶Î1_Material1
O=C([*])C(C)O[*],O=[Mg].O=[Si]=O.O=[Si]=O.O=[Si]=O.O=[Si]=O.O=[Mg].O=[Mg].O,OCC1OC(C(C(C1[*])O)O)OC2C(C(C(OC2CO)O[*])O)O,,,1,10.1016_j.ijmecsci.2017.09.004_part_11.txt_¶Î1_Material2
O=C([*])C(C)O[*],[O-][Si]([O-])([O-])O[Si]([O-])([O-])[O-].[Ca+2],[*]OCC[*],[*]OCCCCOC(CCC([*])=O)=O,,0.6989700043360189,10.1016_j.ijplas.2011.10.007_part_3.txt_¶Î1_Material1
O=C([*])C(C)O[*],O=[Ti]=O,[*]OCC[*],,,1.3010299956639813,10.1016_j.jcis.2020.08.034_part_4.txt_¶Î1_Material1
O=C([*])C(C)O[*],[*]OCC[*],[O-][Si]([O-])([O-])O[Si]([O-])([O-])[O-].[Ca+2],OCC1OC(C(C(C1[*])O)O)OC2C(C(C(OC2CO)O[*])O)O,,0.6989700043360189,10.1016_j.jmbbm.2012.02.008_part_3.txt_¶Î1_Material1
O=C([*])C(C)O[*],OCC(O)CO,OCC1OC(C(C(C1[*])O)O)OC2C(C(C(OC2CO)O[*])O)O,OCC1OC(C(C(C1[*])O)O)OC2C(C(C(OC2CO)O[*])O)O,,1.944482672150169,10.1016_j.jmbbm.2013.06.005_part_1.txt_¶Î1_Material1
O=C([*])C(C)O[*],[*]NC(C)C(N1CCCC1C([*])=O)=O,CC[C@H](C)[C@H](NC(=O)[C@H](CC(C)C)NC(C)=O)C(=O)NCC(=O)N[C@H](C(=O)N1CCC[C@H]1C(=O)NC)C(C)C,[*]NC(C(N1CCCC1C(NCC(N2CC(CC2C(NC(C(NCC([*])=O)=O)CO)=O)O)=O)=O)=O)CCCCN,,1.812913356642856,10.1016_j.jmbbm.2016.04.011_part_2.txt_¶Î1_Material1
O=C([*])C(C)O[*],OCC(O)CO,O=[Mg].O=[Si]=O.O=[Si]=O.O=[Si]=O.O=[Si]=O.O=[Mg].O=[Mg].O,,,1,10.1016_j.jmbbm.2017.01.008_part_5.txt_¶Î1_Material2
O=C([*])C(C)O[*],O=P([O-])([O-])[O-].[Ca+2].[Ca+2].[OH-],[*]O[C@@]([H])(C)C(O[C@](C)([H])C([*])=O)=O,,,1.561101383649056,10.1016_j.jmbbm.2017.10.036_part_7.txt_¶Î1_Material1
O=C([*])C(C)O[*],[O-][Si]([O-])([O-])O[Si]([O-])([O-])[O-].[Ca+2],[*]OCC[*],,,1,10.1016_j.jmbbm.2017.11.037_part_4.txt_¶Î1_Material1
O=C([*])C(C)O[*],[*]C(CCCCCO[*])=O,[*]C/C=C(C[*])\Cl,,,0.6989700043360189,10.1016_j.jmbbm.2019.05.016_part_2.txt_¶Î1_Material1
O=C([*])C(C)O[*],[*]C([H])([H])C(O)([H])[*],O=P([O-])([O-])[O-].[Ca+2].[Ca+2].[OH-],,,1.3979400086720375,10.1016_j.jmbbm.2019.103555_part_1.txt_¶Î1_Material1
O=C([*])C(C)O[*],[O-][Si]([O-])([O-])O[Si]([O-])([O-])[O-].[Ca+2],OCC(O)CO,[*]OCC[*],,1,10.1016_j.jmbbm.2019.103595_part_1.txt_¶Î1_Material1
O=C([*])C(C)O[*],[*]C(C=C1)=CC=C1S[*],,,,1.3412366232386923,10.1016_j.jtice.2021.05.030_part_1.txt_¶Î1_Material1
O=C([*])C(C)O[*],[*]C(C=C1)=CC=C1S[*],OCC(O)CO,,,1.3412366232386923,10.1016_j.jtice.2021.05.030_part_2.txt_¶Î1_Material1
O=C([*])C(C)O[*],C[N+](CCO)(CCO)[3H],[*]C/C=C(C[*])\Cl,,,1.0969100130080565,10.1016_j.matdes.2015.09.081_part_2.txt_¶Î1_Material1
O=C([*])C(C)O[*],[*]CCCC([*])C(OC)=O,[*]C/C=C(C[*])\Cl,,,1.6522463410033232,10.1016_j.matdes.2016.08.022_part_1.txt_¶Î1_Material1
O=C([*])C(C)O[*],[*]C1C(C(C(OC1C(O[Na])=O)OC2C(C(O[Na])=O)OC(O[*])C(O)C2O)O)O,O=C(C1=CC=C(C=C1)C(OCC[*])=O)O[*],,,1.1222158782728269,10.1016_j.matpr.2017.12.216_part_1.txt_¶Î1_Material1
O=C([*])C(C)O[*],[*]OC1C(C(O)=O)OC(OC2C(NC(C)=O)C([*])OC(CO)C2O)C(O)C1O,OCC(C(C(C1N)O)O[*])OC1OC2C(OC(C(C2O)N)[*])CO,,,0.693726948923647,10.1016_j.matpr.2019.07.016_part_1.txt_¶Î1_Material1
O=C([*])C(C)O[*],[Cu],[Zn]=O,,,1.212187604403958,10.1016_j.msec.2018.08.002_part_6.txt_¶Î1_Material6
O=C([*])C(C)O[*],[Ag+],[Zn]=O,,,1.1958996524092338,10.1016_j.msec.2018.08.002_part_6.txt_¶Î1_Material8
O=C([*])C(C)O[*],[*]C(C)C[*],C[N+](CCO)(CCO)[3H],,,1.740362689494244,10.1016_j.polymdegradstab.2015.10.019_part_2.txt_¶Î1_Material3
O=C([*])C(C)O[*],C=C(C(OCC1CO1)=O)C,O=C=NC(C=C1)=CC=C1CC2=CC=C(C=C2)N=C=O,,,2.1760912590556813,10.1021_acs.iecr.0c04285_part_3.txt_¶Î1_Material1
O=C([*])C(C)O[*],CC1=CC=C(C=C1N=C=O)N=C=O,,,,1.9000392354873248,10.1021_acs.langmuir.0c03130_part_1.txt_¶Î1_Material1
O=C([*])C(C)O[*],OCC1OC(OC2C(O)C(O)C(O[*])OC2CO)C(O)C(O)C1[*],CC1=CC=C(C=C1N=C=O)N=C=O,,,1.9000392354873248,10.1021_acs.langmuir.0c03130_part_2.txt_¶Î1_Material1
O=C([*])C(C)O[*],[*]O[C@@]([H])(C)C(O[C@](C)([H])C([*])=O)=O,,,,2.1760912590556813,10.1021_acs.macromol.0c02861_part_1.txt_¶Î1_Material1
O=C([*])C(C)O[*],OC1=C2C(C3(O)C4C5C6=C7C8C(C9=CC(C(O)=O)=C(C=C(C=C%10C(O)=O)C%11%12)C(C%11=C%13C%14C%15%16C%17(O%16)C%18C%19=C%20C%21=C%22C(C(O)=C%23)=C%24C%25C%21=C%26C%19=C%27C%17=C%28C%14(O)C%12=C%10C=C%28CC%27=CC%26=CC%25=C(C(O)=O)C=C%24)C9=C7C%13(O)C5=C%15C3=C%18C%29%30C%20(O%30)C%31C%22C%23=C%32)=CC(C(O)=O)=CC8=CC6=C(C(O)=O)C4=C2)=C%29C%33=C%31C%32=C(C(O)=O)C=C%331,C[Si](O[*])(C)[*],,,1.954242509439325,10.1039_d0qm00958j_part_3.txt_¶Î1_Material1
O=C([*])C(C)O[*],OCC(C(C(C1N)O)O[*])OC1OC2C(OC(C(C2O)N)[*])CO,[*]OCC[*],[*]CC(C1=CC=CC=C1)[*],,1.513217600067939,10.1051_matecconf_201710901001_part_1.txt_¶Î1_Material1
O=C([*])C(C)O[*],O=C([*])OC1=CC=C(C=C1)C(C)(C)C2=CC=C(C=C2)O[*],[O-][Si]([O-])([O-])O[Si]([O-])([O-])[O-].[Ca+2],[Al],,1.0253058652647702,10.1080_03602559.2013.866244_part_1.txt_¶Î1_Material1
O=C([*])C(C)O[*],[*]C(C)C[*],[*]CC[*],[*]OCC[*],,1.0791812460476249,10.1080_14658011.2020.1844522_part_1.txt_¶Î1_Material1
O=C([*])C(C)O[*],[*]C(N(CN(C(OCOC(N(CN(C(OCCO[*])=O)[H])[H])=O)=O)[H])[H])=O,OCC1OC(C(C(C1O[*])O)O)[*],,,1.4771212547196624,10.1088_1757-899x_290_1_012081_part_1.txt_¶Î1_Material1
O=C([*])C(C)O[*],O=[Mg].O=[Si]=O.O=[Si]=O.O=[Si]=O.O=[Si]=O.O=[Mg].O=[Mg].O,[*]CC(COC1=CC=C(C=C1)C(C)(C)C2=CC=C(C=C2)O[*])O,,,1.1760912590556811,10.3390_polym11020306_part_4.txt_¶Î1_Material1
O=C([*])C(C)O[*],OCC1OC(C(C(C1[*])O)O)OC2C(C(C(OC2CO)O[*])O)O,[*]CC[*],,,1,10.3390_polym11020306_part_7.txt_¶Î1_Material1
O=C([*])C(C)O[*],[Zn]=O,[*]OCC[*],,,0.7781512503836436,10.3390_polym13040580_part_2.txt_¶Î1_Material4
O=C([*])C(C)O[*],[O-]S(C1=CC=CC(O)=C1)(=O)=O.[Na+],,,,1.4899584794248346,10.3390_polym13152475_part_3.txt_¶Î1_Material1
O=C([*])C(C)O[*],O=C([*])OC1=CC=C(C=C1)C(C)(C)C2=CC=C(C=C2)O[*],[*]CC[*],O=[Al]O[Al]=O.O=[Si]=O.O=[Si]=O.O=[Si]=O,,1,10.4028_www.scientific.net_amr.739.38_part_1.txt_¶Î1_Material1
O=C([*])C(C)O[*],O=C(O[Na])COCC(OC(C(C1O)O)[*])C1OC(C(C(C2O[*])O)O)OC2COCC(O[Na])=O,,,,0.5092025223311029,10.4028_www.scientific.net_amr.747.157_part_1.txt_¶Î1_Material1
O=C([*])C(C)O[*],OCC1OC(OC2C(O)C(O)C(O[*])OC2CO)C(O)C(O)C1[*],OCC1OC(C(C(C1[*])O)O)OC2C(C(C(OC2CO)O[*])O)O,OCC1OC(C(C(C1[*])O)O)OC2C(C(C(OC2CO)O[*])O)O,,1.4983105537896004,10.4028_www.scientific.net_amr.747.698_part_1.txt_¶Î1_Material1
O=C([*])C(C)O[*],O=[Al]O[Al]=O.O=[Si]=O.O=[Si]=O.O=[Si]=O,O=[Ti]=O,,,0.7558748556724915,10.4028_www.scientific.net_ddf.398.131_part_1.txt_¶Î1_Material1
O=C([*])C(C)O[*],[*]CC[*],O=C=NC(C=C1)=CC=C1CC2=CC=C(C=C2)N=C=O,,,2.2095150145426308,10.1002_j.1941-9635.2017.tb01658.x_part_1.txt_¶Î1_Material1
O=C([*])C(C)O[*],[*]OCC[*],C=C(C(OCC1CO1)=O)C,CC1=CC(C)=C(C(C)=C1)C(P(C2=CC=CC=C2)(C3=CC=CC=C3)=O)=O,,0.3010299956639812,10.1002_pc.24172_part_1.txt_¶Î1_Material1
O=C([*])C(C)O[*],[*]OCC[*],[*]C1C(OC(C(C1O)O)OC2C(OC(C(C2O)O)O[*])CO)CO,[*]C(C)C[*],,1.653791187387812,10.1002_pc.24747_part_3.txt_¶Î1_Material1
O=C([*])C(C)O[*],OCC1OC(C(C(C1[*])O)O)OC2C(C(C(OC2CO)O[*])O)O,[*]C(C)C[*],[*]C(NC1=C(C)C(NC(OCCO[*])=O)=CC=C1)=O,[*]OCC[*],1.61066016308988,10.1002_pc.24764_part_1.txt_¶Î1_Material1
O=C([*])C(C)O[*],OCC1OC(C(C(C1[*])O)O)OC2C(C(C(OC2CO)O[*])O)O,[*]C(C)C[*],[*]C(NC1=C(C)C(NC(OCCO[*])=O)=CC=C1)=O,,1.61066016308988,10.1002_pc.24764_part_2.txt_¶Î1_Material1
O=C([*])C(C)O[*],[*]OC1C(C(O)=O)OC(OC2C(NC(C)=O)C([*])OC(CO)C2O)C(O)C1O,[O-][Si]([O-])([O-])O[Si]([O-])([O-])[O-].[Ca+2],,,1.1931245983544616,10.1002_pc.25683_part_3.txt_¶Î1_Material1
O=C([*])C(C)O[*],OCC1OC(C(C(C1[*])O)O)OC2C(C(C(OC2CO)O[*])O)O,O=C(O)C(C[*])CC(CC(C(C(O)=O)[*])C(O)=O)C(O)=O,,,0.9590413923210936,10.1007_s00289-017-2215-8_part_1.txt_¶Î1_Material1
O=C([*])C(C)O[*],OCC(C(C(C1N)O)O[*])OC1OC2C(OC(C(C2O)N)[*])CO,OCC(O)CO,[*]OCC[*],,1.3624824747511743,10.1007_s10856-013-4864-y_part_1.txt_¶Î1_Material1
O=C([*])C(C)O[*],OCC(O)CO,[*]OCC[*],OCC(C(C(C1N)O)O[*])OC1OC2C(OC(C(C2O)N)[*])CO,[*]C(CCCCCO[*])=O,1,10.1007_s10856-013-4864-y_part_2.txt_¶Î1_Material1
O=C([*])C(C)O[*],[H][O-],[H][Si]([H])([H])[H],C/C(C[*])=C/C[*],,1.0170333392987805,10.1007_s10924-011-0361-x_part_2.txt_¶Î1_Material1
O=C([*])C(C)O[*],[H][O-],C/C(C[*])=C/C[*],[H][Si]([H])([H])[H],,0.6127838567197355,10.1007_s10924-011-0361-x_part_3.txt_¶Î1_Material1
O=C([*])C(C)O[*],[*]C(C)C[*],[*]C(C)C[*],[*]C(C)C[*],,1.155336037465062,10.1016_j.compositesb.2019.04.033_part_5.txt_¶Î1_Material1
O=C([*])C(C)O[*],OCC1OC(C(C(C1[*])O)O)OC2C(C(C(OC2CO)O[*])O)O,O=C(C1=CC=C(C=C1)C(OCC[*])=O)O[*],,,1.4471580313422192,10.1016_j.compositesb.2021.109042_part_1.txt_¶Î1_Material1
O=C([*])C(C)O[*],[*]OC1C(C(O)=O)OC(OC2C(NC(C)=O)C([*])OC(CO)C2O)C(O)C1O,[*]CCN[*],[*]CC[*],OC1=C2C(C3(O)C4C5C6=C7C8C(C9=CC(C(O)=O)=C(C=C(C=C%10C(O)=O)C%11%12)C(C%11=C%13C%14C%15%16C%17(O%16)C%18C%19=C%20C%21=C%22C(C(O)=C%23)=C%24C%25C%21=C%26C%19=C%27C%17=C%28C%14(O)C%12=C%10C=C%28CC%27=CC%26=CC%25=C(C(O)=O)C=C%24)C9=C7C%13(O)C5=C%15C3=C%18C%29%30C%20(O%30)C%31C%22C%23=C%32)=CC(C(O)=O)=CC8=CC6=C(C(O)=O)C4=C2)=C%29C%33=C%31C%32=C(C(O)=O)C=C%331,1.7193312869837267,10.1016_j.compscitech.2018.06.024_part_1.txt_¶Î1_Material1
O=C([*])C(C)O[*],[*]C(CCCCCO[*])=O,[*]OCC[*],[O-][Si]([O-])([O-])O[Si]([O-])([O-])[O-].[Ca+2],,0.6989700043360189,10.1016_j.ensm.2019.05.026_part_6.txt_¶Î1_Material1
O=C([*])C(C)O[*],[Ag],OCC(C(C(C1N)O)O[*])OC1OC2C(OC(C(C2O)N)[*])CO,,,1,10.1016_j.ijbiomac.2017.07.145_part_7.txt_¶Î1_Material1
O=C([*])C(C)O[*],C=C(C(OCC1CO1)=O)C,[*]OCC[*],OCC(O)CO,,1,10.1016_j.matdes.2011.08.046_part_1.txt_¶Î1_Material1
O=C([*])C(C)O[*],[*]C/C=C(C[*])\Cl,[*]OCC[*],,,0.6989700043360189,10.1016_j.matdes.2018.05.028_part_2.txt_¶Î1_Material1
O=C([*])C(C)O[*],OCC1OC(C(C(C1[*])O)O)OC2C(C(C(OC2CO)O[*])O)O,[Zn]=O,,,0.3138672203691534,10.1016_j.matpr.2018.12.013_part_1.txt_¶Î1_Material1
O=C([*])C(C)O[*],CC(NC1C([C@@H](C(O[C@H]1O[*])CO)O[C@@H]2OC([C@H]([C@@H](C2NC(C)=O)O)[*])CO)O)=O,,,,0.5314789170422551,10.1016_j.orgel.2014.11.010_part_2.txt_¶Î1_Material1
O=C([*])C(C)O[*],O=C(C1=CC=C(C=C1)C(OCC[*])=O)O[*],C=C(C(OCC1CO1)=O)C,,,0.6989700043360189,10.1016_j.polymdegradstab.2021.109619_part_1.txt_¶Î1_Material1
O=C([*])C(C)O[*],[*]OCCCCOC(CCC([*])=O)=O,[*]C1C(C(C(OC1C(O[Na])=O)OC2C(C(O[Na])=O)OC(O[*])C(O)C2O)O)O,,,2.236033147117636,10.1016_j.polymertesting.2019.106130_part_6.txt_¶Î1_Material1
O=C([*])C(C)O[*],OCC(O)CO,[*]O[C@H](C)CC([*])=O,,,1.4471580313422192,10.1016_j.polymertesting.2020.106375_part_2.txt_¶Î1_Material1
O=C([*])C(C)O[*],O=C([*])C1=CC=C2C=C(C=CC2=C1)OC(C3=CC=C(C=C3)O[*])=O,OCC(C(C(C1N)O)O[*])OC1OC2C(OC(C(C2O)N)[*])CO,,,1.385606273598312,10.1021_acs.iecr.5b03473_part_1.txt_¶Î1_Material1
O=C([*])C(C)O[*],OCC1OC(C(C(C1[*])O)O)OC2C(C(C(OC2CO)O[*])O)O,[*]NC(C(N1CCCC1C(NCC(N2CC(CC2C(NC(C(NCC([*])=O)=O)CO)=O)O)=O)=O)=O)CCCCN,,,1.6989700043360187,10.1021_acs.jafc.8b01506_part_5.txt_¶Î1_Material1
O=C([*])C(C)O[*],[*]C(C)C[*],OCC(C(C(C1N)O)O[*])OC1OC2C(OC(C(C2O)N)[*])CO,[*]CC(C#N)[*],,1.0170333392987805,10.1021_acssuschemeng.9b01016_part_1.txt_¶Î1_Material1
O=C([*])C(C)O[*],C=C([CH3])C(=O)OC([CH3])[CH3],C=C(C(OCC1CO1)=O)C,,,1.1760912590556811,10.1080_09276440.2021.1939951_part_2.txt_¶Î1_Material1
O=C([*])C(C)O[*],CC(NC(C([*])C)=O)C(NC(C)C(NC(C)C(N[*])=O)=O)=O,[*]OCC[*],,,0.4471580313422192,10.1111_jfpp.14102_part_2.txt_¶Î1_Material1
O=C([*])C(C)O[*],[*]CCCC([*])C(OC)=O,[*]OCC[*],,,0.6232492903979004,10.1111_jfpp.14102_part_2.txt_¶Î1_Material2
O=C([*])C(C)O[*],[*]NC(C(N1CCCC1C(NCC(N2CC(CC2C(NC(C(NCC([*])=O)=O)CO)=O)O)=O)=O)=O)CCCCN,[*]OCC[*],,,0.7347998295888469,10.1111_jfpp.14102_part_2.txt_¶Î1_Material3
O=C([*])C(C)O[*],OCC(O)CO,OCC1OC(C(C(C1[*])O)O)OC2C(C(C(OC2CO)O[*])O)O,[*]CC[*],,1.021189299069938,10.1177_0021998315616274_part_1.txt_¶Î1_Material1
O=C([*])C(C)O[*],[*]C(C)C[*],O=C([*])C(C)O[*],,,1.4070508148042504,10.1177_0040517517697643_part_1.txt_¶Î1_Material1
O=C([*])C(C)O[*],[*]CC(C1=CC=CC=C1)[*],[*]OC1C(C(O)=O)OC(OC2C(NC(C)=O)C([*])OC(CO)C2O)C(O)C1O,,,1.1818435879447726,10.1177_0892705711417029_part_2.txt_¶Î1_Material1
O=C([*])C(C)O[*],[*]CC(C1=CC=CC=C1)[*],[*]OC1C(C(O)=O)OC(OC2C(NC(C)=O)C([*])OC(CO)C2O)C(O)C1O,OCC1OC(C(C(C1[*])O)O)OC2C(C(C(OC2CO)O[*])O)O,[*]C1C(C(C(OC1C(O[Na])=O)OC2C(C(O[Na])=O)OC(O[*])C(O)C2O)O)O,0.5365584425715301,10.1177_0892705711417029_part_3.txt_¶Î1_Material1
O=C([*])C(C)O[*],[O-][Si]([O-])([O-])O[Si]([O-])([O-])[O-].[Ca+2],OCC(O)CO,O=[Ti]=O,,0.6989700043360189,10.1177_0954406214552683_part_3.txt_¶Î1_Material1
O=C([*])C(C)O[*],[*]C(NC1=C(C)C(NC(OCCO[*])=O)=CC=C1)=O,OC1=C2C(C3(O)C4C5C6=C7C8C(C9=CC(C(O)=O)=C(C=C(C=C%10C(O)=O)C%11%12)C(C%11=C%13C%14C%15%16C%17(O%16)C%18C%19=C%20C%21=C%22C(C(O)=C%23)=C%24C%25C%21=C%26C%19=C%27C%17=C%28C%14(O)C%12=C%10C=C%28CC%27=CC%26=CC%25=C(C(O)=O)C=C%24)C9=C7C%13(O)C5=C%15C3=C%18C%29%30C%20(O%30)C%31C%22C%23=C%32)=CC(C(O)=O)=CC8=CC6=C(C(O)=O)C4=C2)=C%29C%33=C%31C%32=C(C(O)=O)C=C%331,,,1.977723605288848,10.3390_jcs4020056_part_1.txt_¶Î1_Material1
O=C([*])C(C)O[*],OCC1OC(C(C(C1[*])O)O)OC2C(C(C(OC2CO)O[*])O)O,[*]OC1C(C(O)=O)OC(OC2C(NC(C)=O)C([*])OC(CO)C2O)C(O)C1O,,,0.3180633349627615,10.3390_polym11061009_part_2.txt_¶Î1_Material1
O=C([*])C(C)O[*],OCC1OC(C(C(C1[*])O)O)OC2C(C(C(OC2CO)O[*])O)O,OCC1OC(OC2C(O)C(O)C(O[*])OC2CO)C(O)C(O)C1[*],OCC1OC(C(C(C1[*])O)O)OC2C(C(C(OC2CO)O[*])O)O,,0.8444771757456814,10.3390_polym11071146_part_2.txt_¶Î1_Material1
O=C([*])C(C)O[*],[*]CC(C1=CC=CC=C1)[*],OCC1OC(C(C(C1[*])O)O)OC2C(C(C(OC2CO)O[*])O)O,,,0.3344537511509309,10.3390_polym12040812_part_3.txt_¶Î1_Material1
O=C([*])C(C)O[*],[*]CC(COC1=CC=C(C=C1)C(C)(C)C2=CC=C(C=C2)O[*])O,,,,0.6989700043360189,10.3390_polym13071101_part_2.txt_¶Î1_Material1
O=C([*])C(C)O[*],[*]C(NC1=C(C)C(NC(OCCO[*])=O)=CC=C1)=O,O=C(C1=CC=C(C([*])=O)C=C1)NC2=CCC(N[*])C=C2,,,1.2148438480476975,10.3390_polym13081326_part_4.txt_¶Î1_Material1
O=C([*])C(C)O[*],[*]OCC[*],[*]CCCC([*])C(OC)=O,,,0.6989700043360189,10.3390_polym13081326_part_7.txt_¶Î1_Material1
O=C([*])C(C)O[*],CCOC(=O)C(O)(CC(=O)OCC)CC(=O)OCC,OCC(C(C(C1N)O)O[*])OC1OC2C(OC(C(C2O)N)[*])CO,,,0.6232492903979004,10.3390_polym9090406_part_3.txt_¶Î1_Material3
O=C([*])C(C)O[*],[O-][Si]([O-])([O-])O[Si]([O-])([O-])[O-].[Ca+2],CC(NC(C([*])C)=O)C(NC(C)C(NC(C)C(N[*])=O)=O)=O,,,1,10.4028_www.scientific.net_kem.821.506_part_1.txt_¶Î1_Material2
O=C([*])C(C)O[*],OCC1OC(C(C(C1[*])O)O)OC2C(C(C(OC2CO)O[*])O)O,CC(NC(C([*])C)=O)C(NC(C)C(NC(C)C(N[*])=O)=O)=O,,,1.1760912590556811,10.4028_www.scientific.net_kem.821.506_part_1.txt_¶Î1_Material3
O=C([*])C(C)O[*],[*]CCCC([*])OC(C)=O,OCC(O)CO,,,1.4557582031041367,10.1002_app.35271_part_1.txt_¶Î1_Material1
O=C([*])C(C)O[*],OCC1OC(C(C(C1[*])O)O)OC2C(C(C(OC2CO)O[*])O)O,C=C(C(OCC1CO1)=O)C,,,1.3180633349627615,10.1007_s00289-017-2215-8_part_3.txt_¶Î1_Material5
O=C([*])C(C)O[*],[*]C1C(C(C(OC1C(O[Na])=O)OC2C(C(O[Na])=O)OC(O[*])C(O)C2O)O)O,[O-][Si]([O-])([O-])O[Si]([O-])([O-])[O-].[Ca+2],,,1.0791812460476249,10.1002_app.49752_part_1.txt_¶Î1_Material1
O=C([*])C(C)O[*],[*]OCC[*],[*]C(C)C[*],,,0.7708520116421442,10.1002_pat.1760_part_1.txt_¶Î1_Material1
O=C([*])C(C)O[*],[*]C(C)C[*],[*]C(NC1=C(C)C(NC(OCCO[*])=O)=CC=C1)=O,,,1.8668778143374989,10.1002_pi.6053_part_3.txt_¶Î1_Material1
O=C([*])C(C)O[*],[*]OCC[*],OCC(O)CO,O=[Ti]=O,C=C(C(OCC1CO1)=O)C,0.6989700043360189,10.1016_j.addma.2018.07.009_part_8.txt_¶Î1_Material1
O=C([*])C(C)O[*],C12=C3C(C=CC4C3=C5C(CC6=CC7=C8C9=C(C(C=C%10)=CC=C9C=C7)C%11=C%10C%12)=CC4)=CC=C1C=C%12C%13=C%11C8=C6C5=C2%13,OCC1OC(C(C(C1[*])O)O)OC2C(C(C(OC2CO)O[*])O)O,,,1,10.1016_j.addma.2018.07.009_part_8.txt_¶Î1_Material2
O=C([*])C(C)O[*],COC(C(C[*])([*])C)=O,C/C(C[*])=C/C[*],,,1.1903316981702914,10.1021_acssuschemeng.8b00267_part_2.txt_¶Î1_Material1
O=C([*])C(C)O[*],[O-][Si]([O-])([O-])O[Si]([O-])([O-])[O-].[Ca+2],[*]OCC[*],OCC(O)CO,,0.6989700043360189,10.1039_c4dt02954b_part_2.txt_¶Î1_Material1
O=C([*])C(C)O[*],[Ca+2],OCC1OC(C(C(C1[*])O)O)OC2C(C(C(OC2CO)O[*])O)O,,,1.380211241711606,10.1080_09243046.2016.1182381_part_2.txt_¶Î1_Material1
O=C([*])C(C)O[*],[*]C(CCCCCO[*])=O,[O-][Si]([O-])([O-])O[Si]([O-])([O-])[O-].[Ca+2],,,1.6989700043360187,10.1111_ffe.12339_part_2.txt_¶Î1_Material1
O=C([*])C(C)O[*],OCC1OC(C(C(C1[*])O)O)OC2C(C(C(OC2CO)O[*])O)O,OC1=C2C(C3(O)C4C5C6=C7C8C(C9=CC(C(O)=O)=C(C=C(C=C%10C(O)=O)C%11%12)C(C%11=C%13C%14C%15%16C%17(O%16)C%18C%19=C%20C%21=C%22C(C(O)=C%23)=C%24C%25C%21=C%26C%19=C%27C%17=C%28C%14(O)C%12=C%10C=C%28CC%27=CC%26=CC%25=C(C(O)=O)C=C%24)C9=C7C%13(O)C5=C%15C3=C%18C%29%30C%20(O%30)C%31C%22C%23=C%32)=CC(C(O)=O)=CC8=CC6=C(C(O)=O)C4=C2)=C%29C%33=C%31C%32=C(C(O)=O)C=C%331,,,1.3010299956639813,10.1177_1528083721993943_part_4.txt_¶Î1_Material3
O=C([*])C(C)O[*],O=[Mg].O=[Si]=O.O=[Si]=O.O=[Si]=O.O=[Si]=O.O=[Mg].O=[Mg].O,CC1=CC(O)=C(C=C1CCCC(C2=C(C=C(C(C(C)(C)C)=C2)O)C)C3=CC(C(C)(C)C)=C(C=C3C)O)C(C)(C)C,,,1.3979400086720375,10.1177_1528083721993943_part_4.txt_¶Î1_Material4
O=C([*])C(C)O[*],OCC(O)CO,O=[Mg].O=[Si]=O.O=[Si]=O.O=[Si]=O.O=[Si]=O.O=[Mg].O=[Mg].O,O=[Ti]=O,[O-][Si]([O-])([O-])O[Si]([O-])([O-])[O-].[Ca+2],0.6989700043360189,10.1002_adma.201603612_part_5.txt_¶Î1_Material1
O=C([*])C(C)O[*],[*]C(CCCCCO[*])=O,[*]OCC[*],[O-][Si]([O-])([O-])O[Si]([O-])([O-])[O-].[Ca+2],O=[Ti]=O,1,10.1016_j.ijmecsci.2018.06.008_part_4.txt_¶Î1_Material1
O=C([*])C(C)O[*],[*]C(CCCCC(OCCCCO[*])=O)=O,OC1=C2C(C3(O)C4C5C6=C7C8C(C9=CC(C(O)=O)=C(C=C(C=C%10C(O)=O)C%11%12)C(C%11=C%13C%14C%15%16C%17(O%16)C%18C%19=C%20C%21=C%22C(C(O)=C%23)=C%24C%25C%21=C%26C%19=C%27C%17=C%28C%14(O)C%12=C%10C=C%28CC%27=CC%26=CC%25=C(C(O)=O)C=C%24)C9=C7C%13(O)C5=C%15C3=C%18C%29%30C%20(O%30)C%31C%22C%23=C%32)=CC(C(O)=O)=CC8=CC6=C(C(O)=O)C4=C2)=C%29C%33=C%31C%32=C(C(O)=O)C=C%331,,,2.462397997898956,10.1002_app.33916_part_2.txt_¶Î1_Material2
O=C([*])C(C)O[*],[*]C(CCCCC(OCCCCO[*])=O)=O,O=C([*])OC1=CC=C(C=C1)C(C)(C)C2=CC=C(C=C2)O[*],OC1=C2C(C3(O)C4C5C6=C7C8C(C9=CC(C(O)=O)=C(C=C(C=C%10C(O)=O)C%11%12)C(C%11=C%13C%14C%15%16C%17(O%16)C%18C%19=C%20C%21=C%22C(C(O)=C%23)=C%24C%25C%21=C%26C%19=C%27C%17=C%28C%14(O)C%12=C%10C=C%28CC%27=CC%26=CC%25=C(C(O)=O)C=C%24)C9=C7C%13(O)C5=C%15C3=C%18C%29%30C%20(O%30)C%31C%22C%23=C%32)=CC(C(O)=O)=CC8=CC6=C(C(O)=O)C4=C2)=C%29C%33=C%31C%32=C(C(O)=O)C=C%331,,2.0827853703164503,10.1002_app.33916_part_2.txt_¶Î1_Material3
O=C([*])C(C)O[*],[*]CC(CCCC(CC)CC([*])C1=CC=CC=C1)C2=CC=CC=C2,O=[Al]O[Al]=O.O=[Si]=O.O=[Si]=O.O=[Si]=O,,,0.9242792860618816,10.1002_app.35084_part_2.txt_¶Î1_Material1
O=C([*])C(C)O[*],[*]OC1C(C(O)=O)OC(OC2C(NC(C)=O)C([*])OC(CO)C2O)C(O)C1O,[*]C1C(C(C(OC1C(O[Na])=O)OC2C(C(O[Na])=O)OC(O[*])C(O)C2O)O)O,,,0.526339277389844,10.1002_app.38358_part_1.txt_¶Î1_Material1
O=C([*])C(C)O[*],[*]C(CCCCC(OCCCCO[*])=O)=O,COC(C(C[*])([*])C)=O,,,1.1760912590556811,10.1002_app.38968_part_1.txt_¶Î1_Material1
O=C([*])C(C)O[*],NCCC[Si](OCC)(OCC)OCC,,,,1.0913151596972228,10.1002_app.50965_part_1.txt_¶Î1_Material1
O=C([*])C(C)O[*],[*]C1=C(C=CN2)C2=C([*])C(O)=C1O,[*]OC1C(C(O)=O)OC(OC2C(NC(C)=O)C([*])OC(CO)C2O)C(O)C1O,,,0.5065050324048721,10.1002_pat.4652_part_3.txt_¶Î1_Material1
O=C([*])C(C)O[*],OCC(C(C(C1N)O)O[*])OC1OC2C(OC(C(C2O)N)[*])CO,OCC1OC(C(C(C1[*])O)O)OC2C(C(C(OC2CO)O[*])O)O,,,0.6989700043360189,10.1002_pat.5355_part_2.txt_¶Î1_Material1
O=C([*])C(C)O[*],[*]C(CCCCC(OCCCCO[*])=O)=O,[*]OCCOC(CC(C([*])=O)C(C1CCCCC1)CC(CC(O)=O)C(OCCO)=O)=O,,,1.9590413923210936,10.1002_pc.22249_part_1.txt_¶Î1_Material1
O=C([*])C(C)O[*],[*]CC[*],[*]C(C)C[*],,,1.0293837776852095,10.1002_pi.6058_part_5.txt_¶Î1_Material1
O=C([*])C(C)O[*],[*]C(CCCCC(OCCCCO[*])=O)=O,[*]C1C(C(C(OC1C(O[Na])=O)OC2C(C(O[Na])=O)OC(O[*])C(O)C2O)O)O,,,2.397940008672037,10.1002_pts.2141_part_1.txt_¶Î1_Material1
O=C([*])C(C)O[*],O=C1C([*])C(CC[*])C(O1)=O,,,,1.1760912590556811,10.1002_vnl.21710_part_1.txt_¶Î1_Material1
O=C([*])C(C)O[*],OCC(C(C(C1N)O)O[*])OC1OC2C(OC(C(C2O)N)[*])CO,[*]OC1C(C(O)=O)OC(OC2C(NC(C)=O)C([*])OC(CO)C2O)C(O)C1O,,,0.4345689040341987,10.1002_vnl.21816_part_1.txt_¶Î1_Material1
O=C([*])C(C)O[*],N#CC(C1=CC=CC=N1)C1=CC=CC=C1,[*]CCC(CCCC(CCCC(C[*])C)C)C,[*]CCC(CCCC(CCCC(C[*])C)C)C,,2,10.1007_s10853-016-9838-2_part_3.txt_¶Î1_Material1
O=C([*])C(C)O[*],[*]C([H])([H])C(O)([H])[*],C/C(C[*])=C/C[*],,,1.462397997898956,10.1007_s10924-012-0531-5_part_2.txt_¶Î1_Material1
O=C([*])C(C)O[*],[*]NC(C(N1CCCC1C(NCC(N2CC(CC2C(NC(C(NCC([*])=O)=O)CO)=O)O)=O)=O)=O)CCCCN,O=C([*])C(C)O[*],,,1.0791812460476249,10.1007_s10924-020-01936-z_part_2.txt_¶Î1_Material1
O=C([*])C(C)O[*],C/C(C[*])=C/C[*],O=[Si]=O,,,0.6627578316815741,10.1007_s10924-021-02063-z_part_2.txt_¶Î1_Material3
O=C([*])C(C)O[*],[*]OC1C(C(O)=O)OC(OC2C(NC(C)=O)C([*])OC(CO)C2O)C(O)C1O,O=[Al]O[Al]=O.O=[Si]=O.O=[Si]=O.O=[Si]=O,,,1.1760912590556811,10.1007_s10965-020-02138-w_part_2.txt_¶Î1_Material1
O=C([*])C(C)O[*],O=[Mg].O=[Si]=O.O=[Si]=O.O=[Si]=O.O=[Si]=O.O=[Mg].O=[Mg].O,[*]OCC[*],,,0.3873898263387294,10.1007_s10973-014-4037-3_part_2.txt_¶Î1_Material1
O=C([*])C(C)O[*],OCC1OC(C(C(C1[*])O)O)OC2C(C(C(OC2CO)O[*])O)O,[*]OCC[*],O=C=NC(C=C1)=CC=C1CC2=CC=C(C=C2)N=C=O,O=C(O)C(C[*])CC(CC(C(C(O)=O)[*])C(O)=O)C(O)=O,1.103119253545714,10.1007_s11356-020-08956-1_part_1.txt_¶Î1_Material1
O=C([*])C(C)O[*],[Ag],[*]OCC[*],,,0.8195439355418687,10.1007_s11356-020-08956-1_part_6.txt_¶Î1_Material1
O=C([*])C(C)O[*],O=C([*])C(C)O[*],O=C(C1=CC=C(C=C1)C(OCC[*])=O)O[*],,,1.380211241711606,10.1007_s12541-014-0522-7_part_1.txt_¶Î1_Material1
O=C([*])C(C)O[*],C/C(C[*])=C/C[*],COC(C(C[*])([*])C)=O,,,1.0791812460476249,10.1007_s13233-014-2102-1_part_1.txt_¶Î1_Material1
O=C([*])C(C)O[*],OCC1OC(C(C(C1[*])O)O)OC2C(C(C(OC2CO)O[*])O)O,[*]CC(CCCC(CC)CC([*])C1=CC=CC=C1)C2=CC=CC=C2,,,1.3180633349627615,10.1007_s13726-019-00733-3_part_2.txt_¶Î1_Material1
O=C([*])C(C)O[*],[*]NCC(NC(C(ONCC(NC(C(NCC(NC(C([*])=O)C)=O)=O)C)=O)=O)CO)=O,[*]CCC(CCCC(CCCC(C[*])C)C)C,,,1.209515014542631,10.1007_s41783-017-0022-1_part_2.txt_¶Î1_Material3
O=C([*])C(C)O[*],C12=C3C(C=CC4C3=C5C(CC6=CC7=C8C9=C(C(C=C%10)=CC=C9C=C7)C%11=C%10C%12)=CC4)=CC=C1C=C%12C%13=C%11C8=C6C5=C2%13,[*]OCC[*],,,1.424881636631067,10.1016_j.cej.2017.11.102_part_5.txt_¶Î1_Material1
O=C([*])C(C)O[*],OCC1OC(C(C(C1[*])O)O)OC2C(C(C(OC2CO)O[*])O)O,[*]C(CCCCC(OCCCCO[*])=O)=O,,,2.082066934285113,10.1016_j.cej.2021.130558_part_2.txt_¶Î1_Material1
O=C([*])C(C)O[*],[*]C(C)C[*],O=[Al]O[Al]=O.O=[Si]=O.O=[Si]=O.O=[Si]=O,,,1.6989700043360187,10.1016_j.compositesa.2014.12.005_part_2.txt_¶Î1_Material1
O=C([*])C(C)O[*],O=C([*])OC1=CC=C(C=C1)C(C)(C)C2=CC=C(C=C2)O[*],OCC1OC(C(C(C1[*])O)O)OC2C(C(C(OC2CO)O[*])O)O,OCC1OC(C(C(C1[*])O)O)OC2C(C(C(OC2CO)O[*])O)O,,1.1583624920952498,10.1016_j.compositesa.2019.105485_part_1.txt_¶Î1_Material1
O=C([*])C(C)O[*],[*]C(C)C[*],O=C([*])OC1=CC=C(C=C1)C(C)(C)C2=CC=C(C=C2)O[*],,,1.0606978403536116,10.1016_j.compositesa.2019.105485_part_3.txt_¶Î1_Material2
O=C([*])C(C)O[*],OCC(O)CO,[*]OCC[*],,,1,10.1016_j.compositesb.2015.12.016_part_5.txt_¶Î1_Material1
O=C([*])C(C)O[*],O=[Ti]=O,[*]OCC[*],OCC(O)CO,C=C(C(OCC1CO1)=O)C,0.6989700043360189,10.1016_j.compstruct.2013.05.026_part_2.txt_¶Î1_Material1
O=C([*])C(C)O[*],[*]CCCC([*])C(OC)=O,[*]OCC[*],OCC1OC(C(C(C1[*])O)O)OC2C(C(C(OC2CO)O[*])O)O,,0.7497363155690611,10.1016_j.ijbiomac.2015.12.038_part_1.txt_¶Î1_Material1
O=C([*])C(C)O[*],[*]OC1C(C(O)=O)OC(OC2C(NC(C)=O)C([*])OC(CO)C2O)C(O)C1O,[H][Si]([H])([H])[H],,,0.6989700043360189,10.1016_j.ijbiomac.2017.05.184_part_6.txt_¶Î1_Material1
O=C([*])C(C)O[*],OC1=C2C(C3(O)C4C5C6=C7C8C(C9=CC(C(O)=O)=C(C=C(C=C%10C(O)=O)C%11%12)C(C%11=C%13C%14C%15%16C%17(O%16)C%18C%19=C%20C%21=C%22C(C(O)=C%23)=C%24C%25C%21=C%26C%19=C%27C%17=C%28C%14(O)C%12=C%10C=C%28CC%27=CC%26=CC%25=C(C(O)=O)C=C%24)C9=C7C%13(O)C5=C%15C3=C%18C%29%30C%20(O%30)C%31C%22C%23=C%32)=CC(C(O)=O)=CC8=CC6=C(C(O)=O)C4=C2)=C%29C%33=C%31C%32=C(C(O)=O)C=C%331,OCC(C(C(C1N)O)O[*])OC1OC2C(OC(C(C2O)N)[*])CO,,,1.9903388547876013,10.1016_j.ijbiomac.2018.02.017_part_3.txt_¶Î1_Material1
O=C([*])C(C)O[*],C=CCN1C(=O)N(CC=C)C(=O)N(CC=C)C1=O,,,,0.8645110810583919,10.1016_j.ijbiomac.2018.10.057_part_4.txt_¶Î1_Material1
O=C([*])C(C)O[*],O=[Ti]=O,OC1=C2C(C3(O)C4C5C6=C7C8C(C9=CC(C(O)=O)=C(C=C(C=C%10C(O)=O)C%11%12)C(C%11=C%13C%14C%15%16C%17(O%16)C%18C%19=C%20C%21=C%22C(C(O)=C%23)=C%24C%25C%21=C%26C%19=C%27C%17=C%28C%14(O)C%12=C%10C=C%28CC%27=CC%26=CC%25=C(C(O)=O)C=C%24)C9=C7C%13(O)C5=C%15C3=C%18C%29%30C%20(O%30)C%31C%22C%23=C%32)=CC(C(O)=O)=CC8=CC6=C(C(O)=O)C4=C2)=C%29C%33=C%31C%32=C(C(O)=O)C=C%331,,,1.6023855901051052,10.1016_j.ijbiomac.2021.02.125_part_2.txt_¶Î1_Material1
O=C([*])C(C)O[*],[*]C(NC1=C(C)C(NC(OCCO[*])=O)=CC=C1)=O,[*]OCC[*],,,1.413299764081252,10.1016_j.ijbiomac.2021.08.087_part_1.txt_¶Î1_Material1
O=C([*])C(C)O[*],OCC(O)CO,OCC1OC(C(C(C1[*])O)O)OC2C(C(C(OC2CO)O[*])O)O,[H]O[H],,1.8388490907372552,10.1016_j.indcrop.2011.11.034_part_1.txt_¶Î1_Material1
O=C([*])C(C)O[*],[*]C(NC1=C(C)C(NC(OCCO[*])=O)=CC=C1)=O,[*]C1C(C(C(OC1C(O[Na])=O)OC2C(C(O[Na])=O)OC(O[*])C(O)C2O)O)O,O=C([*])C(C)O[*],,1.954242509439325,10.1016_j.jclepro.2020.124455_part_2.txt_¶Î1_Material1
O=C([*])C(C)O[*],OCC(O)CO,[O-][Si]([O-])([O-])O[Si]([O-])([O-])[O-].[Ca+2],,,0.4771212547196624,10.1016_j.jmbbm.2014.12.006_part_10.txt_¶Î1_Material2
O=C([*])C(C)O[*],OCC1OC(C(C(C1[*])O)O)OC2C(C(C(OC2CO)O[*])O)O,OCC1OC(C(C(C1[*])O)O)OC2C(C(C(OC2CO)O[*])O)O,OCC1OC(C(C(C1[*])O)O)OC2C(C(C(OC2CO)O[*])O)O,OCC1OC(C(C(C1[*])O)O)OC2C(C(C(OC2CO)O[*])O)O,0.2430380486862944,10.1016_j.polymer.2016.08.028_part_7.txt_¶Î1_Material1
O=C([*])C(C)O[*],[*]OC1C(C(O)=O)OC(OC2C(NC(C)=O)C([*])OC(CO)C2O)C(O)C1O,[*]CCN[*],[*]CC[*],,1.436162647040756,10.1016_j.polymer.2016.12.008_part_1.txt_¶Î1_Material1
O=C([*])C(C)O[*],Cl[Fe](Cl)Cl,,,,0.5440680443502757,10.1016_j.polymer.2021.123927_part_1.txt_¶Î1_Material1
O=C([*])C(C)O[*],[*]CC[*],[*]NC(C(N1CCCC1C(NCC(N2CC(CC2C(NC(C(NCC([*])=O)=O)CO)=O)O)=O)=O)=O)CCCCN,,,1.6304278750250238,10.1016_j.polymertesting.2017.11.030_part_1.txt_¶Î1_Material1
O=C([*])C(C)O[*],[*]CC(C1=CC=CC=C1)[*],OC1=C2C(C3(O)C4C5C6=C7C8C(C9=CC(C(O)=O)=C(C=C(C=C%10C(O)=O)C%11%12)C(C%11=C%13C%14C%15%16C%17(O%16)C%18C%19=C%20C%21=C%22C(C(O)=C%23)=C%24C%25C%21=C%26C%19=C%27C%17=C%28C%14(O)C%12=C%10C=C%28CC%27=CC%26=CC%25=C(C(O)=O)C=C%24)C9=C7C%13(O)C5=C%15C3=C%18C%29%30C%20(O%30)C%31C%22C%23=C%32)=CC(C(O)=O)=CC8=CC6=C(C(O)=O)C4=C2)=C%29C%33=C%31C%32=C(C(O)=O)C=C%331,,,0.8750612633917001,10.1016_j.polymertesting.2019.106008_part_2.txt_¶Î1_Material1
O=C([*])C(C)O[*],OCC1OC(C(C(C1O[*])O)O)[*],[*]C1C(C(C(OC1C(O[Na])=O)OC2C(C(O[Na])=O)OC(O[*])C(O)C2O)O)O,,,1.359835482339888,10.1016_s1672-6529(14)60074-3_part_1.txt_¶Î1_Material1
O=C([*])C(C)O[*],[*]OCC[*],O=C([*])OC1=CC=C(C=C1)C(C)(C)C2=CC=C(C=C2)O[*],[*]OCC[*],OCC1OC(C(C(C1[*])O)O)OC2C(C(C(OC2CO)O[*])O)O,0.568201724066995,10.1021_acs.chemmater.8b02062_part_2.txt_¶Î1_Material1
O=C([*])C(C)O[*],OCC1OC(C(C(C1[*])O)O)OC2C(C(C(OC2CO)O[*])O)O,OCC(C(C(C1N)O)O[*])OC1OC2C(OC(C(C2O)N)[*])CO,,,0.568201724066995,10.1021_acs.chemmater.8b02062_part_2.txt_¶Î1_Material2
O=C([*])C(C)O[*],OCC1OC(C(C(C1O)O[*])O)OC2C(C(C(OC2COS(=O)(O)=O)[*])NC(C)=O)O,,,,1.255272505103306,10.1021_acsapm.0c00673_part_3.txt_¶Î1_Material4
O=C([*])C(C)O[*],[*]C(C)C[*],OCC(C(C(C1N)O)O[*])OC1OC2C(OC(C(C2O)N)[*])CO,[*]C1C(C(C(OC1C(O[Na])=O)OC2C(C(O[Na])=O)OC(O[*])C(O)C2O)O)O,,1.3222192947339193,10.1021_acssuschemeng.0c00634_part_4.txt_¶Î1_Material1
O=C([*])C(C)O[*],OCC1OC(C(C(C1[*])O)O)OC2C(C(C(OC2CO)O[*])O)O,[*]OCCCCOC(CCC([*])=O)=O,,,2.437116093048078,10.1021_acssuschemeng.9b06308_part_1.txt_¶Î1_Material1
O=C([*])C(C)O[*],C[Si](C)(C[*])O[*],,,,1.667452952889954,10.1038_s41428-024-00971-0_OA_part_2.txt_¶Î1_Material1
O=C([*])C(C)O[*],OCC1OC(C(C(C1[*])O)O)OC2C(C(C(OC2CO)O[*])O)O,OCC1OC(OC2C(O)C(O)C(O[*])OC2CO)C(O)C(O)C1[*],,,0.7075701760979364,10.1038_s41598-020-68274-x_part_1.txt_¶Î1_Material1
O=C([*])C(C)O[*],[*]CC(C#N)[*],OCC1OC(C(C(C1[*])O)O)OC2C(C(C(OC2CO)O[*])O)O,,,0.725094521081469,10.1039_c5nr01354b_part_3.txt_¶Î1_Material2
O=C([*])C(C)O[*],OCC1OC(C(C(C1[*])O)O)OC2C(C(C(OC2CO)O[*])O)O,[*]C([H])([H])C(O)([H])[*],,,1.3656751404559178,10.1051_matecconf_20153003007_part_1.txt_¶Î1_Material1
O=C([*])C(C)O[*],[*]NCC(NC(C(ONCC(NC(C(NCC(NC(C([*])=O)C)=O)=O)C)=O)=O)CO)=O,[*]NCC(NC(C(ONCC(NC(C(NCC(NC(C([*])=O)C)=O)=O)C)=O)=O)CO)=O,,,0.6893088591236202,10.1080_00222348.2018.1558590_part_2.txt_¶Î1_Material2
O=C([*])C(C)O[*],OCC1OC(C(C(C1[*])O)O)OC2C(C(C(OC2CO)O[*])O)O,[*]OCC[*],OCC(O)CO,,0.6989700043360189,10.1080_00222348.2020.1730600_part_4.txt_¶Î1_Material1
O=C([*])C(C)O[*],[*]C1C(OC(C(C1O)O)OC2C(OC(C(C2O)O)O[*])CO)CO,OCC(C(C(C1N)O)O[*])OC1OC2C(OC(C(C2O)N)[*])CO,OCC(C(C(C1N)O)O[*])OC1OC2C(OC(C(C2O)N)[*])CO,OCC(O)CO,0.8750612633917001,10.1080_03602559.2016.1211683_part_3.txt_¶Î1_Material1
O=C([*])C(C)O[*],OCC1OC(C(C(C1[*])O)O)OC2C(C(C(OC2CO)O[*])O)O,[*]OC1OC(CO)C(OC2C(O)C(O)C([*])C(CO)O2)C(O)C1O,,,1.414973347970818,10.1080_09276440.2018.1439622_part_1.txt_¶Î1_Material1
O=C([*])C(C)O[*],OC1=C2C(C3(O)C4C5C6=C7C8C(C9=CC(C(O)=O)=C(C=C(C=C%10C(O)=O)C%11%12)C(C%11=C%13C%14C%15%16C%17(O%16)C%18C%19=C%20C%21=C%22C(C(O)=C%23)=C%24C%25C%21=C%26C%19=C%27C%17=C%28C%14(O)C%12=C%10C=C%28CC%27=CC%26=CC%25=C(C(O)=O)C=C%24)C9=C7C%13(O)C5=C%15C3=C%18C%29%30C%20(O%30)C%31C%22C%23=C%32)=CC(C(O)=O)=CC8=CC6=C(C(O)=O)C4=C2)=C%29C%33=C%31C%32=C(C(O)=O)C=C%331,[*]OC1OC(CO)C(OC2C(O)C(O)C([*])C(CO)O2)C(O)C1O,,,0.6334684555795865,10.1080_09276440.2018.1439622_part_3.txt_¶Î1_Material1
O=C([*])C(C)O[*],C=C([CH3])C(=O)OC([CH3])[CH3],C1OC1C[N+]([CH3])([CH3])[CH3].[Cl-],,,0.8260748027008264,10.1080_14658011.2021.1913810_part_2.txt_¶Î1_Material1
O=C([*])C(C)O[*],[*]C1C(C(C(OC1C(O[Na])=O)OC2C(C(O[Na])=O)OC(O[*])C(O)C2O)O)O,[*]CC[*],,,0.9339931638312424,10.1088_1757-899x_223_1_012016_part_2.txt_¶Î1_Material1
O=C([*])C(C)O[*],OCC(O)CO,[*]OCC[*],O=[Ti]=O,,1.1760912590556811,10.1155_2020_6725029_part_3.txt_¶Î1_Material1
O=C([*])C(C)O[*],[*]OCCOC(CC(C([*])=O)C(C1CCCCC1)CC(CC(O)=O)C(OCCO)=O)=O,[*]CC(C1=CC=CC=C1)[*],,,0.7101173651118162,10.1177_0021998311401096_part_2.txt_¶Î1_Material1
O=C([*])C(C)O[*],[O-][Si]([O-])([O-])O[Si]([O-])([O-])[O-].[Ca+2],OCC1OC(C(C(C1[*])O)O)OC2C(C(C(OC2CO)O[*])O)O,,,1.3242824552976926,10.1177_0021998320963533_part_1.txt_¶Î1_Material1
O=C([*])C(C)O[*],C/C(C[*])=C/C[*],C/C(C[*])=C/C[*],C/C(C[*])=C/C[*],,0.6989700043360189,10.1177_0095244312468442_part_2.txt_¶Î1_Material1
O=C([*])C(C)O[*],[C],[*]CC(C1=CC=CC=C1)[*],,,1.3979400086720375,10.1177_0095244320988168_part_3.txt_¶Î1_Material1
O=C([*])C(C)O[*],[*]C(NC1=C(C)C(NC(OCCO[*])=O)=CC=C1)=O,[*]C(C)C[*],,,1.568201724066995,10.1177_0734904119886258_part_2.txt_¶Î1_Material1
O=C([*])C(C)O[*],O=[Al]O[Al]=O.O=[Si]=O.O=[Si]=O.O=[Si]=O,O=C([*])C(C)O[*],,,0.3783979009481377,10.1177_0892705714526912_part_3.txt_¶Î1_Material1
O=C([*])C(C)O[*],[*]OCCOC(CC(C([*])=O)C(C1CCCCC1)CC(CC(O)=O)C(OCCO)=O)=O,[*]OCCOC(CC(C([*])=O)C(C1CCCCC1)CC(CC(O)=O)C(OCCO)=O)=O,,,1.2787536009528289,10.1177_0892705719828801_part_1.txt_¶Î1_Material1
O=C([*])C(C)O[*],O=[Si]=O,[*]OCC[*],,,0.8920946026904804,10.1177_096739111702500508_part_2.txt_¶Î1_Material1
O=C([*])C(C)O[*],[*]CCCC([*])C(OC)=O,O=C([*])C(C)O[*],O=[Si]=O,,1.0969100130080565,10.1177_1528083716648763_part_4.txt_¶Î1_Material1
O=C([*])C(C)O[*],O=[Al]O[Al]=O.O=[Si]=O.O=[Si]=O.O=[Si]=O,O=C=NC(C=C1)=CC=C1CC2=CC=C(C=C2)N=C=O,[*]N1C(C2=CC3=C(C=C2C1=O)C(N(C3=O)C4=CC=C(C=C4)OC5=CC=C(C=C5)[*])=O)=O,,1.2518814545525276,10.1515_epoly-2021-0072_OA_part_2.txt_¶Î1_Material1
O=C([*])C(C)O[*],O=[Mg].O=[Si]=O.O=[Si]=O.O=[Si]=O.O=[Si]=O.O=[Mg].O=[Mg].O,[*]OCC[*],CC(C[*])O[*],[*]C([H])([H])C(O)([H])[*],1,10.1515_epoly-2021-0072_OA_part_4.txt_¶Î1_Material1
O=C([*])C(C)O[*],C=C(C(OCC1CO1)=O)C,[*]OC1C(C(O)=O)OC(OC2C(NC(C)=O)C([*])OC(CO)C2O)C(O)C1O,,,1.1760912590556811,10.1515_rams-2023-0140_OA_part_5.txt_¶Î1_Material1
O=C([*])C(C)O[*],[*]OC1C(C(O)=O)OC(OC2C(NC(C)=O)C([*])OC(CO)C2O)C(O)C1O,C=C(C(OCC1CO1)=O)C,,,1.3979400086720375,10.1515_rams-2023-0140_OA_part_5.txt_¶Î1_Material3
O=C([*])C(C)O[*],[*]C(CCCCCO[*])=O,[O-][Si]([O-])([O-])O[Si]([O-])([O-])[O-].[Ca+2],OC1=C2C(C3(O)C4C5C6=C7C8C(C9=CC(C(O)=O)=C(C=C(C=C%10C(O)=O)C%11%12)C(C%11=C%13C%14C%15%16C%17(O%16)C%18C%19=C%20C%21=C%22C(C(O)=C%23)=C%24C%25C%21=C%26C%19=C%27C%17=C%28C%14(O)C%12=C%10C=C%28CC%27=CC%26=CC%25=C(C(O)=O)C=C%24)C9=C7C%13(O)C5=C%15C3=C%18C%29%30C%20(O%30)C%31C%22C%23=C%32)=CC(C(O)=O)=CC8=CC6=C(C(O)=O)C4=C2)=C%29C%33=C%31C%32=C(C(O)=O)C=C%331,[*]C(C)C[*],2,10.15379_2410-1869.2022.09.02.01_OA_part_2.txt_¶Î1_Material1
O=C([*])C(C)O[*],C=C(C(OCC1CO1)=O)C,[*]NC(C(N1CCCC1C(NCC(N2CC(CC2C(NC(C(NCC([*])=O)=O)CO)=O)O)=O)=O)=O)CCCCN,,,2.113943352306837,10.1557_opl.2013.497_part_2.txt_¶Î1_Material1
O=C([*])C(C)O[*],[*]CC(C#N)[*],[*]OCC[*],,,1.3209766773428235,10.1590_0104-1428.20210013_OA_part_2.txt_¶Î1_Material1
O=C([*])C(C)O[*],[*]C([H])([H])C(O)([H])[*],OCC(O)CO,,,1.7396514437093769,10.33333_rp.vol51n2.03_OA_part_1.txt_¶Î1_Material1
O=C([*])C(C)O[*],OCC(O)CO,[*]O[C@@]([H])(C)C(O[C@](C)([H])C([*])=O)=O,[Ag+],,1.9030899869919435,10.3389_fchem.2020.00688_part_1.txt_¶Î1_Material1
O=C([*])C(C)O[*],[*]CCC(CCCC(CCCC(C[*])C)C)C,O=C([*])C(C)O[*],,,1.7824726241662865,10.3390_ijms130910920_part_1.txt_¶Î1_Material1
O=C([*])C(C)O[*],C=C(C(OCC1CO1)=O)C,[*]OCCCCOC(CCC([*])=O)=O,,,2.51067903103221,10.3390_polym10121401_part_1.txt_¶Î1_Material1
O=C([*])C(C)O[*],OCC1OC(C(C(C1[*])O)O)OC2C(C(C(OC2CO)O[*])O)O,OCC1OC(C(C(C1[*])O)O)OC2C(C(C(OC2CO)O[*])O)O,OCC1OC(C(C(C1[*])O)O)OC2C(C(C(OC2CO)O[*])O)O,[*]C1C(OC(C(C1O)O)OC2C(OC(C(C2O)O)O[*])CO)CO,0.4183012913197454,10.3390_pr9040578_part_2.txt_¶Î1_Material1
O=C([*])C(C)O[*],O=[Si]=O.O=[Al]O[Al]=O.O=[Si]=O.O=[Si]=O.O=[Si]=O.O,,,,0.724275869600789,10.33910_2687-153x-2021-2-2-68-73_OA_part_1.txt_¶Î1_Material1
O=C([*])C(C)O[*],[*]NC(C1=CC=C2C(C(N(C2=O)C3=CC=C(C=C3)CC4=CC=C([*])C=C4)=O)=C1)=O,,,,0.5910646070264992,10.37358_mp.20.3.5377_OA_part_2.txt_¶Î1_Material1
O=C([*])C(C)O[*],OCC1OC(C(C(C1[*])O)O)OC2C(C(C(OC2CO)O[*])O)O,O=C(OOC(=O)C1=CC=CC=C1)C1=CC=CC=C1,,,0.9552065375419416,10.4028_www.scientific.net_amm.200.312_part_1.txt_¶Î1_Material1
O=C([*])C(C)O[*],C/C(C[*])=C/C[*],C/C(C[*])=C/C[*],OCC1OC(C(C(C1O[*])O)O)[*],,0.6551384348113821,10.4028_www.scientific.net_amr.1125.222_part_1.txt_¶Î1_Material1
O=C([*])C(C)O[*],[*]OCC[*],C/C(C[*])=C/C[*],[*]C1C(OC(C(C1O)O)OC2C(OC(C(C2O)O)O[*])CO)CO,,0.4471580313422192,10.4028_www.scientific.net_amr.802.144_part_1.txt_¶Î1_Material1
O=C([*])C(C)O[*],O=C=NC(C=C1)=CC=C1CC2=CC=C(C=C2)N=C=O,[*]OCC[*],,,1.3796680340336538,10.4028_www.scientific.net_amr.844.65_part_1.txt_¶Î1_Material1
O=C([*])C(C)O[*],[*]C/C=C/CCC([*])C#N,[*]NC(C(N1CCCC1C(NCC(N2CC(CC2C(NC(C(NCC([*])=O)=O)CO)=O)O)=O)=O)=O)CCCCN,,,2.1760912590556813,10.4028_www.scientific.net_kem.775.13_part_1.txt_¶Î1_Material1
O=C([*])C(C)O[*],OCC(C(C(C1N)O)O[*])OC1OC2C(OC(C(C2O)N)[*])CO,[H][O-],[*]NC(C(N1CCCC1C(NCC(N2CC(CC2C(NC(C(NCC([*])=O)=O)CO)=O)O)=O)=O)=O)CCCCN,,0.7781512503836436,10.59324_ejaset.2023.1(1).05_OA_part_1.txt_¶Î1_Material1
O=C([*])C(C)O[*],OCC1OC(OC2C(O)C(O)C(O[*])OC2CO)C(O)C(O)C1[*],O=C([*])C(C)O[*],,,1.561101383649056,10.1002_adv.21779_part_2.txt_¶Î1_Material2
O=C([*])C(C)O[*],[*]OCCOC(CC(C([*])=O)C(C1CCCCC1)CC(CC(O)=O)C(OCCO)=O)=O,[*]CC[*],,,1.554610285226164,10.1002_pc.24844_part_2.txt_¶Î1_Material1
O=C([*])C(C)O[*],[*]O[C@H](C)CC([*])=O,[*]OCC[*],,,1.3996737214810382,10.1007_s10924-014-0654-y_part_2.txt_¶Î1_Material4
